date,order_hour,country,city,kitchen_id,brand,provider,cooking_time,RTWT,time_waiting_RT,Total orders
10/05/2026,11,COL,Barranquilla,32 BARRANQUILLA,Almuerzos de la Casa,didi,12.54,0.9,47.24,1
10/05/2026,11,COL,Barranquilla,32 BARRANQUILLA,Almuerzos de la Casa,didi,19.58,8.75,0.25,1
10/05/2026,11,COL,Barranquilla,32 BARRANQUILLA,Almuerzos de la Casa,didi,10.15,2.62,41.28,1
10/05/2026,12,COL,Barranquilla,32 BARRANQUILLA,Almuerzos de la Casa,didi,2.01,0,2.94,1
10/05/2026,13,COL,Barranquilla,32 BARRANQUILLA,Almuerzos de la Casa,didi,8.26,3.58,0.08,1
10/05/2026,13,COL,Barranquilla,32 BARRANQUILLA,Almuerzos de la Casa,didi,10.91,5.9,11.98,1
10/05/2026,18,COL,Barranquilla,32 BARRANQUILLA,Avocalia,didi,10.66,6.55,1.06,1
10/05/2026,8,COL,Barranquilla,32 BARRANQUILLA,Brunch & Munch,didi,65.13,0.82,3.43,1
10/05/2026,9,COL,Barranquilla,32 BARRANQUILLA,Brunch & Munch,didi,23.28,13.75,3.68,1
10/05/2026,10,COL,Barranquilla,32 BARRANQUILLA,Brunch & Munch,didi,5.99,2.2,1.21,1
10/05/2026,11,COL,Barranquilla,32 BARRANQUILLA,Brunch & Munch,didi,23.81,7.25,0.37,1
10/05/2026,7,COL,Barranquilla,32 BARRANQUILLA,Burritos & Co,didi,89.1,20.02,2.05,1
10/05/2026,12,COL,Barranquilla,32 BARRANQUILLA,Burritos & Co,didi,11.87,8.6,2.28,1
10/05/2026,13,COL,Barranquilla,32 BARRANQUILLA,Burritos & Co,didi,6.81,4.03,2.2,1
10/05/2026,22,COL,Barranquilla,32 BARRANQUILLA,Burritos & Co,didi,12.07,0.28,0.09,1
10/05/2026,9,COL,Barranquilla,32 BARRANQUILLA,Cinnabon,didi,19.98,12.75,0.1,1
10/05/2026,13,COL,Barranquilla,32 BARRANQUILLA,Cinnabon,didi,11.73,7.07,0.31,1
10/05/2026,19,COL,Barranquilla,32 BARRANQUILLA,Cinnabon,didi,3.98,0.73,9.91,1
10/05/2026,22,COL,Barranquilla,32 BARRANQUILLA,Cinnabon,didi,24.97,11.07,0.66,1
10/05/2026,7,COL,Barranquilla,32 BARRANQUILLA,Desayunos de la Abuela,didi,34.93,25.92,3.19,1
10/05/2026,10,COL,Barranquilla,32 BARRANQUILLA,Desayunos de la Abuela,didi,10.75,6.47,0.94,1
10/05/2026,10,COL,Barranquilla,32 BARRANQUILLA,Desayunos de la Abuela,didi,7.97,2.68,2.42,1
10/05/2026,11,COL,Barranquilla,32 BARRANQUILLA,Desayunos de la Abuela,didi,8.07,2.53,0.08,1
10/05/2026,12,COL,Barranquilla,32 BARRANQUILLA,El Ejecutivo,didi,8.89,2.13,14.98,1
10/05/2026,13,COL,Barranquilla,32 BARRANQUILLA,El Ejecutivo,didi,8.46,3.15,0.41,1
10/05/2026,21,COL,Barranquilla,32 BARRANQUILLA,El Ejecutivo,didi,6.38,2.47,0.88,1
10/05/2026,15,COL,Barranquilla,32 BARRANQUILLA,Frost by Oreo,didi,,0,0.71,1
10/05/2026,11,COL,Barranquilla,32 BARRANQUILLA,Green House,didi,19.72,0.1,7.31,1
10/05/2026,11,COL,Barranquilla,32 BARRANQUILLA,Green House,didi,7.88,1.88,3.52,1
10/05/2026,11,COL,Barranquilla,32 BARRANQUILLA,Green House,didi,15.43,6.27,0.31,1
10/05/2026,11,COL,Barranquilla,32 BARRANQUILLA,Green House,didi,9,2.4,0.85,1
10/05/2026,13,COL,Barranquilla,32 BARRANQUILLA,Green House,didi,6.36,4.15,2.7,1
10/05/2026,13,COL,Barranquilla,32 BARRANQUILLA,Green House,didi,9.17,22.55,18.24,1
10/05/2026,13,COL,Barranquilla,32 BARRANQUILLA,Green House,didi,16.05,1.73,7.83,1
10/05/2026,18,COL,Barranquilla,32 BARRANQUILLA,Green House,didi,10.49,6.33,0.81,1
10/05/2026,19,COL,Barranquilla,32 BARRANQUILLA,Green House,didi,4.4,0.85,1.97,1
10/05/2026,20,COL,Barranquilla,32 BARRANQUILLA,Green House,didi,13.03,0.72,20.01,1
10/05/2026,20,COL,Barranquilla,32 BARRANQUILLA,Green House,didi,11.84,2.32,3.39,1
10/05/2026,21,COL,Barranquilla,32 BARRANQUILLA,Green House,didi,4.72,6.25,6.83,1
10/05/2026,17,COL,Barranquilla,32 BARRANQUILLA,House of Salads,didi,12.24,8.25,0.9,1
10/05/2026,12,COL,Barranquilla,32 BARRANQUILLA,La Casa Mexicana,didi,5.17,0.58,11.88,1
10/05/2026,14,COL,Barranquilla,32 BARRANQUILLA,La Casa Mexicana,didi,12.4,3.93,1.74,1
10/05/2026,19,COL,Barranquilla,32 BARRANQUILLA,La Casa Mexicana,didi,5.21,1.7,1.2,1
10/05/2026,22,COL,Barranquilla,32 BARRANQUILLA,La Casa Mexicana,didi,3.91,0,0.5,1
10/05/2026,11,COL,Barranquilla,32 BARRANQUILLA,La Cuadra,didi,20.06,15.27,0.09,1
10/05/2026,11,COL,Barranquilla,32 BARRANQUILLA,La Cuadra,didi,4.04,4.17,21.81,1
10/05/2026,16,COL,Barranquilla,32 BARRANQUILLA,La Cuadra,didi,9.88,7.95,3.91,1
10/05/2026,21,COL,Barranquilla,32 BARRANQUILLA,La Cuadra,didi,4.66,7.52,30.28,1
10/05/2026,11,COL,Barranquilla,32 BARRANQUILLA,LA ÑAMGUCHERIA,didi,15.72,10.67,0.06,1
10/05/2026,20,COL,Barranquilla,32 BARRANQUILLA,LA ÑAMGUCHERIA,didi,18.32,14.67,1.08,1
10/05/2026,20,COL,Barranquilla,32 BARRANQUILLA,LA ÑAMGUCHERIA,didi,16.12,0,,1
10/05/2026,21,COL,Barranquilla,32 BARRANQUILLA,LA ÑAMGUCHERIA,didi,16.69,2.78,3.03,1
10/05/2026,23,COL,Barranquilla,32 BARRANQUILLA,Local - Cocina Consciente,didi,13.02,1.83,11.99,1
10/05/2026,12,COL,Barranquilla,32 BARRANQUILLA,Mr Beast Burger,didi,12.78,1.1,0.5,1
10/05/2026,12,COL,Barranquilla,32 BARRANQUILLA,Mr Beast Burger,didi,11.91,6.98,0.76,1
10/05/2026,12,COL,Barranquilla,32 BARRANQUILLA,Mr Beast Burger,didi,9.14,5.07,0.89,1
10/05/2026,13,COL,Barranquilla,32 BARRANQUILLA,Mr Beast Burger,didi,26.92,14.02,0.14,1
10/05/2026,15,COL,Barranquilla,32 BARRANQUILLA,Mr Beast Burger,didi,14.01,9.95,2.67,1
10/05/2026,15,COL,Barranquilla,32 BARRANQUILLA,Mr Beast Burger,didi,10.85,5.25,4.32,1
10/05/2026,16,COL,Barranquilla,32 BARRANQUILLA,Mr Beast Burger,didi,13.09,7.43,0.69,1
10/05/2026,18,COL,Barranquilla,32 BARRANQUILLA,Mr Beast Burger,didi,7.4,3.17,0.67,1
10/05/2026,18,COL,Barranquilla,32 BARRANQUILLA,Mr Beast Burger,didi,8.99,1.75,2.58,1
10/05/2026,19,COL,Barranquilla,32 BARRANQUILLA,Mr Beast Burger,didi,9.6,0.58,13.12,1
10/05/2026,20,COL,Barranquilla,32 BARRANQUILLA,Mr Beast Burger,didi,9.35,2.22,26.57,1
10/05/2026,21,COL,Barranquilla,32 BARRANQUILLA,Mr Beast Burger,didi,7.07,1.6,5.19,1
10/05/2026,21,COL,Barranquilla,32 BARRANQUILLA,Mr Beast Burger,didi,5.89,0.8,30.83,1
10/05/2026,21,COL,Barranquilla,32 BARRANQUILLA,Mr Beast Burger,didi,5.99,0.92,4.04,1
10/05/2026,21,COL,Barranquilla,32 BARRANQUILLA,Mr Beast Burger,didi,10.98,2.58,20.03,1
10/05/2026,22,COL,Barranquilla,32 BARRANQUILLA,Mr Beast Burger,didi,8.98,4.75,0.46,1
10/05/2026,23,COL,Barranquilla,32 BARRANQUILLA,Mr Beast Burger,didi,6.29,1.63,2.75,1
10/05/2026,23,COL,Barranquilla,32 BARRANQUILLA,Mr Beast Burger,didi,14.82,0.8,29.91,1
10/05/2026,23,COL,Barranquilla,32 BARRANQUILLA,Mr Beast Burger,didi,13.68,1.97,16.93,1
10/05/2026,20,COL,Barranquilla,32 BARRANQUILLA,SÁNDUCHES EL JEFE,didi,7.89,13.82,34.04,1
10/05/2026,12,COL,Bogotá,13 CHIA,Alba Vegetarian,didi,45.07,1.23,7.05,1
10/05/2026,13,COL,Bogotá,02 PARQUE 93,Alba Vegetarian,didi,16.27,1.42,25.79,1
10/05/2026,14,COL,Bogotá,06 COLINA,Alba Vegetarian,didi,16.79,5.75,3.42,1
10/05/2026,14,COL,Bogotá,45 VERAGUAS,Alba Vegetarian,didi,44.22,13.6,25.63,1
10/05/2026,15,COL,Bogotá,03 CHAPINERO,Alba Vegetarian,didi,5.35,0.37,18.48,1
10/05/2026,15,COL,Bogotá,36 VILLA DEL PRADO,Alba Vegetarian,didi,13.07,0.7,24.18,1
10/05/2026,17,COL,Bogotá,02 PARQUE 93,Alba Vegetarian,didi,27.09,7.4,0.8,1
10/05/2026,18,COL,Bogotá,02 PARQUE 93,Alba Vegetarian,didi,24.79,9.17,0.76,1
10/05/2026,18,COL,Bogotá,03 CHAPINERO,Alba Vegetarian,didi,,1.02,5.94,1
10/05/2026,21,COL,Bogotá,02 PARQUE 93,Alba Vegetarian,didi,27.17,9.93,0.8,1
10/05/2026,12,COL,Bogotá,03 CHAPINERO,Almuerzos de la Casa,didi,12.34,10.38,2.87,1
10/05/2026,12,COL,Bogotá,08 ANDES,Almuerzos de la Casa,didi,5.11,12.35,12.09,1
10/05/2026,12,COL,Bogotá,08 ANDES,Almuerzos de la Casa,didi,9.41,12.33,7.78,1
10/05/2026,12,COL,Bogotá,06 COLINA,Almuerzos de la Casa,didi,16.93,8.6,0.9,1
10/05/2026,12,COL,Bogotá,03 CHAPINERO,Almuerzos de la Casa,didi,7.9,4.03,1.11,1
10/05/2026,12,COL,Bogotá,38 KENNEDY,Almuerzos de la Casa,didi,10.32,0.37,6.54,1
10/05/2026,12,COL,Bogotá,06 COLINA,Almuerzos de la Casa,didi,16.87,5.5,1.23,1
10/05/2026,12,COL,Bogotá,45 VERAGUAS,Almuerzos de la Casa,didi,19.2,14.45,0.76,1
10/05/2026,13,COL,Bogotá,38 KENNEDY,Almuerzos de la Casa,didi,24.36,0.8,1.05,1
10/05/2026,13,COL,Bogotá,36 VILLA DEL PRADO,Almuerzos de la Casa,didi,7.14,0.72,15.3,1
10/05/2026,13,COL,Bogotá,08 ANDES,Almuerzos de la Casa,didi,12.57,1.1,5.46,1
10/05/2026,13,COL,Bogotá,08 ANDES,Almuerzos de la Casa,didi,7,2.55,0.31,1
10/05/2026,13,COL,Bogotá,36 VILLA DEL PRADO,Almuerzos de la Casa,didi,10.1,0.85,3.25,1
10/05/2026,13,COL,Bogotá,01 USAQUEN,Almuerzos de la Casa,didi,10.94,1.12,0.84,1
10/05/2026,13,COL,Bogotá,36 VILLA DEL PRADO,Almuerzos de la Casa,didi,10.04,0.27,4.29,1
10/05/2026,14,COL,Bogotá,13 CHIA,Almuerzos de la Casa,didi,33.29,1.67,8.09,1
10/05/2026,14,COL,Bogotá,65 CALLE 109,Almuerzos de la Casa,didi,14.13,1.37,7.88,1
10/05/2026,14,COL,Bogotá,08 ANDES,Almuerzos de la Casa,didi,12.94,2.15,0.84,1
10/05/2026,15,COL,Bogotá,13 CHIA,Almuerzos de la Casa,didi,8.44,1.02,29.75,1
10/05/2026,15,COL,Bogotá,03 CHAPINERO,Almuerzos de la Casa,didi,8,3.75,0.83,1
10/05/2026,16,COL,Bogotá,45 VERAGUAS,Almuerzos de la Casa,didi,15.69,10.07,0.15,1
10/05/2026,23,COL,Bogotá,02 PARQUE 93,Almuerzos de la Casa,didi,12.85,2.9,0.1,1
10/05/2026,13,COL,Bogotá,06 COLINA,Avocalia,didi,9.8,1.27,1.05,1
10/05/2026,15,COL,Bogotá,02 PARQUE 93,Avocalia,didi,,0.63,0.49,1
10/05/2026,16,COL,Bogotá,45 VERAGUAS,Avocalia,didi,13.75,3.82,35.31,1
10/05/2026,17,COL,Bogotá,08 ANDES,Avocalia,didi,9.82,0.62,2.36,1
10/05/2026,18,COL,Bogotá,02 PARQUE 93,Avocalia,didi,16.85,10.02,0.7,1
10/05/2026,18,COL,Bogotá,03 CHAPINERO,Avocalia,didi,8.5,0.42,3.39,1
10/05/2026,8,COL,Bogotá,02 PARQUE 93,Bottaniko,didi,33.87,10.52,0.04,1
10/05/2026,13,COL,Bogotá,38 KENNEDY,Bottaniko,didi,,4.3,15.92,1
10/05/2026,7,COL,Bogotá,01 USAQUEN,Brunch & Munch,didi,9.14,2.83,2.83,1
10/05/2026,7,COL,Bogotá,65 CALLE 109,Brunch & Munch,didi,4.77,2.22,21.28,1
10/05/2026,7,COL,Bogotá,01 USAQUEN,Brunch & Munch,didi,58.08,3.28,1.88,1
10/05/2026,7,COL,Bogotá,38 KENNEDY,Brunch & Munch,didi,,0,,1
10/05/2026,7,COL,Bogotá,06 COLINA,Brunch & Munch,didi,96.87,17.45,2,1
10/05/2026,7,COL,Bogotá,38 KENNEDY,Brunch & Munch,didi,94.09,4.47,0.29,1
10/05/2026,7,COL,Bogotá,38 KENNEDY,Brunch & Munch,didi,,0,,1
10/05/2026,8,COL,Bogotá,38 KENNEDY,Brunch & Munch,didi,112.48,49.67,1.61,1
10/05/2026,8,COL,Bogotá,38 KENNEDY,Brunch & Munch,didi,115.11,107.58,0.94,1
10/05/2026,8,COL,Bogotá,01 USAQUEN,Brunch & Munch,didi,46.98,21.3,0.66,1
10/05/2026,8,COL,Bogotá,08 ANDES,Brunch & Munch,didi,13.9,0.6,4.1,1
10/05/2026,8,COL,Bogotá,06 COLINA,Brunch & Munch,didi,102.2,21.12,1.59,1
10/05/2026,8,COL,Bogotá,06 COLINA,Brunch & Munch,didi,,0,,1
10/05/2026,8,COL,Bogotá,02 PARQUE 93,Brunch & Munch,didi,58.8,16.15,2.96,1
10/05/2026,8,COL,Bogotá,13 CHIA,Brunch & Munch,didi,41.31,23.95,0.67,1
10/05/2026,8,COL,Bogotá,15 ENGATIVA,Brunch & Munch,didi,135.55,28.98,0.91,1
10/05/2026,8,COL,Bogotá,65 CALLE 109,Brunch & Munch,didi,49.9,34.47,0,1
10/05/2026,8,COL,Bogotá,03 CHAPINERO,Brunch & Munch,didi,12.36,6.18,0.62,1
10/05/2026,8,COL,Bogotá,02 PARQUE 93,Brunch & Munch,didi,73.59,11.7,1.96,1
10/05/2026,8,COL,Bogotá,03 CHAPINERO,Brunch & Munch,didi,24.5,9.68,0.4,1
10/05/2026,8,COL,Bogotá,08 ANDES,Brunch & Munch,didi,3.16,14.92,16.78,1
10/05/2026,8,COL,Bogotá,45 VERAGUAS,Brunch & Munch,didi,27.93,19.2,0.07,1
10/05/2026,9,COL,Bogotá,45 VERAGUAS,Brunch & Munch,didi,28.79,19.82,0.08,1
10/05/2026,9,COL,Bogotá,45 VERAGUAS,Brunch & Munch,didi,46.13,0.73,27.03,1
10/05/2026,9,COL,Bogotá,45 VERAGUAS,Brunch & Munch,didi,27.19,11.05,39.79,1
10/05/2026,9,COL,Bogotá,03 CHAPINERO,Brunch & Munch,didi,12.99,5.3,0.19,1
10/05/2026,9,COL,Bogotá,03 CHAPINERO,Brunch & Munch,didi,35.68,25.33,1.45,1
10/05/2026,9,COL,Bogotá,13 CHIA,Brunch & Munch,didi,37.98,17.4,1.99,1
10/05/2026,9,COL,Bogotá,45 VERAGUAS,Brunch & Munch,didi,41.6,29.02,1,1
10/05/2026,9,COL,Bogotá,13 CHIA,Brunch & Munch,didi,45.42,23.75,0.74,1
10/05/2026,10,COL,Bogotá,08 ANDES,Brunch & Munch,didi,10.87,2.83,1.32,1
10/05/2026,11,COL,Bogotá,36 VILLA DEL PRADO,Brunch & Munch,didi,22.86,1.72,10.69,1
10/05/2026,18,COL,Bogotá,03 CHAPINERO,Brunch & Munch,didi,36.69,0.63,19.79,1
10/05/2026,21,COL,Bogotá,01 USAQUEN,Brunch & Munch,didi,12.88,8.4,0.33,1
10/05/2026,7,COL,Bogotá,08 ANDES,Brunch Club,didi,3.94,0.77,39.86,1
10/05/2026,8,COL,Bogotá,03 CHAPINERO,Brunch Club,didi,8.87,4.93,1.09,1
10/05/2026,8,COL,Bogotá,02 PARQUE 93,Brunch Club,didi,27.71,7.1,15.25,1
10/05/2026,8,COL,Bogotá,38 KENNEDY,Brunch Club,didi,99.41,73.95,0.61,1
10/05/2026,8,COL,Bogotá,01 USAQUEN,Brunch Club,didi,70.71,12.82,1.02,1
10/05/2026,8,COL,Bogotá,45 VERAGUAS,Brunch Club,didi,23.94,10.12,0.64,1
10/05/2026,8,COL,Bogotá,08 ANDES,Brunch Club,didi,6.05,0.52,3.18,1
10/05/2026,8,COL,Bogotá,02 PARQUE 93,Brunch Club,didi,68.8,49.08,1.2,1
10/05/2026,8,COL,Bogotá,02 PARQUE 93,Brunch Club,didi,,0,,1
10/05/2026,8,COL,Bogotá,03 CHAPINERO,Brunch Club,didi,21.22,16.72,0.26,1
10/05/2026,8,COL,Bogotá,08 ANDES,Brunch Club,didi,6.07,0.6,6.67,1
10/05/2026,8,COL,Bogotá,02 PARQUE 93,Brunch Club,didi,65.81,13.87,1.06,1
10/05/2026,9,COL,Bogotá,65 CALLE 109,Brunch Club,didi,66.42,32.73,108.44,1
10/05/2026,10,COL,Bogotá,15 ENGATIVA,Brunch Club,didi,30.27,16.93,0,1
10/05/2026,10,COL,Bogotá,45 VERAGUAS,Brunch Club,didi,,3.35,0.82,1
10/05/2026,10,COL,Bogotá,08 ANDES,Brunch Club,didi,,0.45,23.98,1
10/05/2026,11,COL,Bogotá,13 CHIA,Brunch Club,didi,22.22,5,49.74,1
10/05/2026,13,COL,Bogotá,15 ENGATIVA,Brunch Club,didi,14.21,2.2,0.17,1
10/05/2026,17,COL,Bogotá,36 VILLA DEL PRADO,Brunch Club,didi,,1.75,2.04,1
10/05/2026,17,COL,Bogotá,06 COLINA,Brunch Club,didi,,2.87,0.72,1
10/05/2026,19,COL,Bogotá,15 ENGATIVA,Brunch Club,didi,,2.02,3.55,1
10/05/2026,7,COL,Bogotá,03 CHAPINERO,Burritos & Co,didi,7.25,1.1,0.91,1
10/05/2026,7,COL,Bogotá,65 CALLE 109,Burritos & Co,didi,59.33,8.87,0,1
10/05/2026,7,COL,Bogotá,38 KENNEDY,Burritos & Co,didi,26.03,15.67,1.05,1
10/05/2026,8,COL,Bogotá,08 ANDES,Burritos & Co,didi,9.65,4.52,0.06,1
10/05/2026,11,COL,Bogotá,36 VILLA DEL PRADO,Burritos & Co,didi,10.9,0.68,6.22,1
10/05/2026,13,COL,Bogotá,01 USAQUEN,Burritos & Co,didi,11.36,2.67,0.73,1
10/05/2026,13,COL,Bogotá,03 CHAPINERO,Burritos & Co,didi,17.31,11.6,0.81,1
10/05/2026,13,COL,Bogotá,15 ENGATIVA,Burritos & Co,didi,13.38,1.65,2.91,1
10/05/2026,13,COL,Bogotá,08 ANDES,Burritos & Co,didi,6.47,0.75,41.59,1
10/05/2026,13,COL,Bogotá,03 CHAPINERO,Burritos & Co,didi,13.15,6.67,3.03,1
10/05/2026,14,COL,Bogotá,38 KENNEDY,Burritos & Co,didi,31,13.05,0.22,1
10/05/2026,14,COL,Bogotá,36 VILLA DEL PRADO,Burritos & Co,didi,15.94,9.1,0.77,1
10/05/2026,14,COL,Bogotá,06 COLINA,Burritos & Co,didi,12.02,8.2,1.47,1
10/05/2026,15,COL,Bogotá,01 USAQUEN,Burritos & Co,didi,16.91,0.13,4.94,1
10/05/2026,15,COL,Bogotá,45 VERAGUAS,Burritos & Co,didi,24.99,1.02,16.87,1
10/05/2026,15,COL,Bogotá,45 VERAGUAS,Burritos & Co,didi,19.42,3.78,4.78,1
10/05/2026,15,COL,Bogotá,45 VERAGUAS,Burritos & Co,didi,17.08,1.32,6.87,1
10/05/2026,15,COL,Bogotá,38 KENNEDY,Burritos & Co,didi,6.52,0.75,11.1,1
10/05/2026,15,COL,Bogotá,45 VERAGUAS,Burritos & Co,didi,10.93,2.02,0.44,1
10/05/2026,17,COL,Bogotá,15 ENGATIVA,Burritos & Co,didi,14.87,1.07,7.07,1
10/05/2026,18,COL,Bogotá,38 KENNEDY,Burritos & Co,didi,12.94,3.15,0.45,1
10/05/2026,18,COL,Bogotá,15 ENGATIVA,Burritos & Co,didi,11.09,6.73,0.73,1
10/05/2026,19,COL,Bogotá,08 ANDES,Burritos & Co,didi,9.08,1.48,2.55,1
10/05/2026,19,COL,Bogotá,45 VERAGUAS,Burritos & Co,didi,10.05,0.45,14.35,1
10/05/2026,19,COL,Bogotá,15 ENGATIVA,Burritos & Co,didi,14.79,1.02,3.03,1
10/05/2026,19,COL,Bogotá,15 ENGATIVA,Burritos & Co,didi,12.89,5.97,3.03,1
10/05/2026,19,COL,Bogotá,15 ENGATIVA,Burritos & Co,didi,22.14,0,,1
10/05/2026,20,COL,Bogotá,38 KENNEDY,Burritos & Co,didi,7,1.02,7.24,1
10/05/2026,20,COL,Bogotá,03 CHAPINERO,Burritos & Co,didi,9.2,3.8,0.78,1
10/05/2026,21,COL,Bogotá,08 ANDES,Burritos & Co,didi,10.98,0,,1
10/05/2026,21,COL,Bogotá,02 PARQUE 93,Burritos & Co,didi,7.86,7.53,4.45,1
10/05/2026,22,COL,Bogotá,03 CHAPINERO,Burritos & Co,didi,14.27,9.73,0.16,1
10/05/2026,8,COL,Bogotá,03 CHAPINERO,Cacerola,didi,12.46,8.42,0.78,1
10/05/2026,9,COL,Bogotá,65 CALLE 109,Cacerola,didi,,0,,1
10/05/2026,10,COL,Bogotá,08 ANDES,Cacerola,didi,4.67,0,0.18,1
10/05/2026,7,COL,Bogotá,36 VILLA DEL PRADO,Cinnabon,didi,52.23,20.93,2.86,1
10/05/2026,8,COL,Bogotá,13 CHIA,Cinnabon,didi,40.97,3.85,14.52,1
10/05/2026,10,COL,Bogotá,13 CHIA,Cinnabon,didi,18.44,13.65,1.15,1
10/05/2026,10,COL,Bogotá,15 ENGATIVA,Cinnabon,didi,14.92,5.28,0.29,1
10/05/2026,13,COL,Bogotá,15 ENGATIVA,Cinnabon,didi,6.81,0.97,1.73,1
10/05/2026,13,COL,Bogotá,01 USAQUEN,Cinnabon,didi,6.91,1.73,4.38,1
10/05/2026,13,COL,Bogotá,13 CHIA,Cinnabon,didi,19.85,0.75,33.81,1
10/05/2026,15,COL,Bogotá,01 USAQUEN,Cinnabon,didi,20.25,5.08,0.91,1
10/05/2026,15,COL,Bogotá,36 VILLA DEL PRADO,Cinnabon,didi,16.75,9.33,0.82,1
10/05/2026,16,COL,Bogotá,03 CHAPINERO,Cinnabon,didi,2.59,0.65,9.99,1
10/05/2026,16,COL,Bogotá,36 VILLA DEL PRADO,Cinnabon,didi,19,14.52,0.29,1
10/05/2026,17,COL,Bogotá,45 VERAGUAS,Cinnabon,didi,24.88,9.97,0.04,1
10/05/2026,17,COL,Bogotá,15 ENGATIVA,Cinnabon,didi,19.1,14.7,0.71,1
10/05/2026,17,COL,Bogotá,36 VILLA DEL PRADO,Cinnabon,didi,5.59,0.42,4.12,1
10/05/2026,19,COL,Bogotá,01 USAQUEN,Cinnabon,didi,7.73,0.82,5.07,1
10/05/2026,19,COL,Bogotá,01 USAQUEN,Cinnabon,didi,14.17,2.45,10.86,1
10/05/2026,20,COL,Bogotá,36 VILLA DEL PRADO,Cinnabon,didi,9.1,5.25,1.45,1
10/05/2026,20,COL,Bogotá,36 VILLA DEL PRADO,Cinnabon,didi,9.17,4.7,0.24,1
10/05/2026,22,COL,Bogotá,03 CHAPINERO,Cinnabon,didi,8.97,3.83,0.72,1
10/05/2026,11,COL,Bogotá,56 SANTAFE BOG,Cinnabon Pase,didi,,10.92,8.88,1
10/05/2026,11,COL,Bogotá,61 CHICO CINNABON,Cinnabon Pase,didi,,8.07,22.55,1
10/05/2026,14,COL,Bogotá,61 CHICO CINNABON,Cinnabon Pase,didi,,4.62,8.03,1
10/05/2026,15,COL,Bogotá,56 SANTAFE BOG,Cinnabon Pase,didi,,10.3,0.03,1
10/05/2026,15,COL,Bogotá,55 TITAN,Cinnabon Pase,didi,,0.67,0,1
10/05/2026,17,COL,Bogotá,55 TITAN,Cinnabon Pase,didi,,7.17,4.91,1
10/05/2026,17,COL,Bogotá,56 SANTAFE BOG,Cinnabon Pase,didi,,0.12,19.11,1
10/05/2026,7,COL,Bogotá,36 VILLA DEL PRADO,Desayunos de la Abuela,didi,45.09,14.88,1.47,1
10/05/2026,7,COL,Bogotá,02 PARQUE 93,Desayunos de la Abuela,didi,10.54,2.1,1.21,1
10/05/2026,7,COL,Bogotá,38 KENNEDY,Desayunos de la Abuela,didi,14.53,7.58,0.84,1
10/05/2026,7,COL,Bogotá,15 ENGATIVA,Desayunos de la Abuela,didi,27.17,11.05,0.32,1
10/05/2026,7,COL,Bogotá,03 CHAPINERO,Desayunos de la Abuela,didi,33.55,8.85,1.18,1
10/05/2026,7,COL,Bogotá,06 COLINA,Desayunos de la Abuela,didi,13.2,2.05,4.29,1
10/05/2026,7,COL,Bogotá,01 USAQUEN,Desayunos de la Abuela,didi,22.16,1.5,19.1,1
10/05/2026,7,COL,Bogotá,06 COLINA,Desayunos de la Abuela,didi,70.02,0,,1
10/05/2026,7,COL,Bogotá,03 CHAPINERO,Desayunos de la Abuela,didi,11.14,1.27,0.73,1
10/05/2026,7,COL,Bogotá,36 VILLA DEL PRADO,Desayunos de la Abuela,didi,129.09,56.52,1.55,1
10/05/2026,7,COL,Bogotá,15 ENGATIVA,Desayunos de la Abuela,didi,54.89,23.42,1,1
10/05/2026,7,COL,Bogotá,06 COLINA,Desayunos de la Abuela,didi,,4.6,18.7,1
10/05/2026,7,COL,Bogotá,38 KENNEDY,Desayunos de la Abuela,didi,84.29,75.7,0.85,1
10/05/2026,8,COL,Bogotá,01 USAQUEN,Desayunos de la Abuela,didi,9.56,2.88,34.26,1
10/05/2026,8,COL,Bogotá,03 CHAPINERO,Desayunos de la Abuela,didi,7.14,0.53,1.92,1
10/05/2026,8,COL,Bogotá,45 VERAGUAS,Desayunos de la Abuela,didi,13.22,1.73,9.21,1
10/05/2026,8,COL,Bogotá,02 PARQUE 93,Desayunos de la Abuela,didi,44.02,2.42,15.14,1
10/05/2026,8,COL,Bogotá,38 KENNEDY,Desayunos de la Abuela,didi,,0,,1
10/05/2026,8,COL,Bogotá,38 KENNEDY,Desayunos de la Abuela,didi,,0,,1
10/05/2026,8,COL,Bogotá,65 CALLE 109,Desayunos de la Abuela,didi,55.14,4.43,4.1,1
10/05/2026,8,COL,Bogotá,01 USAQUEN,Desayunos de la Abuela,didi,72.19,13.15,0.02,1
10/05/2026,8,COL,Bogotá,03 CHAPINERO,Desayunos de la Abuela,didi,28.67,17.15,0.18,1
10/05/2026,8,COL,Bogotá,03 CHAPINERO,Desayunos de la Abuela,didi,15.95,11.4,0.27,1
10/05/2026,8,COL,Bogotá,03 CHAPINERO,Desayunos de la Abuela,didi,22.13,17.7,0.68,1
10/05/2026,8,COL,Bogotá,02 PARQUE 93,Desayunos de la Abuela,didi,72.24,52.17,1.05,1
10/05/2026,8,COL,Bogotá,03 CHAPINERO,Desayunos de la Abuela,didi,24,17.23,0.63,1
10/05/2026,8,COL,Bogotá,13 CHIA,Desayunos de la Abuela,didi,54.97,11.58,0.88,1
10/05/2026,8,COL,Bogotá,65 CALLE 109,Desayunos de la Abuela,didi,78.78,11.2,0.17,1
10/05/2026,8,COL,Bogotá,02 PARQUE 93,Desayunos de la Abuela,didi,62.96,50.17,0.95,1
10/05/2026,9,COL,Bogotá,65 CALLE 109,Desayunos de la Abuela,didi,79.96,34.85,0.14,1
10/05/2026,9,COL,Bogotá,03 CHAPINERO,Desayunos de la Abuela,didi,3.9,0,1.06,1
10/05/2026,9,COL,Bogotá,08 ANDES,Desayunos de la Abuela,didi,11,20.97,14.97,1
10/05/2026,9,COL,Bogotá,50 CHICO,Desayunos de la Abuela,didi,2.74,1.27,7.27,1
10/05/2026,9,COL,Bogotá,65 CALLE 109,Desayunos de la Abuela,didi,53.9,15.9,1.89,1
10/05/2026,9,COL,Bogotá,03 CHAPINERO,Desayunos de la Abuela,didi,5.73,1.97,1.24,1
10/05/2026,9,COL,Bogotá,03 CHAPINERO,Desayunos de la Abuela,didi,16.26,8.77,0.28,1
10/05/2026,9,COL,Bogotá,50 CHICO,Desayunos de la Abuela,didi,8.95,1.13,11.2,1
10/05/2026,9,COL,Bogotá,03 CHAPINERO,Desayunos de la Abuela,didi,27.96,23.6,0.38,1
10/05/2026,9,COL,Bogotá,08 ANDES,Desayunos de la Abuela,didi,14.23,9.95,0.72,1
10/05/2026,9,COL,Bogotá,03 CHAPINERO,Desayunos de la Abuela,didi,23.81,18.33,1.78,1
10/05/2026,10,COL,Bogotá,03 CHAPINERO,Desayunos de la Abuela,didi,15.9,11.12,0.16,1
10/05/2026,10,COL,Bogotá,45 VERAGUAS,Desayunos de la Abuela,didi,12.95,0.78,3.5,1
10/05/2026,10,COL,Bogotá,03 CHAPINERO,Desayunos de la Abuela,didi,15.02,10.6,0.72,1
10/05/2026,10,COL,Bogotá,01 USAQUEN,Desayunos de la Abuela,didi,7.06,2.65,0.89,1
10/05/2026,10,COL,Bogotá,03 CHAPINERO,Desayunos de la Abuela,didi,21.19,8.62,0.22,1
10/05/2026,10,COL,Bogotá,03 CHAPINERO,Desayunos de la Abuela,didi,13.51,8.43,0.14,1
10/05/2026,11,COL,Bogotá,08 ANDES,Desayunos de la Abuela,didi,6.12,0.9,5.01,1
10/05/2026,11,COL,Bogotá,08 ANDES,Desayunos de la Abuela,didi,9.35,1.38,4.6,1
10/05/2026,11,COL,Bogotá,06 COLINA,Desayunos de la Abuela,didi,11.44,0.55,4.26,1
10/05/2026,11,COL,Bogotá,01 USAQUEN,Desayunos de la Abuela,didi,12.68,8.07,0.75,1
10/05/2026,11,COL,Bogotá,03 CHAPINERO,Desayunos de la Abuela,didi,10.9,0.68,9.58,1
10/05/2026,12,COL,Bogotá,08 ANDES,Desayunos de la Abuela,didi,9.78,1.3,49.64,1
10/05/2026,14,COL,Bogotá,38 KENNEDY,Desayunos de la Abuela,didi,,0,,1
10/05/2026,16,COL,Bogotá,03 CHAPINERO,Desayunos de la Abuela,didi,6.13,0.62,1.86,1
10/05/2026,8,COL,Bogotá,38 KENNEDY,Desayunos de mi Tierrita,didi,50.01,6.78,1.04,1
10/05/2026,8,COL,Bogotá,02 PARQUE 93,Desayunos de mi Tierrita,didi,47.08,4.27,2.13,1
10/05/2026,10,COL,Bogotá,38 KENNEDY,Desayunos de mi Tierrita,didi,,9.35,0.79,1
10/05/2026,11,COL,Bogotá,08 ANDES,Desayunos de mi Tierrita,didi,5.94,15.28,31.05,1
10/05/2026,11,COL,Bogotá,03 CHAPINERO,El Ejecutivo,didi,4.82,0.73,18.77,1
10/05/2026,13,COL,Bogotá,38 KENNEDY,El Ejecutivo,didi,8.39,0.72,44.51,1
10/05/2026,14,COL,Bogotá,45 VERAGUAS,El Ejecutivo,didi,22.01,1.42,24.27,1
10/05/2026,19,COL,Bogotá,15 ENGATIVA,El Ejecutivo,didi,6.85,2.4,0.38,1
10/05/2026,12,COL,Bogotá,13 CHIA,Foodhub,didi,14.33,9.83,0.15,1
10/05/2026,14,COL,Bogotá,45 VERAGUAS,Foodhub,didi,22.07,0.43,21.18,1
10/05/2026,14,COL,Bogotá,06 COLINA,Foodhub,didi,39.53,1.42,1.43,1
10/05/2026,14,COL,Bogotá,13 CHIA,Foodhub,didi,10.12,2.58,1.04,1
10/05/2026,15,COL,Bogotá,08 ANDES,Foodhub,didi,4.29,0.95,5.06,1
10/05/2026,17,COL,Bogotá,01 USAQUEN,Foodhub,didi,18.01,8.22,0.8,1
10/05/2026,20,COL,Bogotá,36 VILLA DEL PRADO,Foodhub,didi,13.23,2.98,0.16,1
10/05/2026,22,COL,Bogotá,03 CHAPINERO,Foodhub,didi,24.72,19.13,1.4,1
10/05/2026,9,COL,Bogotá,06 COLINA,Foodology,didi,,0,,1
10/05/2026,10,COL,Bogotá,13 CHIA,Foodology,didi,32.83,28.42,0.8,1
10/05/2026,12,COL,Bogotá,06 COLINA,Frost by Oreo,didi,,5.27,0.45,1
10/05/2026,17,COL,Bogotá,01 USAQUEN,Frost by Oreo,didi,,0.7,7.73,1
10/05/2026,18,COL,Bogotá,06 COLINA,Frost by Oreo,didi,,0.57,5.1,1
10/05/2026,19,COL,Bogotá,45 VERAGUAS,Frost by Oreo,didi,,4.32,1.62,1
10/05/2026,9,COL,Bogotá,45 VERAGUAS,Green House,didi,83.06,77.57,1.04,1
10/05/2026,11,COL,Bogotá,01 USAQUEN,Green House,didi,14.75,3.78,0.94,1
10/05/2026,11,COL,Bogotá,02 PARQUE 93,Green House,didi,14.51,3.18,0.46,1
10/05/2026,11,COL,Bogotá,02 PARQUE 93,Green House,didi,18.87,3.02,0.76,1
10/05/2026,12,COL,Bogotá,36 VILLA DEL PRADO,Green House,didi,13.82,6.62,2.03,1
10/05/2026,12,COL,Bogotá,03 CHAPINERO,Green House,didi,13.13,8.8,0.75,1
10/05/2026,12,COL,Bogotá,36 VILLA DEL PRADO,Green House,didi,7.21,2.67,0.64,1
10/05/2026,12,COL,Bogotá,06 COLINA,Green House,didi,15.74,7.68,1.02,1
10/05/2026,12,COL,Bogotá,45 VERAGUAS,Green House,didi,18.3,11.08,0.07,1
10/05/2026,12,COL,Bogotá,08 ANDES,Green House,didi,22.34,0.28,8.93,1
10/05/2026,13,COL,Bogotá,38 KENNEDY,Green House,didi,9.02,0.63,7.69,1
10/05/2026,13,COL,Bogotá,01 USAQUEN,Green House,didi,5.05,0.43,28.91,1
10/05/2026,13,COL,Bogotá,02 PARQUE 93,Green House,didi,17.09,12.9,0.45,1
10/05/2026,13,COL,Bogotá,15 ENGATIVA,Green House,didi,26.2,5.25,1.19,1
10/05/2026,13,COL,Bogotá,06 COLINA,Green House,didi,9.28,4,1.1,1
10/05/2026,13,COL,Bogotá,38 KENNEDY,Green House,didi,6.9,2.42,7.17,1
10/05/2026,13,COL,Bogotá,36 VILLA DEL PRADO,Green House,didi,19.82,3.38,27.98,1
10/05/2026,14,COL,Bogotá,38 KENNEDY,Green House,didi,51.31,10.02,1.03,1
10/05/2026,14,COL,Bogotá,03 CHAPINERO,Green House,didi,9.82,0.95,5.99,1
10/05/2026,14,COL,Bogotá,02 PARQUE 93,Green House,didi,37.95,5.75,0.75,1
10/05/2026,14,COL,Bogotá,65 CALLE 109,Green House,didi,23.73,4.2,0.83,1
10/05/2026,14,COL,Bogotá,15 ENGATIVA,Green House,didi,10.76,5.88,0.14,1
10/05/2026,14,COL,Bogotá,38 KENNEDY,Green House,didi,10.92,6.27,0.22,1
10/05/2026,15,COL,Bogotá,36 VILLA DEL PRADO,Green House,didi,12.43,5.77,1.69,1
10/05/2026,15,COL,Bogotá,03 CHAPINERO,Green House,didi,16.7,0.53,1.47,1
10/05/2026,15,COL,Bogotá,36 VILLA DEL PRADO,Green House,didi,12.33,2.2,5.68,1
10/05/2026,15,COL,Bogotá,13 CHIA,Green House,didi,4.74,0,,1
10/05/2026,16,COL,Bogotá,45 VERAGUAS,Green House,didi,16.3,8.2,0.78,1
10/05/2026,16,COL,Bogotá,36 VILLA DEL PRADO,Green House,didi,8.91,3.4,43.87,1
10/05/2026,17,COL,Bogotá,38 KENNEDY,Green House,didi,7.26,3.37,0.94,1
10/05/2026,17,COL,Bogotá,36 VILLA DEL PRADO,Green House,didi,9.87,5.13,0.21,1
10/05/2026,18,COL,Bogotá,36 VILLA DEL PRADO,Green House,didi,11.17,0.42,1.93,1
10/05/2026,18,COL,Bogotá,38 KENNEDY,Green House,didi,5.5,0.85,7.97,1
10/05/2026,18,COL,Bogotá,36 VILLA DEL PRADO,Green House,didi,10.96,0.72,3.17,1
10/05/2026,19,COL,Bogotá,03 CHAPINERO,Green House,didi,11.65,2.68,1.08,1
10/05/2026,19,COL,Bogotá,08 ANDES,Green House,didi,6.21,1.22,25.8,1
10/05/2026,20,COL,Bogotá,65 CALLE 109,Green House,didi,12.77,3.63,2.12,1
10/05/2026,21,COL,Bogotá,06 COLINA,Green House,didi,14.84,10.55,0.87,1
10/05/2026,21,COL,Bogotá,08 ANDES,Green House,didi,27.56,16.52,0.17,1
10/05/2026,21,COL,Bogotá,02 PARQUE 93,Green House,didi,21.69,14.07,0.88,1
10/05/2026,21,COL,Bogotá,38 KENNEDY,Green House,didi,,5.25,1.02,1
10/05/2026,22,COL,Bogotá,03 CHAPINERO,Green House,didi,12,7.58,0.73,1
10/05/2026,15,COL,Bogotá,08 ANDES,Honest Food,didi,5,1.02,7.87,1
10/05/2026,11,COL,Bogotá,13 CHIA,La Casa Mexicana,didi,31.76,13.75,1.83,1
10/05/2026,11,COL,Bogotá,45 VERAGUAS,La Casa Mexicana,didi,26.46,3.38,2.72,1
10/05/2026,12,COL,Bogotá,01 USAQUEN,La Casa Mexicana,didi,20.27,12.78,0.83,1
10/05/2026,13,COL,Bogotá,01 USAQUEN,La Casa Mexicana,didi,15.52,1.28,17.8,1
10/05/2026,13,COL,Bogotá,15 ENGATIVA,La Casa Mexicana,didi,7.84,4.82,2.04,1
10/05/2026,13,COL,Bogotá,08 ANDES,La Casa Mexicana,didi,3.1,2.32,7.21,1
10/05/2026,14,COL,Bogotá,15 ENGATIVA,La Casa Mexicana,didi,13.55,23.15,14.53,1
10/05/2026,14,COL,Bogotá,38 KENNEDY,La Casa Mexicana,didi,46.33,0.48,34.78,1
10/05/2026,14,COL,Bogotá,36 VILLA DEL PRADO,La Casa Mexicana,didi,5.15,3.47,10.29,1
10/05/2026,14,COL,Bogotá,45 VERAGUAS,La Casa Mexicana,didi,27.73,0.7,7.24,1
10/05/2026,15,COL,Bogotá,13 CHIA,La Casa Mexicana,didi,13.99,9.97,0.98,1
10/05/2026,15,COL,Bogotá,13 CHIA,La Casa Mexicana,didi,,0,,1
10/05/2026,17,COL,Bogotá,08 ANDES,La Casa Mexicana,didi,3.36,0.55,1.95,1
10/05/2026,18,COL,Bogotá,15 ENGATIVA,La Casa Mexicana,didi,12.66,7.25,0.05,1
10/05/2026,18,COL,Bogotá,45 VERAGUAS,La Casa Mexicana,didi,9.13,0,,1
10/05/2026,18,COL,Bogotá,15 ENGATIVA,La Casa Mexicana,didi,14.29,2.3,7.47,1
10/05/2026,19,COL,Bogotá,08 ANDES,La Casa Mexicana,didi,12.34,1.42,7.02,1
10/05/2026,20,COL,Bogotá,08 ANDES,La Casa Mexicana,didi,4.92,0.72,4.98,1
10/05/2026,21,COL,Bogotá,38 KENNEDY,La Casa Mexicana,didi,13.49,8.98,0.7,1
10/05/2026,21,COL,Bogotá,08 ANDES,La Casa Mexicana,didi,9.79,1.22,7.43,1
10/05/2026,21,COL,Bogotá,08 ANDES,La Casa Mexicana,didi,7.13,1.3,5.05,1
10/05/2026,23,COL,Bogotá,03 CHAPINERO,La Casa Mexicana,didi,8.78,5.15,1.69,1
10/05/2026,11,COL,Bogotá,03 CHAPINERO,La Cuadra,didi,14.43,9.08,0.7,1
10/05/2026,11,COL,Bogotá,08 ANDES,La Cuadra,didi,5.56,7.98,7.42,1
10/05/2026,11,COL,Bogotá,15 ENGATIVA,La Cuadra,didi,13.3,8.9,0.61,1
10/05/2026,11,COL,Bogotá,13 CHIA,La Cuadra,didi,16.98,10.38,0.32,1
10/05/2026,13,COL,Bogotá,02 PARQUE 93,La Cuadra,didi,17.91,5.33,0.98,1
10/05/2026,13,COL,Bogotá,03 CHAPINERO,La Cuadra,didi,8.94,4.1,0.12,1
10/05/2026,13,COL,Bogotá,03 CHAPINERO,La Cuadra,didi,14.89,11.52,2.07,1
10/05/2026,14,COL,Bogotá,08 ANDES,La Cuadra,didi,5.65,1.18,2.9,1
10/05/2026,14,COL,Bogotá,03 CHAPINERO,La Cuadra,didi,5.3,1.25,1.83,1
10/05/2026,14,COL,Bogotá,03 CHAPINERO,La Cuadra,didi,5.46,0.95,14.7,1
10/05/2026,14,COL,Bogotá,36 VILLA DEL PRADO,La Cuadra,didi,20.91,2.1,11.92,1
10/05/2026,15,COL,Bogotá,13 CHIA,La Cuadra,didi,14.91,10.15,0.16,1
10/05/2026,15,COL,Bogotá,08 ANDES,La Cuadra,didi,2.2,0,2.02,1
10/05/2026,16,COL,Bogotá,36 VILLA DEL PRADO,La Cuadra,didi,10.47,6.6,0.87,1
10/05/2026,17,COL,Bogotá,03 CHAPINERO,La Cuadra,didi,12.07,7.82,0.81,1
10/05/2026,17,COL,Bogotá,08 ANDES,La Cuadra,didi,13.17,0.48,9.93,1
10/05/2026,19,COL,Bogotá,02 PARQUE 93,La Cuadra,didi,29.66,17.68,0.9,1
10/05/2026,19,COL,Bogotá,06 COLINA,La Cuadra,didi,23.46,8.57,1.11,1
10/05/2026,19,COL,Bogotá,01 USAQUEN,La Cuadra,didi,6.11,1.82,0.77,1
10/05/2026,20,COL,Bogotá,03 CHAPINERO,La Cuadra,didi,20.94,1.57,5.46,1
10/05/2026,20,COL,Bogotá,01 USAQUEN,La Cuadra,didi,11.85,8.18,1.25,1
10/05/2026,21,COL,Bogotá,06 COLINA,La Cuadra,didi,21.77,8.77,0.85,1
10/05/2026,21,COL,Bogotá,08 ANDES,La Cuadra,didi,20.37,0.95,9.07,1
10/05/2026,22,COL,Bogotá,01 USAQUEN,La Cuadra,didi,2.03,0.45,7.92,1
10/05/2026,23,COL,Bogotá,03 CHAPINERO,La Cuadra,didi,,0,,1
10/05/2026,23,COL,Bogotá,02 PARQUE 93,La Cuadra,didi,8.25,0.62,15.5,1
10/05/2026,9,COL,Bogotá,03 CHAPINERO,LA ÑAMGUCHERIA,didi,9.59,6.12,1.85,1
10/05/2026,10,COL,Bogotá,01 USAQUEN,LA ÑAMGUCHERIA,didi,8.1,3.58,0.64,1
10/05/2026,10,COL,Bogotá,03 CHAPINERO,LA ÑAMGUCHERIA,didi,6.63,0.8,5.39,1
10/05/2026,12,COL,Bogotá,13 CHIA,LA ÑAMGUCHERIA,didi,13.83,1.07,14.14,1
10/05/2026,13,COL,Bogotá,13 CHIA,LA ÑAMGUCHERIA,didi,20.1,4.73,0.82,1
10/05/2026,13,COL,Bogotá,38 KENNEDY,LA ÑAMGUCHERIA,didi,13.13,7.62,0.92,1
10/05/2026,13,COL,Bogotá,03 CHAPINERO,LA ÑAMGUCHERIA,didi,10.31,0.28,14.94,1
10/05/2026,13,COL,Bogotá,36 VILLA DEL PRADO,LA ÑAMGUCHERIA,didi,10.01,0.7,3.47,1
10/05/2026,13,COL,Bogotá,15 ENGATIVA,LA ÑAMGUCHERIA,didi,14.42,6.62,1.9,1
10/05/2026,14,COL,Bogotá,36 VILLA DEL PRADO,LA ÑAMGUCHERIA,didi,17.91,1.83,1.2,1
10/05/2026,14,COL,Bogotá,13 CHIA,LA ÑAMGUCHERIA,didi,16.81,3.28,3.3,1
10/05/2026,15,COL,Bogotá,65 CALLE 109,LA ÑAMGUCHERIA,didi,23.12,5.6,1.07,1
10/05/2026,15,COL,Bogotá,03 CHAPINERO,LA ÑAMGUCHERIA,didi,11.06,0.5,5.97,1
10/05/2026,16,COL,Bogotá,01 USAQUEN,LA ÑAMGUCHERIA,didi,6.08,1.43,0.78,1
10/05/2026,18,COL,Bogotá,06 COLINA,LA ÑAMGUCHERIA,didi,17.71,0.48,4.06,1
10/05/2026,18,COL,Bogotá,03 CHAPINERO,LA ÑAMGUCHERIA,didi,11.94,0.6,9.18,1
10/05/2026,18,COL,Bogotá,06 COLINA,LA ÑAMGUCHERIA,didi,17.72,0.7,3.11,1
10/05/2026,19,COL,Bogotá,08 ANDES,LA ÑAMGUCHERIA,didi,14.77,10.12,0.29,1
10/05/2026,19,COL,Bogotá,45 VERAGUAS,LA ÑAMGUCHERIA,didi,19.3,4.07,12.63,1
10/05/2026,20,COL,Bogotá,01 USAQUEN,LA ÑAMGUCHERIA,didi,5.93,2.07,1.09,1
10/05/2026,21,COL,Bogotá,38 KENNEDY,LA ÑAMGUCHERIA,didi,24.31,4.15,3.76,1
10/05/2026,8,COL,Bogotá,45 VERAGUAS,LA PANQUEQUERIA,didi,4.67,1.05,6.35,1
10/05/2026,11,COL,Bogotá,02 PARQUE 93,LA PANQUEQUERIA,didi,18.51,5.73,0.72,1
10/05/2026,12,COL,Bogotá,15 ENGATIVA,LA PANQUEQUERIA,didi,2.9,1.63,9.49,1
10/05/2026,15,COL,Bogotá,36 VILLA DEL PRADO,LA PANQUEQUERIA,didi,,5.42,8.52,1
10/05/2026,16,COL,Bogotá,06 COLINA,LA PANQUEQUERIA,didi,,0.68,3.89,1
10/05/2026,13,COL,Bogotá,15 ENGATIVA,MonteVerde,didi,12.98,8.77,0.86,1
10/05/2026,11,COL,Bogotá,13 CHIA,Mr Beast Burger,didi,34.73,24.8,0.95,1
10/05/2026,11,COL,Bogotá,08 ANDES,Mr Beast Burger,didi,16.15,7.67,0.73,1
10/05/2026,11,COL,Bogotá,06 COLINA,Mr Beast Burger,didi,22.91,10.5,1.65,1
10/05/2026,11,COL,Bogotá,03 CHAPINERO,Mr Beast Burger,didi,19.73,7.65,1.15,1
10/05/2026,11,COL,Bogotá,02 PARQUE 93,Mr Beast Burger,didi,15.74,6.4,0.35,1
10/05/2026,11,COL,Bogotá,08 ANDES,Mr Beast Burger,didi,7.62,3.22,0.89,1
10/05/2026,11,COL,Bogotá,08 ANDES,Mr Beast Burger,didi,9.54,2.17,31.97,1
10/05/2026,11,COL,Bogotá,15 ENGATIVA,Mr Beast Burger,didi,18.25,1.62,11.05,1
10/05/2026,11,COL,Bogotá,13 CHIA,Mr Beast Burger,didi,25.94,1.22,12.24,1
10/05/2026,11,COL,Bogotá,03 CHAPINERO,Mr Beast Burger,didi,13.57,10.47,4.22,1
10/05/2026,11,COL,Bogotá,13 CHIA,Mr Beast Burger,didi,31.38,24.45,0.64,1
10/05/2026,12,COL,Bogotá,36 VILLA DEL PRADO,Mr Beast Burger,didi,18.75,4.72,0.1,1
10/05/2026,12,COL,Bogotá,02 PARQUE 93,Mr Beast Burger,didi,23.86,8.65,2.02,1
10/05/2026,12,COL,Bogotá,15 ENGATIVA,Mr Beast Burger,didi,7.3,6.13,3.75,1
10/05/2026,12,COL,Bogotá,36 VILLA DEL PRADO,Mr Beast Burger,didi,20.36,11.18,0.81,1
10/05/2026,12,COL,Bogotá,02 PARQUE 93,Mr Beast Burger,didi,22.97,8.65,0.82,1
10/05/2026,12,COL,Bogotá,13 CHIA,Mr Beast Burger,didi,14.14,7.8,0.99,1
10/05/2026,12,COL,Bogotá,03 CHAPINERO,Mr Beast Burger,didi,16.72,16.97,5.23,1
10/05/2026,12,COL,Bogotá,36 VILLA DEL PRADO,Mr Beast Burger,didi,19.28,0.7,2.78,1
10/05/2026,12,COL,Bogotá,13 CHIA,Mr Beast Burger,didi,13.34,6.1,1.79,1
10/05/2026,12,COL,Bogotá,03 CHAPINERO,Mr Beast Burger,didi,16.03,11.9,0.88,1
10/05/2026,12,COL,Bogotá,45 VERAGUAS,Mr Beast Burger,didi,15.12,10.23,5.82,1
10/05/2026,12,COL,Bogotá,06 COLINA,Mr Beast Burger,didi,13.12,5.55,3.26,1
10/05/2026,12,COL,Bogotá,06 COLINA,Mr Beast Burger,didi,17.63,2.03,4.8,1
10/05/2026,12,COL,Bogotá,06 COLINA,Mr Beast Burger,didi,17.22,2.03,4.72,1
10/05/2026,12,COL,Bogotá,06 COLINA,Mr Beast Burger,didi,30.53,4.85,2.11,1
10/05/2026,12,COL,Bogotá,13 CHIA,Mr Beast Burger,didi,21.35,17.2,0.76,1
10/05/2026,12,COL,Bogotá,13 CHIA,Mr Beast Burger,didi,20.19,8.22,0.83,1
10/05/2026,12,COL,Bogotá,06 COLINA,Mr Beast Burger,didi,23.99,6.03,2.07,1
10/05/2026,12,COL,Bogotá,08 ANDES,Mr Beast Burger,didi,18.84,2.95,0.89,1
10/05/2026,12,COL,Bogotá,13 CHIA,Mr Beast Burger,didi,30.26,2.12,0.27,1
10/05/2026,12,COL,Bogotá,38 KENNEDY,Mr Beast Burger,didi,10,0.2,8.21,1
10/05/2026,12,COL,Bogotá,38 KENNEDY,Mr Beast Burger,didi,8.29,0.68,12.17,1
10/05/2026,12,COL,Bogotá,38 KENNEDY,Mr Beast Burger,didi,13.17,0.33,4.26,1
10/05/2026,12,COL,Bogotá,06 COLINA,Mr Beast Burger,didi,15.02,1.22,34.28,1
10/05/2026,12,COL,Bogotá,03 CHAPINERO,Mr Beast Burger,didi,19.53,15.4,2.49,1
10/05/2026,13,COL,Bogotá,03 CHAPINERO,Mr Beast Burger,didi,22.21,10.32,0.13,1
10/05/2026,13,COL,Bogotá,06 COLINA,Mr Beast Burger,didi,15.99,0.5,13.35,1
10/05/2026,13,COL,Bogotá,06 COLINA,Mr Beast Burger,didi,21.95,5.4,14.31,1
10/05/2026,13,COL,Bogotá,45 VERAGUAS,Mr Beast Burger,didi,14.21,0.6,11.23,1
10/05/2026,13,COL,Bogotá,65 CALLE 109,Mr Beast Burger,didi,22.58,7.22,1.4,1
10/05/2026,13,COL,Bogotá,06 COLINA,Mr Beast Burger,didi,13.16,1.65,0.84,1
10/05/2026,13,COL,Bogotá,08 ANDES,Mr Beast Burger,didi,4.95,1.15,1.12,1
10/05/2026,13,COL,Bogotá,06 COLINA,Mr Beast Burger,didi,16.98,5.4,1.93,1
10/05/2026,13,COL,Bogotá,06 COLINA,Mr Beast Burger,didi,10.83,1.43,30.24,1
10/05/2026,13,COL,Bogotá,45 VERAGUAS,Mr Beast Burger,didi,10.87,6.22,29.46,1
10/05/2026,13,COL,Bogotá,13 CHIA,Mr Beast Burger,didi,13.38,9.08,0.78,1
10/05/2026,13,COL,Bogotá,15 ENGATIVA,Mr Beast Burger,didi,8.01,1.25,7.71,1
10/05/2026,13,COL,Bogotá,13 CHIA,Mr Beast Burger,didi,20.97,0,,1
10/05/2026,13,COL,Bogotá,36 VILLA DEL PRADO,Mr Beast Burger,didi,13.86,3.42,0.44,1
10/05/2026,13,COL,Bogotá,45 VERAGUAS,Mr Beast Burger,didi,16.92,3.78,1.1,1
10/05/2026,13,COL,Bogotá,15 ENGATIVA,Mr Beast Burger,didi,9.81,0.8,3.31,1
10/05/2026,13,COL,Bogotá,36 VILLA DEL PRADO,Mr Beast Burger,didi,22.82,1.02,1.17,1
10/05/2026,13,COL,Bogotá,36 VILLA DEL PRADO,Mr Beast Burger,didi,15.66,1.4,2.8,1
10/05/2026,13,COL,Bogotá,38 KENNEDY,Mr Beast Burger,didi,12.1,1,7.12,1
10/05/2026,13,COL,Bogotá,03 CHAPINERO,Mr Beast Burger,didi,27.5,0.77,9.54,1
10/05/2026,13,COL,Bogotá,06 COLINA,Mr Beast Burger,didi,20.83,3.1,54.3,1
10/05/2026,13,COL,Bogotá,38 KENNEDY,Mr Beast Burger,didi,15.77,0.45,10,1
10/05/2026,13,COL,Bogotá,15 ENGATIVA,Mr Beast Burger,didi,25.3,2.02,15.81,1
10/05/2026,13,COL,Bogotá,15 ENGATIVA,Mr Beast Burger,didi,23.92,12.37,0.87,1
10/05/2026,13,COL,Bogotá,08 ANDES,Mr Beast Burger,didi,12.87,0.15,11.74,1
10/05/2026,14,COL,Bogotá,15 ENGATIVA,Mr Beast Burger,didi,32.18,7.12,1.75,1
10/05/2026,14,COL,Bogotá,38 KENNEDY,Mr Beast Burger,didi,40.09,22.3,0.79,1
10/05/2026,14,COL,Bogotá,38 KENNEDY,Mr Beast Burger,didi,37.91,0,,1
10/05/2026,14,COL,Bogotá,65 CALLE 109,Mr Beast Burger,didi,14.28,3.98,29.92,1
10/05/2026,14,COL,Bogotá,02 PARQUE 93,Mr Beast Burger,didi,13.05,8.22,1.58,1
10/05/2026,14,COL,Bogotá,03 CHAPINERO,Mr Beast Burger,didi,8.22,4.22,0.9,1
10/05/2026,14,COL,Bogotá,36 VILLA DEL PRADO,Mr Beast Burger,didi,10.93,0.52,25.69,1
10/05/2026,14,COL,Bogotá,15 ENGATIVA,Mr Beast Burger,didi,18.85,3.88,1.23,1
10/05/2026,14,COL,Bogotá,38 KENNEDY,Mr Beast Burger,didi,39.04,14.13,2.27,1
10/05/2026,14,COL,Bogotá,06 COLINA,Mr Beast Burger,didi,14.15,2.23,1.09,1
10/05/2026,14,COL,Bogotá,03 CHAPINERO,Mr Beast Burger,didi,11.91,2.7,2.26,1
10/05/2026,14,COL,Bogotá,38 KENNEDY,Mr Beast Burger,didi,24.98,4.93,4.09,1
10/05/2026,14,COL,Bogotá,08 ANDES,Mr Beast Burger,didi,8.94,2.67,4.07,1
10/05/2026,14,COL,Bogotá,15 ENGATIVA,Mr Beast Burger,didi,13.98,1.37,36.98,1
10/05/2026,14,COL,Bogotá,15 ENGATIVA,Mr Beast Burger,didi,15.29,10.8,1.02,1
10/05/2026,14,COL,Bogotá,02 PARQUE 93,Mr Beast Burger,didi,17.34,9.82,2.92,1
10/05/2026,14,COL,Bogotá,45 VERAGUAS,Mr Beast Burger,didi,26.67,20.2,0.21,1
10/05/2026,14,COL,Bogotá,03 CHAPINERO,Mr Beast Burger,didi,8.45,0.7,15.87,1
10/05/2026,14,COL,Bogotá,65 CALLE 109,Mr Beast Burger,didi,10.45,1.33,6.77,1
10/05/2026,14,COL,Bogotá,06 COLINA,Mr Beast Burger,didi,43.76,21.55,1.12,1
10/05/2026,14,COL,Bogotá,13 CHIA,Mr Beast Burger,didi,27.12,11.43,2.45,1
10/05/2026,14,COL,Bogotá,15 ENGATIVA,Mr Beast Burger,didi,24.46,1.07,5.87,1
10/05/2026,14,COL,Bogotá,03 CHAPINERO,Mr Beast Burger,didi,8.95,3.58,1.03,1
10/05/2026,14,COL,Bogotá,06 COLINA,Mr Beast Burger,didi,39.03,1.82,0.75,1
10/05/2026,14,COL,Bogotá,45 VERAGUAS,Mr Beast Burger,didi,11.22,1.05,44.05,1
10/05/2026,14,COL,Bogotá,15 ENGATIVA,Mr Beast Burger,didi,17.29,5.17,1.68,1
10/05/2026,14,COL,Bogotá,13 CHIA,Mr Beast Burger,didi,20.78,11.43,0.41,1
10/05/2026,14,COL,Bogotá,38 KENNEDY,Mr Beast Burger,didi,18.96,0.58,9.61,1
10/05/2026,15,COL,Bogotá,06 COLINA,Mr Beast Burger,didi,28.25,18.5,0.8,1
10/05/2026,15,COL,Bogotá,38 KENNEDY,Mr Beast Burger,didi,20.95,3.53,1.3,1
10/05/2026,15,COL,Bogotá,15 ENGATIVA,Mr Beast Burger,didi,37.32,0.62,3.09,1
10/05/2026,15,COL,Bogotá,06 COLINA,Mr Beast Burger,didi,21.05,1.78,14.21,1
10/05/2026,15,COL,Bogotá,15 ENGATIVA,Mr Beast Burger,didi,25.82,7.15,2.78,1
10/05/2026,15,COL,Bogotá,45 VERAGUAS,Mr Beast Burger,didi,20.3,16.22,1.01,1
10/05/2026,15,COL,Bogotá,36 VILLA DEL PRADO,Mr Beast Burger,didi,23.7,23.13,4.36,1
10/05/2026,15,COL,Bogotá,13 CHIA,Mr Beast Burger,didi,13.23,0.62,9.75,1
10/05/2026,15,COL,Bogotá,13 CHIA,Mr Beast Burger,didi,11.28,0.98,23.69,1
10/05/2026,15,COL,Bogotá,45 VERAGUAS,Mr Beast Burger,didi,14.6,0.53,16.24,1
10/05/2026,15,COL,Bogotá,36 VILLA DEL PRADO,Mr Beast Burger,didi,16.87,12.57,0.45,1
10/05/2026,15,COL,Bogotá,15 ENGATIVA,Mr Beast Burger,didi,33.09,24.2,1.61,1
10/05/2026,15,COL,Bogotá,13 CHIA,Mr Beast Burger,didi,19.73,0.98,8.95,1
10/05/2026,15,COL,Bogotá,38 KENNEDY,Mr Beast Burger,didi,8.85,2.62,1.58,1
10/05/2026,15,COL,Bogotá,36 VILLA DEL PRADO,Mr Beast Burger,didi,24.25,1.2,10.47,1
10/05/2026,15,COL,Bogotá,15 ENGATIVA,Mr Beast Burger,didi,26.67,16.8,2.46,1
10/05/2026,15,COL,Bogotá,36 VILLA DEL PRADO,Mr Beast Burger,didi,25,5.77,0.71,1
10/05/2026,15,COL,Bogotá,03 CHAPINERO,Mr Beast Burger,didi,16.13,1.98,1.23,1
10/05/2026,15,COL,Bogotá,15 ENGATIVA,Mr Beast Burger,didi,26.52,16.8,1.43,1
10/05/2026,15,COL,Bogotá,15 ENGATIVA,Mr Beast Burger,didi,28.65,14.55,0.14,1
10/05/2026,15,COL,Bogotá,45 VERAGUAS,Mr Beast Burger,didi,14.55,0.43,15.73,1
10/05/2026,15,COL,Bogotá,45 VERAGUAS,Mr Beast Burger,didi,8.53,2.48,6.98,1
10/05/2026,15,COL,Bogotá,02 PARQUE 93,Mr Beast Burger,didi,19.11,6.3,0.74,1
10/05/2026,15,COL,Bogotá,36 VILLA DEL PRADO,Mr Beast Burger,didi,13.99,0.82,16.9,1
10/05/2026,15,COL,Bogotá,13 CHIA,Mr Beast Burger,didi,,0,,1
10/05/2026,15,COL,Bogotá,15 ENGATIVA,Mr Beast Burger,didi,18.84,1.43,22.15,1
10/05/2026,15,COL,Bogotá,45 VERAGUAS,Mr Beast Burger,didi,9.93,0.72,2.07,1
10/05/2026,15,COL,Bogotá,13 CHIA,Mr Beast Burger,didi,,0,,1
10/05/2026,16,COL,Bogotá,01 USAQUEN,Mr Beast Burger,didi,21.22,5.52,16.1,1
10/05/2026,16,COL,Bogotá,08 ANDES,Mr Beast Burger,didi,4.37,0.15,0.69,1
10/05/2026,16,COL,Bogotá,45 VERAGUAS,Mr Beast Burger,didi,12.05,0.82,0.3,1
10/05/2026,16,COL,Bogotá,02 PARQUE 93,Mr Beast Burger,didi,14.94,4.58,0.33,1
10/05/2026,16,COL,Bogotá,01 USAQUEN,Mr Beast Burger,didi,21.96,5.48,0.92,1
10/05/2026,16,COL,Bogotá,01 USAQUEN,Mr Beast Burger,didi,17.53,0.42,10.48,1
10/05/2026,16,COL,Bogotá,38 KENNEDY,Mr Beast Burger,didi,6.95,0.65,6.41,1
10/05/2026,16,COL,Bogotá,65 CALLE 109,Mr Beast Burger,didi,9.84,3.12,1.83,1
10/05/2026,16,COL,Bogotá,45 VERAGUAS,Mr Beast Burger,didi,10.9,1.13,31.1,1
10/05/2026,16,COL,Bogotá,65 CALLE 109,Mr Beast Burger,didi,9.07,3.87,1.2,1
10/05/2026,16,COL,Bogotá,36 VILLA DEL PRADO,Mr Beast Burger,didi,10.5,3.33,1.04,1
10/05/2026,16,COL,Bogotá,45 VERAGUAS,Mr Beast Burger,didi,14.25,3.82,1.86,1
10/05/2026,16,COL,Bogotá,08 ANDES,Mr Beast Burger,didi,4.93,7.05,10.43,1
10/05/2026,16,COL,Bogotá,45 VERAGUAS,Mr Beast Burger,didi,36.78,17.35,0.12,1
10/05/2026,17,COL,Bogotá,15 ENGATIVA,Mr Beast Burger,didi,13.69,9.15,12.77,1
10/05/2026,17,COL,Bogotá,02 PARQUE 93,Mr Beast Burger,didi,14.98,6.18,1.53,1
10/05/2026,17,COL,Bogotá,08 ANDES,Mr Beast Burger,didi,15.28,9,5.06,1
10/05/2026,17,COL,Bogotá,36 VILLA DEL PRADO,Mr Beast Burger,didi,9.02,4.8,0.89,1
10/05/2026,17,COL,Bogotá,06 COLINA,Mr Beast Burger,didi,12.23,11.03,4.66,1
10/05/2026,17,COL,Bogotá,08 ANDES,Mr Beast Burger,didi,5.49,1.08,6.09,1
10/05/2026,17,COL,Bogotá,06 COLINA,Mr Beast Burger,didi,26.5,18.08,1.09,1
10/05/2026,17,COL,Bogotá,15 ENGATIVA,Mr Beast Burger,didi,14.15,4.72,1.9,1
10/05/2026,17,COL,Bogotá,06 COLINA,Mr Beast Burger,didi,20.65,15.48,1,1
10/05/2026,17,COL,Bogotá,15 ENGATIVA,Mr Beast Burger,didi,9.18,1.33,2.76,1
10/05/2026,17,COL,Bogotá,06 COLINA,Mr Beast Burger,didi,23.71,2.37,8.23,1
10/05/2026,18,COL,Bogotá,65 CALLE 109,Mr Beast Burger,didi,13.7,4.68,2.08,1
10/05/2026,18,COL,Bogotá,36 VILLA DEL PRADO,Mr Beast Burger,didi,14.97,3.55,0.97,1
10/05/2026,18,COL,Bogotá,08 ANDES,Mr Beast Burger,didi,6.08,1.37,0.13,1
10/05/2026,18,COL,Bogotá,01 USAQUEN,Mr Beast Burger,didi,10.9,1.02,0.22,1
10/05/2026,18,COL,Bogotá,02 PARQUE 93,Mr Beast Burger,didi,19.03,8.3,1.05,1
10/05/2026,18,COL,Bogotá,15 ENGATIVA,Mr Beast Burger,didi,14.98,3.73,0.9,1
10/05/2026,18,COL,Bogotá,02 PARQUE 93,Mr Beast Burger,didi,21.61,7.72,0.29,1
10/05/2026,18,COL,Bogotá,45 VERAGUAS,Mr Beast Burger,didi,9.6,2.28,1.11,1
10/05/2026,18,COL,Bogotá,15 ENGATIVA,Mr Beast Burger,didi,23.32,14.65,1.71,1
10/05/2026,18,COL,Bogotá,08 ANDES,Mr Beast Burger,didi,11,10.55,4.72,1
10/05/2026,18,COL,Bogotá,02 PARQUE 93,Mr Beast Burger,didi,41.01,11.18,1.03,1
10/05/2026,18,COL,Bogotá,08 ANDES,Mr Beast Burger,didi,9.42,0,,1
10/05/2026,18,COL,Bogotá,45 VERAGUAS,Mr Beast Burger,didi,10.63,0.78,1.2,1
10/05/2026,18,COL,Bogotá,65 CALLE 109,Mr Beast Burger,didi,11.08,6.58,4.09,1
10/05/2026,18,COL,Bogotá,02 PARQUE 93,Mr Beast Burger,didi,26.31,4.92,0.75,1
10/05/2026,18,COL,Bogotá,03 CHAPINERO,Mr Beast Burger,didi,13.09,0.28,2.57,1
10/05/2026,18,COL,Bogotá,08 ANDES,Mr Beast Burger,didi,6.1,1.73,0.74,1
10/05/2026,18,COL,Bogotá,15 ENGATIVA,Mr Beast Burger,didi,11.71,1.27,8.26,1
10/05/2026,18,COL,Bogotá,38 KENNEDY,Mr Beast Burger,didi,9.04,0.93,11.03,1
10/05/2026,18,COL,Bogotá,15 ENGATIVA,Mr Beast Burger,didi,16.87,5.6,1.09,1
10/05/2026,18,COL,Bogotá,45 VERAGUAS,Mr Beast Burger,didi,9.92,0.65,15.59,1
10/05/2026,18,COL,Bogotá,38 KENNEDY,Mr Beast Burger,didi,7.13,3.57,6.43,1
10/05/2026,18,COL,Bogotá,08 ANDES,Mr Beast Burger,didi,7.43,0.53,15.71,1
10/05/2026,18,COL,Bogotá,01 USAQUEN,Mr Beast Burger,didi,7.07,2.12,1.1,1
10/05/2026,19,COL,Bogotá,03 CHAPINERO,Mr Beast Burger,didi,16.98,5.53,1.58,1
10/05/2026,19,COL,Bogotá,45 VERAGUAS,Mr Beast Burger,didi,9.08,0.7,5.97,1
10/05/2026,19,COL,Bogotá,03 CHAPINERO,Mr Beast Burger,didi,12.37,5.08,1.89,1
10/05/2026,19,COL,Bogotá,65 CALLE 109,Mr Beast Burger,didi,17.62,2.18,4.91,1
10/05/2026,19,COL,Bogotá,02 PARQUE 93,Mr Beast Burger,didi,15.53,4.7,0.47,1
10/05/2026,19,COL,Bogotá,02 PARQUE 93,Mr Beast Burger,didi,28.5,13.85,0.27,1
10/05/2026,19,COL,Bogotá,01 USAQUEN,Mr Beast Burger,didi,19.51,5.57,1.02,1
10/05/2026,19,COL,Bogotá,36 VILLA DEL PRADO,Mr Beast Burger,didi,9.87,1.2,6.9,1
10/05/2026,19,COL,Bogotá,15 ENGATIVA,Mr Beast Burger,didi,12.9,4.75,0.44,1
10/05/2026,19,COL,Bogotá,38 KENNEDY,Mr Beast Burger,didi,10.61,0.8,11.33,1
10/05/2026,19,COL,Bogotá,08 ANDES,Mr Beast Burger,didi,9.97,5.25,0.16,1
10/05/2026,19,COL,Bogotá,36 VILLA DEL PRADO,Mr Beast Burger,didi,8.57,2.12,0.48,1
10/05/2026,19,COL,Bogotá,01 USAQUEN,Mr Beast Burger,didi,19.17,11.35,0.33,1
10/05/2026,19,COL,Bogotá,02 PARQUE 93,Mr Beast Burger,didi,18.97,8.9,0.63,1
10/05/2026,19,COL,Bogotá,08 ANDES,Mr Beast Burger,didi,7.35,1.32,2.58,1
10/05/2026,19,COL,Bogotá,02 PARQUE 93,Mr Beast Burger,didi,20.71,1.73,9.2,1
10/05/2026,19,COL,Bogotá,15 ENGATIVA,Mr Beast Burger,didi,18.2,5.78,1.78,1
10/05/2026,19,COL,Bogotá,06 COLINA,Mr Beast Burger,didi,21.56,7.2,0.1,1
10/05/2026,19,COL,Bogotá,01 USAQUEN,Mr Beast Burger,didi,18.07,3.32,1.99,1
10/05/2026,19,COL,Bogotá,03 CHAPINERO,Mr Beast Burger,didi,13.19,9.47,1.08,1
10/05/2026,19,COL,Bogotá,01 USAQUEN,Mr Beast Burger,didi,11.91,3.32,1.04,1
10/05/2026,19,COL,Bogotá,45 VERAGUAS,Mr Beast Burger,didi,14.03,8.17,6.93,1
10/05/2026,19,COL,Bogotá,01 USAQUEN,Mr Beast Burger,didi,18.07,1.58,8.08,1
10/05/2026,19,COL,Bogotá,02 PARQUE 93,Mr Beast Burger,didi,18.24,11.37,0.98,1
10/05/2026,19,COL,Bogotá,08 ANDES,Mr Beast Burger,didi,9.05,0.45,14.89,1
10/05/2026,19,COL,Bogotá,36 VILLA DEL PRADO,Mr Beast Burger,didi,7.66,8.35,7.45,1
10/05/2026,19,COL,Bogotá,15 ENGATIVA,Mr Beast Burger,didi,7.3,4.98,20.06,1
10/05/2026,19,COL,Bogotá,45 VERAGUAS,Mr Beast Burger,didi,8.88,5.03,1.12,1
10/05/2026,19,COL,Bogotá,02 PARQUE 93,Mr Beast Burger,didi,26.15,10.42,1.5,1
10/05/2026,19,COL,Bogotá,03 CHAPINERO,Mr Beast Burger,didi,10.32,5.32,0.77,1
10/05/2026,19,COL,Bogotá,65 CALLE 109,Mr Beast Burger,didi,13.66,3.82,2.01,1
10/05/2026,20,COL,Bogotá,15 ENGATIVA,Mr Beast Burger,didi,28.92,13.88,0.96,1
10/05/2026,20,COL,Bogotá,02 PARQUE 93,Mr Beast Burger,didi,20.2,11.2,0.26,1
10/05/2026,20,COL,Bogotá,06 COLINA,Mr Beast Burger,didi,11.95,5.17,0.95,1
10/05/2026,20,COL,Bogotá,15 ENGATIVA,Mr Beast Burger,didi,18.91,9.13,0.36,1
10/05/2026,20,COL,Bogotá,45 VERAGUAS,Mr Beast Burger,didi,12.62,0.9,0.01,1
10/05/2026,20,COL,Bogotá,08 ANDES,Mr Beast Burger,didi,11.36,7.17,0.72,1
10/05/2026,20,COL,Bogotá,08 ANDES,Mr Beast Burger,didi,11.81,6.02,0.36,1
10/05/2026,20,COL,Bogotá,15 ENGATIVA,Mr Beast Burger,didi,11.32,4.97,1.16,1
10/05/2026,20,COL,Bogotá,08 ANDES,Mr Beast Burger,didi,12.07,5.95,15,1
10/05/2026,20,COL,Bogotá,08 ANDES,Mr Beast Burger,didi,12.41,0.95,1.59,1
10/05/2026,20,COL,Bogotá,65 CALLE 109,Mr Beast Burger,didi,15.99,1.07,7.89,1
10/05/2026,20,COL,Bogotá,03 CHAPINERO,Mr Beast Burger,didi,14.13,1.05,7.33,1
10/05/2026,20,COL,Bogotá,36 VILLA DEL PRADO,Mr Beast Burger,didi,9.19,4.77,0.64,1
10/05/2026,20,COL,Bogotá,06 COLINA,Mr Beast Burger,didi,7.78,3.75,1.05,1
10/05/2026,20,COL,Bogotá,08 ANDES,Mr Beast Burger,didi,7.37,1.08,0.7,1
10/05/2026,20,COL,Bogotá,15 ENGATIVA,Mr Beast Burger,didi,16.18,12.07,0.84,1
10/05/2026,20,COL,Bogotá,01 USAQUEN,Mr Beast Burger,didi,25.04,17.88,0.34,1
10/05/2026,20,COL,Bogotá,01 USAQUEN,Mr Beast Burger,didi,21.6,17.82,1.25,1
10/05/2026,20,COL,Bogotá,08 ANDES,Mr Beast Burger,didi,13.81,9.22,0.3,1
10/05/2026,20,COL,Bogotá,36 VILLA DEL PRADO,Mr Beast Burger,didi,13.97,6.48,0.89,1
10/05/2026,20,COL,Bogotá,65 CALLE 109,Mr Beast Burger,didi,14.22,6.9,2.78,1
10/05/2026,20,COL,Bogotá,36 VILLA DEL PRADO,Mr Beast Burger,didi,14.28,18.12,8.76,1
10/05/2026,20,COL,Bogotá,15 ENGATIVA,Mr Beast Burger,didi,7.14,2.78,0.85,1
10/05/2026,20,COL,Bogotá,01 USAQUEN,Mr Beast Burger,didi,19.91,8.53,0.9,1
10/05/2026,20,COL,Bogotá,36 VILLA DEL PRADO,Mr Beast Burger,didi,27.11,2.65,4.59,1
10/05/2026,20,COL,Bogotá,08 ANDES,Mr Beast Burger,didi,7.92,3.5,17.11,1
10/05/2026,20,COL,Bogotá,03 CHAPINERO,Mr Beast Burger,didi,24.05,12.02,1.08,1
10/05/2026,20,COL,Bogotá,36 VILLA DEL PRADO,Mr Beast Burger,didi,16.06,11.67,0.72,1
10/05/2026,20,COL,Bogotá,15 ENGATIVA,Mr Beast Burger,didi,7.94,0.95,8.01,1
10/05/2026,20,COL,Bogotá,06 COLINA,Mr Beast Burger,didi,6.37,0.35,2.03,1
10/05/2026,20,COL,Bogotá,08 ANDES,Mr Beast Burger,didi,7.92,3.17,0.16,1
10/05/2026,20,COL,Bogotá,38 KENNEDY,Mr Beast Burger,didi,20.15,8.8,0.87,1
10/05/2026,20,COL,Bogotá,15 ENGATIVA,Mr Beast Burger,didi,17.19,9.18,0.97,1
10/05/2026,20,COL,Bogotá,36 VILLA DEL PRADO,Mr Beast Burger,didi,19.91,7.65,0.83,1
10/05/2026,20,COL,Bogotá,38 KENNEDY,Mr Beast Burger,didi,20.27,5.52,1.16,1
10/05/2026,20,COL,Bogotá,02 PARQUE 93,Mr Beast Burger,didi,9.2,4.82,0.67,1
10/05/2026,20,COL,Bogotá,03 CHAPINERO,Mr Beast Burger,didi,15.47,9.68,0.01,1
10/05/2026,20,COL,Bogotá,08 ANDES,Mr Beast Burger,didi,13.78,9.88,1.13,1
10/05/2026,20,COL,Bogotá,01 USAQUEN,Mr Beast Burger,didi,11.92,1.58,0.92,1
10/05/2026,20,COL,Bogotá,15 ENGATIVA,Mr Beast Burger,didi,12.95,2.07,2.08,1
10/05/2026,21,COL,Bogotá,15 ENGATIVA,Mr Beast Burger,didi,22.2,6.83,1.72,1
10/05/2026,21,COL,Bogotá,01 USAQUEN,Mr Beast Burger,didi,9.06,4.1,11.1,1
10/05/2026,21,COL,Bogotá,38 KENNEDY,Mr Beast Burger,didi,8.63,1.28,10.34,1
10/05/2026,21,COL,Bogotá,06 COLINA,Mr Beast Burger,didi,18.16,15.33,2.02,1
10/05/2026,21,COL,Bogotá,08 ANDES,Mr Beast Burger,didi,11.12,6.37,1.11,1
10/05/2026,21,COL,Bogotá,36 VILLA DEL PRADO,Mr Beast Burger,didi,9.08,0.43,2.06,1
10/05/2026,21,COL,Bogotá,08 ANDES,Mr Beast Burger,didi,12.77,0.6,2.97,1
10/05/2026,21,COL,Bogotá,15 ENGATIVA,Mr Beast Burger,didi,15.12,5.02,0.87,1
10/05/2026,21,COL,Bogotá,06 COLINA,Mr Beast Burger,didi,17.86,13.95,1.09,1
10/05/2026,21,COL,Bogotá,01 USAQUEN,Mr Beast Burger,didi,15.93,7.75,0.24,1
10/05/2026,21,COL,Bogotá,15 ENGATIVA,Mr Beast Burger,didi,20.5,7.25,0.97,1
10/05/2026,21,COL,Bogotá,36 VILLA DEL PRADO,Mr Beast Burger,didi,15.36,11.1,0.68,1
10/05/2026,21,COL,Bogotá,36 VILLA DEL PRADO,Mr Beast Burger,didi,13.03,4.1,1.07,1
10/05/2026,21,COL,Bogotá,08 ANDES,Mr Beast Burger,didi,10.07,9.63,5.36,1
10/05/2026,21,COL,Bogotá,38 KENNEDY,Mr Beast Burger,didi,23.35,19.57,0.97,1
10/05/2026,21,COL,Bogotá,08 ANDES,Mr Beast Burger,didi,9.8,6.45,1.46,1
10/05/2026,21,COL,Bogotá,01 USAQUEN,Mr Beast Burger,didi,8.99,4.65,0.78,1
10/05/2026,21,COL,Bogotá,38 KENNEDY,Mr Beast Burger,didi,15.13,0.8,22,1
10/05/2026,21,COL,Bogotá,08 ANDES,Mr Beast Burger,didi,24.35,15.65,1.59,1
10/05/2026,21,COL,Bogotá,08 ANDES,Mr Beast Burger,didi,12.24,7.92,0.29,1
10/05/2026,21,COL,Bogotá,03 CHAPINERO,Mr Beast Burger,didi,14.47,11.12,1.56,1
10/05/2026,21,COL,Bogotá,03 CHAPINERO,Mr Beast Burger,didi,17.09,12.5,0.2,1
10/05/2026,21,COL,Bogotá,03 CHAPINERO,Mr Beast Burger,didi,17.89,13.92,1.05,1
10/05/2026,21,COL,Bogotá,01 USAQUEN,Mr Beast Burger,didi,12.93,1.88,0.54,1
10/05/2026,21,COL,Bogotá,03 CHAPINERO,Mr Beast Burger,didi,16.88,7.58,0.18,1
10/05/2026,21,COL,Bogotá,36 VILLA DEL PRADO,Mr Beast Burger,didi,14.07,5.43,0.4,1
10/05/2026,21,COL,Bogotá,01 USAQUEN,Mr Beast Burger,didi,10.23,5.6,0.32,1
10/05/2026,21,COL,Bogotá,03 CHAPINERO,Mr Beast Burger,didi,14.27,4.4,1.18,1
10/05/2026,21,COL,Bogotá,03 CHAPINERO,Mr Beast Burger,didi,17.07,7.5,0.42,1
10/05/2026,21,COL,Bogotá,02 PARQUE 93,Mr Beast Burger,didi,12.88,8.6,0.85,1
10/05/2026,21,COL,Bogotá,03 CHAPINERO,Mr Beast Burger,didi,16.57,9.28,1.57,1
10/05/2026,22,COL,Bogotá,02 PARQUE 93,Mr Beast Burger,didi,20.07,14.93,0.87,1
10/05/2026,22,COL,Bogotá,06 COLINA,Mr Beast Burger,didi,29.86,23.87,1.84,1
10/05/2026,22,COL,Bogotá,06 COLINA,Mr Beast Burger,didi,32.89,26.38,1.33,1
10/05/2026,22,COL,Bogotá,01 USAQUEN,Mr Beast Burger,didi,5.97,1.65,0.8,1
10/05/2026,22,COL,Bogotá,03 CHAPINERO,Mr Beast Burger,didi,6.82,2.75,1,1
10/05/2026,22,COL,Bogotá,03 CHAPINERO,Mr Beast Burger,didi,9.15,0.92,2.05,1
10/05/2026,22,COL,Bogotá,01 USAQUEN,Mr Beast Burger,didi,14.21,9.72,0.76,1
10/05/2026,22,COL,Bogotá,01 USAQUEN,Mr Beast Burger,didi,15.25,6.98,0.58,1
10/05/2026,22,COL,Bogotá,03 CHAPINERO,Mr Beast Burger,didi,19.59,15.47,1.06,1
10/05/2026,22,COL,Bogotá,06 COLINA,Mr Beast Burger,didi,22.52,9.2,1.27,1
10/05/2026,22,COL,Bogotá,03 CHAPINERO,Mr Beast Burger,didi,29.6,19.35,0.46,1
10/05/2026,22,COL,Bogotá,03 CHAPINERO,Mr Beast Burger,didi,10.82,6.82,1.04,1
10/05/2026,23,COL,Bogotá,01 USAQUEN,Mr Beast Burger,didi,6.47,1.67,0.32,1
10/05/2026,23,COL,Bogotá,03 CHAPINERO,Mr Beast Burger,didi,18.36,14.45,0.89,1
10/05/2026,23,COL,Bogotá,03 CHAPINERO,Mr Beast Burger,didi,19.87,15.57,0.46,1
10/05/2026,23,COL,Bogotá,02 PARQUE 93,Mr Beast Burger,didi,13.6,8.9,0.31,1
10/05/2026,23,COL,Bogotá,02 PARQUE 93,Mr Beast Burger,didi,11.79,6.88,0.96,1
10/05/2026,23,COL,Bogotá,03 CHAPINERO,Mr Beast Burger,didi,17.27,19.27,10.59,1
10/05/2026,23,COL,Bogotá,02 PARQUE 93,Mr Beast Burger,didi,14.09,8.13,0.72,1
10/05/2026,23,COL,Bogotá,03 CHAPINERO,Mr Beast Burger,didi,18.6,14.67,1.19,1
10/05/2026,23,COL,Bogotá,03 CHAPINERO,Mr Beast Burger,didi,9.85,6.83,2.02,1
10/05/2026,12,COL,Bogotá,36 VILLA DEL PRADO,Numa Cocina Mediterranea,didi,18.15,4.13,0.88,1
10/05/2026,12,COL,Bogotá,36 VILLA DEL PRADO,Numa Cocina Mediterranea,didi,17.83,0.53,2.93,1
10/05/2026,18,COL,Bogotá,01 USAQUEN,Numa Cocina Mediterranea,didi,6.12,0.65,5.86,1
10/05/2026,17,COL,Bogotá,15 ENGATIVA,San Jeronimo,didi,,2.83,14.12,1
10/05/2026,7,COL,Bogotá,38 KENNEDY,SÁNDUCHES EL JEFE,didi,83.09,7.12,5.89,1
10/05/2026,7,COL,Bogotá,03 CHAPINERO,SÁNDUCHES EL JEFE,didi,15.27,1.77,0.59,1
10/05/2026,11,COL,Bogotá,03 CHAPINERO,SÁNDUCHES EL JEFE,didi,18.13,10.6,0.31,1
10/05/2026,15,COL,Bogotá,08 ANDES,SÁNDUCHES EL JEFE,didi,10.93,0.88,3.32,1
10/05/2026,16,COL,Bogotá,15 ENGATIVA,SÁNDUCHES EL JEFE,didi,,5.25,0.88,1
10/05/2026,19,COL,Bogotá,65 CALLE 109,SÁNDUCHES EL JEFE,didi,9.91,4.68,23.23,1
10/05/2026,15,COL,Bogotá,15 ENGATIVA,Selvatiko,didi,,1.72,79.69,1
10/05/2026,9,COL,Bogotá,45 VERAGUAS,Señor Burrito,didi,52.25,8.45,1.18,1
10/05/2026,12,COL,Bogotá,03 CHAPINERO,Señor Burrito,didi,4.16,0.75,10.67,1
10/05/2026,13,COL,Bogotá,02 PARQUE 93,Señor Burrito,didi,41.55,2.77,0.07,1
10/05/2026,15,COL,Bogotá,45 VERAGUAS,Señor Burrito,didi,18.11,15.1,1.93,1
10/05/2026,16,COL,Bogotá,36 VILLA DEL PRADO,Señor Burrito,didi,17,11.35,0.29,1
10/05/2026,17,COL,Bogotá,15 ENGATIVA,Señor Burrito,didi,10.27,5.12,0.7,1
10/05/2026,22,COL,Bogotá,03 CHAPINERO,Señor Burrito,didi,17.89,13.4,0.73,1
10/05/2026,22,COL,Bogotá,03 CHAPINERO,Señor Burrito,didi,12.01,12.77,5.84,1
10/05/2026,7,COL,Bogotá,38 KENNEDY,The Breakfast Club,didi,6.77,0.52,14.02,1
10/05/2026,7,COL,Bogotá,38 KENNEDY,The Breakfast Club,didi,29.82,9.38,0.76,1
10/05/2026,7,COL,Bogotá,06 COLINA,The Breakfast Club,didi,41.94,1.25,10.95,1
10/05/2026,7,COL,Bogotá,02 PARQUE 93,The Breakfast Club,didi,56.1,15.25,1.63,1
10/05/2026,7,COL,Bogotá,01 USAQUEN,The Breakfast Club,didi,62.87,2.67,7.05,1
10/05/2026,7,COL,Bogotá,38 KENNEDY,The Breakfast Club,didi,12.99,4.58,6.94,1
10/05/2026,7,COL,Bogotá,01 USAQUEN,The Breakfast Club,didi,28.21,34.55,19.91,1
10/05/2026,8,COL,Bogotá,01 USAQUEN,The Breakfast Club,didi,7.16,1.72,10.08,1
10/05/2026,8,COL,Bogotá,38 KENNEDY,The Breakfast Club,didi,49.96,5.43,0.44,1
10/05/2026,8,COL,Bogotá,02 PARQUE 93,The Breakfast Club,didi,57.08,0,,1
10/05/2026,8,COL,Bogotá,02 PARQUE 93,The Breakfast Club,didi,55.87,42.12,0.37,1
10/05/2026,9,COL,Bogotá,13 CHIA,The Breakfast Club,didi,32.8,19.12,0.17,1
10/05/2026,9,COL,Bogotá,03 CHAPINERO,The Breakfast Club,didi,17.22,12.9,0.3,1
10/05/2026,9,COL,Bogotá,03 CHAPINERO,The Breakfast Club,didi,7.81,3.27,0.9,1
10/05/2026,9,COL,Bogotá,03 CHAPINERO,The Breakfast Club,didi,7.03,2.52,0.27,1
10/05/2026,9,COL,Bogotá,50 CHICO,The Breakfast Club,didi,3.77,3.53,21.17,1
10/05/2026,10,COL,Bogotá,03 CHAPINERO,The Breakfast Club,didi,5.08,0.37,0.12,1
10/05/2026,10,COL,Bogotá,03 CHAPINERO,The Breakfast Club,didi,19.19,14.82,0.3,1
10/05/2026,11,COL,Bogotá,36 VILLA DEL PRADO,The Breakfast Club,didi,15.04,1.2,6.88,1
10/05/2026,8,COL,Bogotá,02 PARQUE 93,The Egg Spot,didi,63.1,29.67,1.44,1
10/05/2026,15,COL,Bogotá,03 CHAPINERO,Vicio,didi,,0.42,6,1
10/05/2026,18,COL,Bogotá,03 CHAPINERO,Vicio,didi,,0.22,6.8,1
10/05/2026,19,COL,Bogotá,08 ANDES,Vicio,didi,,0.77,34.39,1
10/05/2026,11,COL,Bucaramanga,42 CABECERA,Almuerzos de la Casa,didi,12.9,0.65,2.01,1
10/05/2026,11,COL,Bucaramanga,42 CABECERA,Almuerzos de la Casa,didi,9.17,1.78,62.03,1
10/05/2026,11,COL,Bucaramanga,42 CABECERA,Almuerzos de la Casa,didi,9.01,1.23,39.13,1
10/05/2026,12,COL,Bucaramanga,42 CABECERA,Almuerzos de la Casa,didi,6.22,0.87,13.44,1
10/05/2026,13,COL,Bucaramanga,42 CABECERA,Almuerzos de la Casa,didi,7.7,1.15,30.11,1
10/05/2026,13,COL,Bucaramanga,42 CABECERA,Almuerzos de la Casa,didi,7.04,0.53,14.37,1
10/05/2026,13,COL,Bucaramanga,42 CABECERA,Almuerzos de la Casa,didi,3.81,1.13,28.01,1
10/05/2026,13,COL,Bucaramanga,42 CABECERA,Almuerzos de la Casa,didi,4.73,7.12,9.28,1
10/05/2026,13,COL,Bucaramanga,42 CABECERA,Almuerzos de la Casa,didi,3.37,1.27,2.78,1
10/05/2026,13,COL,Bucaramanga,42 CABECERA,Almuerzos de la Casa,didi,8.92,0.12,13.99,1
10/05/2026,13,COL,Bucaramanga,42 CABECERA,Almuerzos de la Casa,didi,5.08,2.67,30.28,1
10/05/2026,13,COL,Bucaramanga,42 CABECERA,Almuerzos de la Casa,didi,8.85,2.42,5.95,1
10/05/2026,13,COL,Bucaramanga,42 CABECERA,Almuerzos de la Casa,didi,3.08,2.42,5.93,1
10/05/2026,13,COL,Bucaramanga,42 CABECERA,Almuerzos de la Casa,didi,2.92,0,0.93,1
10/05/2026,15,COL,Bucaramanga,42 CABECERA,Almuerzos de la Casa,didi,14.9,3.07,0.11,1
10/05/2026,15,COL,Bucaramanga,42 CABECERA,Almuerzos de la Casa,didi,8.58,1.68,0.96,1
10/05/2026,16,COL,Bucaramanga,42 CABECERA,Almuerzos de la Casa,didi,5.67,0.08,5.2,1
10/05/2026,16,COL,Bucaramanga,42 CABECERA,Almuerzos de la Casa,didi,6.85,1.45,2.82,1
10/05/2026,18,COL,Bucaramanga,42 CABECERA,Almuerzos de la Casa,didi,2.99,0,1.02,1
10/05/2026,19,COL,Bucaramanga,42 CABECERA,Almuerzos de la Casa,didi,3.93,0,0.65,1
10/05/2026,22,COL,Bucaramanga,42 CABECERA,Brunch & Munch,didi,,7.73,1.04,1
10/05/2026,11,COL,Bucaramanga,42 CABECERA,Burritos & Co,didi,5.77,0.4,8.33,1
10/05/2026,13,COL,Bucaramanga,42 CABECERA,Burritos & Co,didi,3.19,0.83,25.98,1
10/05/2026,15,COL,Bucaramanga,42 CABECERA,Burritos & Co,didi,3.15,0.52,5,1
10/05/2026,10,COL,Bucaramanga,42 CABECERA,Cinnabon,didi,2.26,0.42,14.96,1
10/05/2026,7,COL,Bucaramanga,42 CABECERA,Desayunos de la Abuela,didi,40.87,34.57,16.21,1
10/05/2026,7,COL,Bucaramanga,42 CABECERA,Desayunos de la Abuela,didi,67,0.92,10.08,1
10/05/2026,23,COL,Bucaramanga,42 CABECERA,Green House,didi,17.21,11.13,0.31,1
10/05/2026,11,COL,Bucaramanga,42 CABECERA,La Casa Mexicana,didi,10.87,0.55,27.81,1
10/05/2026,11,COL,Bucaramanga,42 CABECERA,La Casa Mexicana,didi,2.96,1.73,7.66,1
10/05/2026,12,COL,Bucaramanga,42 CABECERA,La Casa Mexicana,didi,5.74,0.88,7.93,1
10/05/2026,12,COL,Bucaramanga,42 CABECERA,La Casa Mexicana,didi,9.02,1.5,4.8,1
10/05/2026,14,COL,Bucaramanga,42 CABECERA,La Casa Mexicana,didi,1.84,0,2.05,1
10/05/2026,14,COL,Bucaramanga,42 CABECERA,La Casa Mexicana,didi,7.03,2.38,0.19,1
10/05/2026,15,COL,Bucaramanga,42 CABECERA,La Casa Mexicana,didi,7.45,0.6,2.51,1
10/05/2026,15,COL,Bucaramanga,42 CABECERA,La Casa Mexicana,didi,4.32,0.65,1.06,1
10/05/2026,16,COL,Bucaramanga,42 CABECERA,La Casa Mexicana,didi,3.54,0.33,3.41,1
10/05/2026,21,COL,Bucaramanga,42 CABECERA,La Casa Mexicana,didi,3.95,2,4.47,1
10/05/2026,23,COL,Bucaramanga,42 CABECERA,La Casa Mexicana,didi,10.78,5.5,18.93,1
10/05/2026,23,COL,Bucaramanga,42 CABECERA,La Casa Mexicana,didi,17.85,6.4,0.34,1
10/05/2026,12,COL,Bucaramanga,42 CABECERA,La Cuadra,didi,5.13,1.03,12.17,1
10/05/2026,12,COL,Bucaramanga,42 CABECERA,La Cuadra,didi,8.79,4.15,7.18,1
10/05/2026,12,COL,Bucaramanga,42 CABECERA,La Cuadra,didi,1.44,1.37,5.54,1
10/05/2026,13,COL,Bucaramanga,42 CABECERA,La Cuadra,didi,2.34,1,12.98,1
10/05/2026,13,COL,Bucaramanga,42 CABECERA,La Cuadra,didi,1.89,0.67,10.77,1
10/05/2026,13,COL,Bucaramanga,42 CABECERA,La Cuadra,didi,5.99,0.37,18.95,1
10/05/2026,13,COL,Bucaramanga,42 CABECERA,La Cuadra,didi,8.86,0.45,9.76,1
10/05/2026,13,COL,Bucaramanga,42 CABECERA,La Cuadra,didi,5.1,0.65,40.71,1
10/05/2026,14,COL,Bucaramanga,42 CABECERA,La Cuadra,didi,3.19,0.42,2.05,1
10/05/2026,15,COL,Bucaramanga,42 CABECERA,La Cuadra,didi,8.84,0.53,0.95,1
10/05/2026,19,COL,Bucaramanga,42 CABECERA,La Cuadra,didi,7.93,3.48,0.33,1
10/05/2026,21,COL,Bucaramanga,42 CABECERA,La Cuadra,didi,8.17,3.9,0.75,1
10/05/2026,10,COL,Bucaramanga,42 CABECERA,LA ÑAMGUCHERIA,didi,11.8,1.03,13.76,1
10/05/2026,21,COL,Bucaramanga,42 CABECERA,LA ÑAMGUCHERIA,didi,12.01,3.83,0.26,1
10/05/2026,21,COL,Bucaramanga,42 CABECERA,LA ÑAMGUCHERIA,didi,10.86,3.83,1.32,1
10/05/2026,11,COL,Bucaramanga,42 CABECERA,Mr Beast Burger,didi,8.37,4.07,0.66,1
10/05/2026,12,COL,Bucaramanga,42 CABECERA,Mr Beast Burger,didi,6.68,0.53,3.23,1
10/05/2026,12,COL,Bucaramanga,42 CABECERA,Mr Beast Burger,didi,7.21,0.98,11.24,1
10/05/2026,12,COL,Bucaramanga,42 CABECERA,Mr Beast Burger,didi,6.95,1.37,5.47,1
10/05/2026,13,COL,Bucaramanga,42 CABECERA,Mr Beast Burger,didi,13.96,5.35,2.85,1
10/05/2026,13,COL,Bucaramanga,42 CABECERA,Mr Beast Burger,didi,14.84,5.35,1.93,1
10/05/2026,13,COL,Bucaramanga,42 CABECERA,Mr Beast Burger,didi,10.99,0.48,17.2,1
10/05/2026,14,COL,Bucaramanga,42 CABECERA,Mr Beast Burger,didi,15.14,11.35,1.06,1
10/05/2026,16,COL,Bucaramanga,42 CABECERA,Mr Beast Burger,didi,16,10.32,0,1
10/05/2026,17,COL,Bucaramanga,42 CABECERA,Mr Beast Burger,didi,8.47,0.63,7.5,1
10/05/2026,17,COL,Bucaramanga,42 CABECERA,Mr Beast Burger,didi,10.89,4.97,0.92,1
10/05/2026,20,COL,Bucaramanga,42 CABECERA,Mr Beast Burger,didi,17.42,12.68,0.52,1
10/05/2026,21,COL,Bucaramanga,42 CABECERA,Mr Beast Burger,didi,9.05,0.98,2.89,1
10/05/2026,21,COL,Bucaramanga,42 CABECERA,Mr Beast Burger,didi,15.27,10.92,0.66,1
10/05/2026,21,COL,Bucaramanga,42 CABECERA,Mr Beast Burger,didi,14.97,12.37,2.63,1
10/05/2026,23,COL,Bucaramanga,42 CABECERA,Mr Beast Burger,didi,15.28,9.4,0.75,1
10/05/2026,8,COL,Bucaramanga,42 CABECERA,SÁNDUCHES EL JEFE,didi,,0.6,14.59,1
10/05/2026,10,COL,Bucaramanga,42 CABECERA,SÁNDUCHES EL JEFE,didi,7.28,1.53,8.18,1
10/05/2026,19,COL,Bucaramanga,42 CABECERA,SÁNDUCHES EL JEFE,didi,8.59,0.65,4.03,1
10/05/2026,17,COL,Bucaramanga,42 CABECERA,Selvatiko,didi,,2.52,12.63,1
10/05/2026,18,COL,Bucaramanga,42 CABECERA,Señor Burrito,didi,9.23,8.75,4.2,1
10/05/2026,20,COL,Bucaramanga,42 CABECERA,Señor Burrito,didi,7.01,1.68,32.15,1
10/05/2026,7,COL,Bucaramanga,42 CABECERA,The Breakfast Club,didi,9,2.27,0.55,1
10/05/2026,7,COL,Bucaramanga,42 CABECERA,The Breakfast Club,didi,72.07,52.88,2.94,1
10/05/2026,14,COL,Cali,24 SAN FERNANDO,Alba Vegetarian,didi,4.13,0.37,9.83,1
10/05/2026,21,COL,Cali,46 INGENIO,Alba Vegetarian,didi,13.65,0.58,5.52,1
10/05/2026,11,COL,Cali,46 INGENIO,Almuerzos de la Casa,didi,14.79,10.1,0.26,1
10/05/2026,12,COL,Cali,24 SAN FERNANDO,Almuerzos de la Casa,didi,17.9,1.9,0.32,1
10/05/2026,12,COL,Cali,22 SANTA MONICA,Almuerzos de la Casa,didi,17.15,13.75,1.29,1
10/05/2026,14,COL,Cali,24 SAN FERNANDO,Almuerzos de la Casa,didi,7.94,0.52,37.01,1
10/05/2026,14,COL,Cali,22 SANTA MONICA,Almuerzos de la Casa,didi,15.82,1.42,6.36,1
10/05/2026,16,COL,Cali,22 SANTA MONICA,Almuerzos de la Casa,didi,11.52,8.12,1.94,1
10/05/2026,19,COL,Cali,22 SANTA MONICA,Almuerzos de la Casa,didi,11.77,2.22,19.91,1
10/05/2026,14,COL,Cali,24 SAN FERNANDO,Avocalia,didi,11.81,0.83,14.97,1
10/05/2026,16,COL,Cali,22 SANTA MONICA,Avocalia,didi,7.03,3.13,44.53,1
10/05/2026,22,COL,Cali,24 SAN FERNANDO,Avocalia,didi,7.07,2.3,0.51,1
10/05/2026,7,COL,Cali,46 INGENIO,Brunch & Munch,didi,58.54,2.17,9.91,1
10/05/2026,7,COL,Cali,46 INGENIO,Brunch & Munch,didi,66.98,42.02,0.3,1
10/05/2026,7,COL,Cali,22 SANTA MONICA,Brunch & Munch,didi,61.02,15.23,16.7,1
10/05/2026,8,COL,Cali,24 SAN FERNANDO,Brunch & Munch,didi,,0,,1
10/05/2026,8,COL,Cali,24 SAN FERNANDO,Brunch & Munch,didi,100.59,0,,1
10/05/2026,9,COL,Cali,22 SANTA MONICA,Brunch & Munch,didi,94.67,53.05,1.19,1
10/05/2026,9,COL,Cali,24 SAN FERNANDO,Brunch & Munch,didi,98.9,29.92,0.14,1
10/05/2026,9,COL,Cali,24 SAN FERNANDO,Brunch & Munch,didi,129.24,13.18,2.05,1
10/05/2026,9,COL,Cali,24 SAN FERNANDO,Brunch & Munch,didi,92.09,0,,1
10/05/2026,17,COL,Cali,24 SAN FERNANDO,Brunch & Munch,didi,6.71,2.4,14,1
10/05/2026,7,COL,Cali,24 SAN FERNANDO,Brunch Club,didi,42.86,31.57,0.92,1
10/05/2026,8,COL,Cali,24 SAN FERNANDO,Brunch Club,didi,,0,,1
10/05/2026,8,COL,Cali,24 SAN FERNANDO,Brunch Club,didi,,0,,1
10/05/2026,9,COL,Cali,22 SANTA MONICA,Brunch Club,didi,,0,,1
10/05/2026,9,COL,Cali,24 SAN FERNANDO,Brunch Club,didi,,0,,1
10/05/2026,9,COL,Cali,46 INGENIO,Brunch Club,didi,25.92,14.6,0.27,1
10/05/2026,17,COL,Cali,46 INGENIO,Brunch Club,didi,,5.3,0.6,1
10/05/2026,9,COL,Cali,22 SANTA MONICA,Burritos & Co,didi,,0,,1
10/05/2026,16,COL,Cali,46 INGENIO,Burritos & Co,didi,8.74,0.65,26.09,1
10/05/2026,19,COL,Cali,46 INGENIO,Burritos & Co,didi,6.62,1.67,15.27,1
10/05/2026,19,COL,Cali,46 INGENIO,Burritos & Co,didi,6.22,1.33,18.8,1
10/05/2026,22,COL,Cali,46 INGENIO,Burritos & Co,didi,7.73,1.07,11.07,1
10/05/2026,23,COL,Cali,46 INGENIO,Burritos & Co,didi,8.08,0,,1
10/05/2026,8,COL,Cali,24 SAN FERNANDO,Desayunos de la Abuela,didi,125.16,0,,1
10/05/2026,9,COL,Cali,22 SANTA MONICA,Desayunos de la Abuela,didi,96.97,0,,1
10/05/2026,9,COL,Cali,22 SANTA MONICA,Desayunos de la Abuela,didi,92.32,22.57,2.91,1
10/05/2026,10,COL,Cali,24 SAN FERNANDO,Desayunos de la Abuela,didi,22.23,7.48,29.99,1
10/05/2026,11,COL,Cali,46 INGENIO,Desayunos de la Abuela,didi,8.86,6.03,3.19,1
10/05/2026,11,COL,Cali,22 SANTA MONICA,Desayunos de la Abuela,didi,17.85,16.28,3.3,1
10/05/2026,14,COL,Cali,24 SAN FERNANDO,El Ejecutivo,didi,7.15,4.77,2.7,1
10/05/2026,13,COL,Cali,22 SANTA MONICA,Green House,didi,13.13,1.23,1.99,1
10/05/2026,14,COL,Cali,46 INGENIO,Green House,didi,21.11,10.93,1.11,1
10/05/2026,16,COL,Cali,24 SAN FERNANDO,Green House,didi,8.92,1,1.9,1
10/05/2026,16,COL,Cali,46 INGENIO,Green House,didi,10.19,0.55,20.54,1
10/05/2026,17,COL,Cali,22 SANTA MONICA,Green House,didi,6.09,7.23,6.02,1
10/05/2026,19,COL,Cali,46 INGENIO,Green House,didi,9.36,0.82,3.98,1
10/05/2026,23,COL,Cali,46 INGENIO,Green House,didi,16.92,9.37,0.83,1
10/05/2026,17,COL,Cali,24 SAN FERNANDO,La Casa Mexicana,didi,20.2,8.55,1.27,1
10/05/2026,20,COL,Cali,46 INGENIO,La Casa Mexicana,didi,19.32,8.9,1.06,1
10/05/2026,21,COL,Cali,46 INGENIO,La Casa Mexicana,didi,9.64,1.77,9.12,1
10/05/2026,21,COL,Cali,24 SAN FERNANDO,La Casa Mexicana,didi,14.85,1.75,7.33,1
10/05/2026,21,COL,Cali,46 INGENIO,La Casa Mexicana,didi,4.05,2.13,19.22,1
10/05/2026,22,COL,Cali,46 INGENIO,La Casa Mexicana,didi,5.79,0.55,3.24,1
10/05/2026,23,COL,Cali,46 INGENIO,La Casa Mexicana,didi,4.84,2.75,3.18,1
10/05/2026,23,COL,Cali,46 INGENIO,La Casa Mexicana,didi,6.28,0.62,15.82,1
10/05/2026,11,COL,Cali,24 SAN FERNANDO,La Cuadra,didi,30.73,1.23,5.14,1
10/05/2026,11,COL,Cali,24 SAN FERNANDO,La Cuadra,didi,15.89,1.47,6.78,1
10/05/2026,12,COL,Cali,46 INGENIO,La Cuadra,didi,10.84,0.67,1.81,1
10/05/2026,13,COL,Cali,46 INGENIO,La Cuadra,didi,22.8,1.02,16.77,1
10/05/2026,13,COL,Cali,46 INGENIO,La Cuadra,didi,5.06,0.77,4.22,1
10/05/2026,14,COL,Cali,24 SAN FERNANDO,La Cuadra,didi,18.1,9.78,1.73,1
10/05/2026,14,COL,Cali,46 INGENIO,La Cuadra,didi,8.68,1.72,15.28,1
10/05/2026,14,COL,Cali,22 SANTA MONICA,La Cuadra,didi,7.78,2.23,5.28,1
10/05/2026,15,COL,Cali,24 SAN FERNANDO,La Cuadra,didi,1.91,1.35,10.1,1
10/05/2026,15,COL,Cali,24 SAN FERNANDO,La Cuadra,didi,7.99,3.5,27.71,1
10/05/2026,16,COL,Cali,46 INGENIO,La Cuadra,didi,3.87,1.3,39.16,1
10/05/2026,17,COL,Cali,22 SANTA MONICA,La Cuadra,didi,14.4,7.75,1.45,1
10/05/2026,19,COL,Cali,46 INGENIO,La Cuadra,didi,8.62,0.5,2.5,1
10/05/2026,23,COL,Cali,22 SANTA MONICA,La Cuadra,didi,11.28,3.48,21.82,1
10/05/2026,10,COL,Cali,46 INGENIO,LA ÑAMGUCHERIA,didi,36.4,27.43,1.84,1
10/05/2026,14,COL,Cali,46 INGENIO,LA ÑAMGUCHERIA,didi,29.09,20.42,1.93,1
10/05/2026,15,COL,Cali,46 INGENIO,LA ÑAMGUCHERIA,didi,8.99,5.05,13.72,1
10/05/2026,20,COL,Cali,46 INGENIO,LA ÑAMGUCHERIA,didi,24.59,6.07,2.05,1
10/05/2026,20,COL,Cali,46 INGENIO,LA ÑAMGUCHERIA,didi,9.24,1.5,25.86,1
10/05/2026,22,COL,Cali,24 SAN FERNANDO,LA ÑAMGUCHERIA,didi,12.53,0.48,7.66,1
10/05/2026,11,COL,Cali,46 INGENIO,Mr Beast Burger,didi,18.93,3.85,0.07,1
10/05/2026,13,COL,Cali,46 INGENIO,Mr Beast Burger,didi,32.04,0.42,15.83,1
10/05/2026,13,COL,Cali,46 INGENIO,Mr Beast Burger,didi,18.96,5.9,4.16,1
10/05/2026,13,COL,Cali,22 SANTA MONICA,Mr Beast Burger,didi,10.04,0,,1
10/05/2026,14,COL,Cali,46 INGENIO,Mr Beast Burger,didi,14.83,0.98,27.98,1
10/05/2026,14,COL,Cali,46 INGENIO,Mr Beast Burger,didi,18.17,6.97,1.08,1
10/05/2026,14,COL,Cali,24 SAN FERNANDO,Mr Beast Burger,didi,22.9,1,9.74,1
10/05/2026,14,COL,Cali,24 SAN FERNANDO,Mr Beast Burger,didi,18.2,8.5,0,1
10/05/2026,14,COL,Cali,24 SAN FERNANDO,Mr Beast Burger,didi,19.38,0.68,1.68,1
10/05/2026,15,COL,Cali,46 INGENIO,Mr Beast Burger,didi,12.01,8.1,1.01,1
10/05/2026,15,COL,Cali,46 INGENIO,Mr Beast Burger,didi,9.72,2.87,0.03,1
10/05/2026,15,COL,Cali,46 INGENIO,Mr Beast Burger,didi,19.96,15.65,0.46,1
10/05/2026,16,COL,Cali,22 SANTA MONICA,Mr Beast Burger,didi,8.57,9.2,5.53,1
10/05/2026,16,COL,Cali,24 SAN FERNANDO,Mr Beast Burger,didi,9.1,1.03,13.42,1
10/05/2026,16,COL,Cali,22 SANTA MONICA,Mr Beast Burger,didi,13,1.05,19.71,1
10/05/2026,16,COL,Cali,22 SANTA MONICA,Mr Beast Burger,didi,7.86,1.7,13.41,1
10/05/2026,18,COL,Cali,22 SANTA MONICA,Mr Beast Burger,didi,16.02,5.25,11.79,1
10/05/2026,18,COL,Cali,46 INGENIO,Mr Beast Burger,didi,17.14,13.43,1.09,1
10/05/2026,18,COL,Cali,46 INGENIO,Mr Beast Burger,didi,10.31,0.58,22.09,1
10/05/2026,18,COL,Cali,46 INGENIO,Mr Beast Burger,didi,13.7,0.58,14.19,1
10/05/2026,18,COL,Cali,46 INGENIO,Mr Beast Burger,didi,11.35,0.78,0.89,1
10/05/2026,18,COL,Cali,46 INGENIO,Mr Beast Burger,didi,11.15,0.85,20.08,1
10/05/2026,18,COL,Cali,46 INGENIO,Mr Beast Burger,didi,11.07,0.58,1.33,1
10/05/2026,18,COL,Cali,24 SAN FERNANDO,Mr Beast Burger,didi,15.02,9.73,3.92,1
10/05/2026,18,COL,Cali,46 INGENIO,Mr Beast Burger,didi,9.78,2.6,0.56,1
10/05/2026,19,COL,Cali,46 INGENIO,Mr Beast Burger,didi,11.88,8.72,17.89,1
10/05/2026,19,COL,Cali,22 SANTA MONICA,Mr Beast Burger,didi,17.11,13.45,1.54,1
10/05/2026,19,COL,Cali,46 INGENIO,Mr Beast Burger,didi,9.13,5.35,1.06,1
10/05/2026,19,COL,Cali,22 SANTA MONICA,Mr Beast Burger,didi,20.95,10.97,5.11,1
10/05/2026,19,COL,Cali,46 INGENIO,Mr Beast Burger,didi,10.05,1.07,29.86,1
10/05/2026,19,COL,Cali,46 INGENIO,Mr Beast Burger,didi,10.83,1.4,3.36,1
10/05/2026,19,COL,Cali,46 INGENIO,Mr Beast Burger,didi,10.97,1.3,0.36,1
10/05/2026,20,COL,Cali,46 INGENIO,Mr Beast Burger,didi,13.09,9.03,0.92,1
10/05/2026,20,COL,Cali,46 INGENIO,Mr Beast Burger,didi,12.02,0.62,16.85,1
10/05/2026,20,COL,Cali,46 INGENIO,Mr Beast Burger,didi,19.11,12.18,3.1,1
10/05/2026,20,COL,Cali,46 INGENIO,Mr Beast Burger,didi,17.89,0.58,5,1
10/05/2026,20,COL,Cali,22 SANTA MONICA,Mr Beast Burger,didi,7.94,2.28,3.14,1
10/05/2026,20,COL,Cali,24 SAN FERNANDO,Mr Beast Burger,didi,8.02,2.23,1.19,1
10/05/2026,20,COL,Cali,46 INGENIO,Mr Beast Burger,didi,13.47,6.83,5.26,1
10/05/2026,20,COL,Cali,24 SAN FERNANDO,Mr Beast Burger,didi,5.92,0.73,7.27,1
10/05/2026,20,COL,Cali,46 INGENIO,Mr Beast Burger,didi,12.98,6.83,0.82,1
10/05/2026,21,COL,Cali,24 SAN FERNANDO,Mr Beast Burger,didi,15.12,10.48,0.55,1
10/05/2026,21,COL,Cali,46 INGENIO,Mr Beast Burger,didi,11.59,1.68,16.24,1
10/05/2026,21,COL,Cali,22 SANTA MONICA,Mr Beast Burger,didi,16.31,11.93,4.03,1
10/05/2026,21,COL,Cali,24 SAN FERNANDO,Mr Beast Burger,didi,13.52,1.93,0.72,1
10/05/2026,21,COL,Cali,24 SAN FERNANDO,Mr Beast Burger,didi,11.35,0.55,2.12,1
10/05/2026,21,COL,Cali,46 INGENIO,Mr Beast Burger,didi,5.98,0.68,5.81,1
10/05/2026,21,COL,Cali,24 SAN FERNANDO,Mr Beast Burger,didi,8.06,0.55,2.11,1
10/05/2026,21,COL,Cali,24 SAN FERNANDO,Mr Beast Burger,didi,12.62,2.22,6.23,1
10/05/2026,22,COL,Cali,46 INGENIO,Mr Beast Burger,didi,7.77,2.87,6.14,1
10/05/2026,22,COL,Cali,24 SAN FERNANDO,Mr Beast Burger,didi,17.84,7.12,0.15,1
10/05/2026,22,COL,Cali,46 INGENIO,Mr Beast Burger,didi,5.21,0.73,62.67,1
10/05/2026,23,COL,Cali,24 SAN FERNANDO,Mr Beast Burger,didi,9.04,0.97,0.78,1
10/05/2026,23,COL,Cali,22 SANTA MONICA,Mr Beast Burger,didi,12.01,3.12,2.01,1
10/05/2026,23,COL,Cali,46 INGENIO,Mr Beast Burger,didi,6.01,0,,1
10/05/2026,23,COL,Cali,24 SAN FERNANDO,Mr Beast Burger,didi,12.5,0,,1
10/05/2026,7,COL,Cali,24 SAN FERNANDO,SÁNDUCHES EL JEFE,didi,38.8,6.87,0.86,1
10/05/2026,21,COL,Cali,24 SAN FERNANDO,SÁNDUCHES EL JEFE,didi,9.74,2.62,0.35,1
10/05/2026,11,COL,Cali,24 SAN FERNANDO,Señor Burrito,didi,45.12,1.02,4.17,1
10/05/2026,20,COL,Cali,24 SAN FERNANDO,Señor Burrito,didi,7.61,0.92,5.18,1
10/05/2026,23,COL,Cali,24 SAN FERNANDO,Señor Burrito,didi,15.73,0.25,1.96,1
10/05/2026,7,COL,Cali,24 SAN FERNANDO,The Breakfast Club,didi,92.79,10.72,0.37,1
10/05/2026,19,COL,Cali,22 SANTA MONICA,The Breakfast Club,didi,19.21,7.97,17.86,1
10/05/2026,7,COL,Cali,22 SANTA MONICA,The Egg Spot,didi,23.93,7.5,0.17,1
10/05/2026,16,COL,Cali,24 SAN FERNANDO,Vicio,didi,,19.12,11.5,1
10/05/2026,11,COL,Cartagena,33 CARTAGENA,Alba Vegetarian,didi,13.28,4.85,1.1,1
10/05/2026,12,COL,Cartagena,33 CARTAGENA,Almuerzos de la Casa,didi,21.03,3.88,0.39,1
10/05/2026,13,COL,Cartagena,33 CARTAGENA,Almuerzos de la Casa,didi,16.08,1.32,20.79,1
10/05/2026,22,COL,Cartagena,33 CARTAGENA,Dembow,didi,11.49,3.98,0.89,1
10/05/2026,10,COL,Cartagena,33 CARTAGENA,Desayunos de la Abuela,didi,24.39,1.9,40.89,1
10/05/2026,20,COL,Cartagena,33 CARTAGENA,Desayunos de la Abuela,didi,,1.48,5.2,1
10/05/2026,12,COL,Cartagena,33 CARTAGENA,El Ejecutivo,didi,18.16,1.63,0,1
10/05/2026,12,COL,Cartagena,33 CARTAGENA,El Ejecutivo,didi,12.99,8.57,0.33,1
10/05/2026,13,COL,Cartagena,33 CARTAGENA,El Ejecutivo,didi,14.44,8.52,2.76,1
10/05/2026,23,COL,Cartagena,33 CARTAGENA,El Ejecutivo,didi,13.29,8.47,1.1,1
10/05/2026,23,COL,Cartagena,33 CARTAGENA,El Ejecutivo,didi,8.87,0,,1
10/05/2026,12,COL,Cartagena,33 CARTAGENA,Green House,didi,20.23,5.58,12.13,1
10/05/2026,12,COL,Cartagena,33 CARTAGENA,Green House,didi,21.28,17.15,0.8,1
10/05/2026,14,COL,Cartagena,33 CARTAGENA,Green House,didi,26.06,0.97,0.14,1
10/05/2026,15,COL,Cartagena,33 CARTAGENA,Green House,didi,21.2,2.63,1.97,1
10/05/2026,12,COL,Cartagena,33 CARTAGENA,La Cuadra,didi,18.96,12.85,0.3,1
10/05/2026,14,COL,Cartagena,33 CARTAGENA,La Cuadra,didi,15.03,1.12,6.61,1
10/05/2026,10,COL,Cartagena,33 CARTAGENA,LA ÑAMGUCHERIA,didi,12.11,8.2,12.01,1
10/05/2026,11,COL,Cartagena,33 CARTAGENA,LA ÑAMGUCHERIA,didi,19.36,0.22,0.68,1
10/05/2026,20,COL,Cartagena,33 CARTAGENA,LA PANQUEQUERIA,didi,,5.2,25.72,1
10/05/2026,12,COL,Cartagena,33 CARTAGENA,Mr Beast Burger,didi,17.31,8.55,0.78,1
10/05/2026,14,COL,Cartagena,33 CARTAGENA,Mr Beast Burger,didi,22.04,15.6,1.8,1
10/05/2026,15,COL,Cartagena,33 CARTAGENA,Mr Beast Burger,didi,13.98,3.97,0.62,1
10/05/2026,19,COL,Cartagena,33 CARTAGENA,Mr Beast Burger,didi,29.82,14.1,1.07,1
10/05/2026,21,COL,Cartagena,33 CARTAGENA,Mr Beast Burger,didi,14.99,0.42,3.33,1
10/05/2026,21,COL,Cartagena,33 CARTAGENA,Mr Beast Burger,didi,26.87,9.1,0.41,1
10/05/2026,21,COL,Cartagena,33 CARTAGENA,Mr Beast Burger,didi,27.9,1.1,2.69,1
10/05/2026,22,COL,Cartagena,33 CARTAGENA,Mr Beast Burger,didi,13.35,9.35,0.83,1
10/05/2026,20,COL,Cartagena,33 CARTAGENA,SÁNDUCHES EL JEFE,didi,5.37,1.17,4.99,1
10/05/2026,11,COL,Medellín,18 BELLO,Alba Vegetarian,didi,26.81,19.62,0.1,1
10/05/2026,13,COL,Medellín,29 ITAGUI,Alba Vegetarian,didi,19.81,3.25,1.94,1
10/05/2026,13,COL,Medellín,12 LAURELES,Alba Vegetarian,didi,8.1,4.5,21.3,1
10/05/2026,13,COL,Medellín,11 MANILA,Alba Vegetarian,didi,3.87,0.77,2.98,1
10/05/2026,13,COL,Medellín,14 ENVIGADO,Alba Vegetarian,didi,9.19,6.52,2.51,1
10/05/2026,13,COL,Medellín,12 LAURELES,Alba Vegetarian,didi,3.74,1.1,21.05,1
10/05/2026,14,COL,Medellín,29 ITAGUI,Alba Vegetarian,didi,15.21,2.77,0.8,1
10/05/2026,18,COL,Medellín,14 ENVIGADO,Alba Vegetarian,didi,6.77,2.77,1.07,1
10/05/2026,19,COL,Medellín,12 LAURELES,Alba Vegetarian,didi,5.07,3.23,3.07,1
10/05/2026,19,COL,Medellín,14 ENVIGADO,Alba Vegetarian,didi,14.84,4.47,0.82,1
10/05/2026,23,COL,Medellín,12 LAURELES,Alba Vegetarian,didi,,0,0.21,1
10/05/2026,12,COL,Medellín,12 LAURELES,Almuerzos de la Casa,didi,6.89,4.25,2.26,1
10/05/2026,12,COL,Medellín,11 MANILA,Almuerzos de la Casa,didi,11.26,4.13,0.96,1
10/05/2026,12,COL,Medellín,12 LAURELES,Almuerzos de la Casa,didi,4.04,7.33,28.84,1
10/05/2026,12,COL,Medellín,29 ITAGUI,Almuerzos de la Casa,didi,76.15,33.4,1.99,1
10/05/2026,13,COL,Medellín,14 ENVIGADO,Almuerzos de la Casa,didi,11.01,6.9,0.94,1
10/05/2026,13,COL,Medellín,14 ENVIGADO,Almuerzos de la Casa,didi,11.91,1.62,0.96,1
10/05/2026,14,COL,Medellín,14 ENVIGADO,Almuerzos de la Casa,didi,14,6.3,0.93,1
10/05/2026,14,COL,Medellín,12 LAURELES,Almuerzos de la Casa,didi,6.59,2.1,0.44,1
10/05/2026,15,COL,Medellín,29 ITAGUI,Almuerzos de la Casa,didi,8.09,0.47,4.91,1
10/05/2026,15,COL,Medellín,12 LAURELES,Almuerzos de la Casa,didi,4.83,1.82,2.04,1
10/05/2026,16,COL,Medellín,11 MANILA,Almuerzos de la Casa,didi,8.1,3.82,0.88,1
10/05/2026,16,COL,Medellín,11 MANILA,Almuerzos de la Casa,didi,3.33,1.4,7.77,1
10/05/2026,16,COL,Medellín,12 LAURELES,Almuerzos de la Casa,didi,5.16,1.1,0.97,1
10/05/2026,17,COL,Medellín,12 LAURELES,Almuerzos de la Casa,didi,6.93,8.05,6.08,1
10/05/2026,9,COL,Medellín,14 ENVIGADO,Avocalia,didi,97.46,42.47,0.24,1
10/05/2026,11,COL,Medellín,12 LAURELES,Avocalia,didi,5.75,1.37,11.1,1
10/05/2026,13,COL,Medellín,14 ENVIGADO,Avocalia,didi,13.21,3.93,21.9,1
10/05/2026,14,COL,Medellín,18 BELLO,Avocalia,didi,3.92,1.43,12.13,1
10/05/2026,16,COL,Medellín,18 BELLO,Avocalia,didi,17.71,13.87,1.2,1
10/05/2026,18,COL,Medellín,18 BELLO,Avocalia,didi,14.15,10.77,1.28,1
10/05/2026,19,COL,Medellín,29 ITAGUI,Avocalia,didi,16.76,7.5,0.94,1
10/05/2026,19,COL,Medellín,29 ITAGUI,Avocalia,didi,9.41,4.37,14.46,1
10/05/2026,20,COL,Medellín,14 ENVIGADO,Avocalia,didi,9.01,1.62,0.29,1
10/05/2026,21,COL,Medellín,12 LAURELES,Avocalia,didi,3.1,0.95,15.91,1
10/05/2026,11,COL,Medellín,29 ITAGUI,Bottaniko,didi,86.23,23.03,0.79,1
10/05/2026,14,COL,Medellín,12 LAURELES,Bottaniko,didi,27.8,19.25,1.69,1
10/05/2026,21,COL,Medellín,11 MANILA,Bottaniko,didi,,0.72,26.38,1
10/05/2026,7,COL,Medellín,18 BELLO,Brunch & Munch,didi,4.8,0.75,2.19,1
10/05/2026,7,COL,Medellín,11 MANILA,Brunch & Munch,didi,21.02,14.27,0.6,1
10/05/2026,7,COL,Medellín,29 ITAGUI,Brunch & Munch,didi,56.69,5.12,0.22,1
10/05/2026,7,COL,Medellín,12 LAURELES,Brunch & Munch,didi,5.03,1.9,15.02,1
10/05/2026,7,COL,Medellín,18 BELLO,Brunch & Munch,didi,1.46,2.3,6.11,1
10/05/2026,7,COL,Medellín,29 ITAGUI,Brunch & Munch,didi,40.14,1.08,4.54,1
10/05/2026,7,COL,Medellín,11 MANILA,Brunch & Munch,didi,26.01,12.07,0.17,1
10/05/2026,7,COL,Medellín,11 MANILA,Brunch & Munch,didi,26.04,6.4,0.88,1
10/05/2026,7,COL,Medellín,14 ENVIGADO,Brunch & Munch,didi,29.93,5.35,0.55,1
10/05/2026,7,COL,Medellín,29 ITAGUI,Brunch & Munch,didi,44.06,6.63,0.95,1
10/05/2026,7,COL,Medellín,12 LAURELES,Brunch & Munch,didi,21.14,11.03,0.08,1
10/05/2026,7,COL,Medellín,18 BELLO,Brunch & Munch,didi,4.23,2.3,10.65,1
10/05/2026,7,COL,Medellín,12 LAURELES,Brunch & Munch,didi,23.3,2.92,5.94,1
10/05/2026,8,COL,Medellín,18 BELLO,Brunch & Munch,didi,8.02,3.38,0.19,1
10/05/2026,8,COL,Medellín,11 MANILA,Brunch & Munch,didi,47.39,8.28,0.73,1
10/05/2026,8,COL,Medellín,14 ENVIGADO,Brunch & Munch,didi,63.4,18.28,0.09,1
10/05/2026,8,COL,Medellín,29 ITAGUI,Brunch & Munch,didi,52.06,40.3,18.97,1
10/05/2026,8,COL,Medellín,14 ENVIGADO,Brunch & Munch,didi,95.33,4.72,2.96,1
10/05/2026,8,COL,Medellín,14 ENVIGADO,Brunch & Munch,didi,,0,,1
10/05/2026,8,COL,Medellín,12 LAURELES,Brunch & Munch,didi,24.44,14.83,0.18,1
10/05/2026,8,COL,Medellín,12 LAURELES,Brunch & Munch,didi,23.37,18.97,1.06,1
10/05/2026,8,COL,Medellín,18 BELLO,Brunch & Munch,didi,20.31,14.35,0.06,1
10/05/2026,8,COL,Medellín,12 LAURELES,Brunch & Munch,didi,23.95,5.67,0.69,1
10/05/2026,8,COL,Medellín,12 LAURELES,Brunch & Munch,didi,34.64,26.43,1.2,1
10/05/2026,8,COL,Medellín,14 ENVIGADO,Brunch & Munch,didi,88.8,36.82,24.78,1
10/05/2026,8,COL,Medellín,29 ITAGUI,Brunch & Munch,didi,51.14,40.3,0.26,1
10/05/2026,8,COL,Medellín,11 MANILA,Brunch & Munch,didi,61.01,22.32,31.8,1
10/05/2026,8,COL,Medellín,18 BELLO,Brunch & Munch,didi,16.16,11.28,0.73,1
10/05/2026,8,COL,Medellín,18 BELLO,Brunch & Munch,didi,19.53,11.83,0.76,1
10/05/2026,8,COL,Medellín,11 MANILA,Brunch & Munch,didi,68.34,22.32,8.74,1
10/05/2026,9,COL,Medellín,12 LAURELES,Brunch & Munch,didi,20.35,5.55,0.48,1
10/05/2026,9,COL,Medellín,14 ENVIGADO,Brunch & Munch,didi,57.37,3.2,6.07,1
10/05/2026,9,COL,Medellín,11 MANILA,Brunch & Munch,didi,,0,,1
10/05/2026,9,COL,Medellín,18 BELLO,Brunch & Munch,didi,27.09,14.32,0.54,1
10/05/2026,9,COL,Medellín,18 BELLO,Brunch & Munch,didi,5.67,2.55,11.08,1
10/05/2026,9,COL,Medellín,14 ENVIGADO,Brunch & Munch,didi,49.96,45.2,4.5,1
10/05/2026,9,COL,Medellín,18 BELLO,Brunch & Munch,didi,15.01,1.7,13.99,1
10/05/2026,9,COL,Medellín,12 LAURELES,Brunch & Munch,didi,7.12,3.02,0.84,1
10/05/2026,9,COL,Medellín,11 MANILA,Brunch & Munch,didi,67.24,23.03,0.08,1
10/05/2026,9,COL,Medellín,11 MANILA,Brunch & Munch,didi,64.01,54.62,7.34,1
10/05/2026,9,COL,Medellín,14 ENVIGADO,Brunch & Munch,didi,,0,,1
10/05/2026,9,COL,Medellín,12 LAURELES,Brunch & Munch,didi,19.02,1.27,22.9,1
10/05/2026,9,COL,Medellín,11 MANILA,Brunch & Munch,didi,85.57,59.42,1.1,1
10/05/2026,9,COL,Medellín,11 MANILA,Brunch & Munch,didi,84,53.78,0.85,1
10/05/2026,9,COL,Medellín,18 BELLO,Brunch & Munch,didi,4.94,1.65,88.03,1
10/05/2026,10,COL,Medellín,29 ITAGUI,Brunch & Munch,didi,,0,,1
10/05/2026,10,COL,Medellín,11 MANILA,Brunch & Munch,didi,70.57,22.8,0.27,1
10/05/2026,10,COL,Medellín,18 BELLO,Brunch & Munch,didi,35.22,28.75,0.03,1
10/05/2026,10,COL,Medellín,18 BELLO,Brunch & Munch,didi,35.66,15.12,0.04,1
10/05/2026,10,COL,Medellín,18 BELLO,Brunch & Munch,didi,18.85,8.37,0.05,1
10/05/2026,10,COL,Medellín,18 BELLO,Brunch & Munch,didi,29.41,19.82,0.06,1
10/05/2026,10,COL,Medellín,14 ENVIGADO,Brunch & Munch,didi,28.43,5.23,0.82,1
10/05/2026,10,COL,Medellín,11 MANILA,Brunch & Munch,didi,25.46,8.85,1.82,1
10/05/2026,10,COL,Medellín,18 BELLO,Brunch & Munch,didi,12.17,0.88,38.65,1
10/05/2026,11,COL,Medellín,29 ITAGUI,Brunch & Munch,didi,,0.38,,1
10/05/2026,16,COL,Medellín,12 LAURELES,Brunch & Munch,didi,,0.65,30.92,1
10/05/2026,18,COL,Medellín,12 LAURELES,Brunch & Munch,didi,3.95,0,0.74,1
10/05/2026,7,COL,Medellín,12 LAURELES,Brunch Club,didi,14.12,1.23,7.79,1
10/05/2026,7,COL,Medellín,12 LAURELES,Brunch Club,didi,14.35,1.83,35.6,1
10/05/2026,7,COL,Medellín,12 LAURELES,Brunch Club,didi,15.17,1.28,6.91,1
10/05/2026,7,COL,Medellín,12 LAURELES,Brunch Club,didi,28.33,4.38,2.68,1
10/05/2026,7,COL,Medellín,12 LAURELES,Brunch Club,didi,24.74,12.77,1.03,1
10/05/2026,8,COL,Medellín,12 LAURELES,Brunch Club,didi,23.69,1.77,9.1,1
10/05/2026,8,COL,Medellín,14 ENVIGADO,Brunch Club,didi,81.01,33.32,0.2,1
10/05/2026,8,COL,Medellín,14 ENVIGADO,Brunch Club,didi,90.13,81.3,14.84,1
10/05/2026,8,COL,Medellín,18 BELLO,Brunch Club,didi,,5.35,0.77,1
10/05/2026,8,COL,Medellín,11 MANILA,Brunch Club,didi,57.38,4.28,22.98,1
10/05/2026,9,COL,Medellín,12 LAURELES,Brunch Club,didi,14.5,6.35,5.9,1
10/05/2026,9,COL,Medellín,12 LAURELES,Brunch Club,didi,13.98,2.02,1.98,1
10/05/2026,9,COL,Medellín,11 MANILA,Brunch Club,didi,69.12,31.6,1.22,1
10/05/2026,9,COL,Medellín,12 LAURELES,Brunch Club,didi,16.1,3.7,0.77,1
10/05/2026,9,COL,Medellín,18 BELLO,Brunch Club,didi,54.04,49.5,0.65,1
10/05/2026,9,COL,Medellín,12 LAURELES,Brunch Club,didi,23.93,7.18,0.75,1
10/05/2026,10,COL,Medellín,29 ITAGUI,Brunch Club,didi,58.49,53.87,0.42,1
10/05/2026,10,COL,Medellín,18 BELLO,Brunch Club,didi,34.98,21.28,0.2,1
10/05/2026,13,COL,Medellín,11 MANILA,Brunch Club,didi,12.89,0.68,21.87,1
10/05/2026,10,COL,Medellín,12 LAURELES,Burritos & Co,didi,10.08,1.58,0.3,1
10/05/2026,12,COL,Medellín,14 ENVIGADO,Burritos & Co,didi,8.99,3.27,1.06,1
10/05/2026,12,COL,Medellín,14 ENVIGADO,Burritos & Co,didi,27.78,14.2,0.35,1
10/05/2026,12,COL,Medellín,29 ITAGUI,Burritos & Co,didi,86.9,16.5,0.89,1
10/05/2026,12,COL,Medellín,11 MANILA,Burritos & Co,didi,8.24,1.78,5.74,1
10/05/2026,12,COL,Medellín,11 MANILA,Burritos & Co,didi,7.91,0.65,1.75,1
10/05/2026,12,COL,Medellín,14 ENVIGADO,Burritos & Co,didi,12.83,1.27,7.06,1
10/05/2026,13,COL,Medellín,14 ENVIGADO,Burritos & Co,didi,23.3,3.12,0.76,1
10/05/2026,13,COL,Medellín,18 BELLO,Burritos & Co,didi,19.76,0.23,3.46,1
10/05/2026,14,COL,Medellín,11 MANILA,Burritos & Co,didi,3.43,1.27,2.72,1
10/05/2026,14,COL,Medellín,29 ITAGUI,Burritos & Co,didi,30.86,14.88,0.28,1
10/05/2026,14,COL,Medellín,12 LAURELES,Burritos & Co,didi,3.92,10.77,23.23,1
10/05/2026,15,COL,Medellín,18 BELLO,Burritos & Co,didi,17.74,1.37,10.11,1
10/05/2026,16,COL,Medellín,29 ITAGUI,Burritos & Co,didi,17.13,0.92,3.12,1
10/05/2026,17,COL,Medellín,14 ENVIGADO,Burritos & Co,didi,8.07,4,1.09,1
10/05/2026,17,COL,Medellín,18 BELLO,Burritos & Co,didi,19.14,5.08,1.02,1
10/05/2026,17,COL,Medellín,29 ITAGUI,Burritos & Co,didi,11.78,1.23,8.04,1
10/05/2026,18,COL,Medellín,18 BELLO,Burritos & Co,didi,20.21,3.53,1.75,1
10/05/2026,18,COL,Medellín,12 LAURELES,Burritos & Co,didi,11.17,6.92,0.75,1
10/05/2026,19,COL,Medellín,29 ITAGUI,Burritos & Co,didi,17.69,0.55,1.03,1
10/05/2026,19,COL,Medellín,18 BELLO,Burritos & Co,didi,11.12,4.45,0.13,1
10/05/2026,21,COL,Medellín,14 ENVIGADO,Burritos & Co,didi,12.8,1.32,21.15,1
10/05/2026,21,COL,Medellín,12 LAURELES,Burritos & Co,didi,5.49,7.35,6.71,1
10/05/2026,21,COL,Medellín,12 LAURELES,Burritos & Co,didi,4.03,0.53,4.02,1
10/05/2026,21,COL,Medellín,12 LAURELES,Burritos & Co,didi,4.79,0.3,0.37,1
10/05/2026,21,COL,Medellín,18 BELLO,Burritos & Co,didi,11.38,7.1,0.65,1
10/05/2026,22,COL,Medellín,14 ENVIGADO,Burritos & Co,didi,6.71,4.2,3.98,1
10/05/2026,22,COL,Medellín,11 MANILA,Burritos & Co,didi,3.33,0,0.94,1
10/05/2026,8,COL,Medellín,18 BELLO,Cacerola,didi,34.01,1.38,8.07,1
10/05/2026,9,COL,Medellín,29 ITAGUI,Cinnabon,didi,,0,,1
10/05/2026,10,COL,Medellín,29 ITAGUI,Cinnabon,didi,70.59,47.33,2.05,1
10/05/2026,10,COL,Medellín,29 ITAGUI,Cinnabon,didi,119.5,19.92,0.91,1
10/05/2026,10,COL,Medellín,29 ITAGUI,Cinnabon,didi,65.01,4.8,0.84,1
10/05/2026,15,COL,Medellín,14 ENVIGADO,Cinnabon,didi,6.88,1.5,6.36,1
10/05/2026,17,COL,Medellín,11 MANILA,Cinnabon,didi,5,1.63,1.32,1
10/05/2026,17,COL,Medellín,29 ITAGUI,Cinnabon,didi,16.91,2.68,18.3,1
10/05/2026,18,COL,Medellín,14 ENVIGADO,Cinnabon,didi,3.79,3.93,13.23,1
10/05/2026,19,COL,Medellín,14 ENVIGADO,Cinnabon,didi,9.78,5.57,0.95,1
10/05/2026,19,COL,Medellín,11 MANILA,Cinnabon,didi,4.23,0.47,9.86,1
10/05/2026,17,COL,Medellín,57 SANTAFE MED,Cinnabon Pase,didi,,0.1,0.36,1
10/05/2026,7,COL,Medellín,29 ITAGUI,Desayunos de la Abuela,didi,22.98,8.87,13.97,1
10/05/2026,7,COL,Medellín,29 ITAGUI,Desayunos de la Abuela,didi,17.98,11.52,0.24,1
10/05/2026,7,COL,Medellín,12 LAURELES,Desayunos de la Abuela,didi,7.93,1.25,0.96,1
10/05/2026,7,COL,Medellín,14 ENVIGADO,Desayunos de la Abuela,didi,57.18,7.67,6.1,1
10/05/2026,7,COL,Medellín,12 LAURELES,Desayunos de la Abuela,didi,11.18,1.18,36.16,1
10/05/2026,7,COL,Medellín,18 BELLO,Desayunos de la Abuela,didi,15.01,7.58,0.85,1
10/05/2026,7,COL,Medellín,14 ENVIGADO,Desayunos de la Abuela,didi,83.56,19.21,1.17,2
10/05/2026,7,COL,Medellín,12 LAURELES,Desayunos de la Abuela,didi,24.31,9.02,0.99,1
10/05/2026,8,COL,Medellín,14 ENVIGADO,Desayunos de la Abuela,didi,62.4,16.15,0.09,1
10/05/2026,8,COL,Medellín,12 LAURELES,Desayunos de la Abuela,didi,24.7,14.27,1.17,1
10/05/2026,8,COL,Medellín,11 MANILA,Desayunos de la Abuela,didi,40.2,12.75,49.76,1
10/05/2026,8,COL,Medellín,12 LAURELES,Desayunos de la Abuela,didi,21.45,17.37,0.76,1
10/05/2026,8,COL,Medellín,12 LAURELES,Desayunos de la Abuela,didi,29.34,22.13,0.93,1
10/05/2026,8,COL,Medellín,18 BELLO,Desayunos de la Abuela,didi,18.42,14.1,0.62,1
10/05/2026,8,COL,Medellín,14 ENVIGADO,Desayunos de la Abuela,didi,144.8,56.98,0.12,1
10/05/2026,8,COL,Medellín,14 ENVIGADO,Desayunos de la Abuela,didi,,0,,1
10/05/2026,8,COL,Medellín,14 ENVIGADO,Desayunos de la Abuela,didi,89.29,10.9,,1
10/05/2026,8,COL,Medellín,18 BELLO,Desayunos de la Abuela,didi,25.04,15.4,0.01,1
10/05/2026,9,COL,Medellín,11 MANILA,Desayunos de la Abuela,didi,84.21,6.62,1.93,1
10/05/2026,9,COL,Medellín,18 BELLO,Desayunos de la Abuela,didi,18.44,13.03,0.91,1
10/05/2026,9,COL,Medellín,12 LAURELES,Desayunos de la Abuela,didi,9.67,19.17,19.93,1
10/05/2026,9,COL,Medellín,14 ENVIGADO,Desayunos de la Abuela,didi,,0,,1
10/05/2026,9,COL,Medellín,14 ENVIGADO,Desayunos de la Abuela,didi,69.23,33.35,0.95,1
10/05/2026,9,COL,Medellín,18 BELLO,Desayunos de la Abuela,didi,46.52,26.92,0.01,1
10/05/2026,9,COL,Medellín,14 ENVIGADO,Desayunos de la Abuela,didi,81.21,10,14.2,1
10/05/2026,9,COL,Medellín,14 ENVIGADO,Desayunos de la Abuela,didi,,0,,1
10/05/2026,9,COL,Medellín,12 LAURELES,Desayunos de la Abuela,didi,20.79,19.08,3.24,1
10/05/2026,9,COL,Medellín,12 LAURELES,Desayunos de la Abuela,didi,18.92,16.27,2.22,1
10/05/2026,10,COL,Medellín,12 LAURELES,Desayunos de la Abuela,didi,8.28,1.18,15.06,1
10/05/2026,10,COL,Medellín,18 BELLO,Desayunos de la Abuela,didi,35.07,0.87,19.11,1
10/05/2026,10,COL,Medellín,18 BELLO,Desayunos de la Abuela,didi,32.23,0.08,16,1
10/05/2026,18,COL,Medellín,14 ENVIGADO,Desayunos de la Abuela,didi,3.2,2.33,4.87,1
10/05/2026,20,COL,Medellín,18 BELLO,Desayunos de la Abuela,didi,12.12,5.92,0.24,1
10/05/2026,8,COL,Medellín,29 ITAGUI,Desayunos de mi Tierrita,didi,64.7,56.17,0.39,1
10/05/2026,8,COL,Medellín,11 MANILA,Desayunos de mi Tierrita,didi,56.91,14.25,0.01,1
10/05/2026,9,COL,Medellín,11 MANILA,Desayunos de mi Tierrita,didi,75.26,1.05,18.03,1
10/05/2026,11,COL,Medellín,18 BELLO,Desayunos de mi Tierrita,didi,34.85,27.85,0.16,1
10/05/2026,11,COL,Medellín,18 BELLO,El Ejecutivo,didi,24.22,4.9,0.45,1
10/05/2026,11,COL,Medellín,11 MANILA,El Ejecutivo,didi,5.3,0.77,9.89,1
10/05/2026,12,COL,Medellín,18 BELLO,El Ejecutivo,didi,21.69,10.9,0.24,1
10/05/2026,13,COL,Medellín,18 BELLO,El Ejecutivo,didi,22.76,14.15,0.35,1
10/05/2026,14,COL,Medellín,12 LAURELES,El Ejecutivo,didi,7.94,3.73,0.49,1
10/05/2026,21,COL,Medellín,11 MANILA,El Ejecutivo,didi,3.97,2.05,10.28,1
10/05/2026,14,COL,Medellín,29 ITAGUI,Foodhub,didi,,1.68,4.24,1
10/05/2026,15,COL,Medellín,18 BELLO,Foodhub,didi,19.13,17.38,3.07,1
10/05/2026,17,COL,Medellín,12 LAURELES,Foodhub,didi,2.89,5.28,8.42,1
10/05/2026,19,COL,Medellín,29 ITAGUI,Foodhub,didi,8.31,4.12,0.75,1
10/05/2026,19,COL,Medellín,14 ENVIGADO,Foodology,didi,19.34,15.33,1.09,1
10/05/2026,11,COL,Medellín,18 BELLO,Green House,didi,26.96,23.27,1.18,1
10/05/2026,11,COL,Medellín,12 LAURELES,Green House,didi,18.68,1.68,12.21,1
10/05/2026,12,COL,Medellín,12 LAURELES,Green House,didi,24.83,9.47,0.31,1
10/05/2026,12,COL,Medellín,12 LAURELES,Green House,didi,9.26,1.6,0.97,1
10/05/2026,12,COL,Medellín,18 BELLO,Green House,didi,17.94,1.62,0.52,1
10/05/2026,12,COL,Medellín,12 LAURELES,Green House,didi,11,6.63,0.77,1
10/05/2026,13,COL,Medellín,12 LAURELES,Green House,didi,4.78,1.75,2.06,1
10/05/2026,13,COL,Medellín,14 ENVIGADO,Green House,didi,13.98,1.25,0.79,1
10/05/2026,13,COL,Medellín,14 ENVIGADO,Green House,didi,8.95,4.47,0.32,1
10/05/2026,13,COL,Medellín,12 LAURELES,Green House,didi,4.19,0,0.69,1
10/05/2026,13,COL,Medellín,14 ENVIGADO,Green House,didi,11.18,0.47,3.02,1
10/05/2026,14,COL,Medellín,12 LAURELES,Green House,didi,25.23,7.45,1.67,1
10/05/2026,14,COL,Medellín,29 ITAGUI,Green House,didi,22.05,8.15,0.06,1
10/05/2026,14,COL,Medellín,12 LAURELES,Green House,didi,5.02,0.88,22.9,1
10/05/2026,15,COL,Medellín,12 LAURELES,Green House,didi,7.86,4.03,1.13,1
10/05/2026,16,COL,Medellín,12 LAURELES,Green House,didi,8.19,12.72,9.22,1
10/05/2026,16,COL,Medellín,14 ENVIGADO,Green House,didi,8.98,4.95,0.99,1
10/05/2026,16,COL,Medellín,12 LAURELES,Green House,didi,4.84,0.82,4.45,1
10/05/2026,17,COL,Medellín,29 ITAGUI,Green House,didi,21.15,6.73,1.7,1
10/05/2026,18,COL,Medellín,14 ENVIGADO,Green House,didi,5.43,1.2,18.61,1
10/05/2026,18,COL,Medellín,18 BELLO,Green House,didi,25.14,8.08,1.01,1
10/05/2026,18,COL,Medellín,12 LAURELES,Green House,didi,3.96,0.43,1.69,1
10/05/2026,18,COL,Medellín,11 MANILA,Green House,didi,8.74,4.18,0.35,1
10/05/2026,19,COL,Medellín,11 MANILA,Green House,didi,10.18,1.68,5.99,1
10/05/2026,19,COL,Medellín,12 LAURELES,Green House,didi,9.79,2.52,2.82,1
10/05/2026,19,COL,Medellín,11 MANILA,Green House,didi,6,2,0.99,1
10/05/2026,19,COL,Medellín,12 LAURELES,Green House,didi,4.05,0.13,1.02,1
10/05/2026,20,COL,Medellín,12 LAURELES,Green House,didi,4.03,0,0.72,1
10/05/2026,20,COL,Medellín,14 ENVIGADO,Green House,didi,7.28,2.9,0.64,1
10/05/2026,21,COL,Medellín,12 LAURELES,Green House,didi,5.36,1.38,0.86,1
10/05/2026,21,COL,Medellín,12 LAURELES,Green House,didi,5.32,0.6,0.77,1
10/05/2026,21,COL,Medellín,14 ENVIGADO,Green House,didi,9.01,4.62,0.76,1
10/05/2026,21,COL,Medellín,18 BELLO,Green House,didi,13.01,8.83,0.88,1
10/05/2026,13,COL,Medellín,29 ITAGUI,House of Salads,didi,29.05,12.63,0.18,1
10/05/2026,14,COL,Medellín,12 LAURELES,House of Salads,didi,11.49,3.97,0.27,1
10/05/2026,19,COL,Medellín,11 MANILA,House of Salads,didi,9.96,0.9,5.11,1
10/05/2026,11,COL,Medellín,18 BELLO,La Casa Mexicana,didi,33.17,0.77,9.06,1
10/05/2026,11,COL,Medellín,29 ITAGUI,La Casa Mexicana,didi,35.84,29.95,6.4,1
10/05/2026,12,COL,Medellín,29 ITAGUI,La Casa Mexicana,didi,66.59,8.55,15.97,1
10/05/2026,12,COL,Medellín,18 BELLO,La Casa Mexicana,didi,30.04,8.67,0.17,1
10/05/2026,12,COL,Medellín,11 MANILA,La Casa Mexicana,didi,3.3,1.95,4.94,1
10/05/2026,12,COL,Medellín,14 ENVIGADO,La Casa Mexicana,didi,27.58,10.25,0.23,1
10/05/2026,12,COL,Medellín,29 ITAGUI,La Casa Mexicana,didi,76.67,34.57,0.22,1
10/05/2026,12,COL,Medellín,29 ITAGUI,La Casa Mexicana,didi,67.92,23.25,0.75,1
10/05/2026,12,COL,Medellín,29 ITAGUI,La Casa Mexicana,didi,58.04,7.83,23.94,1
10/05/2026,13,COL,Medellín,11 MANILA,La Casa Mexicana,didi,13.05,0.58,11.96,1
10/05/2026,13,COL,Medellín,14 ENVIGADO,La Casa Mexicana,didi,15.04,12.52,5.78,1
10/05/2026,14,COL,Medellín,14 ENVIGADO,La Casa Mexicana,didi,7.74,0.58,9.04,1
10/05/2026,14,COL,Medellín,18 BELLO,La Casa Mexicana,didi,13.58,9.08,0.46,1
10/05/2026,15,COL,Medellín,14 ENVIGADO,La Casa Mexicana,didi,3.71,3.55,8.94,1
10/05/2026,15,COL,Medellín,18 BELLO,La Casa Mexicana,didi,9.04,0.87,1.13,1
10/05/2026,15,COL,Medellín,29 ITAGUI,La Casa Mexicana,didi,20.44,14.2,0.63,1
10/05/2026,17,COL,Medellín,12 LAURELES,La Casa Mexicana,didi,8.67,1,3.01,1
10/05/2026,17,COL,Medellín,14 ENVIGADO,La Casa Mexicana,didi,5.83,1.18,0.67,1
10/05/2026,17,COL,Medellín,14 ENVIGADO,La Casa Mexicana,didi,4.96,0.15,9.47,1
10/05/2026,18,COL,Medellín,14 ENVIGADO,La Casa Mexicana,didi,7.69,1.63,12.86,1
10/05/2026,19,COL,Medellín,29 ITAGUI,La Casa Mexicana,didi,11.05,5.62,0.41,1
10/05/2026,20,COL,Medellín,12 LAURELES,La Casa Mexicana,didi,5.98,2,5.74,1
10/05/2026,20,COL,Medellín,29 ITAGUI,La Casa Mexicana,didi,28.34,3.5,0.25,1
10/05/2026,20,COL,Medellín,14 ENVIGADO,La Casa Mexicana,didi,8.49,2.58,0.93,1
10/05/2026,21,COL,Medellín,14 ENVIGADO,La Casa Mexicana,didi,11.8,2.22,0.67,1
10/05/2026,21,COL,Medellín,14 ENVIGADO,La Casa Mexicana,didi,13.09,5.17,3.84,1
10/05/2026,21,COL,Medellín,14 ENVIGADO,La Casa Mexicana,didi,6.04,0.93,0.21,1
10/05/2026,21,COL,Medellín,14 ENVIGADO,La Casa Mexicana,didi,8.29,4.22,0.82,1
10/05/2026,22,COL,Medellín,12 LAURELES,La Casa Mexicana,didi,6.08,0.52,2.94,1
10/05/2026,22,COL,Medellín,14 ENVIGADO,La Casa Mexicana,didi,11.06,0.6,8.09,1
10/05/2026,22,COL,Medellín,14 ENVIGADO,La Casa Mexicana,didi,8.03,4.17,1.06,1
10/05/2026,23,COL,Medellín,12 LAURELES,La Casa Mexicana,didi,6.71,2.47,0.95,1
10/05/2026,11,COL,Medellín,18 BELLO,La Cuadra,didi,24.2,0.85,1.98,1
10/05/2026,11,COL,Medellín,12 LAURELES,La Cuadra,didi,13.12,0.63,11.73,1
10/05/2026,12,COL,Medellín,29 ITAGUI,La Cuadra,didi,71.59,6.38,0.13,1
10/05/2026,13,COL,Medellín,12 LAURELES,La Cuadra,didi,6.12,1.72,8.86,1
10/05/2026,13,COL,Medellín,29 ITAGUI,La Cuadra,didi,31.15,26.63,0.21,1
10/05/2026,13,COL,Medellín,12 LAURELES,La Cuadra,didi,3.9,1.15,2.64,1
10/05/2026,13,COL,Medellín,12 LAURELES,La Cuadra,didi,7.88,4.93,2.08,1
10/05/2026,14,COL,Medellín,12 LAURELES,La Cuadra,didi,5.04,3.18,6.66,1
10/05/2026,15,COL,Medellín,14 ENVIGADO,La Cuadra,didi,2.87,4.52,19.09,1
10/05/2026,18,COL,Medellín,14 ENVIGADO,La Cuadra,didi,8.82,0.73,19.25,1
10/05/2026,19,COL,Medellín,11 MANILA,La Cuadra,didi,9.28,1.53,8.72,1
10/05/2026,22,COL,Medellín,14 ENVIGADO,La Cuadra,didi,9.17,5.08,0.85,1
10/05/2026,23,COL,Medellín,12 LAURELES,La Cuadra,didi,4.22,10.68,11.57,1
10/05/2026,7,COL,Medellín,12 LAURELES,LA ÑAMGUCHERIA,didi,11.3,4.67,0.91,1
10/05/2026,8,COL,Medellín,12 LAURELES,LA ÑAMGUCHERIA,didi,12.19,2.93,3.89,1
10/05/2026,13,COL,Medellín,14 ENVIGADO,LA ÑAMGUCHERIA,didi,16.19,7.73,2.12,1
10/05/2026,15,COL,Medellín,14 ENVIGADO,LA ÑAMGUCHERIA,didi,13.36,6.8,0.76,1
10/05/2026,18,COL,Medellín,29 ITAGUI,LA ÑAMGUCHERIA,didi,20.28,1.37,5.8,1
10/05/2026,18,COL,Medellín,18 BELLO,LA ÑAMGUCHERIA,didi,41.07,17.82,0.03,1
10/05/2026,21,COL,Medellín,12 LAURELES,LA ÑAMGUCHERIA,didi,6.11,1.6,0.23,1
10/05/2026,7,COL,Medellín,12 LAURELES,LA PANQUEQUERIA,didi,11.09,0.57,11.97,1
10/05/2026,7,COL,Medellín,18 BELLO,LA PANQUEQUERIA,didi,13.92,2.77,0.3,1
10/05/2026,7,COL,Medellín,11 MANILA,LA PANQUEQUERIA,didi,43.04,1.98,0.21,1
10/05/2026,8,COL,Medellín,18 BELLO,LA PANQUEQUERIA,didi,12.18,8.42,1.06,1
10/05/2026,9,COL,Medellín,12 LAURELES,LA PANQUEQUERIA,didi,18.93,14.15,0.4,1
10/05/2026,15,COL,Medellín,14 ENVIGADO,LA PANQUEQUERIA,didi,,0.48,11.07,1
10/05/2026,23,COL,Medellín,11 MANILA,Local - Cocina Consciente,didi,5.52,0.23,3.53,1
10/05/2026,12,COL,Medellín,11 MANILA,MonteVerde,didi,4.06,1.15,3.9,1
10/05/2026,13,COL,Medellín,14 ENVIGADO,MonteVerde,didi,11.81,6,0.28,1
10/05/2026,13,COL,Medellín,12 LAURELES,MonteVerde,didi,8.3,5.53,2,1
10/05/2026,12,COL,Medellín,14 ENVIGADO,Mr Beast Burger,didi,9.15,0.52,0.81,1
10/05/2026,12,COL,Medellín,11 MANILA,Mr Beast Burger,didi,10.17,0.48,6.65,1
10/05/2026,12,COL,Medellín,18 BELLO,Mr Beast Burger,didi,29.99,3.48,3.71,1
10/05/2026,12,COL,Medellín,11 MANILA,Mr Beast Burger,didi,13.15,1.92,4.94,1
10/05/2026,12,COL,Medellín,29 ITAGUI,Mr Beast Burger,didi,40.98,35.78,0.67,1
10/05/2026,12,COL,Medellín,29 ITAGUI,Mr Beast Burger,didi,44.91,1.72,57.25,1
10/05/2026,12,COL,Medellín,12 LAURELES,Mr Beast Burger,didi,14.08,1.42,18.34,1
10/05/2026,13,COL,Medellín,11 MANILA,Mr Beast Burger,didi,8.71,4.1,2.49,1
10/05/2026,13,COL,Medellín,18 BELLO,Mr Beast Burger,didi,25.6,16.37,1.18,1
10/05/2026,14,COL,Medellín,12 LAURELES,Mr Beast Burger,didi,13.15,9.7,1.64,1
10/05/2026,14,COL,Medellín,12 LAURELES,Mr Beast Burger,didi,12.82,5.28,0.93,1
10/05/2026,14,COL,Medellín,12 LAURELES,Mr Beast Burger,didi,9.48,0.32,5.58,1
10/05/2026,14,COL,Medellín,14 ENVIGADO,Mr Beast Burger,didi,8.36,5.9,2.56,1
10/05/2026,14,COL,Medellín,12 LAURELES,Mr Beast Burger,didi,9.25,0.78,10.16,1
10/05/2026,15,COL,Medellín,12 LAURELES,Mr Beast Burger,didi,6.31,6.15,4.75,1
10/05/2026,15,COL,Medellín,18 BELLO,Mr Beast Burger,didi,14.95,11.53,1.31,1
10/05/2026,16,COL,Medellín,12 LAURELES,Mr Beast Burger,didi,6.14,9.38,8.07,1
10/05/2026,16,COL,Medellín,29 ITAGUI,Mr Beast Burger,didi,14.1,3.02,1.9,1
10/05/2026,17,COL,Medellín,29 ITAGUI,Mr Beast Burger,didi,19.65,5.77,49.12,1
10/05/2026,18,COL,Medellín,12 LAURELES,Mr Beast Burger,didi,8.71,3.38,0.02,1
10/05/2026,18,COL,Medellín,18 BELLO,Mr Beast Burger,didi,16.71,13,1.26,1
10/05/2026,18,COL,Medellín,14 ENVIGADO,Mr Beast Burger,didi,5.86,1.25,0.67,1
10/05/2026,18,COL,Medellín,11 MANILA,Mr Beast Burger,didi,7.55,1.8,4.29,1
10/05/2026,18,COL,Medellín,29 ITAGUI,Mr Beast Burger,didi,11.85,3.88,4.4,1
10/05/2026,19,COL,Medellín,14 ENVIGADO,Mr Beast Burger,didi,15.17,0.62,8.15,1
10/05/2026,19,COL,Medellín,11 MANILA,Mr Beast Burger,didi,7.21,2.55,0.11,1
10/05/2026,19,COL,Medellín,12 LAURELES,Mr Beast Burger,didi,5.94,0.3,5.84,1
10/05/2026,19,COL,Medellín,14 ENVIGADO,Mr Beast Burger,didi,10.2,0.78,15.76,1
10/05/2026,19,COL,Medellín,11 MANILA,Mr Beast Burger,didi,9.96,4.27,2.63,1
10/05/2026,19,COL,Medellín,11 MANILA,Mr Beast Burger,didi,5.98,2.47,1.28,1
10/05/2026,19,COL,Medellín,12 LAURELES,Mr Beast Burger,didi,4.59,0,0.38,1
10/05/2026,19,COL,Medellín,18 BELLO,Mr Beast Burger,didi,17.13,0.73,0.26,1
10/05/2026,19,COL,Medellín,12 LAURELES,Mr Beast Burger,didi,4.04,0,0.08,1
10/05/2026,19,COL,Medellín,29 ITAGUI,Mr Beast Burger,didi,19.07,4.23,3.73,1
10/05/2026,19,COL,Medellín,14 ENVIGADO,Mr Beast Burger,didi,14.99,8.55,0.81,1
10/05/2026,19,COL,Medellín,14 ENVIGADO,Mr Beast Burger,didi,11.87,0.72,6.01,1
10/05/2026,19,COL,Medellín,29 ITAGUI,Mr Beast Burger,didi,19.65,12.6,0.28,1
10/05/2026,19,COL,Medellín,11 MANILA,Mr Beast Burger,didi,6.21,3,7.72,1
10/05/2026,20,COL,Medellín,11 MANILA,Mr Beast Burger,didi,8.32,0.27,2.88,1
10/05/2026,20,COL,Medellín,11 MANILA,Mr Beast Burger,didi,7,0.65,9.11,1
10/05/2026,20,COL,Medellín,12 LAURELES,Mr Beast Burger,didi,10.56,5.18,1.44,1
10/05/2026,20,COL,Medellín,29 ITAGUI,Mr Beast Burger,didi,18.7,7.57,0.74,1
10/05/2026,20,COL,Medellín,12 LAURELES,Mr Beast Burger,didi,10.14,6.38,1.07,1
10/05/2026,20,COL,Medellín,12 LAURELES,Mr Beast Burger,didi,8.63,0.55,0.23,1
10/05/2026,20,COL,Medellín,14 ENVIGADO,Mr Beast Burger,didi,18.19,12.98,1.57,1
10/05/2026,20,COL,Medellín,14 ENVIGADO,Mr Beast Burger,didi,17.21,2.13,0.8,1
10/05/2026,20,COL,Medellín,18 BELLO,Mr Beast Burger,didi,19.76,10.43,1.82,1
10/05/2026,20,COL,Medellín,12 LAURELES,Mr Beast Burger,didi,12.43,8.3,0.73,1
10/05/2026,21,COL,Medellín,12 LAURELES,Mr Beast Burger,didi,7.19,2.48,0.08,1
10/05/2026,21,COL,Medellín,11 MANILA,Mr Beast Burger,didi,8.02,1.32,6.88,1
10/05/2026,21,COL,Medellín,14 ENVIGADO,Mr Beast Burger,didi,10.24,4.48,1.62,1
10/05/2026,21,COL,Medellín,14 ENVIGADO,Mr Beast Burger,didi,10.76,6.77,1.07,1
10/05/2026,21,COL,Medellín,29 ITAGUI,Mr Beast Burger,didi,12.33,5.28,0.03,1
10/05/2026,21,COL,Medellín,12 LAURELES,Mr Beast Burger,didi,6.15,5.43,4.48,1
10/05/2026,21,COL,Medellín,12 LAURELES,Mr Beast Burger,didi,8.13,3.48,0.15,1
10/05/2026,21,COL,Medellín,11 MANILA,Mr Beast Burger,didi,4.6,0.48,13.41,1
10/05/2026,22,COL,Medellín,14 ENVIGADO,Mr Beast Burger,didi,9.17,10.5,6.51,1
10/05/2026,22,COL,Medellín,14 ENVIGADO,Mr Beast Burger,didi,5.83,1.45,0.81,1
10/05/2026,22,COL,Medellín,12 LAURELES,Mr Beast Burger,didi,10.03,5.5,0.25,1
10/05/2026,22,COL,Medellín,11 MANILA,Mr Beast Burger,didi,7.78,0.68,11.73,1
10/05/2026,22,COL,Medellín,11 MANILA,Mr Beast Burger,didi,9.19,0.93,0.79,1
10/05/2026,22,COL,Medellín,12 LAURELES,Mr Beast Burger,didi,8.2,3.57,0.52,1
10/05/2026,22,COL,Medellín,14 ENVIGADO,Mr Beast Burger,didi,9.46,5.67,0.92,1
10/05/2026,22,COL,Medellín,11 MANILA,Mr Beast Burger,didi,6.73,2.08,0.29,1
10/05/2026,23,COL,Medellín,11 MANILA,Mr Beast Burger,didi,7.83,3.33,1.15,1
10/05/2026,23,COL,Medellín,14 ENVIGADO,Mr Beast Burger,didi,16.02,2.3,0.24,1
10/05/2026,23,COL,Medellín,14 ENVIGADO,Mr Beast Burger,didi,13.98,3.82,0.54,1
10/05/2026,7,COL,Medellín,14 ENVIGADO,SÁNDUCHES EL JEFE,didi,32.85,19.93,11.91,1
10/05/2026,7,COL,Medellín,29 ITAGUI,SÁNDUCHES EL JEFE,didi,58.17,20.78,0.16,1
10/05/2026,8,COL,Medellín,12 LAURELES,SÁNDUCHES EL JEFE,didi,32.96,12.45,0.83,1
10/05/2026,8,COL,Medellín,18 BELLO,SÁNDUCHES EL JEFE,didi,16.5,12,0.48,1
10/05/2026,9,COL,Medellín,29 ITAGUI,SÁNDUCHES EL JEFE,didi,172.11,16.88,0.65,1
10/05/2026,9,COL,Medellín,18 BELLO,SÁNDUCHES EL JEFE,didi,29.72,24.65,0.06,1
10/05/2026,13,COL,Medellín,29 ITAGUI,SÁNDUCHES EL JEFE,didi,34.91,6.73,1.8,1
10/05/2026,13,COL,Medellín,11 MANILA,SÁNDUCHES EL JEFE,didi,5.1,0.47,0.16,1
10/05/2026,16,COL,Medellín,29 ITAGUI,SÁNDUCHES EL JEFE,didi,13.05,3.65,24.03,1
10/05/2026,20,COL,Medellín,12 LAURELES,SÁNDUCHES EL JEFE,didi,,3.08,7.27,1
10/05/2026,20,COL,Medellín,12 LAURELES,SÁNDUCHES EL JEFE,didi,6.2,1.6,1.1,1
10/05/2026,21,COL,Medellín,29 ITAGUI,SÁNDUCHES EL JEFE,didi,,1.2,14.15,1
10/05/2026,21,COL,Medellín,14 ENVIGADO,SÁNDUCHES EL JEFE,didi,7.07,2.3,0.33,1
10/05/2026,21,COL,Medellín,12 LAURELES,SÁNDUCHES EL JEFE,didi,11.55,7.6,0.79,1
10/05/2026,12,COL,Medellín,12 LAURELES,Selvatiko,didi,,0.63,21.05,1
10/05/2026,21,COL,Medellín,12 LAURELES,Selvatiko,didi,,1.02,11.99,1
10/05/2026,14,COL,Medellín,29 ITAGUI,Señor Burrito,didi,3.5,0.57,8.64,1
10/05/2026,19,COL,Medellín,14 ENVIGADO,Señor Burrito,didi,14.15,5.85,0.85,1
10/05/2026,7,COL,Medellín,11 MANILA,The Breakfast Club,didi,17.89,12.85,0.94,1
10/05/2026,7,COL,Medellín,14 ENVIGADO,The Breakfast Club,didi,37.93,22.3,0.98,1
10/05/2026,7,COL,Medellín,12 LAURELES,The Breakfast Club,didi,4.96,10.95,16.15,1
10/05/2026,7,COL,Medellín,12 LAURELES,The Breakfast Club,didi,14.29,10.37,0.91,1
10/05/2026,7,COL,Medellín,14 ENVIGADO,The Breakfast Club,didi,,0,,1
10/05/2026,7,COL,Medellín,14 ENVIGADO,The Breakfast Club,didi,41.05,23.98,15.13,1
10/05/2026,7,COL,Medellín,11 MANILA,The Breakfast Club,didi,43.85,38.28,1.22,1
10/05/2026,8,COL,Medellín,18 BELLO,The Breakfast Club,didi,9.37,4.97,0.6,1
10/05/2026,8,COL,Medellín,14 ENVIGADO,The Breakfast Club,didi,47.18,33.82,0.28,1
10/05/2026,8,COL,Medellín,18 BELLO,The Breakfast Club,didi,9.13,4.7,0.67,1
10/05/2026,8,COL,Medellín,11 MANILA,The Breakfast Club,didi,54.77,42.25,0.93,1
10/05/2026,8,COL,Medellín,29 ITAGUI,The Breakfast Club,didi,60.85,45.75,1.07,1
10/05/2026,8,COL,Medellín,14 ENVIGADO,The Breakfast Club,didi,,0,,1
10/05/2026,8,COL,Medellín,14 ENVIGADO,The Breakfast Club,didi,70.92,7.38,0.89,1
10/05/2026,9,COL,Medellín,14 ENVIGADO,The Breakfast Club,didi,55.53,0.38,2.7,1
10/05/2026,9,COL,Medellín,12 LAURELES,The Breakfast Club,didi,7.13,3.1,0.91,1
10/05/2026,23,COL,Medellín,14 ENVIGADO,The Breakfast Club,didi,37.66,16.58,0.03,1
10/05/2026,18,COL,Medellín,12 LAURELES,Vicio,didi,,1.18,21.19,1
10/05/2026,20,COL,Medellín,11 MANILA,Vicio,didi,,1.72,6.62,1
10/05/2026,6,COL,Barranquilla,32 BARRANQUILLA,Brunch & Munch,foodologypos,14.13,0,324.76,2
10/05/2026,7,COL,Barranquilla,32 BARRANQUILLA,Brunch & Munch,foodologypos,33.18,0,62.3,1
10/05/2026,12,COL,Barranquilla,32 BARRANQUILLA,Cinnabon,foodologypos,6.2,0,39.89,1
10/05/2026,7,COL,Bogotá,50 CHICO,Avocalia,foodologypos,12.01,0,0.21,1
10/05/2026,8,COL,Bogotá,50 CHICO,Avocalia,foodologypos,,0,,1
10/05/2026,8,COL,Bogotá,50 CHICO,Avocalia,foodologypos,,0,,1
10/05/2026,8,COL,Bogotá,50 CHICO,Avocalia,foodologypos,,0,,1
10/05/2026,9,COL,Bogotá,65 CALLE 109,Avocalia,foodologypos,,0,11.33,1
10/05/2026,9,COL,Bogotá,50 CHICO,Avocalia,foodologypos,,0,,1
10/05/2026,10,COL,Bogotá,65 CALLE 109,Avocalia,foodologypos,34.17,0,,1
10/05/2026,10,COL,Bogotá,50 CHICO,Avocalia,foodologypos,,0,,1
10/05/2026,10,COL,Bogotá,50 CHICO,Avocalia,foodologypos,,0,,1
10/05/2026,10,COL,Bogotá,65 CALLE 109,Avocalia,foodologypos,72.47,0,,1
10/05/2026,10,COL,Bogotá,50 CHICO,Avocalia,foodologypos,,0,,1
10/05/2026,10,COL,Bogotá,50 CHICO,Avocalia,foodologypos,,0,,1
10/05/2026,10,COL,Bogotá,50 CHICO,Avocalia,foodologypos,,0,11.3,1
10/05/2026,10,COL,Bogotá,65 CALLE 109,Avocalia,foodologypos,69.48,0,,1
10/05/2026,10,COL,Bogotá,50 CHICO,Avocalia,foodologypos,,0,,1
10/05/2026,11,COL,Bogotá,65 CALLE 109,Avocalia,foodologypos,48.46,0,,1
10/05/2026,11,COL,Bogotá,65 CALLE 109,Avocalia,foodologypos,41.23,0,,1
10/05/2026,11,COL,Bogotá,65 CALLE 109,Avocalia,foodologypos,42.03,0,,1
10/05/2026,11,COL,Bogotá,65 CALLE 109,Avocalia,foodologypos,98.54,0,,1
10/05/2026,11,COL,Bogotá,50 CHICO,Avocalia,foodologypos,24.03,0,,1
10/05/2026,11,COL,Bogotá,65 CALLE 109,Avocalia,foodologypos,8.85,0,0.04,1
10/05/2026,12,COL,Bogotá,50 CHICO,Avocalia,foodologypos,,0,,1
10/05/2026,12,COL,Bogotá,65 CALLE 109,Avocalia,foodologypos,27.9,0,,1
10/05/2026,12,COL,Bogotá,50 CHICO,Avocalia,foodologypos,,0,,1
10/05/2026,13,COL,Bogotá,65 CALLE 109,Avocalia,foodologypos,15.9,0,16.33,1
10/05/2026,13,COL,Bogotá,65 CALLE 109,Avocalia,foodologypos,23.81,0,,1
10/05/2026,13,COL,Bogotá,65 CALLE 109,Avocalia,foodologypos,49.2,0,,1
10/05/2026,13,COL,Bogotá,65 CALLE 109,Avocalia,foodologypos,17.86,0,,1
10/05/2026,14,COL,Bogotá,65 CALLE 109,Avocalia,foodologypos,15.06,0,,1
10/05/2026,14,COL,Bogotá,65 CALLE 109,Avocalia,foodologypos,27.95,0,,1
10/05/2026,14,COL,Bogotá,50 CHICO,Avocalia,foodologypos,,0,,1
10/05/2026,14,COL,Bogotá,50 CHICO,Avocalia,foodologypos,,0,,1
10/05/2026,14,COL,Bogotá,50 CHICO,Avocalia,foodologypos,,0,,1
10/05/2026,15,COL,Bogotá,50 CHICO,Avocalia,foodologypos,,0,,1
10/05/2026,15,COL,Bogotá,50 CHICO,Avocalia,foodologypos,26.55,0,,1
10/05/2026,15,COL,Bogotá,50 CHICO,Avocalia,foodologypos,,0,,1
10/05/2026,15,COL,Bogotá,50 CHICO,Avocalia,foodologypos,,0,,1
10/05/2026,16,COL,Bogotá,65 CALLE 109,Avocalia,foodologypos,,0,,1
10/05/2026,16,COL,Bogotá,65 CALLE 109,Avocalia,foodologypos,10.95,0,0.07,1
10/05/2026,16,COL,Bogotá,50 CHICO,Avocalia,foodologypos,,0,4.93,1
10/05/2026,16,COL,Bogotá,50 CHICO,Avocalia,foodologypos,,0,,1
10/05/2026,16,COL,Bogotá,50 CHICO,Avocalia,foodologypos,,0,,1
10/05/2026,6,COL,Bogotá,01 USAQUEN,Brunch & Munch,foodologypos,9.17,0,43.83,1
10/05/2026,6,COL,Bogotá,03 CHAPINERO,Brunch & Munch,foodologypos,7.17,0,41.99,1
10/05/2026,6,COL,Bogotá,06 COLINA,Brunch & Munch,foodologypos,34.6,0,115.19,2
10/05/2026,6,COL,Bogotá,13 CHIA,Brunch & Munch,foodologypos,10.03,0,51.38,1
10/05/2026,6,COL,Bogotá,38 KENNEDY,Brunch & Munch,foodologypos,10.23,0,32.32,1
10/05/2026,7,COL,Bogotá,06 COLINA,Brunch & Munch,foodologypos,44.13,0,14.39,1
10/05/2026,7,COL,Bogotá,36 VILLA DEL PRADO,Brunch & Munch,foodologypos,48.31,0,10.04,1
10/05/2026,7,COL,Bogotá,38 KENNEDY,Brunch & Munch,foodologypos,11.06,0,132.38,1
10/05/2026,8,COL,Bogotá,06 COLINA,Brunch & Munch,foodologypos,46.99,0,3.21,1
10/05/2026,9,COL,Bogotá,61 CHICO CINNABON,Cinnabon Pase,foodologypos,,0,0.02,1
10/05/2026,10,COL,Bogotá,66 PLAZA CLARO CINNA,Cinnabon Pase,foodologypos,,0,0.04,1
10/05/2026,10,COL,Bogotá,61 CHICO CINNABON,Cinnabon Pase,foodologypos,,0,0.03,1
10/05/2026,10,COL,Bogotá,56 SANTAFE BOG,Cinnabon Pase,foodologypos,,0,0.02,1
10/05/2026,10,COL,Bogotá,66 PLAZA CLARO CINNA,Cinnabon Pase,foodologypos,,0,0.01,1
10/05/2026,10,COL,Bogotá,39 SALVIO,Cinnabon Pase,foodologypos,,0,0.02,1
10/05/2026,10,COL,Bogotá,39 SALVIO,Cinnabon Pase,foodologypos,,0,0.01,1
10/05/2026,10,COL,Bogotá,56 SANTAFE BOG,Cinnabon Pase,foodologypos,,0,0.01,1
10/05/2026,10,COL,Bogotá,61 CHICO CINNABON,Cinnabon Pase,foodologypos,,0,4.62,1
10/05/2026,10,COL,Bogotá,39 SALVIO,Cinnabon Pase,foodologypos,,0,0.02,1
10/05/2026,10,COL,Bogotá,56 SANTAFE BOG,Cinnabon Pase,foodologypos,,0,0.01,1
10/05/2026,10,COL,Bogotá,56 SANTAFE BOG,Cinnabon Pase,foodologypos,,0,0.1,1
10/05/2026,11,COL,Bogotá,61 CHICO CINNABON,Cinnabon Pase,foodologypos,,0,6.48,1
10/05/2026,11,COL,Bogotá,66 PLAZA CLARO CINNA,Cinnabon Pase,foodologypos,,0,0.02,1
10/05/2026,11,COL,Bogotá,55 TITAN,Cinnabon Pase,foodologypos,,0,0.02,1
10/05/2026,11,COL,Bogotá,56 SANTAFE BOG,Cinnabon Pase,foodologypos,,0,0.03,1
10/05/2026,11,COL,Bogotá,56 SANTAFE BOG,Cinnabon Pase,foodologypos,,0,0.04,1
10/05/2026,11,COL,Bogotá,56 SANTAFE BOG,Cinnabon Pase,foodologypos,,0,0.03,1
10/05/2026,11,COL,Bogotá,56 SANTAFE BOG,Cinnabon Pase,foodologypos,,0,0.01,1
10/05/2026,11,COL,Bogotá,39 SALVIO,Cinnabon Pase,foodologypos,,0,0.01,1
10/05/2026,11,COL,Bogotá,55 TITAN,Cinnabon Pase,foodologypos,,0,0.02,1
10/05/2026,11,COL,Bogotá,39 SALVIO,Cinnabon Pase,foodologypos,,0,0.01,1
10/05/2026,11,COL,Bogotá,55 TITAN,Cinnabon Pase,foodologypos,,0,0.01,1
10/05/2026,11,COL,Bogotá,39 SALVIO,Cinnabon Pase,foodologypos,,0,0,1
10/05/2026,11,COL,Bogotá,55 TITAN,Cinnabon Pase,foodologypos,,0,0.02,1
10/05/2026,11,COL,Bogotá,55 TITAN,Cinnabon Pase,foodologypos,,0,0.01,1
10/05/2026,11,COL,Bogotá,39 SALVIO,Cinnabon Pase,foodologypos,,0,0.01,1
10/05/2026,11,COL,Bogotá,66 PLAZA CLARO CINNA,Cinnabon Pase,foodologypos,,0,,1
10/05/2026,12,COL,Bogotá,66 PLAZA CLARO CINNA,Cinnabon Pase,foodologypos,,0,,1
10/05/2026,12,COL,Bogotá,66 PLAZA CLARO CINNA,Cinnabon Pase,foodologypos,,0,,1
10/05/2026,12,COL,Bogotá,66 PLAZA CLARO CINNA,Cinnabon Pase,foodologypos,,0,0.01,1
10/05/2026,12,COL,Bogotá,55 TITAN,Cinnabon Pase,foodologypos,,0,0,1
10/05/2026,12,COL,Bogotá,55 TITAN,Cinnabon Pase,foodologypos,,0,0,1
10/05/2026,12,COL,Bogotá,39 SALVIO,Cinnabon Pase,foodologypos,,0,0.01,1
10/05/2026,12,COL,Bogotá,55 TITAN,Cinnabon Pase,foodologypos,,0,0.01,1
10/05/2026,12,COL,Bogotá,66 PLAZA CLARO CINNA,Cinnabon Pase,foodologypos,,0,0.01,1
10/05/2026,12,COL,Bogotá,39 SALVIO,Cinnabon Pase,foodologypos,,0,0.01,1
10/05/2026,12,COL,Bogotá,66 PLAZA CLARO CINNA,Cinnabon Pase,foodologypos,,0,0.01,1
10/05/2026,12,COL,Bogotá,39 SALVIO,Cinnabon Pase,foodologypos,,0,0.01,1
10/05/2026,12,COL,Bogotá,39 SALVIO,Cinnabon Pase,foodologypos,,0,0.01,1
10/05/2026,12,COL,Bogotá,66 PLAZA CLARO CINNA,Cinnabon Pase,foodologypos,,0,0.03,1
10/05/2026,12,COL,Bogotá,55 TITAN,Cinnabon Pase,foodologypos,,0,0.02,1
10/05/2026,12,COL,Bogotá,55 TITAN,Cinnabon Pase,foodologypos,,0,0.75,1
10/05/2026,12,COL,Bogotá,56 SANTAFE BOG,Cinnabon Pase,foodologypos,,0,0.01,1
10/05/2026,12,COL,Bogotá,55 TITAN,Cinnabon Pase,foodologypos,,0,0.04,1
10/05/2026,12,COL,Bogotá,56 SANTAFE BOG,Cinnabon Pase,foodologypos,,0,0.4,1
10/05/2026,12,COL,Bogotá,55 TITAN,Cinnabon Pase,foodologypos,,0,0.01,1
10/05/2026,13,COL,Bogotá,55 TITAN,Cinnabon Pase,foodologypos,,0,0.01,1
10/05/2026,13,COL,Bogotá,56 SANTAFE BOG,Cinnabon Pase,foodologypos,,0,0.09,1
10/05/2026,13,COL,Bogotá,56 SANTAFE BOG,Cinnabon Pase,foodologypos,,0,0.01,1
10/05/2026,13,COL,Bogotá,55 TITAN,Cinnabon Pase,foodologypos,,0,0.04,1
10/05/2026,13,COL,Bogotá,55 TITAN,Cinnabon Pase,foodologypos,,0,0.02,1
10/05/2026,13,COL,Bogotá,56 SANTAFE BOG,Cinnabon Pase,foodologypos,,0,0.01,1
10/05/2026,13,COL,Bogotá,66 PLAZA CLARO CINNA,Cinnabon Pase,foodologypos,,0,,1
10/05/2026,13,COL,Bogotá,55 TITAN,Cinnabon Pase,foodologypos,,0,0.04,1
10/05/2026,13,COL,Bogotá,39 SALVIO,Cinnabon Pase,foodologypos,,0,0.01,1
10/05/2026,13,COL,Bogotá,66 PLAZA CLARO CINNA,Cinnabon Pase,foodologypos,,0,0.01,1
10/05/2026,13,COL,Bogotá,66 PLAZA CLARO CINNA,Cinnabon Pase,foodologypos,,0,0.01,1
10/05/2026,13,COL,Bogotá,39 SALVIO,Cinnabon Pase,foodologypos,,0,0.02,1
10/05/2026,13,COL,Bogotá,39 SALVIO,Cinnabon Pase,foodologypos,,0,0,1
10/05/2026,13,COL,Bogotá,55 TITAN,Cinnabon Pase,foodologypos,,0,0.01,1
10/05/2026,13,COL,Bogotá,39 SALVIO,Cinnabon Pase,foodologypos,,0,0,1
10/05/2026,13,COL,Bogotá,39 SALVIO,Cinnabon Pase,foodologypos,,0,0,1
10/05/2026,13,COL,Bogotá,56 SANTAFE BOG,Cinnabon Pase,foodologypos,,0,12.8,1
10/05/2026,13,COL,Bogotá,55 TITAN,Cinnabon Pase,foodologypos,,0,0,1
10/05/2026,13,COL,Bogotá,56 SANTAFE BOG,Cinnabon Pase,foodologypos,,0,12.8,1
10/05/2026,13,COL,Bogotá,55 TITAN,Cinnabon Pase,foodologypos,,0,0.01,1
10/05/2026,13,COL,Bogotá,55 TITAN,Cinnabon Pase,foodologypos,,0,0.48,1
10/05/2026,13,COL,Bogotá,56 SANTAFE BOG,Cinnabon Pase,foodologypos,,0,12.8,1
10/05/2026,13,COL,Bogotá,66 PLAZA CLARO CINNA,Cinnabon Pase,foodologypos,,0,,1
10/05/2026,13,COL,Bogotá,56 SANTAFE BOG,Cinnabon Pase,foodologypos,,0,12.87,1
10/05/2026,13,COL,Bogotá,66 PLAZA CLARO CINNA,Cinnabon Pase,foodologypos,,0,,1
10/05/2026,14,COL,Bogotá,55 TITAN,Cinnabon Pase,foodologypos,,0,0.01,1
10/05/2026,14,COL,Bogotá,39 SALVIO,Cinnabon Pase,foodologypos,,0,0,1
10/05/2026,14,COL,Bogotá,39 SALVIO,Cinnabon Pase,foodologypos,,0,0.01,1
10/05/2026,14,COL,Bogotá,55 TITAN,Cinnabon Pase,foodologypos,,0,0,1
10/05/2026,14,COL,Bogotá,55 TITAN,Cinnabon Pase,foodologypos,,0,0.01,1
10/05/2026,14,COL,Bogotá,55 TITAN,Cinnabon Pase,foodologypos,,0,0.01,1
10/05/2026,14,COL,Bogotá,39 SALVIO,Cinnabon Pase,foodologypos,,0,0,1
10/05/2026,14,COL,Bogotá,66 PLAZA CLARO CINNA,Cinnabon Pase,foodologypos,,0,,1
10/05/2026,14,COL,Bogotá,55 TITAN,Cinnabon Pase,foodologypos,,0,0.01,1
10/05/2026,14,COL,Bogotá,66 PLAZA CLARO CINNA,Cinnabon Pase,foodologypos,,0,,1
10/05/2026,14,COL,Bogotá,56 SANTAFE BOG,Cinnabon Pase,foodologypos,,0,0.01,1
10/05/2026,14,COL,Bogotá,56 SANTAFE BOG,Cinnabon Pase,foodologypos,,0,0.02,1
10/05/2026,14,COL,Bogotá,39 SALVIO,Cinnabon Pase,foodologypos,,0,0,1
10/05/2026,14,COL,Bogotá,39 SALVIO,Cinnabon Pase,foodologypos,,0,0.01,1
10/05/2026,14,COL,Bogotá,39 SALVIO,Cinnabon Pase,foodologypos,,0,0.02,1
10/05/2026,14,COL,Bogotá,56 SANTAFE BOG,Cinnabon Pase,foodologypos,,0,0.02,1
10/05/2026,14,COL,Bogotá,55 TITAN,Cinnabon Pase,foodologypos,,0,0.01,1
10/05/2026,14,COL,Bogotá,39 SALVIO,Cinnabon Pase,foodologypos,,0,0.01,1
10/05/2026,14,COL,Bogotá,39 SALVIO,Cinnabon Pase,foodologypos,,0,0,1
10/05/2026,14,COL,Bogotá,56 SANTAFE BOG,Cinnabon Pase,foodologypos,,0,13.31,1
10/05/2026,14,COL,Bogotá,66 PLAZA CLARO CINNA,Cinnabon Pase,foodologypos,,0,0,1
10/05/2026,14,COL,Bogotá,55 TITAN,Cinnabon Pase,foodologypos,,0,0.02,1
10/05/2026,14,COL,Bogotá,55 TITAN,Cinnabon Pase,foodologypos,,0,0.01,1
10/05/2026,14,COL,Bogotá,55 TITAN,Cinnabon Pase,foodologypos,,0,0.01,1
10/05/2026,14,COL,Bogotá,39 SALVIO,Cinnabon Pase,foodologypos,,0,0.01,1
10/05/2026,14,COL,Bogotá,55 TITAN,Cinnabon Pase,foodologypos,,0,0.01,1
10/05/2026,14,COL,Bogotá,56 SANTAFE BOG,Cinnabon Pase,foodologypos,,0,0.02,1
10/05/2026,14,COL,Bogotá,56 SANTAFE BOG,Cinnabon Pase,foodologypos,,0,1.12,1
10/05/2026,14,COL,Bogotá,55 TITAN,Cinnabon Pase,foodologypos,,0,0,1
10/05/2026,14,COL,Bogotá,66 PLAZA CLARO CINNA,Cinnabon Pase,foodologypos,,0,0,1
10/05/2026,14,COL,Bogotá,39 SALVIO,Cinnabon Pase,foodologypos,,0,2.73,1
10/05/2026,14,COL,Bogotá,39 SALVIO,Cinnabon Pase,foodologypos,,0,0.01,1
10/05/2026,14,COL,Bogotá,56 SANTAFE BOG,Cinnabon Pase,foodologypos,,0,0.01,1
10/05/2026,14,COL,Bogotá,56 SANTAFE BOG,Cinnabon Pase,foodologypos,,0,1.03,1
10/05/2026,15,COL,Bogotá,56 SANTAFE BOG,Cinnabon Pase,foodologypos,,0,0.02,1
10/05/2026,15,COL,Bogotá,55 TITAN,Cinnabon Pase,foodologypos,,0,0,1
10/05/2026,15,COL,Bogotá,55 TITAN,Cinnabon Pase,foodologypos,,0,0.01,1
10/05/2026,15,COL,Bogotá,39 SALVIO,Cinnabon Pase,foodologypos,,0,0,1
10/05/2026,15,COL,Bogotá,55 TITAN,Cinnabon Pase,foodologypos,,0,0.01,1
10/05/2026,15,COL,Bogotá,55 TITAN,Cinnabon Pase,foodologypos,,0,0.02,1
10/05/2026,15,COL,Bogotá,39 SALVIO,Cinnabon Pase,foodologypos,,0,0,1
10/05/2026,15,COL,Bogotá,56 SANTAFE BOG,Cinnabon Pase,foodologypos,,0,0.03,1
10/05/2026,15,COL,Bogotá,56 SANTAFE BOG,Cinnabon Pase,foodologypos,,0,0.02,1
10/05/2026,15,COL,Bogotá,66 PLAZA CLARO CINNA,Cinnabon Pase,foodologypos,,0,0.01,1
10/05/2026,15,COL,Bogotá,55 TITAN,Cinnabon Pase,foodologypos,,0,1.78,1
10/05/2026,15,COL,Bogotá,56 SANTAFE BOG,Cinnabon Pase,foodologypos,,0,0.02,1
10/05/2026,15,COL,Bogotá,55 TITAN,Cinnabon Pase,foodologypos,,0,0.01,1
10/05/2026,15,COL,Bogotá,66 PLAZA CLARO CINNA,Cinnabon Pase,foodologypos,,0,0.01,1
10/05/2026,15,COL,Bogotá,56 SANTAFE BOG,Cinnabon Pase,foodologypos,,0,0.02,1
10/05/2026,15,COL,Bogotá,55 TITAN,Cinnabon Pase,foodologypos,,0,0.13,1
10/05/2026,15,COL,Bogotá,39 SALVIO,Cinnabon Pase,foodologypos,,0,0.01,1
10/05/2026,15,COL,Bogotá,56 SANTAFE BOG,Cinnabon Pase,foodologypos,,0,0.08,1
10/05/2026,15,COL,Bogotá,55 TITAN,Cinnabon Pase,foodologypos,,0,0.26,1
10/05/2026,15,COL,Bogotá,39 SALVIO,Cinnabon Pase,foodologypos,,0,0.02,1
10/05/2026,15,COL,Bogotá,56 SANTAFE BOG,Cinnabon Pase,foodologypos,,0,0.18,1
10/05/2026,15,COL,Bogotá,66 PLAZA CLARO CINNA,Cinnabon Pase,foodologypos,,0,0,1
10/05/2026,15,COL,Bogotá,39 SALVIO,Cinnabon Pase,foodologypos,,0,0.41,1
10/05/2026,15,COL,Bogotá,56 SANTAFE BOG,Cinnabon Pase,foodologypos,,0,0.11,1
10/05/2026,15,COL,Bogotá,55 TITAN,Cinnabon Pase,foodologypos,,0,0.01,1
10/05/2026,15,COL,Bogotá,39 SALVIO,Cinnabon Pase,foodologypos,,0,0.01,1
10/05/2026,15,COL,Bogotá,39 SALVIO,Cinnabon Pase,foodologypos,,0,0,1
10/05/2026,15,COL,Bogotá,39 SALVIO,Cinnabon Pase,foodologypos,,0,0.01,1
10/05/2026,15,COL,Bogotá,66 PLAZA CLARO CINNA,Cinnabon Pase,foodologypos,,0,0,1
10/05/2026,15,COL,Bogotá,55 TITAN,Cinnabon Pase,foodologypos,,0,0.04,1
10/05/2026,15,COL,Bogotá,56 SANTAFE BOG,Cinnabon Pase,foodologypos,,0,0.18,1
10/05/2026,15,COL,Bogotá,55 TITAN,Cinnabon Pase,foodologypos,,0,0.01,1
10/05/2026,15,COL,Bogotá,39 SALVIO,Cinnabon Pase,foodologypos,,0,7.15,1
10/05/2026,15,COL,Bogotá,66 PLAZA CLARO CINNA,Cinnabon Pase,foodologypos,,0,0,1
10/05/2026,15,COL,Bogotá,39 SALVIO,Cinnabon Pase,foodologypos,,0,1.15,1
10/05/2026,15,COL,Bogotá,55 TITAN,Cinnabon Pase,foodologypos,,0,0.02,1
10/05/2026,15,COL,Bogotá,56 SANTAFE BOG,Cinnabon Pase,foodologypos,,0,0,1
10/05/2026,15,COL,Bogotá,39 SALVIO,Cinnabon Pase,foodologypos,,0,0.01,1
10/05/2026,15,COL,Bogotá,56 SANTAFE BOG,Cinnabon Pase,foodologypos,,0,0.02,1
10/05/2026,15,COL,Bogotá,55 TITAN,Cinnabon Pase,foodologypos,,0,0.01,1
10/05/2026,15,COL,Bogotá,66 PLAZA CLARO CINNA,Cinnabon Pase,foodologypos,,0,0,1
10/05/2026,15,COL,Bogotá,61 CHICO CINNABON,Cinnabon Pase,foodologypos,,0,,1
10/05/2026,15,COL,Bogotá,56 SANTAFE BOG,Cinnabon Pase,foodologypos,,0,0.05,1
10/05/2026,15,COL,Bogotá,39 SALVIO,Cinnabon Pase,foodologypos,,0,0.01,1
10/05/2026,15,COL,Bogotá,56 SANTAFE BOG,Cinnabon Pase,foodologypos,,0,0.04,1
10/05/2026,15,COL,Bogotá,66 PLAZA CLARO CINNA,Cinnabon Pase,foodologypos,,0,0.01,1
10/05/2026,15,COL,Bogotá,61 CHICO CINNABON,Cinnabon Pase,foodologypos,,0,4.98,1
10/05/2026,15,COL,Bogotá,39 SALVIO,Cinnabon Pase,foodologypos,,0,0,1
10/05/2026,15,COL,Bogotá,56 SANTAFE BOG,Cinnabon Pase,foodologypos,,0,0.03,1
10/05/2026,15,COL,Bogotá,39 SALVIO,Cinnabon Pase,foodologypos,,0,0.01,1
10/05/2026,16,COL,Bogotá,39 SALVIO,Cinnabon Pase,foodologypos,,0,0,1
10/05/2026,16,COL,Bogotá,56 SANTAFE BOG,Cinnabon Pase,foodologypos,,0,0.01,1
10/05/2026,16,COL,Bogotá,39 SALVIO,Cinnabon Pase,foodologypos,,0,0,1
10/05/2026,16,COL,Bogotá,56 SANTAFE BOG,Cinnabon Pase,foodologypos,,0,1.2,1
10/05/2026,16,COL,Bogotá,39 SALVIO,Cinnabon Pase,foodologypos,,0,0.03,1
10/05/2026,16,COL,Bogotá,56 SANTAFE BOG,Cinnabon Pase,foodologypos,,0,0,1
10/05/2026,16,COL,Bogotá,39 SALVIO,Cinnabon Pase,foodologypos,,0,0.01,1
10/05/2026,16,COL,Bogotá,66 PLAZA CLARO CINNA,Cinnabon Pase,foodologypos,,0,0,1
10/05/2026,16,COL,Bogotá,56 SANTAFE BOG,Cinnabon Pase,foodologypos,,0,0.04,1
10/05/2026,16,COL,Bogotá,55 TITAN,Cinnabon Pase,foodologypos,,0,0.04,1
10/05/2026,16,COL,Bogotá,56 SANTAFE BOG,Cinnabon Pase,foodologypos,,0,0.03,1
10/05/2026,16,COL,Bogotá,55 TITAN,Cinnabon Pase,foodologypos,,0,0.01,1
10/05/2026,16,COL,Bogotá,66 PLAZA CLARO CINNA,Cinnabon Pase,foodologypos,,0,0.01,1
10/05/2026,16,COL,Bogotá,56 SANTAFE BOG,Cinnabon Pase,foodologypos,,0,0.05,1
10/05/2026,16,COL,Bogotá,56 SANTAFE BOG,Cinnabon Pase,foodologypos,,0,0.02,1
10/05/2026,16,COL,Bogotá,55 TITAN,Cinnabon Pase,foodologypos,,0,0.01,1
10/05/2026,16,COL,Bogotá,61 CHICO CINNABON,Cinnabon Pase,foodologypos,,0,0.01,1
10/05/2026,16,COL,Bogotá,39 SALVIO,Cinnabon Pase,foodologypos,,0,0,1
10/05/2026,16,COL,Bogotá,56 SANTAFE BOG,Cinnabon Pase,foodologypos,,0,1.81,1
10/05/2026,16,COL,Bogotá,39 SALVIO,Cinnabon Pase,foodologypos,,0,0.01,1
10/05/2026,16,COL,Bogotá,56 SANTAFE BOG,Cinnabon Pase,foodologypos,,0,0.02,1
10/05/2026,16,COL,Bogotá,66 PLAZA CLARO CINNA,Cinnabon Pase,foodologypos,,0,,1
10/05/2026,16,COL,Bogotá,39 SALVIO,Cinnabon Pase,foodologypos,,0,0.01,1
10/05/2026,16,COL,Bogotá,39 SALVIO,Cinnabon Pase,foodologypos,,0,0,1
10/05/2026,16,COL,Bogotá,39 SALVIO,Cinnabon Pase,foodologypos,,0,0,1
10/05/2026,16,COL,Bogotá,56 SANTAFE BOG,Cinnabon Pase,foodologypos,,0,0.01,1
10/05/2026,16,COL,Bogotá,56 SANTAFE BOG,Cinnabon Pase,foodologypos,,0,0.01,1
10/05/2026,16,COL,Bogotá,66 PLAZA CLARO CINNA,Cinnabon Pase,foodologypos,,0,,1
10/05/2026,16,COL,Bogotá,66 PLAZA CLARO CINNA,Cinnabon Pase,foodologypos,,0,,1
10/05/2026,16,COL,Bogotá,56 SANTAFE BOG,Cinnabon Pase,foodologypos,,0,0.01,1
10/05/2026,16,COL,Bogotá,66 PLAZA CLARO CINNA,Cinnabon Pase,foodologypos,,0,,1
10/05/2026,16,COL,Bogotá,56 SANTAFE BOG,Cinnabon Pase,foodologypos,,0,0.01,1
10/05/2026,16,COL,Bogotá,56 SANTAFE BOG,Cinnabon Pase,foodologypos,,0,0.01,1
10/05/2026,16,COL,Bogotá,66 PLAZA CLARO CINNA,Cinnabon Pase,foodologypos,,0,0.01,1
10/05/2026,16,COL,Bogotá,66 PLAZA CLARO CINNA,Cinnabon Pase,foodologypos,,0,0.01,1
10/05/2026,16,COL,Bogotá,39 SALVIO,Cinnabon Pase,foodologypos,,0,0.43,1
10/05/2026,16,COL,Bogotá,39 SALVIO,Cinnabon Pase,foodologypos,,0,0.01,1
10/05/2026,16,COL,Bogotá,66 PLAZA CLARO CINNA,Cinnabon Pase,foodologypos,,0,,1
10/05/2026,17,COL,Bogotá,39 SALVIO,Cinnabon Pase,foodologypos,,0,0,1
10/05/2026,17,COL,Bogotá,66 PLAZA CLARO CINNA,Cinnabon Pase,foodologypos,,0,0.01,1
10/05/2026,17,COL,Bogotá,66 PLAZA CLARO CINNA,Cinnabon Pase,foodologypos,,0,,1
10/05/2026,17,COL,Bogotá,56 SANTAFE BOG,Cinnabon Pase,foodologypos,,0,2.11,1
10/05/2026,17,COL,Bogotá,55 TITAN,Cinnabon Pase,foodologypos,,0,0.01,1
10/05/2026,17,COL,Bogotá,56 SANTAFE BOG,Cinnabon Pase,foodologypos,,0,0.03,1
10/05/2026,17,COL,Bogotá,55 TITAN,Cinnabon Pase,foodologypos,,0,0.01,1
10/05/2026,17,COL,Bogotá,66 PLAZA CLARO CINNA,Cinnabon Pase,foodologypos,,0,,1
10/05/2026,17,COL,Bogotá,55 TITAN,Cinnabon Pase,foodologypos,,0,0.01,1
10/05/2026,17,COL,Bogotá,56 SANTAFE BOG,Cinnabon Pase,foodologypos,,0,0.01,1
10/05/2026,17,COL,Bogotá,66 PLAZA CLARO CINNA,Cinnabon Pase,foodologypos,,0,,1
10/05/2026,17,COL,Bogotá,39 SALVIO,Cinnabon Pase,foodologypos,,0,0.01,1
10/05/2026,17,COL,Bogotá,55 TITAN,Cinnabon Pase,foodologypos,,0,0,1
10/05/2026,17,COL,Bogotá,55 TITAN,Cinnabon Pase,foodologypos,,0,0,1
10/05/2026,17,COL,Bogotá,66 PLAZA CLARO CINNA,Cinnabon Pase,foodologypos,,0,,1
10/05/2026,17,COL,Bogotá,56 SANTAFE BOG,Cinnabon Pase,foodologypos,,0,0.02,1
10/05/2026,17,COL,Bogotá,66 PLAZA CLARO CINNA,Cinnabon Pase,foodologypos,,0,,1
10/05/2026,17,COL,Bogotá,55 TITAN,Cinnabon Pase,foodologypos,,0,0,1
10/05/2026,17,COL,Bogotá,56 SANTAFE BOG,Cinnabon Pase,foodologypos,,0,0.02,1
10/05/2026,17,COL,Bogotá,39 SALVIO,Cinnabon Pase,foodologypos,,0,0.02,1
10/05/2026,17,COL,Bogotá,39 SALVIO,Cinnabon Pase,foodologypos,,0,0.01,1
10/05/2026,17,COL,Bogotá,56 SANTAFE BOG,Cinnabon Pase,foodologypos,,0,0.21,1
10/05/2026,17,COL,Bogotá,66 PLAZA CLARO CINNA,Cinnabon Pase,foodologypos,,0,,1
10/05/2026,17,COL,Bogotá,66 PLAZA CLARO CINNA,Cinnabon Pase,foodologypos,,0,,1
10/05/2026,17,COL,Bogotá,55 TITAN,Cinnabon Pase,foodologypos,,0,0.01,1
10/05/2026,17,COL,Bogotá,66 PLAZA CLARO CINNA,Cinnabon Pase,foodologypos,,0,0.01,1
10/05/2026,17,COL,Bogotá,66 PLAZA CLARO CINNA,Cinnabon Pase,foodologypos,,0,0.05,1
10/05/2026,17,COL,Bogotá,66 PLAZA CLARO CINNA,Cinnabon Pase,foodologypos,,0,0.01,1
10/05/2026,17,COL,Bogotá,55 TITAN,Cinnabon Pase,foodologypos,,0,0,1
10/05/2026,17,COL,Bogotá,56 SANTAFE BOG,Cinnabon Pase,foodologypos,,0,0,1
10/05/2026,17,COL,Bogotá,39 SALVIO,Cinnabon Pase,foodologypos,,0,0.16,1
10/05/2026,17,COL,Bogotá,56 SANTAFE BOG,Cinnabon Pase,foodologypos,,0,0.01,1
10/05/2026,17,COL,Bogotá,39 SALVIO,Cinnabon Pase,foodologypos,,0,0.09,1
10/05/2026,17,COL,Bogotá,56 SANTAFE BOG,Cinnabon Pase,foodologypos,,0,0.01,1
10/05/2026,17,COL,Bogotá,39 SALVIO,Cinnabon Pase,foodologypos,,0,0.02,1
10/05/2026,17,COL,Bogotá,66 PLAZA CLARO CINNA,Cinnabon Pase,foodologypos,,0,,1
10/05/2026,17,COL,Bogotá,55 TITAN,Cinnabon Pase,foodologypos,,0,0.01,1
10/05/2026,17,COL,Bogotá,56 SANTAFE BOG,Cinnabon Pase,foodologypos,,0,0.08,1
10/05/2026,17,COL,Bogotá,39 SALVIO,Cinnabon Pase,foodologypos,,0,0.01,1
10/05/2026,17,COL,Bogotá,55 TITAN,Cinnabon Pase,foodologypos,,0,0.01,1
10/05/2026,17,COL,Bogotá,55 TITAN,Cinnabon Pase,foodologypos,,0,0,1
10/05/2026,17,COL,Bogotá,66 PLAZA CLARO CINNA,Cinnabon Pase,foodologypos,,0,,1
10/05/2026,17,COL,Bogotá,55 TITAN,Cinnabon Pase,foodologypos,,0,0,1
10/05/2026,18,COL,Bogotá,66 PLAZA CLARO CINNA,Cinnabon Pase,foodologypos,,0,,1
10/05/2026,18,COL,Bogotá,56 SANTAFE BOG,Cinnabon Pase,foodologypos,,0,0.1,1
10/05/2026,18,COL,Bogotá,56 SANTAFE BOG,Cinnabon Pase,foodologypos,,0,0.01,1
10/05/2026,18,COL,Bogotá,61 CHICO CINNABON,Cinnabon Pase,foodologypos,,0,0.02,1
10/05/2026,18,COL,Bogotá,39 SALVIO,Cinnabon Pase,foodologypos,,0,0.01,1
10/05/2026,18,COL,Bogotá,56 SANTAFE BOG,Cinnabon Pase,foodologypos,,0,0.01,1
10/05/2026,18,COL,Bogotá,56 SANTAFE BOG,Cinnabon Pase,foodologypos,,0,0.01,1
10/05/2026,18,COL,Bogotá,39 SALVIO,Cinnabon Pase,foodologypos,,0,0.13,1
10/05/2026,18,COL,Bogotá,66 PLAZA CLARO CINNA,Cinnabon Pase,foodologypos,,0,,1
10/05/2026,18,COL,Bogotá,56 SANTAFE BOG,Cinnabon Pase,foodologypos,,0,0.01,1
10/05/2026,18,COL,Bogotá,39 SALVIO,Cinnabon Pase,foodologypos,,0,0,1
10/05/2026,18,COL,Bogotá,56 SANTAFE BOG,Cinnabon Pase,foodologypos,,0,0,1
10/05/2026,18,COL,Bogotá,55 TITAN,Cinnabon Pase,foodologypos,,0,3.73,1
10/05/2026,18,COL,Bogotá,56 SANTAFE BOG,Cinnabon Pase,foodologypos,,0,0.01,1
10/05/2026,18,COL,Bogotá,55 TITAN,Cinnabon Pase,foodologypos,,0,0.01,1
10/05/2026,18,COL,Bogotá,39 SALVIO,Cinnabon Pase,foodologypos,,0,0.02,1
10/05/2026,18,COL,Bogotá,56 SANTAFE BOG,Cinnabon Pase,foodologypos,,0,0.02,1
10/05/2026,18,COL,Bogotá,55 TITAN,Cinnabon Pase,foodologypos,,0,0.05,1
10/05/2026,18,COL,Bogotá,56 SANTAFE BOG,Cinnabon Pase,foodologypos,,0,1.8,1
10/05/2026,18,COL,Bogotá,56 SANTAFE BOG,Cinnabon Pase,foodologypos,,0,0.03,1
10/05/2026,18,COL,Bogotá,39 SALVIO,Cinnabon Pase,foodologypos,,0,0,1
10/05/2026,18,COL,Bogotá,55 TITAN,Cinnabon Pase,foodologypos,,0,0.04,1
10/05/2026,18,COL,Bogotá,55 TITAN,Cinnabon Pase,foodologypos,,0,0,1
10/05/2026,18,COL,Bogotá,56 SANTAFE BOG,Cinnabon Pase,foodologypos,,0,0.01,1
10/05/2026,19,COL,Bogotá,56 SANTAFE BOG,Cinnabon Pase,foodologypos,,0,0.29,1
10/05/2026,19,COL,Bogotá,66 PLAZA CLARO CINNA,Cinnabon Pase,foodologypos,,0,,1
10/05/2026,19,COL,Bogotá,66 PLAZA CLARO CINNA,Cinnabon Pase,foodologypos,,0,0.01,1
10/05/2026,19,COL,Bogotá,55 TITAN,Cinnabon Pase,foodologypos,,0,0.01,1
10/05/2026,19,COL,Bogotá,55 TITAN,Cinnabon Pase,foodologypos,,0,0.02,1
10/05/2026,19,COL,Bogotá,56 SANTAFE BOG,Cinnabon Pase,foodologypos,,0,0.04,1
10/05/2026,19,COL,Bogotá,56 SANTAFE BOG,Cinnabon Pase,foodologypos,,0,0.01,1
10/05/2026,19,COL,Bogotá,56 SANTAFE BOG,Cinnabon Pase,foodologypos,,0,0.01,1
10/05/2026,19,COL,Bogotá,55 TITAN,Cinnabon Pase,foodologypos,,0,0,1
10/05/2026,19,COL,Bogotá,55 TITAN,Cinnabon Pase,foodologypos,,0,0.01,1
10/05/2026,19,COL,Bogotá,56 SANTAFE BOG,Cinnabon Pase,foodologypos,,0,0.15,1
10/05/2026,19,COL,Bogotá,39 SALVIO,Cinnabon Pase,foodologypos,,0,0,1
10/05/2026,19,COL,Bogotá,39 SALVIO,Cinnabon Pase,foodologypos,,0,0.02,1
10/05/2026,19,COL,Bogotá,39 SALVIO,Cinnabon Pase,foodologypos,,0,0.01,1
10/05/2026,20,COL,Bogotá,56 SANTAFE BOG,Cinnabon Pase,foodologypos,,0,0,1
10/05/2026,20,COL,Bogotá,55 TITAN,Cinnabon Pase,foodologypos,,0,0.01,1
10/05/2026,15,COL,Bogotá,69 ARRECIFE,Foodhub,foodologypos,11.98,0,0.12,1
10/05/2026,11,COL,Bogotá,01 USAQUEN,La Cuadra,foodologypos,2.08,0,39.13,1
10/05/2026,7,COL,Bucaramanga,42 CABECERA,Brunch & Munch,foodologypos,9.24,0,28.98,1
10/05/2026,7,COL,Cali,22 SANTA MONICA,Brunch & Munch,foodologypos,22.69,0,85.28,2
10/05/2026,7,COL,Cali,46 INGENIO,Brunch & Munch,foodologypos,241.44,0,149.48,3
10/05/2026,7,COL,Cali,24 SAN FERNANDO,Brunch & Munch,foodologypos,63.44,0,79.54,1
10/05/2026,7,COL,Cali,46 INGENIO,Brunch & Munch,foodologypos,31.17,0,73.32,1
10/05/2026,8,COL,Cali,46 INGENIO,Brunch & Munch,foodologypos,148.18,0,1.28,1
10/05/2026,7,COL,Cartagena,33 CARTAGENA,Foodology,foodologypos,14.34,0,41.05,1
10/05/2026,14,COL,Medellín,18 BELLO,Avocalia,foodologypos,17.87,0,29.14,1
10/05/2026,6,COL,Medellín,11 MANILA,Brunch & Munch,foodologypos,6.41,0,23.82,1
10/05/2026,6,COL,Medellín,11 MANILA,Brunch & Munch,foodologypos,8.23,0,29.17,1
10/05/2026,6,COL,Medellín,14 ENVIGADO,Brunch & Munch,foodologypos,9.3,0,35.06,1
10/05/2026,6,COL,Medellín,29 ITAGUI,Brunch & Munch,foodologypos,20.38,0,158.98,1
10/05/2026,7,COL,Medellín,11 MANILA,Brunch & Munch,foodologypos,11.12,0,9.17,1
10/05/2026,7,COL,Medellín,12 LAURELES,Brunch & Munch,foodologypos,6.01,0,80.45,1
10/05/2026,9,COL,Medellín,12 LAURELES,Brunch & Munch,foodologypos,7.19,0,14.29,1
10/05/2026,10,COL,Medellín,57 SANTAFE MED,Cinnabon Pase,foodologypos,,0,2.23,1
10/05/2026,10,COL,Medellín,57 SANTAFE MED,Cinnabon Pase,foodologypos,,0,0.01,1
10/05/2026,10,COL,Medellín,57 SANTAFE MED,Cinnabon Pase,foodologypos,,0,0.01,1
10/05/2026,11,COL,Medellín,58 VIVA MED,Cinnabon Pase,foodologypos,,0,0.01,1
10/05/2026,11,COL,Medellín,58 VIVA MED,Cinnabon Pase,foodologypos,,0,0.01,1
10/05/2026,11,COL,Medellín,58 VIVA MED,Cinnabon Pase,foodologypos,,0,0.01,1
10/05/2026,11,COL,Medellín,58 VIVA MED,Cinnabon Pase,foodologypos,,0,0.01,1
10/05/2026,11,COL,Medellín,58 VIVA MED,Cinnabon Pase,foodologypos,,0,0.02,1
10/05/2026,11,COL,Medellín,58 VIVA MED,Cinnabon Pase,foodologypos,,0,0.02,1
10/05/2026,12,COL,Medellín,57 SANTAFE MED,Cinnabon Pase,foodologypos,,0,0.01,1
10/05/2026,12,COL,Medellín,58 VIVA MED,Cinnabon Pase,foodologypos,,0,0.01,1
10/05/2026,12,COL,Medellín,58 VIVA MED,Cinnabon Pase,foodologypos,,0,0,1
10/05/2026,12,COL,Medellín,57 SANTAFE MED,Cinnabon Pase,foodologypos,,0,0.01,1
10/05/2026,12,COL,Medellín,58 VIVA MED,Cinnabon Pase,foodologypos,,0,0,1
10/05/2026,12,COL,Medellín,57 SANTAFE MED,Cinnabon Pase,foodologypos,,0,0.01,1
10/05/2026,12,COL,Medellín,58 VIVA MED,Cinnabon Pase,foodologypos,,0,0.01,1
10/05/2026,12,COL,Medellín,58 VIVA MED,Cinnabon Pase,foodologypos,,0,0.01,1
10/05/2026,12,COL,Medellín,58 VIVA MED,Cinnabon Pase,foodologypos,,0,0,1
10/05/2026,12,COL,Medellín,58 VIVA MED,Cinnabon Pase,foodologypos,,0,0,1
10/05/2026,12,COL,Medellín,57 SANTAFE MED,Cinnabon Pase,foodologypos,,0,0.01,1
10/05/2026,12,COL,Medellín,58 VIVA MED,Cinnabon Pase,foodologypos,,0,0.02,1
10/05/2026,12,COL,Medellín,57 SANTAFE MED,Cinnabon Pase,foodologypos,,0,0,1
10/05/2026,12,COL,Medellín,57 SANTAFE MED,Cinnabon Pase,foodologypos,,0,0.01,1
10/05/2026,12,COL,Medellín,58 VIVA MED,Cinnabon Pase,foodologypos,,0,0.02,1
10/05/2026,12,COL,Medellín,57 SANTAFE MED,Cinnabon Pase,foodologypos,,0,0.01,1
10/05/2026,13,COL,Medellín,57 SANTAFE MED,Cinnabon Pase,foodologypos,,0,0.02,1
10/05/2026,13,COL,Medellín,58 VIVA MED,Cinnabon Pase,foodologypos,,0,0.49,1
10/05/2026,13,COL,Medellín,58 VIVA MED,Cinnabon Pase,foodologypos,,0,0.02,1
10/05/2026,13,COL,Medellín,58 VIVA MED,Cinnabon Pase,foodologypos,,0,0.01,1
10/05/2026,14,COL,Medellín,58 VIVA MED,Cinnabon Pase,foodologypos,,0,0.03,1
10/05/2026,14,COL,Medellín,58 VIVA MED,Cinnabon Pase,foodologypos,,0,0.01,1
10/05/2026,14,COL,Medellín,58 VIVA MED,Cinnabon Pase,foodologypos,,0,0.01,1
10/05/2026,14,COL,Medellín,58 VIVA MED,Cinnabon Pase,foodologypos,,0,0.01,1
10/05/2026,14,COL,Medellín,58 VIVA MED,Cinnabon Pase,foodologypos,,0,0.01,1
10/05/2026,14,COL,Medellín,58 VIVA MED,Cinnabon Pase,foodologypos,,0,0.01,1
10/05/2026,14,COL,Medellín,57 SANTAFE MED,Cinnabon Pase,foodologypos,,0,0.02,1
10/05/2026,15,COL,Medellín,57 SANTAFE MED,Cinnabon Pase,foodologypos,,0,0,1
10/05/2026,15,COL,Medellín,58 VIVA MED,Cinnabon Pase,foodologypos,,0,0.01,1
10/05/2026,15,COL,Medellín,58 VIVA MED,Cinnabon Pase,foodologypos,,0,0.01,1
10/05/2026,15,COL,Medellín,57 SANTAFE MED,Cinnabon Pase,foodologypos,,0,0,1
10/05/2026,15,COL,Medellín,57 SANTAFE MED,Cinnabon Pase,foodologypos,,0,0.01,1
10/05/2026,16,COL,Medellín,57 SANTAFE MED,Cinnabon Pase,foodologypos,,0,0,1
10/05/2026,16,COL,Medellín,57 SANTAFE MED,Cinnabon Pase,foodologypos,,0,0,1
10/05/2026,16,COL,Medellín,57 SANTAFE MED,Cinnabon Pase,foodologypos,,0,0.01,1
10/05/2026,16,COL,Medellín,57 SANTAFE MED,Cinnabon Pase,foodologypos,,0,0.01,1
10/05/2026,16,COL,Medellín,58 VIVA MED,Cinnabon Pase,foodologypos,,0,0.01,1
10/05/2026,16,COL,Medellín,58 VIVA MED,Cinnabon Pase,foodologypos,,0,0.05,1
10/05/2026,16,COL,Medellín,58 VIVA MED,Cinnabon Pase,foodologypos,,0,0.03,1
10/05/2026,16,COL,Medellín,58 VIVA MED,Cinnabon Pase,foodologypos,,0,0.05,1
10/05/2026,16,COL,Medellín,58 VIVA MED,Cinnabon Pase,foodologypos,,0,0.05,1
10/05/2026,16,COL,Medellín,58 VIVA MED,Cinnabon Pase,foodologypos,,0,0.08,1
10/05/2026,16,COL,Medellín,57 SANTAFE MED,Cinnabon Pase,foodologypos,,0,0,1
10/05/2026,16,COL,Medellín,58 VIVA MED,Cinnabon Pase,foodologypos,,0,0.02,1
10/05/2026,16,COL,Medellín,58 VIVA MED,Cinnabon Pase,foodologypos,,0,0.02,1
10/05/2026,16,COL,Medellín,58 VIVA MED,Cinnabon Pase,foodologypos,,0,0.02,1
10/05/2026,16,COL,Medellín,57 SANTAFE MED,Cinnabon Pase,foodologypos,,0,0.01,1
10/05/2026,17,COL,Medellín,57 SANTAFE MED,Cinnabon Pase,foodologypos,,0,0,1
10/05/2026,17,COL,Medellín,57 SANTAFE MED,Cinnabon Pase,foodologypos,,0,0,1
10/05/2026,17,COL,Medellín,58 VIVA MED,Cinnabon Pase,foodologypos,,0,0.01,1
10/05/2026,17,COL,Medellín,57 SANTAFE MED,Cinnabon Pase,foodologypos,,0,0,1
10/05/2026,17,COL,Medellín,57 SANTAFE MED,Cinnabon Pase,foodologypos,,0,0.01,1
10/05/2026,17,COL,Medellín,58 VIVA MED,Cinnabon Pase,foodologypos,,0,0.02,1
10/05/2026,17,COL,Medellín,58 VIVA MED,Cinnabon Pase,foodologypos,,0,0.02,1
10/05/2026,18,COL,Medellín,57 SANTAFE MED,Cinnabon Pase,foodologypos,,0,0.42,1
10/05/2026,18,COL,Medellín,58 VIVA MED,Cinnabon Pase,foodologypos,,0,0.01,1
10/05/2026,18,COL,Medellín,58 VIVA MED,Cinnabon Pase,foodologypos,,0,0.01,1
10/05/2026,18,COL,Medellín,58 VIVA MED,Cinnabon Pase,foodologypos,,0,1.57,1
10/05/2026,18,COL,Medellín,58 VIVA MED,Cinnabon Pase,foodologypos,,0,0.01,1
10/05/2026,18,COL,Medellín,57 SANTAFE MED,Cinnabon Pase,foodologypos,,0,0.01,1
10/05/2026,18,COL,Medellín,58 VIVA MED,Cinnabon Pase,foodologypos,,0,0,1
10/05/2026,18,COL,Medellín,57 SANTAFE MED,Cinnabon Pase,foodologypos,,0,0.01,1
10/05/2026,18,COL,Medellín,58 VIVA MED,Cinnabon Pase,foodologypos,,0,0,1
10/05/2026,18,COL,Medellín,58 VIVA MED,Cinnabon Pase,foodologypos,,0,0.01,1
10/05/2026,18,COL,Medellín,58 VIVA MED,Cinnabon Pase,foodologypos,,0,0.01,1
10/05/2026,18,COL,Medellín,57 SANTAFE MED,Cinnabon Pase,foodologypos,,0,0,1
10/05/2026,18,COL,Medellín,57 SANTAFE MED,Cinnabon Pase,foodologypos,,0,0.02,1
10/05/2026,18,COL,Medellín,57 SANTAFE MED,Cinnabon Pase,foodologypos,,0,0.01,1
10/05/2026,18,COL,Medellín,57 SANTAFE MED,Cinnabon Pase,foodologypos,,0,0,1
10/05/2026,18,COL,Medellín,58 VIVA MED,Cinnabon Pase,foodologypos,,0,0,1
10/05/2026,18,COL,Medellín,58 VIVA MED,Cinnabon Pase,foodologypos,,0,0.01,1
10/05/2026,19,COL,Medellín,58 VIVA MED,Cinnabon Pase,foodologypos,,0,1.86,1
10/05/2026,19,COL,Medellín,58 VIVA MED,Cinnabon Pase,foodologypos,,0,0,1
10/05/2026,19,COL,Medellín,57 SANTAFE MED,Cinnabon Pase,foodologypos,,0,0.05,1
10/05/2026,19,COL,Medellín,57 SANTAFE MED,Cinnabon Pase,foodologypos,,0,0.01,1
10/05/2026,19,COL,Medellín,57 SANTAFE MED,Cinnabon Pase,foodologypos,,0,0.01,1
10/05/2026,19,COL,Medellín,57 SANTAFE MED,Cinnabon Pase,foodologypos,,0,0.41,1
10/05/2026,7,COL,Pereira,28 PEREIRA,Brunch & Munch,foodologypos,16.17,0,61.82,1
10/05/2026,12,COL,Pereira,28 PEREIRA,Burritos & Co,foodologypos,21.04,0,15.29,1
10/05/2026,8,COL,Bogotá,02 PARQUE 93,Brunch & Munch,justo,49.35,0,44.71,1
10/05/2026,9,COL,Bogotá,08 ANDES,Brunch & Munch,justo,11.8,0,25.94,1
10/05/2026,14,COL,Bogotá,15 ENGATIVA,Burritos & Co,justo,12.99,0,16.13,1
10/05/2026,8,COL,Bogotá,45 VERAGUAS,Cinnabon,justo,11.71,0,99.27,1
10/05/2026,10,COL,Bogotá,06 COLINA,Cinnabon,justo,19.15,0,0.99,1
10/05/2026,15,COL,Bogotá,45 VERAGUAS,Cinnabon,justo,13.33,0,36.67,1
10/05/2026,15,COL,Bogotá,36 VILLA DEL PRADO,Cinnabon,justo,22.67,0,0.45,1
10/05/2026,15,COL,Bogotá,15 ENGATIVA,Cinnabon,justo,30.94,0,29.76,1
10/05/2026,15,COL,Bogotá,45 VERAGUAS,Cinnabon,justo,15.17,0,2.97,1
10/05/2026,17,COL,Bogotá,06 COLINA,Cinnabon,justo,17.18,0,1.9,1
10/05/2026,10,COL,Bogotá,66 PLAZA CLARO CINNA,Cinnabon Pase,justo,,0,25.73,1
10/05/2026,11,COL,Bogotá,66 PLAZA CLARO CINNA,Cinnabon Pase,justo,,0,13.02,1
10/05/2026,7,COL,Medellín,11 MANILA,Brunch & Munch,justo,50.47,0,2.03,1
10/05/2026,9,COL,Medellín,11 MANILA,Brunch & Munch,justo,75.93,0,0.41,1
10/05/2026,14,COL,Medellín,11 MANILA,Cinnabon,justo,8.06,0,11.19,1
10/05/2026,11,COL,Barranquilla,32 BARRANQUILLA,Acpm Corrientazo Turbo,rappi,3.52,0,1.28,1
10/05/2026,12,COL,Barranquilla,32 BARRANQUILLA,Acpm Corrientazo Turbo,rappi,2.65,0.52,3.54,1
10/05/2026,14,COL,Barranquilla,32 BARRANQUILLA,Acpm Corrientazo Turbo,rappi,5.02,1.47,1.25,1
10/05/2026,16,COL,Barranquilla,32 BARRANQUILLA,Acpm Corrientazo Turbo,rappi,3.06,0,0.7,1
10/05/2026,16,COL,Barranquilla,32 BARRANQUILLA,Alba Vegetarian,rappi,15.31,1.27,10.85,1
10/05/2026,12,COL,Barranquilla,32 BARRANQUILLA,Almuerzos de la Casa,rappi,5.57,0.37,7.34,1
10/05/2026,14,COL,Barranquilla,32 BARRANQUILLA,Almuerzos de la Casa,rappi,15.94,2.02,0.11,1
10/05/2026,7,COL,Barranquilla,32 BARRANQUILLA,Avocalia,rappi,68.19,9.67,18.18,1
10/05/2026,11,COL,Barranquilla,32 BARRANQUILLA,Avocalia,rappi,24,6.03,0.07,1
10/05/2026,11,COL,Barranquilla,32 BARRANQUILLA,Avocalia,rappi,12.39,4.3,1.99,1
10/05/2026,11,COL,Barranquilla,32 BARRANQUILLA,Avocalia,rappi,29.02,21.87,1.07,1
10/05/2026,11,COL,Barranquilla,32 BARRANQUILLA,Avocalia,rappi,5.1,1,45.97,1
10/05/2026,12,COL,Barranquilla,32 BARRANQUILLA,Avocalia,rappi,9.82,3.02,0.21,1
10/05/2026,12,COL,Barranquilla,32 BARRANQUILLA,Avocalia,rappi,8.24,0.47,29.49,1
10/05/2026,12,COL,Barranquilla,32 BARRANQUILLA,Avocalia,rappi,12.81,0.67,5.27,1
10/05/2026,12,COL,Barranquilla,32 BARRANQUILLA,Avocalia,rappi,9.94,0.37,1.96,1
10/05/2026,12,COL,Barranquilla,32 BARRANQUILLA,Avocalia,rappi,15.74,0.82,11.88,1
10/05/2026,12,COL,Barranquilla,32 BARRANQUILLA,Avocalia,rappi,12.12,0.53,8.84,1
10/05/2026,13,COL,Barranquilla,32 BARRANQUILLA,Avocalia,rappi,12.67,0.3,5.88,1
10/05/2026,13,COL,Barranquilla,32 BARRANQUILLA,Avocalia,rappi,,0.37,22.1,1
10/05/2026,13,COL,Barranquilla,32 BARRANQUILLA,Avocalia,rappi,11.92,0.68,57.94,1
10/05/2026,14,COL,Barranquilla,32 BARRANQUILLA,Avocalia,rappi,10.59,0.27,6.09,1
10/05/2026,14,COL,Barranquilla,32 BARRANQUILLA,Avocalia,rappi,7.52,0.62,7.77,1
10/05/2026,14,COL,Barranquilla,32 BARRANQUILLA,Avocalia,rappi,11.89,1.35,0.93,1
10/05/2026,14,COL,Barranquilla,32 BARRANQUILLA,Avocalia,rappi,11.05,0.4,6.78,1
10/05/2026,14,COL,Barranquilla,32 BARRANQUILLA,Avocalia,rappi,9.27,0.22,11.19,1
10/05/2026,14,COL,Barranquilla,32 BARRANQUILLA,Avocalia,rappi,6.13,0.2,21.7,1
10/05/2026,17,COL,Barranquilla,32 BARRANQUILLA,Avocalia,rappi,11.92,0.48,23.07,1
10/05/2026,18,COL,Barranquilla,32 BARRANQUILLA,Avocalia,rappi,8.07,0.17,1.29,1
10/05/2026,19,COL,Barranquilla,32 BARRANQUILLA,Avocalia,rappi,9.99,2.07,0.45,1
10/05/2026,19,COL,Barranquilla,32 BARRANQUILLA,Avocalia,rappi,8.8,0.38,3.29,1
10/05/2026,20,COL,Barranquilla,32 BARRANQUILLA,Avocalia,rappi,6.83,0.62,11.07,1
10/05/2026,22,COL,Barranquilla,32 BARRANQUILLA,Avocalia,rappi,3.03,0.42,19.82,1
10/05/2026,22,COL,Barranquilla,32 BARRANQUILLA,Avocalia,rappi,7.84,1.62,17.29,1
10/05/2026,22,COL,Barranquilla,32 BARRANQUILLA,Avocalia,rappi,9.17,0.18,9.97,1
10/05/2026,13,COL,Barranquilla,32 BARRANQUILLA,Bottaniko,rappi,24.82,3.97,0.21,1
10/05/2026,12,COL,Barranquilla,32 BARRANQUILLA,Bottaniko Turbo,rappi,4.03,0.95,2.19,1
10/05/2026,18,COL,Barranquilla,32 BARRANQUILLA,Bottaniko Turbo,rappi,6.99,3.07,1.04,1
10/05/2026,6,COL,Barranquilla,32 BARRANQUILLA,Brunch & Munch,rappi,6.02,0.5,35.84,1
10/05/2026,6,COL,Barranquilla,32 BARRANQUILLA,Brunch & Munch,rappi,6.93,0,27.84,1
10/05/2026,6,COL,Barranquilla,32 BARRANQUILLA,Brunch & Munch,rappi,9.56,1,17.46,1
10/05/2026,6,COL,Barranquilla,32 BARRANQUILLA,Brunch & Munch,rappi,3.02,0,22.9,1
10/05/2026,6,COL,Barranquilla,32 BARRANQUILLA,Brunch & Munch,rappi,5.41,1.02,15.92,1
10/05/2026,6,COL,Barranquilla,32 BARRANQUILLA,Brunch & Munch,rappi,4.89,0.23,13.46,1
10/05/2026,7,COL,Barranquilla,32 BARRANQUILLA,Brunch & Munch,rappi,2.74,4.2,62.36,1
10/05/2026,7,COL,Barranquilla,32 BARRANQUILLA,Brunch & Munch,rappi,5.09,0.43,6.49,1
10/05/2026,7,COL,Barranquilla,32 BARRANQUILLA,Brunch & Munch,rappi,2.81,2.32,31.3,1
10/05/2026,7,COL,Barranquilla,32 BARRANQUILLA,Brunch & Munch,rappi,3.17,1.03,38.8,1
10/05/2026,7,COL,Barranquilla,32 BARRANQUILLA,Brunch & Munch,rappi,4.69,1.8,27.93,1
10/05/2026,7,COL,Barranquilla,32 BARRANQUILLA,Brunch & Munch,rappi,3.95,0.82,7.78,1
10/05/2026,7,COL,Barranquilla,32 BARRANQUILLA,Brunch & Munch,rappi,3.87,1.8,36.76,1
10/05/2026,7,COL,Barranquilla,32 BARRANQUILLA,Brunch & Munch,rappi,9.26,14.72,29.85,1
10/05/2026,7,COL,Barranquilla,32 BARRANQUILLA,Brunch & Munch,rappi,6.67,0.83,4.06,1
10/05/2026,7,COL,Barranquilla,32 BARRANQUILLA,Brunch & Munch,rappi,7.09,1.03,3.85,1
10/05/2026,7,COL,Barranquilla,32 BARRANQUILLA,Brunch & Munch,rappi,7.07,6.22,32.16,1
10/05/2026,7,COL,Barranquilla,32 BARRANQUILLA,Brunch & Munch,rappi,5.17,1.02,3.11,1
10/05/2026,7,COL,Barranquilla,32 BARRANQUILLA,Brunch & Munch,rappi,15.12,3.4,12.85,1
10/05/2026,7,COL,Barranquilla,32 BARRANQUILLA,Brunch & Munch,rappi,22.03,17.03,4.88,1
10/05/2026,7,COL,Barranquilla,32 BARRANQUILLA,Brunch & Munch,rappi,24.29,38.33,24.79,1
10/05/2026,7,COL,Barranquilla,32 BARRANQUILLA,Brunch & Munch,rappi,26.02,21.55,5.8,1
10/05/2026,7,COL,Barranquilla,32 BARRANQUILLA,Brunch & Munch,rappi,28.94,25.1,1.1,1
10/05/2026,7,COL,Barranquilla,32 BARRANQUILLA,Brunch & Munch,rappi,33.16,29.95,1.8,1
10/05/2026,7,COL,Barranquilla,32 BARRANQUILLA,Brunch & Munch,rappi,39.94,6.3,36.07,1
10/05/2026,7,COL,Barranquilla,32 BARRANQUILLA,Brunch & Munch,rappi,42.46,38.73,5.77,1
10/05/2026,7,COL,Barranquilla,32 BARRANQUILLA,Brunch & Munch,rappi,27.51,21.55,1.61,1
10/05/2026,7,COL,Barranquilla,32 BARRANQUILLA,Brunch & Munch,rappi,36.09,21.7,29.71,1
10/05/2026,7,COL,Barranquilla,32 BARRANQUILLA,Brunch & Munch,rappi,34.98,22.17,0.75,1
10/05/2026,7,COL,Barranquilla,32 BARRANQUILLA,Brunch & Munch,rappi,43.89,38.73,2.87,1
10/05/2026,7,COL,Barranquilla,32 BARRANQUILLA,Brunch & Munch,rappi,43.16,31.63,2.21,1
10/05/2026,7,COL,Barranquilla,32 BARRANQUILLA,Brunch & Munch,rappi,40.97,37.67,1.8,1
10/05/2026,7,COL,Barranquilla,32 BARRANQUILLA,Brunch & Munch,rappi,50.92,60.55,18.18,1
10/05/2026,7,COL,Barranquilla,32 BARRANQUILLA,Brunch & Munch,rappi,45.09,73.87,51.87,1
10/05/2026,7,COL,Barranquilla,32 BARRANQUILLA,Brunch & Munch,rappi,43.71,30.43,2.3,1
10/05/2026,7,COL,Barranquilla,32 BARRANQUILLA,Brunch & Munch,rappi,53.59,21.7,2.93,1
10/05/2026,7,COL,Barranquilla,32 BARRANQUILLA,Brunch & Munch,rappi,58.01,58.95,5.94,1
10/05/2026,7,COL,Barranquilla,32 BARRANQUILLA,Brunch & Munch,rappi,63.58,55.43,4.04,1
10/05/2026,7,COL,Barranquilla,32 BARRANQUILLA,Brunch & Munch,rappi,82.1,85.23,8.02,1
10/05/2026,7,COL,Barranquilla,32 BARRANQUILLA,Brunch & Munch,rappi,69.24,92.02,35.83,1
10/05/2026,7,COL,Barranquilla,32 BARRANQUILLA,Brunch & Munch,rappi,62.48,55.47,1.71,1
10/05/2026,7,COL,Barranquilla,32 BARRANQUILLA,Brunch & Munch,rappi,70.98,0,,1
10/05/2026,7,COL,Barranquilla,32 BARRANQUILLA,Brunch & Munch,rappi,43.38,0.3,20.88,1
10/05/2026,7,COL,Barranquilla,32 BARRANQUILLA,Brunch & Munch,rappi,74.61,45.37,0.21,1
10/05/2026,7,COL,Barranquilla,32 BARRANQUILLA,Brunch & Munch,rappi,,0,,1
10/05/2026,7,COL,Barranquilla,32 BARRANQUILLA,Brunch & Munch,rappi,75.11,18.3,10.92,1
10/05/2026,7,COL,Barranquilla,32 BARRANQUILLA,Brunch & Munch,rappi,,0,,1
10/05/2026,7,COL,Barranquilla,32 BARRANQUILLA,Brunch & Munch,rappi,67.01,64.97,3.3,1
10/05/2026,7,COL,Barranquilla,32 BARRANQUILLA,Brunch & Munch,rappi,65.97,55.07,0.9,1
10/05/2026,7,COL,Barranquilla,32 BARRANQUILLA,Brunch & Munch,rappi,65.77,19.55,0.91,1
10/05/2026,7,COL,Barranquilla,32 BARRANQUILLA,Brunch & Munch,rappi,29.83,0.5,44.16,1
10/05/2026,7,COL,Barranquilla,32 BARRANQUILLA,Brunch & Munch,rappi,,0,,1
10/05/2026,7,COL,Barranquilla,32 BARRANQUILLA,Brunch & Munch,rappi,86.5,82.4,0.69,1
10/05/2026,7,COL,Barranquilla,32 BARRANQUILLA,Brunch & Munch,rappi,59.11,43.1,9.87,1
10/05/2026,7,COL,Barranquilla,32 BARRANQUILLA,Brunch & Munch,rappi,13.37,3.95,2.15,1
10/05/2026,8,COL,Barranquilla,32 BARRANQUILLA,Brunch & Munch,rappi,47.18,22.83,0,1
10/05/2026,8,COL,Barranquilla,32 BARRANQUILLA,Brunch & Munch,rappi,55.8,60.92,14.24,1
10/05/2026,8,COL,Barranquilla,32 BARRANQUILLA,Brunch & Munch,rappi,66.91,0.52,16.08,1
10/05/2026,8,COL,Barranquilla,32 BARRANQUILLA,Brunch & Munch,rappi,70.5,60.38,0.94,1
10/05/2026,8,COL,Barranquilla,32 BARRANQUILLA,Brunch & Munch,rappi,28.97,0.42,46.03,1
10/05/2026,8,COL,Barranquilla,32 BARRANQUILLA,Brunch & Munch,rappi,62.17,21.73,5.72,1
10/05/2026,9,COL,Barranquilla,32 BARRANQUILLA,Brunch & Munch,rappi,26.54,10.55,1.21,1
10/05/2026,9,COL,Barranquilla,32 BARRANQUILLA,Brunch & Munch,rappi,16.9,5.65,1.18,1
10/05/2026,9,COL,Barranquilla,32 BARRANQUILLA,Brunch & Munch,rappi,14.8,0.55,13.91,1
10/05/2026,9,COL,Barranquilla,32 BARRANQUILLA,Brunch & Munch,rappi,6.86,10.65,8.91,1
10/05/2026,9,COL,Barranquilla,32 BARRANQUILLA,Brunch & Munch,rappi,6.29,1.37,46.04,1
10/05/2026,9,COL,Barranquilla,32 BARRANQUILLA,Brunch & Munch,rappi,10.36,1.38,9.73,1
10/05/2026,9,COL,Barranquilla,32 BARRANQUILLA,Brunch & Munch,rappi,12.03,9.9,3.89,1
10/05/2026,9,COL,Barranquilla,32 BARRANQUILLA,Brunch & Munch,rappi,22.41,12.47,1.58,1
10/05/2026,9,COL,Barranquilla,32 BARRANQUILLA,Brunch & Munch,rappi,17.13,0.93,0.27,1
10/05/2026,9,COL,Barranquilla,32 BARRANQUILLA,Brunch & Munch,rappi,22.03,6.48,0.23,1
10/05/2026,9,COL,Barranquilla,32 BARRANQUILLA,Brunch & Munch,rappi,9.1,5.77,1.74,1
10/05/2026,9,COL,Barranquilla,32 BARRANQUILLA,Brunch & Munch,rappi,18.41,10.25,0.8,1
10/05/2026,9,COL,Barranquilla,32 BARRANQUILLA,Brunch & Munch,rappi,5.89,0.48,2.15,1
10/05/2026,9,COL,Barranquilla,32 BARRANQUILLA,Brunch & Munch,rappi,13.47,0.13,4.5,1
10/05/2026,9,COL,Barranquilla,32 BARRANQUILLA,Brunch & Munch,rappi,12.99,2.63,7.9,1
10/05/2026,9,COL,Barranquilla,32 BARRANQUILLA,Brunch & Munch,rappi,11.68,9.28,6.43,1
10/05/2026,9,COL,Barranquilla,32 BARRANQUILLA,Brunch & Munch,rappi,9.97,3.13,15.57,1
10/05/2026,10,COL,Barranquilla,32 BARRANQUILLA,Brunch & Munch,rappi,10.53,1.25,3.45,1
10/05/2026,10,COL,Barranquilla,32 BARRANQUILLA,Brunch & Munch,rappi,11.66,2.9,0.52,1
10/05/2026,10,COL,Barranquilla,32 BARRANQUILLA,Brunch & Munch,rappi,6.52,10.72,8.92,1
10/05/2026,10,COL,Barranquilla,32 BARRANQUILLA,Brunch & Munch,rappi,9.24,2.03,5.16,1
10/05/2026,10,COL,Barranquilla,32 BARRANQUILLA,Brunch & Munch,rappi,10.25,0.73,5.42,1
10/05/2026,10,COL,Barranquilla,32 BARRANQUILLA,Brunch & Munch,rappi,14.73,0.33,4.02,1
10/05/2026,10,COL,Barranquilla,32 BARRANQUILLA,Brunch & Munch,rappi,8.06,0.37,19.19,1
10/05/2026,10,COL,Barranquilla,32 BARRANQUILLA,Brunch & Munch,rappi,5.84,0.75,16.3,1
10/05/2026,11,COL,Barranquilla,32 BARRANQUILLA,Brunch & Munch,rappi,6.27,1.08,7.83,1
10/05/2026,11,COL,Barranquilla,32 BARRANQUILLA,Brunch & Munch,rappi,5.18,0.33,62.71,1
10/05/2026,13,COL,Barranquilla,32 BARRANQUILLA,Brunch & Munch,rappi,15.97,4.98,2.39,1
10/05/2026,18,COL,Barranquilla,32 BARRANQUILLA,Brunch & Munch,rappi,15.31,4.62,1.03,1
10/05/2026,20,COL,Barranquilla,32 BARRANQUILLA,Brunch & Munch,rappi,10.68,0.23,6.27,1
10/05/2026,20,COL,Barranquilla,32 BARRANQUILLA,Brunch & Munch,rappi,15.6,1.02,0.94,1
10/05/2026,8,COL,Barranquilla,32 BARRANQUILLA,BRUNCH & MUNCH TURBO,rappi,6.13,2.7,1.28,1
10/05/2026,9,COL,Barranquilla,32 BARRANQUILLA,BRUNCH & MUNCH TURBO,rappi,10.05,7,1.93,1
10/05/2026,9,COL,Barranquilla,32 BARRANQUILLA,BRUNCH & MUNCH TURBO,rappi,2.32,0.08,2.72,1
10/05/2026,17,COL,Barranquilla,32 BARRANQUILLA,Burrito Cantina,rappi,10.95,0.85,1.79,1
10/05/2026,21,COL,Barranquilla,32 BARRANQUILLA,Burrito Cantina,rappi,11.52,1.03,0.21,1
10/05/2026,10,COL,Barranquilla,32 BARRANQUILLA,Burritos & Co,rappi,10.24,2.7,3.69,1
10/05/2026,11,COL,Barranquilla,32 BARRANQUILLA,Burritos & Co,rappi,4.59,0,0.11,1
10/05/2026,12,COL,Barranquilla,32 BARRANQUILLA,Burritos & Co,rappi,8.23,0.5,6.71,1
10/05/2026,12,COL,Barranquilla,32 BARRANQUILLA,Burritos & Co,rappi,7.93,3.75,0.9,1
10/05/2026,12,COL,Barranquilla,32 BARRANQUILLA,Burritos & Co,rappi,3.95,0.82,11.69,1
10/05/2026,12,COL,Barranquilla,32 BARRANQUILLA,Burritos & Co,rappi,12.98,0.92,5.66,1
10/05/2026,12,COL,Barranquilla,32 BARRANQUILLA,Burritos & Co,rappi,13.28,8.02,0.12,1
10/05/2026,13,COL,Barranquilla,32 BARRANQUILLA,Burritos & Co,rappi,20.98,5.23,0.43,1
10/05/2026,13,COL,Barranquilla,32 BARRANQUILLA,Burritos & Co,rappi,18.21,13.68,0.17,1
10/05/2026,14,COL,Barranquilla,32 BARRANQUILLA,Burritos & Co,rappi,15.02,0.53,3.23,1
10/05/2026,14,COL,Barranquilla,32 BARRANQUILLA,Burritos & Co,rappi,11.91,0.13,1.63,1
10/05/2026,15,COL,Barranquilla,32 BARRANQUILLA,Burritos & Co,rappi,3.8,0.22,12.24,1
10/05/2026,15,COL,Barranquilla,32 BARRANQUILLA,Burritos & Co,rappi,4.01,0.7,19.83,1
10/05/2026,15,COL,Barranquilla,32 BARRANQUILLA,Burritos & Co,rappi,9.72,1.88,0.88,1
10/05/2026,18,COL,Barranquilla,32 BARRANQUILLA,Burritos & Co,rappi,5.66,0.4,5.39,1
10/05/2026,19,COL,Barranquilla,32 BARRANQUILLA,Burritos & Co,rappi,8.82,0.37,10.16,1
10/05/2026,19,COL,Barranquilla,32 BARRANQUILLA,Burritos & Co,rappi,8.05,0.22,31.39,1
10/05/2026,20,COL,Barranquilla,32 BARRANQUILLA,Burritos & Co,rappi,7.27,0.75,4.74,1
10/05/2026,21,COL,Barranquilla,32 BARRANQUILLA,Burritos & Co,rappi,4.19,0.27,0.97,1
10/05/2026,22,COL,Barranquilla,32 BARRANQUILLA,Burritos & Co,rappi,11.47,0.23,1.93,1
10/05/2026,22,COL,Barranquilla,32 BARRANQUILLA,Burritos & Co,rappi,13.6,0.33,36.13,1
10/05/2026,23,COL,Barranquilla,32 BARRANQUILLA,Burritos & Co,rappi,7.85,0.18,24.98,1
10/05/2026,23,COL,Barranquilla,32 BARRANQUILLA,Burritos & Co,rappi,14.16,0.43,26.37,1
10/05/2026,11,COL,Barranquilla,32 BARRANQUILLA,Burritos & Co Turbo,rappi,5.98,1.3,0.19,1
10/05/2026,13,COL,Barranquilla,32 BARRANQUILLA,Burritos & Co Turbo,rappi,4.21,0,0.25,1
10/05/2026,17,COL,Barranquilla,32 BARRANQUILLA,Burritos & Co Turbo,rappi,5,0.82,0.87,1
10/05/2026,19,COL,Barranquilla,32 BARRANQUILLA,Burritos & Co Turbo,rappi,5.51,3.33,2.68,1
10/05/2026,20,COL,Barranquilla,32 BARRANQUILLA,Burritos & Co Turbo,rappi,4.54,0.62,1.21,1
10/05/2026,20,COL,Barranquilla,32 BARRANQUILLA,Burritos & Co Turbo,rappi,5.3,0.7,4.69,1
10/05/2026,21,COL,Barranquilla,32 BARRANQUILLA,Burritos & Co Turbo,rappi,4.99,0.6,0.76,1
10/05/2026,21,COL,Barranquilla,32 BARRANQUILLA,Burritos & Co Turbo,rappi,7.85,0,,1
10/05/2026,13,COL,Barranquilla,32 BARRANQUILLA,Casa arabe,rappi,15.38,10.87,0.52,1
10/05/2026,19,COL,Barranquilla,32 BARRANQUILLA,Casa arabe,rappi,15.08,0,,1
10/05/2026,20,COL,Barranquilla,32 BARRANQUILLA,Casa arabe,rappi,4.12,1.82,2.34,1
10/05/2026,6,COL,Barranquilla,32 BARRANQUILLA,Cinnabon,rappi,2.99,0.32,8.65,1
10/05/2026,7,COL,Barranquilla,32 BARRANQUILLA,Cinnabon,rappi,16.2,2.13,13.99,1
10/05/2026,7,COL,Barranquilla,32 BARRANQUILLA,Cinnabon,rappi,14.4,8.17,3.06,1
10/05/2026,7,COL,Barranquilla,32 BARRANQUILLA,Cinnabon,rappi,114.05,36.6,1.02,1
10/05/2026,9,COL,Barranquilla,32 BARRANQUILLA,Cinnabon,rappi,36.52,5.27,0.2,1
10/05/2026,10,COL,Barranquilla,32 BARRANQUILLA,Cinnabon,rappi,5.61,1.68,1.28,1
10/05/2026,10,COL,Barranquilla,32 BARRANQUILLA,Cinnabon,rappi,19.33,12.48,0.14,1
10/05/2026,10,COL,Barranquilla,32 BARRANQUILLA,Cinnabon,rappi,6.88,3.67,1.92,1
10/05/2026,10,COL,Barranquilla,32 BARRANQUILLA,Cinnabon,rappi,13.98,0.13,1.28,1
10/05/2026,11,COL,Barranquilla,32 BARRANQUILLA,Cinnabon,rappi,4.2,0,0.77,1
10/05/2026,12,COL,Barranquilla,32 BARRANQUILLA,Cinnabon,rappi,3.12,0.53,18.05,1
10/05/2026,12,COL,Barranquilla,32 BARRANQUILLA,Cinnabon,rappi,4.08,1.3,17.72,1
10/05/2026,12,COL,Barranquilla,32 BARRANQUILLA,Cinnabon,rappi,4.18,0.13,29.72,1
10/05/2026,13,COL,Barranquilla,32 BARRANQUILLA,Cinnabon,rappi,18.25,13.62,0.5,1
10/05/2026,13,COL,Barranquilla,32 BARRANQUILLA,Cinnabon,rappi,9.24,0.97,0.65,1
10/05/2026,14,COL,Barranquilla,32 BARRANQUILLA,Cinnabon,rappi,4.85,0.22,4.05,1
10/05/2026,15,COL,Barranquilla,32 BARRANQUILLA,Cinnabon,rappi,12.94,0.33,21.28,1
10/05/2026,16,COL,Barranquilla,32 BARRANQUILLA,Cinnabon,rappi,10.97,3.3,1.13,1
10/05/2026,16,COL,Barranquilla,32 BARRANQUILLA,Cinnabon,rappi,10.2,0.23,7.86,1
10/05/2026,17,COL,Barranquilla,32 BARRANQUILLA,Cinnabon,rappi,11.41,5.67,0.98,1
10/05/2026,17,COL,Barranquilla,32 BARRANQUILLA,Cinnabon,rappi,8.79,0.15,2.73,1
10/05/2026,17,COL,Barranquilla,32 BARRANQUILLA,Cinnabon,rappi,16.09,6.82,1.96,1
10/05/2026,17,COL,Barranquilla,32 BARRANQUILLA,Cinnabon,rappi,14.1,2.97,2.02,1
10/05/2026,18,COL,Barranquilla,32 BARRANQUILLA,Cinnabon,rappi,2.14,0.28,9.13,1
10/05/2026,19,COL,Barranquilla,32 BARRANQUILLA,Cinnabon,rappi,12.07,3.03,1.1,1
10/05/2026,21,COL,Barranquilla,32 BARRANQUILLA,Cinnabon,rappi,3.55,0.55,6.92,1
10/05/2026,21,COL,Barranquilla,32 BARRANQUILLA,Cinnabon,rappi,10.45,0.43,17.01,1
10/05/2026,21,COL,Barranquilla,32 BARRANQUILLA,Cinnabon,rappi,10.02,1.63,5.75,1
10/05/2026,22,COL,Barranquilla,32 BARRANQUILLA,Cinnabon,rappi,12.14,5,0.85,1
10/05/2026,10,COL,Barranquilla,32 BARRANQUILLA,Cinnabon Turbo,rappi,5.25,0.78,0.6,1
10/05/2026,11,COL,Barranquilla,32 BARRANQUILLA,Cinnabon Turbo,rappi,4.64,0,0.26,1
10/05/2026,14,COL,Barranquilla,32 BARRANQUILLA,Cinnabon Turbo,rappi,4.68,0,1.51,1
10/05/2026,15,COL,Barranquilla,32 BARRANQUILLA,Cinnabon Turbo,rappi,4.63,0.62,1.12,1
10/05/2026,16,COL,Barranquilla,32 BARRANQUILLA,Cinnabon Turbo,rappi,6.57,2.22,0.94,1
10/05/2026,18,COL,Barranquilla,32 BARRANQUILLA,Cinnabon Turbo,rappi,5.86,2.38,1.36,1
10/05/2026,20,COL,Barranquilla,32 BARRANQUILLA,Cinnabon Turbo,rappi,5.09,0.38,0.78,1
10/05/2026,21,COL,Barranquilla,32 BARRANQUILLA,Cinnabon Turbo,rappi,5.05,0.83,0.44,1
10/05/2026,7,COL,Barranquilla,32 BARRANQUILLA,Desayunos Colombianos,rappi,17.07,18.27,6.48,1
10/05/2026,7,COL,Barranquilla,32 BARRANQUILLA,Desayunos Colombianos,rappi,15.94,1.78,13.67,1
10/05/2026,7,COL,Barranquilla,32 BARRANQUILLA,Desayunos Colombianos,rappi,78.91,0,,1
10/05/2026,7,COL,Barranquilla,32 BARRANQUILLA,Desayunos Colombianos,rappi,83.77,45.83,3.89,1
10/05/2026,7,COL,Barranquilla,32 BARRANQUILLA,Desayunos Colombianos,rappi,98.33,89.68,0.23,1
10/05/2026,7,COL,Barranquilla,32 BARRANQUILLA,Desayunos Colombianos,rappi,88.87,66.3,0.39,1
10/05/2026,8,COL,Barranquilla,32 BARRANQUILLA,Desayunos Colombianos,rappi,80.23,70.63,0.99,1
10/05/2026,8,COL,Barranquilla,32 BARRANQUILLA,Desayunos Colombianos,rappi,51.7,40.13,1.84,1
10/05/2026,8,COL,Barranquilla,32 BARRANQUILLA,Desayunos Colombianos,rappi,45.27,10,20.99,1
10/05/2026,8,COL,Barranquilla,32 BARRANQUILLA,Desayunos Colombianos,rappi,38.23,1.77,19.91,1
10/05/2026,8,COL,Barranquilla,32 BARRANQUILLA,Desayunos Colombianos,rappi,50.06,0,23.09,1
10/05/2026,9,COL,Barranquilla,32 BARRANQUILLA,Desayunos Colombianos,rappi,12.6,0.82,42.36,1
10/05/2026,9,COL,Barranquilla,32 BARRANQUILLA,Desayunos Colombianos,rappi,6.98,2.67,0.81,1
10/05/2026,10,COL,Barranquilla,32 BARRANQUILLA,Desayunos Colombianos,rappi,10.39,6.12,0.68,1
10/05/2026,10,COL,Barranquilla,32 BARRANQUILLA,Desayunos Colombianos,rappi,6.76,2.23,0.85,1
10/05/2026,6,COL,Barranquilla,32 BARRANQUILLA,Desayunos de la Abuela,rappi,12.39,0.13,7.57,1
10/05/2026,7,COL,Barranquilla,32 BARRANQUILLA,Desayunos de la Abuela,rappi,5.84,3.77,27.21,1
10/05/2026,7,COL,Barranquilla,32 BARRANQUILLA,Desayunos de la Abuela,rappi,13.39,0.42,5.6,1
10/05/2026,7,COL,Barranquilla,32 BARRANQUILLA,Desayunos de la Abuela,rappi,20.97,21.82,6.02,1
10/05/2026,7,COL,Barranquilla,32 BARRANQUILLA,Desayunos de la Abuela,rappi,21.25,4.15,18.63,1
10/05/2026,7,COL,Barranquilla,32 BARRANQUILLA,Desayunos de la Abuela,rappi,21.62,14.1,5.21,1
10/05/2026,7,COL,Barranquilla,32 BARRANQUILLA,Desayunos de la Abuela,rappi,32.21,22.7,2,1
10/05/2026,7,COL,Barranquilla,32 BARRANQUILLA,Desayunos de la Abuela,rappi,30.58,28.95,3.38,1
10/05/2026,7,COL,Barranquilla,32 BARRANQUILLA,Desayunos de la Abuela,rappi,35.27,4.15,1.89,1
10/05/2026,7,COL,Barranquilla,32 BARRANQUILLA,Desayunos de la Abuela,rappi,41.26,4.07,2.77,1
10/05/2026,7,COL,Barranquilla,32 BARRANQUILLA,Desayunos de la Abuela,rappi,3.76,22.7,26.16,1
10/05/2026,7,COL,Barranquilla,32 BARRANQUILLA,Desayunos de la Abuela,rappi,45.23,42,5.88,1
10/05/2026,7,COL,Barranquilla,32 BARRANQUILLA,Desayunos de la Abuela,rappi,36.98,71.48,44.11,1
10/05/2026,7,COL,Barranquilla,32 BARRANQUILLA,Desayunos de la Abuela,rappi,58.6,57.3,3.97,1
10/05/2026,7,COL,Barranquilla,32 BARRANQUILLA,Desayunos de la Abuela,rappi,59.34,57.03,2.67,1
10/05/2026,7,COL,Barranquilla,32 BARRANQUILLA,Desayunos de la Abuela,rappi,43.63,3.82,37.34,1
10/05/2026,7,COL,Barranquilla,32 BARRANQUILLA,Desayunos de la Abuela,rappi,50.13,49.13,19.63,1
10/05/2026,7,COL,Barranquilla,32 BARRANQUILLA,Desayunos de la Abuela,rappi,59.74,49.13,7,1
10/05/2026,7,COL,Barranquilla,32 BARRANQUILLA,Desayunos de la Abuela,rappi,63.36,0.23,12.87,1
10/05/2026,7,COL,Barranquilla,32 BARRANQUILLA,Desayunos de la Abuela,rappi,60.26,40.92,7.21,1
10/05/2026,7,COL,Barranquilla,32 BARRANQUILLA,Desayunos de la Abuela,rappi,66.28,66.68,5.11,1
10/05/2026,7,COL,Barranquilla,32 BARRANQUILLA,Desayunos de la Abuela,rappi,71.18,0,,1
10/05/2026,7,COL,Barranquilla,32 BARRANQUILLA,Desayunos de la Abuela,rappi,73.92,95.52,29.33,1
10/05/2026,7,COL,Barranquilla,32 BARRANQUILLA,Desayunos de la Abuela,rappi,81.13,24.52,15.57,1
10/05/2026,7,COL,Barranquilla,32 BARRANQUILLA,Desayunos de la Abuela,rappi,76.83,21.87,5.09,1
10/05/2026,7,COL,Barranquilla,32 BARRANQUILLA,Desayunos de la Abuela,rappi,69.84,43.77,4.13,1
10/05/2026,7,COL,Barranquilla,32 BARRANQUILLA,Desayunos de la Abuela,rappi,78.39,58.7,0.83,1
10/05/2026,7,COL,Barranquilla,32 BARRANQUILLA,Desayunos de la Abuela,rappi,89.87,1.33,1.13,1
10/05/2026,7,COL,Barranquilla,32 BARRANQUILLA,Desayunos de la Abuela,rappi,70.24,20.98,13.6,1
10/05/2026,7,COL,Barranquilla,32 BARRANQUILLA,Desayunos de la Abuela,rappi,80.72,0.92,8.14,1
10/05/2026,8,COL,Barranquilla,32 BARRANQUILLA,Desayunos de la Abuela,rappi,56.22,12.72,3.6,1
10/05/2026,9,COL,Barranquilla,32 BARRANQUILLA,Desayunos de la Abuela,rappi,11.86,6.23,2.2,1
10/05/2026,9,COL,Barranquilla,32 BARRANQUILLA,Desayunos de la Abuela,rappi,26.17,5.25,1.48,1
10/05/2026,9,COL,Barranquilla,32 BARRANQUILLA,Desayunos de la Abuela,rappi,6.29,1.1,1.15,1
10/05/2026,9,COL,Barranquilla,32 BARRANQUILLA,Desayunos de la Abuela,rappi,9.12,5.25,13.7,1
10/05/2026,9,COL,Barranquilla,32 BARRANQUILLA,Desayunos de la Abuela,rappi,10.99,6.32,1.1,1
10/05/2026,9,COL,Barranquilla,32 BARRANQUILLA,Desayunos de la Abuela,rappi,7.35,1.32,25.11,1
10/05/2026,9,COL,Barranquilla,32 BARRANQUILLA,Desayunos de la Abuela,rappi,17.08,12.38,0.52,1
10/05/2026,9,COL,Barranquilla,32 BARRANQUILLA,Desayunos de la Abuela,rappi,13.68,8.32,2.45,1
10/05/2026,9,COL,Barranquilla,32 BARRANQUILLA,Desayunos de la Abuela,rappi,12.05,1.08,20.05,1
10/05/2026,9,COL,Barranquilla,32 BARRANQUILLA,Desayunos de la Abuela,rappi,11.7,1.22,8.53,1
10/05/2026,10,COL,Barranquilla,32 BARRANQUILLA,Desayunos de la Abuela,rappi,18.13,2.12,0.98,1
10/05/2026,10,COL,Barranquilla,32 BARRANQUILLA,Desayunos de la Abuela,rappi,9.28,2.33,9.2,1
10/05/2026,10,COL,Barranquilla,32 BARRANQUILLA,Desayunos de la Abuela,rappi,8.91,0.15,2.07,1
10/05/2026,10,COL,Barranquilla,32 BARRANQUILLA,Desayunos de la Abuela,rappi,6.23,2.33,6.94,1
10/05/2026,10,COL,Barranquilla,32 BARRANQUILLA,Desayunos de la Abuela,rappi,7.83,0.48,4.26,1
10/05/2026,10,COL,Barranquilla,32 BARRANQUILLA,Desayunos de la Abuela,rappi,15.67,0.35,11.38,1
10/05/2026,10,COL,Barranquilla,32 BARRANQUILLA,Desayunos de la Abuela,rappi,16.59,9.78,0.22,1
10/05/2026,10,COL,Barranquilla,32 BARRANQUILLA,Desayunos de la Abuela,rappi,13.1,0.48,7.21,1
10/05/2026,10,COL,Barranquilla,32 BARRANQUILLA,Desayunos de la Abuela,rappi,22.02,7.2,0.5,1
10/05/2026,10,COL,Barranquilla,32 BARRANQUILLA,Desayunos de la Abuela,rappi,9.74,0.13,4.09,1
10/05/2026,10,COL,Barranquilla,32 BARRANQUILLA,Desayunos de la Abuela,rappi,23.07,14.43,0.77,1
10/05/2026,10,COL,Barranquilla,32 BARRANQUILLA,Desayunos de la Abuela,rappi,15.56,8.47,0.11,1
10/05/2026,10,COL,Barranquilla,32 BARRANQUILLA,Desayunos de la Abuela,rappi,5.03,0.33,0.15,1
10/05/2026,11,COL,Barranquilla,32 BARRANQUILLA,Desayunos de la Abuela,rappi,17.62,10.58,2.23,1
10/05/2026,11,COL,Barranquilla,32 BARRANQUILLA,Desayunos de la Abuela,rappi,17.24,9.28,0.12,1
10/05/2026,13,COL,Barranquilla,32 BARRANQUILLA,Desayunos de la Abuela,rappi,6.18,1.78,13.99,1
10/05/2026,18,COL,Barranquilla,32 BARRANQUILLA,Desayunos de la Abuela,rappi,11.9,5.43,3.34,1
10/05/2026,20,COL,Barranquilla,32 BARRANQUILLA,Desayunos de la Abuela,rappi,10.31,0.92,28.78,1
10/05/2026,20,COL,Barranquilla,32 BARRANQUILLA,Desayunos de la Abuela,rappi,13.71,10.08,1.33,1
10/05/2026,9,COL,Barranquilla,32 BARRANQUILLA,Desayunos de la Abuela Turbo,rappi,1.49,0,0.78,1
10/05/2026,9,COL,Barranquilla,32 BARRANQUILLA,Desayunos de la Abuela Turbo,rappi,3.4,0,0.64,1
10/05/2026,10,COL,Barranquilla,32 BARRANQUILLA,Desayunos de la Abuela Turbo,rappi,5.42,1.12,0.63,1
10/05/2026,10,COL,Barranquilla,32 BARRANQUILLA,Desayunos de la Abuela Turbo,rappi,4.05,0,0.58,1
10/05/2026,7,COL,Barranquilla,32 BARRANQUILLA,Desayunos de mi Tierrita,rappi,72.25,12.25,0.99,1
10/05/2026,20,COL,Barranquilla,32 BARRANQUILLA,El Ejecutivo,rappi,4.32,0.93,10,1
10/05/2026,13,COL,Barranquilla,32 BARRANQUILLA,El Ejecutivo Turbo,rappi,6.23,1.82,0.22,1
10/05/2026,12,COL,Barranquilla,32 BARRANQUILLA,Foodhub,rappi,5.2,0.18,17.88,1
10/05/2026,13,COL,Barranquilla,32 BARRANQUILLA,Foodhub,rappi,7.2,0.35,12.05,1
10/05/2026,6,COL,Barranquilla,32 BARRANQUILLA,Foodology,rappi,15.68,0,8.23,1
10/05/2026,7,COL,Barranquilla,32 BARRANQUILLA,Foodology,rappi,,0,,1
10/05/2026,7,COL,Barranquilla,32 BARRANQUILLA,Foodology,rappi,23.84,7.12,2.11,1
10/05/2026,8,COL,Barranquilla,32 BARRANQUILLA,Foodology,rappi,41.91,4.57,18.33,1
10/05/2026,13,COL,Barranquilla,32 BARRANQUILLA,Foodology,rappi,18.05,3.6,1.04,1
10/05/2026,17,COL,Barranquilla,32 BARRANQUILLA,Frost by Oreo,rappi,,1.08,28.93,1
10/05/2026,9,COL,Barranquilla,32 BARRANQUILLA,Frost By Oreo Turbo,rappi,,1,0.11,1
10/05/2026,17,COL,Barranquilla,32 BARRANQUILLA,Frost By Oreo Turbo,rappi,,0,2.88,1
10/05/2026,18,COL,Barranquilla,32 BARRANQUILLA,Frost By Oreo Turbo,rappi,,0,0.17,1
10/05/2026,11,COL,Barranquilla,32 BARRANQUILLA,Green House,rappi,8.02,3.27,0.13,1
10/05/2026,11,COL,Barranquilla,32 BARRANQUILLA,Green House,rappi,17.29,13.08,0.73,1
10/05/2026,12,COL,Barranquilla,32 BARRANQUILLA,Green House,rappi,13.87,9.05,0.15,1
10/05/2026,12,COL,Barranquilla,32 BARRANQUILLA,Green House,rappi,4.18,0.43,2.24,1
10/05/2026,12,COL,Barranquilla,32 BARRANQUILLA,Green House,rappi,7.25,1.32,16.2,1
10/05/2026,12,COL,Barranquilla,32 BARRANQUILLA,Green House,rappi,19.14,15.02,0.86,1
10/05/2026,12,COL,Barranquilla,32 BARRANQUILLA,Green House,rappi,19.13,15,0.84,1
10/05/2026,12,COL,Barranquilla,32 BARRANQUILLA,Green House,rappi,14.26,1.62,24.83,1
10/05/2026,12,COL,Barranquilla,32 BARRANQUILLA,Green House,rappi,15.05,1.6,24.03,1
10/05/2026,12,COL,Barranquilla,32 BARRANQUILLA,Green House,rappi,12.6,8.4,1.03,1
10/05/2026,12,COL,Barranquilla,32 BARRANQUILLA,Green House,rappi,21.39,0.92,3.85,1
10/05/2026,13,COL,Barranquilla,32 BARRANQUILLA,Green House,rappi,17.19,12.18,0,1
10/05/2026,13,COL,Barranquilla,32 BARRANQUILLA,Green House,rappi,6.25,2.33,0.94,1
10/05/2026,13,COL,Barranquilla,32 BARRANQUILLA,Green House,rappi,10,3.23,0.13,1
10/05/2026,13,COL,Barranquilla,32 BARRANQUILLA,Green House,rappi,12.05,6.95,0.42,1
10/05/2026,13,COL,Barranquilla,32 BARRANQUILLA,Green House,rappi,10.44,6.28,0.71,1
10/05/2026,13,COL,Barranquilla,32 BARRANQUILLA,Green House,rappi,13.04,0.1,5.09,1
10/05/2026,13,COL,Barranquilla,32 BARRANQUILLA,Green House,rappi,18.12,13.57,0.2,1
10/05/2026,14,COL,Barranquilla,32 BARRANQUILLA,Green House,rappi,15.87,0,33.92,1
10/05/2026,14,COL,Barranquilla,32 BARRANQUILLA,Green House,rappi,16.98,4.98,0.17,1
10/05/2026,14,COL,Barranquilla,32 BARRANQUILLA,Green House,rappi,13.21,8.28,0.1,1
10/05/2026,14,COL,Barranquilla,32 BARRANQUILLA,Green House,rappi,10.04,0.3,1.05,1
10/05/2026,14,COL,Barranquilla,32 BARRANQUILLA,Green House,rappi,5.16,0.25,0.66,1
10/05/2026,14,COL,Barranquilla,32 BARRANQUILLA,Green House,rappi,13.05,6.85,0.05,1
10/05/2026,15,COL,Barranquilla,32 BARRANQUILLA,Green House,rappi,7.36,0.3,5.76,1
10/05/2026,15,COL,Barranquilla,32 BARRANQUILLA,Green House,rappi,4.41,0.33,3.45,1
10/05/2026,19,COL,Barranquilla,32 BARRANQUILLA,Green House,rappi,5.1,1.05,0.91,1
10/05/2026,19,COL,Barranquilla,32 BARRANQUILLA,Green House,rappi,8.46,4.25,0.66,1
10/05/2026,20,COL,Barranquilla,32 BARRANQUILLA,Green House,rappi,,0.55,23.27,1
10/05/2026,20,COL,Barranquilla,32 BARRANQUILLA,Green House,rappi,12.18,0,13.15,1
10/05/2026,20,COL,Barranquilla,32 BARRANQUILLA,Green House,rappi,11.01,2.18,8.78,1
10/05/2026,20,COL,Barranquilla,32 BARRANQUILLA,Green House,rappi,11.14,0.18,23.72,1
10/05/2026,20,COL,Barranquilla,32 BARRANQUILLA,Green House,rappi,14.82,8.5,2.28,1
10/05/2026,20,COL,Barranquilla,32 BARRANQUILLA,Green House,rappi,18.09,7.1,0.23,1
10/05/2026,21,COL,Barranquilla,32 BARRANQUILLA,Green House,rappi,4.96,0.7,0.84,1
10/05/2026,13,COL,Barranquilla,32 BARRANQUILLA,Honest Food,rappi,7.96,0.63,7.71,1
10/05/2026,14,COL,Barranquilla,32 BARRANQUILLA,Honest Food,rappi,16.96,0.3,3.69,1
10/05/2026,18,COL,Barranquilla,32 BARRANQUILLA,Honest Food,rappi,11.12,6.2,5.12,1
10/05/2026,18,COL,Barranquilla,32 BARRANQUILLA,Honest Food,rappi,14.66,5.78,0.91,1
10/05/2026,19,COL,Barranquilla,32 BARRANQUILLA,Honest Food,rappi,6.73,0.43,73.29,1
10/05/2026,19,COL,Barranquilla,32 BARRANQUILLA,Honest Food,rappi,11.74,0.27,15.36,1
10/05/2026,22,COL,Barranquilla,32 BARRANQUILLA,Honest Food,rappi,6.97,0,,1
10/05/2026,13,COL,Barranquilla,32 BARRANQUILLA,Honest Food Turbo,rappi,7.01,1.97,0,1
10/05/2026,13,COL,Barranquilla,32 BARRANQUILLA,House of Salads,rappi,20.43,12.77,0.92,1
10/05/2026,15,COL,Barranquilla,32 BARRANQUILLA,House of Salads,rappi,10.92,4.93,0.47,1
10/05/2026,17,COL,Barranquilla,32 BARRANQUILLA,House of Salads,rappi,10.95,8.4,5.16,1
10/05/2026,18,COL,Barranquilla,32 BARRANQUILLA,La Casa Mexicana,rappi,16.81,13.78,2.24,1
10/05/2026,19,COL,Barranquilla,32 BARRANQUILLA,La Casa Mexicana,rappi,11.41,2,0.91,1
10/05/2026,21,COL,Barranquilla,32 BARRANQUILLA,La Casa Mexicana,rappi,8.05,3.6,2.46,1
10/05/2026,19,COL,Barranquilla,32 BARRANQUILLA,La Casa Mexicana Turbo,rappi,3.64,0.98,2.34,1
10/05/2026,11,COL,Barranquilla,32 BARRANQUILLA,La Cuadra,rappi,12,0.47,4.04,1
10/05/2026,11,COL,Barranquilla,32 BARRANQUILLA,La Cuadra,rappi,12.93,3.93,1.14,1
10/05/2026,11,COL,Barranquilla,32 BARRANQUILLA,La Cuadra,rappi,13.54,0.52,36,1
10/05/2026,12,COL,Barranquilla,32 BARRANQUILLA,La Cuadra,rappi,4.79,0.32,18.21,1
10/05/2026,12,COL,Barranquilla,32 BARRANQUILLA,La Cuadra,rappi,12.13,0.2,13.16,1
10/05/2026,12,COL,Barranquilla,32 BARRANQUILLA,La Cuadra,rappi,3.03,0.53,4.06,1
10/05/2026,12,COL,Barranquilla,32 BARRANQUILLA,La Cuadra,rappi,4.15,1,11.87,1
10/05/2026,12,COL,Barranquilla,32 BARRANQUILLA,La Cuadra,rappi,13.97,0.4,9.06,1
10/05/2026,12,COL,Barranquilla,32 BARRANQUILLA,La Cuadra,rappi,12.08,1.25,0.74,1
10/05/2026,13,COL,Barranquilla,32 BARRANQUILLA,La Cuadra,rappi,6.01,0.28,30.12,1
10/05/2026,13,COL,Barranquilla,32 BARRANQUILLA,La Cuadra,rappi,11.79,0.35,2.44,1
10/05/2026,13,COL,Barranquilla,32 BARRANQUILLA,La Cuadra,rappi,7.14,0.2,33.71,1
10/05/2026,13,COL,Barranquilla,32 BARRANQUILLA,La Cuadra,rappi,5.32,0.25,2.65,1
10/05/2026,13,COL,Barranquilla,32 BARRANQUILLA,La Cuadra,rappi,2.85,0.3,16.08,1
10/05/2026,13,COL,Barranquilla,32 BARRANQUILLA,La Cuadra,rappi,21.19,0.27,34.1,1
10/05/2026,14,COL,Barranquilla,32 BARRANQUILLA,La Cuadra,rappi,11.25,0.32,10.19,1
10/05/2026,15,COL,Barranquilla,32 BARRANQUILLA,La Cuadra,rappi,11.96,4.88,0.84,1
10/05/2026,18,COL,Barranquilla,32 BARRANQUILLA,La Cuadra,rappi,8.35,0.37,11.89,1
10/05/2026,20,COL,Barranquilla,32 BARRANQUILLA,La Cuadra,rappi,10.15,0.53,2.93,1
10/05/2026,20,COL,Barranquilla,32 BARRANQUILLA,La Cuadra,rappi,6.12,0.48,49.34,1
10/05/2026,14,COL,Barranquilla,32 BARRANQUILLA,La Cuadra Desayunos,rappi,17.1,0.63,9.13,1
10/05/2026,11,COL,Barranquilla,32 BARRANQUILLA,La Cuadra Turbo,rappi,3.8,0,1.1,1
10/05/2026,12,COL,Barranquilla,32 BARRANQUILLA,La Cuadra Turbo,rappi,3.73,0,0.36,1
10/05/2026,12,COL,Barranquilla,32 BARRANQUILLA,La Cuadra Turbo,rappi,2.18,0,1.77,1
10/05/2026,13,COL,Barranquilla,32 BARRANQUILLA,La Cuadra Turbo,rappi,6.15,2.03,0.85,1
10/05/2026,14,COL,Barranquilla,32 BARRANQUILLA,La Cuadra Turbo,rappi,2.37,0,1.03,1
10/05/2026,14,COL,Barranquilla,32 BARRANQUILLA,La Cuadra Turbo,rappi,5.67,0.87,0.21,1
10/05/2026,10,COL,Barranquilla,32 BARRANQUILLA,LA ÑAMGUCHERIA,rappi,17.98,11.88,0.18,1
10/05/2026,13,COL,Barranquilla,32 BARRANQUILLA,LA ÑAMGUCHERIA,rappi,21.18,2.73,1.5,1
10/05/2026,13,COL,Barranquilla,32 BARRANQUILLA,LA ÑAMGUCHERIA,rappi,20.72,10.98,0.31,1
10/05/2026,21,COL,Barranquilla,32 BARRANQUILLA,LA ÑAMGUCHERIA,rappi,22.7,2.58,0.33,1
10/05/2026,6,COL,Barranquilla,32 BARRANQUILLA,LA PANQUEQUERIA,rappi,4.08,1.4,21.88,1
10/05/2026,7,COL,Barranquilla,32 BARRANQUILLA,LA PANQUEQUERIA,rappi,74.34,20.5,5.02,1
10/05/2026,7,COL,Barranquilla,32 BARRANQUILLA,LA PANQUEQUERIA,rappi,79.98,1.48,11.88,1
10/05/2026,9,COL,Barranquilla,32 BARRANQUILLA,LA PANQUEQUERIA,rappi,11.78,6.08,3.95,1
10/05/2026,10,COL,Barranquilla,32 BARRANQUILLA,LA PANQUEQUERIA,rappi,8.17,2.05,5.71,1
10/05/2026,11,COL,Barranquilla,32 BARRANQUILLA,LA PANQUEQUERIA,rappi,20.75,9.8,0.93,1
10/05/2026,6,COL,Barranquilla,32 BARRANQUILLA,Mañanero Diario,rappi,8.36,2.6,0.81,1
10/05/2026,7,COL,Barranquilla,32 BARRANQUILLA,Mañanero Diario,rappi,70.13,0,,1
10/05/2026,7,COL,Barranquilla,32 BARRANQUILLA,Mañanero Diario,rappi,19.24,16.62,2.11,1
10/05/2026,8,COL,Barranquilla,32 BARRANQUILLA,Mañanero Diario,rappi,9.01,16.93,34.85,1
10/05/2026,23,COL,Barranquilla,32 BARRANQUILLA,Mañanero Diario,rappi,4.29,0.67,1.1,1
10/05/2026,21,COL,Barranquilla,32 BARRANQUILLA,MonteVerde,rappi,3.45,0,0.53,1
10/05/2026,13,COL,Barranquilla,32 BARRANQUILLA,Monteverde Turbo,rappi,4.71,0,0.11,1
10/05/2026,19,COL,Barranquilla,32 BARRANQUILLA,Monteverde Turbo,rappi,6.03,1.8,0.82,1
10/05/2026,20,COL,Barranquilla,32 BARRANQUILLA,Monteverde Turbo,rappi,2.21,0,1.06,1
10/05/2026,11,COL,Barranquilla,32 BARRANQUILLA,Mr Beast Burger,rappi,12.91,3.52,0.19,1
10/05/2026,17,COL,Barranquilla,32 BARRANQUILLA,Mr Beast Burger,rappi,11.83,2.03,1.33,1
10/05/2026,19,COL,Barranquilla,32 BARRANQUILLA,Mr Beast Burger,rappi,15.18,1.38,24.78,1
10/05/2026,19,COL,Barranquilla,32 BARRANQUILLA,Mr Beast Burger,rappi,13.6,6.65,0.94,1
10/05/2026,19,COL,Barranquilla,32 BARRANQUILLA,Mr Beast Burger,rappi,7.21,0.55,7.75,1
10/05/2026,19,COL,Barranquilla,32 BARRANQUILLA,Mr Beast Burger,rappi,7.15,10.07,19.88,1
10/05/2026,19,COL,Barranquilla,32 BARRANQUILLA,Mr Beast Burger,rappi,13.29,1.22,11.85,1
10/05/2026,20,COL,Barranquilla,32 BARRANQUILLA,Mr Beast Burger,rappi,7.18,0.42,58.82,1
10/05/2026,20,COL,Barranquilla,32 BARRANQUILLA,Mr Beast Burger,rappi,9.96,0.77,17.27,1
10/05/2026,23,COL,Barranquilla,32 BARRANQUILLA,Mr Beast Burger,rappi,19.97,0.15,14.26,1
10/05/2026,12,COL,Barranquilla,32 BARRANQUILLA,Numa Cocina Mediterranea,rappi,9.15,4.62,0.21,1
10/05/2026,7,COL,Barranquilla,32 BARRANQUILLA,Pret Sandwich Bistro,rappi,50.99,45.55,14.19,1
10/05/2026,7,COL,Barranquilla,32 BARRANQUILLA,Pret Sandwich Bistro,rappi,54.33,42.67,0.64,1
10/05/2026,10,COL,Barranquilla,32 BARRANQUILLA,Pret Sandwich Bistro,rappi,17.03,1.67,0.05,1
10/05/2026,21,COL,Barranquilla,32 BARRANQUILLA,Pret Sandwich Bistro Turbo,rappi,2.43,0,2.03,1
10/05/2026,21,COL,Barranquilla,32 BARRANQUILLA,SAN JERÓNIMO TURBO,rappi,,0.82,31.02,1
10/05/2026,6,COL,Barranquilla,32 BARRANQUILLA,SÁNDUCHES EL JEFE,rappi,13.91,0.35,22.78,1
10/05/2026,7,COL,Barranquilla,32 BARRANQUILLA,SÁNDUCHES EL JEFE,rappi,17.21,14.97,2.35,1
10/05/2026,22,COL,Barranquilla,32 BARRANQUILLA,SÁNDUCHES EL JEFE,rappi,8.89,1.1,5.47,1
10/05/2026,23,COL,Barranquilla,32 BARRANQUILLA,SÁNDUCHES EL JEFE,rappi,20.91,12.8,0.36,1
10/05/2026,14,COL,Barranquilla,32 BARRANQUILLA,Señor Burrito Turbo,rappi,4.36,0.52,4.89,1
10/05/2026,6,COL,Barranquilla,32 BARRANQUILLA,The Breakfast Club,rappi,2.16,0.85,12.14,1
10/05/2026,6,COL,Barranquilla,32 BARRANQUILLA,The Breakfast Club,rappi,2.67,0.85,9.47,1
10/05/2026,7,COL,Barranquilla,32 BARRANQUILLA,The Breakfast Club,rappi,3.95,0.57,9.02,1
10/05/2026,7,COL,Barranquilla,32 BARRANQUILLA,The Breakfast Club,rappi,21.84,19.75,9.2,1
10/05/2026,7,COL,Barranquilla,32 BARRANQUILLA,The Breakfast Club,rappi,20.08,19.75,10.66,1
10/05/2026,7,COL,Barranquilla,32 BARRANQUILLA,The Breakfast Club,rappi,23.71,0.13,12.49,1
10/05/2026,7,COL,Barranquilla,32 BARRANQUILLA,The Breakfast Club,rappi,32.86,28.42,0.76,1
10/05/2026,7,COL,Barranquilla,32 BARRANQUILLA,The Breakfast Club,rappi,33.39,14.83,2.91,1
10/05/2026,7,COL,Barranquilla,32 BARRANQUILLA,The Breakfast Club,rappi,58.64,14.65,10.2,1
10/05/2026,7,COL,Barranquilla,32 BARRANQUILLA,The Breakfast Club,rappi,49.67,0,85.03,1
10/05/2026,7,COL,Barranquilla,32 BARRANQUILLA,The Breakfast Club,rappi,58.07,0.03,12.3,1
10/05/2026,7,COL,Barranquilla,32 BARRANQUILLA,The Breakfast Club,rappi,38.26,16.28,3.01,1
10/05/2026,7,COL,Barranquilla,32 BARRANQUILLA,The Breakfast Club,rappi,60.68,56.22,4.34,1
10/05/2026,7,COL,Barranquilla,32 BARRANQUILLA,The Breakfast Club,rappi,65.98,55.48,2.27,1
10/05/2026,7,COL,Barranquilla,32 BARRANQUILLA,The Breakfast Club,rappi,65.1,61.17,2.78,1
10/05/2026,7,COL,Barranquilla,32 BARRANQUILLA,The Breakfast Club,rappi,70.57,10.93,0.49,1
10/05/2026,7,COL,Barranquilla,32 BARRANQUILLA,The Breakfast Club,rappi,68.24,47.28,1.41,1
10/05/2026,7,COL,Barranquilla,32 BARRANQUILLA,The Breakfast Club,rappi,79.82,43.35,9.3,1
10/05/2026,7,COL,Barranquilla,32 BARRANQUILLA,The Breakfast Club,rappi,70.87,6.78,3.24,1
10/05/2026,7,COL,Barranquilla,32 BARRANQUILLA,The Breakfast Club,rappi,,0,,1
10/05/2026,7,COL,Barranquilla,32 BARRANQUILLA,The Breakfast Club,rappi,86.44,65.52,2.95,1
10/05/2026,7,COL,Barranquilla,32 BARRANQUILLA,The Breakfast Club,rappi,90.1,13.35,5.1,1
10/05/2026,8,COL,Barranquilla,32 BARRANQUILLA,The Breakfast Club,rappi,,0,,1
10/05/2026,8,COL,Barranquilla,32 BARRANQUILLA,The Breakfast Club,rappi,63.76,7.18,1.82,1
10/05/2026,8,COL,Barranquilla,32 BARRANQUILLA,The Breakfast Club,rappi,63.09,55.37,1,1
10/05/2026,9,COL,Barranquilla,32 BARRANQUILLA,The Breakfast Club,rappi,15.71,1.73,3.09,1
10/05/2026,9,COL,Barranquilla,32 BARRANQUILLA,The Breakfast Club,rappi,3.92,2.67,5.98,1
10/05/2026,9,COL,Barranquilla,32 BARRANQUILLA,The Breakfast Club,rappi,11.79,1.6,5.18,1
10/05/2026,9,COL,Barranquilla,32 BARRANQUILLA,The Breakfast Club,rappi,24.33,16.43,0.74,1
10/05/2026,9,COL,Barranquilla,32 BARRANQUILLA,The Breakfast Club,rappi,17.73,10.15,0.48,1
10/05/2026,9,COL,Barranquilla,32 BARRANQUILLA,The Breakfast Club,rappi,16.7,0.75,10.29,1
10/05/2026,9,COL,Barranquilla,32 BARRANQUILLA,The Breakfast Club,rappi,12.32,0.93,0.65,1
10/05/2026,9,COL,Barranquilla,32 BARRANQUILLA,The Breakfast Club,rappi,12.14,12.82,9.75,1
10/05/2026,9,COL,Barranquilla,32 BARRANQUILLA,The Breakfast Club,rappi,9.21,12.82,10.71,1
10/05/2026,9,COL,Barranquilla,32 BARRANQUILLA,The Breakfast Club,rappi,11.13,0.73,8.01,1
10/05/2026,9,COL,Barranquilla,32 BARRANQUILLA,The Breakfast Club,rappi,7.76,1.48,6.79,1
10/05/2026,10,COL,Barranquilla,32 BARRANQUILLA,The Breakfast Club,rappi,9,1.77,2.65,1
10/05/2026,10,COL,Barranquilla,32 BARRANQUILLA,The Breakfast Club,rappi,19.17,8.43,0.12,1
10/05/2026,10,COL,Barranquilla,32 BARRANQUILLA,The Breakfast Club,rappi,13.37,3.33,0.63,1
10/05/2026,10,COL,Barranquilla,32 BARRANQUILLA,The Breakfast Club,rappi,8.9,1.6,0.16,1
10/05/2026,10,COL,Barranquilla,32 BARRANQUILLA,The Breakfast Club,rappi,5.13,0.4,35.15,1
10/05/2026,10,COL,Barranquilla,32 BARRANQUILLA,The Breakfast Club,rappi,3.9,0.68,1.9,1
10/05/2026,10,COL,Barranquilla,32 BARRANQUILLA,The Breakfast Club,rappi,3.99,0.62,10.71,1
10/05/2026,10,COL,Barranquilla,32 BARRANQUILLA,The Breakfast Club,rappi,11.96,2.4,0.57,1
10/05/2026,11,COL,Barranquilla,32 BARRANQUILLA,The Breakfast Club,rappi,22.98,0.65,3.27,1
10/05/2026,12,COL,Barranquilla,32 BARRANQUILLA,The Breakfast Club,rappi,9.85,0.73,19.11,1
10/05/2026,16,COL,Barranquilla,32 BARRANQUILLA,The Breakfast Club,rappi,18.49,8.48,1.49,1
10/05/2026,17,COL,Barranquilla,32 BARRANQUILLA,The Breakfast Club,rappi,14.88,0.53,13.67,1
10/05/2026,20,COL,Barranquilla,32 BARRANQUILLA,The Breakfast Club,rappi,3.74,0.78,31.97,1
10/05/2026,10,COL,Barranquilla,32 BARRANQUILLA,The Breakfast Club Turbo,rappi,2.23,0,2.71,1
10/05/2026,12,COL,Barranquilla,32 BARRANQUILLA,The Breakfast Club Turbo,rappi,5.11,0.72,0.7,1
10/05/2026,18,COL,Barranquilla,32 BARRANQUILLA,The Breakfast Club Turbo,rappi,10.99,7.07,1.02,1
10/05/2026,9,COL,Barranquilla,32 BARRANQUILLA,The Egg Spot,rappi,25.02,10.95,1.7,1
10/05/2026,22,COL,Barranquilla,32 BARRANQUILLA,Vicio,rappi,,0.52,13,1
10/05/2026,13,COL,Barranquilla,32 BARRANQUILLA,Vicio Turbo,rappi,,0,3.92,1
10/05/2026,20,COL,Barranquilla,32 BARRANQUILLA,Vicio Turbo,rappi,,0.47,4.69,1
10/05/2026,19,COL,Bogotá,65 CALLE 109,ACPM Corrientazo,rappi,3.94,0.72,1.88,1
10/05/2026,22,COL,Bogotá,02 PARQUE 93,ACPM Corrientazo,rappi,19.42,0.1,8.05,1
10/05/2026,11,COL,Bogotá,13 CHIA,Alba Vegetarian,rappi,21.24,1.63,59.01,1
10/05/2026,11,COL,Bogotá,13 CHIA,Alba Vegetarian,rappi,22.48,17.82,1.67,1
10/05/2026,12,COL,Bogotá,45 VERAGUAS,Alba Vegetarian,rappi,13.92,9.68,0.88,1
10/05/2026,13,COL,Bogotá,06 COLINA,Alba Vegetarian,rappi,6.8,2.65,13.02,1
10/05/2026,13,COL,Bogotá,13 CHIA,Alba Vegetarian,rappi,6.2,0.23,1.11,1
10/05/2026,16,COL,Bogotá,02 PARQUE 93,Alba Vegetarian,rappi,15.13,3.33,0.3,1
10/05/2026,18,COL,Bogotá,06 COLINA,Alba Vegetarian,rappi,6.28,0.4,11.1,1
10/05/2026,13,COL,Bogotá,08 ANDES,Alba Vegetarian Turbo,rappi,1.96,0,2.08,1
10/05/2026,15,COL,Bogotá,50 CHICO,Alba Vegetarian Turbo,rappi,5.07,2,1.92,1
10/05/2026,15,COL,Bogotá,65 CALLE 109,Alba Vegetarian Turbo,rappi,1.96,3.75,6.88,1
10/05/2026,16,COL,Bogotá,02 PARQUE 93,Alba Vegetarian Turbo,rappi,8.96,4.52,0.33,1
10/05/2026,18,COL,Bogotá,36 VILLA DEL PRADO,Alba Vegetarian Turbo,rappi,5.23,0.57,0.1,1
10/05/2026,13,COL,Bogotá,03 CHAPINERO,Almuerzos de la Casa,rappi,17.01,3.23,0.86,1
10/05/2026,13,COL,Bogotá,38 KENNEDY,Almuerzos de la Casa,rappi,10.68,0.47,20.42,1
10/05/2026,14,COL,Bogotá,38 KENNEDY,Almuerzos de la Casa,rappi,55.81,10.65,0.41,1
10/05/2026,22,COL,Bogotá,03 CHAPINERO,Almuerzos de la Casa,rappi,33.02,0.73,9.98,1
10/05/2026,22,COL,Bogotá,03 CHAPINERO,Almuerzos de la Casa,rappi,14.99,11.6,3.04,1
10/05/2026,14,COL,Bogotá,08 ANDES,Almuerzos de la Casa Turbo,rappi,5.81,5.3,4.33,1
10/05/2026,15,COL,Bogotá,08 ANDES,Almuerzos de la Casa Turbo,rappi,4.76,0,0.18,1
10/05/2026,6,COL,Bogotá,01 USAQUEN,Avocalia,rappi,8.87,0.85,32.22,1
10/05/2026,6,COL,Bogotá,02 PARQUE 93,Avocalia,rappi,37.24,13.5,0.96,1
10/05/2026,7,COL,Bogotá,36 VILLA DEL PRADO,Avocalia,rappi,48.45,35.05,1,1
10/05/2026,7,COL,Bogotá,02 PARQUE 93,Avocalia,rappi,12.04,0.97,1.22,1
10/05/2026,7,COL,Bogotá,06 COLINA,Avocalia,rappi,34.06,0.1,14.35,1
10/05/2026,7,COL,Bogotá,38 KENNEDY,Avocalia,rappi,54.04,21.72,0.18,1
10/05/2026,7,COL,Bogotá,01 USAQUEN,Avocalia,rappi,12.95,0.2,6.98,1
10/05/2026,7,COL,Bogotá,01 USAQUEN,Avocalia,rappi,14.18,0.98,12.83,1
10/05/2026,7,COL,Bogotá,01 USAQUEN,Avocalia,rappi,16.79,0.13,4.35,1
10/05/2026,7,COL,Bogotá,06 COLINA,Avocalia,rappi,52.97,16.33,1.11,1
10/05/2026,7,COL,Bogotá,01 USAQUEN,Avocalia,rappi,8.83,13.45,19.86,1
10/05/2026,7,COL,Bogotá,01 USAQUEN,Avocalia,rappi,24.92,13.45,1.8,1
10/05/2026,8,COL,Bogotá,45 VERAGUAS,Avocalia,rappi,13.52,0.27,3.45,1
10/05/2026,8,COL,Bogotá,03 CHAPINERO,Avocalia,rappi,7.95,3.12,0.67,1
10/05/2026,8,COL,Bogotá,08 ANDES,Avocalia,rappi,13.27,9.28,0.89,1
10/05/2026,8,COL,Bogotá,06 COLINA,Avocalia,rappi,108.73,5.37,15.27,1
10/05/2026,8,COL,Bogotá,06 COLINA,Avocalia,rappi,100.2,4.53,16.98,1
10/05/2026,9,COL,Bogotá,08 ANDES,Avocalia,rappi,12.67,1.7,1.02,1
10/05/2026,9,COL,Bogotá,03 CHAPINERO,Avocalia,rappi,26.12,19.55,0.17,1
10/05/2026,11,COL,Bogotá,13 CHIA,Avocalia,rappi,30,20.32,5.07,1
10/05/2026,11,COL,Bogotá,06 COLINA,Avocalia,rappi,10.19,6.03,1.14,1
10/05/2026,11,COL,Bogotá,03 CHAPINERO,Avocalia,rappi,5.22,0.17,5.26,1
10/05/2026,11,COL,Bogotá,06 COLINA,Avocalia,rappi,6.92,2.17,6.89,1
10/05/2026,11,COL,Bogotá,69 ARRECIFE,Avocalia,rappi,9.51,2.1,2.36,1
10/05/2026,12,COL,Bogotá,13 CHIA,Avocalia,rappi,19.95,12.4,0.64,1
10/05/2026,12,COL,Bogotá,02 PARQUE 93,Avocalia,rappi,24.83,9.02,0.31,1
10/05/2026,12,COL,Bogotá,02 PARQUE 93,Avocalia,rappi,21.01,9,0.98,1
10/05/2026,12,COL,Bogotá,13 CHIA,Avocalia,rappi,27.54,0.62,1.05,1
10/05/2026,12,COL,Bogotá,06 COLINA,Avocalia,rappi,8.4,0.9,22.89,1
10/05/2026,12,COL,Bogotá,08 ANDES,Avocalia,rappi,4.43,0.52,14.11,1
10/05/2026,12,COL,Bogotá,13 CHIA,Avocalia,rappi,25.74,4.13,0.41,1
10/05/2026,12,COL,Bogotá,03 CHAPINERO,Avocalia,rappi,11.32,1.88,0.8,1
10/05/2026,12,COL,Bogotá,06 COLINA,Avocalia,rappi,,0,,1
10/05/2026,12,COL,Bogotá,06 COLINA,Avocalia,rappi,14.23,0.75,1.09,1
10/05/2026,12,COL,Bogotá,01 USAQUEN,Avocalia,rappi,14.23,6.18,0.83,1
10/05/2026,12,COL,Bogotá,45 VERAGUAS,Avocalia,rappi,17.09,9.43,1.85,1
10/05/2026,12,COL,Bogotá,38 KENNEDY,Avocalia,rappi,13.83,3.58,0.23,1
10/05/2026,12,COL,Bogotá,15 ENGATIVA,Avocalia,rappi,14.72,0.88,0.99,1
10/05/2026,13,COL,Bogotá,02 PARQUE 93,Avocalia,rappi,28.98,0.73,4.73,1
10/05/2026,13,COL,Bogotá,06 COLINA,Avocalia,rappi,9.88,0.4,8.06,1
10/05/2026,13,COL,Bogotá,03 CHAPINERO,Avocalia,rappi,12.67,3.75,0.32,1
10/05/2026,13,COL,Bogotá,02 PARQUE 93,Avocalia,rappi,23.15,6.03,36.04,1
10/05/2026,13,COL,Bogotá,50 CHICO,Avocalia,rappi,10.75,0.47,34.47,1
10/05/2026,14,COL,Bogotá,08 ANDES,Avocalia,rappi,7.04,2.1,0.32,1
10/05/2026,14,COL,Bogotá,06 COLINA,Avocalia,rappi,34.11,15.82,1.85,1
10/05/2026,14,COL,Bogotá,45 VERAGUAS,Avocalia,rappi,22.88,40.27,32.16,1
10/05/2026,14,COL,Bogotá,15 ENGATIVA,Avocalia,rappi,8.91,1.32,12.16,1
10/05/2026,14,COL,Bogotá,06 COLINA,Avocalia,rappi,8.29,0.37,52.65,1
10/05/2026,14,COL,Bogotá,38 KENNEDY,Avocalia,rappi,26.12,0.95,33.42,1
10/05/2026,14,COL,Bogotá,36 VILLA DEL PRADO,Avocalia,rappi,21.36,0.73,0.69,1
10/05/2026,14,COL,Bogotá,08 ANDES,Avocalia,rappi,7.77,0.43,4.8,1
10/05/2026,14,COL,Bogotá,03 CHAPINERO,Avocalia,rappi,11.17,0.28,1.69,1
10/05/2026,14,COL,Bogotá,50 CHICO,Avocalia,rappi,18.03,11.85,3.45,1
10/05/2026,14,COL,Bogotá,03 CHAPINERO,Avocalia,rappi,8.22,1.3,1.71,1
10/05/2026,14,COL,Bogotá,01 USAQUEN,Avocalia,rappi,12.19,0.4,2.8,1
10/05/2026,14,COL,Bogotá,02 PARQUE 93,Avocalia,rappi,28.72,2.6,0.83,1
10/05/2026,14,COL,Bogotá,36 VILLA DEL PRADO,Avocalia,rappi,23.17,19.17,0.91,1
10/05/2026,14,COL,Bogotá,15 ENGATIVA,Avocalia,rappi,22.14,0.3,6.79,1
10/05/2026,14,COL,Bogotá,08 ANDES,Avocalia,rappi,6.35,0.27,20.98,1
10/05/2026,15,COL,Bogotá,06 COLINA,Avocalia,rappi,31.35,19.45,0.8,1
10/05/2026,15,COL,Bogotá,06 COLINA,Avocalia,rappi,31.34,6.15,0.81,1
10/05/2026,15,COL,Bogotá,13 CHIA,Avocalia,rappi,23.2,9.5,0.76,1
10/05/2026,15,COL,Bogotá,15 ENGATIVA,Avocalia,rappi,25.4,0.3,8,1
10/05/2026,16,COL,Bogotá,36 VILLA DEL PRADO,Avocalia,rappi,16.06,11.88,0.86,1
10/05/2026,16,COL,Bogotá,36 VILLA DEL PRADO,Avocalia,rappi,12.27,2.6,0.14,1
10/05/2026,16,COL,Bogotá,02 PARQUE 93,Avocalia,rappi,11.15,2.33,0.87,1
10/05/2026,16,COL,Bogotá,06 COLINA,Avocalia,rappi,19.57,0.95,13.01,1
10/05/2026,16,COL,Bogotá,03 CHAPINERO,Avocalia,rappi,3.35,0.13,8.77,1
10/05/2026,16,COL,Bogotá,01 USAQUEN,Avocalia,rappi,6.02,1.13,48.5,1
10/05/2026,17,COL,Bogotá,06 COLINA,Avocalia,rappi,22.16,5.67,0.94,1
10/05/2026,17,COL,Bogotá,36 VILLA DEL PRADO,Avocalia,rappi,19.14,5.13,0.14,1
10/05/2026,17,COL,Bogotá,01 USAQUEN,Avocalia,rappi,21.93,0.35,25.12,1
10/05/2026,18,COL,Bogotá,69 ARRECIFE,Avocalia,rappi,25.98,0.45,12.12,1
10/05/2026,18,COL,Bogotá,03 CHAPINERO,Avocalia,rappi,7.13,0.37,15.83,1
10/05/2026,18,COL,Bogotá,65 CALLE 109,Avocalia,rappi,21.24,2.93,1.16,1
10/05/2026,18,COL,Bogotá,02 PARQUE 93,Avocalia,rappi,19.68,3.63,3.24,1
10/05/2026,18,COL,Bogotá,02 PARQUE 93,Avocalia,rappi,19.73,3.65,1.2,1
10/05/2026,18,COL,Bogotá,15 ENGATIVA,Avocalia,rappi,26.85,0.37,28.44,1
10/05/2026,19,COL,Bogotá,15 ENGATIVA,Avocalia,rappi,14.86,0.45,32.27,1
10/05/2026,19,COL,Bogotá,03 CHAPINERO,Avocalia,rappi,3.54,0.18,22.71,1
10/05/2026,19,COL,Bogotá,65 CALLE 109,Avocalia,rappi,7.19,5.22,2.92,1
10/05/2026,19,COL,Bogotá,02 PARQUE 93,Avocalia,rappi,23.78,11.52,0.75,1
10/05/2026,19,COL,Bogotá,03 CHAPINERO,Avocalia,rappi,10.22,1.5,1.65,1
10/05/2026,19,COL,Bogotá,65 CALLE 109,Avocalia,rappi,22.09,12.33,1.06,1
10/05/2026,19,COL,Bogotá,08 ANDES,Avocalia,rappi,10.5,3.2,0.82,1
10/05/2026,19,COL,Bogotá,02 PARQUE 93,Avocalia,rappi,23.33,1.88,0.72,1
10/05/2026,19,COL,Bogotá,02 PARQUE 93,Avocalia,rappi,30.74,2.28,0.98,1
10/05/2026,20,COL,Bogotá,36 VILLA DEL PRADO,Avocalia,rappi,28.23,14.53,0.18,1
10/05/2026,20,COL,Bogotá,06 COLINA,Avocalia,rappi,20.25,11.88,0.97,1
10/05/2026,20,COL,Bogotá,08 ANDES,Avocalia,rappi,4.19,0.23,8.27,1
10/05/2026,20,COL,Bogotá,15 ENGATIVA,Avocalia,rappi,24.54,0.75,0.63,1
10/05/2026,20,COL,Bogotá,36 VILLA DEL PRADO,Avocalia,rappi,14.34,0.52,1.72,1
10/05/2026,20,COL,Bogotá,69 ARRECIFE,Avocalia,rappi,20.05,4.9,2.1,1
10/05/2026,20,COL,Bogotá,08 ANDES,Avocalia,rappi,7,2.97,0.96,1
10/05/2026,20,COL,Bogotá,02 PARQUE 93,Avocalia,rappi,,0.65,7.89,1
10/05/2026,21,COL,Bogotá,02 PARQUE 93,Avocalia,rappi,33.8,8.45,0.91,1
10/05/2026,21,COL,Bogotá,03 CHAPINERO,Avocalia,rappi,37.92,31.77,0.08,1
10/05/2026,21,COL,Bogotá,06 COLINA,Avocalia,rappi,20.23,15.6,0.88,1
10/05/2026,21,COL,Bogotá,69 ARRECIFE,Avocalia,rappi,11.85,0,,1
10/05/2026,21,COL,Bogotá,02 PARQUE 93,Avocalia,rappi,7.92,3.68,0.87,1
10/05/2026,21,COL,Bogotá,03 CHAPINERO,Avocalia,rappi,10.03,5.68,1.12,1
10/05/2026,21,COL,Bogotá,65 CALLE 109,Avocalia,rappi,15.85,8.37,2.1,1
10/05/2026,21,COL,Bogotá,06 COLINA,Avocalia,rappi,9.14,17.65,13.25,1
10/05/2026,21,COL,Bogotá,06 COLINA,Avocalia,rappi,15.92,6.2,0.98,1
10/05/2026,22,COL,Bogotá,06 COLINA,Avocalia,rappi,24.05,14.88,14.71,1
10/05/2026,22,COL,Bogotá,06 COLINA,Avocalia,rappi,14.77,11.13,5.88,1
10/05/2026,22,COL,Bogotá,02 PARQUE 93,Avocalia,rappi,20.21,2.45,0.3,1
10/05/2026,22,COL,Bogotá,06 COLINA,Avocalia,rappi,35.83,14.87,7.49,1
10/05/2026,22,COL,Bogotá,02 PARQUE 93,Avocalia,rappi,22.59,3.55,0.38,1
10/05/2026,22,COL,Bogotá,02 PARQUE 93,Avocalia,rappi,24,4.22,0.81,1
10/05/2026,22,COL,Bogotá,03 CHAPINERO,Avocalia,rappi,11.53,0.3,12.54,1
10/05/2026,22,COL,Bogotá,03 CHAPINERO,Avocalia,rappi,8.49,12.88,27.81,1
10/05/2026,23,COL,Bogotá,03 CHAPINERO,Avocalia,rappi,,12.88,9.77,1
10/05/2026,23,COL,Bogotá,02 PARQUE 93,Avocalia,rappi,14.04,0.15,5.31,1
10/05/2026,23,COL,Bogotá,03 CHAPINERO,Avocalia,rappi,9.49,0.15,19.95,1
10/05/2026,7,COL,Bogotá,65 CALLE 109,Avocalia Desayunos,rappi,23.73,12.9,0.3,1
10/05/2026,7,COL,Bogotá,65 CALLE 109,Avocalia Desayunos,rappi,37.14,1.53,0,1
10/05/2026,7,COL,Bogotá,65 CALLE 109,Avocalia Desayunos,rappi,55.58,5.15,1.28,1
10/05/2026,8,COL,Bogotá,65 CALLE 109,Avocalia Desayunos,rappi,151.12,0,,1
10/05/2026,9,COL,Bogotá,65 CALLE 109,Avocalia Desayunos,rappi,89.8,7.48,0,1
10/05/2026,7,COL,Bogotá,50 CHICO,AVOCALIA TURBO,rappi,10.7,7.02,1.3,1
10/05/2026,8,COL,Bogotá,50 CHICO,AVOCALIA TURBO,rappi,4.74,4.85,5.14,1
10/05/2026,8,COL,Bogotá,50 CHICO,AVOCALIA TURBO,rappi,2.94,2.23,4.83,1
10/05/2026,8,COL,Bogotá,50 CHICO,AVOCALIA TURBO,rappi,2.24,0.32,2.94,1
10/05/2026,9,COL,Bogotá,50 CHICO,AVOCALIA TURBO,rappi,1.9,0.35,5.54,1
10/05/2026,10,COL,Bogotá,50 CHICO,AVOCALIA TURBO,rappi,4.52,3.08,3.5,1
10/05/2026,11,COL,Bogotá,50 CHICO,AVOCALIA TURBO,rappi,9.09,6.43,2.16,1
10/05/2026,11,COL,Bogotá,36 VILLA DEL PRADO,AVOCALIA TURBO,rappi,6.48,2.5,0.8,1
10/05/2026,11,COL,Bogotá,36 VILLA DEL PRADO,AVOCALIA TURBO,rappi,6.28,0.78,0.76,1
10/05/2026,12,COL,Bogotá,50 CHICO,AVOCALIA TURBO,rappi,8.03,0.23,0.01,1
10/05/2026,12,COL,Bogotá,50 CHICO,AVOCALIA TURBO,rappi,4.37,4.25,4.77,1
10/05/2026,12,COL,Bogotá,50 CHICO,AVOCALIA TURBO,rappi,12.88,6.47,17.05,1
10/05/2026,12,COL,Bogotá,08 ANDES,AVOCALIA TURBO,rappi,6.39,1.9,0.54,1
10/05/2026,12,COL,Bogotá,50 CHICO,AVOCALIA TURBO,rappi,13.12,0,3.73,1
10/05/2026,12,COL,Bogotá,01 USAQUEN,AVOCALIA TURBO,rappi,2.18,0.25,3.7,1
10/05/2026,12,COL,Bogotá,38 KENNEDY,AVOCALIA TURBO,rappi,4.85,0.33,0.33,1
10/05/2026,12,COL,Bogotá,65 CALLE 109,AVOCALIA TURBO,rappi,3.51,0.95,17.31,1
10/05/2026,12,COL,Bogotá,01 USAQUEN,AVOCALIA TURBO,rappi,4.82,1.9,2.74,1
10/05/2026,12,COL,Bogotá,50 CHICO,AVOCALIA TURBO,rappi,5.06,0.37,0.55,1
10/05/2026,12,COL,Bogotá,36 VILLA DEL PRADO,AVOCALIA TURBO,rappi,3.74,0.27,3.29,1
10/05/2026,13,COL,Bogotá,50 CHICO,AVOCALIA TURBO,rappi,2.64,0.93,3.31,1
10/05/2026,13,COL,Bogotá,65 CALLE 109,AVOCALIA TURBO,rappi,2.25,5.18,7.84,1
10/05/2026,13,COL,Bogotá,50 CHICO,AVOCALIA TURBO,rappi,9.16,4.45,0.09,1
10/05/2026,13,COL,Bogotá,03 CHAPINERO,AVOCALIA TURBO,rappi,4.43,0.32,2.99,1
10/05/2026,13,COL,Bogotá,38 KENNEDY,AVOCALIA TURBO,rappi,6.11,0.38,12.96,1
10/05/2026,13,COL,Bogotá,03 CHAPINERO,AVOCALIA TURBO,rappi,9.22,5.25,0.92,1
10/05/2026,13,COL,Bogotá,50 CHICO,AVOCALIA TURBO,rappi,2.85,1.13,4.96,1
10/05/2026,14,COL,Bogotá,03 CHAPINERO,AVOCALIA TURBO,rappi,5.9,1.53,0.82,1
10/05/2026,14,COL,Bogotá,65 CALLE 109,AVOCALIA TURBO,rappi,3.66,2.65,4.12,1
10/05/2026,14,COL,Bogotá,38 KENNEDY,AVOCALIA TURBO,rappi,11.13,5.28,0.8,1
10/05/2026,14,COL,Bogotá,03 CHAPINERO,AVOCALIA TURBO,rappi,4.13,0,0.1,1
10/05/2026,14,COL,Bogotá,06 COLINA,AVOCALIA TURBO,rappi,10.35,4.93,0.74,1
10/05/2026,14,COL,Bogotá,01 USAQUEN,AVOCALIA TURBO,rappi,3.24,0,1.45,1
10/05/2026,14,COL,Bogotá,08 ANDES,AVOCALIA TURBO,rappi,6.94,3.35,1.66,1
10/05/2026,14,COL,Bogotá,36 VILLA DEL PRADO,AVOCALIA TURBO,rappi,5.51,0.28,6.35,1
10/05/2026,14,COL,Bogotá,08 ANDES,AVOCALIA TURBO,rappi,2.95,0,1.72,1
10/05/2026,14,COL,Bogotá,01 USAQUEN,AVOCALIA TURBO,rappi,4.79,0.33,0.8,1
10/05/2026,14,COL,Bogotá,08 ANDES,AVOCALIA TURBO,rappi,6.73,2.57,0.99,1
10/05/2026,14,COL,Bogotá,01 USAQUEN,AVOCALIA TURBO,rappi,2.68,0.13,4.26,1
10/05/2026,14,COL,Bogotá,36 VILLA DEL PRADO,AVOCALIA TURBO,rappi,10.84,6.27,0.43,1
10/05/2026,15,COL,Bogotá,03 CHAPINERO,AVOCALIA TURBO,rappi,11.88,7.8,0.97,1
10/05/2026,15,COL,Bogotá,65 CALLE 109,AVOCALIA TURBO,rappi,1.98,0.88,3.91,1
10/05/2026,15,COL,Bogotá,38 KENNEDY,AVOCALIA TURBO,rappi,12.91,0.83,24.26,1
10/05/2026,15,COL,Bogotá,50 CHICO,AVOCALIA TURBO,rappi,3.97,3.25,4.17,1
10/05/2026,15,COL,Bogotá,03 CHAPINERO,AVOCALIA TURBO,rappi,5.31,0.27,1.06,1
10/05/2026,15,COL,Bogotá,03 CHAPINERO,AVOCALIA TURBO,rappi,4.66,0.28,1.12,1
10/05/2026,16,COL,Bogotá,38 KENNEDY,AVOCALIA TURBO,rappi,6.98,3.08,1.05,1
10/05/2026,16,COL,Bogotá,01 USAQUEN,AVOCALIA TURBO,rappi,3.17,0,1.47,1
10/05/2026,17,COL,Bogotá,03 CHAPINERO,AVOCALIA TURBO,rappi,5.23,1.4,0.98,1
10/05/2026,17,COL,Bogotá,03 CHAPINERO,AVOCALIA TURBO,rappi,3.97,0,0.78,1
10/05/2026,17,COL,Bogotá,08 ANDES,AVOCALIA TURBO,rappi,2.51,0,0.33,1
10/05/2026,17,COL,Bogotá,65 CALLE 109,AVOCALIA TURBO,rappi,2.21,6.42,9.02,1
10/05/2026,17,COL,Bogotá,08 ANDES,AVOCALIA TURBO,rappi,2.08,0,1.79,1
10/05/2026,18,COL,Bogotá,36 VILLA DEL PRADO,AVOCALIA TURBO,rappi,9.08,4.28,0.35,1
10/05/2026,18,COL,Bogotá,08 ANDES,AVOCALIA TURBO,rappi,4.91,0.63,0.86,1
10/05/2026,18,COL,Bogotá,65 CALLE 109,AVOCALIA TURBO,rappi,1.35,2.5,5.93,1
10/05/2026,18,COL,Bogotá,01 USAQUEN,AVOCALIA TURBO,rappi,2.74,0,1.09,1
10/05/2026,18,COL,Bogotá,65 CALLE 109,AVOCALIA TURBO,rappi,2.07,2.08,4.97,1
10/05/2026,19,COL,Bogotá,03 CHAPINERO,AVOCALIA TURBO,rappi,3,0,0.94,1
10/05/2026,19,COL,Bogotá,65 CALLE 109,AVOCALIA TURBO,rappi,2.08,1.28,4.17,1
10/05/2026,19,COL,Bogotá,36 VILLA DEL PRADO,AVOCALIA TURBO,rappi,7.08,0.63,12.13,1
10/05/2026,19,COL,Bogotá,38 KENNEDY,AVOCALIA TURBO,rappi,7.23,0.87,0.72,1
10/05/2026,19,COL,Bogotá,65 CALLE 109,AVOCALIA TURBO,rappi,2.91,2.12,4.15,1
10/05/2026,19,COL,Bogotá,01 USAQUEN,AVOCALIA TURBO,rappi,2.91,1.02,9.04,1
10/05/2026,19,COL,Bogotá,38 KENNEDY,AVOCALIA TURBO,rappi,8.5,0.25,2.11,1
10/05/2026,20,COL,Bogotá,01 USAQUEN,AVOCALIA TURBO,rappi,4.76,0.8,1.11,1
10/05/2026,20,COL,Bogotá,01 USAQUEN,AVOCALIA TURBO,rappi,4.26,0,0.66,1
10/05/2026,20,COL,Bogotá,01 USAQUEN,AVOCALIA TURBO,rappi,5.07,0.22,0.34,1
10/05/2026,20,COL,Bogotá,36 VILLA DEL PRADO,AVOCALIA TURBO,rappi,10.14,2.25,0.73,1
10/05/2026,20,COL,Bogotá,65 CALLE 109,AVOCALIA TURBO,rappi,1.97,2.83,5.93,1
10/05/2026,20,COL,Bogotá,08 ANDES,AVOCALIA TURBO,rappi,4.87,0.4,36.22,1
10/05/2026,20,COL,Bogotá,01 USAQUEN,AVOCALIA TURBO,rappi,5.05,0.67,0.75,1
10/05/2026,20,COL,Bogotá,03 CHAPINERO,AVOCALIA TURBO,rappi,7.63,2.98,0.35,1
10/05/2026,21,COL,Bogotá,65 CALLE 109,AVOCALIA TURBO,rappi,2.54,3.27,6.03,1
10/05/2026,21,COL,Bogotá,03 CHAPINERO,AVOCALIA TURBO,rappi,10.97,6.28,0.19,1
10/05/2026,21,COL,Bogotá,65 CALLE 109,AVOCALIA TURBO,rappi,1.73,4.33,7.88,1
10/05/2026,21,COL,Bogotá,65 CALLE 109,AVOCALIA TURBO,rappi,2,2.52,5.7,1
10/05/2026,21,COL,Bogotá,03 CHAPINERO,AVOCALIA TURBO,rappi,8.71,4.17,0.38,1
10/05/2026,21,COL,Bogotá,01 USAQUEN,AVOCALIA TURBO,rappi,6.43,1.78,3.95,1
10/05/2026,21,COL,Bogotá,03 CHAPINERO,AVOCALIA TURBO,rappi,2.01,0,0.95,1
10/05/2026,21,COL,Bogotá,01 USAQUEN,AVOCALIA TURBO,rappi,5.05,0.35,0.16,1
10/05/2026,21,COL,Bogotá,65 CALLE 109,AVOCALIA TURBO,rappi,1.84,6.33,9.74,1
10/05/2026,21,COL,Bogotá,01 USAQUEN,AVOCALIA TURBO,rappi,5.65,0.2,0.31,1
10/05/2026,21,COL,Bogotá,03 CHAPINERO,AVOCALIA TURBO,rappi,7.82,3.12,0.23,1
10/05/2026,21,COL,Bogotá,65 CALLE 109,AVOCALIA TURBO,rappi,3.67,0.72,2.16,1
10/05/2026,21,COL,Bogotá,08 ANDES,AVOCALIA TURBO,rappi,12.86,0,,1
10/05/2026,21,COL,Bogotá,01 USAQUEN,AVOCALIA TURBO,rappi,5.03,0.35,0.15,1
10/05/2026,9,COL,Bogotá,03 CHAPINERO,Bottaniko Turbo,rappi,5.03,0.4,0.59,1
10/05/2026,6,COL,Bogotá,06 COLINA,Brunch & Munch,rappi,20.18,36.67,95.13,1
10/05/2026,6,COL,Bogotá,65 CALLE 109,Brunch & Munch,rappi,8.06,0.72,43.22,1
10/05/2026,6,COL,Bogotá,15 ENGATIVA,Brunch & Munch,rappi,10.19,0.43,7.76,1
10/05/2026,6,COL,Bogotá,03 CHAPINERO,Brunch & Munch,rappi,4.9,0.25,4.14,1
10/05/2026,6,COL,Bogotá,36 VILLA DEL PRADO,Brunch & Munch,rappi,13.91,0.87,24.71,1
10/05/2026,6,COL,Bogotá,36 VILLA DEL PRADO,Brunch & Munch,rappi,11.56,2.77,26.21,1
10/05/2026,6,COL,Bogotá,06 COLINA,Brunch & Munch,rappi,31.93,21.2,2.18,1
10/05/2026,6,COL,Bogotá,02 PARQUE 93,Brunch & Munch,rappi,111.29,0,,1
10/05/2026,6,COL,Bogotá,65 CALLE 109,Brunch & Munch,rappi,9.17,0.5,32.2,1
10/05/2026,6,COL,Bogotá,03 CHAPINERO,Brunch & Munch,rappi,9.07,1.98,43.4,1
10/05/2026,6,COL,Bogotá,15 ENGATIVA,Brunch & Munch,rappi,11.15,1.87,41.99,1
10/05/2026,6,COL,Bogotá,15 ENGATIVA,Brunch & Munch,rappi,14.05,3.28,7.71,1
10/05/2026,6,COL,Bogotá,03 CHAPINERO,Brunch & Munch,rappi,11.08,2,39.13,1
10/05/2026,6,COL,Bogotá,02 PARQUE 93,Brunch & Munch,rappi,105.17,20.03,12.37,1
10/05/2026,6,COL,Bogotá,45 VERAGUAS,Brunch & Munch,rappi,9.46,0.48,8.61,1
10/05/2026,6,COL,Bogotá,69 ARRECIFE,Brunch & Munch,rappi,12.34,0.78,36.01,1
10/05/2026,6,COL,Bogotá,45 VERAGUAS,Brunch & Munch,rappi,12.55,0.37,36.45,1
10/05/2026,6,COL,Bogotá,65 CALLE 109,Brunch & Munch,rappi,13.05,38.43,82.06,1
10/05/2026,6,COL,Bogotá,06 COLINA,Brunch & Munch,rappi,27.22,0,,1
10/05/2026,6,COL,Bogotá,45 VERAGUAS,Brunch & Munch,rappi,13.03,0.47,48.01,1
10/05/2026,6,COL,Bogotá,01 USAQUEN,Brunch & Munch,rappi,6.33,0,43.77,1
10/05/2026,6,COL,Bogotá,01 USAQUEN,Brunch & Munch,rappi,6.5,0.33,31.26,1
10/05/2026,6,COL,Bogotá,15 ENGATIVA,Brunch & Munch,rappi,12.87,3.28,1.71,1
10/05/2026,6,COL,Bogotá,36 VILLA DEL PRADO,Brunch & Munch,rappi,11,30.67,69.8,1
10/05/2026,6,COL,Bogotá,06 COLINA,Brunch & Munch,rappi,12.68,24.22,58.93,1
10/05/2026,6,COL,Bogotá,69 ARRECIFE,Brunch & Munch,rappi,12.94,5.48,36.03,1
10/05/2026,6,COL,Bogotá,15 ENGATIVA,Brunch & Munch,rappi,22.08,0.42,18.79,1
10/05/2026,6,COL,Bogotá,02 PARQUE 93,Brunch & Munch,rappi,34.98,20.6,51.21,1
10/05/2026,6,COL,Bogotá,15 ENGATIVA,Brunch & Munch,rappi,7.34,3.3,5.52,1
10/05/2026,6,COL,Bogotá,02 PARQUE 93,Brunch & Munch,rappi,22.67,4.97,0.95,1
10/05/2026,6,COL,Bogotá,08 ANDES,Brunch & Munch,rappi,6.76,0.25,8.74,1
10/05/2026,6,COL,Bogotá,45 VERAGUAS,Brunch & Munch,rappi,13.25,0.32,43.78,1
10/05/2026,6,COL,Bogotá,06 COLINA,Brunch & Munch,rappi,38.48,13.2,34.99,1
10/05/2026,6,COL,Bogotá,06 COLINA,Brunch & Munch,rappi,29.02,17.1,42.25,1
10/05/2026,6,COL,Bogotá,45 VERAGUAS,Brunch & Munch,rappi,14.13,0.37,27.88,1
10/05/2026,6,COL,Bogotá,02 PARQUE 93,Brunch & Munch,rappi,17.02,4.97,3.08,1
10/05/2026,6,COL,Bogotá,06 COLINA,Brunch & Munch,rappi,53.41,23.25,24.7,1
10/05/2026,6,COL,Bogotá,69 ARRECIFE,Brunch & Munch,rappi,24.04,2.97,6.78,1
10/05/2026,6,COL,Bogotá,08 ANDES,Brunch & Munch,rappi,7.1,0.5,29.97,1
10/05/2026,6,COL,Bogotá,36 VILLA DEL PRADO,Brunch & Munch,rappi,20.95,30.67,52.28,1
10/05/2026,6,COL,Bogotá,06 COLINA,Brunch & Munch,rappi,57.96,19.77,1.24,1
10/05/2026,6,COL,Bogotá,69 ARRECIFE,Brunch & Munch,rappi,13.21,3.22,9.87,1
10/05/2026,6,COL,Bogotá,03 CHAPINERO,Brunch & Munch,rappi,2.89,0.55,26.07,1
10/05/2026,6,COL,Bogotá,03 CHAPINERO,Brunch & Munch,rappi,2.91,0.2,17.72,1
10/05/2026,6,COL,Bogotá,01 USAQUEN,Brunch & Munch,rappi,7.97,0.42,24.03,1
10/05/2026,6,COL,Bogotá,06 COLINA,Brunch & Munch,rappi,16.89,14.57,33.21,1
10/05/2026,6,COL,Bogotá,02 PARQUE 93,Brunch & Munch,rappi,24.38,12.52,14.53,1
10/05/2026,6,COL,Bogotá,38 KENNEDY,Brunch & Munch,rappi,17.68,1.28,14.23,1
10/05/2026,6,COL,Bogotá,08 ANDES,Brunch & Munch,rappi,5.41,0.33,20.77,1
10/05/2026,6,COL,Bogotá,03 CHAPINERO,Brunch & Munch,rappi,8.78,1.1,8.42,1
10/05/2026,6,COL,Bogotá,03 CHAPINERO,Brunch & Munch,rappi,5.08,1.1,11.98,1
10/05/2026,6,COL,Bogotá,02 PARQUE 93,Brunch & Munch,rappi,21.1,12.52,14.65,1
10/05/2026,6,COL,Bogotá,03 CHAPINERO,Brunch & Munch,rappi,9.27,0.15,22.88,1
10/05/2026,6,COL,Bogotá,08 ANDES,Brunch & Munch,rappi,6.22,0.5,17.16,1
10/05/2026,6,COL,Bogotá,06 COLINA,Brunch & Munch,rappi,45.91,24.22,2.68,1
10/05/2026,6,COL,Bogotá,69 ARRECIFE,Brunch & Munch,rappi,8.97,12.8,39.19,1
10/05/2026,6,COL,Bogotá,45 VERAGUAS,Brunch & Munch,rappi,8.22,0.63,12.69,1
10/05/2026,6,COL,Bogotá,15 ENGATIVA,Brunch & Munch,rappi,29.57,14.67,1.23,1
10/05/2026,6,COL,Bogotá,15 ENGATIVA,Brunch & Munch,rappi,15.91,4.5,7.22,1
10/05/2026,7,COL,Bogotá,38 KENNEDY,Brunch & Munch,rappi,19.6,1.27,0,1
10/05/2026,7,COL,Bogotá,13 CHIA,Brunch & Munch,rappi,28.1,0.77,15.87,1
10/05/2026,7,COL,Bogotá,02 PARQUE 93,Brunch & Munch,rappi,,0,,1
10/05/2026,7,COL,Bogotá,38 KENNEDY,Brunch & Munch,rappi,15.43,12.42,8.64,1
10/05/2026,7,COL,Bogotá,38 KENNEDY,Brunch & Munch,rappi,21.8,12.42,1.82,1
10/05/2026,7,COL,Bogotá,45 VERAGUAS,Brunch & Munch,rappi,8.88,0.62,3.84,1
10/05/2026,7,COL,Bogotá,02 PARQUE 93,Brunch & Munch,rappi,18.01,12.53,1.04,1
10/05/2026,7,COL,Bogotá,69 ARRECIFE,Brunch & Munch,rappi,12.73,5.48,1.39,1
10/05/2026,7,COL,Bogotá,38 KENNEDY,Brunch & Munch,rappi,62.2,0.5,9.81,1
10/05/2026,7,COL,Bogotá,65 CALLE 109,Brunch & Munch,rappi,7.39,38.42,49.55,1
10/05/2026,7,COL,Bogotá,15 ENGATIVA,Brunch & Munch,rappi,9.6,4.5,1.35,1
10/05/2026,7,COL,Bogotá,65 CALLE 109,Brunch & Munch,rappi,28.02,4.25,67.01,1
10/05/2026,7,COL,Bogotá,13 CHIA,Brunch & Munch,rappi,19.22,0.73,15.3,1
10/05/2026,7,COL,Bogotá,15 ENGATIVA,Brunch & Munch,rappi,19.19,10.33,10.18,1
10/05/2026,7,COL,Bogotá,02 PARQUE 93,Brunch & Munch,rappi,,0,,1
10/05/2026,7,COL,Bogotá,02 PARQUE 93,Brunch & Munch,rappi,43.82,20.35,1.04,1
10/05/2026,7,COL,Bogotá,01 USAQUEN,Brunch & Munch,rappi,9.26,0.33,15.71,1
10/05/2026,7,COL,Bogotá,03 CHAPINERO,Brunch & Munch,rappi,14.83,1.82,1.86,1
10/05/2026,7,COL,Bogotá,03 CHAPINERO,Brunch & Munch,rappi,22.06,7.95,3.53,1
10/05/2026,7,COL,Bogotá,65 CALLE 109,Brunch & Munch,rappi,27.95,0.1,50.32,1
10/05/2026,7,COL,Bogotá,36 VILLA DEL PRADO,Brunch & Munch,rappi,45.98,32.73,1.41,1
10/05/2026,7,COL,Bogotá,15 ENGATIVA,Brunch & Munch,rappi,16.36,10.33,8.85,1
10/05/2026,7,COL,Bogotá,65 CALLE 109,Brunch & Munch,rappi,14.64,0.77,15.02,1
10/05/2026,7,COL,Bogotá,65 CALLE 109,Brunch & Munch,rappi,20.73,38.42,30.87,1
10/05/2026,7,COL,Bogotá,65 CALLE 109,Brunch & Munch,rappi,21.25,38.63,36.65,1
10/05/2026,7,COL,Bogotá,01 USAQUEN,Brunch & Munch,rappi,14.14,1.73,0.78,1
10/05/2026,7,COL,Bogotá,38 KENNEDY,Brunch & Munch,rappi,20.09,4.33,0.71,1
10/05/2026,7,COL,Bogotá,03 CHAPINERO,Brunch & Munch,rappi,21.63,7.95,1.95,1
10/05/2026,7,COL,Bogotá,38 KENNEDY,Brunch & Munch,rappi,18.06,4.33,2.03,1
10/05/2026,7,COL,Bogotá,15 ENGATIVA,Brunch & Munch,rappi,29.7,18.43,1.51,1
10/05/2026,7,COL,Bogotá,06 COLINA,Brunch & Munch,rappi,19.95,50.73,47.62,1
10/05/2026,7,COL,Bogotá,06 COLINA,Brunch & Munch,rappi,30.27,36.67,22.06,1
10/05/2026,7,COL,Bogotá,36 VILLA DEL PRADO,Brunch & Munch,rappi,48.98,0.63,23.16,1
10/05/2026,7,COL,Bogotá,65 CALLE 109,Brunch & Munch,rappi,44.13,35.17,1.83,1
10/05/2026,7,COL,Bogotá,36 VILLA DEL PRADO,Brunch & Munch,rappi,35.64,12.83,0.13,1
10/05/2026,7,COL,Bogotá,06 COLINA,Brunch & Munch,rappi,32.17,23.25,3.78,1
10/05/2026,7,COL,Bogotá,06 COLINA,Brunch & Munch,rappi,44.08,36.68,6.08,1
10/05/2026,7,COL,Bogotá,01 USAQUEN,Brunch & Munch,rappi,18.77,0.48,17,1
10/05/2026,7,COL,Bogotá,65 CALLE 109,Brunch & Munch,rappi,72.32,3.57,2.64,1
10/05/2026,7,COL,Bogotá,06 COLINA,Brunch & Munch,rappi,45.03,50.73,18.72,1
10/05/2026,7,COL,Bogotá,69 ARRECIFE,Brunch & Munch,rappi,5.74,1.02,7.49,1
10/05/2026,7,COL,Bogotá,65 CALLE 109,Brunch & Munch,rappi,24.63,7.02,36.27,1
10/05/2026,7,COL,Bogotá,38 KENNEDY,Brunch & Munch,rappi,7.8,19.65,102.05,1
10/05/2026,7,COL,Bogotá,02 PARQUE 93,Brunch & Munch,rappi,46.62,16.43,1.43,1
10/05/2026,7,COL,Bogotá,45 VERAGUAS,Brunch & Munch,rappi,4.71,0.38,6.24,1
10/05/2026,7,COL,Bogotá,01 USAQUEN,Brunch & Munch,rappi,19,2.57,66.45,1
10/05/2026,7,COL,Bogotá,38 KENNEDY,Brunch & Munch,rappi,27.26,13.83,32.77,1
10/05/2026,7,COL,Bogotá,69 ARRECIFE,Brunch & Munch,rappi,11.48,0.23,4.95,1
10/05/2026,7,COL,Bogotá,06 COLINA,Brunch & Munch,rappi,40.79,37.87,2.09,1
10/05/2026,7,COL,Bogotá,01 USAQUEN,Brunch & Munch,rappi,15.95,0.93,29.96,1
10/05/2026,7,COL,Bogotá,02 PARQUE 93,Brunch & Munch,rappi,52.1,38.8,4.49,1
10/05/2026,7,COL,Bogotá,15 ENGATIVA,Brunch & Munch,rappi,12.07,9.9,2.85,1
10/05/2026,7,COL,Bogotá,65 CALLE 109,Brunch & Munch,rappi,47.06,38.62,1.05,1
10/05/2026,7,COL,Bogotá,01 USAQUEN,Brunch & Munch,rappi,32.74,0.53,34.09,1
10/05/2026,7,COL,Bogotá,69 ARRECIFE,Brunch & Munch,rappi,14.01,12.8,4.86,1
10/05/2026,7,COL,Bogotá,36 VILLA DEL PRADO,Brunch & Munch,rappi,37.31,63.52,93.22,1
10/05/2026,7,COL,Bogotá,36 VILLA DEL PRADO,Brunch & Munch,rappi,65.17,64.48,4.48,1
10/05/2026,7,COL,Bogotá,69 ARRECIFE,Brunch & Munch,rappi,11.65,12.8,6.2,1
10/05/2026,7,COL,Bogotá,08 ANDES,Brunch & Munch,rappi,5.76,0.8,6.14,1
10/05/2026,7,COL,Bogotá,36 VILLA DEL PRADO,Brunch & Munch,rappi,81.31,3,4.73,1
10/05/2026,7,COL,Bogotá,06 COLINA,Brunch & Munch,rappi,53.39,50.73,5.51,1
10/05/2026,7,COL,Bogotá,65 CALLE 109,Brunch & Munch,rappi,25.84,4.52,0.92,1
10/05/2026,7,COL,Bogotá,15 ENGATIVA,Brunch & Munch,rappi,43.7,50.62,19.13,1
10/05/2026,7,COL,Bogotá,69 ARRECIFE,Brunch & Munch,rappi,14.08,0.67,0.42,1
10/05/2026,7,COL,Bogotá,36 VILLA DEL PRADO,Brunch & Munch,rappi,85.18,16.45,2,1
10/05/2026,7,COL,Bogotá,13 CHIA,Brunch & Munch,rappi,24.99,10.12,12.44,1
10/05/2026,7,COL,Bogotá,69 ARRECIFE,Brunch & Munch,rappi,20.15,6.27,1.17,1
10/05/2026,7,COL,Bogotá,13 CHIA,Brunch & Munch,rappi,41.94,2.78,1.27,1
10/05/2026,7,COL,Bogotá,01 USAQUEN,Brunch & Munch,rappi,18.54,0.6,11.93,1
10/05/2026,7,COL,Bogotá,13 CHIA,Brunch & Munch,rappi,35.12,10.12,1.31,1
10/05/2026,7,COL,Bogotá,36 VILLA DEL PRADO,Brunch & Munch,rappi,87.31,0,,1
10/05/2026,7,COL,Bogotá,69 ARRECIFE,Brunch & Munch,rappi,22,0.85,20.71,1
10/05/2026,7,COL,Bogotá,03 CHAPINERO,Brunch & Munch,rappi,13.64,0.65,4.39,1
10/05/2026,7,COL,Bogotá,15 ENGATIVA,Brunch & Munch,rappi,23.54,37.13,18.52,1
10/05/2026,7,COL,Bogotá,45 VERAGUAS,Brunch & Munch,rappi,4.97,0,53.39,1
10/05/2026,7,COL,Bogotá,36 VILLA DEL PRADO,Brunch & Munch,rappi,95.86,10.22,0.39,1
10/05/2026,7,COL,Bogotá,36 VILLA DEL PRADO,Brunch & Munch,rappi,89.97,71.35,10.8,1
10/05/2026,7,COL,Bogotá,15 ENGATIVA,Brunch & Munch,rappi,40.09,36.38,1.53,1
10/05/2026,7,COL,Bogotá,65 CALLE 109,Brunch & Munch,rappi,52.36,4.73,31.91,1
10/05/2026,7,COL,Bogotá,38 KENNEDY,Brunch & Munch,rappi,20.68,43.12,83.55,1
10/05/2026,7,COL,Bogotá,01 USAQUEN,Brunch & Munch,rappi,14.09,0.38,62.8,1
10/05/2026,7,COL,Bogotá,02 PARQUE 93,Brunch & Munch,rappi,,0,,1
10/05/2026,7,COL,Bogotá,15 ENGATIVA,Brunch & Munch,rappi,45.82,0.13,4.34,1
10/05/2026,7,COL,Bogotá,38 KENNEDY,Brunch & Munch,rappi,51,30.4,6.59,1
10/05/2026,7,COL,Bogotá,36 VILLA DEL PRADO,Brunch & Munch,rappi,93.69,10.93,2.12,1
10/05/2026,7,COL,Bogotá,38 KENNEDY,Brunch & Munch,rappi,34.28,85.27,72.8,1
10/05/2026,7,COL,Bogotá,36 VILLA DEL PRADO,Brunch & Munch,rappi,97.85,1.43,14.03,1
10/05/2026,7,COL,Bogotá,02 PARQUE 93,Brunch & Munch,rappi,19.16,19.6,5.18,1
10/05/2026,7,COL,Bogotá,36 VILLA DEL PRADO,Brunch & Munch,rappi,94.07,90.1,7.15,1
10/05/2026,7,COL,Bogotá,38 KENNEDY,Brunch & Munch,rappi,48.87,0.2,29.88,1
10/05/2026,7,COL,Bogotá,36 VILLA DEL PRADO,Brunch & Munch,rappi,99.91,90.1,1.01,1
10/05/2026,7,COL,Bogotá,65 CALLE 109,Brunch & Munch,rappi,38.06,15.55,42.89,1
10/05/2026,7,COL,Bogotá,06 COLINA,Brunch & Munch,rappi,51.5,35.23,8.73,1
10/05/2026,7,COL,Bogotá,01 USAQUEN,Brunch & Munch,rappi,28.02,5.62,8.22,1
10/05/2026,7,COL,Bogotá,02 PARQUE 93,Brunch & Munch,rappi,19.74,38.6,24.01,1
10/05/2026,7,COL,Bogotá,06 COLINA,Brunch & Munch,rappi,35.58,28.83,3.11,1
10/05/2026,7,COL,Bogotá,02 PARQUE 93,Brunch & Munch,rappi,21.76,17.85,1.13,1
10/05/2026,7,COL,Bogotá,15 ENGATIVA,Brunch & Munch,rappi,53.65,48.5,0.05,1
10/05/2026,7,COL,Bogotá,65 CALLE 109,Brunch & Munch,rappi,47.06,7,0,1
10/05/2026,7,COL,Bogotá,06 COLINA,Brunch & Munch,rappi,56.36,35.23,2.88,1
10/05/2026,7,COL,Bogotá,36 VILLA DEL PRADO,Brunch & Munch,rappi,106.85,97.05,1.02,1
10/05/2026,7,COL,Bogotá,38 KENNEDY,Brunch & Munch,rappi,68.17,21.45,1.49,1
10/05/2026,7,COL,Bogotá,38 KENNEDY,Brunch & Munch,rappi,58.93,0,,1
10/05/2026,7,COL,Bogotá,01 USAQUEN,Brunch & Munch,rappi,33.95,0.35,38.12,1
10/05/2026,7,COL,Bogotá,02 PARQUE 93,Brunch & Munch,rappi,67.55,13.95,1.34,1
10/05/2026,7,COL,Bogotá,01 USAQUEN,Brunch & Munch,rappi,39.14,30.68,21.89,1
10/05/2026,7,COL,Bogotá,01 USAQUEN,Brunch & Munch,rappi,57.09,30.7,3.92,1
10/05/2026,7,COL,Bogotá,38 KENNEDY,Brunch & Munch,rappi,71.38,1,16.67,1
10/05/2026,7,COL,Bogotá,02 PARQUE 93,Brunch & Munch,rappi,40.03,20.03,5.19,1
10/05/2026,7,COL,Bogotá,02 PARQUE 93,Brunch & Munch,rappi,43.79,20.05,1.28,1
10/05/2026,7,COL,Bogotá,08 ANDES,Brunch & Munch,rappi,9.07,0.17,12.06,1
10/05/2026,7,COL,Bogotá,06 COLINA,Brunch & Munch,rappi,47.27,60.2,36.91,1
10/05/2026,7,COL,Bogotá,06 COLINA,Brunch & Munch,rappi,74.89,0,,1
10/05/2026,7,COL,Bogotá,15 ENGATIVA,Brunch & Munch,rappi,57.22,49.12,1.95,1
10/05/2026,7,COL,Bogotá,36 VILLA DEL PRADO,Brunch & Munch,rappi,106.85,79.57,8.38,1
10/05/2026,7,COL,Bogotá,36 VILLA DEL PRADO,Brunch & Munch,rappi,113.5,79.57,1.05,1
10/05/2026,7,COL,Bogotá,65 CALLE 109,Brunch & Munch,rappi,74.81,17.8,0.96,1
10/05/2026,7,COL,Bogotá,36 VILLA DEL PRADO,Brunch & Munch,rappi,115.6,84.35,1.03,1
10/05/2026,7,COL,Bogotá,36 VILLA DEL PRADO,Brunch & Munch,rappi,119.41,74.93,1.58,1
10/05/2026,7,COL,Bogotá,36 VILLA DEL PRADO,Brunch & Munch,rappi,,0,,1
10/05/2026,7,COL,Bogotá,03 CHAPINERO,Brunch & Munch,rappi,11.33,2.2,0.87,1
10/05/2026,7,COL,Bogotá,01 USAQUEN,Brunch & Munch,rappi,57.08,19.92,2.06,1
10/05/2026,7,COL,Bogotá,02 PARQUE 93,Brunch & Munch,rappi,17.62,16.43,10.48,1
10/05/2026,7,COL,Bogotá,06 COLINA,Brunch & Munch,rappi,56.81,0.75,27.08,1
10/05/2026,7,COL,Bogotá,06 COLINA,Brunch & Munch,rappi,72.86,0,,1
10/05/2026,7,COL,Bogotá,06 COLINA,Brunch & Munch,rappi,66.23,85.83,52.32,1
10/05/2026,7,COL,Bogotá,06 COLINA,Brunch & Munch,rappi,96.1,14.83,2.64,1
10/05/2026,7,COL,Bogotá,15 ENGATIVA,Brunch & Munch,rappi,34.72,29.78,0.97,1
10/05/2026,7,COL,Bogotá,36 VILLA DEL PRADO,Brunch & Munch,rappi,106.06,79.57,0,1
10/05/2026,7,COL,Bogotá,06 COLINA,Brunch & Munch,rappi,76.8,15.97,3.22,1
10/05/2026,7,COL,Bogotá,15 ENGATIVA,Brunch & Munch,rappi,50.95,40.67,1.14,1
10/05/2026,7,COL,Bogotá,01 USAQUEN,Brunch & Munch,rappi,20.9,10.87,1.42,1
10/05/2026,7,COL,Bogotá,06 COLINA,Brunch & Munch,rappi,74.99,3.33,7.98,1
10/05/2026,7,COL,Bogotá,01 USAQUEN,Brunch & Munch,rappi,57.34,0.67,36.9,1
10/05/2026,7,COL,Bogotá,38 KENNEDY,Brunch & Munch,rappi,92.13,22.93,6.82,1
10/05/2026,7,COL,Bogotá,06 COLINA,Brunch & Munch,rappi,53.91,85.85,62.91,1
10/05/2026,7,COL,Bogotá,06 COLINA,Brunch & Munch,rappi,79.85,14.33,1.03,1
10/05/2026,7,COL,Bogotá,36 VILLA DEL PRADO,Brunch & Munch,rappi,,0,,1
10/05/2026,7,COL,Bogotá,69 ARRECIFE,Brunch & Munch,rappi,14.04,0.4,18.94,1
10/05/2026,7,COL,Bogotá,13 CHIA,Brunch & Munch,rappi,20.89,0.18,12.41,1
10/05/2026,7,COL,Bogotá,02 PARQUE 93,Brunch & Munch,rappi,33.91,24.15,3.81,1
10/05/2026,7,COL,Bogotá,15 ENGATIVA,Brunch & Munch,rappi,45.06,40.67,4.74,1
10/05/2026,7,COL,Bogotá,13 CHIA,Brunch & Munch,rappi,10.74,0.67,0.95,1
10/05/2026,7,COL,Bogotá,15 ENGATIVA,Brunch & Munch,rappi,53.47,0.13,3.7,1
10/05/2026,7,COL,Bogotá,38 KENNEDY,Brunch & Munch,rappi,40.11,30.4,2.93,1
10/05/2026,7,COL,Bogotá,02 PARQUE 93,Brunch & Munch,rappi,61.41,0.52,8.69,1
10/05/2026,7,COL,Bogotá,06 COLINA,Brunch & Munch,rappi,56.43,0,,1
10/05/2026,7,COL,Bogotá,13 CHIA,Brunch & Munch,rappi,36.87,30.13,2,1
10/05/2026,7,COL,Bogotá,06 COLINA,Brunch & Munch,rappi,92.98,62.93,0.82,1
10/05/2026,7,COL,Bogotá,02 PARQUE 93,Brunch & Munch,rappi,31.62,24.15,2.94,1
10/05/2026,7,COL,Bogotá,01 USAQUEN,Brunch & Munch,rappi,,0,,1
10/05/2026,7,COL,Bogotá,02 PARQUE 93,Brunch & Munch,rappi,39.32,55.08,41.93,1
10/05/2026,7,COL,Bogotá,13 CHIA,Brunch & Munch,rappi,26.94,24.28,12.13,1
10/05/2026,7,COL,Bogotá,06 COLINA,Brunch & Munch,rappi,88.1,1.28,8.79,1
10/05/2026,7,COL,Bogotá,38 KENNEDY,Brunch & Munch,rappi,84.76,43.12,1.48,1
10/05/2026,7,COL,Bogotá,36 VILLA DEL PRADO,Brunch & Munch,rappi,128.13,80.2,1.3,1
10/05/2026,7,COL,Bogotá,02 PARQUE 93,Brunch & Munch,rappi,81.85,12.08,1.16,1
10/05/2026,7,COL,Bogotá,06 COLINA,Brunch & Munch,rappi,108.83,10.87,1.77,1
10/05/2026,7,COL,Bogotá,45 VERAGUAS,Brunch & Munch,rappi,7.2,0.57,15.02,1
10/05/2026,7,COL,Bogotá,02 PARQUE 93,Brunch & Munch,rappi,52.23,49.15,38.66,1
10/05/2026,7,COL,Bogotá,06 COLINA,Brunch & Munch,rappi,25.64,16.77,7.31,1
10/05/2026,7,COL,Bogotá,08 ANDES,Brunch & Munch,rappi,,0,,1
10/05/2026,7,COL,Bogotá,38 KENNEDY,Brunch & Munch,rappi,29.03,91.18,72.04,1
10/05/2026,7,COL,Bogotá,08 ANDES,Brunch & Munch,rappi,4.13,1.28,19.95,1
10/05/2026,7,COL,Bogotá,06 COLINA,Brunch & Munch,rappi,109.84,17.95,51.03,1
10/05/2026,7,COL,Bogotá,15 ENGATIVA,Brunch & Munch,rappi,,0,,1
10/05/2026,7,COL,Bogotá,13 CHIA,Brunch & Munch,rappi,30.52,21.03,0.2,1
10/05/2026,7,COL,Bogotá,13 CHIA,Brunch & Munch,rappi,24.97,15.27,0.11,1
10/05/2026,7,COL,Bogotá,13 CHIA,Brunch & Munch,rappi,38.01,20.57,0.78,1
10/05/2026,7,COL,Bogotá,06 COLINA,Brunch & Munch,rappi,99.49,0.6,6.79,1
10/05/2026,7,COL,Bogotá,38 KENNEDY,Brunch & Munch,rappi,84.05,80.15,1,1
10/05/2026,7,COL,Bogotá,38 KENNEDY,Brunch & Munch,rappi,24.44,21.43,26.53,1
10/05/2026,7,COL,Bogotá,38 KENNEDY,Brunch & Munch,rappi,108.04,0.52,8.99,1
10/05/2026,7,COL,Bogotá,45 VERAGUAS,Brunch & Munch,rappi,8.26,0.45,35.98,1
10/05/2026,7,COL,Bogotá,01 USAQUEN,Brunch & Munch,rappi,59.01,0.58,2.79,1
10/05/2026,7,COL,Bogotá,15 ENGATIVA,Brunch & Munch,rappi,85.06,74.85,1.98,1
10/05/2026,7,COL,Bogotá,15 ENGATIVA,Brunch & Munch,rappi,109.07,0.72,13.06,1
10/05/2026,7,COL,Bogotá,38 KENNEDY,Brunch & Munch,rappi,95.89,91.18,1.33,1
10/05/2026,7,COL,Bogotá,45 VERAGUAS,Brunch & Munch,rappi,8.65,0.57,8.12,1
10/05/2026,8,COL,Bogotá,01 USAQUEN,Brunch & Munch,rappi,59.36,62.53,43.92,1
10/05/2026,8,COL,Bogotá,01 USAQUEN,Brunch & Munch,rappi,10.53,5.62,3.86,1
10/05/2026,8,COL,Bogotá,01 USAQUEN,Brunch & Munch,rappi,61.39,48.83,1.99,1
10/05/2026,8,COL,Bogotá,38 KENNEDY,Brunch & Munch,rappi,110.96,12.68,0.38,1
10/05/2026,8,COL,Bogotá,38 KENNEDY,Brunch & Munch,rappi,107.01,46.65,1.8,1
10/05/2026,8,COL,Bogotá,15 ENGATIVA,Brunch & Munch,rappi,58.76,7.37,48.39,1
10/05/2026,8,COL,Bogotá,38 KENNEDY,Brunch & Munch,rappi,87.72,67.17,0.35,1
10/05/2026,8,COL,Bogotá,02 PARQUE 93,Brunch & Munch,rappi,55.01,8.27,1.17,1
10/05/2026,8,COL,Bogotá,02 PARQUE 93,Brunch & Munch,rappi,50.25,8.28,4.23,1
10/05/2026,8,COL,Bogotá,15 ENGATIVA,Brunch & Munch,rappi,58.27,55.9,87,1
10/05/2026,8,COL,Bogotá,13 CHIA,Brunch & Munch,rappi,43.2,15.62,1.05,1
10/05/2026,8,COL,Bogotá,01 USAQUEN,Brunch & Munch,rappi,58.15,48.83,1.25,1
10/05/2026,8,COL,Bogotá,01 USAQUEN,Brunch & Munch,rappi,56.3,44.93,0.88,1
10/05/2026,8,COL,Bogotá,15 ENGATIVA,Brunch & Munch,rappi,97.24,0.32,0,1
10/05/2026,8,COL,Bogotá,50 CHICO,Brunch & Munch,rappi,3.22,0,1.56,1
10/05/2026,8,COL,Bogotá,15 ENGATIVA,Brunch & Munch,rappi,,0,,1
10/05/2026,8,COL,Bogotá,01 USAQUEN,Brunch & Munch,rappi,57.58,0.55,32.35,1
10/05/2026,8,COL,Bogotá,15 ENGATIVA,Brunch & Munch,rappi,67.95,0,,1
10/05/2026,8,COL,Bogotá,15 ENGATIVA,Brunch & Munch,rappi,136.39,6.48,2.67,1
10/05/2026,8,COL,Bogotá,01 USAQUEN,Brunch & Munch,rappi,63.09,4.98,53.78,1
10/05/2026,8,COL,Bogotá,06 COLINA,Brunch & Munch,rappi,95.94,85.85,2.15,1
10/05/2026,8,COL,Bogotá,38 KENNEDY,Brunch & Munch,rappi,51.9,29.87,0.91,1
10/05/2026,8,COL,Bogotá,02 PARQUE 93,Brunch & Munch,rappi,54.37,14.18,1.1,1
10/05/2026,8,COL,Bogotá,65 CALLE 109,Brunch & Munch,rappi,121.33,17.98,,1
10/05/2026,8,COL,Bogotá,06 COLINA,Brunch & Munch,rappi,116.2,55.43,13.73,1
10/05/2026,8,COL,Bogotá,01 USAQUEN,Brunch & Munch,rappi,83.83,3.35,0.34,1
10/05/2026,8,COL,Bogotá,06 COLINA,Brunch & Munch,rappi,,0,,1
10/05/2026,8,COL,Bogotá,13 CHIA,Brunch & Munch,rappi,42.97,25.7,0.95,1
10/05/2026,8,COL,Bogotá,01 USAQUEN,Brunch & Munch,rappi,70.96,0.48,26.5,1
10/05/2026,8,COL,Bogotá,69 ARRECIFE,Brunch & Munch,rappi,6.14,0,3.31,1
10/05/2026,8,COL,Bogotá,01 USAQUEN,Brunch & Munch,rappi,10.04,6.73,9.84,1
10/05/2026,8,COL,Bogotá,01 USAQUEN,Brunch & Munch,rappi,18.87,14.33,0.7,1
10/05/2026,8,COL,Bogotá,06 COLINA,Brunch & Munch,rappi,144.94,47.15,12.24,1
10/05/2026,8,COL,Bogotá,02 PARQUE 93,Brunch & Munch,rappi,58.9,55.1,5.15,1
10/05/2026,8,COL,Bogotá,02 PARQUE 93,Brunch & Munch,rappi,61.86,55.1,1.1,1
10/05/2026,8,COL,Bogotá,38 KENNEDY,Brunch & Munch,rappi,114.39,1.35,32.1,1
10/05/2026,8,COL,Bogotá,08 ANDES,Brunch & Munch,rappi,4.25,1.25,4.96,1
10/05/2026,8,COL,Bogotá,13 CHIA,Brunch & Munch,rappi,46.09,28.7,0.83,1
10/05/2026,8,COL,Bogotá,03 CHAPINERO,Brunch & Munch,rappi,5.3,0.95,22.1,1
10/05/2026,8,COL,Bogotá,15 ENGATIVA,Brunch & Munch,rappi,,0,,1
10/05/2026,8,COL,Bogotá,06 COLINA,Brunch & Munch,rappi,137,2.45,16.53,1
10/05/2026,8,COL,Bogotá,15 ENGATIVA,Brunch & Munch,rappi,,0,,1
10/05/2026,8,COL,Bogotá,02 PARQUE 93,Brunch & Munch,rappi,46.8,42.38,9.58,1
10/05/2026,8,COL,Bogotá,08 ANDES,Brunch & Munch,rappi,9.22,0.23,16.7,1
10/05/2026,8,COL,Bogotá,02 PARQUE 93,Brunch & Munch,rappi,53.09,42.33,2.97,1
10/05/2026,8,COL,Bogotá,38 KENNEDY,Brunch & Munch,rappi,110.5,0,,1
10/05/2026,8,COL,Bogotá,06 COLINA,Brunch & Munch,rappi,128.11,6.82,1.72,1
10/05/2026,8,COL,Bogotá,38 KENNEDY,Brunch & Munch,rappi,117.95,0.12,28.04,1
10/05/2026,8,COL,Bogotá,45 VERAGUAS,Brunch & Munch,rappi,14.35,2.27,3.91,1
10/05/2026,8,COL,Bogotá,15 ENGATIVA,Brunch & Munch,rappi,136.17,13.02,1.04,1
10/05/2026,8,COL,Bogotá,45 VERAGUAS,Brunch & Munch,rappi,9.13,0.18,6.85,1
10/05/2026,8,COL,Bogotá,03 CHAPINERO,Brunch & Munch,rappi,13.1,1.37,1.17,1
10/05/2026,8,COL,Bogotá,15 ENGATIVA,Brunch & Munch,rappi,88.94,58.45,1.73,1
10/05/2026,8,COL,Bogotá,15 ENGATIVA,Brunch & Munch,rappi,69.81,52.1,3.26,1
10/05/2026,8,COL,Bogotá,06 COLINA,Brunch & Munch,rappi,,0,,1
10/05/2026,8,COL,Bogotá,15 ENGATIVA,Brunch & Munch,rappi,129.52,37.72,1.56,1
10/05/2026,8,COL,Bogotá,15 ENGATIVA,Brunch & Munch,rappi,70.94,52.1,1.12,1
10/05/2026,8,COL,Bogotá,06 COLINA,Brunch & Munch,rappi,55.32,27.3,31.66,1
10/05/2026,8,COL,Bogotá,13 CHIA,Brunch & Munch,rappi,43.01,28.63,3.69,1
10/05/2026,8,COL,Bogotá,02 PARQUE 93,Brunch & Munch,rappi,65.52,27.73,41.24,1
10/05/2026,8,COL,Bogotá,13 CHIA,Brunch & Munch,rappi,44.09,28.63,1.73,1
10/05/2026,8,COL,Bogotá,65 CALLE 109,Brunch & Munch,rappi,51.68,0.73,10.04,1
10/05/2026,8,COL,Bogotá,01 USAQUEN,Brunch & Munch,rappi,66.92,57.9,0.08,1
10/05/2026,8,COL,Bogotá,65 CALLE 109,Brunch & Munch,rappi,29.77,17.8,5.75,1
10/05/2026,8,COL,Bogotá,02 PARQUE 93,Brunch & Munch,rappi,59.08,49.15,1.64,1
10/05/2026,8,COL,Bogotá,02 PARQUE 93,Brunch & Munch,rappi,57.86,44.57,2.84,1
10/05/2026,8,COL,Bogotá,13 CHIA,Brunch & Munch,rappi,44.09,30.1,0.72,1
10/05/2026,8,COL,Bogotá,45 VERAGUAS,Brunch & Munch,rappi,11.21,12.03,20.76,1
10/05/2026,8,COL,Bogotá,45 VERAGUAS,Brunch & Munch,rappi,19.3,0.17,23.82,1
10/05/2026,8,COL,Bogotá,65 CALLE 109,Brunch & Munch,rappi,44.54,3.5,13.47,1
10/05/2026,8,COL,Bogotá,13 CHIA,Brunch & Munch,rappi,,0,,1
10/05/2026,8,COL,Bogotá,50 CHICO,Brunch & Munch,rappi,1.99,0.53,8.28,1
10/05/2026,8,COL,Bogotá,02 PARQUE 93,Brunch & Munch,rappi,71.23,16.17,12.92,1
10/05/2026,8,COL,Bogotá,02 PARQUE 93,Brunch & Munch,rappi,72.17,11.38,1.83,1
10/05/2026,8,COL,Bogotá,45 VERAGUAS,Brunch & Munch,rappi,20.1,28.6,20.86,1
10/05/2026,8,COL,Bogotá,50 CHICO,Brunch & Munch,rappi,6.11,0,2.91,1
10/05/2026,8,COL,Bogotá,01 USAQUEN,Brunch & Munch,rappi,74.09,62.53,0.18,1
10/05/2026,8,COL,Bogotá,03 CHAPINERO,Brunch & Munch,rappi,6.29,19.57,17.97,1
10/05/2026,8,COL,Bogotá,13 CHIA,Brunch & Munch,rappi,58.05,3.07,0.2,1
10/05/2026,8,COL,Bogotá,65 CALLE 109,Brunch & Munch,rappi,52.93,64.03,1.29,1
10/05/2026,8,COL,Bogotá,13 CHIA,Brunch & Munch,rappi,58.84,11.17,3.02,1
10/05/2026,8,COL,Bogotá,03 CHAPINERO,Brunch & Munch,rappi,23.08,13.57,0.78,1
10/05/2026,8,COL,Bogotá,01 USAQUEN,Brunch & Munch,rappi,33.83,12.02,0.32,1
10/05/2026,8,COL,Bogotá,45 VERAGUAS,Brunch & Munch,rappi,19.02,12.03,9.65,1
10/05/2026,8,COL,Bogotá,02 PARQUE 93,Brunch & Munch,rappi,55.08,44.55,0.64,1
10/05/2026,8,COL,Bogotá,02 PARQUE 93,Brunch & Munch,rappi,58.98,69.42,25.38,1
10/05/2026,8,COL,Bogotá,03 CHAPINERO,Brunch & Munch,rappi,5.52,3.47,15.75,1
10/05/2026,8,COL,Bogotá,02 PARQUE 93,Brunch & Munch,rappi,76.24,16.18,4.19,1
10/05/2026,8,COL,Bogotá,45 VERAGUAS,Brunch & Munch,rappi,25.51,12.05,2.01,1
10/05/2026,8,COL,Bogotá,08 ANDES,Brunch & Munch,rappi,7.47,0.25,7.76,1
10/05/2026,8,COL,Bogotá,01 USAQUEN,Brunch & Munch,rappi,62.3,43.65,2.05,1
10/05/2026,8,COL,Bogotá,45 VERAGUAS,Brunch & Munch,rappi,19.39,6.62,1.51,1
10/05/2026,8,COL,Bogotá,65 CALLE 109,Brunch & Munch,rappi,67.99,57.82,28.19,1
10/05/2026,8,COL,Bogotá,08 ANDES,Brunch & Munch,rappi,5.88,0.8,0.93,1
10/05/2026,8,COL,Bogotá,02 PARQUE 93,Brunch & Munch,rappi,56.93,0.82,15.39,1
10/05/2026,8,COL,Bogotá,65 CALLE 109,Brunch & Munch,rappi,35.91,15.57,0.01,1
10/05/2026,8,COL,Bogotá,01 USAQUEN,Brunch & Munch,rappi,32.43,0.27,5.79,1
10/05/2026,8,COL,Bogotá,65 CALLE 109,Brunch & Munch,rappi,,0,,1
10/05/2026,8,COL,Bogotá,65 CALLE 109,Brunch & Munch,rappi,43.76,30.37,0.29,1
10/05/2026,8,COL,Bogotá,02 PARQUE 93,Brunch & Munch,rappi,78.15,0.22,34.19,1
10/05/2026,8,COL,Bogotá,65 CALLE 109,Brunch & Munch,rappi,50.85,48.7,6.87,1
10/05/2026,8,COL,Bogotá,50 CHICO,Brunch & Munch,rappi,5.26,1.63,1.51,1
10/05/2026,8,COL,Bogotá,50 CHICO,Brunch & Munch,rappi,1.26,1.62,5.49,1
10/05/2026,8,COL,Bogotá,45 VERAGUAS,Brunch & Munch,rappi,21.77,27,22.91,1
10/05/2026,8,COL,Bogotá,01 USAQUEN,Brunch & Munch,rappi,80.87,0.43,0.05,1
10/05/2026,8,COL,Bogotá,65 CALLE 109,Brunch & Munch,rappi,51.95,5.23,0.08,1
10/05/2026,8,COL,Bogotá,03 CHAPINERO,Brunch & Munch,rappi,14.78,5.68,4.11,1
10/05/2026,8,COL,Bogotá,45 VERAGUAS,Brunch & Munch,rappi,21.97,15.32,8.01,1
10/05/2026,8,COL,Bogotá,08 ANDES,Brunch & Munch,rappi,14.15,1.3,15.92,1
10/05/2026,8,COL,Bogotá,08 ANDES,Brunch & Munch,rappi,5.13,5.02,17.13,1
10/05/2026,8,COL,Bogotá,02 PARQUE 93,Brunch & Munch,rappi,74.13,69.4,0.94,1
10/05/2026,8,COL,Bogotá,65 CALLE 109,Brunch & Munch,rappi,65.99,48.7,95.16,1
10/05/2026,8,COL,Bogotá,45 VERAGUAS,Brunch & Munch,rappi,35.8,31.33,4.88,1
10/05/2026,8,COL,Bogotá,08 ANDES,Brunch & Munch,rappi,14.96,1.7,20.37,1
10/05/2026,8,COL,Bogotá,01 USAQUEN,Brunch & Munch,rappi,73.39,17,1.6,1
10/05/2026,8,COL,Bogotá,03 CHAPINERO,Brunch & Munch,rappi,14,5.7,1.2,1
10/05/2026,8,COL,Bogotá,01 USAQUEN,Brunch & Munch,rappi,58.02,2.33,24.07,1
10/05/2026,8,COL,Bogotá,45 VERAGUAS,Brunch & Munch,rappi,28.84,31.32,9.8,1
10/05/2026,8,COL,Bogotá,45 VERAGUAS,Brunch & Munch,rappi,36.99,31.32,0.84,1
10/05/2026,8,COL,Bogotá,08 ANDES,Brunch & Munch,rappi,16.97,16.35,9.1,1
10/05/2026,8,COL,Bogotá,02 PARQUE 93,Brunch & Munch,rappi,,0,,1
10/05/2026,8,COL,Bogotá,13 CHIA,Brunch & Munch,rappi,46.5,41.25,2.76,1
10/05/2026,8,COL,Bogotá,50 CHICO,Brunch & Munch,rappi,1.91,2.13,6.92,1
10/05/2026,8,COL,Bogotá,50 CHICO,Brunch & Munch,rappi,1.88,2.08,6.93,1
10/05/2026,8,COL,Bogotá,06 COLINA,Brunch & Munch,rappi,,0,,1
10/05/2026,8,COL,Bogotá,06 COLINA,Brunch & Munch,rappi,,0,,1
10/05/2026,8,COL,Bogotá,65 CALLE 109,Brunch & Munch,rappi,90.97,17.42,83.98,1
10/05/2026,8,COL,Bogotá,45 VERAGUAS,Brunch & Munch,rappi,35.37,26.98,0.58,1
10/05/2026,8,COL,Bogotá,45 VERAGUAS,Brunch & Munch,rappi,21.19,17.62,1.65,1
10/05/2026,8,COL,Bogotá,01 USAQUEN,Brunch & Munch,rappi,49.83,45.53,4.24,1
10/05/2026,8,COL,Bogotá,01 USAQUEN,Brunch & Munch,rappi,51.69,45.53,1.38,1
10/05/2026,8,COL,Bogotá,36 VILLA DEL PRADO,Brunch & Munch,rappi,,0.3,16.72,1
10/05/2026,8,COL,Bogotá,01 USAQUEN,Brunch & Munch,rappi,48.02,0.45,9.83,1
10/05/2026,8,COL,Bogotá,13 CHIA,Brunch & Munch,rappi,42.84,11.17,0.35,1
10/05/2026,8,COL,Bogotá,06 COLINA,Brunch & Munch,rappi,94.98,49.68,0.48,1
10/05/2026,8,COL,Bogotá,13 CHIA,Brunch & Munch,rappi,41.72,26.53,1.02,1
10/05/2026,8,COL,Bogotá,13 CHIA,Brunch & Munch,rappi,44.26,33.68,0.08,1
10/05/2026,8,COL,Bogotá,06 COLINA,Brunch & Munch,rappi,98.63,76.72,0.95,1
10/05/2026,8,COL,Bogotá,45 VERAGUAS,Brunch & Munch,rappi,49.87,17.43,29.98,1
10/05/2026,9,COL,Bogotá,13 CHIA,Brunch & Munch,rappi,34.67,17.08,0.39,1
10/05/2026,9,COL,Bogotá,13 CHIA,Brunch & Munch,rappi,38.02,32.87,11.84,1
10/05/2026,9,COL,Bogotá,45 VERAGUAS,Brunch & Munch,rappi,25.99,25.82,29.64,1
10/05/2026,9,COL,Bogotá,65 CALLE 109,Brunch & Munch,rappi,99.83,35.03,9.91,1
10/05/2026,9,COL,Bogotá,65 CALLE 109,Brunch & Munch,rappi,85.19,47.3,,1
10/05/2026,9,COL,Bogotá,02 PARQUE 93,Brunch & Munch,rappi,62.26,45.88,0.81,1
10/05/2026,9,COL,Bogotá,13 CHIA,Brunch & Munch,rappi,47,27.17,0.78,1
10/05/2026,9,COL,Bogotá,13 CHIA,Brunch & Munch,rappi,52.81,6.72,0.48,1
10/05/2026,9,COL,Bogotá,45 VERAGUAS,Brunch & Munch,rappi,32.69,17.43,37.02,1
10/05/2026,9,COL,Bogotá,06 COLINA,Brunch & Munch,rappi,65.92,55.43,1.02,1
10/05/2026,9,COL,Bogotá,08 ANDES,Brunch & Munch,rappi,17.2,0.32,6.87,1
10/05/2026,9,COL,Bogotá,45 VERAGUAS,Brunch & Munch,rappi,54.78,4.13,1.01,1
10/05/2026,9,COL,Bogotá,65 CALLE 109,Brunch & Munch,rappi,102.58,40.23,0.01,1
10/05/2026,9,COL,Bogotá,08 ANDES,Brunch & Munch,rappi,8.46,0.32,9.64,1
10/05/2026,9,COL,Bogotá,08 ANDES,Brunch & Munch,rappi,,12.45,13.04,1
10/05/2026,9,COL,Bogotá,45 VERAGUAS,Brunch & Munch,rappi,40.92,25.83,20.96,1
10/05/2026,9,COL,Bogotá,01 USAQUEN,Brunch & Munch,rappi,20.98,22.37,7.36,1
10/05/2026,9,COL,Bogotá,13 CHIA,Brunch & Munch,rappi,52.72,42.28,2.15,1
10/05/2026,9,COL,Bogotá,65 CALLE 109,Brunch & Munch,rappi,99.13,62.05,77.82,1
10/05/2026,9,COL,Bogotá,06 COLINA,Brunch & Munch,rappi,45.02,14.48,3.17,1
10/05/2026,9,COL,Bogotá,45 VERAGUAS,Brunch & Munch,rappi,41.83,30.42,0.2,1
10/05/2026,9,COL,Bogotá,08 ANDES,Brunch & Munch,rappi,10.3,2.22,9.93,1
10/05/2026,9,COL,Bogotá,03 CHAPINERO,Brunch & Munch,rappi,13.22,0.4,21.84,1
10/05/2026,9,COL,Bogotá,50 CHICO,Brunch & Munch,rappi,4.61,0.2,3.27,1
10/05/2026,9,COL,Bogotá,13 CHIA,Brunch & Munch,rappi,45.29,10.32,0.59,1
10/05/2026,9,COL,Bogotá,45 VERAGUAS,Brunch & Munch,rappi,44.79,17.4,3.91,1
10/05/2026,9,COL,Bogotá,13 CHIA,Brunch & Munch,rappi,30.79,12.78,2.83,1
10/05/2026,9,COL,Bogotá,65 CALLE 109,Brunch & Munch,rappi,66.07,37.28,97.49,1
10/05/2026,9,COL,Bogotá,45 VERAGUAS,Brunch & Munch,rappi,50.05,26.35,2.68,1
10/05/2026,9,COL,Bogotá,65 CALLE 109,Brunch & Munch,rappi,107,2.75,55.72,1
10/05/2026,9,COL,Bogotá,13 CHIA,Brunch & Munch,rappi,30.86,12.77,1.76,1
10/05/2026,9,COL,Bogotá,03 CHAPINERO,Brunch & Munch,rappi,11.17,1.35,4.17,1
10/05/2026,9,COL,Bogotá,13 CHIA,Brunch & Munch,rappi,41.45,21.53,0.87,1
10/05/2026,9,COL,Bogotá,03 CHAPINERO,Brunch & Munch,rappi,13.19,0.4,6.87,1
10/05/2026,9,COL,Bogotá,65 CALLE 109,Brunch & Munch,rappi,85.44,35.03,75.68,1
10/05/2026,9,COL,Bogotá,06 COLINA,Brunch & Munch,rappi,59.3,47.13,6,1
10/05/2026,9,COL,Bogotá,06 COLINA,Brunch & Munch,rappi,77.66,33.15,1.57,1
10/05/2026,9,COL,Bogotá,13 CHIA,Brunch & Munch,rappi,23.76,12.78,0.87,1
10/05/2026,9,COL,Bogotá,06 COLINA,Brunch & Munch,rappi,70.83,15.73,1,1
10/05/2026,9,COL,Bogotá,08 ANDES,Brunch & Munch,rappi,13.34,6,0.97,1
10/05/2026,9,COL,Bogotá,45 VERAGUAS,Brunch & Munch,rappi,48.47,39.1,2.52,1
10/05/2026,9,COL,Bogotá,06 COLINA,Brunch & Munch,rappi,57.46,47.15,0.84,1
10/05/2026,9,COL,Bogotá,13 CHIA,Brunch & Munch,rappi,41.08,29.23,0.51,1
10/05/2026,9,COL,Bogotá,65 CALLE 109,Brunch & Munch,rappi,86.05,42.67,58.93,1
10/05/2026,9,COL,Bogotá,65 CALLE 109,Brunch & Munch,rappi,83.25,32.28,1.6,1
10/05/2026,9,COL,Bogotá,13 CHIA,Brunch & Munch,rappi,40.87,0.23,5.9,1
10/05/2026,10,COL,Bogotá,45 VERAGUAS,Brunch & Munch,rappi,41.03,1.13,2.33,1
10/05/2026,10,COL,Bogotá,13 CHIA,Brunch & Munch,rappi,7.03,2.28,0.12,1
10/05/2026,10,COL,Bogotá,08 ANDES,Brunch & Munch,rappi,6.85,0.32,1.38,1
10/05/2026,10,COL,Bogotá,01 USAQUEN,Brunch & Munch,rappi,4.74,0.73,23.09,1
10/05/2026,10,COL,Bogotá,45 VERAGUAS,Brunch & Munch,rappi,26.73,15.23,0.26,1
10/05/2026,10,COL,Bogotá,08 ANDES,Brunch & Munch,rappi,3.54,0.15,9.5,1
10/05/2026,10,COL,Bogotá,03 CHAPINERO,Brunch & Munch,rappi,14.25,0.68,3,1
10/05/2026,10,COL,Bogotá,08 ANDES,Brunch & Munch,rappi,8.72,0.27,15.27,1
10/05/2026,10,COL,Bogotá,69 ARRECIFE,Brunch & Munch,rappi,6.67,0.9,7.5,1
10/05/2026,10,COL,Bogotá,50 CHICO,Brunch & Munch,rappi,15.79,16.57,5.92,1
10/05/2026,10,COL,Bogotá,01 USAQUEN,Brunch & Munch,rappi,39.98,18.97,0.21,1
10/05/2026,10,COL,Bogotá,13 CHIA,Brunch & Munch,rappi,18.13,0.35,25.78,1
10/05/2026,10,COL,Bogotá,50 CHICO,Brunch & Munch,rappi,10.76,8.48,2.52,1
10/05/2026,10,COL,Bogotá,15 ENGATIVA,Brunch & Munch,rappi,,1.95,0.44,1
10/05/2026,10,COL,Bogotá,01 USAQUEN,Brunch & Munch,rappi,32.39,23.77,0.99,1
10/05/2026,11,COL,Bogotá,15 ENGATIVA,Brunch & Munch,rappi,6.31,3.47,24.94,1
10/05/2026,11,COL,Bogotá,15 ENGATIVA,Brunch & Munch,rappi,4,0.42,13.88,1
10/05/2026,11,COL,Bogotá,01 USAQUEN,Brunch & Munch,rappi,6.88,0.8,1.39,1
10/05/2026,11,COL,Bogotá,01 USAQUEN,Brunch & Munch,rappi,16.95,1.48,6,1
10/05/2026,11,COL,Bogotá,08 ANDES,Brunch & Munch,rappi,7.37,0.3,14.68,1
10/05/2026,11,COL,Bogotá,13 CHIA,Brunch & Munch,rappi,29.15,5.45,3.08,1
10/05/2026,11,COL,Bogotá,03 CHAPINERO,Brunch & Munch,rappi,6.04,0.72,5.89,1
10/05/2026,11,COL,Bogotá,06 COLINA,Brunch & Munch,rappi,15.99,12.92,1.94,1
10/05/2026,11,COL,Bogotá,01 USAQUEN,Brunch & Munch,rappi,7.9,1.65,70.86,1
10/05/2026,11,COL,Bogotá,01 USAQUEN,Brunch & Munch,rappi,22.3,5.75,1,1
10/05/2026,11,COL,Bogotá,36 VILLA DEL PRADO,Brunch & Munch,rappi,8.82,0,,1
10/05/2026,11,COL,Bogotá,36 VILLA DEL PRADO,Brunch & Munch,rappi,13.55,0.58,7.99,1
10/05/2026,11,COL,Bogotá,45 VERAGUAS,Brunch & Munch,rappi,16.38,0.62,17.93,1
10/05/2026,11,COL,Bogotá,01 USAQUEN,Brunch & Munch,rappi,10.06,0.6,6.01,1
10/05/2026,12,COL,Bogotá,13 CHIA,Brunch & Munch,rappi,28.28,0.37,29.2,1
10/05/2026,12,COL,Bogotá,50 CHICO,Brunch & Munch,rappi,5.2,4.1,3.84,1
10/05/2026,13,COL,Bogotá,03 CHAPINERO,Brunch & Munch,rappi,21.09,8.48,3.03,1
10/05/2026,13,COL,Bogotá,08 ANDES,Brunch & Munch,rappi,3.53,0,0.12,1
10/05/2026,14,COL,Bogotá,01 USAQUEN,Brunch & Munch,rappi,11.07,7.68,2.1,1
10/05/2026,16,COL,Bogotá,36 VILLA DEL PRADO,Brunch & Munch,rappi,27.72,0.27,2.05,1
10/05/2026,16,COL,Bogotá,02 PARQUE 93,Brunch & Munch,rappi,11.79,6.72,0.21,1
10/05/2026,17,COL,Bogotá,45 VERAGUAS,Brunch & Munch,rappi,,0.22,11.05,1
10/05/2026,18,COL,Bogotá,06 COLINA,Brunch & Munch,rappi,13.54,0.48,34.9,1
10/05/2026,19,COL,Bogotá,02 PARQUE 93,Brunch & Munch,rappi,30.03,0.2,1.98,1
10/05/2026,19,COL,Bogotá,45 VERAGUAS,Brunch & Munch,rappi,25.05,5.43,2,1
10/05/2026,19,COL,Bogotá,06 COLINA,Brunch & Munch,rappi,15.36,0.4,4.54,1
10/05/2026,20,COL,Bogotá,03 CHAPINERO,Brunch & Munch,rappi,10.28,0.2,6.07,1
10/05/2026,20,COL,Bogotá,15 ENGATIVA,Brunch & Munch,rappi,9.77,0.92,11.42,1
10/05/2026,6,COL,Bogotá,03 CHAPINERO,BRUNCH & MUNCH TURBO,rappi,5.05,0.52,0.24,1
10/05/2026,6,COL,Bogotá,36 VILLA DEL PRADO,BRUNCH & MUNCH TURBO,rappi,4.82,1.22,1.28,1
10/05/2026,6,COL,Bogotá,03 CHAPINERO,BRUNCH & MUNCH TURBO,rappi,5.19,1.15,0.9,1
10/05/2026,6,COL,Bogotá,03 CHAPINERO,BRUNCH & MUNCH TURBO,rappi,6.45,2.43,1.19,1
10/05/2026,6,COL,Bogotá,36 VILLA DEL PRADO,BRUNCH & MUNCH TURBO,rappi,7.11,0.37,4.74,1
10/05/2026,6,COL,Bogotá,65 CALLE 109,BRUNCH & MUNCH TURBO,rappi,2.64,0,1.37,1
10/05/2026,6,COL,Bogotá,36 VILLA DEL PRADO,BRUNCH & MUNCH TURBO,rappi,5.97,1.07,34.46,1
10/05/2026,6,COL,Bogotá,36 VILLA DEL PRADO,BRUNCH & MUNCH TURBO,rappi,10.9,2.25,12.98,1
10/05/2026,6,COL,Bogotá,36 VILLA DEL PRADO,BRUNCH & MUNCH TURBO,rappi,12.49,0,,1
10/05/2026,6,COL,Bogotá,01 USAQUEN,BRUNCH & MUNCH TURBO,rappi,2.6,1.25,17.02,1
10/05/2026,6,COL,Bogotá,36 VILLA DEL PRADO,BRUNCH & MUNCH TURBO,rappi,18.89,8.27,14.09,1
10/05/2026,6,COL,Bogotá,36 VILLA DEL PRADO,BRUNCH & MUNCH TURBO,rappi,33.86,27.3,14.8,1
10/05/2026,6,COL,Bogotá,01 USAQUEN,BRUNCH & MUNCH TURBO,rappi,6.78,1.43,16.24,1
10/05/2026,6,COL,Bogotá,36 VILLA DEL PRADO,BRUNCH & MUNCH TURBO,rappi,44.93,25.63,2.49,1
10/05/2026,6,COL,Bogotá,36 VILLA DEL PRADO,BRUNCH & MUNCH TURBO,rappi,38.22,19.68,0.96,1
10/05/2026,6,COL,Bogotá,36 VILLA DEL PRADO,BRUNCH & MUNCH TURBO,rappi,34.98,8.12,0.94,1
10/05/2026,6,COL,Bogotá,01 USAQUEN,BRUNCH & MUNCH TURBO,rappi,6.03,0.78,11.81,1
10/05/2026,6,COL,Bogotá,36 VILLA DEL PRADO,BRUNCH & MUNCH TURBO,rappi,29.17,26.02,13.75,1
10/05/2026,6,COL,Bogotá,65 CALLE 109,BRUNCH & MUNCH TURBO,rappi,6.08,1.67,0.32,1
10/05/2026,6,COL,Bogotá,65 CALLE 109,BRUNCH & MUNCH TURBO,rappi,2.99,0,1.01,1
10/05/2026,6,COL,Bogotá,08 ANDES,BRUNCH & MUNCH TURBO,rappi,7.77,0.3,12.04,1
10/05/2026,6,COL,Bogotá,08 ANDES,BRUNCH & MUNCH TURBO,rappi,4.08,0.12,26.31,1
10/05/2026,6,COL,Bogotá,36 VILLA DEL PRADO,BRUNCH & MUNCH TURBO,rappi,33.89,10.07,1.05,1
10/05/2026,6,COL,Bogotá,36 VILLA DEL PRADO,BRUNCH & MUNCH TURBO,rappi,41.48,0,,1
10/05/2026,7,COL,Bogotá,36 VILLA DEL PRADO,BRUNCH & MUNCH TURBO,rappi,41.23,4.43,1.91,1
10/05/2026,7,COL,Bogotá,36 VILLA DEL PRADO,BRUNCH & MUNCH TURBO,rappi,40,21.17,11.41,1
10/05/2026,7,COL,Bogotá,01 USAQUEN,BRUNCH & MUNCH TURBO,rappi,6.2,0.37,16.68,1
10/05/2026,7,COL,Bogotá,01 USAQUEN,BRUNCH & MUNCH TURBO,rappi,3.72,0,1.18,1
10/05/2026,7,COL,Bogotá,38 KENNEDY,BRUNCH & MUNCH TURBO,rappi,2.32,0.42,5.68,1
10/05/2026,7,COL,Bogotá,01 USAQUEN,BRUNCH & MUNCH TURBO,rappi,7.95,0.33,2.24,1
10/05/2026,7,COL,Bogotá,01 USAQUEN,BRUNCH & MUNCH TURBO,rappi,6.88,0.25,2.25,1
10/05/2026,7,COL,Bogotá,65 CALLE 109,BRUNCH & MUNCH TURBO,rappi,3.03,0,0.73,1
10/05/2026,7,COL,Bogotá,50 CHICO,BRUNCH & MUNCH TURBO,rappi,4.86,1.07,1.57,1
10/05/2026,7,COL,Bogotá,65 CALLE 109,BRUNCH & MUNCH TURBO,rappi,3.91,0,0.87,1
10/05/2026,7,COL,Bogotá,01 USAQUEN,BRUNCH & MUNCH TURBO,rappi,3.84,0.33,8.45,1
10/05/2026,7,COL,Bogotá,65 CALLE 109,BRUNCH & MUNCH TURBO,rappi,5.18,0.48,2.96,1
10/05/2026,7,COL,Bogotá,01 USAQUEN,BRUNCH & MUNCH TURBO,rappi,6.97,0.47,2.11,1
10/05/2026,7,COL,Bogotá,65 CALLE 109,BRUNCH & MUNCH TURBO,rappi,6.17,0.52,2.72,1
10/05/2026,7,COL,Bogotá,36 VILLA DEL PRADO,BRUNCH & MUNCH TURBO,rappi,21.96,9.1,3.58,1
10/05/2026,7,COL,Bogotá,08 ANDES,BRUNCH & MUNCH TURBO,rappi,3.17,0.18,25.85,1
10/05/2026,7,COL,Bogotá,03 CHAPINERO,BRUNCH & MUNCH TURBO,rappi,7.96,5.62,2.79,1
10/05/2026,7,COL,Bogotá,01 USAQUEN,BRUNCH & MUNCH TURBO,rappi,6.93,0.78,3.05,1
10/05/2026,7,COL,Bogotá,03 CHAPINERO,BRUNCH & MUNCH TURBO,rappi,5.8,1.88,1.11,1
10/05/2026,7,COL,Bogotá,50 CHICO,BRUNCH & MUNCH TURBO,rappi,5.1,2.08,1.93,1
10/05/2026,7,COL,Bogotá,36 VILLA DEL PRADO,BRUNCH & MUNCH TURBO,rappi,35,21.4,1.54,1
10/05/2026,7,COL,Bogotá,08 ANDES,BRUNCH & MUNCH TURBO,rappi,6.02,0.28,11.85,1
10/05/2026,7,COL,Bogotá,65 CALLE 109,BRUNCH & MUNCH TURBO,rappi,7,2.98,0.97,1
10/05/2026,7,COL,Bogotá,03 CHAPINERO,BRUNCH & MUNCH TURBO,rappi,5.93,0.5,0.71,1
10/05/2026,7,COL,Bogotá,03 CHAPINERO,BRUNCH & MUNCH TURBO,rappi,7.71,4.22,1.8,1
10/05/2026,7,COL,Bogotá,03 CHAPINERO,BRUNCH & MUNCH TURBO,rappi,6.45,2.67,0.93,1
10/05/2026,7,COL,Bogotá,01 USAQUEN,BRUNCH & MUNCH TURBO,rappi,3.8,0.25,3.4,1
10/05/2026,7,COL,Bogotá,38 KENNEDY,BRUNCH & MUNCH TURBO,rappi,,0,,1
10/05/2026,7,COL,Bogotá,38 KENNEDY,BRUNCH & MUNCH TURBO,rappi,8.05,3.75,0.78,1
10/05/2026,7,COL,Bogotá,50 CHICO,BRUNCH & MUNCH TURBO,rappi,5.75,3,2.25,1
10/05/2026,7,COL,Bogotá,50 CHICO,BRUNCH & MUNCH TURBO,rappi,12.02,11.22,4.09,1
10/05/2026,7,COL,Bogotá,65 CALLE 109,BRUNCH & MUNCH TURBO,rappi,8.11,12.78,9.75,1
10/05/2026,7,COL,Bogotá,65 CALLE 109,BRUNCH & MUNCH TURBO,rappi,12.22,12.58,5.51,1
10/05/2026,7,COL,Bogotá,03 CHAPINERO,BRUNCH & MUNCH TURBO,rappi,5.33,1.43,1.77,1
10/05/2026,7,COL,Bogotá,65 CALLE 109,BRUNCH & MUNCH TURBO,rappi,10.08,13.65,13.21,1
10/05/2026,7,COL,Bogotá,08 ANDES,BRUNCH & MUNCH TURBO,rappi,2.01,0.78,35.21,1
10/05/2026,7,COL,Bogotá,50 CHICO,BRUNCH & MUNCH TURBO,rappi,10.13,5.95,0.8,1
10/05/2026,7,COL,Bogotá,65 CALLE 109,BRUNCH & MUNCH TURBO,rappi,20.14,13.65,2.13,1
10/05/2026,7,COL,Bogotá,65 CALLE 109,BRUNCH & MUNCH TURBO,rappi,33.94,24.3,0,1
10/05/2026,7,COL,Bogotá,65 CALLE 109,BRUNCH & MUNCH TURBO,rappi,19.79,9.48,16.25,1
10/05/2026,7,COL,Bogotá,65 CALLE 109,BRUNCH & MUNCH TURBO,rappi,32.33,10.52,2.85,1
10/05/2026,7,COL,Bogotá,03 CHAPINERO,BRUNCH & MUNCH TURBO,rappi,3.1,0,0.13,1
10/05/2026,7,COL,Bogotá,03 CHAPINERO,BRUNCH & MUNCH TURBO,rappi,7.71,4.92,2.18,1
10/05/2026,7,COL,Bogotá,65 CALLE 109,BRUNCH & MUNCH TURBO,rappi,20.31,12.82,0.04,1
10/05/2026,7,COL,Bogotá,36 VILLA DEL PRADO,BRUNCH & MUNCH TURBO,rappi,102.3,63.47,0.81,1
10/05/2026,7,COL,Bogotá,03 CHAPINERO,BRUNCH & MUNCH TURBO,rappi,3.9,0,0.91,1
10/05/2026,7,COL,Bogotá,08 ANDES,BRUNCH & MUNCH TURBO,rappi,6.46,0.93,11.31,1
10/05/2026,7,COL,Bogotá,38 KENNEDY,BRUNCH & MUNCH TURBO,rappi,7.98,3.53,0.34,1
10/05/2026,7,COL,Bogotá,01 USAQUEN,BRUNCH & MUNCH TURBO,rappi,5.38,1.7,1.43,1
10/05/2026,7,COL,Bogotá,08 ANDES,BRUNCH & MUNCH TURBO,rappi,2.66,0,1.12,1
10/05/2026,7,COL,Bogotá,50 CHICO,BRUNCH & MUNCH TURBO,rappi,2.26,0,2.71,1
10/05/2026,7,COL,Bogotá,38 KENNEDY,BRUNCH & MUNCH TURBO,rappi,4.87,2.6,4.24,1
10/05/2026,7,COL,Bogotá,38 KENNEDY,BRUNCH & MUNCH TURBO,rappi,4.02,1.1,3.23,1
10/05/2026,7,COL,Bogotá,08 ANDES,BRUNCH & MUNCH TURBO,rappi,10.26,5.52,1.56,1
10/05/2026,7,COL,Bogotá,36 VILLA DEL PRADO,BRUNCH & MUNCH TURBO,rappi,,0,,1
10/05/2026,7,COL,Bogotá,36 VILLA DEL PRADO,BRUNCH & MUNCH TURBO,rappi,,0,,1
10/05/2026,8,COL,Bogotá,50 CHICO,BRUNCH & MUNCH TURBO,rappi,1.4,0.85,4.04,1
10/05/2026,8,COL,Bogotá,01 USAQUEN,BRUNCH & MUNCH TURBO,rappi,10.97,2.7,1.22,1
10/05/2026,8,COL,Bogotá,38 KENNEDY,BRUNCH & MUNCH TURBO,rappi,108.69,103.93,1.96,1
10/05/2026,8,COL,Bogotá,01 USAQUEN,BRUNCH & MUNCH TURBO,rappi,12.26,7.53,1.9,1
10/05/2026,8,COL,Bogotá,38 KENNEDY,BRUNCH & MUNCH TURBO,rappi,,0,,1
10/05/2026,8,COL,Bogotá,01 USAQUEN,BRUNCH & MUNCH TURBO,rappi,7.42,1.78,5.96,1
10/05/2026,8,COL,Bogotá,65 CALLE 109,BRUNCH & MUNCH TURBO,rappi,15.83,11.58,0.88,1
10/05/2026,8,COL,Bogotá,03 CHAPINERO,BRUNCH & MUNCH TURBO,rappi,3.76,0,0.91,1
10/05/2026,8,COL,Bogotá,65 CALLE 109,BRUNCH & MUNCH TURBO,rappi,18,4.82,8.79,1
10/05/2026,8,COL,Bogotá,01 USAQUEN,BRUNCH & MUNCH TURBO,rappi,5.36,0.87,1.8,1
10/05/2026,8,COL,Bogotá,03 CHAPINERO,BRUNCH & MUNCH TURBO,rappi,2.62,0,0.99,1
10/05/2026,8,COL,Bogotá,65 CALLE 109,BRUNCH & MUNCH TURBO,rappi,25.34,21.07,2.67,1
10/05/2026,8,COL,Bogotá,01 USAQUEN,BRUNCH & MUNCH TURBO,rappi,6.42,0.22,6.94,1
10/05/2026,8,COL,Bogotá,08 ANDES,BRUNCH & MUNCH TURBO,rappi,7.12,3.93,1.83,1
10/05/2026,8,COL,Bogotá,03 CHAPINERO,BRUNCH & MUNCH TURBO,rappi,6.79,3,1.2,1
10/05/2026,8,COL,Bogotá,01 USAQUEN,BRUNCH & MUNCH TURBO,rappi,8.52,2.95,1.23,1
10/05/2026,8,COL,Bogotá,38 KENNEDY,BRUNCH & MUNCH TURBO,rappi,,0,,1
10/05/2026,8,COL,Bogotá,03 CHAPINERO,BRUNCH & MUNCH TURBO,rappi,3.19,0.73,5.87,1
10/05/2026,8,COL,Bogotá,65 CALLE 109,BRUNCH & MUNCH TURBO,rappi,26.16,22.22,0.96,1
10/05/2026,8,COL,Bogotá,65 CALLE 109,BRUNCH & MUNCH TURBO,rappi,21.13,15.3,6.63,1
10/05/2026,8,COL,Bogotá,08 ANDES,BRUNCH & MUNCH TURBO,rappi,5.9,1.43,0.72,1
10/05/2026,8,COL,Bogotá,03 CHAPINERO,BRUNCH & MUNCH TURBO,rappi,4.86,0.48,0.8,1
10/05/2026,8,COL,Bogotá,03 CHAPINERO,BRUNCH & MUNCH TURBO,rappi,19.06,16.48,2.21,1
10/05/2026,8,COL,Bogotá,50 CHICO,BRUNCH & MUNCH TURBO,rappi,4.13,0.05,0.89,1
10/05/2026,8,COL,Bogotá,01 USAQUEN,BRUNCH & MUNCH TURBO,rappi,5.17,1.63,1.16,1
10/05/2026,8,COL,Bogotá,65 CALLE 109,BRUNCH & MUNCH TURBO,rappi,13.74,2.5,0,1
10/05/2026,8,COL,Bogotá,01 USAQUEN,BRUNCH & MUNCH TURBO,rappi,7.93,4.05,1.09,1
10/05/2026,8,COL,Bogotá,03 CHAPINERO,BRUNCH & MUNCH TURBO,rappi,15.97,11.88,0.93,1
10/05/2026,8,COL,Bogotá,03 CHAPINERO,BRUNCH & MUNCH TURBO,rappi,11.43,6.75,0.41,1
10/05/2026,8,COL,Bogotá,08 ANDES,BRUNCH & MUNCH TURBO,rappi,4.04,0.1,5.84,1
10/05/2026,8,COL,Bogotá,50 CHICO,BRUNCH & MUNCH TURBO,rappi,2.75,1.03,3.26,1
10/05/2026,8,COL,Bogotá,01 USAQUEN,BRUNCH & MUNCH TURBO,rappi,7.07,1.08,7.98,1
10/05/2026,8,COL,Bogotá,03 CHAPINERO,BRUNCH & MUNCH TURBO,rappi,22.95,18.35,0.24,1
10/05/2026,8,COL,Bogotá,08 ANDES,BRUNCH & MUNCH TURBO,rappi,4.99,2.53,2.7,1
10/05/2026,8,COL,Bogotá,03 CHAPINERO,BRUNCH & MUNCH TURBO,rappi,16.87,12.23,0.26,1
10/05/2026,8,COL,Bogotá,03 CHAPINERO,BRUNCH & MUNCH TURBO,rappi,7.74,3.23,0.38,1
10/05/2026,8,COL,Bogotá,03 CHAPINERO,BRUNCH & MUNCH TURBO,rappi,12.94,8.62,0.8,1
10/05/2026,8,COL,Bogotá,03 CHAPINERO,BRUNCH & MUNCH TURBO,rappi,5.81,1.35,0.38,1
10/05/2026,8,COL,Bogotá,50 CHICO,BRUNCH & MUNCH TURBO,rappi,4.7,3.63,4.07,1
10/05/2026,9,COL,Bogotá,50 CHICO,BRUNCH & MUNCH TURBO,rappi,4.15,2.23,2.97,1
10/05/2026,9,COL,Bogotá,50 CHICO,BRUNCH & MUNCH TURBO,rappi,1.96,0.25,3.18,1
10/05/2026,9,COL,Bogotá,08 ANDES,BRUNCH & MUNCH TURBO,rappi,7.38,5.98,3.16,1
10/05/2026,9,COL,Bogotá,03 CHAPINERO,BRUNCH & MUNCH TURBO,rappi,13.91,12,3.08,1
10/05/2026,9,COL,Bogotá,03 CHAPINERO,BRUNCH & MUNCH TURBO,rappi,8.49,0.48,8.43,1
10/05/2026,9,COL,Bogotá,01 USAQUEN,BRUNCH & MUNCH TURBO,rappi,6.76,1.4,0.33,1
10/05/2026,9,COL,Bogotá,03 CHAPINERO,BRUNCH & MUNCH TURBO,rappi,8.98,6.07,2.05,1
10/05/2026,9,COL,Bogotá,03 CHAPINERO,BRUNCH & MUNCH TURBO,rappi,14,3.3,1.12,1
10/05/2026,9,COL,Bogotá,65 CALLE 109,BRUNCH & MUNCH TURBO,rappi,10.89,3.18,6.68,1
10/05/2026,9,COL,Bogotá,03 CHAPINERO,BRUNCH & MUNCH TURBO,rappi,9.91,5.3,0.25,1
10/05/2026,9,COL,Bogotá,03 CHAPINERO,BRUNCH & MUNCH TURBO,rappi,12.33,8.23,0.79,1
10/05/2026,9,COL,Bogotá,03 CHAPINERO,BRUNCH & MUNCH TURBO,rappi,10.03,5.48,0.67,1
10/05/2026,9,COL,Bogotá,65 CALLE 109,BRUNCH & MUNCH TURBO,rappi,23.81,18.5,36.14,1
10/05/2026,9,COL,Bogotá,08 ANDES,BRUNCH & MUNCH TURBO,rappi,4.04,0,0.25,1
10/05/2026,9,COL,Bogotá,65 CALLE 109,BRUNCH & MUNCH TURBO,rappi,18.91,8.88,140.83,1
10/05/2026,9,COL,Bogotá,65 CALLE 109,BRUNCH & MUNCH TURBO,rappi,16.44,34.12,22.61,1
10/05/2026,9,COL,Bogotá,08 ANDES,BRUNCH & MUNCH TURBO,rappi,4.03,0.05,0.96,1
10/05/2026,9,COL,Bogotá,03 CHAPINERO,BRUNCH & MUNCH TURBO,rappi,8.63,5.93,2.31,1
10/05/2026,9,COL,Bogotá,65 CALLE 109,BRUNCH & MUNCH TURBO,rappi,17.91,15.38,2.3,1
10/05/2026,9,COL,Bogotá,03 CHAPINERO,BRUNCH & MUNCH TURBO,rappi,2.13,0,1.91,1
10/05/2026,9,COL,Bogotá,03 CHAPINERO,BRUNCH & MUNCH TURBO,rappi,10.43,7.37,1.75,1
10/05/2026,9,COL,Bogotá,50 CHICO,BRUNCH & MUNCH TURBO,rappi,2.86,0.82,2.99,1
10/05/2026,9,COL,Bogotá,03 CHAPINERO,BRUNCH & MUNCH TURBO,rappi,10.04,7.35,2.16,1
10/05/2026,10,COL,Bogotá,08 ANDES,BRUNCH & MUNCH TURBO,rappi,1.92,0,0.74,1
10/05/2026,10,COL,Bogotá,03 CHAPINERO,BRUNCH & MUNCH TURBO,rappi,9.09,4.62,0.25,1
10/05/2026,10,COL,Bogotá,08 ANDES,BRUNCH & MUNCH TURBO,rappi,8.71,3.83,0.18,1
10/05/2026,10,COL,Bogotá,03 CHAPINERO,BRUNCH & MUNCH TURBO,rappi,4.84,0.63,1.72,1
10/05/2026,10,COL,Bogotá,03 CHAPINERO,BRUNCH & MUNCH TURBO,rappi,6.22,2.8,1.64,1
10/05/2026,10,COL,Bogotá,50 CHICO,BRUNCH & MUNCH TURBO,rappi,3.61,2.42,4.02,1
10/05/2026,10,COL,Bogotá,03 CHAPINERO,BRUNCH & MUNCH TURBO,rappi,7.87,11.55,8.45,1
10/05/2026,10,COL,Bogotá,08 ANDES,BRUNCH & MUNCH TURBO,rappi,4.08,3.53,4.23,1
10/05/2026,10,COL,Bogotá,03 CHAPINERO,BRUNCH & MUNCH TURBO,rappi,9.72,4.92,0.2,1
10/05/2026,10,COL,Bogotá,01 USAQUEN,BRUNCH & MUNCH TURBO,rappi,3.38,0.43,7.08,1
10/05/2026,10,COL,Bogotá,03 CHAPINERO,BRUNCH & MUNCH TURBO,rappi,12.2,5.45,0.26,1
10/05/2026,10,COL,Bogotá,03 CHAPINERO,BRUNCH & MUNCH TURBO,rappi,13.92,8.62,1.18,1
10/05/2026,10,COL,Bogotá,03 CHAPINERO,BRUNCH & MUNCH TURBO,rappi,9.53,6.02,1.47,1
10/05/2026,10,COL,Bogotá,50 CHICO,BRUNCH & MUNCH TURBO,rappi,2.03,0.02,2.95,1
10/05/2026,10,COL,Bogotá,36 VILLA DEL PRADO,BRUNCH & MUNCH TURBO,rappi,,0,3.37,1
10/05/2026,10,COL,Bogotá,03 CHAPINERO,BRUNCH & MUNCH TURBO,rappi,10.11,6.08,0.92,1
10/05/2026,10,COL,Bogotá,03 CHAPINERO,BRUNCH & MUNCH TURBO,rappi,9.03,5.95,1.92,1
10/05/2026,10,COL,Bogotá,08 ANDES,BRUNCH & MUNCH TURBO,rappi,7.16,2.47,0.1,1
10/05/2026,10,COL,Bogotá,03 CHAPINERO,BRUNCH & MUNCH TURBO,rappi,4.15,0.2,0.96,1
10/05/2026,10,COL,Bogotá,50 CHICO,BRUNCH & MUNCH TURBO,rappi,11.91,7.07,0.12,1
10/05/2026,10,COL,Bogotá,69 ARRECIFE,BRUNCH & MUNCH TURBO,rappi,5.64,0.17,6.16,1
10/05/2026,10,COL,Bogotá,01 USAQUEN,BRUNCH & MUNCH TURBO,rappi,6.29,2.25,0.85,1
10/05/2026,10,COL,Bogotá,03 CHAPINERO,BRUNCH & MUNCH TURBO,rappi,7.83,3.77,1.02,1
10/05/2026,10,COL,Bogotá,01 USAQUEN,BRUNCH & MUNCH TURBO,rappi,11.35,7.22,0.77,1
10/05/2026,10,COL,Bogotá,50 CHICO,BRUNCH & MUNCH TURBO,rappi,4.33,0.75,10.74,1
10/05/2026,10,COL,Bogotá,03 CHAPINERO,BRUNCH & MUNCH TURBO,rappi,7.12,2.38,0.1,1
10/05/2026,10,COL,Bogotá,01 USAQUEN,BRUNCH & MUNCH TURBO,rappi,9.88,5.48,0.78,1
10/05/2026,10,COL,Bogotá,65 CALLE 109,BRUNCH & MUNCH TURBO,rappi,10.15,3.57,79.13,1
10/05/2026,10,COL,Bogotá,03 CHAPINERO,BRUNCH & MUNCH TURBO,rappi,2.23,0,0.63,1
10/05/2026,10,COL,Bogotá,01 USAQUEN,BRUNCH & MUNCH TURBO,rappi,7.12,2.72,0.3,1
10/05/2026,10,COL,Bogotá,08 ANDES,BRUNCH & MUNCH TURBO,rappi,5.86,0.57,3.25,1
10/05/2026,11,COL,Bogotá,03 CHAPINERO,BRUNCH & MUNCH TURBO,rappi,20.45,16.37,0.75,1
10/05/2026,11,COL,Bogotá,03 CHAPINERO,BRUNCH & MUNCH TURBO,rappi,6.28,1.92,0.65,1
10/05/2026,11,COL,Bogotá,03 CHAPINERO,BRUNCH & MUNCH TURBO,rappi,4.88,0.15,0.2,1
10/05/2026,11,COL,Bogotá,03 CHAPINERO,BRUNCH & MUNCH TURBO,rappi,18.1,14.45,1.55,1
10/05/2026,11,COL,Bogotá,08 ANDES,BRUNCH & MUNCH TURBO,rappi,3.88,0.47,1.78,1
10/05/2026,11,COL,Bogotá,03 CHAPINERO,BRUNCH & MUNCH TURBO,rappi,6.22,1.62,0.53,1
10/05/2026,11,COL,Bogotá,08 ANDES,BRUNCH & MUNCH TURBO,rappi,9.99,5.33,0.19,1
10/05/2026,11,COL,Bogotá,03 CHAPINERO,BRUNCH & MUNCH TURBO,rappi,18.19,13.82,0.82,1
10/05/2026,11,COL,Bogotá,03 CHAPINERO,BRUNCH & MUNCH TURBO,rappi,6.14,0.32,0.99,1
10/05/2026,11,COL,Bogotá,01 USAQUEN,BRUNCH & MUNCH TURBO,rappi,7.31,2.58,0.02,1
10/05/2026,12,COL,Bogotá,03 CHAPINERO,BRUNCH & MUNCH TURBO,rappi,10.21,5.58,0.91,1
10/05/2026,12,COL,Bogotá,01 USAQUEN,BRUNCH & MUNCH TURBO,rappi,3.96,0,0.1,1
10/05/2026,12,COL,Bogotá,08 ANDES,BRUNCH & MUNCH TURBO,rappi,,0,1.96,1
10/05/2026,13,COL,Bogotá,65 CALLE 109,BRUNCH & MUNCH TURBO,rappi,2.1,3.93,6.86,1
10/05/2026,13,COL,Bogotá,08 ANDES,BRUNCH & MUNCH TURBO,rappi,9.15,5.03,0.85,1
10/05/2026,14,COL,Bogotá,08 ANDES,BRUNCH & MUNCH TURBO,rappi,8.72,1.73,0.07,1
10/05/2026,14,COL,Bogotá,03 CHAPINERO,BRUNCH & MUNCH TURBO,rappi,8.91,4.1,0.14,1
10/05/2026,14,COL,Bogotá,65 CALLE 109,BRUNCH & MUNCH TURBO,rappi,1.81,9.85,13.08,1
10/05/2026,15,COL,Bogotá,36 VILLA DEL PRADO,BRUNCH & MUNCH TURBO,rappi,4.31,0.58,1.03,1
10/05/2026,16,COL,Bogotá,03 CHAPINERO,BRUNCH & MUNCH TURBO,rappi,6.03,1.93,0.89,1
10/05/2026,18,COL,Bogotá,38 KENNEDY,BRUNCH & MUNCH TURBO,rappi,12.83,8.4,0.38,1
10/05/2026,18,COL,Bogotá,38 KENNEDY,BRUNCH & MUNCH TURBO,rappi,,0.77,7.94,1
10/05/2026,19,COL,Bogotá,01 USAQUEN,BRUNCH & MUNCH TURBO,rappi,2.14,0.22,3.88,1
10/05/2026,19,COL,Bogotá,08 ANDES,BRUNCH & MUNCH TURBO,rappi,5.33,0.7,0.48,1
10/05/2026,20,COL,Bogotá,03 CHAPINERO,BRUNCH & MUNCH TURBO,rappi,4.24,0,0.54,1
10/05/2026,12,COL,Bogotá,65 CALLE 109,Burrito Cantina,rappi,26.66,4.63,0.87,1
10/05/2026,22,COL,Bogotá,03 CHAPINERO,Burrito Cantina,rappi,23.19,8.67,0.21,1
10/05/2026,17,COL,Bogotá,02 PARQUE 93,Burrito Cantina Turbo,rappi,4.58,0.05,0.44,1
10/05/2026,7,COL,Bogotá,15 ENGATIVA,Burritos & Co,rappi,37.88,34.17,10,1
10/05/2026,8,COL,Bogotá,03 CHAPINERO,Burritos & Co,rappi,5.14,0.17,2.91,1
10/05/2026,8,COL,Bogotá,01 USAQUEN,Burritos & Co,rappi,9.96,0.22,33.64,1
10/05/2026,9,COL,Bogotá,08 ANDES,Burritos & Co,rappi,13.8,0,7.71,1
10/05/2026,9,COL,Bogotá,08 ANDES,Burritos & Co,rappi,11.9,0.32,2.1,1
10/05/2026,10,COL,Bogotá,03 CHAPINERO,Burritos & Co,rappi,5.94,1.48,19.74,1
10/05/2026,11,COL,Bogotá,38 KENNEDY,Burritos & Co,rappi,13.81,0.38,7.94,1
10/05/2026,11,COL,Bogotá,13 CHIA,Burritos & Co,rappi,36.11,4.38,0.2,1
10/05/2026,12,COL,Bogotá,45 VERAGUAS,Burritos & Co,rappi,20.95,0.75,153.89,1
10/05/2026,12,COL,Bogotá,38 KENNEDY,Burritos & Co,rappi,15.82,2.72,0.42,1
10/05/2026,12,COL,Bogotá,36 VILLA DEL PRADO,Burritos & Co,rappi,13.18,3.4,10.85,1
10/05/2026,12,COL,Bogotá,01 USAQUEN,Burritos & Co,rappi,6.03,1.1,11.05,1
10/05/2026,12,COL,Bogotá,02 PARQUE 93,Burritos & Co,rappi,11.04,0.28,1.74,1
10/05/2026,12,COL,Bogotá,08 ANDES,Burritos & Co,rappi,5.22,0.72,30.9,1
10/05/2026,12,COL,Bogotá,06 COLINA,Burritos & Co,rappi,22.31,9.43,1.69,1
10/05/2026,12,COL,Bogotá,06 COLINA,Burritos & Co,rappi,11.23,0.78,0.91,1
10/05/2026,12,COL,Bogotá,13 CHIA,Burritos & Co,rappi,21.94,7.62,0.22,1
10/05/2026,12,COL,Bogotá,02 PARQUE 93,Burritos & Co,rappi,37.67,6.15,0.33,1
10/05/2026,12,COL,Bogotá,03 CHAPINERO,Burritos & Co,rappi,11.49,0,34.94,1
10/05/2026,12,COL,Bogotá,69 ARRECIFE,Burritos & Co,rappi,16.09,1.17,4.9,1
10/05/2026,13,COL,Bogotá,45 VERAGUAS,Burritos & Co,rappi,16.74,0.63,2.12,1
10/05/2026,13,COL,Bogotá,01 USAQUEN,Burritos & Co,rappi,16.29,3.83,0.62,1
10/05/2026,13,COL,Bogotá,13 CHIA,Burritos & Co,rappi,16.19,0.27,18.87,1
10/05/2026,13,COL,Bogotá,06 COLINA,Burritos & Co,rappi,15.06,1.12,14.62,1
10/05/2026,13,COL,Bogotá,03 CHAPINERO,Burritos & Co,rappi,8.04,0.53,25.81,1
10/05/2026,13,COL,Bogotá,36 VILLA DEL PRADO,Burritos & Co,rappi,8.65,1.9,9.96,1
10/05/2026,13,COL,Bogotá,06 COLINA,Burritos & Co,rappi,18.61,3.47,1.41,1
10/05/2026,13,COL,Bogotá,06 COLINA,Burritos & Co,rappi,19.15,3.47,0.34,1
10/05/2026,14,COL,Bogotá,13 CHIA,Burritos & Co,rappi,35.53,3.33,9.48,1
10/05/2026,14,COL,Bogotá,01 USAQUEN,Burritos & Co,rappi,9.85,0.13,3.03,1
10/05/2026,14,COL,Bogotá,38 KENNEDY,Burritos & Co,rappi,34.2,1.42,8.74,1
10/05/2026,14,COL,Bogotá,13 CHIA,Burritos & Co,rappi,33.76,12.12,0.22,1
10/05/2026,14,COL,Bogotá,13 CHIA,Burritos & Co,rappi,37.07,3.32,1.25,1
10/05/2026,14,COL,Bogotá,45 VERAGUAS,Burritos & Co,rappi,15.37,0.32,35.64,1
10/05/2026,14,COL,Bogotá,02 PARQUE 93,Burritos & Co,rappi,15.96,6.13,0.91,1
10/05/2026,15,COL,Bogotá,38 KENNEDY,Burritos & Co,rappi,27.01,0.22,10.91,1
10/05/2026,15,COL,Bogotá,03 CHAPINERO,Burritos & Co,rappi,7.15,3.72,1.32,1
10/05/2026,15,COL,Bogotá,02 PARQUE 93,Burritos & Co,rappi,13.13,7.42,0.84,1
10/05/2026,15,COL,Bogotá,06 COLINA,Burritos & Co,rappi,9,0.5,18.99,1
10/05/2026,15,COL,Bogotá,45 VERAGUAS,Burritos & Co,rappi,14.34,2.95,0.65,1
10/05/2026,16,COL,Bogotá,01 USAQUEN,Burritos & Co,rappi,15.08,0.37,19.49,1
10/05/2026,16,COL,Bogotá,45 VERAGUAS,Burritos & Co,rappi,9.42,0.13,27.9,1
10/05/2026,16,COL,Bogotá,03 CHAPINERO,Burritos & Co,rappi,4.59,0.43,10.05,1
10/05/2026,17,COL,Bogotá,03 CHAPINERO,Burritos & Co,rappi,4.39,0.32,6.86,1
10/05/2026,17,COL,Bogotá,08 ANDES,Burritos & Co,rappi,6.96,0.32,21.2,1
10/05/2026,17,COL,Bogotá,69 ARRECIFE,Burritos & Co,rappi,9.86,0.65,13.36,1
10/05/2026,17,COL,Bogotá,02 PARQUE 93,Burritos & Co,rappi,23.73,8.25,0.22,1
10/05/2026,18,COL,Bogotá,15 ENGATIVA,Burritos & Co,rappi,12.87,0.3,19.23,1
10/05/2026,18,COL,Bogotá,36 VILLA DEL PRADO,Burritos & Co,rappi,7.26,0.3,1.8,1
10/05/2026,18,COL,Bogotá,15 ENGATIVA,Burritos & Co,rappi,16.18,1.43,0.54,1
10/05/2026,19,COL,Bogotá,06 COLINA,Burritos & Co,rappi,21.04,8.7,0.94,1
10/05/2026,19,COL,Bogotá,03 CHAPINERO,Burritos & Co,rappi,3.91,0.22,15.9,1
10/05/2026,19,COL,Bogotá,38 KENNEDY,Burritos & Co,rappi,,0.2,11.89,1
10/05/2026,19,COL,Bogotá,08 ANDES,Burritos & Co,rappi,9.95,0.53,30.79,1
10/05/2026,19,COL,Bogotá,69 ARRECIFE,Burritos & Co,rappi,9.16,0.43,6.07,1
10/05/2026,20,COL,Bogotá,69 ARRECIFE,Burritos & Co,rappi,9.32,4.6,0.97,1
10/05/2026,20,COL,Bogotá,45 VERAGUAS,Burritos & Co,rappi,12.77,0.55,22.35,1
10/05/2026,20,COL,Bogotá,03 CHAPINERO,Burritos & Co,rappi,9.31,0.35,5.74,1
10/05/2026,21,COL,Bogotá,03 CHAPINERO,Burritos & Co,rappi,11.87,1,1.21,1
10/05/2026,21,COL,Bogotá,08 ANDES,Burritos & Co,rappi,10.05,0,,1
10/05/2026,21,COL,Bogotá,15 ENGATIVA,Burritos & Co,rappi,9.29,5.18,0.8,1
10/05/2026,21,COL,Bogotá,69 ARRECIFE,Burritos & Co,rappi,16.66,0.07,7.57,1
10/05/2026,21,COL,Bogotá,02 PARQUE 93,Burritos & Co,rappi,17.24,9.23,0.57,1
10/05/2026,21,COL,Bogotá,38 KENNEDY,Burritos & Co,rappi,10.09,2.6,0.81,1
10/05/2026,21,COL,Bogotá,01 USAQUEN,Burritos & Co,rappi,12.95,2.92,1.04,1
10/05/2026,22,COL,Bogotá,03 CHAPINERO,Burritos & Co,rappi,19.24,0.13,4.89,1
10/05/2026,22,COL,Bogotá,06 COLINA,Burritos & Co,rappi,16.22,0.27,27.54,1
10/05/2026,22,COL,Bogotá,01 USAQUEN,Burritos & Co,rappi,6.08,0.43,19.81,1
10/05/2026,22,COL,Bogotá,03 CHAPINERO,Burritos & Co,rappi,16.67,0,,1
10/05/2026,22,COL,Bogotá,02 PARQUE 93,Burritos & Co,rappi,27.06,16.22,0.3,1
10/05/2026,23,COL,Bogotá,03 CHAPINERO,Burritos & Co,rappi,8.84,0.73,1.13,1
10/05/2026,23,COL,Bogotá,03 CHAPINERO,Burritos & Co,rappi,8.01,0.35,8.09,1
10/05/2026,23,COL,Bogotá,02 PARQUE 93,Burritos & Co,rappi,12.09,5.98,0.21,1
10/05/2026,23,COL,Bogotá,01 USAQUEN,Burritos & Co,rappi,12.15,0.3,4.9,1
10/05/2026,23,COL,Bogotá,02 PARQUE 93,Burritos & Co,rappi,8.62,0.23,0.45,1
10/05/2026,11,COL,Bogotá,36 VILLA DEL PRADO,Burritos & Co Turbo,rappi,7.09,1.32,0.86,1
10/05/2026,11,COL,Bogotá,08 ANDES,Burritos & Co Turbo,rappi,3.02,0,0.79,1
10/05/2026,11,COL,Bogotá,01 USAQUEN,Burritos & Co Turbo,rappi,3,0,0.62,1
10/05/2026,12,COL,Bogotá,36 VILLA DEL PRADO,Burritos & Co Turbo,rappi,8.87,0.22,10.83,1
10/05/2026,12,COL,Bogotá,06 COLINA,Burritos & Co Turbo,rappi,3.31,1.33,2.88,1
10/05/2026,12,COL,Bogotá,08 ANDES,Burritos & Co Turbo,rappi,2.58,0,0.95,1
10/05/2026,12,COL,Bogotá,01 USAQUEN,Burritos & Co Turbo,rappi,2.52,0.63,4.52,1
10/05/2026,12,COL,Bogotá,36 VILLA DEL PRADO,Burritos & Co Turbo,rappi,3.78,0,0.94,1
10/05/2026,12,COL,Bogotá,02 PARQUE 93,Burritos & Co Turbo,rappi,9.13,0.43,7,1
10/05/2026,13,COL,Bogotá,38 KENNEDY,Burritos & Co Turbo,rappi,8.03,1.7,1.63,1
10/05/2026,13,COL,Bogotá,06 COLINA,Burritos & Co Turbo,rappi,5.89,3.62,6.36,1
10/05/2026,13,COL,Bogotá,36 VILLA DEL PRADO,Burritos & Co Turbo,rappi,2.31,0.3,14.73,1
10/05/2026,13,COL,Bogotá,08 ANDES,Burritos & Co Turbo,rappi,2.96,0,1.61,1
10/05/2026,13,COL,Bogotá,36 VILLA DEL PRADO,Burritos & Co Turbo,rappi,6.74,2.73,1.09,1
10/05/2026,13,COL,Bogotá,36 VILLA DEL PRADO,Burritos & Co Turbo,rappi,3.47,0.12,1.59,1
10/05/2026,13,COL,Bogotá,03 CHAPINERO,Burritos & Co Turbo,rappi,4.24,1.22,4.84,1
10/05/2026,13,COL,Bogotá,03 CHAPINERO,Burritos & Co Turbo,rappi,4.1,2.87,3.81,1
10/05/2026,14,COL,Bogotá,36 VILLA DEL PRADO,Burritos & Co Turbo,rappi,5.69,2.87,2.22,1
10/05/2026,14,COL,Bogotá,03 CHAPINERO,Burritos & Co Turbo,rappi,11.7,4.75,0,1
10/05/2026,14,COL,Bogotá,01 USAQUEN,Burritos & Co Turbo,rappi,5,0.87,0.9,1
10/05/2026,14,COL,Bogotá,38 KENNEDY,Burritos & Co Turbo,rappi,15.11,3.5,2.74,1
10/05/2026,14,COL,Bogotá,36 VILLA DEL PRADO,Burritos & Co Turbo,rappi,3.4,0.35,7.99,1
10/05/2026,14,COL,Bogotá,06 COLINA,Burritos & Co Turbo,rappi,8.12,7.82,9.19,1
10/05/2026,14,COL,Bogotá,01 USAQUEN,Burritos & Co Turbo,rappi,3.47,0,0.77,1
10/05/2026,14,COL,Bogotá,02 PARQUE 93,Burritos & Co Turbo,rappi,4.91,0.05,0.08,1
10/05/2026,14,COL,Bogotá,06 COLINA,Burritos & Co Turbo,rappi,15.39,10.83,1.04,1
10/05/2026,14,COL,Bogotá,03 CHAPINERO,Burritos & Co Turbo,rappi,5.52,0.9,0.4,1
10/05/2026,15,COL,Bogotá,38 KENNEDY,Burritos & Co Turbo,rappi,16.25,9.75,0.78,1
10/05/2026,15,COL,Bogotá,08 ANDES,Burritos & Co Turbo,rappi,5.03,0.45,0.22,1
10/05/2026,15,COL,Bogotá,02 PARQUE 93,Burritos & Co Turbo,rappi,9.92,5.28,0.23,1
10/05/2026,15,COL,Bogotá,06 COLINA,Burritos & Co Turbo,rappi,13.76,9.18,0.81,1
10/05/2026,15,COL,Bogotá,06 COLINA,Burritos & Co Turbo,rappi,12.3,4.45,0.79,1
10/05/2026,15,COL,Bogotá,06 COLINA,Burritos & Co Turbo,rappi,9.86,0.77,3.87,1
10/05/2026,15,COL,Bogotá,38 KENNEDY,Burritos & Co Turbo,rappi,9.73,5.1,6.13,1
10/05/2026,15,COL,Bogotá,38 KENNEDY,Burritos & Co Turbo,rappi,3.25,1.08,4.95,1
10/05/2026,15,COL,Bogotá,02 PARQUE 93,Burritos & Co Turbo,rappi,7.26,2.97,0.7,1
10/05/2026,16,COL,Bogotá,01 USAQUEN,Burritos & Co Turbo,rappi,4.78,0.63,0.99,1
10/05/2026,16,COL,Bogotá,38 KENNEDY,Burritos & Co Turbo,rappi,6.09,1.63,0.68,1
10/05/2026,16,COL,Bogotá,01 USAQUEN,Burritos & Co Turbo,rappi,5.87,1.25,0.28,1
10/05/2026,16,COL,Bogotá,06 COLINA,Burritos & Co Turbo,rappi,5.15,1.08,0.88,1
10/05/2026,17,COL,Bogotá,08 ANDES,Burritos & Co Turbo,rappi,5.85,1.23,0.69,1
10/05/2026,17,COL,Bogotá,03 CHAPINERO,Burritos & Co Turbo,rappi,4.95,0.47,18.9,1
10/05/2026,17,COL,Bogotá,06 COLINA,Burritos & Co Turbo,rappi,7.17,2.13,1.09,1
10/05/2026,17,COL,Bogotá,06 COLINA,Burritos & Co Turbo,rappi,8.03,3.67,4.63,1
10/05/2026,18,COL,Bogotá,02 PARQUE 93,Burritos & Co Turbo,rappi,14.79,10.15,0.29,1
10/05/2026,19,COL,Bogotá,38 KENNEDY,Burritos & Co Turbo,rappi,7.25,1.83,8.07,1
10/05/2026,19,COL,Bogotá,02 PARQUE 93,Burritos & Co Turbo,rappi,16.15,2.55,0.72,1
10/05/2026,19,COL,Bogotá,01 USAQUEN,Burritos & Co Turbo,rappi,5.11,0.5,2.72,1
10/05/2026,20,COL,Bogotá,36 VILLA DEL PRADO,Burritos & Co Turbo,rappi,9.5,0.33,1.23,1
10/05/2026,20,COL,Bogotá,08 ANDES,Burritos & Co Turbo,rappi,6.83,1.17,9.15,1
10/05/2026,20,COL,Bogotá,08 ANDES,Burritos & Co Turbo,rappi,5.01,0.62,20.25,1
10/05/2026,20,COL,Bogotá,36 VILLA DEL PRADO,Burritos & Co Turbo,rappi,15.91,11.2,0.19,1
10/05/2026,20,COL,Bogotá,01 USAQUEN,Burritos & Co Turbo,rappi,4.23,0,0.63,1
10/05/2026,20,COL,Bogotá,01 USAQUEN,Burritos & Co Turbo,rappi,4.23,0.05,1.92,1
10/05/2026,20,COL,Bogotá,08 ANDES,Burritos & Co Turbo,rappi,8.91,0.22,12.07,1
10/05/2026,20,COL,Bogotá,36 VILLA DEL PRADO,Burritos & Co Turbo,rappi,6.77,0.25,12.88,1
10/05/2026,20,COL,Bogotá,08 ANDES,Burritos & Co Turbo,rappi,6.67,0.18,9.09,1
10/05/2026,20,COL,Bogotá,06 COLINA,Burritos & Co Turbo,rappi,4.39,0.35,6.88,1
10/05/2026,21,COL,Bogotá,03 CHAPINERO,Burritos & Co Turbo,rappi,6.68,1.57,0.92,1
10/05/2026,21,COL,Bogotá,06 COLINA,Burritos & Co Turbo,rappi,8.02,1.93,7.13,1
10/05/2026,21,COL,Bogotá,38 KENNEDY,Burritos & Co Turbo,rappi,7.37,3,0.7,1
10/05/2026,21,COL,Bogotá,03 CHAPINERO,Burritos & Co Turbo,rappi,4.34,0.73,1.82,1
10/05/2026,21,COL,Bogotá,06 COLINA,Burritos & Co Turbo,rappi,5.26,1.7,1.15,1
10/05/2026,21,COL,Bogotá,06 COLINA,Burritos & Co Turbo,rappi,6.28,0.52,2.2,1
10/05/2026,21,COL,Bogotá,08 ANDES,Burritos & Co Turbo,rappi,11.21,0,,1
10/05/2026,21,COL,Bogotá,08 ANDES,Burritos & Co Turbo,rappi,7.26,0,,1
10/05/2026,21,COL,Bogotá,02 PARQUE 93,Burritos & Co Turbo,rappi,7.8,3.35,0.78,1
10/05/2026,21,COL,Bogotá,03 CHAPINERO,Burritos & Co Turbo,rappi,5.75,1.42,0.49,1
10/05/2026,6,COL,Bogotá,01 USAQUEN,Cacerola Turbo,rappi,5.03,0.28,17.05,1
10/05/2026,7,COL,Bogotá,38 KENNEDY,Cacerola Turbo,rappi,9.84,2.1,1.66,1
10/05/2026,8,COL,Bogotá,06 COLINA,Cacerola Turbo,rappi,104.02,12.82,4.12,1
10/05/2026,9,COL,Bogotá,38 KENNEDY,Cacerola Turbo,rappi,19.78,10.88,0.83,1
10/05/2026,10,COL,Bogotá,03 CHAPINERO,Cacerola Turbo,rappi,7.27,0.68,0.2,1
10/05/2026,10,COL,Bogotá,03 CHAPINERO,Cacerola Turbo,rappi,10.55,5.9,0.89,1
10/05/2026,16,COL,Bogotá,08 ANDES,Cacerola Turbo,rappi,3.84,0,0.3,1
10/05/2026,19,COL,Bogotá,08 ANDES,Cacerola Turbo,rappi,11.62,0.23,7.18,1
10/05/2026,12,COL,Bogotá,03 CHAPINERO,Casa arabe,rappi,23.32,20.47,3.47,1
10/05/2026,13,COL,Bogotá,15 ENGATIVA,Casa arabe,rappi,17.75,13.53,0.56,1
10/05/2026,13,COL,Bogotá,08 ANDES,Casa arabe,rappi,6.74,0.32,2.32,1
10/05/2026,13,COL,Bogotá,38 KENNEDY,Casa arabe,rappi,32.74,1.12,67.15,1
10/05/2026,13,COL,Bogotá,36 VILLA DEL PRADO,Casa arabe,rappi,22.28,0.93,22.02,1
10/05/2026,18,COL,Bogotá,36 VILLA DEL PRADO,Casa arabe,rappi,14.06,9.97,0.9,1
10/05/2026,21,COL,Bogotá,06 COLINA,Casa arabe,rappi,24.89,20.8,0.97,1
10/05/2026,12,COL,Bogotá,08 ANDES,Casa Árabe Turbo,rappi,5.3,12.48,5.55,1
10/05/2026,12,COL,Bogotá,02 PARQUE 93,Casa Árabe Turbo,rappi,16.63,15.23,3.88,1
10/05/2026,14,COL,Bogotá,08 ANDES,Casa Árabe Turbo,rappi,7.82,4.13,1.24,1
10/05/2026,18,COL,Bogotá,02 PARQUE 93,Casa Árabe Turbo,rappi,9.03,4.78,0.83,1
10/05/2026,19,COL,Bogotá,03 CHAPINERO,Casa Árabe Turbo,rappi,7.14,2.63,0.23,1
10/05/2026,7,COL,Bogotá,38 KENNEDY,Cinnabon,rappi,17.73,3.77,0.31,1
10/05/2026,7,COL,Bogotá,45 VERAGUAS,Cinnabon,rappi,5.05,0.23,38.05,1
10/05/2026,7,COL,Bogotá,03 CHAPINERO,Cinnabon,rappi,4.23,0.38,4.29,1
10/05/2026,7,COL,Bogotá,06 COLINA,Cinnabon,rappi,17.17,8.15,3.15,1
10/05/2026,8,COL,Bogotá,01 USAQUEN,Cinnabon,rappi,14.75,4.5,17.26,1
10/05/2026,8,COL,Bogotá,45 VERAGUAS,Cinnabon,rappi,48.83,12.83,0.18,1
10/05/2026,8,COL,Bogotá,06 COLINA,Cinnabon,rappi,26.37,10.68,3.1,1
10/05/2026,8,COL,Bogotá,06 COLINA,Cinnabon,rappi,18.97,20.47,15.41,1
10/05/2026,8,COL,Bogotá,38 KENNEDY,Cinnabon,rappi,84.96,8.53,1.78,1
10/05/2026,8,COL,Bogotá,01 USAQUEN,Cinnabon,rappi,52.88,44.07,0.04,1
10/05/2026,8,COL,Bogotá,03 CHAPINERO,Cinnabon,rappi,5.67,1.07,0.34,1
10/05/2026,8,COL,Bogotá,45 VERAGUAS,Cinnabon,rappi,31.48,21.35,0.51,1
10/05/2026,8,COL,Bogotá,65 CALLE 109,Cinnabon,rappi,8.19,5.33,3.77,1
10/05/2026,8,COL,Bogotá,06 COLINA,Cinnabon,rappi,29.95,0.98,52.24,1
10/05/2026,8,COL,Bogotá,06 COLINA,Cinnabon,rappi,21.07,8.7,52.9,1
10/05/2026,8,COL,Bogotá,06 COLINA,Cinnabon,rappi,19.76,2.28,9.78,1
10/05/2026,9,COL,Bogotá,15 ENGATIVA,Cinnabon,rappi,39,10.37,0.39,1
10/05/2026,9,COL,Bogotá,45 VERAGUAS,Cinnabon,rappi,19.91,1.4,0.14,1
10/05/2026,9,COL,Bogotá,38 KENNEDY,Cinnabon,rappi,69.03,58.12,21.84,1
10/05/2026,9,COL,Bogotá,15 ENGATIVA,Cinnabon,rappi,27.09,8.18,0.75,1
10/05/2026,9,COL,Bogotá,45 VERAGUAS,Cinnabon,rappi,40.11,14.93,0.24,1
10/05/2026,9,COL,Bogotá,38 KENNEDY,Cinnabon,rappi,21.18,2.78,39.09,1
10/05/2026,9,COL,Bogotá,38 KENNEDY,Cinnabon,rappi,49.05,58.12,16.14,1
10/05/2026,9,COL,Bogotá,38 KENNEDY,Cinnabon,rappi,33.24,18.45,21.87,1
10/05/2026,9,COL,Bogotá,06 COLINA,Cinnabon,rappi,32.83,23.7,4.97,1
10/05/2026,9,COL,Bogotá,06 COLINA,Cinnabon,rappi,34,44.73,24.6,1
10/05/2026,9,COL,Bogotá,03 CHAPINERO,Cinnabon,rappi,26.32,16.63,0.85,1
10/05/2026,9,COL,Bogotá,38 KENNEDY,Cinnabon,rappi,44.94,5.92,20.85,1
10/05/2026,9,COL,Bogotá,38 KENNEDY,Cinnabon,rappi,51.97,45.93,1.91,1
10/05/2026,9,COL,Bogotá,03 CHAPINERO,Cinnabon,rappi,9.29,1.27,12.76,1
10/05/2026,9,COL,Bogotá,06 COLINA,Cinnabon,rappi,43.95,18.03,0.88,1
10/05/2026,9,COL,Bogotá,06 COLINA,Cinnabon,rappi,22.01,0.92,25.06,1
10/05/2026,9,COL,Bogotá,38 KENNEDY,Cinnabon,rappi,34.94,18.47,0.89,1
10/05/2026,9,COL,Bogotá,13 CHIA,Cinnabon,rappi,32.8,20.55,0.32,1
10/05/2026,10,COL,Bogotá,01 USAQUEN,Cinnabon,rappi,13,6.82,0.35,1
10/05/2026,10,COL,Bogotá,38 KENNEDY,Cinnabon,rappi,15.67,0.87,13.45,1
10/05/2026,10,COL,Bogotá,65 CALLE 109,Cinnabon,rappi,30.94,13.95,60.02,1
10/05/2026,10,COL,Bogotá,38 KENNEDY,Cinnabon,rappi,,0,,1
10/05/2026,10,COL,Bogotá,38 KENNEDY,Cinnabon,rappi,23.77,5.93,0.8,1
10/05/2026,11,COL,Bogotá,38 KENNEDY,Cinnabon,rappi,,0,,1
10/05/2026,11,COL,Bogotá,38 KENNEDY,Cinnabon,rappi,8,2.82,0.93,1
10/05/2026,12,COL,Bogotá,45 VERAGUAS,Cinnabon,rappi,44.21,5.98,91.87,1
10/05/2026,12,COL,Bogotá,45 VERAGUAS,Cinnabon,rappi,34.12,20.88,1.59,1
10/05/2026,12,COL,Bogotá,01 USAQUEN,Cinnabon,rappi,13.98,1.33,1.15,1
10/05/2026,12,COL,Bogotá,06 COLINA,Cinnabon,rappi,5.25,1.07,7.02,1
10/05/2026,12,COL,Bogotá,38 KENNEDY,Cinnabon,rappi,9.3,0.82,0.84,1
10/05/2026,12,COL,Bogotá,06 COLINA,Cinnabon,rappi,32.99,17.85,5.14,1
10/05/2026,12,COL,Bogotá,45 VERAGUAS,Cinnabon,rappi,18.92,0.15,19.77,1
10/05/2026,12,COL,Bogotá,45 VERAGUAS,Cinnabon,rappi,16.4,4.8,1.03,1
10/05/2026,12,COL,Bogotá,38 KENNEDY,Cinnabon,rappi,,0,,1
10/05/2026,12,COL,Bogotá,15 ENGATIVA,Cinnabon,rappi,10.86,0,,1
10/05/2026,12,COL,Bogotá,06 COLINA,Cinnabon,rappi,19.29,1.42,3.95,1
10/05/2026,13,COL,Bogotá,38 KENNEDY,Cinnabon,rappi,,0,,1
10/05/2026,13,COL,Bogotá,36 VILLA DEL PRADO,Cinnabon,rappi,4.13,1.95,3.02,1
10/05/2026,13,COL,Bogotá,36 VILLA DEL PRADO,Cinnabon,rappi,6.73,1.93,0.23,1
10/05/2026,13,COL,Bogotá,36 VILLA DEL PRADO,Cinnabon,rappi,9.06,0.2,32.02,1
10/05/2026,13,COL,Bogotá,03 CHAPINERO,Cinnabon,rappi,18.97,1.78,0.99,1
10/05/2026,13,COL,Bogotá,06 COLINA,Cinnabon,rappi,26.09,9.32,1.8,1
10/05/2026,13,COL,Bogotá,45 VERAGUAS,Cinnabon,rappi,9.86,0.17,0.99,1
10/05/2026,13,COL,Bogotá,06 COLINA,Cinnabon,rappi,24,1.83,19.05,1
10/05/2026,13,COL,Bogotá,01 USAQUEN,Cinnabon,rappi,8.35,2.67,11.13,1
10/05/2026,13,COL,Bogotá,06 COLINA,Cinnabon,rappi,54.11,23.6,1.23,1
10/05/2026,14,COL,Bogotá,36 VILLA DEL PRADO,Cinnabon,rappi,15.15,0.45,18.91,1
10/05/2026,14,COL,Bogotá,45 VERAGUAS,Cinnabon,rappi,13.99,7.77,0.57,1
10/05/2026,14,COL,Bogotá,06 COLINA,Cinnabon,rappi,51.27,16.25,1,1
10/05/2026,14,COL,Bogotá,06 COLINA,Cinnabon,rappi,53.52,36.4,1.03,1
10/05/2026,14,COL,Bogotá,45 VERAGUAS,Cinnabon,rappi,14.41,0.32,26.57,1
10/05/2026,14,COL,Bogotá,15 ENGATIVA,Cinnabon,rappi,11.97,1.97,1.13,1
10/05/2026,14,COL,Bogotá,06 COLINA,Cinnabon,rappi,35.89,6.65,2.86,1
10/05/2026,14,COL,Bogotá,38 KENNEDY,Cinnabon,rappi,,0,,1
10/05/2026,14,COL,Bogotá,15 ENGATIVA,Cinnabon,rappi,14.96,0.37,21.21,1
10/05/2026,14,COL,Bogotá,13 CHIA,Cinnabon,rappi,15.47,0.3,32.02,1
10/05/2026,14,COL,Bogotá,06 COLINA,Cinnabon,rappi,28.58,6.67,0,1
10/05/2026,14,COL,Bogotá,06 COLINA,Cinnabon,rappi,17.37,11.27,0.91,1
10/05/2026,14,COL,Bogotá,36 VILLA DEL PRADO,Cinnabon,rappi,20.86,3.05,4.01,1
10/05/2026,14,COL,Bogotá,13 CHIA,Cinnabon,rappi,9.13,0,,1
10/05/2026,14,COL,Bogotá,01 USAQUEN,Cinnabon,rappi,11.36,0.62,4.87,1
10/05/2026,15,COL,Bogotá,36 VILLA DEL PRADO,Cinnabon,rappi,21.67,11.1,1.2,1
10/05/2026,15,COL,Bogotá,01 USAQUEN,Cinnabon,rappi,9.05,0.37,5.03,1
10/05/2026,15,COL,Bogotá,06 COLINA,Cinnabon,rappi,5.87,1.93,11.49,1
10/05/2026,15,COL,Bogotá,03 CHAPINERO,Cinnabon,rappi,14.98,0.25,5.02,1
10/05/2026,15,COL,Bogotá,13 CHIA,Cinnabon,rappi,15.62,0,,1
10/05/2026,15,COL,Bogotá,38 KENNEDY,Cinnabon,rappi,19,4.77,3.25,1
10/05/2026,15,COL,Bogotá,38 KENNEDY,Cinnabon,rappi,20.93,4.77,1.31,1
10/05/2026,15,COL,Bogotá,03 CHAPINERO,Cinnabon,rappi,9.01,1.93,1.92,1
10/05/2026,15,COL,Bogotá,06 COLINA,Cinnabon,rappi,4.18,0.87,26.11,1
10/05/2026,15,COL,Bogotá,36 VILLA DEL PRADO,Cinnabon,rappi,33.3,8.98,0.85,1
10/05/2026,15,COL,Bogotá,36 VILLA DEL PRADO,Cinnabon,rappi,15.85,4.6,1.1,1
10/05/2026,15,COL,Bogotá,01 USAQUEN,Cinnabon,rappi,4.16,0.33,4.53,1
10/05/2026,16,COL,Bogotá,15 ENGATIVA,Cinnabon,rappi,15.03,0.38,7.69,1
10/05/2026,16,COL,Bogotá,03 CHAPINERO,Cinnabon,rappi,6.86,0.67,8.74,1
10/05/2026,16,COL,Bogotá,06 COLINA,Cinnabon,rappi,17.3,9.2,10.01,1
10/05/2026,16,COL,Bogotá,45 VERAGUAS,Cinnabon,rappi,3.85,0.32,14.1,1
10/05/2026,16,COL,Bogotá,03 CHAPINERO,Cinnabon,rappi,2.24,0,2.01,1
10/05/2026,16,COL,Bogotá,06 COLINA,Cinnabon,rappi,19.63,9.18,1.4,1
10/05/2026,16,COL,Bogotá,01 USAQUEN,Cinnabon,rappi,,0,,1
10/05/2026,16,COL,Bogotá,06 COLINA,Cinnabon,rappi,8.74,5.03,26.23,1
10/05/2026,16,COL,Bogotá,03 CHAPINERO,Cinnabon,rappi,6.23,0.15,30.05,1
10/05/2026,16,COL,Bogotá,36 VILLA DEL PRADO,Cinnabon,rappi,16.01,11.38,0.33,1
10/05/2026,16,COL,Bogotá,38 KENNEDY,Cinnabon,rappi,17.36,0.35,5.03,1
10/05/2026,16,COL,Bogotá,06 COLINA,Cinnabon,rappi,16.02,0.22,16.01,1
10/05/2026,16,COL,Bogotá,36 VILLA DEL PRADO,Cinnabon,rappi,20.26,11.18,0.58,1
10/05/2026,17,COL,Bogotá,15 ENGATIVA,Cinnabon,rappi,21.05,0.22,9.65,1
10/05/2026,17,COL,Bogotá,38 KENNEDY,Cinnabon,rappi,27.83,3.93,4.3,1
10/05/2026,17,COL,Bogotá,06 COLINA,Cinnabon,rappi,,0,,1
10/05/2026,17,COL,Bogotá,38 KENNEDY,Cinnabon,rappi,21.06,0.75,11.97,1
10/05/2026,17,COL,Bogotá,38 KENNEDY,Cinnabon,rappi,23.18,0.75,9.85,1
10/05/2026,17,COL,Bogotá,15 ENGATIVA,Cinnabon,rappi,8.14,0.5,1.73,1
10/05/2026,17,COL,Bogotá,36 VILLA DEL PRADO,Cinnabon,rappi,8.2,0.37,17.66,1
10/05/2026,17,COL,Bogotá,01 USAQUEN,Cinnabon,rappi,5.47,0.85,0.93,1
10/05/2026,17,COL,Bogotá,45 VERAGUAS,Cinnabon,rappi,15.1,5.47,0.56,1
10/05/2026,17,COL,Bogotá,45 VERAGUAS,Cinnabon,rappi,16.31,0.43,2.94,1
10/05/2026,18,COL,Bogotá,45 VERAGUAS,Cinnabon,rappi,12.17,0.65,1.04,1
10/05/2026,18,COL,Bogotá,65 CALLE 109,Cinnabon,rappi,14.84,11.23,1.29,1
10/05/2026,18,COL,Bogotá,36 VILLA DEL PRADO,Cinnabon,rappi,5.66,0.75,1.01,1
10/05/2026,18,COL,Bogotá,45 VERAGUAS,Cinnabon,rappi,11.88,6.97,0.08,1
10/05/2026,18,COL,Bogotá,36 VILLA DEL PRADO,Cinnabon,rappi,,0,,1
10/05/2026,18,COL,Bogotá,01 USAQUEN,Cinnabon,rappi,5.11,0.48,5.67,1
10/05/2026,18,COL,Bogotá,45 VERAGUAS,Cinnabon,rappi,10.02,0.6,26.58,1
10/05/2026,18,COL,Bogotá,36 VILLA DEL PRADO,Cinnabon,rappi,8.2,0.17,35.23,1
10/05/2026,18,COL,Bogotá,38 KENNEDY,Cinnabon,rappi,15.93,9.17,1.02,1
10/05/2026,18,COL,Bogotá,03 CHAPINERO,Cinnabon,rappi,9.97,4.35,2.97,1
10/05/2026,19,COL,Bogotá,01 USAQUEN,Cinnabon,rappi,7.98,0.77,0.82,1
10/05/2026,19,COL,Bogotá,03 CHAPINERO,Cinnabon,rappi,9.52,0.28,4.28,1
10/05/2026,19,COL,Bogotá,65 CALLE 109,Cinnabon,rappi,3.95,2.67,6.08,1
10/05/2026,19,COL,Bogotá,06 COLINA,Cinnabon,rappi,29.2,12.87,4.07,1
10/05/2026,20,COL,Bogotá,65 CALLE 109,Cinnabon,rappi,5.22,2.87,2.68,1
10/05/2026,20,COL,Bogotá,06 COLINA,Cinnabon,rappi,16.03,0.53,19.59,1
10/05/2026,20,COL,Bogotá,01 USAQUEN,Cinnabon,rappi,2.64,0.27,10.93,1
10/05/2026,20,COL,Bogotá,38 KENNEDY,Cinnabon,rappi,8.01,0.95,19.9,1
10/05/2026,20,COL,Bogotá,45 VERAGUAS,Cinnabon,rappi,8,0.25,2.33,1
10/05/2026,21,COL,Bogotá,36 VILLA DEL PRADO,Cinnabon,rappi,6.34,2.35,0.85,1
10/05/2026,21,COL,Bogotá,38 KENNEDY,Cinnabon,rappi,24.47,5.82,2.82,1
10/05/2026,21,COL,Bogotá,03 CHAPINERO,Cinnabon,rappi,14.96,9.75,0.25,1
10/05/2026,22,COL,Bogotá,03 CHAPINERO,Cinnabon,rappi,21.16,16.9,0.86,1
10/05/2026,23,COL,Bogotá,01 USAQUEN,Cinnabon,rappi,9.14,0.2,11.94,1
10/05/2026,23,COL,Bogotá,03 CHAPINERO,Cinnabon,rappi,14.88,4.6,1.25,1
10/05/2026,10,COL,Bogotá,61 CHICO CINNABON,Cinnabon Pase,rappi,,11.25,0.02,1
10/05/2026,10,COL,Bogotá,66 PLAZA CLARO CINNA,Cinnabon Pase,rappi,,13.1,3.02,1
10/05/2026,11,COL,Bogotá,56 SANTAFE BOG,Cinnabon Pase,rappi,,0.32,12.67,1
10/05/2026,11,COL,Bogotá,56 SANTAFE BOG,Cinnabon Pase,rappi,,1.95,0.02,1
10/05/2026,11,COL,Bogotá,55 TITAN,Cinnabon Pase,rappi,,2.73,11.98,1
10/05/2026,11,COL,Bogotá,66 PLAZA CLARO CINNA,Cinnabon Pase,rappi,,15.33,0.01,1
10/05/2026,11,COL,Bogotá,56 SANTAFE BOG,Cinnabon Pase,rappi,,0.27,1.89,1
10/05/2026,12,COL,Bogotá,66 PLAZA CLARO CINNA,Cinnabon Pase,rappi,,4.07,0.03,1
10/05/2026,12,COL,Bogotá,66 PLAZA CLARO CINNA,Cinnabon Pase,rappi,,4.38,0.02,1
10/05/2026,12,COL,Bogotá,66 PLAZA CLARO CINNA,Cinnabon Pase,rappi,,7.22,5.87,1
10/05/2026,12,COL,Bogotá,66 PLAZA CLARO CINNA,Cinnabon Pase,rappi,,7.2,5.85,1
10/05/2026,13,COL,Bogotá,39 SALVIO,Cinnabon Pase,rappi,,15.3,23.48,1
10/05/2026,13,COL,Bogotá,39 SALVIO,Cinnabon Pase,rappi,,24.52,31.16,1
10/05/2026,13,COL,Bogotá,66 PLAZA CLARO CINNA,Cinnabon Pase,rappi,,15.18,0.5,1
10/05/2026,13,COL,Bogotá,66 PLAZA CLARO CINNA,Cinnabon Pase,rappi,,10,1.05,1
10/05/2026,13,COL,Bogotá,55 TITAN,Cinnabon Pase,rappi,,0.48,27.87,1
10/05/2026,14,COL,Bogotá,66 PLAZA CLARO CINNA,Cinnabon Pase,rappi,,7.48,0.05,1
10/05/2026,14,COL,Bogotá,66 PLAZA CLARO CINNA,Cinnabon Pase,rappi,,0.27,23.5,1
10/05/2026,14,COL,Bogotá,56 SANTAFE BOG,Cinnabon Pase,rappi,,0,67.52,1
10/05/2026,14,COL,Bogotá,55 TITAN,Cinnabon Pase,rappi,,8.17,0,1
10/05/2026,14,COL,Bogotá,55 TITAN,Cinnabon Pase,rappi,,8.17,0.19,1
10/05/2026,14,COL,Bogotá,56 SANTAFE BOG,Cinnabon Pase,rappi,,0.68,36.99,1
10/05/2026,14,COL,Bogotá,56 SANTAFE BOG,Cinnabon Pase,rappi,,7.05,13.58,1
10/05/2026,14,COL,Bogotá,55 TITAN,Cinnabon Pase,rappi,,8.83,3.89,1
10/05/2026,15,COL,Bogotá,56 SANTAFE BOG,Cinnabon Pase,rappi,,0.32,12.21,1
10/05/2026,15,COL,Bogotá,55 TITAN,Cinnabon Pase,rappi,,0.8,13.14,1
10/05/2026,16,COL,Bogotá,39 SALVIO,Cinnabon Pase,rappi,,2.53,24.2,1
10/05/2026,16,COL,Bogotá,66 PLAZA CLARO CINNA,Cinnabon Pase,rappi,,7.25,10.25,1
10/05/2026,17,COL,Bogotá,56 SANTAFE BOG,Cinnabon Pase,rappi,,0.37,0.08,1
10/05/2026,17,COL,Bogotá,55 TITAN,Cinnabon Pase,rappi,,0.6,17.09,1
10/05/2026,17,COL,Bogotá,55 TITAN,Cinnabon Pase,rappi,,7.97,0.05,1
10/05/2026,18,COL,Bogotá,55 TITAN,Cinnabon Pase,rappi,,1.82,11.98,1
10/05/2026,18,COL,Bogotá,39 SALVIO,Cinnabon Pase,rappi,,3.08,16.13,1
10/05/2026,18,COL,Bogotá,66 PLAZA CLARO CINNA,Cinnabon Pase,rappi,,2.88,4.72,1
10/05/2026,19,COL,Bogotá,55 TITAN,Cinnabon Pase,rappi,,2,18.32,1
10/05/2026,7,COL,Bogotá,61 CHICO CINNABON,cinnabon pase turbo,rappi,,11.27,3.96,1
10/05/2026,8,COL,Bogotá,61 CHICO CINNABON,cinnabon pase turbo,rappi,,0,2.91,1
10/05/2026,9,COL,Bogotá,61 CHICO CINNABON,cinnabon pase turbo,rappi,,4.85,8.87,1
10/05/2026,10,COL,Bogotá,61 CHICO CINNABON,cinnabon pase turbo,rappi,,3.65,7.18,1
10/05/2026,11,COL,Bogotá,61 CHICO CINNABON,cinnabon pase turbo,rappi,,8.53,13.52,1
10/05/2026,12,COL,Bogotá,61 CHICO CINNABON,cinnabon pase turbo,rappi,,8.88,11.86,1
10/05/2026,12,COL,Bogotá,61 CHICO CINNABON,cinnabon pase turbo,rappi,,5.57,10.19,1
10/05/2026,12,COL,Bogotá,61 CHICO CINNABON,cinnabon pase turbo,rappi,,3.28,6.06,1
10/05/2026,12,COL,Bogotá,61 CHICO CINNABON,cinnabon pase turbo,rappi,,0.63,9.02,1
10/05/2026,13,COL,Bogotá,61 CHICO CINNABON,cinnabon pase turbo,rappi,,2.33,7.06,1
10/05/2026,14,COL,Bogotá,61 CHICO CINNABON,cinnabon pase turbo,rappi,,13.33,0.99,1
10/05/2026,14,COL,Bogotá,61 CHICO CINNABON,cinnabon pase turbo,rappi,,15.75,3.03,1
10/05/2026,15,COL,Bogotá,61 CHICO CINNABON,cinnabon pase turbo,rappi,,2.8,9.67,1
10/05/2026,15,COL,Bogotá,61 CHICO CINNABON,cinnabon pase turbo,rappi,,3.43,13.14,1
10/05/2026,16,COL,Bogotá,61 CHICO CINNABON,cinnabon pase turbo,rappi,,5.43,14.97,1
10/05/2026,16,COL,Bogotá,61 CHICO CINNABON,cinnabon pase turbo,rappi,,4.42,36.66,1
10/05/2026,18,COL,Bogotá,61 CHICO CINNABON,cinnabon pase turbo,rappi,,2.25,1.92,1
10/05/2026,6,COL,Bogotá,36 VILLA DEL PRADO,Cinnabon Turbo,rappi,40.21,20.72,0.68,1
10/05/2026,7,COL,Bogotá,06 COLINA,Cinnabon Turbo,rappi,15.95,26.35,19.26,1
10/05/2026,7,COL,Bogotá,06 COLINA,Cinnabon Turbo,rappi,38.01,16.08,1.12,1
10/05/2026,7,COL,Bogotá,36 VILLA DEL PRADO,Cinnabon Turbo,rappi,,0,,1
10/05/2026,7,COL,Bogotá,01 USAQUEN,Cinnabon Turbo,rappi,9.28,5.5,1.01,1
10/05/2026,8,COL,Bogotá,01 USAQUEN,Cinnabon Turbo,rappi,13.22,8.73,2.86,1
10/05/2026,8,COL,Bogotá,65 CALLE 109,Cinnabon Turbo,rappi,16.1,13.13,1.97,1
10/05/2026,8,COL,Bogotá,01 USAQUEN,Cinnabon Turbo,rappi,19.89,10.33,1.09,1
10/05/2026,8,COL,Bogotá,01 USAQUEN,Cinnabon Turbo,rappi,17.36,12.47,1.91,1
10/05/2026,8,COL,Bogotá,01 USAQUEN,Cinnabon Turbo,rappi,5.84,0.52,10.02,1
10/05/2026,8,COL,Bogotá,01 USAQUEN,Cinnabon Turbo,rappi,11.95,2.22,10.89,1
10/05/2026,8,COL,Bogotá,03 CHAPINERO,Cinnabon Turbo,rappi,2.96,0,0.81,1
10/05/2026,9,COL,Bogotá,65 CALLE 109,Cinnabon Turbo,rappi,4.06,1.3,16.84,1
10/05/2026,9,COL,Bogotá,06 COLINA,Cinnabon Turbo,rappi,13.42,26.95,18.71,1
10/05/2026,9,COL,Bogotá,03 CHAPINERO,Cinnabon Turbo,rappi,2.9,1.42,5.44,1
10/05/2026,9,COL,Bogotá,65 CALLE 109,Cinnabon Turbo,rappi,33.01,25.88,16.55,1
10/05/2026,9,COL,Bogotá,65 CALLE 109,Cinnabon Turbo,rappi,15.34,14.35,3.87,1
10/05/2026,9,COL,Bogotá,01 USAQUEN,Cinnabon Turbo,rappi,4.02,0.17,2.46,1
10/05/2026,11,COL,Bogotá,36 VILLA DEL PRADO,Cinnabon Turbo,rappi,5.5,0.05,1.55,1
10/05/2026,12,COL,Bogotá,36 VILLA DEL PRADO,Cinnabon Turbo,rappi,9.99,5.58,0.74,1
10/05/2026,12,COL,Bogotá,03 CHAPINERO,Cinnabon Turbo,rappi,7.05,2.55,0.71,1
10/05/2026,12,COL,Bogotá,03 CHAPINERO,Cinnabon Turbo,rappi,14.16,8.95,0.93,1
10/05/2026,12,COL,Bogotá,06 COLINA,Cinnabon Turbo,rappi,6.78,7.03,5.22,1
10/05/2026,13,COL,Bogotá,06 COLINA,Cinnabon Turbo,rappi,5.9,0.55,10.84,1
10/05/2026,13,COL,Bogotá,01 USAQUEN,Cinnabon Turbo,rappi,4.06,0,0.11,1
10/05/2026,13,COL,Bogotá,36 VILLA DEL PRADO,Cinnabon Turbo,rappi,3.81,0.07,2.96,1
10/05/2026,13,COL,Bogotá,06 COLINA,Cinnabon Turbo,rappi,5.14,0.68,7.01,1
10/05/2026,14,COL,Bogotá,01 USAQUEN,Cinnabon Turbo,rappi,3.62,0.32,2.53,1
10/05/2026,14,COL,Bogotá,06 COLINA,Cinnabon Turbo,rappi,10.42,4.38,0.89,1
10/05/2026,14,COL,Bogotá,06 COLINA,Cinnabon Turbo,rappi,6.69,4.38,4.16,1
10/05/2026,15,COL,Bogotá,36 VILLA DEL PRADO,Cinnabon Turbo,rappi,14.07,0.53,4.89,1
10/05/2026,15,COL,Bogotá,01 USAQUEN,Cinnabon Turbo,rappi,5.33,2.17,1.77,1
10/05/2026,15,COL,Bogotá,36 VILLA DEL PRADO,Cinnabon Turbo,rappi,12.73,5.1,0.04,1
10/05/2026,15,COL,Bogotá,03 CHAPINERO,Cinnabon Turbo,rappi,7.33,2.83,0.6,1
10/05/2026,15,COL,Bogotá,65 CALLE 109,Cinnabon Turbo,rappi,7.08,3.75,1.75,1
10/05/2026,16,COL,Bogotá,01 USAQUEN,Cinnabon Turbo,rappi,5.8,1.57,0.93,1
10/05/2026,16,COL,Bogotá,36 VILLA DEL PRADO,Cinnabon Turbo,rappi,5.62,1.25,0.92,1
10/05/2026,16,COL,Bogotá,01 USAQUEN,Cinnabon Turbo,rappi,5.39,2.6,1.95,1
10/05/2026,16,COL,Bogotá,36 VILLA DEL PRADO,Cinnabon Turbo,rappi,6.93,2.55,0.39,1
10/05/2026,17,COL,Bogotá,36 VILLA DEL PRADO,Cinnabon Turbo,rappi,4.8,0.22,0.72,1
10/05/2026,17,COL,Bogotá,06 COLINA,Cinnabon Turbo,rappi,11.92,8.98,2.05,1
10/05/2026,17,COL,Bogotá,36 VILLA DEL PRADO,Cinnabon Turbo,rappi,2.83,0,0.29,1
10/05/2026,17,COL,Bogotá,01 USAQUEN,Cinnabon Turbo,rappi,4.89,0.08,0.15,1
10/05/2026,17,COL,Bogotá,03 CHAPINERO,Cinnabon Turbo,rappi,7.21,3.07,0.84,1
10/05/2026,17,COL,Bogotá,36 VILLA DEL PRADO,Cinnabon Turbo,rappi,5.09,0.22,0.63,1
10/05/2026,17,COL,Bogotá,01 USAQUEN,Cinnabon Turbo,rappi,3.47,0,0.76,1
10/05/2026,17,COL,Bogotá,36 VILLA DEL PRADO,Cinnabon Turbo,rappi,6.26,1.43,0.71,1
10/05/2026,17,COL,Bogotá,01 USAQUEN,Cinnabon Turbo,rappi,7.64,3.28,0.91,1
10/05/2026,18,COL,Bogotá,65 CALLE 109,Cinnabon Turbo,rappi,3.98,4.15,5.09,1
10/05/2026,18,COL,Bogotá,01 USAQUEN,Cinnabon Turbo,rappi,1.87,0,1.69,1
10/05/2026,18,COL,Bogotá,36 VILLA DEL PRADO,Cinnabon Turbo,rappi,7.89,3.82,0.99,1
10/05/2026,18,COL,Bogotá,01 USAQUEN,Cinnabon Turbo,rappi,2.66,0,1.12,1
10/05/2026,18,COL,Bogotá,06 COLINA,Cinnabon Turbo,rappi,8.5,4.57,0.83,1
10/05/2026,20,COL,Bogotá,65 CALLE 109,Cinnabon Turbo,rappi,3.19,1.1,3.62,1
10/05/2026,21,COL,Bogotá,06 COLINA,Cinnabon Turbo,rappi,13,5.03,0.99,1
10/05/2026,21,COL,Bogotá,65 CALLE 109,Cinnabon Turbo,rappi,3.78,4.62,6.34,1
10/05/2026,17,COL,Bogotá,06 COLINA,Dembow,rappi,24.81,17.32,1.04,1
10/05/2026,20,COL,Bogotá,69 ARRECIFE,Dembow,rappi,14.24,1.08,15.44,1
10/05/2026,12,COL,Bogotá,08 ANDES,Dembow by Maluma Turbo,rappi,8.75,4.33,0.83,1
10/05/2026,17,COL,Bogotá,36 VILLA DEL PRADO,Dembow by Maluma Turbo,rappi,,0.37,4.49,1
10/05/2026,19,COL,Bogotá,01 USAQUEN,Dembow by Maluma Turbo,rappi,7.34,0.18,7.11,1
10/05/2026,6,COL,Bogotá,36 VILLA DEL PRADO,Desayunos Colombianos,rappi,26.29,24.53,3.42,1
10/05/2026,7,COL,Bogotá,06 COLINA,Desayunos Colombianos,rappi,61.17,39.47,1.05,1
10/05/2026,7,COL,Bogotá,02 PARQUE 93,Desayunos Colombianos,rappi,7.04,4.95,39.07,1
10/05/2026,7,COL,Bogotá,03 CHAPINERO,Desayunos Colombianos,rappi,9.08,12.4,8.13,1
10/05/2026,7,COL,Bogotá,06 COLINA,Desayunos Colombianos,rappi,14.14,36.2,28.08,1
10/05/2026,7,COL,Bogotá,02 PARQUE 93,Desayunos Colombianos,rappi,69.72,11.85,1.25,1
10/05/2026,7,COL,Bogotá,69 ARRECIFE,Desayunos Colombianos,rappi,19.97,0.12,4.3,1
10/05/2026,7,COL,Bogotá,36 VILLA DEL PRADO,Desayunos Colombianos,rappi,80.33,13.38,1.82,1
10/05/2026,7,COL,Bogotá,45 VERAGUAS,Desayunos Colombianos,rappi,6.32,2.12,0.74,1
10/05/2026,7,COL,Bogotá,08 ANDES,Desayunos Colombianos,rappi,7.3,3.27,0.86,1
10/05/2026,7,COL,Bogotá,02 PARQUE 93,Desayunos Colombianos,rappi,40.15,32.17,10.9,1
10/05/2026,7,COL,Bogotá,02 PARQUE 93,Desayunos Colombianos,rappi,60.96,10.62,1.01,1
10/05/2026,7,COL,Bogotá,06 COLINA,Desayunos Colombianos,rappi,74.25,20.63,1.06,1
10/05/2026,7,COL,Bogotá,15 ENGATIVA,Desayunos Colombianos,rappi,68.07,58.73,0.95,1
10/05/2026,7,COL,Bogotá,15 ENGATIVA,Desayunos Colombianos,rappi,79.77,1.93,14.17,1
10/05/2026,7,COL,Bogotá,65 CALLE 109,Desayunos Colombianos,rappi,60.26,46.45,0.8,1
10/05/2026,8,COL,Bogotá,03 CHAPINERO,Desayunos Colombianos,rappi,6.76,2.15,0.32,1
10/05/2026,8,COL,Bogotá,03 CHAPINERO,Desayunos Colombianos,rappi,17.8,0.12,21.31,1
10/05/2026,8,COL,Bogotá,45 VERAGUAS,Desayunos Colombianos,rappi,9.92,5.17,0.17,1
10/05/2026,8,COL,Bogotá,38 KENNEDY,Desayunos Colombianos,rappi,,0,,1
10/05/2026,8,COL,Bogotá,03 CHAPINERO,Desayunos Colombianos,rappi,33.14,11.58,1,1
10/05/2026,8,COL,Bogotá,15 ENGATIVA,Desayunos Colombianos,rappi,115.11,9.38,1.79,1
10/05/2026,8,COL,Bogotá,08 ANDES,Desayunos Colombianos,rappi,7.15,0.27,9.67,1
10/05/2026,8,COL,Bogotá,36 VILLA DEL PRADO,Desayunos Colombianos,rappi,,0,,1
10/05/2026,8,COL,Bogotá,36 VILLA DEL PRADO,Desayunos Colombianos,rappi,116.05,9.52,2.86,1
10/05/2026,8,COL,Bogotá,15 ENGATIVA,Desayunos Colombianos,rappi,125.9,1.02,9.05,1
10/05/2026,9,COL,Bogotá,38 KENNEDY,Desayunos Colombianos,rappi,92.35,10.55,0.78,1
10/05/2026,9,COL,Bogotá,06 COLINA,Desayunos Colombianos,rappi,115.11,0.43,8.37,1
10/05/2026,9,COL,Bogotá,38 KENNEDY,Desayunos Colombianos,rappi,67.35,76.55,19.74,1
10/05/2026,9,COL,Bogotá,38 KENNEDY,Desayunos Colombianos,rappi,84.94,76.57,2.16,1
10/05/2026,9,COL,Bogotá,38 KENNEDY,Desayunos Colombianos,rappi,91.35,19.13,1.78,1
10/05/2026,9,COL,Bogotá,08 ANDES,Desayunos Colombianos,rappi,9,1.02,1.4,1
10/05/2026,9,COL,Bogotá,36 VILLA DEL PRADO,Desayunos Colombianos,rappi,57.07,52.68,0.34,1
10/05/2026,9,COL,Bogotá,45 VERAGUAS,Desayunos Colombianos,rappi,41.34,5.73,0.84,1
10/05/2026,9,COL,Bogotá,38 KENNEDY,Desayunos Colombianos,rappi,80.93,87,14.1,1
10/05/2026,9,COL,Bogotá,38 KENNEDY,Desayunos Colombianos,rappi,93.91,86.98,1.1,1
10/05/2026,9,COL,Bogotá,01 USAQUEN,Desayunos Colombianos,rappi,18.29,14.82,1.58,1
10/05/2026,9,COL,Bogotá,38 KENNEDY,Desayunos Colombianos,rappi,73.87,13.95,0.24,1
10/05/2026,9,COL,Bogotá,65 CALLE 109,Desayunos Colombianos,rappi,99.25,7.4,58.97,1
10/05/2026,9,COL,Bogotá,08 ANDES,Desayunos Colombianos,rappi,12.22,7.57,0.11,1
10/05/2026,9,COL,Bogotá,03 CHAPINERO,Desayunos Colombianos,rappi,14.12,0.33,7.21,1
10/05/2026,9,COL,Bogotá,38 KENNEDY,Desayunos Colombianos,rappi,,0,,1
10/05/2026,10,COL,Bogotá,36 VILLA DEL PRADO,Desayunos Colombianos,rappi,30.08,10.17,1.82,1
10/05/2026,10,COL,Bogotá,36 VILLA DEL PRADO,Desayunos Colombianos,rappi,23.95,12.73,4.04,1
10/05/2026,10,COL,Bogotá,36 VILLA DEL PRADO,Desayunos Colombianos,rappi,25.35,12.73,0.66,1
10/05/2026,10,COL,Bogotá,01 USAQUEN,Desayunos Colombianos,rappi,35.14,31.3,1.04,1
10/05/2026,10,COL,Bogotá,06 COLINA,Desayunos Colombianos,rappi,27.35,7.12,5.65,1
10/05/2026,10,COL,Bogotá,38 KENNEDY,Desayunos Colombianos,rappi,27.63,21.53,0.46,1
10/05/2026,10,COL,Bogotá,36 VILLA DEL PRADO,Desayunos Colombianos,rappi,,0,,1
10/05/2026,11,COL,Bogotá,45 VERAGUAS,Desayunos Colombianos,rappi,12.23,2.37,0.91,1
10/05/2026,11,COL,Bogotá,13 CHIA,Desayunos Colombianos,rappi,40.1,16.68,0.58,1
10/05/2026,12,COL,Bogotá,15 ENGATIVA,Desayunos Colombianos,rappi,4.24,0.12,11.02,1
10/05/2026,6,COL,Bogotá,36 VILLA DEL PRADO,Desayunos de la Abuela,rappi,20.18,22.7,11.93,1
10/05/2026,6,COL,Bogotá,03 CHAPINERO,Desayunos de la Abuela,rappi,5.9,2.18,1.2,1
10/05/2026,6,COL,Bogotá,36 VILLA DEL PRADO,Desayunos de la Abuela,rappi,16.6,15.47,9.38,1
10/05/2026,6,COL,Bogotá,06 COLINA,Desayunos de la Abuela,rappi,53.91,8.8,10.19,1
10/05/2026,6,COL,Bogotá,15 ENGATIVA,Desayunos de la Abuela,rappi,7.1,2.43,0.8,1
10/05/2026,6,COL,Bogotá,06 COLINA,Desayunos de la Abuela,rappi,28.41,19.8,10.98,1
10/05/2026,6,COL,Bogotá,36 VILLA DEL PRADO,Desayunos de la Abuela,rappi,16,12.75,1.42,1
10/05/2026,6,COL,Bogotá,15 ENGATIVA,Desayunos de la Abuela,rappi,26.82,6.55,0.95,1
10/05/2026,6,COL,Bogotá,69 ARRECIFE,Desayunos de la Abuela,rappi,13.07,1.97,19.06,1
10/05/2026,6,COL,Bogotá,38 KENNEDY,Desayunos de la Abuela,rappi,4.89,0.28,19.11,1
10/05/2026,6,COL,Bogotá,69 ARRECIFE,Desayunos de la Abuela,rappi,18.73,1.98,13.09,1
10/05/2026,6,COL,Bogotá,06 COLINA,Desayunos de la Abuela,rappi,34.84,19.8,0.55,1
10/05/2026,6,COL,Bogotá,15 ENGATIVA,Desayunos de la Abuela,rappi,20.97,6.55,3.66,1
10/05/2026,6,COL,Bogotá,06 COLINA,Desayunos de la Abuela,rappi,49.36,0.3,17.84,1
10/05/2026,6,COL,Bogotá,06 COLINA,Desayunos de la Abuela,rappi,22.89,1.35,46.89,1
10/05/2026,6,COL,Bogotá,15 ENGATIVA,Desayunos de la Abuela,rappi,30.94,5.57,1.05,1
10/05/2026,6,COL,Bogotá,08 ANDES,Desayunos de la Abuela,rappi,8.36,0.23,1.84,1
10/05/2026,6,COL,Bogotá,06 COLINA,Desayunos de la Abuela,rappi,50.23,1.35,14.86,1
10/05/2026,6,COL,Bogotá,36 VILLA DEL PRADO,Desayunos de la Abuela,rappi,59.89,0.38,11.84,1
10/05/2026,6,COL,Bogotá,65 CALLE 109,Desayunos de la Abuela,rappi,39.3,0.77,2.8,1
10/05/2026,6,COL,Bogotá,01 USAQUEN,Desayunos de la Abuela,rappi,7.98,0.47,15.52,1
10/05/2026,6,COL,Bogotá,02 PARQUE 93,Desayunos de la Abuela,rappi,13.35,12.55,3.97,1
10/05/2026,6,COL,Bogotá,02 PARQUE 93,Desayunos de la Abuela,rappi,12.05,12.55,5.26,1
10/05/2026,7,COL,Bogotá,02 PARQUE 93,Desayunos de la Abuela,rappi,15.16,20.33,10.03,1
10/05/2026,7,COL,Bogotá,02 PARQUE 93,Desayunos de la Abuela,rappi,23.91,20.33,1.27,1
10/05/2026,7,COL,Bogotá,36 VILLA DEL PRADO,Desayunos de la Abuela,rappi,46.69,57.4,33.25,1
10/05/2026,7,COL,Bogotá,65 CALLE 109,Desayunos de la Abuela,rappi,22.9,0.57,19.68,1
10/05/2026,7,COL,Bogotá,03 CHAPINERO,Desayunos de la Abuela,rappi,3.37,0,0.9,1
10/05/2026,7,COL,Bogotá,02 PARQUE 93,Desayunos de la Abuela,rappi,23.26,5.8,1.03,1
10/05/2026,7,COL,Bogotá,08 ANDES,Desayunos de la Abuela,rappi,6.07,1.43,0.15,1
10/05/2026,7,COL,Bogotá,02 PARQUE 93,Desayunos de la Abuela,rappi,24.21,3.88,2.1,1
10/05/2026,7,COL,Bogotá,08 ANDES,Desayunos de la Abuela,rappi,11.96,9.12,2.27,1
10/05/2026,7,COL,Bogotá,15 ENGATIVA,Desayunos de la Abuela,rappi,23.95,15.52,0.89,1
10/05/2026,7,COL,Bogotá,15 ENGATIVA,Desayunos de la Abuela,rappi,12.81,15.52,12.04,1
10/05/2026,7,COL,Bogotá,01 USAQUEN,Desayunos de la Abuela,rappi,17.44,6.9,4.72,1
10/05/2026,7,COL,Bogotá,02 PARQUE 93,Desayunos de la Abuela,rappi,37.89,5.05,1.49,1
10/05/2026,7,COL,Bogotá,03 CHAPINERO,Desayunos de la Abuela,rappi,8.68,4.85,1.21,1
10/05/2026,7,COL,Bogotá,01 USAQUEN,Desayunos de la Abuela,rappi,19.79,6.9,1.06,1
10/05/2026,7,COL,Bogotá,01 USAQUEN,Desayunos de la Abuela,rappi,17.25,3.2,1.94,1
10/05/2026,7,COL,Bogotá,06 COLINA,Desayunos de la Abuela,rappi,31.93,0.33,8.2,1
10/05/2026,7,COL,Bogotá,13 CHIA,Desayunos de la Abuela,rappi,16.51,4.63,7.53,1
10/05/2026,7,COL,Bogotá,15 ENGATIVA,Desayunos de la Abuela,rappi,31.75,19.58,22.02,1
10/05/2026,7,COL,Bogotá,36 VILLA DEL PRADO,Desayunos de la Abuela,rappi,46.2,12.9,8.15,1
10/05/2026,7,COL,Bogotá,06 COLINA,Desayunos de la Abuela,rappi,32.82,0.33,4.44,1
10/05/2026,7,COL,Bogotá,13 CHIA,Desayunos de la Abuela,rappi,16.1,4.63,4.11,1
10/05/2026,7,COL,Bogotá,36 VILLA DEL PRADO,Desayunos de la Abuela,rappi,51.84,12.9,1.19,1
10/05/2026,7,COL,Bogotá,36 VILLA DEL PRADO,Desayunos de la Abuela,rappi,62.95,26.28,7.62,1
10/05/2026,7,COL,Bogotá,65 CALLE 109,Desayunos de la Abuela,rappi,47.1,8.03,0,1
10/05/2026,7,COL,Bogotá,15 ENGATIVA,Desayunos de la Abuela,rappi,43.58,19.58,5.04,1
10/05/2026,7,COL,Bogotá,13 CHIA,Desayunos de la Abuela,rappi,14.89,4.63,1.4,1
10/05/2026,7,COL,Bogotá,36 VILLA DEL PRADO,Desayunos de la Abuela,rappi,63.01,57.42,2.09,1
10/05/2026,7,COL,Bogotá,36 VILLA DEL PRADO,Desayunos de la Abuela,rappi,70.06,1.92,15.78,1
10/05/2026,7,COL,Bogotá,36 VILLA DEL PRADO,Desayunos de la Abuela,rappi,66.04,59.33,1.7,1
10/05/2026,7,COL,Bogotá,01 USAQUEN,Desayunos de la Abuela,rappi,7.68,0.1,14.18,1
10/05/2026,7,COL,Bogotá,38 KENNEDY,Desayunos de la Abuela,rappi,29,26.65,2.77,1
10/05/2026,7,COL,Bogotá,38 KENNEDY,Desayunos de la Abuela,rappi,14.89,6.62,0.77,1
10/05/2026,7,COL,Bogotá,03 CHAPINERO,Desayunos de la Abuela,rappi,25.06,21.72,1.75,1
10/05/2026,7,COL,Bogotá,03 CHAPINERO,Desayunos de la Abuela,rappi,22.2,21.73,4.65,1
10/05/2026,7,COL,Bogotá,38 KENNEDY,Desayunos de la Abuela,rappi,12.98,9.52,1.73,1
10/05/2026,7,COL,Bogotá,03 CHAPINERO,Desayunos de la Abuela,rappi,26.41,22.37,0.8,1
10/05/2026,7,COL,Bogotá,36 VILLA DEL PRADO,Desayunos de la Abuela,rappi,91.41,0,,1
10/05/2026,7,COL,Bogotá,36 VILLA DEL PRADO,Desayunos de la Abuela,rappi,,0,,1
10/05/2026,7,COL,Bogotá,36 VILLA DEL PRADO,Desayunos de la Abuela,rappi,,0,,1
10/05/2026,7,COL,Bogotá,03 CHAPINERO,Desayunos de la Abuela,rappi,20.08,15.97,0.88,1
10/05/2026,7,COL,Bogotá,15 ENGATIVA,Desayunos de la Abuela,rappi,46.71,0.5,9.3,1
10/05/2026,7,COL,Bogotá,13 CHIA,Desayunos de la Abuela,rappi,20.59,0.77,13.1,1
10/05/2026,7,COL,Bogotá,08 ANDES,Desayunos de la Abuela,rappi,5.13,0.83,0.76,1
10/05/2026,7,COL,Bogotá,36 VILLA DEL PRADO,Desayunos de la Abuela,rappi,109.38,22.67,5.73,1
10/05/2026,7,COL,Bogotá,38 KENNEDY,Desayunos de la Abuela,rappi,62.1,28.68,3.01,1
10/05/2026,7,COL,Bogotá,36 VILLA DEL PRADO,Desayunos de la Abuela,rappi,,0,,1
10/05/2026,7,COL,Bogotá,06 COLINA,Desayunos de la Abuela,rappi,55.17,37.72,1.26,1
10/05/2026,7,COL,Bogotá,65 CALLE 109,Desayunos de la Abuela,rappi,67.08,17.03,0.09,1
10/05/2026,7,COL,Bogotá,15 ENGATIVA,Desayunos de la Abuela,rappi,46.06,0.42,11.96,1
10/05/2026,7,COL,Bogotá,36 VILLA DEL PRADO,Desayunos de la Abuela,rappi,,0,,1
10/05/2026,7,COL,Bogotá,36 VILLA DEL PRADO,Desayunos de la Abuela,rappi,156.72,0.7,1.11,1
10/05/2026,7,COL,Bogotá,36 VILLA DEL PRADO,Desayunos de la Abuela,rappi,119.36,55.83,0.97,1
10/05/2026,7,COL,Bogotá,65 CALLE 109,Desayunos de la Abuela,rappi,44.86,38.23,1.71,1
10/05/2026,7,COL,Bogotá,06 COLINA,Desayunos de la Abuela,rappi,78.03,0.15,30.12,1
10/05/2026,7,COL,Bogotá,15 ENGATIVA,Desayunos de la Abuela,rappi,56.23,26.2,3.65,1
10/05/2026,7,COL,Bogotá,45 VERAGUAS,Desayunos de la Abuela,rappi,5.69,0.82,4.16,1
10/05/2026,7,COL,Bogotá,03 CHAPINERO,Desayunos de la Abuela,rappi,10.88,0.13,4.39,1
10/05/2026,7,COL,Bogotá,38 KENNEDY,Desayunos de la Abuela,rappi,41.2,0.22,11.05,1
10/05/2026,7,COL,Bogotá,38 KENNEDY,Desayunos de la Abuela,rappi,41,0.22,43.42,1
10/05/2026,7,COL,Bogotá,45 VERAGUAS,Desayunos de la Abuela,rappi,7.82,0.25,12.42,1
10/05/2026,7,COL,Bogotá,45 VERAGUAS,Desayunos de la Abuela,rappi,4.15,0,0.84,1
10/05/2026,7,COL,Bogotá,06 COLINA,Desayunos de la Abuela,rappi,113.23,0,,1
10/05/2026,7,COL,Bogotá,03 CHAPINERO,Desayunos de la Abuela,rappi,6,0.48,4.21,1
10/05/2026,7,COL,Bogotá,13 CHIA,Desayunos de la Abuela,rappi,33.85,0.18,0.45,1
10/05/2026,7,COL,Bogotá,13 CHIA,Desayunos de la Abuela,rappi,39.71,28.43,1.82,1
10/05/2026,8,COL,Bogotá,15 ENGATIVA,Desayunos de la Abuela,rappi,66.41,5.47,23.57,1
10/05/2026,8,COL,Bogotá,08 ANDES,Desayunos de la Abuela,rappi,9.03,0.2,4.98,1
10/05/2026,8,COL,Bogotá,02 PARQUE 93,Desayunos de la Abuela,rappi,36.65,32.5,1.04,1
10/05/2026,8,COL,Bogotá,03 CHAPINERO,Desayunos de la Abuela,rappi,10.88,2.8,1.97,1
10/05/2026,8,COL,Bogotá,65 CALLE 109,Desayunos de la Abuela,rappi,77.55,50,24.31,1
10/05/2026,8,COL,Bogotá,15 ENGATIVA,Desayunos de la Abuela,rappi,91.97,86.35,0.66,1
10/05/2026,8,COL,Bogotá,15 ENGATIVA,Desayunos de la Abuela,rappi,,0,,1
10/05/2026,8,COL,Bogotá,38 KENNEDY,Desayunos de la Abuela,rappi,106.08,7.87,0.97,1
10/05/2026,8,COL,Bogotá,02 PARQUE 93,Desayunos de la Abuela,rappi,45.39,41.78,1.46,1
10/05/2026,8,COL,Bogotá,06 COLINA,Desayunos de la Abuela,rappi,,0,,1
10/05/2026,8,COL,Bogotá,38 KENNEDY,Desayunos de la Abuela,rappi,80.13,0.1,20.98,1
10/05/2026,8,COL,Bogotá,13 CHIA,Desayunos de la Abuela,rappi,43.27,0.1,3.95,1
10/05/2026,8,COL,Bogotá,06 COLINA,Desayunos de la Abuela,rappi,,0,,1
10/05/2026,8,COL,Bogotá,15 ENGATIVA,Desayunos de la Abuela,rappi,,0,,1
10/05/2026,8,COL,Bogotá,03 CHAPINERO,Desayunos de la Abuela,rappi,6.31,2.13,0.76,1
10/05/2026,8,COL,Bogotá,01 USAQUEN,Desayunos de la Abuela,rappi,72.91,64.48,1.01,1
10/05/2026,8,COL,Bogotá,38 KENNEDY,Desayunos de la Abuela,rappi,,0,,1
10/05/2026,8,COL,Bogotá,03 CHAPINERO,Desayunos de la Abuela,rappi,6.08,1.03,19.91,1
10/05/2026,8,COL,Bogotá,08 ANDES,Desayunos de la Abuela,rappi,12.95,10,2,1
10/05/2026,8,COL,Bogotá,06 COLINA,Desayunos de la Abuela,rappi,,0,,1
10/05/2026,8,COL,Bogotá,13 CHIA,Desayunos de la Abuela,rappi,43.89,0,,1
10/05/2026,8,COL,Bogotá,03 CHAPINERO,Desayunos de la Abuela,rappi,10.72,7.5,1.95,1
10/05/2026,8,COL,Bogotá,38 KENNEDY,Desayunos de la Abuela,rappi,133.04,12.07,0.98,1
10/05/2026,8,COL,Bogotá,38 KENNEDY,Desayunos de la Abuela,rappi,76.97,34.65,0.13,1
10/05/2026,8,COL,Bogotá,45 VERAGUAS,Desayunos de la Abuela,rappi,12.95,1.18,0.15,1
10/05/2026,8,COL,Bogotá,65 CALLE 109,Desayunos de la Abuela,rappi,48.1,40.37,0.69,1
10/05/2026,8,COL,Bogotá,38 KENNEDY,Desayunos de la Abuela,rappi,106.1,102.33,1.07,1
10/05/2026,8,COL,Bogotá,38 KENNEDY,Desayunos de la Abuela,rappi,99.16,0,,1
10/05/2026,8,COL,Bogotá,38 KENNEDY,Desayunos de la Abuela,rappi,106.82,50.28,3.71,1
10/05/2026,8,COL,Bogotá,06 COLINA,Desayunos de la Abuela,rappi,,0,,1
10/05/2026,8,COL,Bogotá,15 ENGATIVA,Desayunos de la Abuela,rappi,106.64,101.32,3.16,1
10/05/2026,8,COL,Bogotá,06 COLINA,Desayunos de la Abuela,rappi,119.19,0,7.03,1
10/05/2026,8,COL,Bogotá,03 CHAPINERO,Desayunos de la Abuela,rappi,20.68,17.62,2.07,1
10/05/2026,8,COL,Bogotá,01 USAQUEN,Desayunos de la Abuela,rappi,81.95,10.02,0.01,1
10/05/2026,8,COL,Bogotá,38 KENNEDY,Desayunos de la Abuela,rappi,35.26,0,91.81,1
10/05/2026,8,COL,Bogotá,38 KENNEDY,Desayunos de la Abuela,rappi,27.81,1.23,44.18,1
10/05/2026,8,COL,Bogotá,01 USAQUEN,Desayunos de la Abuela,rappi,49.3,44.05,0.83,1
10/05/2026,8,COL,Bogotá,08 ANDES,Desayunos de la Abuela,rappi,9.2,4.75,0.64,1
10/05/2026,8,COL,Bogotá,08 ANDES,Desayunos de la Abuela,rappi,23.28,7.23,0.82,1
10/05/2026,8,COL,Bogotá,02 PARQUE 93,Desayunos de la Abuela,rappi,67.9,0.42,13.88,1
10/05/2026,8,COL,Bogotá,03 CHAPINERO,Desayunos de la Abuela,rappi,23.78,17.43,0.35,1
10/05/2026,8,COL,Bogotá,65 CALLE 109,Desayunos de la Abuela,rappi,66.17,21.27,95.1,1
10/05/2026,8,COL,Bogotá,65 CALLE 109,Desayunos de la Abuela,rappi,91.68,4.88,0.25,1
10/05/2026,8,COL,Bogotá,13 CHIA,Desayunos de la Abuela,rappi,40.88,25.7,1.93,1
10/05/2026,8,COL,Bogotá,01 USAQUEN,Desayunos de la Abuela,rappi,26.04,10.28,0.69,1
10/05/2026,8,COL,Bogotá,45 VERAGUAS,Desayunos de la Abuela,rappi,44.13,6.47,3.64,1
10/05/2026,8,COL,Bogotá,65 CALLE 109,Desayunos de la Abuela,rappi,79.08,46.62,93.08,1
10/05/2026,8,COL,Bogotá,50 CHICO,Desayunos de la Abuela,rappi,15.17,5.02,0.7,1
10/05/2026,8,COL,Bogotá,13 CHIA,Desayunos de la Abuela,rappi,40.54,24.35,0.18,1
10/05/2026,8,COL,Bogotá,65 CALLE 109,Desayunos de la Abuela,rappi,45.32,45.9,0.05,1
10/05/2026,8,COL,Bogotá,08 ANDES,Desayunos de la Abuela,rappi,10.15,6.07,0.88,1
10/05/2026,8,COL,Bogotá,02 PARQUE 93,Desayunos de la Abuela,rappi,66.81,0.25,27.44,1
10/05/2026,8,COL,Bogotá,13 CHIA,Desayunos de la Abuela,rappi,58.76,37.13,7.11,1
10/05/2026,8,COL,Bogotá,13 CHIA,Desayunos de la Abuela,rappi,49.01,0.73,16.14,1
10/05/2026,9,COL,Bogotá,38 KENNEDY,Desayunos de la Abuela,rappi,93.03,19.33,1.23,1
10/05/2026,9,COL,Bogotá,65 CALLE 109,Desayunos de la Abuela,rappi,,0,,1
10/05/2026,9,COL,Bogotá,13 CHIA,Desayunos de la Abuela,rappi,57.75,27.43,0.22,1
10/05/2026,9,COL,Bogotá,65 CALLE 109,Desayunos de la Abuela,rappi,90.02,38.9,,1
10/05/2026,9,COL,Bogotá,45 VERAGUAS,Desayunos de la Abuela,rappi,33.86,0.23,79.39,1
10/05/2026,9,COL,Bogotá,36 VILLA DEL PRADO,Desayunos de la Abuela,rappi,,5.83,8.13,1
10/05/2026,9,COL,Bogotá,45 VERAGUAS,Desayunos de la Abuela,rappi,49.72,1.97,13.92,1
10/05/2026,9,COL,Bogotá,65 CALLE 109,Desayunos de la Abuela,rappi,92.22,9.47,,1
10/05/2026,9,COL,Bogotá,65 CALLE 109,Desayunos de la Abuela,rappi,73.15,38.9,107.07,1
10/05/2026,9,COL,Bogotá,65 CALLE 109,Desayunos de la Abuela,rappi,123.72,0.8,24.02,1
10/05/2026,9,COL,Bogotá,45 VERAGUAS,Desayunos de la Abuela,rappi,49.32,1.97,0.61,1
10/05/2026,9,COL,Bogotá,03 CHAPINERO,Desayunos de la Abuela,rappi,16.79,1.93,6.01,1
10/05/2026,9,COL,Bogotá,65 CALLE 109,Desayunos de la Abuela,rappi,82.14,51.18,0.01,1
10/05/2026,9,COL,Bogotá,65 CALLE 109,Desayunos de la Abuela,rappi,75.11,36.88,84.63,1
10/05/2026,9,COL,Bogotá,03 CHAPINERO,Desayunos de la Abuela,rappi,16.03,0.25,3.34,1
10/05/2026,9,COL,Bogotá,13 CHIA,Desayunos de la Abuela,rappi,49.22,7.03,0.15,1
10/05/2026,9,COL,Bogotá,65 CALLE 109,Desayunos de la Abuela,rappi,78.24,51.17,77.86,1
10/05/2026,9,COL,Bogotá,50 CHICO,Desayunos de la Abuela,rappi,8.22,4.03,5.97,1
10/05/2026,9,COL,Bogotá,13 CHIA,Desayunos de la Abuela,rappi,30.03,12.23,0.51,1
10/05/2026,9,COL,Bogotá,45 VERAGUAS,Desayunos de la Abuela,rappi,22.18,6.93,0.79,1
10/05/2026,9,COL,Bogotá,45 VERAGUAS,Desayunos de la Abuela,rappi,27.93,7.03,1.9,1
10/05/2026,10,COL,Bogotá,13 CHIA,Desayunos de la Abuela,rappi,43.85,34.05,1.23,1
10/05/2026,10,COL,Bogotá,45 VERAGUAS,Desayunos de la Abuela,rappi,45.03,1.27,1.02,1
10/05/2026,10,COL,Bogotá,03 CHAPINERO,Desayunos de la Abuela,rappi,12.13,0.2,4.61,1
10/05/2026,10,COL,Bogotá,50 CHICO,Desayunos de la Abuela,rappi,3.88,1.73,2.95,1
10/05/2026,10,COL,Bogotá,01 USAQUEN,Desayunos de la Abuela,rappi,14.67,7.43,0.99,1
10/05/2026,10,COL,Bogotá,15 ENGATIVA,Desayunos de la Abuela,rappi,33.25,15.85,1.01,1
10/05/2026,10,COL,Bogotá,45 VERAGUAS,Desayunos de la Abuela,rappi,27.25,1.27,2.25,1
10/05/2026,10,COL,Bogotá,13 CHIA,Desayunos de la Abuela,rappi,20.57,17.08,1.48,1
10/05/2026,10,COL,Bogotá,01 USAQUEN,Desayunos de la Abuela,rappi,27.07,1.33,21.21,1
10/05/2026,10,COL,Bogotá,03 CHAPINERO,Desayunos de la Abuela,rappi,5.89,2.65,1.88,1
10/05/2026,10,COL,Bogotá,03 CHAPINERO,Desayunos de la Abuela,rappi,6.91,2.63,0.85,1
10/05/2026,10,COL,Bogotá,15 ENGATIVA,Desayunos de la Abuela,rappi,22.35,3.53,1.74,1
10/05/2026,10,COL,Bogotá,08 ANDES,Desayunos de la Abuela,rappi,7.86,6.25,3.41,1
10/05/2026,11,COL,Bogotá,01 USAQUEN,Desayunos de la Abuela,rappi,23.97,0.4,17.17,1
10/05/2026,11,COL,Bogotá,08 ANDES,Desayunos de la Abuela,rappi,11.03,0.3,2,1
10/05/2026,11,COL,Bogotá,08 ANDES,Desayunos de la Abuela,rappi,11.23,7.02,0.8,1
10/05/2026,11,COL,Bogotá,01 USAQUEN,Desayunos de la Abuela,rappi,5.19,0.28,20,1
10/05/2026,11,COL,Bogotá,15 ENGATIVA,Desayunos de la Abuela,rappi,7.46,0.15,5.57,1
10/05/2026,11,COL,Bogotá,38 KENNEDY,Desayunos de la Abuela,rappi,9.08,4.85,0.84,1
10/05/2026,11,COL,Bogotá,15 ENGATIVA,Desayunos de la Abuela,rappi,14.39,1.87,0.84,1
10/05/2026,11,COL,Bogotá,50 CHICO,Desayunos de la Abuela,rappi,7.02,0.4,56.6,1
10/05/2026,12,COL,Bogotá,08 ANDES,Desayunos de la Abuela,rappi,10.77,0.62,1.26,1
10/05/2026,12,COL,Bogotá,01 USAQUEN,Desayunos de la Abuela,rappi,8.24,0.4,5.02,1
10/05/2026,13,COL,Bogotá,50 CHICO,Desayunos de la Abuela,rappi,5.08,3.62,6.96,1
10/05/2026,17,COL,Bogotá,15 ENGATIVA,Desayunos de la Abuela,rappi,14.62,0.43,1.94,1
10/05/2026,18,COL,Bogotá,02 PARQUE 93,Desayunos de la Abuela,rappi,13.12,8.93,1.07,1
10/05/2026,19,COL,Bogotá,36 VILLA DEL PRADO,Desayunos de la Abuela,rappi,10.29,1.85,0.84,1
10/05/2026,19,COL,Bogotá,02 PARQUE 93,Desayunos de la Abuela,rappi,10.72,6.38,0.89,1
10/05/2026,20,COL,Bogotá,06 COLINA,Desayunos de la Abuela,rappi,5.84,1.7,0.97,1
10/05/2026,20,COL,Bogotá,03 CHAPINERO,Desayunos de la Abuela,rappi,17.4,13.12,0.66,1
10/05/2026,20,COL,Bogotá,03 CHAPINERO,Desayunos de la Abuela,rappi,,0.33,5.45,1
10/05/2026,21,COL,Bogotá,06 COLINA,Desayunos de la Abuela,rappi,21.61,7.2,1.48,1
10/05/2026,21,COL,Bogotá,01 USAQUEN,Desayunos de la Abuela,rappi,3.17,0,1.23,1
10/05/2026,21,COL,Bogotá,69 ARRECIFE,Desayunos de la Abuela,rappi,19.8,0.32,3.27,1
10/05/2026,22,COL,Bogotá,02 PARQUE 93,Desayunos de la Abuela,rappi,14.02,7.68,1.11,1
10/05/2026,22,COL,Bogotá,02 PARQUE 93,Desayunos de la Abuela,rappi,15.62,0.17,3.2,1
10/05/2026,23,COL,Bogotá,03 CHAPINERO,Desayunos de la Abuela,rappi,22.67,21.8,4.25,1
10/05/2026,6,COL,Bogotá,65 CALLE 109,Desayunos de la Abuela Turbo,rappi,3.97,0.25,1.17,1
10/05/2026,6,COL,Bogotá,36 VILLA DEL PRADO,Desayunos de la Abuela Turbo,rappi,,0,,1
10/05/2026,7,COL,Bogotá,38 KENNEDY,Desayunos de la Abuela Turbo,rappi,3.26,0,0.73,1
10/05/2026,7,COL,Bogotá,06 COLINA,Desayunos de la Abuela Turbo,rappi,21.99,11.85,1.22,1
10/05/2026,7,COL,Bogotá,38 KENNEDY,Desayunos de la Abuela Turbo,rappi,4.38,0.1,0.67,1
10/05/2026,7,COL,Bogotá,36 VILLA DEL PRADO,Desayunos de la Abuela Turbo,rappi,,0,,1
10/05/2026,7,COL,Bogotá,06 COLINA,Desayunos de la Abuela Turbo,rappi,7.93,3.72,0.89,1
10/05/2026,7,COL,Bogotá,06 COLINA,Desayunos de la Abuela Turbo,rappi,8.68,4.9,1.25,1
10/05/2026,7,COL,Bogotá,65 CALLE 109,Desayunos de la Abuela Turbo,rappi,15.14,11.18,0.92,1
10/05/2026,7,COL,Bogotá,65 CALLE 109,Desayunos de la Abuela Turbo,rappi,15.99,1.45,5.2,1
10/05/2026,8,COL,Bogotá,65 CALLE 109,Desayunos de la Abuela Turbo,rappi,6.82,3.35,1.79,1
10/05/2026,8,COL,Bogotá,06 COLINA,Desayunos de la Abuela Turbo,rappi,12.98,8.63,0.78,1
10/05/2026,8,COL,Bogotá,38 KENNEDY,Desayunos de la Abuela Turbo,rappi,,0,,1
10/05/2026,8,COL,Bogotá,06 COLINA,Desayunos de la Abuela Turbo,rappi,8.77,3.33,9.24,1
10/05/2026,8,COL,Bogotá,06 COLINA,Desayunos de la Abuela Turbo,rappi,8.4,14.47,17.92,1
10/05/2026,8,COL,Bogotá,50 CHICO,Desayunos de la Abuela Turbo,rappi,5.89,4.17,3.16,1
10/05/2026,10,COL,Bogotá,38 KENNEDY,Desayunos de la Abuela Turbo,rappi,23.95,21.12,2.11,1
10/05/2026,10,COL,Bogotá,02 PARQUE 93,Desayunos de la Abuela Turbo,rappi,6.87,2.58,0.87,1
10/05/2026,21,COL,Bogotá,08 ANDES,Desayunos de la Abuela Turbo,rappi,,0.87,25.06,1
10/05/2026,6,COL,Bogotá,36 VILLA DEL PRADO,Desayunos de mi Tierrita,rappi,13.45,1.83,17.83,1
10/05/2026,6,COL,Bogotá,15 ENGATIVA,Desayunos de mi Tierrita,rappi,14.15,0.28,13.54,1
10/05/2026,7,COL,Bogotá,45 VERAGUAS,Desayunos de mi Tierrita,rappi,4.87,0.28,2.21,1
10/05/2026,7,COL,Bogotá,06 COLINA,Desayunos de mi Tierrita,rappi,39.12,32.72,0.72,1
10/05/2026,7,COL,Bogotá,06 COLINA,Desayunos de mi Tierrita,rappi,82.98,46.78,1.02,1
10/05/2026,7,COL,Bogotá,69 ARRECIFE,Desayunos de mi Tierrita,rappi,19.22,0.2,8.66,1
10/05/2026,10,COL,Bogotá,65 CALLE 109,Desayunos de mi Tierrita,rappi,41.25,41.9,7.75,1
10/05/2026,6,COL,Bogotá,36 VILLA DEL PRADO,Desayunos mi Tierrita Turbo,rappi,24.15,3.95,1.14,1
10/05/2026,6,COL,Bogotá,36 VILLA DEL PRADO,Desayunos mi Tierrita Turbo,rappi,20.15,4.43,44.01,1
10/05/2026,6,COL,Bogotá,06 COLINA,Desayunos mi Tierrita Turbo,rappi,29.08,10.05,1.57,1
10/05/2026,7,COL,Bogotá,36 VILLA DEL PRADO,Desayunos mi Tierrita Turbo,rappi,28.87,14.05,1,1
10/05/2026,7,COL,Bogotá,36 VILLA DEL PRADO,Desayunos mi Tierrita Turbo,rappi,54.13,101.15,59.82,1
10/05/2026,7,COL,Bogotá,65 CALLE 109,Desayunos mi Tierrita Turbo,rappi,7.32,2.57,3.64,1
10/05/2026,7,COL,Bogotá,06 COLINA,Desayunos mi Tierrita Turbo,rappi,8.17,6.58,3.59,1
10/05/2026,8,COL,Bogotá,06 COLINA,Desayunos mi Tierrita Turbo,rappi,39.76,36.05,1.27,1
10/05/2026,9,COL,Bogotá,65 CALLE 109,Desayunos mi Tierrita Turbo,rappi,9.24,4.63,2.02,1
10/05/2026,9,COL,Bogotá,65 CALLE 109,Desayunos mi Tierrita Turbo,rappi,15.21,27.2,17.04,1
10/05/2026,12,COL,Bogotá,13 CHIA,Desgranados & Co,rappi,25.69,21.18,0.4,1
10/05/2026,16,COL,Bogotá,15 ENGATIVA,Desgranados & Co,rappi,11.89,6.3,1.1,1
10/05/2026,17,COL,Bogotá,65 CALLE 109,Desgranados & Co,rappi,12.04,4.63,1.19,1
10/05/2026,18,COL,Bogotá,69 ARRECIFE,Desgranados & Co,rappi,13.82,0.48,75,1
10/05/2026,11,COL,Bogotá,03 CHAPINERO,Desgranados & Co Turbo,rappi,9.05,4.6,0.29,1
10/05/2026,12,COL,Bogotá,03 CHAPINERO,Desgranados & Co Turbo,rappi,6.87,2.32,0.29,1
10/05/2026,12,COL,Bogotá,08 ANDES,Desgranados & Co Turbo,rappi,4.04,0,0.07,1
10/05/2026,13,COL,Bogotá,01 USAQUEN,Desgranados & Co Turbo,rappi,6.11,1.45,0.6,1
10/05/2026,17,COL,Bogotá,01 USAQUEN,Desgranados & Co Turbo,rappi,5.04,0.4,0.58,1
10/05/2026,18,COL,Bogotá,08 ANDES,Desgranados & Co Turbo,rappi,4.93,2.05,2.08,1
10/05/2026,18,COL,Bogotá,03 CHAPINERO,Desgranados & Co Turbo,rappi,5.73,0.93,0.21,1
10/05/2026,18,COL,Bogotá,02 PARQUE 93,Desgranados & Co Turbo,rappi,12.95,8.75,0.88,1
10/05/2026,18,COL,Bogotá,08 ANDES,Desgranados & Co Turbo,rappi,4.86,0.45,3.71,1
10/05/2026,19,COL,Bogotá,02 PARQUE 93,Desgranados & Co Turbo,rappi,15.16,0.53,2.91,1
10/05/2026,19,COL,Bogotá,02 PARQUE 93,Desgranados & Co Turbo,rappi,15.9,4.8,1.85,1
10/05/2026,19,COL,Bogotá,03 CHAPINERO,Desgranados & Co Turbo,rappi,5.45,1.53,0.85,1
10/05/2026,20,COL,Bogotá,08 ANDES,Desgranados & Co Turbo,rappi,3.06,0.32,15.69,1
10/05/2026,20,COL,Bogotá,03 CHAPINERO,Desgranados & Co Turbo,rappi,3.11,0.35,3.17,1
10/05/2026,20,COL,Bogotá,36 VILLA DEL PRADO,Desgranados & Co Turbo,rappi,18.45,11.12,0.39,1
10/05/2026,20,COL,Bogotá,06 COLINA,Desgranados & Co Turbo,rappi,7.01,3.13,1.06,1
10/05/2026,20,COL,Bogotá,36 VILLA DEL PRADO,Desgranados & Co Turbo,rappi,7.65,0.17,5.26,1
10/05/2026,21,COL,Bogotá,02 PARQUE 93,Desgranados & Co Turbo,rappi,13.81,8.32,0.67,1
10/05/2026,21,COL,Bogotá,06 COLINA,Desgranados & Co Turbo,rappi,12.89,9.05,1.12,1
10/05/2026,21,COL,Bogotá,01 USAQUEN,Desgranados & Co Turbo,rappi,5.22,0.52,0.06,1
10/05/2026,21,COL,Bogotá,03 CHAPINERO,Desgranados & Co Turbo,rappi,6.45,2.33,0.71,1
10/05/2026,21,COL,Bogotá,02 PARQUE 93,Desgranados & Co Turbo,rappi,5.91,1.2,0.2,1
10/05/2026,18,COL,Bogotá,01 USAQUEN,Doritos Locos By Dorito Turbo,rappi,2.83,0,1.13,1
10/05/2026,19,COL,Bogotá,01 USAQUEN,Doritos Locos By Dorito Turbo,rappi,2.12,0.17,4.22,1
10/05/2026,20,COL,Bogotá,02 PARQUE 93,Doritos Locos By Dorito Turbo,rappi,3.74,0,1.21,1
10/05/2026,20,COL,Bogotá,08 ANDES,Doritos Locos By Dorito Turbo,rappi,3.05,0.53,23.04,1
10/05/2026,21,COL,Bogotá,01 USAQUEN,Doritos Locos By Dorito Turbo,rappi,5.18,0.47,0.08,1
10/05/2026,21,COL,Bogotá,03 CHAPINERO,Doritos Locos By Dorito Turbo,rappi,8.61,3.63,0.16,1
10/05/2026,21,COL,Bogotá,02 PARQUE 93,Doritos Locos By Dorito Turbo,rappi,4.36,0,0.62,1
10/05/2026,21,COL,Bogotá,01 USAQUEN,Doritos Locos By Dorito Turbo,rappi,2.71,0,1.47,1
10/05/2026,21,COL,Bogotá,01 USAQUEN,Doritos Locos By Dorito Turbo,rappi,2.01,0,0.8,1
10/05/2026,13,COL,Bogotá,08 ANDES,Doritos Locos By Doritos,rappi,3.01,0,1.16,1
10/05/2026,19,COL,Bogotá,38 KENNEDY,Doritos Locos By Doritos,rappi,5.86,0.15,1.26,1
10/05/2026,22,COL,Bogotá,01 USAQUEN,El Ejecutivo,rappi,10.66,4.83,1.01,1
10/05/2026,7,COL,Bogotá,36 VILLA DEL PRADO,El Ejecutivo Turbo,rappi,29.98,0,,1
10/05/2026,13,COL,Bogotá,02 PARQUE 93,El Ejecutivo Turbo,rappi,4.03,0,0.81,1
10/05/2026,15,COL,Bogotá,02 PARQUE 93,El Ejecutivo Turbo,rappi,3.76,0,1.15,1
10/05/2026,17,COL,Bogotá,65 CALLE 109,El Ejecutivo Turbo,rappi,1.99,6.68,9.41,1
10/05/2026,19,COL,Bogotá,01 USAQUEN,El Ejecutivo Turbo,rappi,5.51,1.5,0.77,1
10/05/2026,19,COL,Bogotá,03 CHAPINERO,El Ejecutivo Turbo,rappi,9.87,0.3,1.29,1
10/05/2026,21,COL,Bogotá,01 USAQUEN,El Ejecutivo Turbo,rappi,3.61,0,0.24,1
10/05/2026,14,COL,Bogotá,38 KENNEDY,El Jefe Turbo,rappi,17.58,10.73,1.09,1
10/05/2026,17,COL,Bogotá,01 USAQUEN,El Jefe Turbo,rappi,9.91,4.12,0.65,1
10/05/2026,18,COL,Bogotá,36 VILLA DEL PRADO,El Jefe Turbo,rappi,9.63,4.68,0.16,1
10/05/2026,21,COL,Bogotá,01 USAQUEN,El Jefe Turbo,rappi,9.46,4.98,0.5,1
10/05/2026,7,COL,Bogotá,01 USAQUEN,Foodhub,rappi,18.12,0.18,8.14,1
10/05/2026,8,COL,Bogotá,15 ENGATIVA,Foodhub,rappi,88.07,3.5,1.02,1
10/05/2026,8,COL,Bogotá,13 CHIA,Foodhub,rappi,37.23,29.57,0.81,1
10/05/2026,6,COL,Bogotá,02 PARQUE 93,Foodology,rappi,,0,,1
10/05/2026,6,COL,Bogotá,02 PARQUE 93,Foodology,rappi,11.09,2.63,78.62,1
10/05/2026,7,COL,Bogotá,38 KENNEDY,Foodology,rappi,36.75,29.78,1.01,1
10/05/2026,7,COL,Bogotá,06 COLINA,Foodology,rappi,93.67,0.13,9.2,1
10/05/2026,7,COL,Bogotá,38 KENNEDY,Foodology,rappi,37.98,34.1,1.36,1
10/05/2026,7,COL,Bogotá,38 KENNEDY,Foodology,rappi,25.98,0.78,11.9,1
10/05/2026,8,COL,Bogotá,06 COLINA,Foodology,rappi,97.33,9.48,2.17,1
10/05/2026,8,COL,Bogotá,15 ENGATIVA,Foodology,rappi,105.05,26.38,0.26,1
10/05/2026,9,COL,Bogotá,38 KENNEDY,Foodology,rappi,63.41,15.15,4.76,1
10/05/2026,10,COL,Bogotá,06 COLINA,Foodology Court Turbo,rappi,,9.02,0.32,1
10/05/2026,18,COL,Bogotá,02 PARQUE 93,Frost by Oreo,rappi,,1.83,27.52,1
10/05/2026,19,COL,Bogotá,06 COLINA,Frost by Oreo,rappi,,23.1,39.17,1
10/05/2026,20,COL,Bogotá,08 ANDES,Frost by Oreo,rappi,,0.53,10.41,1
10/05/2026,22,COL,Bogotá,03 CHAPINERO,Frost by Oreo,rappi,,0.12,6.73,1
10/05/2026,23,COL,Bogotá,01 USAQUEN,Frost by Oreo,rappi,,0.5,23.76,1
10/05/2026,8,COL,Bogotá,03 CHAPINERO,Frost By Oreo Turbo,rappi,,0.62,0.89,1
10/05/2026,13,COL,Bogotá,38 KENNEDY,Frost By Oreo Turbo,rappi,,0,1.77,1
10/05/2026,13,COL,Bogotá,06 COLINA,Frost By Oreo Turbo,rappi,,0,2.87,1
10/05/2026,13,COL,Bogotá,06 COLINA,Frost By Oreo Turbo,rappi,,0.52,8.29,1
10/05/2026,13,COL,Bogotá,06 COLINA,Frost By Oreo Turbo,rappi,,0,4.69,1
10/05/2026,13,COL,Bogotá,03 CHAPINERO,Frost By Oreo Turbo,rappi,,0.05,0.59,1
10/05/2026,14,COL,Bogotá,03 CHAPINERO,Frost By Oreo Turbo,rappi,,3.27,0.67,1
10/05/2026,15,COL,Bogotá,01 USAQUEN,Frost By Oreo Turbo,rappi,,0.55,0.09,1
10/05/2026,15,COL,Bogotá,03 CHAPINERO,Frost By Oreo Turbo,rappi,,0.5,5.01,1
10/05/2026,15,COL,Bogotá,38 KENNEDY,Frost By Oreo Turbo,rappi,,0.63,7.15,1
10/05/2026,15,COL,Bogotá,08 ANDES,Frost By Oreo Turbo,rappi,,0,2.99,1
10/05/2026,16,COL,Bogotá,50 CHICO,Frost By Oreo Turbo,rappi,,2.3,7.07,1
10/05/2026,17,COL,Bogotá,03 CHAPINERO,Frost By Oreo Turbo,rappi,,0.08,2.54,1
10/05/2026,17,COL,Bogotá,06 COLINA,Frost By Oreo Turbo,rappi,,1.75,2.42,1
10/05/2026,17,COL,Bogotá,08 ANDES,Frost By Oreo Turbo,rappi,,0,1.88,1
10/05/2026,18,COL,Bogotá,01 USAQUEN,Frost By Oreo Turbo,rappi,,0,3.74,1
10/05/2026,19,COL,Bogotá,03 CHAPINERO,Frost By Oreo Turbo,rappi,,0.68,3.72,1
10/05/2026,19,COL,Bogotá,08 ANDES,Frost By Oreo Turbo,rappi,,0,,1
10/05/2026,19,COL,Bogotá,65 CALLE 109,Frost By Oreo Turbo,rappi,,0,1.29,1
10/05/2026,19,COL,Bogotá,01 USAQUEN,Frost By Oreo Turbo,rappi,,0,3.1,1
10/05/2026,20,COL,Bogotá,65 CALLE 109,Frost By Oreo Turbo,rappi,,1.92,6.15,1
10/05/2026,20,COL,Bogotá,65 CALLE 109,Frost By Oreo Turbo,rappi,,0,2.16,1
10/05/2026,20,COL,Bogotá,08 ANDES,Frost By Oreo Turbo,rappi,,0.2,29.47,1
10/05/2026,21,COL,Bogotá,03 CHAPINERO,Frost By Oreo Turbo,rappi,,2.08,3.94,1
10/05/2026,11,COL,Bogotá,13 CHIA,Green House,rappi,24.84,1.25,23.05,1
10/05/2026,12,COL,Bogotá,03 CHAPINERO,Green House,rappi,7.82,0.52,0.11,1
10/05/2026,12,COL,Bogotá,03 CHAPINERO,Green House,rappi,6.64,0.17,6.45,1
10/05/2026,12,COL,Bogotá,38 KENNEDY,Green House,rappi,6.42,0.35,19.88,1
10/05/2026,12,COL,Bogotá,36 VILLA DEL PRADO,Green House,rappi,9.81,0.75,59.43,1
10/05/2026,12,COL,Bogotá,36 VILLA DEL PRADO,Green House,rappi,14.6,10.77,1.24,1
10/05/2026,13,COL,Bogotá,38 KENNEDY,Green House,rappi,30.95,0.73,47.06,1
10/05/2026,13,COL,Bogotá,01 USAQUEN,Green House,rappi,10.95,5.88,1.93,1
10/05/2026,13,COL,Bogotá,02 PARQUE 93,Green House,rappi,8.86,3.67,0.44,1
10/05/2026,13,COL,Bogotá,08 ANDES,Green House,rappi,10.21,5.98,0.76,1
10/05/2026,13,COL,Bogotá,08 ANDES,Green House,rappi,10.86,2.57,0.96,1
10/05/2026,13,COL,Bogotá,08 ANDES,Green House,rappi,8.3,4,0.92,1
10/05/2026,13,COL,Bogotá,45 VERAGUAS,Green House,rappi,28.21,20.82,0.92,1
10/05/2026,14,COL,Bogotá,02 PARQUE 93,Green House,rappi,14.19,2.65,0.76,1
10/05/2026,15,COL,Bogotá,01 USAQUEN,Green House,rappi,15.92,9.68,0.98,1
10/05/2026,15,COL,Bogotá,06 COLINA,Green House,rappi,22.58,18.15,0.48,1
10/05/2026,15,COL,Bogotá,15 ENGATIVA,Green House,rappi,38.7,1.25,8.3,1
10/05/2026,15,COL,Bogotá,50 CHICO,Green House,rappi,2.39,5.2,7.71,1
10/05/2026,16,COL,Bogotá,45 VERAGUAS,Green House,rappi,7.32,0.57,2.86,1
10/05/2026,16,COL,Bogotá,02 PARQUE 93,Green House,rappi,9.14,4.62,0.2,1
10/05/2026,17,COL,Bogotá,15 ENGATIVA,Green House,rappi,10.36,1.68,10.04,1
10/05/2026,17,COL,Bogotá,01 USAQUEN,Green House,rappi,16.81,13.12,1.23,1
10/05/2026,18,COL,Bogotá,02 PARQUE 93,Green House,rappi,10.91,3.6,0.84,1
10/05/2026,18,COL,Bogotá,65 CALLE 109,Green House,rappi,15.51,5.03,1.57,1
10/05/2026,18,COL,Bogotá,15 ENGATIVA,Green House,rappi,16.28,0.67,11.04,1
10/05/2026,18,COL,Bogotá,36 VILLA DEL PRADO,Green House,rappi,14.76,0.35,7.13,1
10/05/2026,18,COL,Bogotá,36 VILLA DEL PRADO,Green House,rappi,9.77,0.28,32.39,1
10/05/2026,19,COL,Bogotá,02 PARQUE 93,Green House,rappi,29.02,12.45,1,1
10/05/2026,19,COL,Bogotá,03 CHAPINERO,Green House,rappi,21.86,1.88,0.41,1
10/05/2026,19,COL,Bogotá,02 PARQUE 93,Green House,rappi,22.27,5.1,0.64,1
10/05/2026,19,COL,Bogotá,02 PARQUE 93,Green House,rappi,20.09,10.72,1.12,1
10/05/2026,19,COL,Bogotá,38 KENNEDY,Green House,rappi,9.94,5.28,0.21,1
10/05/2026,19,COL,Bogotá,06 COLINA,Green House,rappi,9.39,3.3,0.79,1
10/05/2026,19,COL,Bogotá,03 CHAPINERO,Green House,rappi,17.5,1.7,0.82,1
10/05/2026,20,COL,Bogotá,01 USAQUEN,Green House,rappi,7.81,5.88,3.11,1
10/05/2026,20,COL,Bogotá,03 CHAPINERO,Green House,rappi,21.32,0.6,5.59,1
10/05/2026,21,COL,Bogotá,03 CHAPINERO,Green House,rappi,21.94,0.13,5.11,1
10/05/2026,21,COL,Bogotá,65 CALLE 109,Green House,rappi,13.79,10.28,1.39,1
10/05/2026,21,COL,Bogotá,15 ENGATIVA,Green House,rappi,14.84,1.62,2.33,1
10/05/2026,21,COL,Bogotá,06 COLINA,Green House,rappi,20.18,0.12,1.72,1
10/05/2026,22,COL,Bogotá,03 CHAPINERO,Green House,rappi,6.15,0.6,19.73,1
10/05/2026,22,COL,Bogotá,03 CHAPINERO,Green House,rappi,25.88,1.65,9.25,1
10/05/2026,22,COL,Bogotá,06 COLINA,Green House,rappi,16.06,0.15,19.88,1
10/05/2026,22,COL,Bogotá,01 USAQUEN,Green House,rappi,13.75,2.7,1.29,1
10/05/2026,11,COL,Bogotá,38 KENNEDY,Green House Turbo,rappi,7.6,1.3,0.5,1
10/05/2026,12,COL,Bogotá,01 USAQUEN,Green House Turbo,rappi,5.89,1.47,0.77,1
10/05/2026,12,COL,Bogotá,03 CHAPINERO,Green House Turbo,rappi,5.04,0.4,0.2,1
10/05/2026,12,COL,Bogotá,38 KENNEDY,Green House Turbo,rappi,5.79,0.38,4.89,1
10/05/2026,12,COL,Bogotá,01 USAQUEN,Green House Turbo,rappi,6.09,0.97,0.95,1
10/05/2026,13,COL,Bogotá,03 CHAPINERO,Green House Turbo,rappi,8.74,3.25,0.77,1
10/05/2026,13,COL,Bogotá,03 CHAPINERO,Green House Turbo,rappi,8.93,4.85,0.95,1
10/05/2026,14,COL,Bogotá,38 KENNEDY,Green House Turbo,rappi,16.19,1.25,7.18,1
10/05/2026,14,COL,Bogotá,01 USAQUEN,Green House Turbo,rappi,6.41,2.67,0.96,1
10/05/2026,14,COL,Bogotá,38 KENNEDY,Green House Turbo,rappi,21.99,13.12,1.2,1
10/05/2026,14,COL,Bogotá,36 VILLA DEL PRADO,Green House Turbo,rappi,4.08,0.15,1.12,1
10/05/2026,14,COL,Bogotá,38 KENNEDY,Green House Turbo,rappi,11.1,0.58,9.54,1
10/05/2026,15,COL,Bogotá,03 CHAPINERO,Green House Turbo,rappi,4.81,0.22,1.45,1
10/05/2026,16,COL,Bogotá,01 USAQUEN,Green House Turbo,rappi,4.17,0.25,1.57,1
10/05/2026,16,COL,Bogotá,38 KENNEDY,Green House Turbo,rappi,10.63,6.2,0.87,1
10/05/2026,17,COL,Bogotá,01 USAQUEN,Green House Turbo,rappi,5.85,1.75,0.98,1
10/05/2026,17,COL,Bogotá,03 CHAPINERO,Green House Turbo,rappi,6.02,1.13,0.97,1
10/05/2026,17,COL,Bogotá,38 KENNEDY,Green House Turbo,rappi,9.62,5.18,0.87,1
10/05/2026,18,COL,Bogotá,01 USAQUEN,Green House Turbo,rappi,4.06,0,0.57,1
10/05/2026,19,COL,Bogotá,03 CHAPINERO,Green House Turbo,rappi,10.02,5.28,0.13,1
10/05/2026,19,COL,Bogotá,03 CHAPINERO,Green House Turbo,rappi,6.52,1.47,0.14,1
10/05/2026,19,COL,Bogotá,01 USAQUEN,Green House Turbo,rappi,4.73,0.07,0.3,1
10/05/2026,20,COL,Bogotá,03 CHAPINERO,Green House Turbo,rappi,4.21,0,0.59,1
10/05/2026,20,COL,Bogotá,38 KENNEDY,Green House Turbo,rappi,6.46,11.7,1.69,1
10/05/2026,20,COL,Bogotá,03 CHAPINERO,Green House Turbo,rappi,4.17,0,0.63,1
10/05/2026,21,COL,Bogotá,01 USAQUEN,Green House Turbo,rappi,1.92,0,0.72,1
10/05/2026,21,COL,Bogotá,03 CHAPINERO,Green House Turbo,rappi,8.4,6.37,2.81,1
10/05/2026,21,COL,Bogotá,03 CHAPINERO,Green House Turbo,rappi,8.01,6,2.98,1
10/05/2026,11,COL,Bogotá,15 ENGATIVA,Honest Food,rappi,12.09,0.68,1.08,1
10/05/2026,12,COL,Bogotá,13 CHIA,Honest Food,rappi,21.9,2,0.14,1
10/05/2026,12,COL,Bogotá,02 PARQUE 93,Honest Food,rappi,38.85,3.55,0.21,1
10/05/2026,13,COL,Bogotá,02 PARQUE 93,Honest Food,rappi,15.96,6.65,0.35,1
10/05/2026,13,COL,Bogotá,03 CHAPINERO,Honest Food,rappi,7.1,2.93,0.84,1
10/05/2026,14,COL,Bogotá,02 PARQUE 93,Honest Food,rappi,29.15,7.67,0.87,1
10/05/2026,18,COL,Bogotá,65 CALLE 109,Honest Food,rappi,16.84,11.98,2.15,1
10/05/2026,18,COL,Bogotá,06 COLINA,Honest Food,rappi,20.96,10.18,0.94,1
10/05/2026,18,COL,Bogotá,65 CALLE 109,Honest Food,rappi,18.09,2.98,1.13,1
10/05/2026,20,COL,Bogotá,15 ENGATIVA,Honest Food,rappi,6.25,1.18,0.72,1
10/05/2026,20,COL,Bogotá,69 ARRECIFE,Honest Food,rappi,16.98,10.37,1.45,1
10/05/2026,21,COL,Bogotá,08 ANDES,Honest Food,rappi,14.4,0.15,8.99,1
10/05/2026,21,COL,Bogotá,03 CHAPINERO,Honest Food,rappi,8.23,6.05,2.78,1
10/05/2026,13,COL,Bogotá,08 ANDES,Honest Food Turbo,rappi,5.88,1.6,0.86,1
10/05/2026,14,COL,Bogotá,38 KENNEDY,Honest Food Turbo,rappi,18.12,14.02,0.88,1
10/05/2026,14,COL,Bogotá,08 ANDES,Honest Food Turbo,rappi,5.92,1.67,0.46,1
10/05/2026,15,COL,Bogotá,01 USAQUEN,Honest Food Turbo,rappi,4.96,0.3,0.21,1
10/05/2026,15,COL,Bogotá,03 CHAPINERO,Honest Food Turbo,rappi,10.34,6.12,0.72,1
10/05/2026,16,COL,Bogotá,65 CALLE 109,Honest Food Turbo,rappi,2.94,1.78,3.92,1
10/05/2026,20,COL,Bogotá,08 ANDES,Honest Food Turbo,rappi,6.85,0.57,17.24,1
10/05/2026,20,COL,Bogotá,08 ANDES,Honest Food Turbo,rappi,7.61,0,,1
10/05/2026,21,COL,Bogotá,65 CALLE 109,Honest Food Turbo,rappi,2.44,4.93,7.5,1
10/05/2026,21,COL,Bogotá,01 USAQUEN,Honest Food Turbo,rappi,4.5,0,0.16,1
10/05/2026,21,COL,Bogotá,36 VILLA DEL PRADO,Honest Food Turbo,rappi,8.86,4.23,0.26,1
10/05/2026,21,COL,Bogotá,03 CHAPINERO,Honest Food Turbo,rappi,11.84,7.18,0.25,1
10/05/2026,18,COL,Bogotá,01 USAQUEN,House of Burgers,rappi,8.64,3.65,0.13,1
10/05/2026,12,COL,Bogotá,36 VILLA DEL PRADO,House Of Burgers Turbo,rappi,14.57,10.57,1.15,1
10/05/2026,13,COL,Bogotá,36 VILLA DEL PRADO,House Of Burgers Turbo,rappi,7.98,0.77,2.76,1
10/05/2026,19,COL,Bogotá,36 VILLA DEL PRADO,House Of Burgers Turbo,rappi,8.79,0.15,4.44,1
10/05/2026,12,COL,Bogotá,36 VILLA DEL PRADO,House of Salads,rappi,18.85,9.18,1.26,1
10/05/2026,13,COL,Bogotá,45 VERAGUAS,House of Salads,rappi,13.28,7.7,0.87,1
10/05/2026,15,COL,Bogotá,06 COLINA,House of Salads,rappi,19.15,11.77,0.97,1
10/05/2026,16,COL,Bogotá,08 ANDES,House of Salads,rappi,10.11,0.67,10.93,1
10/05/2026,18,COL,Bogotá,65 CALLE 109,House of Salads,rappi,18.53,4.22,1.63,1
10/05/2026,20,COL,Bogotá,15 ENGATIVA,House of Salads,rappi,22.36,2.47,0.6,1
10/05/2026,20,COL,Bogotá,03 CHAPINERO,House of Salads,rappi,6.96,2.83,0.92,1
10/05/2026,21,COL,Bogotá,08 ANDES,House of Salads,rappi,6.69,1.97,0.27,1
10/05/2026,21,COL,Bogotá,36 VILLA DEL PRADO,House of Salads,rappi,7.1,2.72,0.32,1
10/05/2026,21,COL,Bogotá,08 ANDES,House of Salads,rappi,15.92,0.87,9.08,1
10/05/2026,21,COL,Bogotá,65 CALLE 109,House of Salads,rappi,18.15,8.1,2.9,1
10/05/2026,21,COL,Bogotá,03 CHAPINERO,House of Salads,rappi,5.93,1.53,0.38,1
10/05/2026,13,COL,Bogotá,06 COLINA,House of Salads Turbo,rappi,4.2,1.88,12.06,1
10/05/2026,14,COL,Bogotá,02 PARQUE 93,House of Salads Turbo,rappi,3.62,1.48,3.53,1
10/05/2026,15,COL,Bogotá,03 CHAPINERO,House of Salads Turbo,rappi,6.92,2.68,0.52,1
10/05/2026,17,COL,Bogotá,08 ANDES,House of Salads Turbo,rappi,,0,4.53,1
10/05/2026,18,COL,Bogotá,06 COLINA,House of Salads Turbo,rappi,7.97,0.33,3.31,1
10/05/2026,18,COL,Bogotá,03 CHAPINERO,House of Salads Turbo,rappi,6.13,1.98,0.44,1
10/05/2026,19,COL,Bogotá,03 CHAPINERO,House of Salads Turbo,rappi,6.57,0.17,1.22,1
10/05/2026,20,COL,Bogotá,02 PARQUE 93,House of Salads Turbo,rappi,11.61,7.05,0.4,1
10/05/2026,21,COL,Bogotá,06 COLINA,House of Salads Turbo,rappi,4.01,8.98,9.96,1
10/05/2026,11,COL,Bogotá,03 CHAPINERO,La Casa Mexicana,rappi,7.72,2.78,0.14,1
10/05/2026,12,COL,Bogotá,36 VILLA DEL PRADO,La Casa Mexicana,rappi,25.1,0.55,27.93,1
10/05/2026,12,COL,Bogotá,38 KENNEDY,La Casa Mexicana,rappi,10.94,0.32,13.26,1
10/05/2026,12,COL,Bogotá,08 ANDES,La Casa Mexicana,rappi,12.04,7.47,0.21,1
10/05/2026,13,COL,Bogotá,01 USAQUEN,La Casa Mexicana,rappi,8.25,0.25,37.61,1
10/05/2026,13,COL,Bogotá,13 CHIA,La Casa Mexicana,rappi,16.1,1.7,60.7,1
10/05/2026,13,COL,Bogotá,36 VILLA DEL PRADO,La Casa Mexicana,rappi,8.04,0.38,19.3,1
10/05/2026,13,COL,Bogotá,03 CHAPINERO,La Casa Mexicana,rappi,18.79,17.58,3.98,1
10/05/2026,13,COL,Bogotá,15 ENGATIVA,La Casa Mexicana,rappi,16.03,0.68,0.83,1
10/05/2026,14,COL,Bogotá,13 CHIA,La Casa Mexicana,rappi,36.02,0.23,4.67,1
10/05/2026,16,COL,Bogotá,38 KENNEDY,La Casa Mexicana,rappi,14.23,5.42,0.98,1
10/05/2026,18,COL,Bogotá,15 ENGATIVA,La Casa Mexicana,rappi,9,4.42,0.26,1
10/05/2026,18,COL,Bogotá,36 VILLA DEL PRADO,La Casa Mexicana,rappi,22.91,0.7,3.41,1
10/05/2026,19,COL,Bogotá,45 VERAGUAS,La Casa Mexicana,rappi,6.83,2.77,1.01,1
10/05/2026,21,COL,Bogotá,02 PARQUE 93,La Casa Mexicana,rappi,10.15,0.65,2.93,1
10/05/2026,21,COL,Bogotá,65 CALLE 109,La Casa Mexicana,rappi,13.58,8.2,3.2,1
10/05/2026,21,COL,Bogotá,38 KENNEDY,La Casa Mexicana,rappi,12.33,8.23,3.61,1
10/05/2026,21,COL,Bogotá,01 USAQUEN,La Casa Mexicana,rappi,16.54,11.33,0.21,1
10/05/2026,21,COL,Bogotá,08 ANDES,La Casa Mexicana,rappi,10.99,6.87,0.91,1
10/05/2026,22,COL,Bogotá,03 CHAPINERO,La Casa Mexicana,rappi,23.97,3.58,0.33,1
10/05/2026,22,COL,Bogotá,03 CHAPINERO,La Casa Mexicana,rappi,30.93,16.23,0.3,1
10/05/2026,22,COL,Bogotá,03 CHAPINERO,La Casa Mexicana,rappi,23.93,16.07,0.94,1
10/05/2026,22,COL,Bogotá,02 PARQUE 93,La Casa Mexicana,rappi,11.95,7.5,0.36,1
10/05/2026,23,COL,Bogotá,02 PARQUE 93,La Casa Mexicana,rappi,,0,,1
10/05/2026,11,COL,Bogotá,02 PARQUE 93,La Casa Mexicana Turbo,rappi,7.78,3.23,0.32,1
10/05/2026,12,COL,Bogotá,06 COLINA,La Casa Mexicana Turbo,rappi,6.16,3.02,3.89,1
10/05/2026,13,COL,Bogotá,06 COLINA,La Casa Mexicana Turbo,rappi,5.56,1.42,3.06,1
10/05/2026,14,COL,Bogotá,36 VILLA DEL PRADO,La Casa Mexicana Turbo,rappi,8.08,2.18,0.92,1
10/05/2026,16,COL,Bogotá,02 PARQUE 93,La Casa Mexicana Turbo,rappi,5.92,1.45,0.73,1
10/05/2026,16,COL,Bogotá,01 USAQUEN,La Casa Mexicana Turbo,rappi,2.02,0,2.18,1
10/05/2026,16,COL,Bogotá,02 PARQUE 93,La Casa Mexicana Turbo,rappi,1.84,0.37,4.44,1
10/05/2026,17,COL,Bogotá,06 COLINA,La Casa Mexicana Turbo,rappi,2.97,5.05,7.05,1
10/05/2026,20,COL,Bogotá,02 PARQUE 93,La Casa Mexicana Turbo,rappi,7.9,3.27,0.36,1
10/05/2026,7,COL,Bogotá,13 CHIA,La Cuadra,rappi,20.34,0.37,20.84,1
10/05/2026,11,COL,Bogotá,01 USAQUEN,La Cuadra,rappi,16.66,7.3,0.03,1
10/05/2026,11,COL,Bogotá,13 CHIA,La Cuadra,rappi,18.48,7.82,1.06,1
10/05/2026,11,COL,Bogotá,13 CHIA,La Cuadra,rappi,18.95,0.55,20.51,1
10/05/2026,11,COL,Bogotá,13 CHIA,La Cuadra,rappi,15.2,3.75,0.8,1
10/05/2026,11,COL,Bogotá,38 KENNEDY,La Cuadra,rappi,6.87,0.2,15.22,1
10/05/2026,12,COL,Bogotá,03 CHAPINERO,La Cuadra,rappi,12.93,0.35,37.14,1
10/05/2026,12,COL,Bogotá,03 CHAPINERO,La Cuadra,rappi,12.99,2.77,0.92,1
10/05/2026,13,COL,Bogotá,15 ENGATIVA,La Cuadra,rappi,15.75,1.15,12.36,1
10/05/2026,13,COL,Bogotá,13 CHIA,La Cuadra,rappi,17.99,0.52,2.29,1
10/05/2026,13,COL,Bogotá,36 VILLA DEL PRADO,La Cuadra,rappi,3.02,1.13,20.89,1
10/05/2026,13,COL,Bogotá,02 PARQUE 93,La Cuadra,rappi,8.83,3.45,0.41,1
10/05/2026,13,COL,Bogotá,02 PARQUE 93,La Cuadra,rappi,17.68,2.15,0.92,1
10/05/2026,13,COL,Bogotá,02 PARQUE 93,La Cuadra,rappi,14.26,0.42,9.91,1
10/05/2026,13,COL,Bogotá,36 VILLA DEL PRADO,La Cuadra,rappi,6.31,0.32,4.13,1
10/05/2026,14,COL,Bogotá,13 CHIA,La Cuadra,rappi,16.67,0.38,6.14,1
10/05/2026,14,COL,Bogotá,01 USAQUEN,La Cuadra,rappi,15.63,0.52,1.95,1
10/05/2026,16,COL,Bogotá,03 CHAPINERO,La Cuadra,rappi,16.99,0.17,18.34,1
10/05/2026,16,COL,Bogotá,06 COLINA,La Cuadra,rappi,13.94,0.33,132.83,1
10/05/2026,17,COL,Bogotá,01 USAQUEN,La Cuadra,rappi,18.23,2.4,0.16,1
10/05/2026,17,COL,Bogotá,65 CALLE 109,La Cuadra,rappi,21.83,4.13,10.15,1
10/05/2026,18,COL,Bogotá,03 CHAPINERO,La Cuadra,rappi,16.08,0.43,20.71,1
10/05/2026,19,COL,Bogotá,36 VILLA DEL PRADO,La Cuadra,rappi,10.79,0.67,13.03,1
10/05/2026,19,COL,Bogotá,65 CALLE 109,La Cuadra,rappi,12.12,3.35,2.91,1
10/05/2026,19,COL,Bogotá,06 COLINA,La Cuadra,rappi,12.46,0.9,11.65,1
10/05/2026,20,COL,Bogotá,08 ANDES,La Cuadra,rappi,7.32,0.3,60,1
10/05/2026,20,COL,Bogotá,03 CHAPINERO,La Cuadra,rappi,8.57,3.9,0.35,1
10/05/2026,20,COL,Bogotá,08 ANDES,La Cuadra,rappi,10.05,0.35,63.97,1
10/05/2026,20,COL,Bogotá,03 CHAPINERO,La Cuadra,rappi,8.8,0.1,2.16,1
10/05/2026,20,COL,Bogotá,03 CHAPINERO,La Cuadra,rappi,5.17,0.83,15.89,1
10/05/2026,21,COL,Bogotá,65 CALLE 109,La Cuadra,rappi,32.43,19.55,0.81,1
10/05/2026,21,COL,Bogotá,65 CALLE 109,La Cuadra,rappi,22.83,8.18,1.02,1
10/05/2026,21,COL,Bogotá,38 KENNEDY,La Cuadra,rappi,22.19,8.78,2.48,1
10/05/2026,21,COL,Bogotá,08 ANDES,La Cuadra,rappi,9.11,0,,1
10/05/2026,21,COL,Bogotá,15 ENGATIVA,La Cuadra,rappi,14.67,0.33,10.16,1
10/05/2026,21,COL,Bogotá,02 PARQUE 93,La Cuadra,rappi,15.19,0.52,13.11,1
10/05/2026,22,COL,Bogotá,03 CHAPINERO,La Cuadra,rappi,24.73,21.68,2.05,1
10/05/2026,7,COL,Bogotá,38 KENNEDY,La Cuadra Desayunos,rappi,44.5,42.28,52.66,1
10/05/2026,7,COL,Bogotá,03 CHAPINERO,La Cuadra Desayunos,rappi,10.5,1.12,2.92,1
10/05/2026,8,COL,Bogotá,65 CALLE 109,La Cuadra Desayunos,rappi,59.01,38.88,1.87,1
10/05/2026,8,COL,Bogotá,65 CALLE 109,La Cuadra Desayunos,rappi,41.8,24.45,1,1
10/05/2026,8,COL,Bogotá,38 KENNEDY,La Cuadra Desayunos,rappi,118.05,7.55,0.21,1
10/05/2026,8,COL,Bogotá,15 ENGATIVA,La Cuadra Desayunos,rappi,,0,,1
10/05/2026,9,COL,Bogotá,65 CALLE 109,La Cuadra Desayunos,rappi,,0,,1
10/05/2026,10,COL,Bogotá,65 CALLE 109,La Cuadra Desayunos,rappi,67.81,26.97,0,1
10/05/2026,7,COL,Bogotá,38 KENNEDY,La Cuadra Desayunos Turbo,rappi,17.45,15.72,2.97,1
10/05/2026,20,COL,Bogotá,08 ANDES,La Cuadra Desayunos Turbo,rappi,16.96,0.97,13.6,1
10/05/2026,11,COL,Bogotá,03 CHAPINERO,La Cuadra Turbo,rappi,6.65,1.97,0.5,1
10/05/2026,11,COL,Bogotá,03 CHAPINERO,La Cuadra Turbo,rappi,8.11,3.62,0.25,1
10/05/2026,11,COL,Bogotá,08 ANDES,La Cuadra Turbo,rappi,6.38,1.93,0.55,1
10/05/2026,11,COL,Bogotá,08 ANDES,La Cuadra Turbo,rappi,4.07,1.5,2.62,1
10/05/2026,12,COL,Bogotá,01 USAQUEN,La Cuadra Turbo,rappi,4.98,0,1.21,1
10/05/2026,12,COL,Bogotá,38 KENNEDY,La Cuadra Turbo,rappi,4.96,0.3,1.39,1
10/05/2026,12,COL,Bogotá,03 CHAPINERO,La Cuadra Turbo,rappi,8.88,5.77,1.56,1
10/05/2026,12,COL,Bogotá,08 ANDES,La Cuadra Turbo,rappi,5.21,0.93,0.72,1
10/05/2026,14,COL,Bogotá,08 ANDES,La Cuadra Turbo,rappi,3.87,0,0.08,1
10/05/2026,14,COL,Bogotá,08 ANDES,La Cuadra Turbo,rappi,12.92,0.42,9.17,1
10/05/2026,14,COL,Bogotá,08 ANDES,La Cuadra Turbo,rappi,3.93,0,0.29,1
10/05/2026,14,COL,Bogotá,08 ANDES,La Cuadra Turbo,rappi,4.42,0.07,1.03,1
10/05/2026,14,COL,Bogotá,08 ANDES,La Cuadra Turbo,rappi,6.04,1.4,0.18,1
10/05/2026,15,COL,Bogotá,38 KENNEDY,La Cuadra Turbo,rappi,23.87,5.12,1.8,1
10/05/2026,15,COL,Bogotá,38 KENNEDY,La Cuadra Turbo,rappi,12.04,3.1,2.08,1
10/05/2026,15,COL,Bogotá,08 ANDES,La Cuadra Turbo,rappi,4.11,0,0.7,1
10/05/2026,16,COL,Bogotá,08 ANDES,La Cuadra Turbo,rappi,5.48,0.72,0.32,1
10/05/2026,16,COL,Bogotá,01 USAQUEN,La Cuadra Turbo,rappi,5.85,1.33,0.74,1
10/05/2026,17,COL,Bogotá,02 PARQUE 93,La Cuadra Turbo,rappi,7.08,3.78,1.76,1
10/05/2026,17,COL,Bogotá,08 ANDES,La Cuadra Turbo,rappi,5.48,1.18,0.62,1
10/05/2026,18,COL,Bogotá,01 USAQUEN,La Cuadra Turbo,rappi,5.51,1.3,0.65,1
10/05/2026,18,COL,Bogotá,01 USAQUEN,La Cuadra Turbo,rappi,5.56,0.17,0.61,1
10/05/2026,18,COL,Bogotá,08 ANDES,La Cuadra Turbo,rappi,4.85,1.07,1.18,1
10/05/2026,19,COL,Bogotá,08 ANDES,La Cuadra Turbo,rappi,6.08,0.38,40.99,1
10/05/2026,19,COL,Bogotá,08 ANDES,La Cuadra Turbo,rappi,5.62,0.15,8.14,1
10/05/2026,19,COL,Bogotá,08 ANDES,La Cuadra Turbo,rappi,5.97,0.15,3.19,1
10/05/2026,19,COL,Bogotá,08 ANDES,La Cuadra Turbo,rappi,5.25,0.33,1.78,1
10/05/2026,19,COL,Bogotá,03 CHAPINERO,La Cuadra Turbo,rappi,4.93,0.62,0.84,1
10/05/2026,20,COL,Bogotá,01 USAQUEN,La Cuadra Turbo,rappi,6.02,1.5,0.27,1
10/05/2026,20,COL,Bogotá,01 USAQUEN,La Cuadra Turbo,rappi,6.03,0.6,3.16,1
10/05/2026,20,COL,Bogotá,08 ANDES,La Cuadra Turbo,rappi,8.5,1.57,17.46,1
10/05/2026,20,COL,Bogotá,01 USAQUEN,La Cuadra Turbo,rappi,7.79,3.35,0.41,1
10/05/2026,21,COL,Bogotá,01 USAQUEN,La Cuadra Turbo,rappi,6.82,2.27,0.73,1
10/05/2026,21,COL,Bogotá,01 USAQUEN,La Cuadra Turbo,rappi,5.32,0.57,1.85,1
10/05/2026,21,COL,Bogotá,01 USAQUEN,La Cuadra Turbo,rappi,5.09,0.88,0.81,1
10/05/2026,21,COL,Bogotá,01 USAQUEN,La Cuadra Turbo,rappi,5.95,1.2,0.14,1
10/05/2026,6,COL,Bogotá,06 COLINA,La Folie,rappi,,3.05,70.87,1
10/05/2026,7,COL,Bogotá,15 ENGATIVA,La Folie,rappi,,2.15,0.96,1
10/05/2026,7,COL,Bogotá,15 ENGATIVA,La Folie,rappi,,8.72,0.82,1
10/05/2026,7,COL,Bogotá,15 ENGATIVA,La Folie,rappi,,46.8,0.8,1
10/05/2026,7,COL,Bogotá,15 ENGATIVA,La Folie,rappi,,46.78,23.16,1
10/05/2026,7,COL,Bogotá,01 USAQUEN,La Folie,rappi,,8.52,27.3,1
10/05/2026,7,COL,Bogotá,01 USAQUEN,La Folie,rappi,,10.1,0.99,1
10/05/2026,7,COL,Bogotá,15 ENGATIVA,La Folie,rappi,,3.35,11.78,1
10/05/2026,8,COL,Bogotá,15 ENGATIVA,La Folie,rappi,,2.22,0.67,1
10/05/2026,8,COL,Bogotá,15 ENGATIVA,La Folie,rappi,,0,,1
10/05/2026,8,COL,Bogotá,01 USAQUEN,La Folie,rappi,,0.17,19.02,1
10/05/2026,8,COL,Bogotá,01 USAQUEN,La Folie,rappi,,0.62,33.77,1
10/05/2026,8,COL,Bogotá,01 USAQUEN,La Folie,rappi,,7.23,0.36,1
10/05/2026,8,COL,Bogotá,36 VILLA DEL PRADO,La Folie,rappi,,3.35,20.02,1
10/05/2026,8,COL,Bogotá,36 VILLA DEL PRADO,La Folie,rappi,,39.63,18.45,1
10/05/2026,9,COL,Bogotá,06 COLINA,La Folie,rappi,,9.37,27.71,1
10/05/2026,9,COL,Bogotá,15 ENGATIVA,La Folie,rappi,,9.3,1.06,1
10/05/2026,9,COL,Bogotá,15 ENGATIVA,La Folie,rappi,,1.08,0.62,1
10/05/2026,9,COL,Bogotá,36 VILLA DEL PRADO,La Folie,rappi,,10.13,7.98,1
10/05/2026,9,COL,Bogotá,36 VILLA DEL PRADO,La Folie,rappi,,15.67,2.73,1
10/05/2026,9,COL,Bogotá,36 VILLA DEL PRADO,La Folie,rappi,,4.7,4.04,1
10/05/2026,9,COL,Bogotá,36 VILLA DEL PRADO,La Folie,rappi,,27.78,8.65,1
10/05/2026,9,COL,Bogotá,36 VILLA DEL PRADO,La Folie,rappi,,13.62,6.5,1
10/05/2026,9,COL,Bogotá,15 ENGATIVA,La Folie,rappi,,1.2,2.98,1
10/05/2026,10,COL,Bogotá,15 ENGATIVA,La Folie,rappi,,21.75,6.77,1
10/05/2026,10,COL,Bogotá,36 VILLA DEL PRADO,La Folie,rappi,,1.32,29.13,1
10/05/2026,10,COL,Bogotá,06 COLINA,La Folie,rappi,,3.23,20.03,1
10/05/2026,10,COL,Bogotá,15 ENGATIVA,La Folie,rappi,,1.25,1.62,1
10/05/2026,11,COL,Bogotá,06 COLINA,La Folie,rappi,,1.03,24.15,1
10/05/2026,12,COL,Bogotá,36 VILLA DEL PRADO,La Folie,rappi,,1.53,7.78,1
10/05/2026,12,COL,Bogotá,15 ENGATIVA,La Folie,rappi,,1.3,6.66,1
10/05/2026,12,COL,Bogotá,36 VILLA DEL PRADO,La Folie,rappi,,1.55,7.63,1
10/05/2026,12,COL,Bogotá,06 COLINA,La Folie,rappi,,1.22,13.89,1
10/05/2026,12,COL,Bogotá,06 COLINA,La Folie,rappi,,0.18,57.65,1
10/05/2026,12,COL,Bogotá,15 ENGATIVA,La Folie,rappi,,0.85,26.1,1
10/05/2026,12,COL,Bogotá,36 VILLA DEL PRADO,La Folie,rappi,,1.23,15.07,1
10/05/2026,12,COL,Bogotá,15 ENGATIVA,La Folie,rappi,,0.87,15.9,1
10/05/2026,12,COL,Bogotá,15 ENGATIVA,La Folie,rappi,,1.67,5.82,1
10/05/2026,13,COL,Bogotá,36 VILLA DEL PRADO,La Folie,rappi,,2.37,12.98,1
10/05/2026,13,COL,Bogotá,15 ENGATIVA,La Folie,rappi,,1.42,13.56,1
10/05/2026,13,COL,Bogotá,06 COLINA,La Folie,rappi,,0.5,40.99,1
10/05/2026,14,COL,Bogotá,36 VILLA DEL PRADO,La Folie,rappi,,3.6,0.98,1
10/05/2026,14,COL,Bogotá,06 COLINA,La Folie,rappi,,1.27,19.14,1
10/05/2026,14,COL,Bogotá,15 ENGATIVA,La Folie,rappi,,6.82,0.74,1
10/05/2026,15,COL,Bogotá,06 COLINA,La Folie,rappi,,3.12,6.15,1
10/05/2026,15,COL,Bogotá,06 COLINA,La Folie,rappi,,0.13,11.97,1
10/05/2026,15,COL,Bogotá,36 VILLA DEL PRADO,La Folie,rappi,,10.37,2.03,1
10/05/2026,15,COL,Bogotá,36 VILLA DEL PRADO,La Folie,rappi,,12.6,0.9,1
10/05/2026,15,COL,Bogotá,36 VILLA DEL PRADO,La Folie,rappi,,10,1.35,1
10/05/2026,16,COL,Bogotá,36 VILLA DEL PRADO,La Folie,rappi,,11.5,7.97,1
10/05/2026,17,COL,Bogotá,06 COLINA,La Folie,rappi,,10.48,0.91,1
10/05/2026,18,COL,Bogotá,15 ENGATIVA,La Folie,rappi,,1.52,0.68,1
10/05/2026,18,COL,Bogotá,15 ENGATIVA,La Folie,rappi,,1.23,0.33,1
10/05/2026,19,COL,Bogotá,15 ENGATIVA,La Folie,rappi,,3.48,0.79,1
10/05/2026,20,COL,Bogotá,15 ENGATIVA,La Folie,rappi,,5.67,0.09,1
10/05/2026,7,COL,Bogotá,01 USAQUEN,La Folie Turbo,rappi,,16.88,1.21,1
10/05/2026,7,COL,Bogotá,08 ANDES,LA ÑAMGUCHERIA,rappi,13.26,7.5,0.76,1
10/05/2026,7,COL,Bogotá,08 ANDES,LA ÑAMGUCHERIA,rappi,6.37,0.67,0.41,1
10/05/2026,7,COL,Bogotá,06 COLINA,LA ÑAMGUCHERIA,rappi,,0,,1
10/05/2026,9,COL,Bogotá,13 CHIA,LA ÑAMGUCHERIA,rappi,64.13,4.37,0.27,1
10/05/2026,11,COL,Bogotá,01 USAQUEN,LA ÑAMGUCHERIA,rappi,18.19,0.23,2,1
10/05/2026,11,COL,Bogotá,01 USAQUEN,LA ÑAMGUCHERIA,rappi,10.09,1.8,0.88,1
10/05/2026,11,COL,Bogotá,06 COLINA,LA ÑAMGUCHERIA,rappi,22.25,10.55,0.81,1
10/05/2026,12,COL,Bogotá,06 COLINA,LA ÑAMGUCHERIA,rappi,19.06,6.65,2.22,1
10/05/2026,12,COL,Bogotá,06 COLINA,LA ÑAMGUCHERIA,rappi,16.41,7.57,0.97,1
10/05/2026,12,COL,Bogotá,13 CHIA,LA ÑAMGUCHERIA,rappi,26.98,9.28,0.9,1
10/05/2026,12,COL,Bogotá,01 USAQUEN,LA ÑAMGUCHERIA,rappi,13.01,0.52,6.03,1
10/05/2026,12,COL,Bogotá,38 KENNEDY,LA ÑAMGUCHERIA,rappi,18.31,9.05,0.91,1
10/05/2026,12,COL,Bogotá,13 CHIA,LA ÑAMGUCHERIA,rappi,19.72,14,3.78,1
10/05/2026,12,COL,Bogotá,13 CHIA,LA ÑAMGUCHERIA,rappi,20.65,14,0.85,1
10/05/2026,12,COL,Bogotá,13 CHIA,LA ÑAMGUCHERIA,rappi,22.4,1.65,8.64,1
10/05/2026,12,COL,Bogotá,38 KENNEDY,LA ÑAMGUCHERIA,rappi,15.89,7.7,1.21,1
10/05/2026,13,COL,Bogotá,45 VERAGUAS,LA ÑAMGUCHERIA,rappi,21.95,0.27,1.05,1
10/05/2026,13,COL,Bogotá,06 COLINA,LA ÑAMGUCHERIA,rappi,20.04,11.78,1.93,1
10/05/2026,13,COL,Bogotá,01 USAQUEN,LA ÑAMGUCHERIA,rappi,11.87,0.3,47.94,1
10/05/2026,13,COL,Bogotá,01 USAQUEN,LA ÑAMGUCHERIA,rappi,8.3,6.5,12.02,1
10/05/2026,13,COL,Bogotá,03 CHAPINERO,LA ÑAMGUCHERIA,rappi,18.29,7.4,1.47,1
10/05/2026,13,COL,Bogotá,03 CHAPINERO,LA ÑAMGUCHERIA,rappi,9.84,6.18,1.26,1
10/05/2026,13,COL,Bogotá,45 VERAGUAS,LA ÑAMGUCHERIA,rappi,24.75,12.15,2.26,1
10/05/2026,13,COL,Bogotá,15 ENGATIVA,LA ÑAMGUCHERIA,rappi,15.71,2.95,20.48,1
10/05/2026,13,COL,Bogotá,45 VERAGUAS,LA ÑAMGUCHERIA,rappi,16.73,3.38,0.18,1
10/05/2026,14,COL,Bogotá,01 USAQUEN,LA ÑAMGUCHERIA,rappi,17.43,0.2,6.04,1
10/05/2026,14,COL,Bogotá,65 CALLE 109,LA ÑAMGUCHERIA,rappi,21.6,1.22,7.91,1
10/05/2026,14,COL,Bogotá,06 COLINA,LA ÑAMGUCHERIA,rappi,66.66,58.42,8.4,1
10/05/2026,14,COL,Bogotá,06 COLINA,LA ÑAMGUCHERIA,rappi,45.67,49.97,19.25,1
10/05/2026,14,COL,Bogotá,06 COLINA,LA ÑAMGUCHERIA,rappi,22.21,0.12,38.81,1
10/05/2026,14,COL,Bogotá,69 ARRECIFE,LA ÑAMGUCHERIA,rappi,28.71,0.6,5.18,1
10/05/2026,14,COL,Bogotá,36 VILLA DEL PRADO,LA ÑAMGUCHERIA,rappi,16.3,7.83,1.87,1
10/05/2026,14,COL,Bogotá,02 PARQUE 93,LA ÑAMGUCHERIA,rappi,38.72,11.65,1,1
10/05/2026,15,COL,Bogotá,06 COLINA,LA ÑAMGUCHERIA,rappi,18.84,0.23,5.03,1
10/05/2026,15,COL,Bogotá,36 VILLA DEL PRADO,LA ÑAMGUCHERIA,rappi,24.01,2.2,4.49,1
10/05/2026,15,COL,Bogotá,36 VILLA DEL PRADO,LA ÑAMGUCHERIA,rappi,23.96,0.4,11.35,1
10/05/2026,15,COL,Bogotá,06 COLINA,LA ÑAMGUCHERIA,rappi,25.5,22.27,4.17,1
10/05/2026,16,COL,Bogotá,02 PARQUE 93,LA ÑAMGUCHERIA,rappi,10.42,6.27,0.72,1
10/05/2026,16,COL,Bogotá,36 VILLA DEL PRADO,LA ÑAMGUCHERIA,rappi,19.82,11.25,2.69,1
10/05/2026,17,COL,Bogotá,65 CALLE 109,LA ÑAMGUCHERIA,rappi,16.9,0.3,3.74,1
10/05/2026,17,COL,Bogotá,06 COLINA,LA ÑAMGUCHERIA,rappi,22.06,2.62,2.49,1
10/05/2026,17,COL,Bogotá,03 CHAPINERO,LA ÑAMGUCHERIA,rappi,5.94,3.75,2.89,1
10/05/2026,18,COL,Bogotá,03 CHAPINERO,LA ÑAMGUCHERIA,rappi,5.99,2.28,1.16,1
10/05/2026,18,COL,Bogotá,06 COLINA,LA ÑAMGUCHERIA,rappi,17.49,6.72,2.52,1
10/05/2026,18,COL,Bogotá,01 USAQUEN,LA ÑAMGUCHERIA,rappi,6.11,0.15,12.84,1
10/05/2026,18,COL,Bogotá,69 ARRECIFE,LA ÑAMGUCHERIA,rappi,31.45,7.1,3.04,1
10/05/2026,18,COL,Bogotá,02 PARQUE 93,LA ÑAMGUCHERIA,rappi,35,13.5,3.04,1
10/05/2026,18,COL,Bogotá,08 ANDES,LA ÑAMGUCHERIA,rappi,10.16,0.13,1.74,1
10/05/2026,19,COL,Bogotá,01 USAQUEN,LA ÑAMGUCHERIA,rappi,12.79,3.87,0.99,1
10/05/2026,19,COL,Bogotá,06 COLINA,LA ÑAMGUCHERIA,rappi,29.48,24.77,6.47,1
10/05/2026,19,COL,Bogotá,06 COLINA,LA ÑAMGUCHERIA,rappi,31.09,9.37,2.28,1
10/05/2026,19,COL,Bogotá,03 CHAPINERO,LA ÑAMGUCHERIA,rappi,11.94,0.33,2.77,1
10/05/2026,19,COL,Bogotá,02 PARQUE 93,LA ÑAMGUCHERIA,rappi,17.34,13.5,1.68,1
10/05/2026,19,COL,Bogotá,65 CALLE 109,LA ÑAMGUCHERIA,rappi,16.74,6.03,4.94,1
10/05/2026,19,COL,Bogotá,01 USAQUEN,LA ÑAMGUCHERIA,rappi,8.62,0.43,5.45,1
10/05/2026,19,COL,Bogotá,36 VILLA DEL PRADO,LA ÑAMGUCHERIA,rappi,9.99,0.58,19.97,1
10/05/2026,19,COL,Bogotá,36 VILLA DEL PRADO,LA ÑAMGUCHERIA,rappi,12.73,2.3,1.51,1
10/05/2026,19,COL,Bogotá,15 ENGATIVA,LA ÑAMGUCHERIA,rappi,29.37,13.32,0.98,1
10/05/2026,19,COL,Bogotá,03 CHAPINERO,LA ÑAMGUCHERIA,rappi,13.85,10.38,1.35,1
10/05/2026,19,COL,Bogotá,02 PARQUE 93,LA ÑAMGUCHERIA,rappi,21.02,8.65,0.69,1
10/05/2026,19,COL,Bogotá,01 USAQUEN,LA ÑAMGUCHERIA,rappi,13.25,1.13,2.72,1
10/05/2026,20,COL,Bogotá,02 PARQUE 93,LA ÑAMGUCHERIA,rappi,20.74,8.15,0.22,1
10/05/2026,20,COL,Bogotá,65 CALLE 109,LA ÑAMGUCHERIA,rappi,16.72,1,3.24,1
10/05/2026,20,COL,Bogotá,15 ENGATIVA,LA ÑAMGUCHERIA,rappi,19.15,10.67,1.58,1
10/05/2026,20,COL,Bogotá,08 ANDES,LA ÑAMGUCHERIA,rappi,14.03,9.37,1.02,1
10/05/2026,20,COL,Bogotá,06 COLINA,LA ÑAMGUCHERIA,rappi,17.81,0.15,30.11,1
10/05/2026,20,COL,Bogotá,45 VERAGUAS,LA ÑAMGUCHERIA,rappi,11.15,2.87,0.9,1
10/05/2026,20,COL,Bogotá,65 CALLE 109,LA ÑAMGUCHERIA,rappi,16.77,8.72,2.87,1
10/05/2026,20,COL,Bogotá,15 ENGATIVA,LA ÑAMGUCHERIA,rappi,10.09,5.82,0.79,1
10/05/2026,20,COL,Bogotá,65 CALLE 109,LA ÑAMGUCHERIA,rappi,9.78,1.1,12.77,1
10/05/2026,20,COL,Bogotá,03 CHAPINERO,LA ÑAMGUCHERIA,rappi,12.12,9.53,2.91,1
10/05/2026,20,COL,Bogotá,36 VILLA DEL PRADO,LA ÑAMGUCHERIA,rappi,16.85,8.98,0.48,1
10/05/2026,20,COL,Bogotá,69 ARRECIFE,LA ÑAMGUCHERIA,rappi,15.53,0.72,7.34,1
10/05/2026,20,COL,Bogotá,15 ENGATIVA,LA ÑAMGUCHERIA,rappi,12.92,0.7,35.14,1
10/05/2026,20,COL,Bogotá,08 ANDES,LA ÑAMGUCHERIA,rappi,17.05,1.18,0.09,1
10/05/2026,20,COL,Bogotá,38 KENNEDY,LA ÑAMGUCHERIA,rappi,28.13,2.58,10.25,1
10/05/2026,21,COL,Bogotá,03 CHAPINERO,LA ÑAMGUCHERIA,rappi,23.94,12.32,0.33,1
10/05/2026,21,COL,Bogotá,03 CHAPINERO,LA ÑAMGUCHERIA,rappi,24.01,19.28,0.14,1
10/05/2026,21,COL,Bogotá,65 CALLE 109,LA ÑAMGUCHERIA,rappi,18.19,5.13,2.91,1
10/05/2026,21,COL,Bogotá,01 USAQUEN,LA ÑAMGUCHERIA,rappi,18.37,0.33,5.87,1
10/05/2026,21,COL,Bogotá,36 VILLA DEL PRADO,LA ÑAMGUCHERIA,rappi,10.51,0.17,9.53,1
10/05/2026,21,COL,Bogotá,02 PARQUE 93,LA ÑAMGUCHERIA,rappi,27.06,16.98,0.25,1
10/05/2026,22,COL,Bogotá,03 CHAPINERO,LA ÑAMGUCHERIA,rappi,14.42,10.22,0.69,1
10/05/2026,22,COL,Bogotá,06 COLINA,LA ÑAMGUCHERIA,rappi,43.93,34.58,4.96,1
10/05/2026,22,COL,Bogotá,06 COLINA,LA ÑAMGUCHERIA,rappi,40.85,35.63,1.29,1
10/05/2026,22,COL,Bogotá,06 COLINA,LA ÑAMGUCHERIA,rappi,39.14,35.63,3,1
10/05/2026,22,COL,Bogotá,01 USAQUEN,LA ÑAMGUCHERIA,rappi,10.61,2.47,0.32,1
10/05/2026,22,COL,Bogotá,02 PARQUE 93,LA ÑAMGUCHERIA,rappi,18.03,7.73,0.42,1
10/05/2026,22,COL,Bogotá,02 PARQUE 93,LA ÑAMGUCHERIA,rappi,25.07,13.43,0.41,1
10/05/2026,23,COL,Bogotá,03 CHAPINERO,LA ÑAMGUCHERIA,rappi,20.25,3.4,1.85,1
10/05/2026,6,COL,Bogotá,01 USAQUEN,LA PANQUEQUERIA,rappi,7.52,1.38,34.54,1
10/05/2026,6,COL,Bogotá,01 USAQUEN,LA PANQUEQUERIA,rappi,11.83,0.53,36.21,1
10/05/2026,6,COL,Bogotá,15 ENGATIVA,LA PANQUEQUERIA,rappi,25.92,0.13,20.18,1
10/05/2026,6,COL,Bogotá,03 CHAPINERO,LA PANQUEQUERIA,rappi,4.06,0.83,10.39,1
10/05/2026,7,COL,Bogotá,15 ENGATIVA,LA PANQUEQUERIA,rappi,15.83,2.07,0.47,1
10/05/2026,7,COL,Bogotá,69 ARRECIFE,LA PANQUEQUERIA,rappi,12.37,0.87,1.86,1
10/05/2026,7,COL,Bogotá,03 CHAPINERO,LA PANQUEQUERIA,rappi,6.72,0.5,3.5,1
10/05/2026,7,COL,Bogotá,01 USAQUEN,LA PANQUEQUERIA,rappi,10.69,0.42,2.05,1
10/05/2026,7,COL,Bogotá,65 CALLE 109,LA PANQUEQUERIA,rappi,32.87,19.67,0.83,1
10/05/2026,7,COL,Bogotá,15 ENGATIVA,LA PANQUEQUERIA,rappi,33.26,0.25,1.83,1
10/05/2026,7,COL,Bogotá,02 PARQUE 93,LA PANQUEQUERIA,rappi,26.07,21.07,1.07,1
10/05/2026,7,COL,Bogotá,06 COLINA,LA PANQUEQUERIA,rappi,68.01,39.5,1.13,1
10/05/2026,7,COL,Bogotá,38 KENNEDY,LA PANQUEQUERIA,rappi,52.7,18.18,0.44,1
10/05/2026,7,COL,Bogotá,01 USAQUEN,LA PANQUEQUERIA,rappi,62.19,38.63,0.28,1
10/05/2026,7,COL,Bogotá,06 COLINA,LA PANQUEQUERIA,rappi,89.97,0.15,59.43,1
10/05/2026,7,COL,Bogotá,65 CALLE 109,LA PANQUEQUERIA,rappi,84.38,14.18,0.68,1
10/05/2026,7,COL,Bogotá,38 KENNEDY,LA PANQUEQUERIA,rappi,,0,,1
10/05/2026,7,COL,Bogotá,65 CALLE 109,LA PANQUEQUERIA,rappi,70.03,5.67,0.03,1
10/05/2026,7,COL,Bogotá,02 PARQUE 93,LA PANQUEQUERIA,rappi,36.78,32.95,1.15,1
10/05/2026,8,COL,Bogotá,38 KENNEDY,LA PANQUEQUERIA,rappi,89.84,7.1,0.49,1
10/05/2026,8,COL,Bogotá,45 VERAGUAS,LA PANQUEQUERIA,rappi,16.04,0.67,18.1,1
10/05/2026,8,COL,Bogotá,15 ENGATIVA,LA PANQUEQUERIA,rappi,140.27,3.52,1.03,1
10/05/2026,8,COL,Bogotá,65 CALLE 109,LA PANQUEQUERIA,rappi,,0,,1
10/05/2026,8,COL,Bogotá,08 ANDES,LA PANQUEQUERIA,rappi,12.86,5.55,2.77,1
10/05/2026,8,COL,Bogotá,06 COLINA,LA PANQUEQUERIA,rappi,,0,,1
10/05/2026,8,COL,Bogotá,06 COLINA,LA PANQUEQUERIA,rappi,125.39,0,,1
10/05/2026,8,COL,Bogotá,65 CALLE 109,LA PANQUEQUERIA,rappi,63.81,8.62,102.56,1
10/05/2026,9,COL,Bogotá,65 CALLE 109,LA PANQUEQUERIA,rappi,69.32,49.43,0,1
10/05/2026,9,COL,Bogotá,08 ANDES,LA PANQUEQUERIA,rappi,12.81,0.35,2.36,1
10/05/2026,9,COL,Bogotá,08 ANDES,LA PANQUEQUERIA,rappi,11.29,6.8,0.81,1
10/05/2026,9,COL,Bogotá,03 CHAPINERO,LA PANQUEQUERIA,rappi,23.19,19.05,0.82,1
10/05/2026,10,COL,Bogotá,65 CALLE 109,LA PANQUEQUERIA,rappi,76.51,1.05,0,1
10/05/2026,10,COL,Bogotá,65 CALLE 109,LA PANQUEQUERIA,rappi,75.65,4.6,59.32,1
10/05/2026,10,COL,Bogotá,01 USAQUEN,LA PANQUEQUERIA,rappi,7.12,0.1,2.88,1
10/05/2026,10,COL,Bogotá,01 USAQUEN,LA PANQUEQUERIA,rappi,27.08,8.48,0.14,1
10/05/2026,11,COL,Bogotá,38 KENNEDY,LA PANQUEQUERIA,rappi,,0.47,9.06,1
10/05/2026,11,COL,Bogotá,08 ANDES,LA PANQUEQUERIA,rappi,10.87,6.87,1.02,1
10/05/2026,17,COL,Bogotá,15 ENGATIVA,LA PANQUEQUERIA,rappi,23.04,7.58,0.99,1
10/05/2026,19,COL,Bogotá,36 VILLA DEL PRADO,LA PANQUEQUERIA,rappi,15.69,0.62,11.39,1
10/05/2026,21,COL,Bogotá,08 ANDES,LA PANQUEQUERIA,rappi,24.35,20.47,0.91,1
10/05/2026,8,COL,Bogotá,06 COLINA,Local - Cocina Consciente,rappi,,0,,1
10/05/2026,10,COL,Bogotá,01 USAQUEN,Local - Cocina Consciente,rappi,33.95,29.43,0.71,1
10/05/2026,14,COL,Bogotá,45 VERAGUAS,Local - Cocina Consciente,rappi,21.36,8.98,0.48,1
10/05/2026,14,COL,Bogotá,45 VERAGUAS,Local - Cocina Consciente,rappi,,0.32,3.21,1
10/05/2026,20,COL,Bogotá,08 ANDES,Local - Cocina Consciente,rappi,5.86,1.13,0.21,1
10/05/2026,22,COL,Bogotá,03 CHAPINERO,Local - Cocina Consciente,rappi,16.88,13.77,1.96,1
10/05/2026,6,COL,Bogotá,45 VERAGUAS,Mañanero Diario,rappi,12.16,0.3,5.97,1
10/05/2026,6,COL,Bogotá,06 COLINA,Mañanero Diario,rappi,51.12,12.27,44.81,1
10/05/2026,7,COL,Bogotá,13 CHIA,Mañanero Diario,rappi,20.81,1.55,28.3,1
10/05/2026,7,COL,Bogotá,13 CHIA,Mañanero Diario,rappi,53.19,23.58,0.94,1
10/05/2026,7,COL,Bogotá,13 CHIA,Mañanero Diario,rappi,30.71,23.87,0.32,1
10/05/2026,8,COL,Bogotá,65 CALLE 109,Mañanero Diario,rappi,21.06,16.87,0.84,1
10/05/2026,8,COL,Bogotá,36 VILLA DEL PRADO,Mañanero Diario,rappi,126.81,87.8,1.21,1
10/05/2026,8,COL,Bogotá,15 ENGATIVA,Mañanero Diario,rappi,115.23,60.57,0.72,1
10/05/2026,8,COL,Bogotá,45 VERAGUAS,Mañanero Diario,rappi,17.59,9.92,0.47,1
10/05/2026,8,COL,Bogotá,65 CALLE 109,Mañanero Diario,rappi,45.86,1,9.05,1
10/05/2026,8,COL,Bogotá,06 COLINA,Mañanero Diario,rappi,102.8,76.13,0.19,1
10/05/2026,10,COL,Bogotá,08 ANDES,Mañanero Diario,rappi,12.89,8.02,1.03,1
10/05/2026,10,COL,Bogotá,38 KENNEDY,Mañanero Diario,rappi,,0.83,11.56,1
10/05/2026,10,COL,Bogotá,08 ANDES,Mañanero Diario,rappi,4.09,0,0.76,1
10/05/2026,22,COL,Bogotá,03 CHAPINERO,Mañanero Diario,rappi,24.07,5.32,0.91,1
10/05/2026,7,COL,Bogotá,36 VILLA DEL PRADO,Mañanero Diario Turbo,rappi,17.86,0.37,5.09,1
10/05/2026,8,COL,Bogotá,08 ANDES,Mañanero Diario Turbo,rappi,2.78,0.38,7.15,1
10/05/2026,8,COL,Bogotá,08 ANDES,Mañanero Diario Turbo,rappi,4,0,0.92,1
10/05/2026,10,COL,Bogotá,50 CHICO,Mañanero Diario Turbo,rappi,2.49,1.97,4.09,1
10/05/2026,10,COL,Bogotá,03 CHAPINERO,Mañanero Diario Turbo,rappi,3.57,0,1.13,1
10/05/2026,13,COL,Bogotá,08 ANDES,MonteVerde,rappi,6.25,0.37,5.78,1
10/05/2026,16,COL,Bogotá,06 COLINA,MonteVerde,rappi,14.85,0.38,11.57,1
10/05/2026,19,COL,Bogotá,69 ARRECIFE,MonteVerde,rappi,23.83,1.25,15.29,1
10/05/2026,21,COL,Bogotá,02 PARQUE 93,MonteVerde,rappi,29.96,18.32,0.82,1
10/05/2026,11,COL,Bogotá,03 CHAPINERO,Monteverde Turbo,rappi,8.86,0.93,0.89,1
10/05/2026,12,COL,Bogotá,38 KENNEDY,Monteverde Turbo,rappi,10.4,2.08,1.68,1
10/05/2026,12,COL,Bogotá,08 ANDES,Monteverde Turbo,rappi,6.16,3.43,2.09,1
10/05/2026,14,COL,Bogotá,08 ANDES,Monteverde Turbo,rappi,7.61,3.07,0.4,1
10/05/2026,15,COL,Bogotá,36 VILLA DEL PRADO,Monteverde Turbo,rappi,6.13,2.33,1.08,1
10/05/2026,15,COL,Bogotá,38 KENNEDY,Monteverde Turbo,rappi,14.68,9.83,1.31,1
10/05/2026,15,COL,Bogotá,03 CHAPINERO,Monteverde Turbo,rappi,2.62,0,2.34,1
10/05/2026,15,COL,Bogotá,38 KENNEDY,Monteverde Turbo,rappi,5.41,1.62,0.94,1
10/05/2026,16,COL,Bogotá,08 ANDES,Monteverde Turbo,rappi,4.9,0.2,0.19,1
10/05/2026,19,COL,Bogotá,65 CALLE 109,Monteverde Turbo,rappi,3.1,0.75,3.59,1
10/05/2026,20,COL,Bogotá,36 VILLA DEL PRADO,Monteverde Turbo,rappi,8.46,0.65,13.4,1
10/05/2026,20,COL,Bogotá,03 CHAPINERO,Monteverde Turbo,rappi,9.09,4.93,0.86,1
10/05/2026,21,COL,Bogotá,03 CHAPINERO,Monteverde Turbo,rappi,5.55,2.3,1.62,1
10/05/2026,21,COL,Bogotá,01 USAQUEN,Monteverde Turbo,rappi,5.62,0.73,0.19,1
10/05/2026,11,COL,Bogotá,08 ANDES,Mr Beast Burger,rappi,27.79,18.62,1.01,1
10/05/2026,11,COL,Bogotá,45 VERAGUAS,Mr Beast Burger,rappi,25.81,6.33,0.89,1
10/05/2026,11,COL,Bogotá,13 CHIA,Mr Beast Burger,rappi,25.91,8.4,0.19,1
10/05/2026,11,COL,Bogotá,13 CHIA,Mr Beast Burger,rappi,29.61,0.18,7.12,1
10/05/2026,11,COL,Bogotá,03 CHAPINERO,Mr Beast Burger,rappi,18.7,0.47,6.4,1
10/05/2026,12,COL,Bogotá,38 KENNEDY,Mr Beast Burger,rappi,10.15,0.5,20.79,1
10/05/2026,12,COL,Bogotá,45 VERAGUAS,Mr Beast Burger,rappi,22.87,4.07,1.79,1
10/05/2026,12,COL,Bogotá,45 VERAGUAS,Mr Beast Burger,rappi,11.08,0.15,11,1
10/05/2026,13,COL,Bogotá,45 VERAGUAS,Mr Beast Burger,rappi,14.75,0.23,32.87,1
10/05/2026,13,COL,Bogotá,08 ANDES,Mr Beast Burger,rappi,9.27,5.33,0.9,1
10/05/2026,13,COL,Bogotá,36 VILLA DEL PRADO,Mr Beast Burger,rappi,26.1,6.08,0.94,1
10/05/2026,13,COL,Bogotá,03 CHAPINERO,Mr Beast Burger,rappi,12.77,0.33,16.26,1
10/05/2026,14,COL,Bogotá,13 CHIA,Mr Beast Burger,rappi,32.07,0.2,11.74,1
10/05/2026,14,COL,Bogotá,45 VERAGUAS,Mr Beast Burger,rappi,27.09,14.58,0.17,1
10/05/2026,14,COL,Bogotá,01 USAQUEN,Mr Beast Burger,rappi,23.81,0.23,4.91,1
10/05/2026,14,COL,Bogotá,36 VILLA DEL PRADO,Mr Beast Burger,rappi,11.8,0.35,7.02,1
10/05/2026,14,COL,Bogotá,15 ENGATIVA,Mr Beast Burger,rappi,,0.63,16.17,1
10/05/2026,14,COL,Bogotá,65 CALLE 109,Mr Beast Burger,rappi,14.18,10.45,1.07,1
10/05/2026,14,COL,Bogotá,45 VERAGUAS,Mr Beast Burger,rappi,29.03,0.33,16.99,1
10/05/2026,14,COL,Bogotá,06 COLINA,Mr Beast Burger,rappi,47.38,39.08,0.8,1
10/05/2026,14,COL,Bogotá,45 VERAGUAS,Mr Beast Burger,rappi,36,19.97,15.59,1
10/05/2026,15,COL,Bogotá,38 KENNEDY,Mr Beast Burger,rappi,8.95,0.43,19.11,1
10/05/2026,16,COL,Bogotá,15 ENGATIVA,Mr Beast Burger,rappi,17.04,1.35,0.82,1
10/05/2026,16,COL,Bogotá,03 CHAPINERO,Mr Beast Burger,rappi,11.11,0.13,2.27,1
10/05/2026,17,COL,Bogotá,38 KENNEDY,Mr Beast Burger,rappi,10.79,0.27,2.82,1
10/05/2026,18,COL,Bogotá,38 KENNEDY,Mr Beast Burger,rappi,14.46,4.43,22,1
10/05/2026,18,COL,Bogotá,38 KENNEDY,Mr Beast Burger,rappi,9.72,0.2,33.17,1
10/05/2026,18,COL,Bogotá,02 PARQUE 93,Mr Beast Burger,rappi,16.69,7.52,0.34,1
10/05/2026,18,COL,Bogotá,45 VERAGUAS,Mr Beast Burger,rappi,12.67,0.42,29.38,1
10/05/2026,19,COL,Bogotá,01 USAQUEN,Mr Beast Burger,rappi,14.17,0.25,22.78,1
10/05/2026,19,COL,Bogotá,02 PARQUE 93,Mr Beast Burger,rappi,18.07,6.98,0.42,1
10/05/2026,19,COL,Bogotá,06 COLINA,Mr Beast Burger,rappi,21.23,6.18,1.84,1
10/05/2026,19,COL,Bogotá,15 ENGATIVA,Mr Beast Burger,rappi,17.36,0.3,23.68,1
10/05/2026,19,COL,Bogotá,01 USAQUEN,Mr Beast Burger,rappi,13.82,7.48,1.05,1
10/05/2026,19,COL,Bogotá,03 CHAPINERO,Mr Beast Burger,rappi,14.72,0.58,23.38,1
10/05/2026,19,COL,Bogotá,06 COLINA,Mr Beast Burger,rappi,,0,,1
10/05/2026,19,COL,Bogotá,06 COLINA,Mr Beast Burger,rappi,23.25,14.25,2.99,1
10/05/2026,20,COL,Bogotá,36 VILLA DEL PRADO,Mr Beast Burger,rappi,18.85,14.22,1.02,1
10/05/2026,20,COL,Bogotá,36 VILLA DEL PRADO,Mr Beast Burger,rappi,18.7,0.47,15.13,1
10/05/2026,20,COL,Bogotá,69 ARRECIFE,Mr Beast Burger,rappi,12.05,0.1,19.09,1
10/05/2026,20,COL,Bogotá,15 ENGATIVA,Mr Beast Burger,rappi,23.02,1.3,0.51,1
10/05/2026,20,COL,Bogotá,65 CALLE 109,Mr Beast Burger,rappi,20.87,10.82,2.31,1
10/05/2026,20,COL,Bogotá,08 ANDES,Mr Beast Burger,rappi,9.11,4.82,0.76,1
10/05/2026,20,COL,Bogotá,03 CHAPINERO,Mr Beast Burger,rappi,21.9,0.17,7.22,1
10/05/2026,20,COL,Bogotá,36 VILLA DEL PRADO,Mr Beast Burger,rappi,16.9,0.27,2.3,1
10/05/2026,21,COL,Bogotá,15 ENGATIVA,Mr Beast Burger,rappi,6.38,2.53,11.06,1
10/05/2026,21,COL,Bogotá,01 USAQUEN,Mr Beast Burger,rappi,20.96,11.58,0.7,1
10/05/2026,21,COL,Bogotá,15 ENGATIVA,Mr Beast Burger,rappi,16.98,7.1,2.23,1
10/05/2026,21,COL,Bogotá,38 KENNEDY,Mr Beast Burger,rappi,10.87,2.27,12.07,1
10/05/2026,21,COL,Bogotá,15 ENGATIVA,Mr Beast Burger,rappi,11.26,5.63,0,1
10/05/2026,21,COL,Bogotá,02 PARQUE 93,Mr Beast Burger,rappi,18.81,6.98,0.77,1
10/05/2026,21,COL,Bogotá,03 CHAPINERO,Mr Beast Burger,rappi,17.14,0.42,14.73,1
10/05/2026,21,COL,Bogotá,01 USAQUEN,Mr Beast Burger,rappi,10.3,0.43,4.91,1
10/05/2026,22,COL,Bogotá,06 COLINA,Mr Beast Burger,rappi,27.86,0.93,33.86,1
10/05/2026,22,COL,Bogotá,06 COLINA,Mr Beast Burger,rappi,23.25,18.1,3.18,1
10/05/2026,12,COL,Bogotá,01 USAQUEN,Mr Beast Burger Turbo,rappi,5.01,0.78,2.44,1
10/05/2026,12,COL,Bogotá,08 ANDES,Mr Beast Burger Turbo,rappi,6.23,2.05,0.78,1
10/05/2026,13,COL,Bogotá,65 CALLE 109,Mr Beast Burger Turbo,rappi,3.56,4.63,6.21,1
10/05/2026,13,COL,Bogotá,38 KENNEDY,Mr Beast Burger Turbo,rappi,10.21,4.9,1.03,1
10/05/2026,14,COL,Bogotá,38 KENNEDY,Mr Beast Burger Turbo,rappi,9.93,0.47,5.03,1
10/05/2026,14,COL,Bogotá,38 KENNEDY,Mr Beast Burger Turbo,rappi,11.18,0.18,2.88,1
10/05/2026,16,COL,Bogotá,36 VILLA DEL PRADO,Mr Beast Burger Turbo,rappi,6.91,2.57,0.81,1
10/05/2026,17,COL,Bogotá,08 ANDES,Mr Beast Burger Turbo,rappi,4.94,0.58,0.79,1
10/05/2026,17,COL,Bogotá,36 VILLA DEL PRADO,Mr Beast Burger Turbo,rappi,6.02,1.5,0.66,1
10/05/2026,18,COL,Bogotá,65 CALLE 109,Mr Beast Burger Turbo,rappi,2.56,3.28,6,1
10/05/2026,18,COL,Bogotá,38 KENNEDY,Mr Beast Burger Turbo,rappi,5.94,2.68,1.85,1
10/05/2026,20,COL,Bogotá,36 VILLA DEL PRADO,Mr Beast Burger Turbo,rappi,4.69,0.4,16.13,1
10/05/2026,20,COL,Bogotá,36 VILLA DEL PRADO,Mr Beast Burger Turbo,rappi,7.78,2.52,0.3,1
10/05/2026,20,COL,Bogotá,01 USAQUEN,Mr Beast Burger Turbo,rappi,12.17,7.22,3.72,1
10/05/2026,20,COL,Bogotá,38 KENNEDY,Mr Beast Burger Turbo,rappi,14.15,9.12,51.89,1
10/05/2026,20,COL,Bogotá,36 VILLA DEL PRADO,Mr Beast Burger Turbo,rappi,4.93,0.45,0.72,1
10/05/2026,20,COL,Bogotá,38 KENNEDY,Mr Beast Burger Turbo,rappi,19.93,1.02,3.01,1
10/05/2026,20,COL,Bogotá,08 ANDES,Mr Beast Burger Turbo,rappi,8.1,1.1,42.99,1
10/05/2026,21,COL,Bogotá,36 VILLA DEL PRADO,Mr Beast Burger Turbo,rappi,10.83,2.93,0.48,1
10/05/2026,12,COL,Bogotá,01 USAQUEN,Ñamgucheria Turbo,rappi,5.02,0.47,0.25,1
10/05/2026,14,COL,Bogotá,08 ANDES,Ñamgucheria Turbo,rappi,7.2,2.52,0.08,1
10/05/2026,17,COL,Bogotá,01 USAQUEN,Ñamgucheria Turbo,rappi,7.62,3.25,0.51,1
10/05/2026,17,COL,Bogotá,01 USAQUEN,Ñamgucheria Turbo,rappi,4.89,0.42,0.33,1
10/05/2026,19,COL,Bogotá,01 USAQUEN,Ñamgucheria Turbo,rappi,5.03,0.68,0.77,1
10/05/2026,19,COL,Bogotá,01 USAQUEN,Ñamgucheria Turbo,rappi,4.16,0,0.09,1
10/05/2026,19,COL,Bogotá,01 USAQUEN,Ñamgucheria Turbo,rappi,8.89,0.6,1.07,1
10/05/2026,19,COL,Bogotá,01 USAQUEN,Ñamgucheria Turbo,rappi,4.09,0.23,3.29,1
10/05/2026,20,COL,Bogotá,01 USAQUEN,Ñamgucheria Turbo,rappi,5.18,0.88,0.73,1
10/05/2026,20,COL,Bogotá,01 USAQUEN,Ñamgucheria Turbo,rappi,6.07,1.85,0.82,1
10/05/2026,21,COL,Bogotá,01 USAQUEN,Ñamgucheria Turbo,rappi,7.08,1.27,0.77,1
10/05/2026,21,COL,Bogotá,01 USAQUEN,Ñamgucheria Turbo,rappi,10.35,0.53,0.75,1
10/05/2026,21,COL,Bogotá,01 USAQUEN,Ñamgucheria Turbo,rappi,6.45,1.32,0.11,1
10/05/2026,21,COL,Bogotá,01 USAQUEN,Ñamgucheria Turbo,rappi,6.56,2.47,1.1,1
10/05/2026,21,COL,Bogotá,01 USAQUEN,Ñamgucheria Turbo,rappi,7.58,2.92,0.35,1
10/05/2026,23,COL,Bogotá,03 CHAPINERO,Numa Cocina Mediterranea,rappi,28.23,0.38,7.55,1
10/05/2026,16,COL,Bogotá,08 ANDES,Numa Cocina Mediterranea - Turbo,rappi,9.6,6.47,2.07,1
10/05/2026,7,COL,Bogotá,02 PARQUE 93,Pret Sandwich Bistro,rappi,106.2,0.38,1.78,1
10/05/2026,14,COL,Bogotá,15 ENGATIVA,Pret Sandwich Bistro,rappi,41.03,18.4,1.95,1
10/05/2026,19,COL,Bogotá,01 USAQUEN,Pret Sandwich Bistro,rappi,25.9,0.28,29.11,1
10/05/2026,19,COL,Bogotá,01 USAQUEN,Pret Sandwich Bistro,rappi,25.36,16.22,0.91,1
10/05/2026,20,COL,Bogotá,15 ENGATIVA,Pret Sandwich Bistro,rappi,23,6.48,1.23,1
10/05/2026,22,COL,Bogotá,03 CHAPINERO,Pret Sandwich Bistro,rappi,11.79,1.45,3.14,1
10/05/2026,22,COL,Bogotá,02 PARQUE 93,Pret Sandwich Bistro,rappi,23.87,10.35,0.83,1
10/05/2026,23,COL,Bogotá,03 CHAPINERO,Pret Sandwich Bistro,rappi,21.86,0.45,25.75,1
10/05/2026,12,COL,Bogotá,01 USAQUEN,Pret Sandwich Bistro Turbo,rappi,3.96,2.83,4.6,1
10/05/2026,16,COL,Bogotá,36 VILLA DEL PRADO,Pret Sandwich Bistro Turbo,rappi,14.81,10.37,0.8,1
10/05/2026,18,COL,Bogotá,01 USAQUEN,Pret Sandwich Bistro Turbo,rappi,5.02,0.65,0.75,1
10/05/2026,20,COL,Bogotá,01 USAQUEN,Pret Sandwich Bistro Turbo,rappi,4.84,0.68,3.97,1
10/05/2026,12,COL,Bogotá,06 COLINA,Que Chicken,rappi,22.88,14.6,1.04,1
10/05/2026,12,COL,Bogotá,13 CHIA,Que Chicken,rappi,25.78,16.83,0.5,1
10/05/2026,13,COL,Bogotá,02 PARQUE 93,Que Chicken,rappi,42.01,21.52,1.98,1
10/05/2026,22,COL,Bogotá,01 USAQUEN,Que Chicken,rappi,16.46,4.53,0.59,1
10/05/2026,23,COL,Bogotá,01 USAQUEN,Que Chicken,rappi,25.67,11.68,0.18,1
10/05/2026,9,COL,Bogotá,13 CHIA,San Jeronimo,rappi,,17.93,0.15,1
10/05/2026,11,COL,Bogotá,38 KENNEDY,San Jeronimo,rappi,,0,2.02,1
10/05/2026,13,COL,Bogotá,45 VERAGUAS,San Jeronimo,rappi,,0.3,48.36,1
10/05/2026,14,COL,Bogotá,01 USAQUEN,San Jeronimo,rappi,,0.65,38.92,1
10/05/2026,14,COL,Bogotá,01 USAQUEN,San Jeronimo,rappi,,1.9,0.21,1
10/05/2026,14,COL,Bogotá,06 COLINA,San Jeronimo,rappi,,0.7,76.98,1
10/05/2026,15,COL,Bogotá,02 PARQUE 93,San Jeronimo,rappi,,0.27,7.91,1
10/05/2026,15,COL,Bogotá,06 COLINA,San Jeronimo,rappi,,0.33,44.78,1
10/05/2026,16,COL,Bogotá,36 VILLA DEL PRADO,San Jeronimo,rappi,,1.37,17.1,1
10/05/2026,16,COL,Bogotá,02 PARQUE 93,San Jeronimo,rappi,,0.65,14.08,1
10/05/2026,16,COL,Bogotá,01 USAQUEN,San Jeronimo,rappi,,0.38,10.11,1
10/05/2026,16,COL,Bogotá,01 USAQUEN,San Jeronimo,rappi,,1.27,23.21,1
10/05/2026,16,COL,Bogotá,36 VILLA DEL PRADO,San Jeronimo,rappi,,3.63,6.09,1
10/05/2026,17,COL,Bogotá,45 VERAGUAS,San Jeronimo,rappi,,9.55,0.82,1
10/05/2026,17,COL,Bogotá,02 PARQUE 93,San Jeronimo,rappi,,1.03,23.07,1
10/05/2026,18,COL,Bogotá,15 ENGATIVA,San Jeronimo,rappi,,3.85,1.01,1
10/05/2026,19,COL,Bogotá,15 ENGATIVA,San Jeronimo,rappi,,1.23,0.75,1
10/05/2026,20,COL,Bogotá,06 COLINA,San Jeronimo,rappi,,0.32,13.24,1
10/05/2026,21,COL,Bogotá,01 USAQUEN,San Jeronimo,rappi,,0.63,12.76,1
10/05/2026,21,COL,Bogotá,03 CHAPINERO,San Jeronimo,rappi,,0.45,13.21,1
10/05/2026,22,COL,Bogotá,03 CHAPINERO,San Jeronimo,rappi,,0,0.68,1
10/05/2026,12,COL,Bogotá,01 USAQUEN,SAN JERÓNIMO TURBO,rappi,,0,2.87,1
10/05/2026,13,COL,Bogotá,36 VILLA DEL PRADO,SAN JERÓNIMO TURBO,rappi,,0.38,5.01,1
10/05/2026,13,COL,Bogotá,36 VILLA DEL PRADO,SAN JERÓNIMO TURBO,rappi,,0,0.67,1
10/05/2026,14,COL,Bogotá,38 KENNEDY,SAN JERÓNIMO TURBO,rappi,,0.8,13.96,1
10/05/2026,14,COL,Bogotá,38 KENNEDY,SAN JERÓNIMO TURBO,rappi,,0,0.65,1
10/05/2026,14,COL,Bogotá,36 VILLA DEL PRADO,SAN JERÓNIMO TURBO,rappi,,0.22,0.56,1
10/05/2026,14,COL,Bogotá,03 CHAPINERO,SAN JERÓNIMO TURBO,rappi,,0.38,2.05,1
10/05/2026,14,COL,Bogotá,01 USAQUEN,SAN JERÓNIMO TURBO,rappi,,0,0.16,1
10/05/2026,15,COL,Bogotá,38 KENNEDY,SAN JERÓNIMO TURBO,rappi,,1.27,21.24,1
10/05/2026,15,COL,Bogotá,06 COLINA,SAN JERÓNIMO TURBO,rappi,,0.48,4.28,1
10/05/2026,15,COL,Bogotá,01 USAQUEN,SAN JERÓNIMO TURBO,rappi,,0,1.05,1
10/05/2026,15,COL,Bogotá,36 VILLA DEL PRADO,SAN JERÓNIMO TURBO,rappi,,0,0.94,1
10/05/2026,15,COL,Bogotá,03 CHAPINERO,SAN JERÓNIMO TURBO,rappi,,0,0.86,1
10/05/2026,15,COL,Bogotá,36 VILLA DEL PRADO,SAN JERÓNIMO TURBO,rappi,,0.15,0.61,1
10/05/2026,16,COL,Bogotá,36 VILLA DEL PRADO,SAN JERÓNIMO TURBO,rappi,,2.03,0.05,1
10/05/2026,16,COL,Bogotá,02 PARQUE 93,SAN JERÓNIMO TURBO,rappi,,0.37,5.33,1
10/05/2026,16,COL,Bogotá,01 USAQUEN,SAN JERÓNIMO TURBO,rappi,,0,3.06,1
10/05/2026,16,COL,Bogotá,01 USAQUEN,SAN JERÓNIMO TURBO,rappi,,0.27,5.97,1
10/05/2026,16,COL,Bogotá,08 ANDES,SAN JERÓNIMO TURBO,rappi,,0.1,4.99,1
10/05/2026,17,COL,Bogotá,06 COLINA,SAN JERÓNIMO TURBO,rappi,,0.33,6.19,1
10/05/2026,17,COL,Bogotá,38 KENNEDY,SAN JERÓNIMO TURBO,rappi,,0,0.82,1
10/05/2026,18,COL,Bogotá,01 USAQUEN,SAN JERÓNIMO TURBO,rappi,,0,3.54,1
10/05/2026,18,COL,Bogotá,03 CHAPINERO,SAN JERÓNIMO TURBO,rappi,,0,3.63,1
10/05/2026,18,COL,Bogotá,08 ANDES,SAN JERÓNIMO TURBO,rappi,,0.32,5.74,1
10/05/2026,18,COL,Bogotá,03 CHAPINERO,SAN JERÓNIMO TURBO,rappi,,0.25,2.54,1
10/05/2026,18,COL,Bogotá,36 VILLA DEL PRADO,SAN JERÓNIMO TURBO,rappi,,0.25,5.03,1
10/05/2026,20,COL,Bogotá,01 USAQUEN,SAN JERÓNIMO TURBO,rappi,,0,2.04,1
10/05/2026,21,COL,Bogotá,03 CHAPINERO,SAN JERÓNIMO TURBO,rappi,,0.38,0.14,1
10/05/2026,6,COL,Bogotá,01 USAQUEN,SÁNDUCHES EL JEFE,rappi,15.46,3.42,27.59,1
10/05/2026,7,COL,Bogotá,15 ENGATIVA,SÁNDUCHES EL JEFE,rappi,56.94,18.12,14.93,1
10/05/2026,9,COL,Bogotá,03 CHAPINERO,SÁNDUCHES EL JEFE,rappi,28.95,17.75,0.83,1
10/05/2026,9,COL,Bogotá,13 CHIA,SÁNDUCHES EL JEFE,rappi,39.17,32.7,0.74,1
10/05/2026,11,COL,Bogotá,13 CHIA,SÁNDUCHES EL JEFE,rappi,23.32,19.33,0.86,1
10/05/2026,14,COL,Bogotá,08 ANDES,SÁNDUCHES EL JEFE,rappi,16.07,2.87,15.69,1
10/05/2026,14,COL,Bogotá,13 CHIA,SÁNDUCHES EL JEFE,rappi,17.4,12.7,1.86,1
10/05/2026,21,COL,Bogotá,38 KENNEDY,SÁNDUCHES EL JEFE,rappi,17.28,0.22,10.92,1
10/05/2026,21,COL,Bogotá,01 USAQUEN,SÁNDUCHES EL JEFE,rappi,19.12,7.72,3.21,1
10/05/2026,23,COL,Bogotá,02 PARQUE 93,SÁNDUCHES EL JEFE,rappi,15.77,8.62,0.21,1
10/05/2026,15,COL,Bogotá,50 CHICO,Selvatiko,rappi,5.97,5.32,4.22,1
10/05/2026,18,COL,Bogotá,03 CHAPINERO,Selvatiko,rappi,6.97,0.2,12.22,1
10/05/2026,21,COL,Bogotá,01 USAQUEN,Selvatiko,rappi,11.79,2.65,0.41,1
10/05/2026,17,COL,Bogotá,02 PARQUE 93,Selvatiko Turbo,rappi,12.17,9,1.81,1
10/05/2026,9,COL,Bogotá,38 KENNEDY,Señor Burrito,rappi,44.22,1.7,0.78,1
10/05/2026,11,COL,Bogotá,38 KENNEDY,Señor Burrito,rappi,9.4,0.27,6.51,1
10/05/2026,12,COL,Bogotá,03 CHAPINERO,Señor Burrito,rappi,14.02,0.28,15.57,1
10/05/2026,19,COL,Bogotá,69 ARRECIFE,Señor Burrito,rappi,8.15,0.95,5.94,1
10/05/2026,17,COL,Bogotá,03 CHAPINERO,Señor Burrito Turbo,rappi,5.17,0.13,1.26,1
10/05/2026,6,COL,Bogotá,06 COLINA,The Breakfast Club,rappi,22.73,0.43,11.12,1
10/05/2026,6,COL,Bogotá,06 COLINA,The Breakfast Club,rappi,21.23,0.28,52.96,1
10/05/2026,6,COL,Bogotá,15 ENGATIVA,The Breakfast Club,rappi,14.2,0.83,27.98,1
10/05/2026,6,COL,Bogotá,01 USAQUEN,The Breakfast Club,rappi,6.67,0,,1
10/05/2026,6,COL,Bogotá,38 KENNEDY,The Breakfast Club,rappi,11.21,3.73,0.73,1
10/05/2026,6,COL,Bogotá,65 CALLE 109,The Breakfast Club,rappi,5.95,0.27,19.22,1
10/05/2026,7,COL,Bogotá,02 PARQUE 93,The Breakfast Club,rappi,16.94,13.7,1.46,1
10/05/2026,7,COL,Bogotá,02 PARQUE 93,The Breakfast Club,rappi,11.09,13.7,7.32,1
10/05/2026,7,COL,Bogotá,02 PARQUE 93,The Breakfast Club,rappi,25.95,1.13,1.86,1
10/05/2026,7,COL,Bogotá,03 CHAPINERO,The Breakfast Club,rappi,7.06,0.57,10.94,1
10/05/2026,7,COL,Bogotá,08 ANDES,The Breakfast Club,rappi,12.9,8.38,0.32,1
10/05/2026,7,COL,Bogotá,65 CALLE 109,The Breakfast Club,rappi,33.55,9.28,1.42,1
10/05/2026,7,COL,Bogotá,03 CHAPINERO,The Breakfast Club,rappi,10.73,1.03,31.17,1
10/05/2026,7,COL,Bogotá,65 CALLE 109,The Breakfast Club,rappi,38.42,15.63,1.72,1
10/05/2026,7,COL,Bogotá,01 USAQUEN,The Breakfast Club,rappi,18.38,0.08,103.14,1
10/05/2026,7,COL,Bogotá,13 CHIA,The Breakfast Club,rappi,21.56,10.7,0.4,1
10/05/2026,7,COL,Bogotá,01 USAQUEN,The Breakfast Club,rappi,,0,,1
10/05/2026,7,COL,Bogotá,13 CHIA,The Breakfast Club,rappi,27.6,19.12,5.01,1
10/05/2026,7,COL,Bogotá,65 CALLE 109,The Breakfast Club,rappi,71.55,14.8,0.25,1
10/05/2026,7,COL,Bogotá,01 USAQUEN,The Breakfast Club,rappi,5.51,0.42,22.63,1
10/05/2026,7,COL,Bogotá,38 KENNEDY,The Breakfast Club,rappi,32.83,28.2,10.12,1
10/05/2026,7,COL,Bogotá,38 KENNEDY,The Breakfast Club,rappi,39.58,28.2,3.38,1
10/05/2026,7,COL,Bogotá,01 USAQUEN,The Breakfast Club,rappi,6.34,0.62,10.6,1
10/05/2026,7,COL,Bogotá,01 USAQUEN,The Breakfast Club,rappi,4.64,1.12,21.48,1
10/05/2026,7,COL,Bogotá,38 KENNEDY,The Breakfast Club,rappi,13.05,0.6,16.21,1
10/05/2026,7,COL,Bogotá,36 VILLA DEL PRADO,The Breakfast Club,rappi,88.94,26.05,1.14,1
10/05/2026,7,COL,Bogotá,01 USAQUEN,The Breakfast Club,rappi,9.51,0.63,3.43,1
10/05/2026,7,COL,Bogotá,03 CHAPINERO,The Breakfast Club,rappi,19,0.2,3.15,1
10/05/2026,7,COL,Bogotá,01 USAQUEN,The Breakfast Club,rappi,28.78,0.47,58.39,1
10/05/2026,7,COL,Bogotá,01 USAQUEN,The Breakfast Club,rappi,21.92,8.47,0.81,1
10/05/2026,7,COL,Bogotá,02 PARQUE 93,The Breakfast Club,rappi,24.2,18.25,1.7,1
10/05/2026,7,COL,Bogotá,15 ENGATIVA,The Breakfast Club,rappi,45.78,0.05,1.33,1
10/05/2026,7,COL,Bogotá,38 KENNEDY,The Breakfast Club,rappi,35.05,31.45,1.2,1
10/05/2026,7,COL,Bogotá,08 ANDES,The Breakfast Club,rappi,5.24,1.42,11.88,1
10/05/2026,7,COL,Bogotá,01 USAQUEN,The Breakfast Club,rappi,19.15,8.32,3.84,1
10/05/2026,7,COL,Bogotá,03 CHAPINERO,The Breakfast Club,rappi,21.84,13.27,0.92,1
10/05/2026,7,COL,Bogotá,06 COLINA,The Breakfast Club,rappi,71.91,8.9,12.96,1
10/05/2026,7,COL,Bogotá,13 CHIA,The Breakfast Club,rappi,12.52,8.13,0.54,1
10/05/2026,7,COL,Bogotá,01 USAQUEN,The Breakfast Club,rappi,14.19,0.23,6.97,1
10/05/2026,7,COL,Bogotá,69 ARRECIFE,The Breakfast Club,rappi,6.04,0.33,27.97,1
10/05/2026,7,COL,Bogotá,06 COLINA,The Breakfast Club,rappi,,0,,1
10/05/2026,7,COL,Bogotá,15 ENGATIVA,The Breakfast Club,rappi,54.85,40.65,1.03,1
10/05/2026,7,COL,Bogotá,02 PARQUE 93,The Breakfast Club,rappi,31.24,8.93,0.95,1
10/05/2026,7,COL,Bogotá,36 VILLA DEL PRADO,The Breakfast Club,rappi,121.44,105.87,0.99,1
10/05/2026,7,COL,Bogotá,08 ANDES,The Breakfast Club,rappi,11,6.7,0.4,1
10/05/2026,7,COL,Bogotá,06 COLINA,The Breakfast Club,rappi,97.64,85.68,5.06,1
10/05/2026,7,COL,Bogotá,38 KENNEDY,The Breakfast Club,rappi,51.28,23.63,0.81,1
10/05/2026,7,COL,Bogotá,06 COLINA,The Breakfast Club,rappi,90.49,0.18,17.62,1
10/05/2026,7,COL,Bogotá,36 VILLA DEL PRADO,The Breakfast Club,rappi,172.98,160.22,1.69,1
10/05/2026,7,COL,Bogotá,36 VILLA DEL PRADO,The Breakfast Club,rappi,123.14,3.37,23.02,1
10/05/2026,7,COL,Bogotá,15 ENGATIVA,The Breakfast Club,rappi,111.91,15.25,1.79,1
10/05/2026,8,COL,Bogotá,36 VILLA DEL PRADO,The Breakfast Club,rappi,127.39,79.88,0.98,1
10/05/2026,8,COL,Bogotá,08 ANDES,The Breakfast Club,rappi,6.21,0.12,7.89,1
10/05/2026,8,COL,Bogotá,45 VERAGUAS,The Breakfast Club,rappi,14.55,1.85,2.65,1
10/05/2026,8,COL,Bogotá,08 ANDES,The Breakfast Club,rappi,8.33,4.03,0.67,1
10/05/2026,8,COL,Bogotá,01 USAQUEN,The Breakfast Club,rappi,60.36,2.93,0.8,1
10/05/2026,8,COL,Bogotá,13 CHIA,The Breakfast Club,rappi,33.44,29.12,4.94,1
10/05/2026,8,COL,Bogotá,13 CHIA,The Breakfast Club,rappi,36.82,29.12,1.38,1
10/05/2026,8,COL,Bogotá,06 COLINA,The Breakfast Club,rappi,124.17,9.77,0.76,1
10/05/2026,8,COL,Bogotá,01 USAQUEN,The Breakfast Club,rappi,75.95,22.82,0.31,1
10/05/2026,8,COL,Bogotá,38 KENNEDY,The Breakfast Club,rappi,43.3,36.3,1.61,1
10/05/2026,8,COL,Bogotá,03 CHAPINERO,The Breakfast Club,rappi,16.79,1.33,24.19,1
10/05/2026,8,COL,Bogotá,06 COLINA,The Breakfast Club,rappi,117.83,110.83,0.95,1
10/05/2026,8,COL,Bogotá,01 USAQUEN,The Breakfast Club,rappi,71.28,55.25,2.83,1
10/05/2026,8,COL,Bogotá,36 VILLA DEL PRADO,The Breakfast Club,rappi,116.68,144.42,32.95,1
10/05/2026,8,COL,Bogotá,01 USAQUEN,The Breakfast Club,rappi,38.33,55.27,31.81,1
10/05/2026,8,COL,Bogotá,03 CHAPINERO,The Breakfast Club,rappi,6.75,0.18,29.04,1
10/05/2026,8,COL,Bogotá,06 COLINA,The Breakfast Club,rappi,,0,,1
10/05/2026,8,COL,Bogotá,01 USAQUEN,The Breakfast Club,rappi,33.92,0.12,25.63,1
10/05/2026,8,COL,Bogotá,38 KENNEDY,The Breakfast Club,rappi,103.69,68.75,0.58,1
10/05/2026,8,COL,Bogotá,02 PARQUE 93,The Breakfast Club,rappi,73.87,0,,1
10/05/2026,8,COL,Bogotá,38 KENNEDY,The Breakfast Club,rappi,114.09,14.12,2.73,1
10/05/2026,8,COL,Bogotá,36 VILLA DEL PRADO,The Breakfast Club,rappi,,0,,1
10/05/2026,8,COL,Bogotá,13 CHIA,The Breakfast Club,rappi,51.98,21.03,1,1
10/05/2026,8,COL,Bogotá,13 CHIA,The Breakfast Club,rappi,39.61,26.78,0.1,1
10/05/2026,8,COL,Bogotá,13 CHIA,The Breakfast Club,rappi,36.88,15.05,5.96,1
10/05/2026,8,COL,Bogotá,45 VERAGUAS,The Breakfast Club,rappi,47.02,8.27,0.59,1
10/05/2026,8,COL,Bogotá,65 CALLE 109,The Breakfast Club,rappi,90.51,49.95,83.94,1
10/05/2026,8,COL,Bogotá,45 VERAGUAS,The Breakfast Club,rappi,36.53,2.4,0.57,1
10/05/2026,8,COL,Bogotá,02 PARQUE 93,The Breakfast Club,rappi,61.04,0.37,33.02,1
10/05/2026,9,COL,Bogotá,65 CALLE 109,The Breakfast Club,rappi,85.17,8.72,,1
10/05/2026,9,COL,Bogotá,38 KENNEDY,The Breakfast Club,rappi,69.48,28.87,0.79,1
10/05/2026,9,COL,Bogotá,08 ANDES,The Breakfast Club,rappi,14.31,10.57,1,1
10/05/2026,9,COL,Bogotá,13 CHIA,The Breakfast Club,rappi,,0.7,0.5,1
10/05/2026,9,COL,Bogotá,45 VERAGUAS,The Breakfast Club,rappi,32.98,6.1,0.08,1
10/05/2026,9,COL,Bogotá,65 CALLE 109,The Breakfast Club,rappi,93,22.25,30.97,1
10/05/2026,9,COL,Bogotá,45 VERAGUAS,The Breakfast Club,rappi,48.64,6.48,14.29,1
10/05/2026,9,COL,Bogotá,03 CHAPINERO,The Breakfast Club,rappi,10.88,4.8,0.9,1
10/05/2026,9,COL,Bogotá,13 CHIA,The Breakfast Club,rappi,18.07,15.78,148.78,1
10/05/2026,9,COL,Bogotá,45 VERAGUAS,The Breakfast Club,rappi,42.09,31.85,1.85,1
10/05/2026,9,COL,Bogotá,45 VERAGUAS,The Breakfast Club,rappi,41.35,31.9,0.76,1
10/05/2026,9,COL,Bogotá,08 ANDES,The Breakfast Club,rappi,23.86,0.18,43.54,1
10/05/2026,9,COL,Bogotá,08 ANDES,The Breakfast Club,rappi,5.07,0.33,0.11,1
10/05/2026,9,COL,Bogotá,03 CHAPINERO,The Breakfast Club,rappi,9.52,0.2,8.03,1
10/05/2026,9,COL,Bogotá,13 CHIA,The Breakfast Club,rappi,42.37,0.12,1.92,1
10/05/2026,9,COL,Bogotá,38 KENNEDY,The Breakfast Club,rappi,,0,,1
10/05/2026,9,COL,Bogotá,03 CHAPINERO,The Breakfast Club,rappi,19.23,15.27,0.91,1
10/05/2026,9,COL,Bogotá,50 CHICO,The Breakfast Club,rappi,8.18,5.08,1.85,1
10/05/2026,9,COL,Bogotá,38 KENNEDY,The Breakfast Club,rappi,59.18,17.4,1.25,1
10/05/2026,9,COL,Bogotá,06 COLINA,The Breakfast Club,rappi,56.04,24.1,3.52,1
10/05/2026,9,COL,Bogotá,03 CHAPINERO,The Breakfast Club,rappi,12.87,8.38,0.75,1
10/05/2026,10,COL,Bogotá,36 VILLA DEL PRADO,The Breakfast Club,rappi,13.15,3.37,0.89,1
10/05/2026,10,COL,Bogotá,13 CHIA,The Breakfast Club,rappi,37.32,23.62,0.82,1
10/05/2026,10,COL,Bogotá,36 VILLA DEL PRADO,The Breakfast Club,rappi,11.36,7.25,0.77,1
10/05/2026,10,COL,Bogotá,13 CHIA,The Breakfast Club,rappi,19.01,1.15,4.14,1
10/05/2026,10,COL,Bogotá,13 CHIA,The Breakfast Club,rappi,16.74,0.07,1.35,1
10/05/2026,10,COL,Bogotá,13 CHIA,The Breakfast Club,rappi,23.44,0.48,12.84,1
10/05/2026,10,COL,Bogotá,01 USAQUEN,The Breakfast Club,rappi,14.99,0.15,13.35,1
10/05/2026,10,COL,Bogotá,13 CHIA,The Breakfast Club,rappi,32.78,15.05,5.09,1
10/05/2026,11,COL,Bogotá,08 ANDES,The Breakfast Club,rappi,6.23,1.95,1.07,1
10/05/2026,11,COL,Bogotá,02 PARQUE 93,The Breakfast Club,rappi,33.22,6.5,0.68,1
10/05/2026,12,COL,Bogotá,01 USAQUEN,The Breakfast Club,rappi,27.81,2.78,22.15,1
10/05/2026,12,COL,Bogotá,08 ANDES,The Breakfast Club,rappi,10.97,1.03,6.79,1
10/05/2026,13,COL,Bogotá,50 CHICO,The Breakfast Club,rappi,16.5,0.43,6.14,1
10/05/2026,13,COL,Bogotá,08 ANDES,The Breakfast Club,rappi,9.99,5.85,0.9,1
10/05/2026,14,COL,Bogotá,45 VERAGUAS,The Breakfast Club,rappi,71.16,53.23,0.08,1
10/05/2026,17,COL,Bogotá,03 CHAPINERO,The Breakfast Club,rappi,11.84,0.32,6.37,1
10/05/2026,18,COL,Bogotá,03 CHAPINERO,The Breakfast Club,rappi,32.59,9.25,0.12,1
10/05/2026,18,COL,Bogotá,03 CHAPINERO,The Breakfast Club,rappi,21,7.5,0.37,1
10/05/2026,19,COL,Bogotá,36 VILLA DEL PRADO,The Breakfast Club,rappi,11.91,6.82,2,1
10/05/2026,19,COL,Bogotá,08 ANDES,The Breakfast Club,rappi,11.15,0.35,8.86,1
10/05/2026,20,COL,Bogotá,15 ENGATIVA,The Breakfast Club,rappi,12.68,1.18,0.19,1
10/05/2026,21,COL,Bogotá,06 COLINA,The Breakfast Club,rappi,24.73,20.3,2.11,1
10/05/2026,6,COL,Bogotá,36 VILLA DEL PRADO,The Breakfast Club Turbo,rappi,12.84,21.42,16.86,1
10/05/2026,6,COL,Bogotá,36 VILLA DEL PRADO,The Breakfast Club Turbo,rappi,16.63,21.42,13.05,1
10/05/2026,6,COL,Bogotá,50 CHICO,The Breakfast Club Turbo,rappi,2.21,1.08,3.82,1
10/05/2026,6,COL,Bogotá,36 VILLA DEL PRADO,The Breakfast Club Turbo,rappi,21.21,17.13,0.86,1
10/05/2026,6,COL,Bogotá,06 COLINA,The Breakfast Club Turbo,rappi,17.09,14.85,2.4,1
10/05/2026,7,COL,Bogotá,01 USAQUEN,The Breakfast Club Turbo,rappi,5.12,0.22,5.9,1
10/05/2026,7,COL,Bogotá,03 CHAPINERO,The Breakfast Club Turbo,rappi,5.16,0.97,0.8,1
10/05/2026,7,COL,Bogotá,38 KENNEDY,The Breakfast Club Turbo,rappi,2.93,0.65,10.35,1
10/05/2026,7,COL,Bogotá,36 VILLA DEL PRADO,The Breakfast Club Turbo,rappi,70.98,0,,1
10/05/2026,7,COL,Bogotá,08 ANDES,The Breakfast Club Turbo,rappi,3.07,0.13,12.07,1
10/05/2026,7,COL,Bogotá,50 CHICO,The Breakfast Club Turbo,rappi,9.82,5.2,0.69,1
10/05/2026,7,COL,Bogotá,06 COLINA,The Breakfast Club Turbo,rappi,19.24,17.03,2.77,1
10/05/2026,7,COL,Bogotá,08 ANDES,The Breakfast Club Turbo,rappi,5.64,0.18,8.34,1
10/05/2026,8,COL,Bogotá,36 VILLA DEL PRADO,The Breakfast Club Turbo,rappi,22.01,0,,1
10/05/2026,8,COL,Bogotá,02 PARQUE 93,The Breakfast Club Turbo,rappi,52.5,49.62,2.25,1
10/05/2026,8,COL,Bogotá,38 KENNEDY,The Breakfast Club Turbo,rappi,43.05,23.78,0.92,1
10/05/2026,8,COL,Bogotá,50 CHICO,The Breakfast Club Turbo,rappi,1.8,0,1.57,1
10/05/2026,8,COL,Bogotá,01 USAQUEN,The Breakfast Club Turbo,rappi,6.25,1.08,6.89,1
10/05/2026,8,COL,Bogotá,38 KENNEDY,The Breakfast Club Turbo,rappi,31.06,0.78,9.93,1
10/05/2026,9,COL,Bogotá,08 ANDES,The Breakfast Club Turbo,rappi,4.67,1.15,1.4,1
10/05/2026,9,COL,Bogotá,03 CHAPINERO,The Breakfast Club Turbo,rappi,5.29,0.92,0.63,1
10/05/2026,9,COL,Bogotá,38 KENNEDY,The Breakfast Club Turbo,rappi,,0,,1
10/05/2026,9,COL,Bogotá,38 KENNEDY,The Breakfast Club Turbo,rappi,,0,,1
10/05/2026,9,COL,Bogotá,03 CHAPINERO,The Breakfast Club Turbo,rappi,7.15,2.83,0.74,1
10/05/2026,11,COL,Bogotá,03 CHAPINERO,The Breakfast Club Turbo,rappi,15.07,0.6,4.17,1
10/05/2026,19,COL,Bogotá,38 KENNEDY,The Breakfast Club Turbo,rappi,7.85,1.13,10.98,1
10/05/2026,19,COL,Bogotá,02 PARQUE 93,The Breakfast Club Turbo,rappi,16.09,10.63,0.76,1
10/05/2026,6,COL,Bogotá,06 COLINA,The Egg Spot,rappi,64.65,25.37,1.04,1
10/05/2026,7,COL,Bogotá,65 CALLE 109,The Egg Spot,rappi,13.91,8.4,0.72,1
10/05/2026,7,COL,Bogotá,45 VERAGUAS,The Egg Spot,rappi,5,0.4,0.24,1
10/05/2026,8,COL,Bogotá,06 COLINA,The Egg Spot,rappi,106.81,70.03,5.99,1
10/05/2026,8,COL,Bogotá,06 COLINA,The Egg Spot,rappi,104.28,20.77,7.97,1
10/05/2026,8,COL,Bogotá,08 ANDES,The Egg Spot,rappi,12.2,1.1,0.92,1
10/05/2026,8,COL,Bogotá,65 CALLE 109,The Egg Spot,rappi,57.85,0.35,62.93,1
10/05/2026,8,COL,Bogotá,02 PARQUE 93,The Egg Spot,rappi,60.12,0.57,19.78,1
10/05/2026,8,COL,Bogotá,65 CALLE 109,The Egg Spot,rappi,51.94,46.02,124.21,1
10/05/2026,9,COL,Bogotá,13 CHIA,The Egg Spot,rappi,41.84,0.17,0.34,1
10/05/2026,9,COL,Bogotá,13 CHIA,The Egg Spot,rappi,39.88,23.35,1.28,1
10/05/2026,23,COL,Bogotá,01 USAQUEN,The Egg Spot,rappi,8.79,0,,1
10/05/2026,6,COL,Bogotá,01 USAQUEN,The Egg Spot Turbo,rappi,5.31,0,,1
10/05/2026,6,COL,Bogotá,38 KENNEDY,The Egg Spot Turbo,rappi,2.5,0.15,5,1
10/05/2026,6,COL,Bogotá,06 COLINA,The Egg Spot Turbo,rappi,17.33,13.43,0.89,1
10/05/2026,6,COL,Bogotá,01 USAQUEN,The Egg Spot Turbo,rappi,6.89,0.63,12.26,1
10/05/2026,6,COL,Bogotá,01 USAQUEN,The Egg Spot Turbo,rappi,2.17,1.43,22.33,1
10/05/2026,7,COL,Bogotá,03 CHAPINERO,The Egg Spot Turbo,rappi,4.87,0.02,0.11,1
10/05/2026,8,COL,Bogotá,01 USAQUEN,The Egg Spot Turbo,rappi,6.14,0.17,1.9,1
10/05/2026,8,COL,Bogotá,50 CHICO,The Egg Spot Turbo,rappi,5.13,0.68,0.67,1
10/05/2026,8,COL,Bogotá,03 CHAPINERO,The Egg Spot Turbo,rappi,3.99,0,0.6,1
10/05/2026,9,COL,Bogotá,03 CHAPINERO,The Egg Spot Turbo,rappi,4.12,0,0.65,1
10/05/2026,9,COL,Bogotá,03 CHAPINERO,The Egg Spot Turbo,rappi,5.08,0.47,0.19,1
10/05/2026,9,COL,Bogotá,03 CHAPINERO,The Egg Spot Turbo,rappi,3.97,0.57,8.99,1
10/05/2026,9,COL,Bogotá,08 ANDES,The Egg Spot Turbo,rappi,7.03,0,0,1
10/05/2026,10,COL,Bogotá,08 ANDES,The Egg Spot Turbo,rappi,2.79,0,0.41,1
10/05/2026,10,COL,Bogotá,03 CHAPINERO,The Egg Spot Turbo,rappi,3.65,4.78,7.04,1
10/05/2026,10,COL,Bogotá,03 CHAPINERO,The Egg Spot Turbo,rappi,10.32,1.38,1.66,1
10/05/2026,10,COL,Bogotá,01 USAQUEN,The Egg Spot Turbo,rappi,5.18,0.43,0.87,1
10/05/2026,10,COL,Bogotá,08 ANDES,The Egg Spot Turbo,rappi,3.44,0,0.63,1
10/05/2026,10,COL,Bogotá,08 ANDES,The Egg Spot Turbo,rappi,7.99,3.58,0.34,1
10/05/2026,10,COL,Bogotá,08 ANDES,The Egg Spot Turbo,rappi,6.9,1.15,0.27,1
10/05/2026,10,COL,Bogotá,03 CHAPINERO,The Egg Spot Turbo,rappi,4.18,0.42,1.89,1
10/05/2026,10,COL,Bogotá,03 CHAPINERO,The Egg Spot Turbo,rappi,11.29,7.55,1.41,1
10/05/2026,11,COL,Bogotá,03 CHAPINERO,The Egg Spot Turbo,rappi,16.05,8.65,0.92,1
10/05/2026,11,COL,Bogotá,01 USAQUEN,The Egg Spot Turbo,rappi,5.75,2,2.06,1
10/05/2026,11,COL,Bogotá,03 CHAPINERO,The Egg Spot Turbo,rappi,11.43,5.13,0.62,1
10/05/2026,11,COL,Bogotá,03 CHAPINERO,The Egg Spot Turbo,rappi,5,0.2,2.11,1
10/05/2026,7,COL,Bogotá,03 CHAPINERO,Vicio,rappi,,0,,1
10/05/2026,7,COL,Bogotá,36 VILLA DEL PRADO,Vicio,rappi,,4.63,1.91,1
10/05/2026,14,COL,Bogotá,38 KENNEDY,Vicio,rappi,,0.68,138.31,1
10/05/2026,18,COL,Bogotá,36 VILLA DEL PRADO,Vicio,rappi,,1.93,1.2,1
10/05/2026,18,COL,Bogotá,03 CHAPINERO,Vicio,rappi,,0.52,7.69,1
10/05/2026,7,COL,Bogotá,08 ANDES,Vicio Turbo,rappi,,0.37,8.06,1
10/05/2026,11,COL,Bogotá,02 PARQUE 93,Vicio Turbo,rappi,,0.42,1.27,1
10/05/2026,13,COL,Bogotá,38 KENNEDY,Vicio Turbo,rappi,,0.03,3.51,1
10/05/2026,14,COL,Bogotá,01 USAQUEN,Vicio Turbo,rappi,,0,2.25,1
10/05/2026,17,COL,Bogotá,03 CHAPINERO,Vicio Turbo,rappi,,0,1.01,1
10/05/2026,18,COL,Bogotá,38 KENNEDY,Vicio Turbo,rappi,,0.33,5.29,1
10/05/2026,13,COL,Bucaramanga,42 CABECERA,Acpm Corrientazo Turbo,rappi,3.94,0.43,6.11,1
10/05/2026,15,COL,Bucaramanga,42 CABECERA,Alba Vegetarian,rappi,18.06,1.57,14.93,1
10/05/2026,11,COL,Bucaramanga,42 CABECERA,Almuerzos de la Casa,rappi,12.38,8.7,1.02,1
10/05/2026,11,COL,Bucaramanga,42 CABECERA,Almuerzos de la Casa,rappi,11.51,0.37,7.56,1
10/05/2026,11,COL,Bucaramanga,42 CABECERA,Almuerzos de la Casa,rappi,4.27,0.35,5.22,1
10/05/2026,11,COL,Bucaramanga,42 CABECERA,Almuerzos de la Casa,rappi,5.09,0.7,29.81,1
10/05/2026,12,COL,Bucaramanga,42 CABECERA,Almuerzos de la Casa,rappi,6.62,0.42,11.15,1
10/05/2026,13,COL,Bucaramanga,42 CABECERA,Almuerzos de la Casa,rappi,2.08,0.72,27.58,1
10/05/2026,15,COL,Bucaramanga,42 CABECERA,Almuerzos de la Casa,rappi,12.47,0.32,4.79,1
10/05/2026,17,COL,Bucaramanga,42 CABECERA,Almuerzos de la Casa,rappi,2.29,0,2.64,1
10/05/2026,6,COL,Bucaramanga,42 CABECERA,Avocalia,rappi,13.88,9.68,0.5,1
10/05/2026,6,COL,Bucaramanga,42 CABECERA,Avocalia,rappi,15.04,4.37,0.96,1
10/05/2026,11,COL,Bucaramanga,42 CABECERA,Avocalia,rappi,3.9,0,69.9,1
10/05/2026,12,COL,Bucaramanga,42 CABECERA,Avocalia,rappi,1.71,0,35.13,1
10/05/2026,12,COL,Bucaramanga,42 CABECERA,Avocalia,rappi,6.52,0,30.23,1
10/05/2026,12,COL,Bucaramanga,42 CABECERA,Avocalia,rappi,8.44,0,22.8,1
10/05/2026,12,COL,Bucaramanga,42 CABECERA,Avocalia,rappi,6.31,0,18.83,1
10/05/2026,12,COL,Bucaramanga,42 CABECERA,Avocalia,rappi,5.69,0,13.17,1
10/05/2026,13,COL,Bucaramanga,42 CABECERA,Avocalia,rappi,5.06,0.48,29.81,1
10/05/2026,14,COL,Bucaramanga,42 CABECERA,Avocalia,rappi,5.46,0.2,9.49,1
10/05/2026,14,COL,Bucaramanga,42 CABECERA,Avocalia,rappi,9.4,1.2,27.03,1
10/05/2026,18,COL,Bucaramanga,42 CABECERA,Avocalia,rappi,9.37,0,14.93,1
10/05/2026,18,COL,Bucaramanga,42 CABECERA,Avocalia,rappi,8.2,0,13.83,1
10/05/2026,19,COL,Bucaramanga,42 CABECERA,Avocalia,rappi,12.97,0.32,3.78,1
10/05/2026,19,COL,Bucaramanga,42 CABECERA,Avocalia,rappi,8.83,4.62,0.52,1
10/05/2026,22,COL,Bucaramanga,42 CABECERA,Avocalia,rappi,5.11,0.28,3.56,1
10/05/2026,22,COL,Bucaramanga,42 CABECERA,Avocalia,rappi,19.2,2.5,8.93,1
10/05/2026,13,COL,Bucaramanga,42 CABECERA,AVOCALIA TURBO,rappi,6.97,2.95,1,1
10/05/2026,15,COL,Bucaramanga,42 CABECERA,AVOCALIA TURBO,rappi,7.81,1.18,0.24,1
10/05/2026,16,COL,Bucaramanga,42 CABECERA,AVOCALIA TURBO,rappi,8.37,4.32,0.8,1
10/05/2026,17,COL,Bucaramanga,42 CABECERA,AVOCALIA TURBO,rappi,,0,1.04,1
10/05/2026,19,COL,Bucaramanga,42 CABECERA,AVOCALIA TURBO,rappi,5.07,0.8,0.79,1
10/05/2026,21,COL,Bucaramanga,42 CABECERA,AVOCALIA TURBO,rappi,4.45,1.18,11.4,1
10/05/2026,8,COL,Bucaramanga,42 CABECERA,Bottaniko,rappi,22.83,13.92,0.43,1
10/05/2026,6,COL,Bucaramanga,42 CABECERA,Brunch & Munch,rappi,11.31,2.05,1.94,1
10/05/2026,6,COL,Bucaramanga,42 CABECERA,Brunch & Munch,rappi,21.05,0.87,20.03,1
10/05/2026,6,COL,Bucaramanga,42 CABECERA,Brunch & Munch,rappi,13.08,1.25,14.06,1
10/05/2026,6,COL,Bucaramanga,42 CABECERA,Brunch & Munch,rappi,9.53,1.37,26.61,1
10/05/2026,6,COL,Bucaramanga,42 CABECERA,Brunch & Munch,rappi,17.93,0.2,11.95,1
10/05/2026,6,COL,Bucaramanga,42 CABECERA,Brunch & Munch,rappi,17.32,1.25,5.68,1
10/05/2026,6,COL,Bucaramanga,42 CABECERA,Brunch & Munch,rappi,10.55,2.75,0.84,1
10/05/2026,6,COL,Bucaramanga,42 CABECERA,Brunch & Munch,rappi,16.12,0.42,12.35,1
10/05/2026,6,COL,Bucaramanga,42 CABECERA,Brunch & Munch,rappi,26.69,5.83,1.05,1
10/05/2026,6,COL,Bucaramanga,42 CABECERA,Brunch & Munch,rappi,15.17,0.42,10.77,1
10/05/2026,6,COL,Bucaramanga,42 CABECERA,Brunch & Munch,rappi,25.95,0.68,2.02,1
10/05/2026,6,COL,Bucaramanga,42 CABECERA,Brunch & Munch,rappi,20.96,1.75,14.06,1
10/05/2026,7,COL,Bucaramanga,42 CABECERA,Brunch & Munch,rappi,7.53,0.28,3.31,1
10/05/2026,7,COL,Bucaramanga,42 CABECERA,Brunch & Munch,rappi,11.88,0.55,9.21,1
10/05/2026,7,COL,Bucaramanga,42 CABECERA,Brunch & Munch,rappi,3.93,3.43,10.97,1
10/05/2026,7,COL,Bucaramanga,42 CABECERA,Brunch & Munch,rappi,9.58,1.73,13.98,1
10/05/2026,7,COL,Bucaramanga,42 CABECERA,Brunch & Munch,rappi,6.77,6.65,4.99,1
10/05/2026,7,COL,Bucaramanga,42 CABECERA,Brunch & Munch,rappi,6.25,4.02,5.77,1
10/05/2026,7,COL,Bucaramanga,42 CABECERA,Brunch & Munch,rappi,4.93,2.92,14.85,1
10/05/2026,7,COL,Bucaramanga,42 CABECERA,Brunch & Munch,rappi,3.28,4.02,5.73,1
10/05/2026,7,COL,Bucaramanga,42 CABECERA,Brunch & Munch,rappi,3.23,0.68,12.95,1
10/05/2026,7,COL,Bucaramanga,42 CABECERA,Brunch & Munch,rappi,7.03,1.62,0.12,1
10/05/2026,7,COL,Bucaramanga,42 CABECERA,Brunch & Munch,rappi,13.12,0.87,0,1
10/05/2026,7,COL,Bucaramanga,42 CABECERA,Brunch & Munch,rappi,30.92,0.48,11.25,1
10/05/2026,7,COL,Bucaramanga,42 CABECERA,Brunch & Munch,rappi,16.56,0.5,5.5,1
10/05/2026,7,COL,Bucaramanga,42 CABECERA,Brunch & Munch,rappi,15.53,0.42,9.33,1
10/05/2026,7,COL,Bucaramanga,42 CABECERA,Brunch & Munch,rappi,12.57,0.65,12.1,1
10/05/2026,7,COL,Bucaramanga,42 CABECERA,Brunch & Munch,rappi,21.12,1.65,0.23,1
10/05/2026,7,COL,Bucaramanga,42 CABECERA,Brunch & Munch,rappi,13.05,0.67,0,1
10/05/2026,7,COL,Bucaramanga,42 CABECERA,Brunch & Munch,rappi,9.97,1.03,0.97,1
10/05/2026,7,COL,Bucaramanga,42 CABECERA,Brunch & Munch,rappi,25.19,0.65,0.65,1
10/05/2026,7,COL,Bucaramanga,42 CABECERA,Brunch & Munch,rappi,19,0.45,0.2,1
10/05/2026,7,COL,Bucaramanga,42 CABECERA,Brunch & Munch,rappi,20.06,0.18,16.72,1
10/05/2026,7,COL,Bucaramanga,42 CABECERA,Brunch & Munch,rappi,26.84,17.47,0.19,1
10/05/2026,7,COL,Bucaramanga,42 CABECERA,Brunch & Munch,rappi,23.01,14.05,0.66,1
10/05/2026,7,COL,Bucaramanga,42 CABECERA,Brunch & Munch,rappi,37,0.18,23.21,1
10/05/2026,7,COL,Bucaramanga,42 CABECERA,Brunch & Munch,rappi,21.9,32.2,4.44,1
10/05/2026,7,COL,Bucaramanga,42 CABECERA,Brunch & Munch,rappi,34.77,0.48,33.22,1
10/05/2026,7,COL,Bucaramanga,42 CABECERA,Brunch & Munch,rappi,27.76,28.97,9.37,1
10/05/2026,7,COL,Bucaramanga,42 CABECERA,Brunch & Munch,rappi,56.97,6.6,0.03,1
10/05/2026,7,COL,Bucaramanga,42 CABECERA,Brunch & Munch,rappi,56.88,65.35,0.06,1
10/05/2026,7,COL,Bucaramanga,42 CABECERA,Brunch & Munch,rappi,53.85,38.48,10.79,1
10/05/2026,7,COL,Bucaramanga,42 CABECERA,Brunch & Munch,rappi,52.03,19.25,10.73,1
10/05/2026,7,COL,Bucaramanga,42 CABECERA,Brunch & Munch,rappi,52.04,19.27,1.78,1
10/05/2026,7,COL,Bucaramanga,42 CABECERA,Brunch & Munch,rappi,51.41,0.5,9.86,1
10/05/2026,7,COL,Bucaramanga,42 CABECERA,Brunch & Munch,rappi,51.14,38.48,10.7,1
10/05/2026,7,COL,Bucaramanga,42 CABECERA,Brunch & Munch,rappi,80.93,8.65,2.94,1
10/05/2026,7,COL,Bucaramanga,42 CABECERA,Brunch & Munch,rappi,56.92,0.13,20.13,1
10/05/2026,7,COL,Bucaramanga,42 CABECERA,Brunch & Munch,rappi,44.77,0.15,18.24,1
10/05/2026,7,COL,Bucaramanga,42 CABECERA,Brunch & Munch,rappi,44.1,5.77,10.05,1
10/05/2026,7,COL,Bucaramanga,42 CABECERA,Brunch & Munch,rappi,55.24,48.4,0,1
10/05/2026,7,COL,Bucaramanga,42 CABECERA,Brunch & Munch,rappi,43.71,47.65,9.05,1
10/05/2026,7,COL,Bucaramanga,42 CABECERA,Brunch & Munch,rappi,43.23,1.38,9.32,1
10/05/2026,7,COL,Bucaramanga,42 CABECERA,Brunch & Munch,rappi,,0,,1
10/05/2026,7,COL,Bucaramanga,42 CABECERA,Brunch & Munch,rappi,39.83,27.92,0.01,1
10/05/2026,7,COL,Bucaramanga,42 CABECERA,Brunch & Munch,rappi,50.5,42.53,2.58,1
10/05/2026,7,COL,Bucaramanga,42 CABECERA,Brunch & Munch,rappi,68.72,2.08,2.19,1
10/05/2026,7,COL,Bucaramanga,42 CABECERA,Brunch & Munch,rappi,48.07,14.97,4.45,1
10/05/2026,7,COL,Bucaramanga,42 CABECERA,Brunch & Munch,rappi,46.82,1.2,2.03,1
10/05/2026,8,COL,Bucaramanga,42 CABECERA,Brunch & Munch,rappi,42.75,7.85,21.27,1
10/05/2026,8,COL,Bucaramanga,42 CABECERA,Brunch & Munch,rappi,41.74,1.53,15.92,1
10/05/2026,8,COL,Bucaramanga,42 CABECERA,Brunch & Munch,rappi,44.72,0,10.03,1
10/05/2026,8,COL,Bucaramanga,42 CABECERA,Brunch & Munch,rappi,42.92,0,10.06,1
10/05/2026,8,COL,Bucaramanga,42 CABECERA,Brunch & Munch,rappi,56.26,0,1.91,1
10/05/2026,8,COL,Bucaramanga,42 CABECERA,Brunch & Munch,rappi,67.26,0,11.75,1
10/05/2026,8,COL,Bucaramanga,42 CABECERA,Brunch & Munch,rappi,65.13,0,11.02,1
10/05/2026,8,COL,Bucaramanga,42 CABECERA,Brunch & Munch,rappi,50.81,0,1.15,1
10/05/2026,8,COL,Bucaramanga,42 CABECERA,Brunch & Munch,rappi,26.83,0,17.88,1
10/05/2026,10,COL,Bucaramanga,42 CABECERA,Brunch & Munch,rappi,,0.42,6.8,1
10/05/2026,10,COL,Bucaramanga,42 CABECERA,Brunch & Munch,rappi,11.21,0,24.88,1
10/05/2026,12,COL,Bucaramanga,42 CABECERA,Brunch & Munch,rappi,2.95,0,33.26,1
10/05/2026,8,COL,Bucaramanga,42 CABECERA,BRUNCH & MUNCH TURBO,rappi,42.85,8.87,0.99,1
10/05/2026,8,COL,Bucaramanga,42 CABECERA,BRUNCH & MUNCH TURBO,rappi,33.9,14.3,20.94,1
10/05/2026,8,COL,Bucaramanga,42 CABECERA,BRUNCH & MUNCH TURBO,rappi,33.23,12.38,20.93,1
10/05/2026,8,COL,Bucaramanga,42 CABECERA,BRUNCH & MUNCH TURBO,rappi,31.22,17.62,20.82,1
10/05/2026,8,COL,Bucaramanga,42 CABECERA,BRUNCH & MUNCH TURBO,rappi,31.14,14.53,20.64,1
10/05/2026,8,COL,Bucaramanga,42 CABECERA,BRUNCH & MUNCH TURBO,rappi,49.19,37.15,0.68,1
10/05/2026,11,COL,Bucaramanga,42 CABECERA,BRUNCH & MUNCH TURBO,rappi,10.3,6.4,0.92,1
10/05/2026,12,COL,Bucaramanga,42 CABECERA,BRUNCH & MUNCH TURBO,rappi,6.02,1.83,5.02,1
10/05/2026,17,COL,Bucaramanga,42 CABECERA,Burguer Lane,rappi,14.1,0.53,4.71,1
10/05/2026,6,COL,Bucaramanga,42 CABECERA,Burrito Cantina,rappi,11.59,0.52,0.99,1
10/05/2026,8,COL,Bucaramanga,42 CABECERA,Burrito Cantina,rappi,36.98,1.92,10.01,1
10/05/2026,19,COL,Bucaramanga,42 CABECERA,Burrito Cantina Turbo,rappi,9.42,4.17,0.49,1
10/05/2026,7,COL,Bucaramanga,42 CABECERA,Burritos & Co,rappi,9.01,3.88,0.16,1
10/05/2026,11,COL,Bucaramanga,42 CABECERA,Burritos & Co,rappi,5.01,0,16.11,1
10/05/2026,12,COL,Bucaramanga,42 CABECERA,Burritos & Co,rappi,2.13,0,5.91,1
10/05/2026,13,COL,Bucaramanga,42 CABECERA,Burritos & Co,rappi,13.82,0.73,12.9,1
10/05/2026,14,COL,Bucaramanga,42 CABECERA,Burritos & Co,rappi,20.62,1.97,1.07,1
10/05/2026,17,COL,Bucaramanga,42 CABECERA,Burritos & Co,rappi,6.56,0,26.52,1
10/05/2026,18,COL,Bucaramanga,42 CABECERA,Burritos & Co,rappi,12.92,0,22.16,1
10/05/2026,19,COL,Bucaramanga,42 CABECERA,Burritos & Co,rappi,5.23,0.33,23.57,1
10/05/2026,20,COL,Bucaramanga,42 CABECERA,Burritos & Co,rappi,8.03,0.45,1.17,1
10/05/2026,22,COL,Bucaramanga,42 CABECERA,Burritos & Co,rappi,8.99,0.75,1.29,1
10/05/2026,22,COL,Bucaramanga,42 CABECERA,Burritos & Co,rappi,15.23,4.78,8.93,1
10/05/2026,12,COL,Bucaramanga,42 CABECERA,Burritos & Co Turbo,rappi,4.75,0.55,13.16,1
10/05/2026,12,COL,Bucaramanga,42 CABECERA,Burritos & Co Turbo,rappi,7.78,7.08,4.26,1
10/05/2026,12,COL,Bucaramanga,42 CABECERA,Burritos & Co Turbo,rappi,2.36,0.65,13.08,1
10/05/2026,12,COL,Bucaramanga,42 CABECERA,Burritos & Co Turbo,rappi,3.47,0.3,4.54,1
10/05/2026,12,COL,Bucaramanga,42 CABECERA,Burritos & Co Turbo,rappi,4.75,0.57,3.79,1
10/05/2026,15,COL,Bucaramanga,42 CABECERA,Burritos & Co Turbo,rappi,2.92,0,1.14,1
10/05/2026,16,COL,Bucaramanga,42 CABECERA,Burritos & Co Turbo,rappi,3.51,0,1.02,1
10/05/2026,17,COL,Bucaramanga,42 CABECERA,Burritos & Co Turbo,rappi,4.33,0.45,0.92,1
10/05/2026,18,COL,Bucaramanga,42 CABECERA,Burritos & Co Turbo,rappi,6.06,4.75,3.77,1
10/05/2026,19,COL,Bucaramanga,42 CABECERA,Burritos & Co Turbo,rappi,8.23,3.7,0.17,1
10/05/2026,19,COL,Bucaramanga,42 CABECERA,Burritos & Co Turbo,rappi,7.57,2.37,0.15,1
10/05/2026,19,COL,Bucaramanga,42 CABECERA,Burritos & Co Turbo,rappi,3.27,0,0.9,1
10/05/2026,20,COL,Bucaramanga,42 CABECERA,Burritos & Co Turbo,rappi,7.86,0,58.28,1
10/05/2026,21,COL,Bucaramanga,42 CABECERA,Burritos & Co Turbo,rappi,5.06,0.85,0.84,1
10/05/2026,21,COL,Bucaramanga,42 CABECERA,Burritos & Co Turbo,rappi,6.34,2.87,1.18,1
10/05/2026,21,COL,Bucaramanga,42 CABECERA,Burritos & Co Turbo,rappi,6.13,1.62,0.61,1
10/05/2026,12,COL,Bucaramanga,42 CABECERA,Casa arabe,rappi,12.4,0.35,11.99,1
10/05/2026,6,COL,Bucaramanga,42 CABECERA,Cinnabon,rappi,15.9,9.32,0.13,1
10/05/2026,7,COL,Bucaramanga,42 CABECERA,Cinnabon,rappi,49.25,14.47,10.61,1
10/05/2026,7,COL,Bucaramanga,42 CABECERA,Cinnabon,rappi,49.19,23.07,10.63,1
10/05/2026,7,COL,Bucaramanga,42 CABECERA,Cinnabon,rappi,43.68,28.67,10.09,1
10/05/2026,8,COL,Bucaramanga,42 CABECERA,Cinnabon,rappi,49.95,9.57,0.57,1
10/05/2026,10,COL,Bucaramanga,42 CABECERA,Cinnabon,rappi,7.99,3.42,3.05,1
10/05/2026,10,COL,Bucaramanga,42 CABECERA,Cinnabon,rappi,5.05,3.1,3,1
10/05/2026,11,COL,Bucaramanga,42 CABECERA,Cinnabon,rappi,4.54,0.2,28.11,1
10/05/2026,11,COL,Bucaramanga,42 CABECERA,Cinnabon,rappi,5.31,2.85,16.71,1
10/05/2026,11,COL,Bucaramanga,42 CABECERA,Cinnabon,rappi,6.67,2.68,1.14,1
10/05/2026,11,COL,Bucaramanga,42 CABECERA,Cinnabon,rappi,9.97,1.62,13.4,1
10/05/2026,11,COL,Bucaramanga,42 CABECERA,Cinnabon,rappi,2.15,1.62,4.23,1
10/05/2026,12,COL,Bucaramanga,42 CABECERA,Cinnabon,rappi,10.97,0.3,29.91,1
10/05/2026,12,COL,Bucaramanga,42 CABECERA,Cinnabon,rappi,7.8,4.85,4.07,1
10/05/2026,12,COL,Bucaramanga,42 CABECERA,Cinnabon,rappi,3.97,0.48,4.67,1
10/05/2026,12,COL,Bucaramanga,42 CABECERA,Cinnabon,rappi,4.78,0.27,12.08,1
10/05/2026,13,COL,Bucaramanga,42 CABECERA,Cinnabon,rappi,5.04,0.35,54.24,1
10/05/2026,14,COL,Bucaramanga,42 CABECERA,Cinnabon,rappi,5.03,0.2,31.7,1
10/05/2026,15,COL,Bucaramanga,42 CABECERA,Cinnabon,rappi,5.16,1.63,1.61,1
10/05/2026,15,COL,Bucaramanga,42 CABECERA,Cinnabon,rappi,6.17,1.07,5,1
10/05/2026,16,COL,Bucaramanga,42 CABECERA,Cinnabon,rappi,10.88,6.58,0.46,1
10/05/2026,16,COL,Bucaramanga,42 CABECERA,Cinnabon,rappi,4.6,0.65,3.34,1
10/05/2026,16,COL,Bucaramanga,42 CABECERA,Cinnabon,rappi,6.07,1.08,1.82,1
10/05/2026,17,COL,Bucaramanga,42 CABECERA,Cinnabon,rappi,11.42,0.28,12.06,1
10/05/2026,18,COL,Bucaramanga,42 CABECERA,Cinnabon,rappi,5.04,0.38,5.73,1
10/05/2026,18,COL,Bucaramanga,42 CABECERA,Cinnabon,rappi,6.04,9.25,8.11,1
10/05/2026,18,COL,Bucaramanga,42 CABECERA,Cinnabon,rappi,5.15,0.3,5.38,1
10/05/2026,19,COL,Bucaramanga,42 CABECERA,Cinnabon,rappi,11.15,2.3,0.72,1
10/05/2026,21,COL,Bucaramanga,42 CABECERA,Cinnabon,rappi,3.41,0.15,4.59,1
10/05/2026,21,COL,Bucaramanga,42 CABECERA,Cinnabon,rappi,6.76,0.23,14.42,1
10/05/2026,10,COL,Bucaramanga,42 CABECERA,Cinnabon Turbo,rappi,9.29,3.63,3.17,1
10/05/2026,11,COL,Bucaramanga,42 CABECERA,Cinnabon Turbo,rappi,2.93,0.28,2.93,1
10/05/2026,12,COL,Bucaramanga,42 CABECERA,Cinnabon Turbo,rappi,3.06,0.95,6.12,1
10/05/2026,16,COL,Bucaramanga,42 CABECERA,Cinnabon Turbo,rappi,5.22,1,0.82,1
10/05/2026,23,COL,Bucaramanga,42 CABECERA,Dembow,rappi,39.04,0.23,7.93,1
10/05/2026,7,COL,Bucaramanga,42 CABECERA,Desayunos Colombianos,rappi,8.08,0.47,9.87,1
10/05/2026,7,COL,Bucaramanga,42 CABECERA,Desayunos Colombianos,rappi,13.38,0.28,5.95,1
10/05/2026,7,COL,Bucaramanga,42 CABECERA,Desayunos Colombianos,rappi,22.48,19,1.51,1
10/05/2026,7,COL,Bucaramanga,42 CABECERA,Desayunos Colombianos,rappi,38.01,34.2,1.11,1
10/05/2026,7,COL,Bucaramanga,42 CABECERA,Desayunos Colombianos,rappi,42.19,3.13,15.81,1
10/05/2026,7,COL,Bucaramanga,42 CABECERA,Desayunos Colombianos,rappi,70.12,42.28,2.34,1
10/05/2026,7,COL,Bucaramanga,42 CABECERA,Desayunos Colombianos,rappi,70.12,17.93,0.12,1
10/05/2026,8,COL,Bucaramanga,42 CABECERA,Desayunos Colombianos,rappi,54.32,0,,1
10/05/2026,8,COL,Bucaramanga,42 CABECERA,Desayunos Colombianos,rappi,51.32,52.75,2.12,1
10/05/2026,11,COL,Bucaramanga,42 CABECERA,Desayunos Colombianos,rappi,6.23,2.15,0.83,1
10/05/2026,6,COL,Bucaramanga,42 CABECERA,Desayunos de la Abuela,rappi,18.08,9.87,0.3,1
10/05/2026,6,COL,Bucaramanga,42 CABECERA,Desayunos de la Abuela,rappi,18.96,13.9,3.03,1
10/05/2026,6,COL,Bucaramanga,42 CABECERA,Desayunos de la Abuela,rappi,17.21,10.35,0.01,1
10/05/2026,7,COL,Bucaramanga,42 CABECERA,Desayunos de la Abuela,rappi,15.08,6.2,1.37,1
10/05/2026,7,COL,Bucaramanga,42 CABECERA,Desayunos de la Abuela,rappi,4.28,0,0.21,1
10/05/2026,7,COL,Bucaramanga,42 CABECERA,Desayunos de la Abuela,rappi,31.25,27.18,0.83,1
10/05/2026,7,COL,Bucaramanga,42 CABECERA,Desayunos de la Abuela,rappi,21.51,17.47,0.74,1
10/05/2026,7,COL,Bucaramanga,42 CABECERA,Desayunos de la Abuela,rappi,36.07,29.05,22.95,1
10/05/2026,7,COL,Bucaramanga,42 CABECERA,Desayunos de la Abuela,rappi,35.4,30.85,0.1,1
10/05/2026,7,COL,Bucaramanga,42 CABECERA,Desayunos de la Abuela,rappi,63.14,54.48,4.26,1
10/05/2026,7,COL,Bucaramanga,42 CABECERA,Desayunos de la Abuela,rappi,55.24,0.22,6.92,1
10/05/2026,7,COL,Bucaramanga,42 CABECERA,Desayunos de la Abuela,rappi,71.09,26.22,2.31,1
10/05/2026,7,COL,Bucaramanga,42 CABECERA,Desayunos de la Abuela,rappi,67.2,62.15,2.12,1
10/05/2026,8,COL,Bucaramanga,42 CABECERA,Desayunos de la Abuela,rappi,55.99,6.33,1.38,1
10/05/2026,8,COL,Bucaramanga,42 CABECERA,Desayunos de la Abuela,rappi,54.2,49.2,3.21,1
10/05/2026,11,COL,Bucaramanga,42 CABECERA,Desayunos de la Abuela,rappi,14.87,2.7,0.86,1
10/05/2026,12,COL,Bucaramanga,42 CABECERA,Desayunos de la Abuela,rappi,9.4,8.25,4.7,1
10/05/2026,12,COL,Bucaramanga,42 CABECERA,Desayunos de la Abuela,rappi,6.35,0.65,31.14,1
10/05/2026,12,COL,Bucaramanga,42 CABECERA,Desayunos de la Abuela,rappi,9.06,4.25,0.06,1
10/05/2026,21,COL,Bucaramanga,42 CABECERA,Desayunos de la Abuela,rappi,3.29,0.6,3.89,1
10/05/2026,21,COL,Bucaramanga,42 CABECERA,Desayunos de la Abuela,rappi,14.31,10.42,0.93,1
10/05/2026,22,COL,Bucaramanga,42 CABECERA,Desayunos de la Abuela,rappi,12.38,8.63,0.98,1
10/05/2026,23,COL,Bucaramanga,42 CABECERA,Desayunos de la Abuela,rappi,16.99,6.15,13.48,1
10/05/2026,7,COL,Bucaramanga,42 CABECERA,Desayunos de mi Tierrita,rappi,68.16,0.8,2.23,1
10/05/2026,11,COL,Bucaramanga,42 CABECERA,El Ejecutivo,rappi,11.25,1.02,1.18,1
10/05/2026,13,COL,Bucaramanga,42 CABECERA,El Ejecutivo,rappi,8.16,0.9,15.82,1
10/05/2026,17,COL,Bucaramanga,42 CABECERA,El Ejecutivo,rappi,2.35,0.72,9.01,1
10/05/2026,11,COL,Bucaramanga,42 CABECERA,El Ejecutivo Turbo,rappi,3.79,0,1.11,1
10/05/2026,15,COL,Bucaramanga,42 CABECERA,El Ejecutivo Turbo,rappi,4.77,1.5,1.92,1
10/05/2026,15,COL,Bucaramanga,42 CABECERA,El Ejecutivo Turbo,rappi,4.94,4.18,4.16,1
10/05/2026,18,COL,Bucaramanga,42 CABECERA,El Ejecutivo Turbo,rappi,3.77,0,0.85,1
10/05/2026,7,COL,Bucaramanga,42 CABECERA,Foodology,rappi,9.78,1.02,3.13,1
10/05/2026,7,COL,Bucaramanga,42 CABECERA,Foodology,rappi,4.3,0.17,53.54,1
10/05/2026,7,COL,Bucaramanga,42 CABECERA,Foodology,rappi,14.51,1.95,0.88,1
10/05/2026,20,COL,Bucaramanga,42 CABECERA,Foodology,rappi,5.37,0.55,24.82,1
10/05/2026,7,COL,Bucaramanga,42 CABECERA,Frost by Oreo,rappi,,0,3.06,1
10/05/2026,20,COL,Bucaramanga,42 CABECERA,Frost by Oreo,rappi,,0.22,5.96,1
10/05/2026,16,COL,Bucaramanga,42 CABECERA,Frost By Oreo Turbo,rappi,,0.73,7.93,1
10/05/2026,19,COL,Bucaramanga,42 CABECERA,Frost By Oreo Turbo,rappi,,0,36.87,1
10/05/2026,11,COL,Bucaramanga,42 CABECERA,Green House,rappi,15.92,6.92,0.33,1
10/05/2026,12,COL,Bucaramanga,42 CABECERA,Green House,rappi,10.31,9.63,4.03,1
10/05/2026,12,COL,Bucaramanga,42 CABECERA,Green House,rappi,8.04,9.62,6.31,1
10/05/2026,12,COL,Bucaramanga,42 CABECERA,Green House,rappi,9.94,8.62,3.41,1
10/05/2026,12,COL,Bucaramanga,42 CABECERA,Green House,rappi,4.94,3.17,3.16,1
10/05/2026,13,COL,Bucaramanga,42 CABECERA,Green House,rappi,7.99,3.85,0.49,1
10/05/2026,14,COL,Bucaramanga,42 CABECERA,Green House,rappi,8.39,1.07,0.75,1
10/05/2026,16,COL,Bucaramanga,42 CABECERA,Green House,rappi,14.18,5.03,0.75,1
10/05/2026,20,COL,Bucaramanga,42 CABECERA,Green House,rappi,18.39,13.57,14.03,1
10/05/2026,21,COL,Bucaramanga,42 CABECERA,Green House,rappi,9.23,5.1,0.81,1
10/05/2026,22,COL,Bucaramanga,42 CABECERA,Green House,rappi,12.97,8.9,0.95,1
10/05/2026,22,COL,Bucaramanga,42 CABECERA,Green House,rappi,16.22,12.15,0.86,1
10/05/2026,12,COL,Bucaramanga,42 CABECERA,Green House Turbo,rappi,4.11,2.38,4.6,1
10/05/2026,17,COL,Bucaramanga,42 CABECERA,Green House Turbo,rappi,9.23,0,90.73,1
10/05/2026,20,COL,Bucaramanga,42 CABECERA,Green House Turbo,rappi,6.13,0.67,2.21,1
10/05/2026,12,COL,Bucaramanga,42 CABECERA,Honest Food,rappi,8.77,6.07,2.25,1
10/05/2026,13,COL,Bucaramanga,42 CABECERA,Honest Food,rappi,7.14,1.27,11.66,1
10/05/2026,14,COL,Bucaramanga,42 CABECERA,Honest Food,rappi,6.81,2.75,1.03,1
10/05/2026,20,COL,Bucaramanga,42 CABECERA,House Of Burgers Turbo,rappi,8.77,4.35,0.83,1
10/05/2026,11,COL,Bucaramanga,42 CABECERA,House of Salads Turbo,rappi,4.82,0.65,0.97,1
10/05/2026,12,COL,Bucaramanga,42 CABECERA,House of Salads Turbo,rappi,4.71,0.22,13.02,1
10/05/2026,11,COL,Bucaramanga,42 CABECERA,La Casa Mexicana,rappi,6.32,2.57,1.01,1
10/05/2026,12,COL,Bucaramanga,42 CABECERA,La Casa Mexicana,rappi,4.01,0.33,22,1
10/05/2026,12,COL,Bucaramanga,42 CABECERA,La Casa Mexicana,rappi,1.44,1.45,26.55,1
10/05/2026,12,COL,Bucaramanga,42 CABECERA,La Casa Mexicana,rappi,6.42,1.22,0.78,1
10/05/2026,13,COL,Bucaramanga,42 CABECERA,La Casa Mexicana,rappi,11.12,3.62,1.98,1
10/05/2026,13,COL,Bucaramanga,42 CABECERA,La Casa Mexicana,rappi,6.33,0.65,5.5,1
10/05/2026,19,COL,Bucaramanga,42 CABECERA,La Casa Mexicana,rappi,8.98,4.38,0.24,1
10/05/2026,23,COL,Bucaramanga,42 CABECERA,La Casa Mexicana,rappi,15.22,11.1,0.84,1
10/05/2026,18,COL,Bucaramanga,42 CABECERA,La Casa Mexicana Turbo,rappi,10,4.77,0.69,1
10/05/2026,11,COL,Bucaramanga,42 CABECERA,La Cuadra,rappi,6.17,0.38,13.85,1
10/05/2026,11,COL,Bucaramanga,42 CABECERA,La Cuadra,rappi,11.69,1.08,2.93,1
10/05/2026,11,COL,Bucaramanga,42 CABECERA,La Cuadra,rappi,4.25,0.3,6.81,1
10/05/2026,11,COL,Bucaramanga,42 CABECERA,La Cuadra,rappi,4.14,0.6,60.08,1
10/05/2026,11,COL,Bucaramanga,42 CABECERA,La Cuadra,rappi,1.38,0.22,25.88,1
10/05/2026,12,COL,Bucaramanga,42 CABECERA,La Cuadra,rappi,5.13,0.3,5.91,1
10/05/2026,12,COL,Bucaramanga,42 CABECERA,La Cuadra,rappi,11,0.27,26.69,1
10/05/2026,12,COL,Bucaramanga,42 CABECERA,La Cuadra,rappi,11.24,0.38,12.95,1
10/05/2026,12,COL,Bucaramanga,42 CABECERA,La Cuadra,rappi,8.75,0.35,7.3,1
10/05/2026,13,COL,Bucaramanga,42 CABECERA,La Cuadra,rappi,8.87,1.88,17.3,1
10/05/2026,13,COL,Bucaramanga,42 CABECERA,La Cuadra,rappi,5.02,0.5,24.74,1
10/05/2026,13,COL,Bucaramanga,42 CABECERA,La Cuadra,rappi,6.92,0.37,4.33,1
10/05/2026,14,COL,Bucaramanga,42 CABECERA,La Cuadra,rappi,5.37,0.5,25.57,1
10/05/2026,14,COL,Bucaramanga,42 CABECERA,La Cuadra,rappi,3.05,0.43,5.61,1
10/05/2026,14,COL,Bucaramanga,42 CABECERA,La Cuadra,rappi,7.15,0.22,29.05,1
10/05/2026,15,COL,Bucaramanga,42 CABECERA,La Cuadra,rappi,5.38,0.47,15.1,1
10/05/2026,17,COL,Bucaramanga,42 CABECERA,La Cuadra,rappi,10.33,1.03,1.02,1
10/05/2026,21,COL,Bucaramanga,42 CABECERA,La Cuadra,rappi,6.13,1.77,0.31,1
10/05/2026,22,COL,Bucaramanga,42 CABECERA,La Cuadra,rappi,6,1.1,17.06,1
10/05/2026,8,COL,Bucaramanga,42 CABECERA,La Cuadra Desayunos,rappi,35.15,7.08,0,1
10/05/2026,11,COL,Bucaramanga,42 CABECERA,La Cuadra Turbo,rappi,4.86,0.45,2.97,1
10/05/2026,12,COL,Bucaramanga,42 CABECERA,La Cuadra Turbo,rappi,4.09,1.1,2.96,1
10/05/2026,15,COL,Bucaramanga,42 CABECERA,La Cuadra Turbo,rappi,9.9,2.53,0.88,1
10/05/2026,18,COL,Bucaramanga,42 CABECERA,La Cuadra Turbo,rappi,2.29,0.18,4.96,1
10/05/2026,21,COL,Bucaramanga,42 CABECERA,La Cuadra Turbo,rappi,3.08,0,0.45,1
10/05/2026,21,COL,Bucaramanga,42 CABECERA,La Cuadra Turbo,rappi,5.15,1.52,1.55,1
10/05/2026,7,COL,Bucaramanga,42 CABECERA,LA ÑAMGUCHERIA,rappi,,0,,1
10/05/2026,11,COL,Bucaramanga,42 CABECERA,LA ÑAMGUCHERIA,rappi,12.11,0.43,6.38,1
10/05/2026,13,COL,Bucaramanga,42 CABECERA,LA ÑAMGUCHERIA,rappi,7.04,0.23,32.31,1
10/05/2026,15,COL,Bucaramanga,42 CABECERA,LA ÑAMGUCHERIA,rappi,14.11,1.83,1.24,1
10/05/2026,17,COL,Bucaramanga,42 CABECERA,LA ÑAMGUCHERIA,rappi,10.02,1.32,0,1
10/05/2026,18,COL,Bucaramanga,42 CABECERA,LA ÑAMGUCHERIA,rappi,20.4,4.67,2.94,1
10/05/2026,19,COL,Bucaramanga,42 CABECERA,LA ÑAMGUCHERIA,rappi,7.52,0.33,12.92,1
10/05/2026,20,COL,Bucaramanga,42 CABECERA,LA ÑAMGUCHERIA,rappi,11.43,5.63,0.9,1
10/05/2026,20,COL,Bucaramanga,42 CABECERA,LA ÑAMGUCHERIA,rappi,8.31,0.35,3.1,1
10/05/2026,20,COL,Bucaramanga,42 CABECERA,LA ÑAMGUCHERIA,rappi,7.39,2.48,1.79,1
10/05/2026,22,COL,Bucaramanga,42 CABECERA,LA ÑAMGUCHERIA,rappi,8.36,4.48,0.93,1
10/05/2026,23,COL,Bucaramanga,42 CABECERA,LA ÑAMGUCHERIA,rappi,22.96,9.25,1.13,1
10/05/2026,14,COL,Bucaramanga,42 CABECERA,LA PANQUEQUERIA,rappi,10.49,5.9,0.71,1
10/05/2026,15,COL,Bucaramanga,42 CABECERA,Local - Cocina Consciente,rappi,18.44,13.97,0.95,1
10/05/2026,6,COL,Bucaramanga,42 CABECERA,Mañanero Diario,rappi,8.51,1.03,1.69,1
10/05/2026,6,COL,Bucaramanga,42 CABECERA,Mañanero Diario,rappi,23.09,17.03,0.95,1
10/05/2026,7,COL,Bucaramanga,42 CABECERA,Mañanero Diario,rappi,19.61,0.32,6.47,1
10/05/2026,7,COL,Bucaramanga,42 CABECERA,Mañanero Diario,rappi,22.06,0.12,12.76,1
10/05/2026,16,COL,Bucaramanga,42 CABECERA,MonteVerde,rappi,6.36,3.12,4.08,1
10/05/2026,18,COL,Bucaramanga,42 CABECERA,MonteVerde,rappi,13.04,8.7,0.35,1
10/05/2026,12,COL,Bucaramanga,42 CABECERA,Monteverde Turbo,rappi,4.84,0.45,2.1,1
10/05/2026,13,COL,Bucaramanga,42 CABECERA,Monteverde Turbo,rappi,6.33,1.75,0.72,1
10/05/2026,16,COL,Bucaramanga,42 CABECERA,Monteverde Turbo,rappi,4.15,0,0.34,1
10/05/2026,20,COL,Bucaramanga,42 CABECERA,Monteverde Turbo,rappi,4.9,0.67,0.89,1
10/05/2026,11,COL,Bucaramanga,42 CABECERA,Mr Beast Burger,rappi,14.09,10.05,0.91,1
10/05/2026,11,COL,Bucaramanga,42 CABECERA,Mr Beast Burger,rappi,4.08,0.6,32.12,1
10/05/2026,12,COL,Bucaramanga,42 CABECERA,Mr Beast Burger,rappi,10.1,1.12,15.19,1
10/05/2026,12,COL,Bucaramanga,42 CABECERA,Mr Beast Burger,rappi,12.09,0.17,7.05,1
10/05/2026,17,COL,Bucaramanga,42 CABECERA,Mr Beast Burger,rappi,15.75,0.38,5.24,1
10/05/2026,20,COL,Bucaramanga,42 CABECERA,Mr Beast Burger,rappi,7.72,0.28,3.35,1
10/05/2026,20,COL,Bucaramanga,42 CABECERA,Mr Beast Burger,rappi,9.4,0.72,20.95,1
10/05/2026,23,COL,Bucaramanga,42 CABECERA,Mr Beast Burger,rappi,29.32,19.67,2.63,1
10/05/2026,23,COL,Bucaramanga,42 CABECERA,Mr Beast Burger,rappi,36.6,22.88,1.12,1
10/05/2026,23,COL,Bucaramanga,42 CABECERA,Mr Beast Burger,rappi,24.78,0.15,3.33,1
10/05/2026,17,COL,Bucaramanga,42 CABECERA,Numa Cocina Mediterranea,rappi,15.94,4.93,0.34,1
10/05/2026,8,COL,Bucaramanga,42 CABECERA,San Jeronimo,rappi,,1.7,21.05,1
10/05/2026,9,COL,Bucaramanga,42 CABECERA,San Jeronimo,rappi,,0,0.81,1
10/05/2026,15,COL,Bucaramanga,42 CABECERA,San Jeronimo,rappi,,0,0.31,1
10/05/2026,23,COL,Bucaramanga,42 CABECERA,San Jeronimo,rappi,,6.07,2.93,1
10/05/2026,14,COL,Bucaramanga,42 CABECERA,SAN JERÓNIMO TURBO,rappi,,0.25,5.72,1
10/05/2026,18,COL,Bucaramanga,42 CABECERA,SAN JERÓNIMO TURBO,rappi,,0.43,0.13,1
10/05/2026,7,COL,Bucaramanga,42 CABECERA,SÁNDUCHES EL JEFE,rappi,76.05,58.03,0.01,1
10/05/2026,11,COL,Bucaramanga,42 CABECERA,Selvatiko,rappi,2.05,1.52,24.86,1
10/05/2026,18,COL,Bucaramanga,42 CABECERA,Selvatiko Turbo,rappi,3.93,0.1,1.12,1
10/05/2026,11,COL,Bucaramanga,42 CABECERA,Señor Burrito,rappi,6,0.33,4.65,1
10/05/2026,12,COL,Bucaramanga,42 CABECERA,Señor Burrito,rappi,7.08,0.5,12.91,1
10/05/2026,12,COL,Bucaramanga,42 CABECERA,Señor Burrito,rappi,11.02,0.52,4.04,1
10/05/2026,6,COL,Bucaramanga,42 CABECERA,The Breakfast Club,rappi,19.02,0.3,0.09,1
10/05/2026,6,COL,Bucaramanga,42 CABECERA,The Breakfast Club,rappi,22.38,16.98,0.12,1
10/05/2026,6,COL,Bucaramanga,42 CABECERA,The Breakfast Club,rappi,4.74,0.35,13.3,1
10/05/2026,7,COL,Bucaramanga,42 CABECERA,The Breakfast Club,rappi,7,2.93,0.94,1
10/05/2026,7,COL,Bucaramanga,42 CABECERA,The Breakfast Club,rappi,9.1,0.52,1.09,1
10/05/2026,7,COL,Bucaramanga,42 CABECERA,The Breakfast Club,rappi,3.26,0,0.76,1
10/05/2026,7,COL,Bucaramanga,42 CABECERA,The Breakfast Club,rappi,13.2,9.13,0.86,1
10/05/2026,7,COL,Bucaramanga,42 CABECERA,The Breakfast Club,rappi,13.44,9.13,0.62,1
10/05/2026,7,COL,Bucaramanga,42 CABECERA,The Breakfast Club,rappi,25.45,10.72,0.63,1
10/05/2026,7,COL,Bucaramanga,42 CABECERA,The Breakfast Club,rappi,,0,,1
10/05/2026,7,COL,Bucaramanga,42 CABECERA,The Breakfast Club,rappi,72.32,17.53,0,1
10/05/2026,8,COL,Bucaramanga,42 CABECERA,The Breakfast Club,rappi,62.38,1,0.13,1
10/05/2026,8,COL,Bucaramanga,42 CABECERA,The Breakfast Club,rappi,58.03,49.62,2,1
10/05/2026,9,COL,Bucaramanga,42 CABECERA,The Breakfast Club,rappi,2.13,0,2.07,1
10/05/2026,6,COL,Bucaramanga,42 CABECERA,The Egg Spot,rappi,12.14,1,13.01,1
10/05/2026,7,COL,Bucaramanga,42 CABECERA,The Egg Spot,rappi,22.14,17.68,0.24,1
10/05/2026,18,COL,Bucaramanga,42 CABECERA,Vicio,rappi,,0.4,3.76,1
10/05/2026,22,COL,Bucaramanga,42 CABECERA,Vicio,rappi,,0.75,27.89,1
10/05/2026,21,COL,Cali,24 SAN FERNANDO,Alba Vegetarian,rappi,11.96,2.33,0.37,1
10/05/2026,11,COL,Cali,46 INGENIO,Almuerzos de la Casa,rappi,25.15,12.32,0.87,1
10/05/2026,12,COL,Cali,46 INGENIO,Almuerzos de la Casa,rappi,9.07,0.57,6.78,1
10/05/2026,13,COL,Cali,46 INGENIO,Almuerzos de la Casa,rappi,27.23,10.1,2.77,1
10/05/2026,13,COL,Cali,24 SAN FERNANDO,Almuerzos de la Casa,rappi,5.63,0.15,22.22,1
10/05/2026,21,COL,Cali,22 SANTA MONICA,Almuerzos de la Casa,rappi,3.67,0.8,15.21,1
10/05/2026,22,COL,Cali,24 SAN FERNANDO,Almuerzos de la Casa,rappi,14.92,9.75,0.11,1
10/05/2026,23,COL,Cali,22 SANTA MONICA,Almuerzos de la Casa,rappi,12.87,7.7,8.4,1
10/05/2026,6,COL,Cali,46 INGENIO,Avocalia,rappi,12.35,0.22,21.72,1
10/05/2026,6,COL,Cali,24 SAN FERNANDO,Avocalia,rappi,38.71,13.18,1.3,1
10/05/2026,6,COL,Cali,24 SAN FERNANDO,Avocalia,rappi,20.97,13.92,1.06,1
10/05/2026,7,COL,Cali,46 INGENIO,Avocalia,rappi,61.16,58.15,1.9,1
10/05/2026,7,COL,Cali,24 SAN FERNANDO,Avocalia,rappi,78.98,55,4.31,1
10/05/2026,7,COL,Cali,24 SAN FERNANDO,Avocalia,rappi,111.93,0,0.28,1
10/05/2026,7,COL,Cali,22 SANTA MONICA,Avocalia,rappi,63.84,0,,1
10/05/2026,8,COL,Cali,22 SANTA MONICA,Avocalia,rappi,35.01,25.25,1.11,1
10/05/2026,8,COL,Cali,24 SAN FERNANDO,Avocalia,rappi,108.96,15.07,0.04,1
10/05/2026,9,COL,Cali,22 SANTA MONICA,Avocalia,rappi,92.45,77.93,2.74,1
10/05/2026,10,COL,Cali,24 SAN FERNANDO,Avocalia,rappi,,0,,1
10/05/2026,11,COL,Cali,22 SANTA MONICA,Avocalia,rappi,12.19,1.02,19.72,1
10/05/2026,12,COL,Cali,46 INGENIO,Avocalia,rappi,14.08,0.2,5.04,1
10/05/2026,12,COL,Cali,46 INGENIO,Avocalia,rappi,13.26,5.82,0.86,1
10/05/2026,12,COL,Cali,46 INGENIO,Avocalia,rappi,10.9,0.27,18.02,1
10/05/2026,12,COL,Cali,46 INGENIO,Avocalia,rappi,17.69,2.67,33.08,1
10/05/2026,13,COL,Cali,24 SAN FERNANDO,Avocalia,rappi,5.71,1.33,0.48,1
10/05/2026,13,COL,Cali,22 SANTA MONICA,Avocalia,rappi,7.85,4.38,38.97,1
10/05/2026,13,COL,Cali,22 SANTA MONICA,Avocalia,rappi,6.73,1.37,15.5,1
10/05/2026,13,COL,Cali,24 SAN FERNANDO,Avocalia,rappi,2.23,0.32,7.24,1
10/05/2026,13,COL,Cali,22 SANTA MONICA,Avocalia,rappi,6.45,1.37,11.06,1
10/05/2026,13,COL,Cali,46 INGENIO,Avocalia,rappi,16.64,1.3,0.42,1
10/05/2026,13,COL,Cali,24 SAN FERNANDO,Avocalia,rappi,8.79,0.33,1.33,1
10/05/2026,13,COL,Cali,46 INGENIO,Avocalia,rappi,11.05,2.88,0.11,1
10/05/2026,13,COL,Cali,24 SAN FERNANDO,Avocalia,rappi,18.99,5.57,0.81,1
10/05/2026,14,COL,Cali,22 SANTA MONICA,Avocalia,rappi,4,0.47,11.62,1
10/05/2026,14,COL,Cali,46 INGENIO,Avocalia,rappi,18.65,12.05,0.35,1
10/05/2026,14,COL,Cali,22 SANTA MONICA,Avocalia,rappi,10.66,1.7,13.99,1
10/05/2026,15,COL,Cali,24 SAN FERNANDO,Avocalia,rappi,12.14,0.38,1.83,1
10/05/2026,18,COL,Cali,24 SAN FERNANDO,Avocalia,rappi,6.01,0.37,6.5,1
10/05/2026,18,COL,Cali,24 SAN FERNANDO,Avocalia,rappi,23.99,5.98,1.26,1
10/05/2026,19,COL,Cali,46 INGENIO,Avocalia,rappi,15.85,7.43,1.05,1
10/05/2026,20,COL,Cali,24 SAN FERNANDO,Avocalia,rappi,15.62,0.62,12.88,1
10/05/2026,20,COL,Cali,24 SAN FERNANDO,Avocalia,rappi,6.26,2.73,1.9,1
10/05/2026,20,COL,Cali,46 INGENIO,Avocalia,rappi,5.29,0.58,8.99,1
10/05/2026,21,COL,Cali,24 SAN FERNANDO,Avocalia,rappi,14.81,0.62,25.35,1
10/05/2026,21,COL,Cali,24 SAN FERNANDO,Avocalia,rappi,7.17,0.72,30.09,1
10/05/2026,22,COL,Cali,22 SANTA MONICA,Avocalia,rappi,,0,,1
10/05/2026,22,COL,Cali,22 SANTA MONICA,Avocalia,rappi,19,11.75,1.41,1
10/05/2026,22,COL,Cali,46 INGENIO,Avocalia,rappi,5.02,0.33,12.39,1
10/05/2026,22,COL,Cali,24 SAN FERNANDO,Avocalia,rappi,9.58,0.37,1.39,1
10/05/2026,23,COL,Cali,22 SANTA MONICA,Avocalia,rappi,9.11,0.15,6.07,1
10/05/2026,23,COL,Cali,46 INGENIO,Avocalia,rappi,8.7,0.77,3.89,1
10/05/2026,11,COL,Cali,24 SAN FERNANDO,AVOCALIA TURBO,rappi,33.18,22.68,0.89,1
10/05/2026,11,COL,Cali,22 SANTA MONICA,AVOCALIA TURBO,rappi,4.1,3.12,6.28,1
10/05/2026,13,COL,Cali,22 SANTA MONICA,AVOCALIA TURBO,rappi,3.13,1.22,4.17,1
10/05/2026,19,COL,Cali,22 SANTA MONICA,AVOCALIA TURBO,rappi,3.58,0,1.25,1
10/05/2026,20,COL,Cali,24 SAN FERNANDO,AVOCALIA TURBO,rappi,2.64,0,0.27,1
10/05/2026,9,COL,Cali,22 SANTA MONICA,Bottaniko,rappi,85.15,7.28,2.38,1
10/05/2026,6,COL,Cali,46 INGENIO,Brunch & Munch,rappi,18.77,8.62,4,1
10/05/2026,6,COL,Cali,46 INGENIO,Brunch & Munch,rappi,20.9,17.4,1.73,1
10/05/2026,6,COL,Cali,46 INGENIO,Brunch & Munch,rappi,15.93,6.48,0.78,1
10/05/2026,6,COL,Cali,46 INGENIO,Brunch & Munch,rappi,17.97,1.58,13.42,1
10/05/2026,6,COL,Cali,24 SAN FERNANDO,Brunch & Munch,rappi,36.81,6.03,22.07,1
10/05/2026,6,COL,Cali,46 INGENIO,Brunch & Munch,rappi,21.05,18.1,2.03,1
10/05/2026,6,COL,Cali,46 INGENIO,Brunch & Munch,rappi,18.69,12.58,0.08,1
10/05/2026,6,COL,Cali,46 INGENIO,Brunch & Munch,rappi,17.55,14.08,6.28,1
10/05/2026,6,COL,Cali,24 SAN FERNANDO,Brunch & Munch,rappi,13.97,4.03,13.26,1
10/05/2026,6,COL,Cali,22 SANTA MONICA,Brunch & Munch,rappi,11.04,2,0.83,1
10/05/2026,6,COL,Cali,46 INGENIO,Brunch & Munch,rappi,22.88,14.1,0.07,1
10/05/2026,6,COL,Cali,46 INGENIO,Brunch & Munch,rappi,34.27,7.43,1.89,1
10/05/2026,6,COL,Cali,22 SANTA MONICA,Brunch & Munch,rappi,4.72,3.28,40.05,1
10/05/2026,6,COL,Cali,22 SANTA MONICA,Brunch & Munch,rappi,4.8,1.53,27.95,1
10/05/2026,6,COL,Cali,22 SANTA MONICA,Brunch & Munch,rappi,11.66,19.1,19.94,1
10/05/2026,6,COL,Cali,24 SAN FERNANDO,Brunch & Munch,rappi,8.35,0.33,22.69,1
10/05/2026,6,COL,Cali,22 SANTA MONICA,Brunch & Munch,rappi,8.82,0.68,4.39,1
10/05/2026,6,COL,Cali,22 SANTA MONICA,Brunch & Munch,rappi,9.3,19.08,18.6,1
10/05/2026,6,COL,Cali,22 SANTA MONICA,Brunch & Munch,rappi,9.85,0.47,3.93,1
10/05/2026,6,COL,Cali,24 SAN FERNANDO,Brunch & Munch,rappi,18.74,4.82,8.46,1
10/05/2026,6,COL,Cali,46 INGENIO,Brunch & Munch,rappi,28.08,7.42,0.07,1
10/05/2026,6,COL,Cali,24 SAN FERNANDO,Brunch & Munch,rappi,15.6,4.03,0.34,1
10/05/2026,6,COL,Cali,22 SANTA MONICA,Brunch & Munch,rappi,10.8,0.92,9.99,1
10/05/2026,6,COL,Cali,24 SAN FERNANDO,Brunch & Munch,rappi,14.01,4.82,8.34,1
10/05/2026,6,COL,Cali,24 SAN FERNANDO,Brunch & Munch,rappi,24.5,13.6,0.71,1
10/05/2026,6,COL,Cali,46 INGENIO,Brunch & Munch,rappi,14.01,11.92,13.2,1
10/05/2026,6,COL,Cali,46 INGENIO,Brunch & Munch,rappi,11.8,2.98,0.83,1
10/05/2026,6,COL,Cali,46 INGENIO,Brunch & Munch,rappi,10.01,12.17,12.07,1
10/05/2026,6,COL,Cali,46 INGENIO,Brunch & Munch,rappi,16.5,12.17,4.58,1
10/05/2026,6,COL,Cali,46 INGENIO,Brunch & Munch,rappi,11.95,2.65,0.1,1
10/05/2026,6,COL,Cali,46 INGENIO,Brunch & Munch,rappi,18.08,9.08,0.05,1
10/05/2026,6,COL,Cali,22 SANTA MONICA,Brunch & Munch,rappi,5.23,1.15,3,1
10/05/2026,7,COL,Cali,22 SANTA MONICA,Brunch & Munch,rappi,12.8,17.12,9.24,1
10/05/2026,7,COL,Cali,22 SANTA MONICA,Brunch & Munch,rappi,8.02,0.42,11.99,1
10/05/2026,7,COL,Cali,24 SAN FERNANDO,Brunch & Munch,rappi,20.19,1.62,3.98,1
10/05/2026,7,COL,Cali,24 SAN FERNANDO,Brunch & Munch,rappi,19.31,15.62,3.02,1
10/05/2026,7,COL,Cali,24 SAN FERNANDO,Brunch & Munch,rappi,20.68,15.63,1.35,1
10/05/2026,7,COL,Cali,22 SANTA MONICA,Brunch & Munch,rappi,11.95,1.15,12.12,1
10/05/2026,7,COL,Cali,46 INGENIO,Brunch & Munch,rappi,34.09,22.95,0.14,1
10/05/2026,7,COL,Cali,24 SAN FERNANDO,Brunch & Munch,rappi,19.74,15.1,0.28,1
10/05/2026,7,COL,Cali,22 SANTA MONICA,Brunch & Munch,rappi,11.98,13.5,8.83,1
10/05/2026,7,COL,Cali,24 SAN FERNANDO,Brunch & Munch,rappi,27.72,16.97,0,1
10/05/2026,7,COL,Cali,24 SAN FERNANDO,Brunch & Munch,rappi,30.27,0.75,10.04,1
10/05/2026,7,COL,Cali,24 SAN FERNANDO,Brunch & Munch,rappi,26.76,15.58,0,1
10/05/2026,7,COL,Cali,24 SAN FERNANDO,Brunch & Munch,rappi,26.25,16.35,0.01,1
10/05/2026,7,COL,Cali,24 SAN FERNANDO,Brunch & Munch,rappi,24.95,16.35,0,1
10/05/2026,7,COL,Cali,22 SANTA MONICA,Brunch & Munch,rappi,14.04,20.9,13.05,1
10/05/2026,7,COL,Cali,22 SANTA MONICA,Brunch & Munch,rappi,16.81,11.47,25.99,1
10/05/2026,7,COL,Cali,46 INGENIO,Brunch & Munch,rappi,35.3,14.4,43.72,1
10/05/2026,7,COL,Cali,22 SANTA MONICA,Brunch & Munch,rappi,16.81,20.9,9.43,1
10/05/2026,7,COL,Cali,22 SANTA MONICA,Brunch & Munch,rappi,17.57,8.57,0.43,1
10/05/2026,7,COL,Cali,22 SANTA MONICA,Brunch & Munch,rappi,21.76,11.22,0.1,1
10/05/2026,7,COL,Cali,22 SANTA MONICA,Brunch & Munch,rappi,25.58,20.9,0.46,1
10/05/2026,7,COL,Cali,22 SANTA MONICA,Brunch & Munch,rappi,26.33,3.65,22.77,1
10/05/2026,7,COL,Cali,24 SAN FERNANDO,Brunch & Munch,rappi,51.15,25.7,15.87,1
10/05/2026,7,COL,Cali,22 SANTA MONICA,Brunch & Munch,rappi,22.93,17.12,47.91,1
10/05/2026,7,COL,Cali,24 SAN FERNANDO,Brunch & Munch,rappi,66.05,62.18,8.04,1
10/05/2026,7,COL,Cali,22 SANTA MONICA,Brunch & Munch,rappi,,0,,1
10/05/2026,7,COL,Cali,24 SAN FERNANDO,Brunch & Munch,rappi,56.93,45.6,0.07,1
10/05/2026,7,COL,Cali,24 SAN FERNANDO,Brunch & Munch,rappi,35.97,51.42,20.25,1
10/05/2026,7,COL,Cali,24 SAN FERNANDO,Brunch & Munch,rappi,64.72,0,,1
10/05/2026,7,COL,Cali,24 SAN FERNANDO,Brunch & Munch,rappi,49.71,37.27,2.21,1
10/05/2026,7,COL,Cali,46 INGENIO,Brunch & Munch,rappi,56.5,0.33,2.96,1
10/05/2026,7,COL,Cali,24 SAN FERNANDO,Brunch & Munch,rappi,54.21,62.2,15.08,1
10/05/2026,7,COL,Cali,46 INGENIO,Brunch & Munch,rappi,30.14,26.55,2.07,1
10/05/2026,7,COL,Cali,46 INGENIO,Brunch & Munch,rappi,30.04,26.55,2,1
10/05/2026,7,COL,Cali,24 SAN FERNANDO,Brunch & Munch,rappi,,0,,1
10/05/2026,7,COL,Cali,46 INGENIO,Brunch & Munch,rappi,27.96,0.13,14.63,1
10/05/2026,7,COL,Cali,22 SANTA MONICA,Brunch & Munch,rappi,21,15.1,1.4,1
10/05/2026,7,COL,Cali,24 SAN FERNANDO,Brunch & Munch,rappi,68.56,58.13,2.14,1
10/05/2026,7,COL,Cali,24 SAN FERNANDO,Brunch & Munch,rappi,64.82,61.48,1.45,1
10/05/2026,7,COL,Cali,24 SAN FERNANDO,Brunch & Munch,rappi,36.8,37.27,10.06,1
10/05/2026,7,COL,Cali,46 INGENIO,Brunch & Munch,rappi,94.55,45.76,7.08,2
10/05/2026,7,COL,Cali,22 SANTA MONICA,Brunch & Munch,rappi,54.72,19.97,6.83,1
10/05/2026,7,COL,Cali,46 INGENIO,Brunch & Munch,rappi,56.29,57.3,7.22,1
10/05/2026,7,COL,Cali,22 SANTA MONICA,Brunch & Munch,rappi,37.39,17.02,11.63,1
10/05/2026,7,COL,Cali,46 INGENIO,Brunch & Munch,rappi,50.04,57.3,13.14,1
10/05/2026,7,COL,Cali,46 INGENIO,Brunch & Munch,rappi,58.9,20.2,40.9,1
10/05/2026,7,COL,Cali,22 SANTA MONICA,Brunch & Munch,rappi,48.09,6.53,1.32,1
10/05/2026,7,COL,Cali,22 SANTA MONICA,Brunch & Munch,rappi,19.11,22.15,9.17,1
10/05/2026,7,COL,Cali,46 INGENIO,Brunch & Munch,rappi,57.08,17.48,15.5,1
10/05/2026,7,COL,Cali,24 SAN FERNANDO,Brunch & Munch,rappi,63.92,58.13,0.96,1
10/05/2026,7,COL,Cali,46 INGENIO,Brunch & Munch,rappi,56.86,55.38,3.34,1
10/05/2026,7,COL,Cali,22 SANTA MONICA,Brunch & Munch,rappi,34.88,60.53,58.01,1
10/05/2026,7,COL,Cali,46 INGENIO,Brunch & Munch,rappi,54.94,41.53,10.85,1
10/05/2026,7,COL,Cali,24 SAN FERNANDO,Brunch & Munch,rappi,66.21,0.52,0.55,1
10/05/2026,7,COL,Cali,46 INGENIO,Brunch & Munch,rappi,63.9,41.53,0.75,1
10/05/2026,7,COL,Cali,22 SANTA MONICA,Brunch & Munch,rappi,32.03,29.05,9.52,1
10/05/2026,7,COL,Cali,24 SAN FERNANDO,Brunch & Munch,rappi,13.9,0,,1
10/05/2026,7,COL,Cali,46 INGENIO,Brunch & Munch,rappi,61.05,57.88,1.87,1
10/05/2026,7,COL,Cali,22 SANTA MONICA,Brunch & Munch,rappi,24.37,17.62,7.76,1
10/05/2026,7,COL,Cali,46 INGENIO,Brunch & Munch,rappi,,0,,1
10/05/2026,7,COL,Cali,46 INGENIO,Brunch & Munch,rappi,77.76,65.58,0.16,1
10/05/2026,7,COL,Cali,46 INGENIO,Brunch & Munch,rappi,51.16,92.78,51.09,1
10/05/2026,7,COL,Cali,24 SAN FERNANDO,Brunch & Munch,rappi,73.11,71.78,9.71,1
10/05/2026,7,COL,Cali,46 INGENIO,Brunch & Munch,rappi,61.71,54.4,0.11,1
10/05/2026,7,COL,Cali,22 SANTA MONICA,Brunch & Munch,rappi,22.89,26.73,14,1
10/05/2026,7,COL,Cali,46 INGENIO,Brunch & Munch,rappi,48.95,81.6,77.28,1
10/05/2026,7,COL,Cali,22 SANTA MONICA,Brunch & Munch,rappi,64.16,26.73,21.18,1
10/05/2026,7,COL,Cali,22 SANTA MONICA,Brunch & Munch,rappi,41.16,38.72,6.55,1
10/05/2026,7,COL,Cali,46 INGENIO,Brunch & Munch,rappi,48.7,76.65,82.92,1
10/05/2026,7,COL,Cali,46 INGENIO,Brunch & Munch,rappi,44.77,33.5,4.08,1
10/05/2026,7,COL,Cali,46 INGENIO,Brunch & Munch,rappi,67.67,109.28,46.48,1
10/05/2026,7,COL,Cali,46 INGENIO,Brunch & Munch,rappi,45.71,44.83,4.13,1
10/05/2026,7,COL,Cali,46 INGENIO,Brunch & Munch,rappi,38.95,31.57,82.34,1
10/05/2026,7,COL,Cali,46 INGENIO,Brunch & Munch,rappi,65.79,60.22,0.04,1
10/05/2026,7,COL,Cali,24 SAN FERNANDO,Brunch & Munch,rappi,79.19,14.48,0.03,1
10/05/2026,7,COL,Cali,46 INGENIO,Brunch & Munch,rappi,73.81,69.15,0.24,1
10/05/2026,7,COL,Cali,24 SAN FERNANDO,Brunch & Munch,rappi,80.35,0.17,79.78,1
10/05/2026,7,COL,Cali,46 INGENIO,Brunch & Munch,rappi,74.06,7.08,3.69,1
10/05/2026,7,COL,Cali,24 SAN FERNANDO,Brunch & Munch,rappi,82.58,1.1,1.93,1
10/05/2026,7,COL,Cali,46 INGENIO,Brunch & Munch,rappi,88.19,2.37,0,1
10/05/2026,7,COL,Cali,24 SAN FERNANDO,Brunch & Munch,rappi,82.02,95.67,18.37,1
10/05/2026,7,COL,Cali,22 SANTA MONICA,Brunch & Munch,rappi,27.23,6.73,18.94,1
10/05/2026,7,COL,Cali,46 INGENIO,Brunch & Munch,rappi,85,0.15,105.81,1
10/05/2026,7,COL,Cali,22 SANTA MONICA,Brunch & Munch,rappi,23.03,8.08,11.93,1
10/05/2026,7,COL,Cali,24 SAN FERNANDO,Brunch & Munch,rappi,88.1,2.4,9.1,1
10/05/2026,7,COL,Cali,22 SANTA MONICA,Brunch & Munch,rappi,44.65,37.62,4.96,1
10/05/2026,7,COL,Cali,24 SAN FERNANDO,Brunch & Munch,rappi,93.06,83.25,0.91,1
10/05/2026,7,COL,Cali,46 INGENIO,Brunch & Munch,rappi,58.97,54.5,0.71,1
10/05/2026,7,COL,Cali,46 INGENIO,Brunch & Munch,rappi,67.15,55.7,0.14,1
10/05/2026,7,COL,Cali,24 SAN FERNANDO,Brunch & Munch,rappi,92.33,21.6,1.05,1
10/05/2026,7,COL,Cali,24 SAN FERNANDO,Brunch & Munch,rappi,95.99,0,,1
10/05/2026,7,COL,Cali,46 INGENIO,Brunch & Munch,rappi,,0,,1
10/05/2026,7,COL,Cali,22 SANTA MONICA,Brunch & Munch,rappi,34.86,28.8,2.64,1
10/05/2026,7,COL,Cali,46 INGENIO,Brunch & Munch,rappi,92.96,87.47,1,1
10/05/2026,7,COL,Cali,24 SAN FERNANDO,Brunch & Munch,rappi,,0,,1
10/05/2026,7,COL,Cali,22 SANTA MONICA,Brunch & Munch,rappi,30.29,58.12,32.75,1
10/05/2026,7,COL,Cali,22 SANTA MONICA,Brunch & Munch,rappi,52.82,56.9,9.09,1
10/05/2026,8,COL,Cali,46 INGENIO,Brunch & Munch,rappi,94.02,90.07,1.06,1
10/05/2026,8,COL,Cali,24 SAN FERNANDO,Brunch & Munch,rappi,42.66,111.95,75.55,1
10/05/2026,8,COL,Cali,24 SAN FERNANDO,Brunch & Munch,rappi,116.74,111.93,0.3,1
10/05/2026,8,COL,Cali,24 SAN FERNANDO,Brunch & Munch,rappi,40.63,12.2,0.19,1
10/05/2026,8,COL,Cali,24 SAN FERNANDO,Brunch & Munch,rappi,123.32,67.92,7.19,1
10/05/2026,8,COL,Cali,22 SANTA MONICA,Brunch & Munch,rappi,48.31,33.73,7.7,1
10/05/2026,8,COL,Cali,46 INGENIO,Brunch & Munch,rappi,111.25,82.08,61.93,1
10/05/2026,8,COL,Cali,24 SAN FERNANDO,Brunch & Munch,rappi,,0,,1
10/05/2026,8,COL,Cali,22 SANTA MONICA,Brunch & Munch,rappi,56.3,11.5,1.24,1
10/05/2026,8,COL,Cali,24 SAN FERNANDO,Brunch & Munch,rappi,139.02,1.45,15.13,1
10/05/2026,8,COL,Cali,22 SANTA MONICA,Brunch & Munch,rappi,74.69,72.92,11.41,1
10/05/2026,8,COL,Cali,22 SANTA MONICA,Brunch & Munch,rappi,78.22,10.83,35.68,1
10/05/2026,8,COL,Cali,22 SANTA MONICA,Brunch & Munch,rappi,57.65,78.43,28.35,1
10/05/2026,8,COL,Cali,22 SANTA MONICA,Brunch & Munch,rappi,72.08,72.92,11.28,1
10/05/2026,8,COL,Cali,22 SANTA MONICA,Brunch & Munch,rappi,64.74,35.77,0.97,1
10/05/2026,8,COL,Cali,22 SANTA MONICA,Brunch & Munch,rappi,71.22,77.75,11.22,1
10/05/2026,8,COL,Cali,22 SANTA MONICA,Brunch & Munch,rappi,77.23,72.92,2.86,1
10/05/2026,8,COL,Cali,46 INGENIO,Brunch & Munch,rappi,87.23,80.18,0,1
10/05/2026,8,COL,Cali,22 SANTA MONICA,Brunch & Munch,rappi,82.93,50.62,11.9,1
10/05/2026,8,COL,Cali,22 SANTA MONICA,Brunch & Munch,rappi,98.55,107.12,15.49,1
10/05/2026,8,COL,Cali,46 INGENIO,Brunch & Munch,rappi,85.3,76.65,3.73,1
10/05/2026,8,COL,Cali,22 SANTA MONICA,Brunch & Munch,rappi,,0,,1
10/05/2026,8,COL,Cali,22 SANTA MONICA,Brunch & Munch,rappi,,0,,1
10/05/2026,8,COL,Cali,24 SAN FERNANDO,Brunch & Munch,rappi,82.72,52.8,17.02,1
10/05/2026,8,COL,Cali,22 SANTA MONICA,Brunch & Munch,rappi,,0,,1
10/05/2026,8,COL,Cali,22 SANTA MONICA,Brunch & Munch,rappi,107.84,46.62,0.78,1
10/05/2026,8,COL,Cali,24 SAN FERNANDO,Brunch & Munch,rappi,119.05,3.22,0.05,1
10/05/2026,8,COL,Cali,22 SANTA MONICA,Brunch & Munch,rappi,108.06,97.15,7.99,1
10/05/2026,8,COL,Cali,22 SANTA MONICA,Brunch & Munch,rappi,118.4,97.28,0.05,1
10/05/2026,8,COL,Cali,22 SANTA MONICA,Brunch & Munch,rappi,86.4,87.13,5.85,1
10/05/2026,8,COL,Cali,22 SANTA MONICA,Brunch & Munch,rappi,,0,,1
10/05/2026,8,COL,Cali,24 SAN FERNANDO,Brunch & Munch,rappi,,0,,1
10/05/2026,8,COL,Cali,22 SANTA MONICA,Brunch & Munch,rappi,,0,,1
10/05/2026,8,COL,Cali,22 SANTA MONICA,Brunch & Munch,rappi,,0,,1
10/05/2026,8,COL,Cali,46 INGENIO,Brunch & Munch,rappi,,0,,1
10/05/2026,8,COL,Cali,24 SAN FERNANDO,Brunch & Munch,rappi,,0,,1
10/05/2026,8,COL,Cali,24 SAN FERNANDO,Brunch & Munch,rappi,,0,,1
10/05/2026,8,COL,Cali,24 SAN FERNANDO,Brunch & Munch,rappi,,0,,1
10/05/2026,8,COL,Cali,24 SAN FERNANDO,Brunch & Munch,rappi,124.87,103.05,0.13,1
10/05/2026,9,COL,Cali,22 SANTA MONICA,Brunch & Munch,rappi,78.36,35.23,6.91,1
10/05/2026,9,COL,Cali,22 SANTA MONICA,Brunch & Munch,rappi,85.03,79.9,3.02,1
10/05/2026,9,COL,Cali,22 SANTA MONICA,Brunch & Munch,rappi,95.47,42.35,5.93,1
10/05/2026,9,COL,Cali,22 SANTA MONICA,Brunch & Munch,rappi,94.53,32.9,22.57,1
10/05/2026,9,COL,Cali,24 SAN FERNANDO,Brunch & Munch,rappi,79.03,59.93,1.2,1
10/05/2026,9,COL,Cali,24 SAN FERNANDO,Brunch & Munch,rappi,78.79,72.1,1.12,1
10/05/2026,9,COL,Cali,22 SANTA MONICA,Brunch & Munch,rappi,92.77,31.05,9.07,1
10/05/2026,9,COL,Cali,22 SANTA MONICA,Brunch & Munch,rappi,,0,,1
10/05/2026,9,COL,Cali,22 SANTA MONICA,Brunch & Munch,rappi,72.96,31.05,27.02,1
10/05/2026,9,COL,Cali,22 SANTA MONICA,Brunch & Munch,rappi,60.89,22.53,17.82,1
10/05/2026,9,COL,Cali,24 SAN FERNANDO,Brunch & Munch,rappi,,0,,1
10/05/2026,9,COL,Cali,24 SAN FERNANDO,Brunch & Munch,rappi,85.2,0,,1
10/05/2026,9,COL,Cali,24 SAN FERNANDO,Brunch & Munch,rappi,84,23.13,0.77,1
10/05/2026,9,COL,Cali,24 SAN FERNANDO,Brunch & Munch,rappi,113.05,0.13,16.43,1
10/05/2026,9,COL,Cali,24 SAN FERNANDO,Brunch & Munch,rappi,,0,,1
10/05/2026,9,COL,Cali,22 SANTA MONICA,Brunch & Munch,rappi,95.71,5.2,2.88,1
10/05/2026,9,COL,Cali,22 SANTA MONICA,Brunch & Munch,rappi,88.87,30.92,8.13,1
10/05/2026,9,COL,Cali,22 SANTA MONICA,Brunch & Munch,rappi,52.04,22.17,1.66,1
10/05/2026,9,COL,Cali,46 INGENIO,Brunch & Munch,rappi,57.25,24.22,30.73,1
10/05/2026,9,COL,Cali,46 INGENIO,Brunch & Munch,rappi,8.05,31.9,31.68,1
10/05/2026,9,COL,Cali,24 SAN FERNANDO,Brunch & Munch,rappi,82.08,102,27.14,1
10/05/2026,9,COL,Cali,24 SAN FERNANDO,Brunch & Munch,rappi,107.72,93.43,8.18,1
10/05/2026,9,COL,Cali,24 SAN FERNANDO,Brunch & Munch,rappi,,0,,1
10/05/2026,9,COL,Cali,46 INGENIO,Brunch & Munch,rappi,56.09,23.63,37.14,1
10/05/2026,9,COL,Cali,46 INGENIO,Brunch & Munch,rappi,26.81,3.12,14.07,1
10/05/2026,9,COL,Cali,46 INGENIO,Brunch & Munch,rappi,23.33,1.65,61.98,1
10/05/2026,9,COL,Cali,46 INGENIO,Brunch & Munch,rappi,66.8,30.32,18.11,1
10/05/2026,9,COL,Cali,24 SAN FERNANDO,Brunch & Munch,rappi,99.03,18.53,0.57,1
10/05/2026,9,COL,Cali,46 INGENIO,Brunch & Munch,rappi,76.97,87.23,15.15,1
10/05/2026,9,COL,Cali,46 INGENIO,Brunch & Munch,rappi,74.16,33.07,8.95,1
10/05/2026,9,COL,Cali,46 INGENIO,Brunch & Munch,rappi,19.94,16.67,1.44,1
10/05/2026,9,COL,Cali,46 INGENIO,Brunch & Munch,rappi,,0,,1
10/05/2026,9,COL,Cali,46 INGENIO,Brunch & Munch,rappi,61.76,38.52,20,1
10/05/2026,9,COL,Cali,24 SAN FERNANDO,Brunch & Munch,rappi,123.97,3.72,2.07,1
10/05/2026,9,COL,Cali,46 INGENIO,Brunch & Munch,rappi,17.07,16.6,5.14,1
10/05/2026,9,COL,Cali,46 INGENIO,Brunch & Munch,rappi,67.78,4.32,34.91,1
10/05/2026,9,COL,Cali,46 INGENIO,Brunch & Munch,rappi,80.25,59.88,6.02,1
10/05/2026,9,COL,Cali,24 SAN FERNANDO,Brunch & Munch,rappi,,0,,1
10/05/2026,9,COL,Cali,46 INGENIO,Brunch & Munch,rappi,80.43,20.43,2.85,1
10/05/2026,9,COL,Cali,24 SAN FERNANDO,Brunch & Munch,rappi,,0,,1
10/05/2026,9,COL,Cali,24 SAN FERNANDO,Brunch & Munch,rappi,106.3,93.43,0.04,1
10/05/2026,9,COL,Cali,24 SAN FERNANDO,Brunch & Munch,rappi,,0,,1
10/05/2026,9,COL,Cali,46 INGENIO,Brunch & Munch,rappi,72.78,20.42,0.01,1
10/05/2026,9,COL,Cali,46 INGENIO,Brunch & Munch,rappi,86.06,5.6,0.79,1
10/05/2026,9,COL,Cali,24 SAN FERNANDO,Brunch & Munch,rappi,79.19,10.95,0.04,1
10/05/2026,9,COL,Cali,46 INGENIO,Brunch & Munch,rappi,73.86,47.97,2.37,1
10/05/2026,9,COL,Cali,46 INGENIO,Brunch & Munch,rappi,42.03,39.83,3.1,1
10/05/2026,10,COL,Cali,46 INGENIO,Brunch & Munch,rappi,29.5,29.62,4.85,1
10/05/2026,10,COL,Cali,46 INGENIO,Brunch & Munch,rappi,70.39,36.52,12.7,1
10/05/2026,10,COL,Cali,46 INGENIO,Brunch & Munch,rappi,,0,,1
10/05/2026,10,COL,Cali,46 INGENIO,Brunch & Munch,rappi,46.1,27.98,20.77,1
10/05/2026,10,COL,Cali,46 INGENIO,Brunch & Munch,rappi,50.11,52.18,11.56,1
10/05/2026,10,COL,Cali,46 INGENIO,Brunch & Munch,rappi,56.87,59.02,7.12,1
10/05/2026,10,COL,Cali,46 INGENIO,Brunch & Munch,rappi,75.68,54.5,10.52,1
10/05/2026,10,COL,Cali,46 INGENIO,Brunch & Munch,rappi,60.88,57.22,1.23,1
10/05/2026,10,COL,Cali,46 INGENIO,Brunch & Munch,rappi,64.47,3.52,5.86,1
10/05/2026,10,COL,Cali,46 INGENIO,Brunch & Munch,rappi,60.81,8.58,2.27,1
10/05/2026,10,COL,Cali,46 INGENIO,Brunch & Munch,rappi,59.98,57.95,2.57,1
10/05/2026,10,COL,Cali,24 SAN FERNANDO,Brunch & Munch,rappi,53.87,43.07,0.05,1
10/05/2026,10,COL,Cali,24 SAN FERNANDO,Brunch & Munch,rappi,48.28,41.3,0.04,1
10/05/2026,11,COL,Cali,22 SANTA MONICA,Brunch & Munch,rappi,12.91,1.17,11.03,1
10/05/2026,11,COL,Cali,22 SANTA MONICA,Brunch & Munch,rappi,28.93,0.72,19.76,1
10/05/2026,11,COL,Cali,22 SANTA MONICA,Brunch & Munch,rappi,17.55,0.17,7.36,1
10/05/2026,11,COL,Cali,24 SAN FERNANDO,Brunch & Munch,rappi,20.04,3.28,3.09,1
10/05/2026,11,COL,Cali,46 INGENIO,Brunch & Munch,rappi,6.98,4.65,7.43,1
10/05/2026,11,COL,Cali,46 INGENIO,Brunch & Munch,rappi,15.2,4.65,0.54,1
10/05/2026,12,COL,Cali,46 INGENIO,Brunch & Munch,rappi,10.64,0,,1
10/05/2026,12,COL,Cali,46 INGENIO,Brunch & Munch,rappi,17.04,0.92,20.08,1
10/05/2026,14,COL,Cali,22 SANTA MONICA,Brunch & Munch,rappi,,0.18,19.25,1
10/05/2026,16,COL,Cali,24 SAN FERNANDO,Brunch & Munch,rappi,10.27,2.13,1.75,1
10/05/2026,19,COL,Cali,22 SANTA MONICA,Brunch & Munch,rappi,15.18,3.33,19.8,1
10/05/2026,20,COL,Cali,46 INGENIO,Brunch & Munch,rappi,13.87,0.43,1.46,1
10/05/2026,20,COL,Cali,22 SANTA MONICA,Brunch & Munch,rappi,10.06,0.6,2.6,1
10/05/2026,22,COL,Cali,22 SANTA MONICA,Brunch & Munch,rappi,21.42,0.17,10.12,1
10/05/2026,22,COL,Cali,22 SANTA MONICA,Brunch & Munch,rappi,16.98,9.22,1.53,1
10/05/2026,8,COL,Cali,22 SANTA MONICA,BRUNCH & MUNCH TURBO,rappi,17.93,15.23,2.2,1
10/05/2026,8,COL,Cali,24 SAN FERNANDO,BRUNCH & MUNCH TURBO,rappi,96.24,88,0.24,1
10/05/2026,9,COL,Cali,22 SANTA MONICA,BRUNCH & MUNCH TURBO,rappi,57.74,39.8,0.83,1
10/05/2026,15,COL,Cali,46 INGENIO,Burrito Cantina,rappi,13.06,5.2,0.29,1
10/05/2026,11,COL,Cali,22 SANTA MONICA,Burritos & Co,rappi,16.01,1.97,6.06,1
10/05/2026,11,COL,Cali,22 SANTA MONICA,Burritos & Co,rappi,18.32,0.13,9.07,1
10/05/2026,12,COL,Cali,24 SAN FERNANDO,Burritos & Co,rappi,30.88,14.02,0.36,1
10/05/2026,12,COL,Cali,46 INGENIO,Burritos & Co,rappi,22.83,15.67,0.29,1
10/05/2026,13,COL,Cali,24 SAN FERNANDO,Burritos & Co,rappi,13,7.87,0.78,1
10/05/2026,13,COL,Cali,24 SAN FERNANDO,Burritos & Co,rappi,10.85,4.3,1.11,1
10/05/2026,13,COL,Cali,46 INGENIO,Burritos & Co,rappi,10.06,0.8,1.09,1
10/05/2026,14,COL,Cali,46 INGENIO,Burritos & Co,rappi,21.11,16.68,1.06,1
10/05/2026,14,COL,Cali,22 SANTA MONICA,Burritos & Co,rappi,14.75,1.03,22.31,1
10/05/2026,16,COL,Cali,24 SAN FERNANDO,Burritos & Co,rappi,8.5,0.25,9.7,1
10/05/2026,18,COL,Cali,46 INGENIO,Burritos & Co,rappi,15.01,4.38,0.95,1
10/05/2026,18,COL,Cali,24 SAN FERNANDO,Burritos & Co,rappi,6.77,0.4,28.44,1
10/05/2026,18,COL,Cali,46 INGENIO,Burritos & Co,rappi,17.39,11.85,1.08,1
10/05/2026,18,COL,Cali,22 SANTA MONICA,Burritos & Co,rappi,8.23,1.93,18.93,1
10/05/2026,19,COL,Cali,46 INGENIO,Burritos & Co,rappi,10.95,1.25,0.24,1
10/05/2026,20,COL,Cali,46 INGENIO,Burritos & Co,rappi,12.59,0.27,24.14,1
10/05/2026,20,COL,Cali,22 SANTA MONICA,Burritos & Co,rappi,13.3,8.25,2.67,1
10/05/2026,20,COL,Cali,22 SANTA MONICA,Burritos & Co,rappi,7.23,0.78,19.88,1
10/05/2026,20,COL,Cali,46 INGENIO,Burritos & Co,rappi,10.25,6.22,0.97,1
10/05/2026,21,COL,Cali,46 INGENIO,Burritos & Co,rappi,15.84,0.42,9.04,1
10/05/2026,21,COL,Cali,46 INGENIO,Burritos & Co,rappi,12.3,3.03,0.98,1
10/05/2026,22,COL,Cali,24 SAN FERNANDO,Burritos & Co,rappi,20.73,1.17,22.85,1
10/05/2026,22,COL,Cali,24 SAN FERNANDO,Burritos & Co,rappi,10.06,1.87,0.87,1
10/05/2026,23,COL,Cali,22 SANTA MONICA,Burritos & Co,rappi,16.86,13.32,1.7,1
10/05/2026,23,COL,Cali,22 SANTA MONICA,Burritos & Co,rappi,10.25,4.28,3.94,1
10/05/2026,20,COL,Cali,24 SAN FERNANDO,Cacerola Turbo,rappi,6.81,2.05,0.21,1
10/05/2026,18,COL,Cali,24 SAN FERNANDO,Casa Árabe Turbo,rappi,17.64,12.43,2.35,1
10/05/2026,7,COL,Cali,46 INGENIO,Cinnabon,rappi,30.27,26.53,1.05,1
10/05/2026,7,COL,Cali,46 INGENIO,Cinnabon,rappi,78.04,2.85,0.15,1
10/05/2026,8,COL,Cali,46 INGENIO,Cinnabon,rappi,138.97,34.17,0.76,1
10/05/2026,8,COL,Cali,24 SAN FERNANDO,Cinnabon,rappi,122.16,119.13,4.03,1
10/05/2026,9,COL,Cali,22 SANTA MONICA,Cinnabon,rappi,52.75,14.27,12.3,1
10/05/2026,9,COL,Cali,24 SAN FERNANDO,Cinnabon,rappi,,0,,1
10/05/2026,9,COL,Cali,46 INGENIO,Cinnabon,rappi,54.76,0.3,37.17,1
10/05/2026,9,COL,Cali,46 INGENIO,Cinnabon,rappi,44.86,35.22,2.77,1
10/05/2026,10,COL,Cali,46 INGENIO,Cinnabon,rappi,59.13,5.88,1.7,1
10/05/2026,11,COL,Cali,46 INGENIO,Cinnabon,rappi,10.93,6.12,0.14,1
10/05/2026,11,COL,Cali,46 INGENIO,Cinnabon,rappi,12.11,0.97,52.3,1
10/05/2026,11,COL,Cali,24 SAN FERNANDO,Cinnabon,rappi,4.73,0.6,12.12,1
10/05/2026,12,COL,Cali,46 INGENIO,Cinnabon,rappi,22,10.3,0.6,1
10/05/2026,12,COL,Cali,46 INGENIO,Cinnabon,rappi,11.18,6.88,0.74,1
10/05/2026,13,COL,Cali,46 INGENIO,Cinnabon,rappi,20.57,0.3,12.25,1
10/05/2026,15,COL,Cali,46 INGENIO,Cinnabon,rappi,11.23,0.42,7.76,1
10/05/2026,15,COL,Cali,46 INGENIO,Cinnabon,rappi,4.89,0.62,5.66,1
10/05/2026,15,COL,Cali,24 SAN FERNANDO,Cinnabon,rappi,10.08,2.05,0.98,1
10/05/2026,16,COL,Cali,46 INGENIO,Cinnabon,rappi,13.04,7.27,0,1
10/05/2026,16,COL,Cali,24 SAN FERNANDO,Cinnabon,rappi,5.94,1.1,0.1,1
10/05/2026,18,COL,Cali,24 SAN FERNANDO,Cinnabon,rappi,10.36,11.55,10.82,1
10/05/2026,18,COL,Cali,46 INGENIO,Cinnabon,rappi,6.91,0.2,1,1
10/05/2026,22,COL,Cali,24 SAN FERNANDO,Cinnabon,rappi,10.97,3.6,0.37,1
10/05/2026,15,COL,Cali,24 SAN FERNANDO,Cinnabon Turbo,rappi,0.84,0,3.17,1
10/05/2026,19,COL,Cali,22 SANTA MONICA,Cinnabon Turbo,rappi,5.77,1.8,1.29,1
10/05/2026,7,COL,Cali,46 INGENIO,Desayunos Colombianos,rappi,26.98,17.95,0.09,1
10/05/2026,7,COL,Cali,46 INGENIO,Desayunos Colombianos,rappi,38.34,1.93,0.17,1
10/05/2026,7,COL,Cali,46 INGENIO,Desayunos Colombianos,rappi,34.52,30.45,0.74,1
10/05/2026,7,COL,Cali,46 INGENIO,Desayunos Colombianos,rappi,37.95,33.53,0.35,1
10/05/2026,7,COL,Cali,46 INGENIO,Desayunos Colombianos,rappi,41.29,36.73,0.14,1
10/05/2026,7,COL,Cali,46 INGENIO,Desayunos Colombianos,rappi,49.39,0.2,12.92,1
10/05/2026,7,COL,Cali,22 SANTA MONICA,Desayunos Colombianos,rappi,20.05,25.45,10.21,1
10/05/2026,7,COL,Cali,24 SAN FERNANDO,Desayunos Colombianos,rappi,73.27,36.2,0.72,1
10/05/2026,7,COL,Cali,46 INGENIO,Desayunos Colombianos,rappi,65.92,0.08,36.48,1
10/05/2026,7,COL,Cali,46 INGENIO,Desayunos Colombianos,rappi,,56.42,,1
10/05/2026,7,COL,Cali,22 SANTA MONICA,Desayunos Colombianos,rappi,48.35,8.02,31.73,1
10/05/2026,7,COL,Cali,46 INGENIO,Desayunos Colombianos,rappi,64.38,61.27,1.77,1
10/05/2026,7,COL,Cali,24 SAN FERNANDO,Desayunos Colombianos,rappi,113.1,0.12,61.81,1
10/05/2026,8,COL,Cali,46 INGENIO,Desayunos Colombianos,rappi,87.11,18,3.26,1
10/05/2026,8,COL,Cali,24 SAN FERNANDO,Desayunos Colombianos,rappi,,0,,1
10/05/2026,8,COL,Cali,24 SAN FERNANDO,Desayunos Colombianos,rappi,150.98,147.75,1.43,1
10/05/2026,8,COL,Cali,24 SAN FERNANDO,Desayunos Colombianos,rappi,83.12,26.57,0.89,1
10/05/2026,8,COL,Cali,24 SAN FERNANDO,Desayunos Colombianos,rappi,,0,,1
10/05/2026,8,COL,Cali,22 SANTA MONICA,Desayunos Colombianos,rappi,84.39,83.33,3.83,1
10/05/2026,8,COL,Cali,24 SAN FERNANDO,Desayunos Colombianos,rappi,,0,,1
10/05/2026,9,COL,Cali,24 SAN FERNANDO,Desayunos Colombianos,rappi,105.35,0,,1
10/05/2026,10,COL,Cali,24 SAN FERNANDO,Desayunos Colombianos,rappi,92.5,81.7,0.43,1
10/05/2026,10,COL,Cali,46 INGENIO,Desayunos Colombianos,rappi,56.17,12.12,3.07,1
10/05/2026,10,COL,Cali,46 INGENIO,Desayunos Colombianos,rappi,40.95,12.45,18.29,1
10/05/2026,10,COL,Cali,24 SAN FERNANDO,Desayunos Colombianos,rappi,59.45,0.23,10.04,1
10/05/2026,6,COL,Cali,22 SANTA MONICA,Desayunos de la Abuela,rappi,6.76,1.68,4.22,1
10/05/2026,6,COL,Cali,46 INGENIO,Desayunos de la Abuela,rappi,13.79,1.43,14.26,1
10/05/2026,6,COL,Cali,24 SAN FERNANDO,Desayunos de la Abuela,rappi,23.1,0.62,1.91,1
10/05/2026,6,COL,Cali,22 SANTA MONICA,Desayunos de la Abuela,rappi,7.09,0.72,3.15,1
10/05/2026,6,COL,Cali,24 SAN FERNANDO,Desayunos de la Abuela,rappi,26.67,6.97,1.03,1
10/05/2026,7,COL,Cali,24 SAN FERNANDO,Desayunos de la Abuela,rappi,21.79,0.83,5.49,1
10/05/2026,7,COL,Cali,46 INGENIO,Desayunos de la Abuela,rappi,36.87,24.88,0.45,1
10/05/2026,7,COL,Cali,46 INGENIO,Desayunos de la Abuela,rappi,22.94,24.88,0.29,1
10/05/2026,7,COL,Cali,46 INGENIO,Desayunos de la Abuela,rappi,34.33,9.98,0.06,1
10/05/2026,7,COL,Cali,46 INGENIO,Desayunos de la Abuela,rappi,31.01,24.85,0.21,1
10/05/2026,7,COL,Cali,46 INGENIO,Desayunos de la Abuela,rappi,26.97,0.17,2.93,1
10/05/2026,7,COL,Cali,24 SAN FERNANDO,Desayunos de la Abuela,rappi,32.16,4.68,0.78,1
10/05/2026,7,COL,Cali,46 INGENIO,Desayunos de la Abuela,rappi,34.33,22.45,2.18,1
10/05/2026,7,COL,Cali,22 SANTA MONICA,Desayunos de la Abuela,rappi,8.31,0.08,13.99,1
10/05/2026,7,COL,Cali,24 SAN FERNANDO,Desayunos de la Abuela,rappi,34.06,16.18,1.96,1
10/05/2026,7,COL,Cali,46 INGENIO,Desayunos de la Abuela,rappi,26.35,21.18,0.58,1
10/05/2026,7,COL,Cali,46 INGENIO,Desayunos de la Abuela,rappi,30.07,0.63,0.09,1
10/05/2026,7,COL,Cali,22 SANTA MONICA,Desayunos de la Abuela,rappi,26.91,0.38,38.01,1
10/05/2026,7,COL,Cali,24 SAN FERNANDO,Desayunos de la Abuela,rappi,38.51,34.77,0.93,1
10/05/2026,7,COL,Cali,46 INGENIO,Desayunos de la Abuela,rappi,43.14,13.72,0.16,1
10/05/2026,7,COL,Cali,46 INGENIO,Desayunos de la Abuela,rappi,62.01,12.47,0.27,1
10/05/2026,7,COL,Cali,24 SAN FERNANDO,Desayunos de la Abuela,rappi,91.97,3.92,1.19,1
10/05/2026,7,COL,Cali,22 SANTA MONICA,Desayunos de la Abuela,rappi,24.03,0.42,23.43,1
10/05/2026,7,COL,Cali,22 SANTA MONICA,Desayunos de la Abuela,rappi,63.05,14.53,0,1
10/05/2026,7,COL,Cali,22 SANTA MONICA,Desayunos de la Abuela,rappi,49.67,40.1,2.05,1
10/05/2026,7,COL,Cali,24 SAN FERNANDO,Desayunos de la Abuela,rappi,59.02,56,1.94,1
10/05/2026,7,COL,Cali,24 SAN FERNANDO,Desayunos de la Abuela,rappi,71.51,67.18,1.98,1
10/05/2026,7,COL,Cali,24 SAN FERNANDO,Desayunos de la Abuela,rappi,56.11,66.4,15.11,1
10/05/2026,7,COL,Cali,24 SAN FERNANDO,Desayunos de la Abuela,rappi,86.1,62.25,1.75,1
10/05/2026,7,COL,Cali,46 INGENIO,Desayunos de la Abuela,rappi,67.97,68.7,5.44,1
10/05/2026,7,COL,Cali,24 SAN FERNANDO,Desayunos de la Abuela,rappi,59.72,39.53,0.38,1
10/05/2026,7,COL,Cali,22 SANTA MONICA,Desayunos de la Abuela,rappi,42.49,0.68,28.75,1
10/05/2026,7,COL,Cali,46 INGENIO,Desayunos de la Abuela,rappi,81.92,3.2,12.06,1
10/05/2026,7,COL,Cali,46 INGENIO,Desayunos de la Abuela,rappi,66.44,69.6,7.87,1
10/05/2026,7,COL,Cali,24 SAN FERNANDO,Desayunos de la Abuela,rappi,83.39,72.07,1.03,1
10/05/2026,7,COL,Cali,24 SAN FERNANDO,Desayunos de la Abuela,rappi,114.68,3.28,29.25,1
10/05/2026,7,COL,Cali,22 SANTA MONICA,Desayunos de la Abuela,rappi,64.69,62.52,8.37,1
10/05/2026,7,COL,Cali,46 INGENIO,Desayunos de la Abuela,rappi,,0,,1
10/05/2026,7,COL,Cali,22 SANTA MONICA,Desayunos de la Abuela,rappi,41.11,33.73,6.83,1
10/05/2026,7,COL,Cali,46 INGENIO,Desayunos de la Abuela,rappi,101.45,85.97,0,1
10/05/2026,7,COL,Cali,22 SANTA MONICA,Desayunos de la Abuela,rappi,38.32,62.52,31.21,1
10/05/2026,8,COL,Cali,46 INGENIO,Desayunos de la Abuela,rappi,91.09,1.27,0.25,1
10/05/2026,8,COL,Cali,46 INGENIO,Desayunos de la Abuela,rappi,94.41,22.75,0.62,1
10/05/2026,8,COL,Cali,22 SANTA MONICA,Desayunos de la Abuela,rappi,50.01,38.4,0,1
10/05/2026,8,COL,Cali,24 SAN FERNANDO,Desayunos de la Abuela,rappi,120.36,4.4,0.76,1
10/05/2026,8,COL,Cali,24 SAN FERNANDO,Desayunos de la Abuela,rappi,125.97,10.32,1.14,1
10/05/2026,8,COL,Cali,22 SANTA MONICA,Desayunos de la Abuela,rappi,89.21,91.15,8.71,1
10/05/2026,8,COL,Cali,22 SANTA MONICA,Desayunos de la Abuela,rappi,48.91,4.98,85.8,1
10/05/2026,8,COL,Cali,24 SAN FERNANDO,Desayunos de la Abuela,rappi,,0,,1
10/05/2026,9,COL,Cali,24 SAN FERNANDO,Desayunos de la Abuela,rappi,92.83,55.72,0.19,1
10/05/2026,9,COL,Cali,24 SAN FERNANDO,Desayunos de la Abuela,rappi,,0,,1
10/05/2026,9,COL,Cali,22 SANTA MONICA,Desayunos de la Abuela,rappi,,0,,1
10/05/2026,9,COL,Cali,22 SANTA MONICA,Desayunos de la Abuela,rappi,91.99,0,,1
10/05/2026,9,COL,Cali,24 SAN FERNANDO,Desayunos de la Abuela,rappi,122.16,53.37,4.36,1
10/05/2026,9,COL,Cali,46 INGENIO,Desayunos de la Abuela,rappi,57.9,12.88,28.32,1
10/05/2026,9,COL,Cali,24 SAN FERNANDO,Desayunos de la Abuela,rappi,105.12,3.92,0.01,1
10/05/2026,9,COL,Cali,24 SAN FERNANDO,Desayunos de la Abuela,rappi,,0,,1
10/05/2026,9,COL,Cali,22 SANTA MONICA,Desayunos de la Abuela,rappi,84.92,36.53,2.04,1
10/05/2026,9,COL,Cali,22 SANTA MONICA,Desayunos de la Abuela,rappi,99.19,96.97,2.76,1
10/05/2026,9,COL,Cali,22 SANTA MONICA,Desayunos de la Abuela,rappi,,0,,1
10/05/2026,9,COL,Cali,46 INGENIO,Desayunos de la Abuela,rappi,21,0.4,21.4,1
10/05/2026,9,COL,Cali,46 INGENIO,Desayunos de la Abuela,rappi,17.02,16.7,4.39,1
10/05/2026,9,COL,Cali,46 INGENIO,Desayunos de la Abuela,rappi,58.33,36.43,0,1
10/05/2026,9,COL,Cali,46 INGENIO,Desayunos de la Abuela,rappi,83.31,58.7,2.2,1
10/05/2026,9,COL,Cali,24 SAN FERNANDO,Desayunos de la Abuela,rappi,,0,,1
10/05/2026,9,COL,Cali,22 SANTA MONICA,Desayunos de la Abuela,rappi,68.84,64.38,7.16,1
10/05/2026,9,COL,Cali,24 SAN FERNANDO,Desayunos de la Abuela,rappi,,0,,1
10/05/2026,10,COL,Cali,46 INGENIO,Desayunos de la Abuela,rappi,71.01,5.08,0.95,1
10/05/2026,10,COL,Cali,46 INGENIO,Desayunos de la Abuela,rappi,59.49,18.33,2.01,1
10/05/2026,10,COL,Cali,46 INGENIO,Desayunos de la Abuela,rappi,59.24,19.12,35.2,1
10/05/2026,10,COL,Cali,46 INGENIO,Desayunos de la Abuela,rappi,55.4,41.5,7.03,1
10/05/2026,10,COL,Cali,46 INGENIO,Desayunos de la Abuela,rappi,,0,,1
10/05/2026,10,COL,Cali,46 INGENIO,Desayunos de la Abuela,rappi,57.24,3.05,4.72,1
10/05/2026,10,COL,Cali,22 SANTA MONICA,Desayunos de la Abuela,rappi,15.07,14.92,4.86,1
10/05/2026,11,COL,Cali,22 SANTA MONICA,Desayunos de la Abuela,rappi,17.83,1.42,35.99,1
10/05/2026,12,COL,Cali,24 SAN FERNANDO,Desayunos de la Abuela,rappi,30.07,17.4,0.82,1
10/05/2026,12,COL,Cali,24 SAN FERNANDO,Desayunos de la Abuela,rappi,23.21,2.42,1.15,1
10/05/2026,14,COL,Cali,46 INGENIO,Desayunos de la Abuela,rappi,12.79,5.03,1.29,1
10/05/2026,14,COL,Cali,24 SAN FERNANDO,Desayunos de la Abuela,rappi,11.14,0.47,2.02,1
10/05/2026,15,COL,Cali,24 SAN FERNANDO,Desayunos de la Abuela,rappi,13.2,3.93,11.47,1
10/05/2026,17,COL,Cali,22 SANTA MONICA,Desayunos de la Abuela,rappi,18.98,6.82,2.07,1
10/05/2026,18,COL,Cali,46 INGENIO,Desayunos de la Abuela,rappi,4.07,0,0.38,1
10/05/2026,21,COL,Cali,46 INGENIO,Desayunos de la Abuela,rappi,14.44,0.08,9.05,1
10/05/2026,21,COL,Cali,22 SANTA MONICA,Desayunos de la Abuela,rappi,9.75,1.87,12.5,1
10/05/2026,8,COL,Cali,24 SAN FERNANDO,Desayunos de la Abuela Turbo,rappi,68.78,20.9,0.3,1
10/05/2026,7,COL,Cali,46 INGENIO,Desayunos de mi Tierrita,rappi,85.89,21.2,106.02,1
10/05/2026,8,COL,Cali,22 SANTA MONICA,Desayunos de mi Tierrita,rappi,60.82,55.8,9.78,1
10/05/2026,8,COL,Cali,24 SAN FERNANDO,Desayunos de mi Tierrita,rappi,120.43,109.28,0.67,1
10/05/2026,12,COL,Cali,46 INGENIO,Desgranados & Co,rappi,13.86,0.58,17.3,1
10/05/2026,15,COL,Cali,46 INGENIO,Desgranados & Co,rappi,7.03,2.65,0.34,1
10/05/2026,18,COL,Cali,22 SANTA MONICA,Desgranados & Co,rappi,8.61,0,39.3,1
10/05/2026,13,COL,Cali,22 SANTA MONICA,Desgranados & Co Turbo,rappi,6.91,6.13,28.7,1
10/05/2026,22,COL,Cali,22 SANTA MONICA,Desgranados & Co Turbo,rappi,2.18,1,27.14,1
10/05/2026,13,COL,Cali,46 INGENIO,El Ejecutivo,rappi,26.27,5.97,1.01,1
10/05/2026,13,COL,Cali,24 SAN FERNANDO,El Ejecutivo Turbo,rappi,12.1,7.8,0.93,1
10/05/2026,7,COL,Cali,24 SAN FERNANDO,Foodhub,rappi,27.47,23.4,0.75,1
10/05/2026,7,COL,Cali,46 INGENIO,Foodhub,rappi,41.44,36.97,0.52,1
10/05/2026,8,COL,Cali,46 INGENIO,Foodhub,rappi,88.92,18.72,6.37,1
10/05/2026,18,COL,Cali,46 INGENIO,Foodology,rappi,10,4.63,0.72,1
10/05/2026,20,COL,Cali,46 INGENIO,Frost by Oreo,rappi,,0.52,6.06,1
10/05/2026,21,COL,Cali,24 SAN FERNANDO,Frost by Oreo,rappi,,0.72,15.26,1
10/05/2026,17,COL,Cali,24 SAN FERNANDO,Frost By Oreo Turbo,rappi,,0,2.92,1
10/05/2026,13,COL,Cali,46 INGENIO,Green House,rappi,27.99,7.88,0.19,1
10/05/2026,13,COL,Cali,46 INGENIO,Green House,rappi,13.44,9.17,0.75,1
10/05/2026,16,COL,Cali,24 SAN FERNANDO,Green House,rappi,8.97,3.85,0,1
10/05/2026,17,COL,Cali,22 SANTA MONICA,Green House,rappi,11.98,4.32,1.38,1
10/05/2026,20,COL,Cali,46 INGENIO,Green House,rappi,13.38,9.57,0.94,1
10/05/2026,20,COL,Cali,46 INGENIO,Green House,rappi,10.47,1.5,0.55,1
10/05/2026,20,COL,Cali,24 SAN FERNANDO,Green House,rappi,17,12.83,0.86,1
10/05/2026,21,COL,Cali,22 SANTA MONICA,Green House,rappi,12.04,2.73,3.03,1
10/05/2026,21,COL,Cali,46 INGENIO,Green House,rappi,14,9.78,0.44,1
10/05/2026,15,COL,Cali,24 SAN FERNANDO,Green House Turbo,rappi,6.84,0.02,19.12,1
10/05/2026,20,COL,Cali,24 SAN FERNANDO,Green House Turbo,rappi,7.22,3.2,0.88,1
10/05/2026,13,COL,Cali,24 SAN FERNANDO,Honest Food Turbo,rappi,6.74,0.52,4.96,1
10/05/2026,14,COL,Cali,24 SAN FERNANDO,Honest Food Turbo,rappi,10.94,6.57,0.39,1
10/05/2026,21,COL,Cali,24 SAN FERNANDO,Honest Food Turbo,rappi,6.01,1.75,0.84,1
10/05/2026,22,COL,Cali,22 SANTA MONICA,House of Burgers,rappi,12.03,9.23,2.08,1
10/05/2026,23,COL,Cali,46 INGENIO,House of Burgers,rappi,13.26,9.35,1.76,1
10/05/2026,11,COL,Cali,22 SANTA MONICA,House of Salads,rappi,19.4,12.25,1.7,1
10/05/2026,12,COL,Cali,46 INGENIO,House of Salads,rappi,15.26,6.72,0.76,1
10/05/2026,12,COL,Cali,46 INGENIO,House of Salads,rappi,17.07,7.35,40.25,1
10/05/2026,13,COL,Cali,46 INGENIO,House of Salads,rappi,13.8,0.65,12.95,1
10/05/2026,11,COL,Cali,22 SANTA MONICA,House of Salads Turbo,rappi,4.9,1.88,7.76,1
10/05/2026,17,COL,Cali,22 SANTA MONICA,House of Salads Turbo,rappi,5.74,0.67,3.16,1
10/05/2026,21,COL,Cali,22 SANTA MONICA,House of Salads Turbo,rappi,2.22,2.95,5.34,1
10/05/2026,12,COL,Cali,46 INGENIO,La Casa Mexicana,rappi,7.11,0.5,2.53,1
10/05/2026,13,COL,Cali,24 SAN FERNANDO,La Casa Mexicana,rappi,12.45,0.77,89.59,1
10/05/2026,14,COL,Cali,24 SAN FERNANDO,La Casa Mexicana,rappi,18.47,15.33,1.72,1
10/05/2026,17,COL,Cali,46 INGENIO,La Casa Mexicana,rappi,8.08,4.2,1.01,1
10/05/2026,18,COL,Cali,46 INGENIO,La Casa Mexicana,rappi,11.39,7.38,0.84,1
10/05/2026,22,COL,Cali,46 INGENIO,La Casa Mexicana,rappi,5.32,1.1,0.85,1
10/05/2026,23,COL,Cali,22 SANTA MONICA,La Casa Mexicana,rappi,12.01,8.62,1.35,1
10/05/2026,13,COL,Cali,24 SAN FERNANDO,La Casa Mexicana Turbo,rappi,10.83,0.27,0.78,1
10/05/2026,11,COL,Cali,22 SANTA MONICA,La Cuadra,rappi,11.29,1.73,13.9,1
10/05/2026,11,COL,Cali,46 INGENIO,La Cuadra,rappi,17.72,2.72,2,1
10/05/2026,11,COL,Cali,46 INGENIO,La Cuadra,rappi,18.71,12.12,1.17,1
10/05/2026,11,COL,Cali,46 INGENIO,La Cuadra,rappi,5.22,0.27,16.06,1
10/05/2026,11,COL,Cali,22 SANTA MONICA,La Cuadra,rappi,4.66,0.73,31.25,1
10/05/2026,12,COL,Cali,46 INGENIO,La Cuadra,rappi,7.34,4.17,9.88,1
10/05/2026,12,COL,Cali,22 SANTA MONICA,La Cuadra,rappi,5.03,2.1,13.07,1
10/05/2026,12,COL,Cali,46 INGENIO,La Cuadra,rappi,6.21,0.38,0.93,1
10/05/2026,12,COL,Cali,24 SAN FERNANDO,La Cuadra,rappi,24.04,0.47,14.77,1
10/05/2026,12,COL,Cali,46 INGENIO,La Cuadra,rappi,18.28,7.37,1.96,1
10/05/2026,12,COL,Cali,22 SANTA MONICA,La Cuadra,rappi,8.18,0.68,26.01,1
10/05/2026,12,COL,Cali,46 INGENIO,La Cuadra,rappi,24.13,19.42,0.9,1
10/05/2026,12,COL,Cali,46 INGENIO,La Cuadra,rappi,21.09,15.8,0.06,1
10/05/2026,12,COL,Cali,46 INGENIO,La Cuadra,rappi,17.7,0.3,21.41,1
10/05/2026,13,COL,Cali,46 INGENIO,La Cuadra,rappi,21.47,14.13,0.77,1
10/05/2026,13,COL,Cali,46 INGENIO,La Cuadra,rappi,13.88,4.07,0.67,1
10/05/2026,13,COL,Cali,24 SAN FERNANDO,La Cuadra,rappi,14.11,0.43,27.89,1
10/05/2026,13,COL,Cali,24 SAN FERNANDO,La Cuadra,rappi,17.58,13.33,2.07,1
10/05/2026,13,COL,Cali,24 SAN FERNANDO,La Cuadra,rappi,10.19,0.38,25.03,1
10/05/2026,13,COL,Cali,24 SAN FERNANDO,La Cuadra,rappi,13.46,3.3,0.89,1
10/05/2026,13,COL,Cali,24 SAN FERNANDO,La Cuadra,rappi,12.02,0.87,31.42,1
10/05/2026,14,COL,Cali,46 INGENIO,La Cuadra,rappi,9.95,1.9,60.09,1
10/05/2026,14,COL,Cali,46 INGENIO,La Cuadra,rappi,16.85,0.58,3.55,1
10/05/2026,14,COL,Cali,46 INGENIO,La Cuadra,rappi,9.99,4.05,0.72,1
10/05/2026,14,COL,Cali,46 INGENIO,La Cuadra,rappi,12.06,1.23,12.29,1
10/05/2026,14,COL,Cali,46 INGENIO,La Cuadra,rappi,13.13,0.57,0.41,1
10/05/2026,14,COL,Cali,46 INGENIO,La Cuadra,rappi,19.39,2.57,1.86,1
10/05/2026,14,COL,Cali,46 INGENIO,La Cuadra,rappi,22.14,7.82,4.6,1
10/05/2026,15,COL,Cali,22 SANTA MONICA,La Cuadra,rappi,5.65,1.13,14.99,1
10/05/2026,15,COL,Cali,46 INGENIO,La Cuadra,rappi,7.96,0.98,3.55,1
10/05/2026,18,COL,Cali,22 SANTA MONICA,La Cuadra,rappi,10.93,3.83,1.2,1
10/05/2026,18,COL,Cali,22 SANTA MONICA,La Cuadra,rappi,16.96,0.8,2.29,1
10/05/2026,18,COL,Cali,22 SANTA MONICA,La Cuadra,rappi,19.67,0.52,11.49,1
10/05/2026,20,COL,Cali,24 SAN FERNANDO,La Cuadra,rappi,17.95,0.55,11.39,1
10/05/2026,21,COL,Cali,46 INGENIO,La Cuadra,rappi,13.2,0.43,13.17,1
10/05/2026,22,COL,Cali,46 INGENIO,La Cuadra,rappi,5.9,0.22,4.06,1
10/05/2026,23,COL,Cali,22 SANTA MONICA,La Cuadra,rappi,19.53,2.47,4.56,1
10/05/2026,6,COL,Cali,24 SAN FERNANDO,La Cuadra Desayunos,rappi,24.68,11.97,7.15,1
10/05/2026,7,COL,Cali,24 SAN FERNANDO,La Cuadra Desayunos,rappi,119.72,71.15,0.33,1
10/05/2026,12,COL,Cali,24 SAN FERNANDO,La Cuadra Turbo,rappi,8.28,3.95,0.68,1
10/05/2026,13,COL,Cali,24 SAN FERNANDO,La Cuadra Turbo,rappi,5.09,0.77,1.72,1
10/05/2026,18,COL,Cali,24 SAN FERNANDO,La Cuadra Turbo,rappi,8.09,3.35,0.1,1
10/05/2026,6,COL,Cali,46 INGENIO,LA ÑAMGUCHERIA,rappi,28.24,6.52,0.05,1
10/05/2026,7,COL,Cali,46 INGENIO,LA ÑAMGUCHERIA,rappi,,0,,1
10/05/2026,7,COL,Cali,24 SAN FERNANDO,LA ÑAMGUCHERIA,rappi,,0,,1
10/05/2026,7,COL,Cali,46 INGENIO,LA ÑAMGUCHERIA,rappi,73.29,0.13,7.14,1
10/05/2026,10,COL,Cali,46 INGENIO,LA ÑAMGUCHERIA,rappi,57.03,47.8,3.02,1
10/05/2026,17,COL,Cali,22 SANTA MONICA,LA ÑAMGUCHERIA,rappi,20.86,1.32,5.5,1
10/05/2026,18,COL,Cali,22 SANTA MONICA,LA ÑAMGUCHERIA,rappi,9.84,2.07,3.2,1
10/05/2026,18,COL,Cali,46 INGENIO,LA ÑAMGUCHERIA,rappi,13.42,9.83,1.06,1
10/05/2026,19,COL,Cali,24 SAN FERNANDO,LA ÑAMGUCHERIA,rappi,10.84,0.33,5.96,1
10/05/2026,19,COL,Cali,22 SANTA MONICA,LA ÑAMGUCHERIA,rappi,23.18,0.57,12.95,1
10/05/2026,20,COL,Cali,24 SAN FERNANDO,LA ÑAMGUCHERIA,rappi,14.05,0.37,8.9,1
10/05/2026,20,COL,Cali,22 SANTA MONICA,LA ÑAMGUCHERIA,rappi,,0,,1
10/05/2026,20,COL,Cali,46 INGENIO,LA ÑAMGUCHERIA,rappi,9.19,5.5,1.09,1
10/05/2026,20,COL,Cali,46 INGENIO,LA ÑAMGUCHERIA,rappi,15.05,0.6,0.23,1
10/05/2026,20,COL,Cali,46 INGENIO,LA ÑAMGUCHERIA,rappi,11.16,7.25,0.97,1
10/05/2026,7,COL,Cali,46 INGENIO,LA PANQUEQUERIA,rappi,27.11,22.6,0.24,1
10/05/2026,7,COL,Cali,24 SAN FERNANDO,LA PANQUEQUERIA,rappi,35.44,13.43,1.04,1
10/05/2026,7,COL,Cali,22 SANTA MONICA,LA PANQUEQUERIA,rappi,28,35.05,12.02,1
10/05/2026,7,COL,Cali,22 SANTA MONICA,LA PANQUEQUERIA,rappi,22.02,19.82,2.93,1
10/05/2026,7,COL,Cali,24 SAN FERNANDO,LA PANQUEQUERIA,rappi,78.04,7.35,0.86,1
10/05/2026,7,COL,Cali,24 SAN FERNANDO,LA PANQUEQUERIA,rappi,81.38,51.32,0.85,1
10/05/2026,7,COL,Cali,24 SAN FERNANDO,LA PANQUEQUERIA,rappi,,0,,1
10/05/2026,8,COL,Cali,46 INGENIO,LA PANQUEQUERIA,rappi,98.05,4.07,0.25,1
10/05/2026,8,COL,Cali,46 INGENIO,LA PANQUEQUERIA,rappi,,0,,1
10/05/2026,8,COL,Cali,24 SAN FERNANDO,LA PANQUEQUERIA,rappi,123.21,112.72,7.24,1
10/05/2026,9,COL,Cali,22 SANTA MONICA,LA PANQUEQUERIA,rappi,94.29,2.63,1.83,1
10/05/2026,9,COL,Cali,24 SAN FERNANDO,LA PANQUEQUERIA,rappi,,0,,1
10/05/2026,9,COL,Cali,22 SANTA MONICA,LA PANQUEQUERIA,rappi,78.3,0,,1
10/05/2026,9,COL,Cali,22 SANTA MONICA,LA PANQUEQUERIA,rappi,,0,,1
10/05/2026,9,COL,Cali,24 SAN FERNANDO,LA PANQUEQUERIA,rappi,,0,,1
10/05/2026,10,COL,Cali,46 INGENIO,LA PANQUEQUERIA,rappi,40.88,34.2,1.22,1
10/05/2026,6,COL,Cali,22 SANTA MONICA,Local - Cocina Consciente,rappi,21.24,7.47,6.04,1
10/05/2026,7,COL,Cali,46 INGENIO,Local - Cocina Consciente,rappi,92.96,7.25,0.17,1
10/05/2026,12,COL,Cali,46 INGENIO,Local - Cocina Consciente,rappi,16.43,0.18,14.86,1
10/05/2026,19,COL,Cali,24 SAN FERNANDO,Local Cocina Consciente turbo,rappi,4.09,0.18,1,1
10/05/2026,7,COL,Cali,24 SAN FERNANDO,Mañanero Diario,rappi,63.74,57.5,2.26,1
10/05/2026,7,COL,Cali,46 INGENIO,Mañanero Diario,rappi,28.11,17.52,53.98,1
10/05/2026,7,COL,Cali,24 SAN FERNANDO,Mañanero Diario,rappi,72.18,11.1,1.7,1
10/05/2026,9,COL,Cali,22 SANTA MONICA,Mañanero Diario,rappi,95.85,66.75,3.18,1
10/05/2026,9,COL,Cali,24 SAN FERNANDO,Mañanero Diario,rappi,,0,,1
10/05/2026,14,COL,Cali,46 INGENIO,MonteVerde,rappi,8.23,0.27,20.79,1
10/05/2026,18,COL,Cali,22 SANTA MONICA,MonteVerde,rappi,18.46,15.23,1.66,1
10/05/2026,11,COL,Cali,22 SANTA MONICA,Mr Beast Burger,rappi,17.99,8.77,1.43,1
10/05/2026,13,COL,Cali,46 INGENIO,Mr Beast Burger,rappi,16.9,9.3,4.16,1
10/05/2026,13,COL,Cali,24 SAN FERNANDO,Mr Beast Burger,rappi,26.86,13.25,1.03,1
10/05/2026,19,COL,Cali,22 SANTA MONICA,Mr Beast Burger,rappi,35.58,19.03,1.38,1
10/05/2026,19,COL,Cali,46 INGENIO,Mr Beast Burger,rappi,8.72,0.5,37.03,1
10/05/2026,19,COL,Cali,24 SAN FERNANDO,Mr Beast Burger,rappi,9.27,0.3,16.22,1
10/05/2026,20,COL,Cali,46 INGENIO,Mr Beast Burger,rappi,8.83,9.97,9.34,1
10/05/2026,20,COL,Cali,46 INGENIO,Mr Beast Burger,rappi,13.25,6.63,2.56,1
10/05/2026,21,COL,Cali,24 SAN FERNANDO,Mr Beast Burger,rappi,13.97,6,0.08,1
10/05/2026,22,COL,Cali,46 INGENIO,Mr Beast Burger,rappi,10.83,0.32,1.84,1
10/05/2026,22,COL,Cali,22 SANTA MONICA,Mr Beast Burger,rappi,12.77,1.82,34.39,1
10/05/2026,23,COL,Cali,46 INGENIO,Mr Beast Burger,rappi,14.26,5.87,0.99,1
10/05/2026,23,COL,Cali,22 SANTA MONICA,Mr Beast Burger,rappi,16.02,0.72,6.09,1
10/05/2026,19,COL,Cali,24 SAN FERNANDO,Mr Beast Burger Turbo,rappi,5.84,1.42,0.8,1
10/05/2026,20,COL,Cali,22 SANTA MONICA,Numa Cocina Mediterranea,rappi,11.31,0.93,11.73,1
10/05/2026,15,COL,Cali,46 INGENIO,Que Chicken,rappi,13.08,9.18,1.01,1
10/05/2026,16,COL,Cali,22 SANTA MONICA,San Jeronimo,rappi,,1.55,4.91,1
10/05/2026,20,COL,Cali,22 SANTA MONICA,San Jeronimo,rappi,,0.95,0.96,1
10/05/2026,14,COL,Cali,22 SANTA MONICA,Señor Burrito,rappi,31.52,0.68,0.1,1
10/05/2026,23,COL,Cali,24 SAN FERNANDO,Señor Burrito,rappi,14.01,1.45,1,1
10/05/2026,14,COL,Cali,24 SAN FERNANDO,Señor Burrito Turbo,rappi,8.21,4.48,1.06,1
10/05/2026,6,COL,Cali,46 INGENIO,The Breakfast Club,rappi,19.45,5.05,3.52,1
10/05/2026,6,COL,Cali,22 SANTA MONICA,The Breakfast Club,rappi,16.67,8.77,18.51,1
10/05/2026,6,COL,Cali,22 SANTA MONICA,The Breakfast Club,rappi,3.04,0,118.83,1
10/05/2026,6,COL,Cali,22 SANTA MONICA,The Breakfast Club,rappi,12.97,8.78,0.54,1
10/05/2026,6,COL,Cali,22 SANTA MONICA,The Breakfast Club,rappi,7.82,0.12,16.08,1
10/05/2026,6,COL,Cali,46 INGENIO,The Breakfast Club,rappi,21.95,13.15,0.25,1
10/05/2026,6,COL,Cali,24 SAN FERNANDO,The Breakfast Club,rappi,21.02,12.8,1.04,1
10/05/2026,7,COL,Cali,46 INGENIO,The Breakfast Club,rappi,22.03,3.85,2.32,1
10/05/2026,7,COL,Cali,46 INGENIO,The Breakfast Club,rappi,29.26,14.13,0.09,1
10/05/2026,7,COL,Cali,24 SAN FERNANDO,The Breakfast Club,rappi,35.62,23,0.37,1
10/05/2026,7,COL,Cali,24 SAN FERNANDO,The Breakfast Club,rappi,55.41,26.95,1.06,1
10/05/2026,7,COL,Cali,46 INGENIO,The Breakfast Club,rappi,22.44,0.43,1.75,1
10/05/2026,7,COL,Cali,46 INGENIO,The Breakfast Club,rappi,31.21,0.28,18.14,1
10/05/2026,7,COL,Cali,46 INGENIO,The Breakfast Club,rappi,47.06,0.25,2.28,1
10/05/2026,7,COL,Cali,22 SANTA MONICA,The Breakfast Club,rappi,13.08,0.15,30.88,1
10/05/2026,7,COL,Cali,46 INGENIO,The Breakfast Club,rappi,50.12,0,,1
10/05/2026,7,COL,Cali,24 SAN FERNANDO,The Breakfast Club,rappi,52.11,47.48,0.6,1
10/05/2026,7,COL,Cali,22 SANTA MONICA,The Breakfast Club,rappi,51.71,50.23,4.23,1
10/05/2026,7,COL,Cali,22 SANTA MONICA,The Breakfast Club,rappi,63.97,9.68,28.57,1
10/05/2026,7,COL,Cali,46 INGENIO,The Breakfast Club,rappi,49.94,45.45,0.32,1
10/05/2026,7,COL,Cali,22 SANTA MONICA,The Breakfast Club,rappi,28.21,24.33,0.98,1
10/05/2026,7,COL,Cali,24 SAN FERNANDO,The Breakfast Club,rappi,,0,,1
10/05/2026,7,COL,Cali,46 INGENIO,The Breakfast Club,rappi,71.43,2.3,2.01,1
10/05/2026,7,COL,Cali,22 SANTA MONICA,The Breakfast Club,rappi,74.91,6.02,6.11,1
10/05/2026,7,COL,Cali,46 INGENIO,The Breakfast Club,rappi,81.35,0.08,8.94,1
10/05/2026,7,COL,Cali,22 SANTA MONICA,The Breakfast Club,rappi,60.58,23.48,5.37,1
10/05/2026,8,COL,Cali,24 SAN FERNANDO,The Breakfast Club,rappi,,0,,1
10/05/2026,8,COL,Cali,24 SAN FERNANDO,The Breakfast Club,rappi,,0,,1
10/05/2026,8,COL,Cali,24 SAN FERNANDO,The Breakfast Club,rappi,,0,,1
10/05/2026,8,COL,Cali,24 SAN FERNANDO,The Breakfast Club,rappi,,0,,1
10/05/2026,8,COL,Cali,24 SAN FERNANDO,The Breakfast Club,rappi,,0,,1
10/05/2026,8,COL,Cali,24 SAN FERNANDO,The Breakfast Club,rappi,,0,,1
10/05/2026,8,COL,Cali,24 SAN FERNANDO,The Breakfast Club,rappi,,0,,1
10/05/2026,8,COL,Cali,22 SANTA MONICA,The Breakfast Club,rappi,49.83,0.08,40.22,1
10/05/2026,8,COL,Cali,22 SANTA MONICA,The Breakfast Club,rappi,84.2,39.47,1.86,1
10/05/2026,8,COL,Cali,22 SANTA MONICA,The Breakfast Club,rappi,,0,,1
10/05/2026,8,COL,Cali,24 SAN FERNANDO,The Breakfast Club,rappi,113.84,103.03,0.5,1
10/05/2026,9,COL,Cali,24 SAN FERNANDO,The Breakfast Club,rappi,83.64,56.18,1.34,1
10/05/2026,9,COL,Cali,46 INGENIO,The Breakfast Club,rappi,19.5,0.05,42.79,1
10/05/2026,10,COL,Cali,46 INGENIO,The Breakfast Club,rappi,66.06,25.38,2.23,1
10/05/2026,10,COL,Cali,46 INGENIO,The Breakfast Club,rappi,46.38,1.12,20.78,1
10/05/2026,10,COL,Cali,46 INGENIO,The Breakfast Club,rappi,62.3,7.1,5.67,1
10/05/2026,10,COL,Cali,46 INGENIO,The Breakfast Club,rappi,59.43,18.45,1.06,1
10/05/2026,10,COL,Cali,46 INGENIO,The Breakfast Club,rappi,59.41,2.67,5.01,1
10/05/2026,10,COL,Cali,22 SANTA MONICA,The Breakfast Club,rappi,10.09,10.67,5.71,1
10/05/2026,10,COL,Cali,24 SAN FERNANDO,The Breakfast Club,rappi,61.21,0.73,24.92,1
10/05/2026,13,COL,Cali,46 INGENIO,The Breakfast Club,rappi,,2.9,14.67,1
10/05/2026,13,COL,Cali,22 SANTA MONICA,The Breakfast Club,rappi,16.5,11.77,3.48,1
10/05/2026,22,COL,Cali,22 SANTA MONICA,The Breakfast Club,rappi,3.27,1.85,14.91,1
10/05/2026,7,COL,Cali,46 INGENIO,The Egg Spot,rappi,35.22,9.07,0.79,1
10/05/2026,7,COL,Cali,46 INGENIO,The Egg Spot,rappi,68.38,0,,1
10/05/2026,7,COL,Cali,46 INGENIO,The Egg Spot,rappi,76.01,21.9,9.96,1
10/05/2026,8,COL,Cali,24 SAN FERNANDO,The Egg Spot,rappi,,0,,1
10/05/2026,9,COL,Cali,24 SAN FERNANDO,The Egg Spot,rappi,85.71,11.82,0.19,1
10/05/2026,9,COL,Cali,22 SANTA MONICA,The Egg Spot,rappi,,0,,1
10/05/2026,9,COL,Cali,24 SAN FERNANDO,The Egg Spot,rappi,,0,,1
10/05/2026,9,COL,Cali,22 SANTA MONICA,The Egg Spot,rappi,,0,,1
10/05/2026,17,COL,Cali,22 SANTA MONICA,The Egg Spot,rappi,15.18,0.6,2.13,1
10/05/2026,8,COL,Cali,24 SAN FERNANDO,The Egg Spot Turbo,rappi,,0,,1
10/05/2026,9,COL,Cali,24 SAN FERNANDO,The Egg Spot Turbo,rappi,,0,,1
10/05/2026,9,COL,Cali,24 SAN FERNANDO,The Egg Spot Turbo,rappi,,0,,1
10/05/2026,9,COL,Cali,24 SAN FERNANDO,The Egg Spot Turbo,rappi,,0,,1
10/05/2026,19,COL,Cali,22 SANTA MONICA,Vicio,rappi,,3,29.97,1
10/05/2026,8,COL,Cartagena,33 CARTAGENA,Avocalia,rappi,14.69,0.15,1.12,1
10/05/2026,9,COL,Cartagena,33 CARTAGENA,Avocalia,rappi,20.82,8.6,0.2,1
10/05/2026,10,COL,Cartagena,33 CARTAGENA,Avocalia,rappi,37.69,26.37,0.27,1
10/05/2026,11,COL,Cartagena,33 CARTAGENA,Avocalia,rappi,11.11,0.5,23.92,1
10/05/2026,12,COL,Cartagena,33 CARTAGENA,Avocalia,rappi,29.16,2.88,2.94,1
10/05/2026,12,COL,Cartagena,33 CARTAGENA,Avocalia,rappi,20.29,5.02,3.82,1
10/05/2026,12,COL,Cartagena,33 CARTAGENA,Avocalia,rappi,8.04,1.23,3.94,1
10/05/2026,13,COL,Cartagena,33 CARTAGENA,Avocalia,rappi,15.05,3.97,0.14,1
10/05/2026,14,COL,Cartagena,33 CARTAGENA,Avocalia,rappi,21.93,0.43,4.16,1
10/05/2026,14,COL,Cartagena,33 CARTAGENA,Avocalia,rappi,15.04,6.38,0.85,1
10/05/2026,19,COL,Cartagena,33 CARTAGENA,Avocalia,rappi,4.38,0.58,0.95,1
10/05/2026,19,COL,Cartagena,33 CARTAGENA,Avocalia,rappi,18.79,0.9,4.39,1
10/05/2026,21,COL,Cartagena,33 CARTAGENA,Avocalia,rappi,9.63,0.95,11.44,1
10/05/2026,12,COL,Cartagena,33 CARTAGENA,AVOCALIA TURBO,rappi,5.2,1.42,1.03,1
10/05/2026,13,COL,Cartagena,33 CARTAGENA,AVOCALIA TURBO,rappi,5.66,0.33,1.08,1
10/05/2026,15,COL,Cartagena,33 CARTAGENA,AVOCALIA TURBO,rappi,4.98,0.27,0.16,1
10/05/2026,19,COL,Cartagena,33 CARTAGENA,AVOCALIA TURBO,rappi,3.83,0,0.26,1
10/05/2026,6,COL,Cartagena,33 CARTAGENA,Brunch & Munch,rappi,4.9,0.52,24.83,1
10/05/2026,6,COL,Cartagena,33 CARTAGENA,Brunch & Munch,rappi,8.9,6.08,15.83,1
10/05/2026,6,COL,Cartagena,33 CARTAGENA,Brunch & Munch,rappi,19.72,0.8,12.03,1
10/05/2026,6,COL,Cartagena,33 CARTAGENA,Brunch & Munch,rappi,13.99,4.53,1.7,1
10/05/2026,6,COL,Cartagena,33 CARTAGENA,Brunch & Munch,rappi,7.25,4.52,3.73,1
10/05/2026,6,COL,Cartagena,33 CARTAGENA,Brunch & Munch,rappi,11.69,0.35,9.33,1
10/05/2026,7,COL,Cartagena,33 CARTAGENA,Brunch & Munch,rappi,11.04,0.57,7.74,1
10/05/2026,7,COL,Cartagena,33 CARTAGENA,Brunch & Munch,rappi,10.53,16.65,25.52,1
10/05/2026,7,COL,Cartagena,33 CARTAGENA,Brunch & Munch,rappi,23.08,8.63,1.94,1
10/05/2026,7,COL,Cartagena,33 CARTAGENA,Brunch & Munch,rappi,14.54,0.92,4.04,1
10/05/2026,7,COL,Cartagena,33 CARTAGENA,Brunch & Munch,rappi,24.04,4.78,0.3,1
10/05/2026,7,COL,Cartagena,33 CARTAGENA,Brunch & Munch,rappi,26.03,16.67,2,1
10/05/2026,7,COL,Cartagena,33 CARTAGENA,Brunch & Munch,rappi,14.79,6.7,5.04,1
10/05/2026,7,COL,Cartagena,33 CARTAGENA,Brunch & Munch,rappi,12.33,6.73,5.61,1
10/05/2026,7,COL,Cartagena,33 CARTAGENA,Brunch & Munch,rappi,20.91,1,10.03,1
10/05/2026,7,COL,Cartagena,33 CARTAGENA,Brunch & Munch,rappi,14.07,14.87,12.85,1
10/05/2026,7,COL,Cartagena,33 CARTAGENA,Brunch & Munch,rappi,17.6,9.77,0.22,1
10/05/2026,7,COL,Cartagena,33 CARTAGENA,Brunch & Munch,rappi,23,14.6,0.89,1
10/05/2026,7,COL,Cartagena,33 CARTAGENA,Brunch & Munch,rappi,20.06,14.87,0.71,1
10/05/2026,7,COL,Cartagena,33 CARTAGENA,Brunch & Munch,rappi,24.48,10,0.68,1
10/05/2026,7,COL,Cartagena,33 CARTAGENA,Brunch & Munch,rappi,10.9,0.22,15.61,1
10/05/2026,7,COL,Cartagena,33 CARTAGENA,Brunch & Munch,rappi,19.02,0.5,5.1,1
10/05/2026,7,COL,Cartagena,33 CARTAGENA,Brunch & Munch,rappi,12.04,0.18,10.97,1
10/05/2026,8,COL,Cartagena,33 CARTAGENA,Brunch & Munch,rappi,5.73,1.38,8.15,1
10/05/2026,8,COL,Cartagena,33 CARTAGENA,Brunch & Munch,rappi,10.31,6.18,2.67,1
10/05/2026,8,COL,Cartagena,33 CARTAGENA,Brunch & Munch,rappi,12.33,2.53,0.83,1
10/05/2026,8,COL,Cartagena,33 CARTAGENA,Brunch & Munch,rappi,11.24,13.38,24.82,1
10/05/2026,8,COL,Cartagena,33 CARTAGENA,Brunch & Munch,rappi,9.13,44.13,63.95,1
10/05/2026,8,COL,Cartagena,33 CARTAGENA,Brunch & Munch,rappi,25.07,13.53,0.43,1
10/05/2026,8,COL,Cartagena,33 CARTAGENA,Brunch & Munch,rappi,22.39,13.55,2.97,1
10/05/2026,8,COL,Cartagena,33 CARTAGENA,Brunch & Munch,rappi,22.27,2.88,7.67,1
10/05/2026,8,COL,Cartagena,33 CARTAGENA,Brunch & Munch,rappi,28.85,2.87,0.7,1
10/05/2026,8,COL,Cartagena,33 CARTAGENA,Brunch & Munch,rappi,24.6,2.42,0.91,1
10/05/2026,8,COL,Cartagena,33 CARTAGENA,Brunch & Munch,rappi,32.37,21.93,2.62,1
10/05/2026,8,COL,Cartagena,33 CARTAGENA,Brunch & Munch,rappi,20.5,13.37,0.87,1
10/05/2026,8,COL,Cartagena,33 CARTAGENA,Brunch & Munch,rappi,29.05,11.47,0.18,1
10/05/2026,8,COL,Cartagena,33 CARTAGENA,Brunch & Munch,rappi,35.91,5.13,2.45,1
10/05/2026,8,COL,Cartagena,33 CARTAGENA,Brunch & Munch,rappi,37.64,44.12,19.97,1
10/05/2026,8,COL,Cartagena,33 CARTAGENA,Brunch & Munch,rappi,53.96,4.82,0.55,1
10/05/2026,8,COL,Cartagena,33 CARTAGENA,Brunch & Munch,rappi,54.51,44.13,0.12,1
10/05/2026,8,COL,Cartagena,33 CARTAGENA,Brunch & Munch,rappi,51.45,43.62,1.62,1
10/05/2026,8,COL,Cartagena,33 CARTAGENA,Brunch & Munch,rappi,18.95,23.65,18.08,1
10/05/2026,8,COL,Cartagena,33 CARTAGENA,Brunch & Munch,rappi,52.61,22.38,0.89,1
10/05/2026,9,COL,Cartagena,33 CARTAGENA,Brunch & Munch,rappi,44.62,32.95,17.23,1
10/05/2026,9,COL,Cartagena,33 CARTAGENA,Brunch & Munch,rappi,35.04,29.45,11.92,1
10/05/2026,9,COL,Cartagena,33 CARTAGENA,Brunch & Munch,rappi,42.73,29.43,0.4,1
10/05/2026,9,COL,Cartagena,33 CARTAGENA,Brunch & Munch,rappi,33.11,3.9,0.14,1
10/05/2026,9,COL,Cartagena,33 CARTAGENA,Brunch & Munch,rappi,49.05,32.95,0.68,1
10/05/2026,9,COL,Cartagena,33 CARTAGENA,Brunch & Munch,rappi,46.5,39.97,4.63,1
10/05/2026,9,COL,Cartagena,33 CARTAGENA,Brunch & Munch,rappi,34.82,5.83,1.01,1
10/05/2026,9,COL,Cartagena,33 CARTAGENA,Brunch & Munch,rappi,16.79,3.13,0.18,1
10/05/2026,10,COL,Cartagena,33 CARTAGENA,Brunch & Munch,rappi,29.16,1.67,24.77,1
10/05/2026,10,COL,Cartagena,33 CARTAGENA,Brunch & Munch,rappi,20.05,9.43,0.84,1
10/05/2026,10,COL,Cartagena,33 CARTAGENA,Brunch & Munch,rappi,22.93,0.42,7.18,1
10/05/2026,10,COL,Cartagena,33 CARTAGENA,Brunch & Munch,rappi,5.36,0.43,5.04,1
10/05/2026,15,COL,Cartagena,33 CARTAGENA,Brunch & Munch,rappi,19.21,0.27,32.76,1
10/05/2026,20,COL,Cartagena,33 CARTAGENA,Brunch & Munch,rappi,13.07,0.12,0.72,1
10/05/2026,23,COL,Cartagena,33 CARTAGENA,Brunch & Munch,rappi,22.98,0.18,2.91,1
10/05/2026,11,COL,Cartagena,33 CARTAGENA,BRUNCH & MUNCH TURBO,rappi,5.39,0.32,0.66,1
10/05/2026,12,COL,Cartagena,33 CARTAGENA,Burrito Cantina,rappi,16.45,0.32,13.59,1
10/05/2026,6,COL,Cartagena,33 CARTAGENA,Burritos & Co,rappi,14.81,6.13,2.02,1
10/05/2026,13,COL,Cartagena,33 CARTAGENA,Burritos & Co,rappi,16.67,20.58,9.05,1
10/05/2026,13,COL,Cartagena,33 CARTAGENA,Burritos & Co,rappi,35.91,9.98,1.24,1
10/05/2026,13,COL,Cartagena,33 CARTAGENA,Burritos & Co,rappi,43.2,2.07,0.82,1
10/05/2026,19,COL,Cartagena,33 CARTAGENA,Burritos & Co,rappi,16.66,0.58,3.96,1
10/05/2026,20,COL,Cartagena,33 CARTAGENA,Burritos & Co,rappi,12.03,0.42,0.09,1
10/05/2026,20,COL,Cartagena,33 CARTAGENA,Burritos & Co,rappi,9.01,0.3,23.79,1
10/05/2026,21,COL,Cartagena,33 CARTAGENA,Burritos & Co,rappi,16.21,6.77,0,1
10/05/2026,22,COL,Cartagena,33 CARTAGENA,Burritos & Co,rappi,10.18,0.63,2.02,1
10/05/2026,22,COL,Cartagena,33 CARTAGENA,Burritos & Co,rappi,11.66,0.57,39.91,1
10/05/2026,18,COL,Cartagena,33 CARTAGENA,Burritos & Co Turbo,rappi,4.58,0,0.21,1
10/05/2026,6,COL,Cartagena,33 CARTAGENA,Cinnabon,rappi,10.61,4.88,1.11,1
10/05/2026,6,COL,Cartagena,33 CARTAGENA,Cinnabon,rappi,10.68,0.28,6.92,1
10/05/2026,7,COL,Cartagena,33 CARTAGENA,Cinnabon,rappi,25.24,9.87,0.96,1
10/05/2026,7,COL,Cartagena,33 CARTAGENA,Cinnabon,rappi,19.13,8.87,3.98,1
10/05/2026,8,COL,Cartagena,33 CARTAGENA,Cinnabon,rappi,29.15,21.9,0.67,1
10/05/2026,9,COL,Cartagena,33 CARTAGENA,Cinnabon,rappi,28.59,6.4,0.4,1
10/05/2026,9,COL,Cartagena,33 CARTAGENA,Cinnabon,rappi,13,0.43,6.19,1
10/05/2026,11,COL,Cartagena,33 CARTAGENA,Cinnabon,rappi,6.3,2.25,10.79,1
10/05/2026,11,COL,Cartagena,33 CARTAGENA,Cinnabon,rappi,8.91,0.73,13.22,1
10/05/2026,12,COL,Cartagena,33 CARTAGENA,Cinnabon,rappi,8.85,0.33,53.14,1
10/05/2026,15,COL,Cartagena,33 CARTAGENA,Cinnabon,rappi,7.83,0.33,2.2,1
10/05/2026,17,COL,Cartagena,33 CARTAGENA,Cinnabon,rappi,7.3,2.92,0.22,1
10/05/2026,17,COL,Cartagena,33 CARTAGENA,Cinnabon,rappi,21.23,0.83,0.7,1
10/05/2026,17,COL,Cartagena,33 CARTAGENA,Cinnabon,rappi,10.09,4,0.95,1
10/05/2026,19,COL,Cartagena,33 CARTAGENA,Cinnabon,rappi,10.13,5.32,1.07,1
10/05/2026,20,COL,Cartagena,33 CARTAGENA,Cinnabon,rappi,6.71,0.37,28.49,1
10/05/2026,22,COL,Cartagena,33 CARTAGENA,Cinnabon,rappi,10.11,4.35,0,1
10/05/2026,7,COL,Cartagena,33 CARTAGENA,Desayunos Colombianos,rappi,18.89,6.52,3.07,1
10/05/2026,8,COL,Cartagena,33 CARTAGENA,Desayunos Colombianos,rappi,24.28,14.35,0.54,1
10/05/2026,8,COL,Cartagena,33 CARTAGENA,Desayunos Colombianos,rappi,27.61,12.85,1.03,1
10/05/2026,20,COL,Cartagena,33 CARTAGENA,Desayunos Colombianos,rappi,13.11,5.88,0.54,1
10/05/2026,6,COL,Cartagena,33 CARTAGENA,Desayunos de la Abuela,rappi,19.96,0.5,16.3,1
10/05/2026,6,COL,Cartagena,33 CARTAGENA,Desayunos de la Abuela,rappi,31.92,0.35,9.18,1
10/05/2026,6,COL,Cartagena,33 CARTAGENA,Desayunos de la Abuela,rappi,22.27,0.38,16.26,1
10/05/2026,7,COL,Cartagena,33 CARTAGENA,Desayunos de la Abuela,rappi,22.74,8.05,1.02,1
10/05/2026,7,COL,Cartagena,33 CARTAGENA,Desayunos de la Abuela,rappi,22.89,1.8,0.27,1
10/05/2026,7,COL,Cartagena,33 CARTAGENA,Desayunos de la Abuela,rappi,24.22,21.85,4.98,1
10/05/2026,7,COL,Cartagena,33 CARTAGENA,Desayunos de la Abuela,rappi,13.9,16.87,19.11,1
10/05/2026,7,COL,Cartagena,33 CARTAGENA,Desayunos de la Abuela,rappi,19.7,9.37,0.13,1
10/05/2026,7,COL,Cartagena,33 CARTAGENA,Desayunos de la Abuela,rappi,16.9,17.48,5.76,1
10/05/2026,7,COL,Cartagena,33 CARTAGENA,Desayunos de la Abuela,rappi,24.24,19.8,0.6,1
10/05/2026,7,COL,Cartagena,33 CARTAGENA,Desayunos de la Abuela,rappi,18.89,7.62,1.08,1
10/05/2026,7,COL,Cartagena,33 CARTAGENA,Desayunos de la Abuela,rappi,16.34,0.35,1.59,1
10/05/2026,8,COL,Cartagena,33 CARTAGENA,Desayunos de la Abuela,rappi,19.98,8.27,0.25,1
10/05/2026,8,COL,Cartagena,33 CARTAGENA,Desayunos de la Abuela,rappi,16.28,6.47,0.1,1
10/05/2026,8,COL,Cartagena,33 CARTAGENA,Desayunos de la Abuela,rappi,9.17,2.65,1.06,1
10/05/2026,8,COL,Cartagena,33 CARTAGENA,Desayunos de la Abuela,rappi,24.97,10.98,0.49,1
10/05/2026,8,COL,Cartagena,33 CARTAGENA,Desayunos de la Abuela,rappi,49.07,32.1,2.16,1
10/05/2026,8,COL,Cartagena,33 CARTAGENA,Desayunos de la Abuela,rappi,53.18,20.68,10.02,1
10/05/2026,8,COL,Cartagena,33 CARTAGENA,Desayunos de la Abuela,rappi,53.25,51.07,8.82,1
10/05/2026,8,COL,Cartagena,33 CARTAGENA,Desayunos de la Abuela,rappi,29.96,19.23,2.04,1
10/05/2026,9,COL,Cartagena,33 CARTAGENA,Desayunos de la Abuela,rappi,38.16,29.4,0.9,1
10/05/2026,9,COL,Cartagena,33 CARTAGENA,Desayunos de la Abuela,rappi,29.56,20.12,1.28,1
10/05/2026,9,COL,Cartagena,33 CARTAGENA,Desayunos de la Abuela,rappi,26.23,14.63,1.3,1
10/05/2026,9,COL,Cartagena,33 CARTAGENA,Desayunos de la Abuela,rappi,21.28,14.13,0.15,1
10/05/2026,9,COL,Cartagena,33 CARTAGENA,Desayunos de la Abuela,rappi,15.04,0.32,8.94,1
10/05/2026,10,COL,Cartagena,33 CARTAGENA,Desayunos de la Abuela,rappi,35.69,22.18,0.2,1
10/05/2026,10,COL,Cartagena,33 CARTAGENA,Desayunos de la Abuela,rappi,21.82,17.8,1.05,1
10/05/2026,10,COL,Cartagena,33 CARTAGENA,Desayunos de la Abuela,rappi,27.71,3.8,2.18,1
10/05/2026,18,COL,Cartagena,33 CARTAGENA,Desayunos de la Abuela,rappi,15.96,3.2,15.83,1
10/05/2026,18,COL,Cartagena,33 CARTAGENA,Desayunos de la Abuela,rappi,15.15,3.2,10.94,1
10/05/2026,18,COL,Cartagena,33 CARTAGENA,Desayunos de la Abuela,rappi,14.74,4.6,0.27,1
10/05/2026,20,COL,Cartagena,33 CARTAGENA,Desayunos de la Abuela,rappi,8.92,0.28,2.83,1
10/05/2026,6,COL,Cartagena,33 CARTAGENA,Desayunos de mi Tierrita,rappi,22.88,2.65,16.9,1
10/05/2026,9,COL,Cartagena,33 CARTAGENA,Desayunos de mi Tierrita,rappi,40.85,26.37,0.38,1
10/05/2026,10,COL,Cartagena,33 CARTAGENA,Desayunos de mi Tierrita,rappi,16.43,12.72,1.77,1
10/05/2026,13,COL,Cartagena,33 CARTAGENA,El Ejecutivo,rappi,23.39,0.72,2.64,1
10/05/2026,10,COL,Cartagena,33 CARTAGENA,Foodology,rappi,9.99,3.03,0.68,1
10/05/2026,20,COL,Cartagena,33 CARTAGENA,Frost by Oreo,rappi,,0.22,21.66,1
10/05/2026,11,COL,Cartagena,33 CARTAGENA,Green House,rappi,13.62,12.07,5.95,1
10/05/2026,12,COL,Cartagena,33 CARTAGENA,Green House,rappi,6.97,5.03,3.04,1
10/05/2026,12,COL,Cartagena,33 CARTAGENA,Green House,rappi,18.03,5.5,4.51,1
10/05/2026,14,COL,Cartagena,33 CARTAGENA,Green House,rappi,10.7,0.23,27.34,1
10/05/2026,14,COL,Cartagena,33 CARTAGENA,Green House,rappi,13.04,0.47,6.41,1
10/05/2026,17,COL,Cartagena,33 CARTAGENA,Green House,rappi,22.06,0.22,12.79,1
10/05/2026,17,COL,Cartagena,33 CARTAGENA,Green House,rappi,12.79,4.92,0.08,1
10/05/2026,18,COL,Cartagena,33 CARTAGENA,Green House,rappi,17.86,12.92,0.99,1
10/05/2026,19,COL,Cartagena,33 CARTAGENA,Green House,rappi,8.48,3.7,1.53,1
10/05/2026,14,COL,Cartagena,33 CARTAGENA,Green House Turbo,rappi,4.13,0,0.06,1
10/05/2026,17,COL,Cartagena,33 CARTAGENA,Green House Turbo,rappi,7.55,1.13,0.2,1
10/05/2026,15,COL,Cartagena,33 CARTAGENA,Honest Food,rappi,10,0.62,2.03,1
10/05/2026,17,COL,Cartagena,33 CARTAGENA,Honest Food,rappi,15.07,0.3,6,1
10/05/2026,22,COL,Cartagena,33 CARTAGENA,Honest Food,rappi,15.4,8.87,0.62,1
10/05/2026,21,COL,Cartagena,33 CARTAGENA,Honest Food Turbo,rappi,4.82,0.37,0.79,1
10/05/2026,17,COL,Cartagena,33 CARTAGENA,House of Burgers,rappi,20.55,2.1,0.37,1
10/05/2026,18,COL,Cartagena,33 CARTAGENA,House of Burgers,rappi,4.21,2.07,2.89,1
10/05/2026,19,COL,Cartagena,33 CARTAGENA,House Of Burgers Turbo,rappi,4.11,0,0.6,1
10/05/2026,12,COL,Cartagena,33 CARTAGENA,House of Salads,rappi,11.22,0.2,8.78,1
10/05/2026,19,COL,Cartagena,33 CARTAGENA,House of Salads,rappi,9.68,3.28,4.46,1
10/05/2026,15,COL,Cartagena,33 CARTAGENA,La Casa Mexicana,rappi,6.91,4.98,3.03,1
10/05/2026,19,COL,Cartagena,33 CARTAGENA,La Casa Mexicana,rappi,9.45,6.28,1.73,1
10/05/2026,12,COL,Cartagena,33 CARTAGENA,La Casa Mexicana Turbo,rappi,5.22,0.6,0.12,1
10/05/2026,16,COL,Cartagena,33 CARTAGENA,La Casa Mexicana Turbo,rappi,2.9,0,1.44,1
10/05/2026,11,COL,Cartagena,33 CARTAGENA,La Cuadra,rappi,19.77,14.52,0.42,1
10/05/2026,11,COL,Cartagena,33 CARTAGENA,La Cuadra,rappi,18.19,5.37,0.84,1
10/05/2026,11,COL,Cartagena,33 CARTAGENA,La Cuadra,rappi,14.93,4.52,1.05,1
10/05/2026,12,COL,Cartagena,33 CARTAGENA,La Cuadra,rappi,20.32,11.28,0.62,1
10/05/2026,12,COL,Cartagena,33 CARTAGENA,La Cuadra,rappi,8.88,6.08,13.32,1
10/05/2026,12,COL,Cartagena,33 CARTAGENA,La Cuadra,rappi,8.92,4.83,0.97,1
10/05/2026,12,COL,Cartagena,33 CARTAGENA,La Cuadra,rappi,20.11,14.23,0.15,1
10/05/2026,12,COL,Cartagena,33 CARTAGENA,La Cuadra,rappi,17.28,7.43,2.97,1
10/05/2026,13,COL,Cartagena,33 CARTAGENA,La Cuadra,rappi,26.56,6.13,1.32,1
10/05/2026,13,COL,Cartagena,33 CARTAGENA,La Cuadra,rappi,15.78,0.48,26.06,1
10/05/2026,13,COL,Cartagena,33 CARTAGENA,La Cuadra,rappi,28.26,5.52,0.73,1
10/05/2026,13,COL,Cartagena,33 CARTAGENA,La Cuadra,rappi,17.46,0.52,9.76,1
10/05/2026,14,COL,Cartagena,33 CARTAGENA,La Cuadra,rappi,25.06,14,0.15,1
10/05/2026,14,COL,Cartagena,33 CARTAGENA,La Cuadra,rappi,14.14,4,0.38,1
10/05/2026,15,COL,Cartagena,33 CARTAGENA,La Cuadra,rappi,10.77,0.37,27.97,1
10/05/2026,15,COL,Cartagena,33 CARTAGENA,La Cuadra,rappi,13.3,5.08,0.73,1
10/05/2026,16,COL,Cartagena,33 CARTAGENA,La Cuadra,rappi,12.38,5.58,0.56,1
10/05/2026,19,COL,Cartagena,33 CARTAGENA,La Cuadra,rappi,25.24,5.2,0.94,1
10/05/2026,21,COL,Cartagena,33 CARTAGENA,La Cuadra,rappi,5.54,0.28,14.97,1
10/05/2026,12,COL,Cartagena,33 CARTAGENA,La Cuadra Turbo,rappi,4.98,0.37,0.23,1
10/05/2026,13,COL,Cartagena,33 CARTAGENA,La Cuadra Turbo,rappi,4.98,0.43,0.26,1
10/05/2026,9,COL,Cartagena,33 CARTAGENA,LA ÑAMGUCHERIA,rappi,41.05,29,1.21,1
10/05/2026,18,COL,Cartagena,33 CARTAGENA,LA ÑAMGUCHERIA,rappi,18.85,4.43,2.17,1
10/05/2026,19,COL,Cartagena,33 CARTAGENA,LA ÑAMGUCHERIA,rappi,13.61,1.62,0.27,1
10/05/2026,19,COL,Cartagena,33 CARTAGENA,LA ÑAMGUCHERIA,rappi,,0,,1
10/05/2026,7,COL,Cartagena,33 CARTAGENA,LA PANQUEQUERIA,rappi,7.27,0.53,11.08,1
10/05/2026,7,COL,Cartagena,33 CARTAGENA,LA PANQUEQUERIA,rappi,19.8,0,60.98,1
10/05/2026,7,COL,Cartagena,33 CARTAGENA,LA PANQUEQUERIA,rappi,23.09,3.47,21.88,1
10/05/2026,12,COL,Cartagena,33 CARTAGENA,Local - Cocina Consciente,rappi,25.41,2.73,14.82,1
10/05/2026,7,COL,Cartagena,33 CARTAGENA,Mañanero Diario,rappi,27.77,21.12,2.03,1
10/05/2026,10,COL,Cartagena,33 CARTAGENA,Mañanero Diario,rappi,49.81,16.08,1.96,1
10/05/2026,10,COL,Cartagena,33 CARTAGENA,Mañanero Diario,rappi,28.89,24.08,0.51,1
10/05/2026,11,COL,Cartagena,33 CARTAGENA,Monteverde Turbo,rappi,4.96,0.5,0.73,1
10/05/2026,11,COL,Cartagena,33 CARTAGENA,Mr Beast Burger,rappi,27.22,23.22,0.89,1
10/05/2026,12,COL,Cartagena,33 CARTAGENA,Mr Beast Burger,rappi,14.36,0.43,60.92,1
10/05/2026,16,COL,Cartagena,33 CARTAGENA,Mr Beast Burger,rappi,19.92,0.2,12.63,1
10/05/2026,20,COL,Cartagena,33 CARTAGENA,Mr Beast Burger,rappi,15.05,5,0.47,1
10/05/2026,14,COL,Cartagena,33 CARTAGENA,Mr Beast Burger Turbo,rappi,4.18,0.4,3.62,1
10/05/2026,21,COL,Cartagena,33 CARTAGENA,Mr Beast Burger Turbo,rappi,6.04,0.13,0.12,1
10/05/2026,11,COL,Cartagena,33 CARTAGENA,Numa Cocina Mediterranea,rappi,12.88,1.37,0.28,1
10/05/2026,22,COL,Cartagena,33 CARTAGENA,Numa Cocina Mediterranea,rappi,14.3,6.03,0.22,1
10/05/2026,19,COL,Cartagena,33 CARTAGENA,Pret Sandwich Bistro,rappi,12.09,3.22,0.13,1
10/05/2026,18,COL,Cartagena,33 CARTAGENA,SÁNDUCHES EL JEFE,rappi,13.09,12.12,7.83,1
10/05/2026,21,COL,Cartagena,33 CARTAGENA,SÁNDUCHES EL JEFE,rappi,2.83,0.57,18.13,1
10/05/2026,12,COL,Cartagena,33 CARTAGENA,Señor Burrito,rappi,29.07,9.73,0.96,1
10/05/2026,6,COL,Cartagena,33 CARTAGENA,The Breakfast Club,rappi,12.9,3.53,1.27,1
10/05/2026,7,COL,Cartagena,33 CARTAGENA,The Breakfast Club,rappi,30.03,11.42,0.08,1
10/05/2026,8,COL,Cartagena,33 CARTAGENA,The Breakfast Club,rappi,17.91,1.23,8.12,1
10/05/2026,8,COL,Cartagena,33 CARTAGENA,The Breakfast Club,rappi,5.86,1.17,9.13,1
10/05/2026,9,COL,Cartagena,33 CARTAGENA,The Breakfast Club,rappi,38.92,26.27,0.4,1
10/05/2026,9,COL,Cartagena,33 CARTAGENA,The Breakfast Club,rappi,35.09,29.23,2.75,1
10/05/2026,9,COL,Cartagena,33 CARTAGENA,The Breakfast Club,rappi,39.9,3.05,0.98,1
10/05/2026,10,COL,Cartagena,33 CARTAGENA,The Breakfast Club,rappi,25.72,19.93,0.39,1
10/05/2026,10,COL,Cartagena,33 CARTAGENA,The Breakfast Club,rappi,29.07,15.83,1.27,1
10/05/2026,18,COL,Cartagena,33 CARTAGENA,The Breakfast Club,rappi,20.98,0.5,0.69,1
10/05/2026,8,COL,Cartagena,33 CARTAGENA,The Egg Spot,rappi,39.94,27.68,5.12,1
10/05/2026,12,COL,Medellín,29 ITAGUI,ACPM Corrientazo,rappi,78.23,13.37,0.8,1
10/05/2026,12,COL,Medellín,18 BELLO,Almuerzos de la Casa,rappi,13.95,0.43,8.91,1
10/05/2026,12,COL,Medellín,12 LAURELES,Almuerzos de la Casa Turbo,rappi,4.23,0,0.15,1
10/05/2026,6,COL,Medellín,11 MANILA,Avocalia,rappi,7.21,0.18,21.99,1
10/05/2026,6,COL,Medellín,11 MANILA,Avocalia,rappi,7.15,0.33,16.9,1
10/05/2026,6,COL,Medellín,11 MANILA,Avocalia,rappi,6.13,0.17,21.12,1
10/05/2026,6,COL,Medellín,14 ENVIGADO,Avocalia,rappi,10.63,0.47,2.17,1
10/05/2026,6,COL,Medellín,11 MANILA,Avocalia,rappi,11.94,1.4,10.31,1
10/05/2026,7,COL,Medellín,29 ITAGUI,Avocalia,rappi,11.11,6.38,0.51,1
10/05/2026,7,COL,Medellín,14 ENVIGADO,Avocalia,rappi,14.18,1.38,28.9,1
10/05/2026,7,COL,Medellín,12 LAURELES,Avocalia,rappi,22.81,19.07,1.19,1
10/05/2026,7,COL,Medellín,18 BELLO,Avocalia,rappi,9.67,0.47,18.97,1
10/05/2026,7,COL,Medellín,18 BELLO,Avocalia,rappi,18.91,0.27,16.96,1
10/05/2026,8,COL,Medellín,11 MANILA,Avocalia,rappi,32.98,0.42,30.78,1
10/05/2026,9,COL,Medellín,29 ITAGUI,Avocalia,rappi,69.4,44.62,0.69,1
10/05/2026,11,COL,Medellín,11 MANILA,Avocalia,rappi,5.55,1.98,1.69,1
10/05/2026,12,COL,Medellín,11 MANILA,Avocalia,rappi,7.98,0.52,23.1,1
10/05/2026,12,COL,Medellín,18 BELLO,Avocalia,rappi,21.09,1.07,21.09,1
10/05/2026,12,COL,Medellín,18 BELLO,Avocalia,rappi,20.23,1.08,20.09,1
10/05/2026,12,COL,Medellín,14 ENVIGADO,Avocalia,rappi,22.17,9.3,0.93,1
10/05/2026,12,COL,Medellín,14 ENVIGADO,Avocalia,rappi,18.17,9.3,0.22,1
10/05/2026,12,COL,Medellín,14 ENVIGADO,Avocalia,rappi,37.69,1.1,65.31,1
10/05/2026,12,COL,Medellín,12 LAURELES,Avocalia,rappi,5.2,0,,1
10/05/2026,13,COL,Medellín,12 LAURELES,Avocalia,rappi,17.04,0.5,21.15,1
10/05/2026,13,COL,Medellín,12 LAURELES,Avocalia,rappi,6.01,0.28,2,1
10/05/2026,13,COL,Medellín,29 ITAGUI,Avocalia,rappi,24.97,2.12,19.11,1
10/05/2026,13,COL,Medellín,18 BELLO,Avocalia,rappi,19.78,0.3,5.23,1
10/05/2026,14,COL,Medellín,12 LAURELES,Avocalia,rappi,7.12,0.28,26.72,1
10/05/2026,14,COL,Medellín,12 LAURELES,Avocalia,rappi,17.76,4.17,0.93,1
10/05/2026,14,COL,Medellín,11 MANILA,Avocalia,rappi,9.78,0.27,13.29,1
10/05/2026,14,COL,Medellín,29 ITAGUI,Avocalia,rappi,9.92,12.92,29.02,1
10/05/2026,14,COL,Medellín,29 ITAGUI,Avocalia,rappi,21.22,12.9,0.57,1
10/05/2026,14,COL,Medellín,12 LAURELES,Avocalia,rappi,5.28,0.33,14.05,1
10/05/2026,14,COL,Medellín,12 LAURELES,Avocalia,rappi,13.66,4.48,0.39,1
10/05/2026,15,COL,Medellín,14 ENVIGADO,Avocalia,rappi,6.79,0.3,35.42,1
10/05/2026,15,COL,Medellín,18 BELLO,Avocalia,rappi,13.9,4.6,0.67,1
10/05/2026,15,COL,Medellín,12 LAURELES,Avocalia,rappi,13.17,0.28,18.19,1
10/05/2026,15,COL,Medellín,18 BELLO,Avocalia,rappi,17.31,0,20.85,1
10/05/2026,17,COL,Medellín,12 LAURELES,Avocalia,rappi,6.73,0.2,41.34,1
10/05/2026,18,COL,Medellín,12 LAURELES,Avocalia,rappi,15.36,6.37,1.08,1
10/05/2026,18,COL,Medellín,18 BELLO,Avocalia,rappi,35.27,0.27,0.02,1
10/05/2026,19,COL,Medellín,12 LAURELES,Avocalia,rappi,6.36,0.65,4.54,1
10/05/2026,19,COL,Medellín,11 MANILA,Avocalia,rappi,5.38,0.55,32.45,1
10/05/2026,19,COL,Medellín,12 LAURELES,Avocalia,rappi,5.01,0.28,11.56,1
10/05/2026,19,COL,Medellín,14 ENVIGADO,Avocalia,rappi,6.09,0.48,12.73,1
10/05/2026,19,COL,Medellín,14 ENVIGADO,Avocalia,rappi,19.92,0.38,41.8,1
10/05/2026,19,COL,Medellín,11 MANILA,Avocalia,rappi,8.12,1.37,1.01,1
10/05/2026,20,COL,Medellín,11 MANILA,Avocalia,rappi,2.14,0.3,9.91,1
10/05/2026,20,COL,Medellín,12 LAURELES,Avocalia,rappi,,1.45,24.83,1
10/05/2026,21,COL,Medellín,11 MANILA,Avocalia,rappi,9.4,2.77,0.84,1
10/05/2026,21,COL,Medellín,14 ENVIGADO,Avocalia,rappi,10,3.9,12.38,1
10/05/2026,21,COL,Medellín,14 ENVIGADO,Avocalia,rappi,17.86,3.9,1.36,1
10/05/2026,21,COL,Medellín,12 LAURELES,Avocalia,rappi,6.97,0.45,2.04,1
10/05/2026,22,COL,Medellín,11 MANILA,Avocalia,rappi,9.14,3.85,0.99,1
10/05/2026,22,COL,Medellín,12 LAURELES,Avocalia,rappi,8.81,0.25,1.29,1
10/05/2026,22,COL,Medellín,11 MANILA,Avocalia,rappi,3.21,0.33,5.7,1
10/05/2026,23,COL,Medellín,12 LAURELES,Avocalia,rappi,4.21,0.22,5.2,1
10/05/2026,11,COL,Medellín,11 MANILA,AVOCALIA TURBO,rappi,5.01,0.28,34.29,1
10/05/2026,14,COL,Medellín,12 LAURELES,AVOCALIA TURBO,rappi,5.39,1.3,0.78,1
10/05/2026,14,COL,Medellín,12 LAURELES,AVOCALIA TURBO,rappi,4.6,0,0.28,1
10/05/2026,14,COL,Medellín,12 LAURELES,AVOCALIA TURBO,rappi,3.98,0,0.22,1
10/05/2026,14,COL,Medellín,11 MANILA,AVOCALIA TURBO,rappi,4.82,0.63,19.01,1
10/05/2026,15,COL,Medellín,11 MANILA,AVOCALIA TURBO,rappi,4.01,0.27,7.11,1
10/05/2026,15,COL,Medellín,11 MANILA,AVOCALIA TURBO,rappi,7.84,0.25,3.02,1
10/05/2026,16,COL,Medellín,12 LAURELES,AVOCALIA TURBO,rappi,4.34,0.5,0.94,1
10/05/2026,16,COL,Medellín,12 LAURELES,AVOCALIA TURBO,rappi,5.45,0.67,0.86,1
10/05/2026,16,COL,Medellín,12 LAURELES,AVOCALIA TURBO,rappi,4,0.5,1.69,1
10/05/2026,17,COL,Medellín,11 MANILA,AVOCALIA TURBO,rappi,4.85,0.27,0.3,1
10/05/2026,18,COL,Medellín,11 MANILA,AVOCALIA TURBO,rappi,3,0,0.1,1
10/05/2026,18,COL,Medellín,11 MANILA,AVOCALIA TURBO,rappi,2.22,0.23,6.22,1
10/05/2026,18,COL,Medellín,11 MANILA,AVOCALIA TURBO,rappi,3.11,0.15,11.13,1
10/05/2026,18,COL,Medellín,12 LAURELES,AVOCALIA TURBO,rappi,4.51,1.98,2.47,1
10/05/2026,18,COL,Medellín,11 MANILA,AVOCALIA TURBO,rappi,6.54,0.28,18.03,1
10/05/2026,19,COL,Medellín,11 MANILA,AVOCALIA TURBO,rappi,4.59,4.85,23.11,1
10/05/2026,20,COL,Medellín,11 MANILA,AVOCALIA TURBO,rappi,4.98,0.28,12.28,1
10/05/2026,20,COL,Medellín,11 MANILA,AVOCALIA TURBO,rappi,3.82,0.1,1.23,1
10/05/2026,21,COL,Medellín,11 MANILA,AVOCALIA TURBO,rappi,4.07,0.18,26.95,1
10/05/2026,21,COL,Medellín,11 MANILA,AVOCALIA TURBO,rappi,6.74,2.25,0.39,1
10/05/2026,21,COL,Medellín,11 MANILA,AVOCALIA TURBO,rappi,3.41,0.25,36.88,1
10/05/2026,21,COL,Medellín,11 MANILA,AVOCALIA TURBO,rappi,3.03,0.65,40.39,1
10/05/2026,21,COL,Medellín,12 LAURELES,AVOCALIA TURBO,rappi,4.19,0.38,1.03,1
10/05/2026,11,COL,Medellín,12 LAURELES,Bottaniko,rappi,27.98,6.53,1.29,1
10/05/2026,15,COL,Medellín,11 MANILA,Bottaniko Turbo,rappi,4.84,0.28,3.65,1
10/05/2026,17,COL,Medellín,11 MANILA,Bottaniko Turbo,rappi,3.04,0,0.72,1
10/05/2026,19,COL,Medellín,11 MANILA,Bottaniko Turbo,rappi,3.48,0,0.77,1
10/05/2026,19,COL,Medellín,12 LAURELES,Bottaniko Turbo,rappi,5.91,0.92,1.86,1
10/05/2026,20,COL,Medellín,12 LAURELES,Bottaniko Turbo,rappi,4.44,0.15,0.64,1
10/05/2026,6,COL,Medellín,12 LAURELES,Brunch & Munch,rappi,8.09,0.3,27.74,1
10/05/2026,6,COL,Medellín,11 MANILA,Brunch & Munch,rappi,8.84,0.32,1.86,1
10/05/2026,6,COL,Medellín,14 ENVIGADO,Brunch & Munch,rappi,20.83,5.15,57.87,1
10/05/2026,6,COL,Medellín,29 ITAGUI,Brunch & Munch,rappi,17.86,4.62,40.24,1
10/05/2026,6,COL,Medellín,12 LAURELES,Brunch & Munch,rappi,3.95,1.9,36.86,1
10/05/2026,6,COL,Medellín,14 ENVIGADO,Brunch & Munch,rappi,18.84,5.32,30.36,1
10/05/2026,6,COL,Medellín,29 ITAGUI,Brunch & Munch,rappi,28.63,4.58,19.32,1
10/05/2026,6,COL,Medellín,12 LAURELES,Brunch & Munch,rappi,2.11,1.38,39.11,1
10/05/2026,6,COL,Medellín,14 ENVIGADO,Brunch & Munch,rappi,27.81,13.68,33.21,1
10/05/2026,6,COL,Medellín,11 MANILA,Brunch & Munch,rappi,6.62,0.28,19.89,1
10/05/2026,6,COL,Medellín,14 ENVIGADO,Brunch & Munch,rappi,8.05,0.68,20.45,1
10/05/2026,6,COL,Medellín,14 ENVIGADO,Brunch & Munch,rappi,13.97,5.3,20.4,1
10/05/2026,6,COL,Medellín,14 ENVIGADO,Brunch & Munch,rappi,10.52,6.57,21.98,1
10/05/2026,6,COL,Medellín,12 LAURELES,Brunch & Munch,rappi,9.21,1.07,15.24,1
10/05/2026,6,COL,Medellín,14 ENVIGADO,Brunch & Munch,rappi,17.36,5.32,13.02,1
10/05/2026,6,COL,Medellín,12 LAURELES,Brunch & Munch,rappi,1.76,1.07,20.26,1
10/05/2026,6,COL,Medellín,14 ENVIGADO,Brunch & Munch,rappi,25.74,5.15,25.97,1
10/05/2026,6,COL,Medellín,14 ENVIGADO,Brunch & Munch,rappi,27.22,14.28,24.87,1
10/05/2026,6,COL,Medellín,12 LAURELES,Brunch & Munch,rappi,1.94,0.55,14.78,1
10/05/2026,6,COL,Medellín,14 ENVIGADO,Brunch & Munch,rappi,21.44,6.58,2.05,1
10/05/2026,6,COL,Medellín,12 LAURELES,Brunch & Munch,rappi,5.51,0.53,8.64,1
10/05/2026,6,COL,Medellín,18 BELLO,Brunch & Munch,rappi,12.18,0.15,14.99,1
10/05/2026,6,COL,Medellín,14 ENVIGADO,Brunch & Munch,rappi,3.1,1.03,16.69,1
10/05/2026,6,COL,Medellín,11 MANILA,Brunch & Munch,rappi,10.32,1,11.54,1
10/05/2026,6,COL,Medellín,11 MANILA,Brunch & Munch,rappi,11.14,0.6,2.62,1
10/05/2026,7,COL,Medellín,14 ENVIGADO,Brunch & Munch,rappi,6.22,2.2,19.82,1
10/05/2026,7,COL,Medellín,29 ITAGUI,Brunch & Munch,rappi,17.16,34.87,25.61,1
10/05/2026,7,COL,Medellín,12 LAURELES,Brunch & Munch,rappi,4.92,1.38,9.44,1
10/05/2026,7,COL,Medellín,14 ENVIGADO,Brunch & Munch,rappi,16.96,2.18,8.1,1
10/05/2026,7,COL,Medellín,12 LAURELES,Brunch & Munch,rappi,7.7,1.37,5.54,1
10/05/2026,7,COL,Medellín,11 MANILA,Brunch & Munch,rappi,12.85,6.58,0.73,1
10/05/2026,7,COL,Medellín,18 BELLO,Brunch & Munch,rappi,6.22,0.2,24.87,1
10/05/2026,7,COL,Medellín,11 MANILA,Brunch & Munch,rappi,15.68,6.7,0.92,1
10/05/2026,7,COL,Medellín,12 LAURELES,Brunch & Munch,rappi,2.83,0.87,3.44,1
10/05/2026,7,COL,Medellín,12 LAURELES,Brunch & Munch,rappi,6.92,2.35,3.79,1
10/05/2026,7,COL,Medellín,12 LAURELES,Brunch & Munch,rappi,3.84,0.25,1.27,1
10/05/2026,7,COL,Medellín,29 ITAGUI,Brunch & Munch,rappi,15.22,0.5,22.14,1
10/05/2026,7,COL,Medellín,11 MANILA,Brunch & Munch,rappi,14.15,6.7,0.83,1
10/05/2026,7,COL,Medellín,11 MANILA,Brunch & Munch,rappi,15.23,1.23,6.18,1
10/05/2026,7,COL,Medellín,14 ENVIGADO,Brunch & Munch,rappi,18.2,0.55,8.12,1
10/05/2026,7,COL,Medellín,12 LAURELES,Brunch & Munch,rappi,6.97,2.37,1.61,1
10/05/2026,7,COL,Medellín,12 LAURELES,Brunch & Munch,rappi,8.93,0.62,6.81,1
10/05/2026,7,COL,Medellín,11 MANILA,Brunch & Munch,rappi,15.28,14.85,17.24,1
10/05/2026,7,COL,Medellín,12 LAURELES,Brunch & Munch,rappi,5.04,1.98,3.05,1
10/05/2026,7,COL,Medellín,11 MANILA,Brunch & Munch,rappi,14.91,10.37,0.29,1
10/05/2026,7,COL,Medellín,29 ITAGUI,Brunch & Munch,rappi,36.34,24.15,0.57,1
10/05/2026,7,COL,Medellín,11 MANILA,Brunch & Munch,rappi,15.19,12.25,1.95,1
10/05/2026,7,COL,Medellín,14 ENVIGADO,Brunch & Munch,rappi,17.07,9.85,1.57,1
10/05/2026,7,COL,Medellín,11 MANILA,Brunch & Munch,rappi,16.72,0.6,2.95,1
10/05/2026,7,COL,Medellín,14 ENVIGADO,Brunch & Munch,rappi,7.96,0.43,20.22,1
10/05/2026,7,COL,Medellín,14 ENVIGADO,Brunch & Munch,rappi,22.42,6.65,1.85,1
10/05/2026,7,COL,Medellín,14 ENVIGADO,Brunch & Munch,rappi,21.25,13.68,0.24,1
10/05/2026,7,COL,Medellín,29 ITAGUI,Brunch & Munch,rappi,41.9,33.33,4.3,1
10/05/2026,7,COL,Medellín,12 LAURELES,Brunch & Munch,rappi,3.66,0.58,3.21,1
10/05/2026,7,COL,Medellín,29 ITAGUI,Brunch & Munch,rappi,25.68,21.47,0.94,1
10/05/2026,7,COL,Medellín,11 MANILA,Brunch & Munch,rappi,18.91,11.55,0.08,1
10/05/2026,7,COL,Medellín,14 ENVIGADO,Brunch & Munch,rappi,17.83,0.78,21.16,1
10/05/2026,7,COL,Medellín,14 ENVIGADO,Brunch & Munch,rappi,23.33,4.28,18.95,1
10/05/2026,7,COL,Medellín,14 ENVIGADO,Brunch & Munch,rappi,20.2,14.28,4.73,1
10/05/2026,7,COL,Medellín,29 ITAGUI,Brunch & Munch,rappi,37.53,27.92,0.46,1
10/05/2026,7,COL,Medellín,12 LAURELES,Brunch & Munch,rappi,7.14,0.57,1.04,1
10/05/2026,7,COL,Medellín,11 MANILA,Brunch & Munch,rappi,22.02,14.85,0.49,1
10/05/2026,7,COL,Medellín,29 ITAGUI,Brunch & Munch,rappi,43.11,33.33,0.96,1
10/05/2026,7,COL,Medellín,11 MANILA,Brunch & Munch,rappi,22.02,2.65,1.79,1
10/05/2026,7,COL,Medellín,12 LAURELES,Brunch & Munch,rappi,9.01,3.67,3.53,1
10/05/2026,7,COL,Medellín,14 ENVIGADO,Brunch & Munch,rappi,91.17,17.95,2.02,1
10/05/2026,7,COL,Medellín,12 LAURELES,Brunch & Munch,rappi,9.98,3.65,1.55,1
10/05/2026,7,COL,Medellín,14 ENVIGADO,Brunch & Munch,rappi,13.46,3.6,1.55,1
10/05/2026,7,COL,Medellín,14 ENVIGADO,Brunch & Munch,rappi,36.16,14.47,0,1
10/05/2026,7,COL,Medellín,11 MANILA,Brunch & Munch,rappi,21.24,2.45,0.2,1
10/05/2026,7,COL,Medellín,12 LAURELES,Brunch & Munch,rappi,2.26,3.65,8.06,1
10/05/2026,7,COL,Medellín,14 ENVIGADO,Brunch & Munch,rappi,30,0,,1
10/05/2026,7,COL,Medellín,11 MANILA,Brunch & Munch,rappi,20.58,20.25,9.37,1
10/05/2026,7,COL,Medellín,12 LAURELES,Brunch & Munch,rappi,10.01,14.9,16.09,1
10/05/2026,7,COL,Medellín,12 LAURELES,Brunch & Munch,rappi,3.18,4.15,8.12,1
10/05/2026,7,COL,Medellín,14 ENVIGADO,Brunch & Munch,rappi,52.16,13.32,3.92,1
10/05/2026,7,COL,Medellín,11 MANILA,Brunch & Munch,rappi,21.45,12.25,18.98,1
10/05/2026,7,COL,Medellín,11 MANILA,Brunch & Munch,rappi,25.87,20.25,0.41,1
10/05/2026,7,COL,Medellín,12 LAURELES,Brunch & Munch,rappi,8.96,4.13,1.04,1
10/05/2026,7,COL,Medellín,14 ENVIGADO,Brunch & Munch,rappi,42.57,16.87,17.35,1
10/05/2026,7,COL,Medellín,29 ITAGUI,Brunch & Munch,rappi,35.97,21.22,0.77,1
10/05/2026,7,COL,Medellín,14 ENVIGADO,Brunch & Munch,rappi,23.48,0.5,5.42,1
10/05/2026,7,COL,Medellín,11 MANILA,Brunch & Munch,rappi,34.82,12.25,2.31,1
10/05/2026,7,COL,Medellín,29 ITAGUI,Brunch & Munch,rappi,42.24,30.58,0.6,1
10/05/2026,7,COL,Medellín,11 MANILA,Brunch & Munch,rappi,26.08,16.28,4.51,1
10/05/2026,7,COL,Medellín,12 LAURELES,Brunch & Munch,rappi,13.21,14.65,9.82,1
10/05/2026,7,COL,Medellín,11 MANILA,Brunch & Munch,rappi,30.04,18.32,1.95,1
10/05/2026,7,COL,Medellín,11 MANILA,Brunch & Munch,rappi,27.36,21.08,1.84,1
10/05/2026,7,COL,Medellín,11 MANILA,Brunch & Munch,rappi,28.54,22.1,0.51,1
10/05/2026,7,COL,Medellín,12 LAURELES,Brunch & Munch,rappi,15.07,11.72,1.73,1
10/05/2026,7,COL,Medellín,12 LAURELES,Brunch & Munch,rappi,5.95,1.57,10.15,1
10/05/2026,7,COL,Medellín,12 LAURELES,Brunch & Munch,rappi,15.37,12.03,1.63,1
10/05/2026,7,COL,Medellín,11 MANILA,Brunch & Munch,rappi,28.34,1.07,20.68,1
10/05/2026,7,COL,Medellín,14 ENVIGADO,Brunch & Munch,rappi,55.82,4.22,,1
10/05/2026,7,COL,Medellín,14 ENVIGADO,Brunch & Munch,rappi,42.05,35.08,1.18,1
10/05/2026,7,COL,Medellín,11 MANILA,Brunch & Munch,rappi,30.33,22.07,0.73,1
10/05/2026,7,COL,Medellín,12 LAURELES,Brunch & Munch,rappi,19.58,9.08,1.36,1
10/05/2026,7,COL,Medellín,11 MANILA,Brunch & Munch,rappi,30.11,23.95,1.81,1
10/05/2026,7,COL,Medellín,14 ENVIGADO,Brunch & Munch,rappi,39.25,32.07,1.65,1
10/05/2026,7,COL,Medellín,12 LAURELES,Brunch & Munch,rappi,15.94,7,1.15,1
10/05/2026,7,COL,Medellín,12 LAURELES,Brunch & Munch,rappi,13.35,7,3.19,1
10/05/2026,7,COL,Medellín,12 LAURELES,Brunch & Munch,rappi,23.22,15.98,1.89,1
10/05/2026,7,COL,Medellín,12 LAURELES,Brunch & Munch,rappi,15.65,1.33,52.3,1
10/05/2026,7,COL,Medellín,18 BELLO,Brunch & Munch,rappi,6.88,1.92,26.62,1
10/05/2026,7,COL,Medellín,12 LAURELES,Brunch & Munch,rappi,11.28,13.27,13.08,1
10/05/2026,7,COL,Medellín,11 MANILA,Brunch & Munch,rappi,31.1,16.02,0.32,1
10/05/2026,7,COL,Medellín,29 ITAGUI,Brunch & Munch,rappi,45.96,30.72,6.44,1
10/05/2026,7,COL,Medellín,29 ITAGUI,Brunch & Munch,rappi,36.72,0.32,6.38,1
10/05/2026,7,COL,Medellín,12 LAURELES,Brunch & Munch,rappi,19.85,13.25,2.05,1
10/05/2026,7,COL,Medellín,12 LAURELES,Brunch & Munch,rappi,7.21,1.13,5.04,1
10/05/2026,7,COL,Medellín,14 ENVIGADO,Brunch & Munch,rappi,43.21,16.02,,1
10/05/2026,7,COL,Medellín,14 ENVIGADO,Brunch & Munch,rappi,43.93,7.45,5.34,1
10/05/2026,7,COL,Medellín,14 ENVIGADO,Brunch & Munch,rappi,29.18,2.25,10.01,1
10/05/2026,7,COL,Medellín,12 LAURELES,Brunch & Munch,rappi,7.13,1.13,4.12,1
10/05/2026,7,COL,Medellín,18 BELLO,Brunch & Munch,rappi,4.4,2.93,34.86,1
10/05/2026,7,COL,Medellín,12 LAURELES,Brunch & Munch,rappi,2.92,0.02,2.05,1
10/05/2026,7,COL,Medellín,29 ITAGUI,Brunch & Munch,rappi,43.05,37.4,9.59,1
10/05/2026,7,COL,Medellín,29 ITAGUI,Brunch & Munch,rappi,42.21,34.38,3.11,1
10/05/2026,7,COL,Medellín,11 MANILA,Brunch & Munch,rappi,35.34,17.07,0.78,1
10/05/2026,7,COL,Medellín,11 MANILA,Brunch & Munch,rappi,32.98,30.82,17.11,1
10/05/2026,7,COL,Medellín,29 ITAGUI,Brunch & Munch,rappi,48.08,37.4,2.87,1
10/05/2026,7,COL,Medellín,14 ENVIGADO,Brunch & Munch,rappi,58.25,62.1,34.55,1
10/05/2026,7,COL,Medellín,18 BELLO,Brunch & Munch,rappi,9.59,0.27,10.22,1
10/05/2026,7,COL,Medellín,11 MANILA,Brunch & Munch,rappi,34.18,0.58,5.99,1
10/05/2026,7,COL,Medellín,18 BELLO,Brunch & Munch,rappi,15.23,0.28,13.31,1
10/05/2026,7,COL,Medellín,29 ITAGUI,Brunch & Munch,rappi,48.02,37.4,0.76,1
10/05/2026,7,COL,Medellín,12 LAURELES,Brunch & Munch,rappi,9.91,21.87,21.97,1
10/05/2026,7,COL,Medellín,11 MANILA,Brunch & Munch,rappi,32.39,46.78,25.66,1
10/05/2026,7,COL,Medellín,11 MANILA,Brunch & Munch,rappi,32.86,20.42,1.66,1
10/05/2026,7,COL,Medellín,11 MANILA,Brunch & Munch,rappi,41.94,30.83,0.88,1
10/05/2026,7,COL,Medellín,11 MANILA,Brunch & Munch,rappi,40.98,15.47,0.31,1
10/05/2026,7,COL,Medellín,14 ENVIGADO,Brunch & Munch,rappi,71.82,33.2,12.19,1
10/05/2026,7,COL,Medellín,11 MANILA,Brunch & Munch,rappi,42.75,27.83,3.04,1
10/05/2026,7,COL,Medellín,14 ENVIGADO,Brunch & Munch,rappi,45.48,2.8,15.52,1
10/05/2026,7,COL,Medellín,14 ENVIGADO,Brunch & Munch,rappi,46.7,4.07,10.02,1
10/05/2026,7,COL,Medellín,12 LAURELES,Brunch & Munch,rappi,25.59,21.35,1.01,1
10/05/2026,7,COL,Medellín,11 MANILA,Brunch & Munch,rappi,42.78,36.42,0.87,1
10/05/2026,7,COL,Medellín,12 LAURELES,Brunch & Munch,rappi,5.08,10.75,27.85,1
10/05/2026,7,COL,Medellín,11 MANILA,Brunch & Munch,rappi,43.1,27.85,1.11,1
10/05/2026,7,COL,Medellín,12 LAURELES,Brunch & Munch,rappi,12.13,2.37,1.56,1
10/05/2026,7,COL,Medellín,29 ITAGUI,Brunch & Munch,rappi,37.87,30.7,0.38,1
10/05/2026,7,COL,Medellín,12 LAURELES,Brunch & Munch,rappi,12.71,7.03,6.26,1
10/05/2026,8,COL,Medellín,14 ENVIGADO,Brunch & Munch,rappi,66.03,4.62,0.41,1
10/05/2026,8,COL,Medellín,14 ENVIGADO,Brunch & Munch,rappi,62.28,0.15,0,1
10/05/2026,8,COL,Medellín,11 MANILA,Brunch & Munch,rappi,44.02,63.1,35.17,1
10/05/2026,8,COL,Medellín,29 ITAGUI,Brunch & Munch,rappi,39.01,13.72,0.52,1
10/05/2026,8,COL,Medellín,12 LAURELES,Brunch & Munch,rappi,22.2,15.97,0.87,1
10/05/2026,8,COL,Medellín,14 ENVIGADO,Brunch & Munch,rappi,57.05,33.2,19.26,1
10/05/2026,8,COL,Medellín,11 MANILA,Brunch & Munch,rappi,53.08,38.18,0.29,1
10/05/2026,8,COL,Medellín,12 LAURELES,Brunch & Munch,rappi,15.44,15.95,5.79,1
10/05/2026,8,COL,Medellín,11 MANILA,Brunch & Munch,rappi,53.89,9.75,0.46,1
10/05/2026,8,COL,Medellín,18 BELLO,Brunch & Munch,rappi,23.08,1.65,0.68,1
10/05/2026,8,COL,Medellín,12 LAURELES,Brunch & Munch,rappi,10.36,6.48,0.89,1
10/05/2026,8,COL,Medellín,14 ENVIGADO,Brunch & Munch,rappi,85.86,13.5,0.83,1
10/05/2026,8,COL,Medellín,12 LAURELES,Brunch & Munch,rappi,23.68,8.28,1.1,1
10/05/2026,8,COL,Medellín,11 MANILA,Brunch & Munch,rappi,55.07,4.37,0.65,1
10/05/2026,8,COL,Medellín,12 LAURELES,Brunch & Munch,rappi,17.31,18.4,8.72,1
10/05/2026,8,COL,Medellín,12 LAURELES,Brunch & Munch,rappi,24.19,14.87,0.7,1
10/05/2026,8,COL,Medellín,11 MANILA,Brunch & Munch,rappi,50.44,46.1,1.83,1
10/05/2026,8,COL,Medellín,29 ITAGUI,Brunch & Munch,rappi,56.46,1.75,17.78,1
10/05/2026,8,COL,Medellín,29 ITAGUI,Brunch & Munch,rappi,80.28,0,,1
10/05/2026,8,COL,Medellín,12 LAURELES,Brunch & Munch,rappi,21.87,18.4,2.98,1
10/05/2026,8,COL,Medellín,14 ENVIGADO,Brunch & Munch,rappi,64.31,62.1,7.61,1
10/05/2026,8,COL,Medellín,12 LAURELES,Brunch & Munch,rappi,24.09,18.4,0.61,1
10/05/2026,8,COL,Medellín,14 ENVIGADO,Brunch & Munch,rappi,81.14,0,,1
10/05/2026,8,COL,Medellín,11 MANILA,Brunch & Munch,rappi,52.89,13.55,0.74,1
10/05/2026,8,COL,Medellín,12 LAURELES,Brunch & Munch,rappi,17.22,10.75,1.01,1
10/05/2026,8,COL,Medellín,12 LAURELES,Brunch & Munch,rappi,24.16,0.28,7.11,1
10/05/2026,8,COL,Medellín,29 ITAGUI,Brunch & Munch,rappi,37.71,12.43,24.32,1
10/05/2026,8,COL,Medellín,11 MANILA,Brunch & Munch,rappi,48.86,0.83,10.85,1
10/05/2026,8,COL,Medellín,14 ENVIGADO,Brunch & Munch,rappi,92.17,83.85,,1
10/05/2026,8,COL,Medellín,14 ENVIGADO,Brunch & Munch,rappi,72.17,33.88,0.96,1
10/05/2026,8,COL,Medellín,12 LAURELES,Brunch & Munch,rappi,16.85,30.28,26.08,1
10/05/2026,8,COL,Medellín,11 MANILA,Brunch & Munch,rappi,55.36,0,,1
10/05/2026,8,COL,Medellín,18 BELLO,Brunch & Munch,rappi,11.09,3.6,48.27,1
10/05/2026,8,COL,Medellín,14 ENVIGADO,Brunch & Munch,rappi,73.03,26.45,5.9,1
10/05/2026,8,COL,Medellín,11 MANILA,Brunch & Munch,rappi,55.72,56.12,24.3,1
10/05/2026,8,COL,Medellín,14 ENVIGADO,Brunch & Munch,rappi,,0,,1
10/05/2026,8,COL,Medellín,29 ITAGUI,Brunch & Munch,rappi,76.99,0,,1
10/05/2026,8,COL,Medellín,12 LAURELES,Brunch & Munch,rappi,21.69,13.18,0.32,1
10/05/2026,8,COL,Medellín,12 LAURELES,Brunch & Munch,rappi,24.31,0.57,7.82,1
10/05/2026,8,COL,Medellín,11 MANILA,Brunch & Munch,rappi,61.83,30.73,0.13,1
10/05/2026,8,COL,Medellín,14 ENVIGADO,Brunch & Munch,rappi,81.83,9.85,1.1,1
10/05/2026,8,COL,Medellín,12 LAURELES,Brunch & Munch,rappi,25.9,1.2,15.62,1
10/05/2026,8,COL,Medellín,11 MANILA,Brunch & Munch,rappi,55.21,35.92,0.83,1
10/05/2026,8,COL,Medellín,29 ITAGUI,Brunch & Munch,rappi,70.83,0.75,13.02,1
10/05/2026,8,COL,Medellín,11 MANILA,Brunch & Munch,rappi,54.85,0.32,1.33,1
10/05/2026,8,COL,Medellín,12 LAURELES,Brunch & Munch,rappi,28.73,31.25,10.36,1
10/05/2026,8,COL,Medellín,18 BELLO,Brunch & Munch,rappi,4.64,20.35,58.23,1
10/05/2026,8,COL,Medellín,11 MANILA,Brunch & Munch,rappi,32.54,38.53,10.74,1
10/05/2026,8,COL,Medellín,12 LAURELES,Brunch & Munch,rappi,16.22,36.32,29.87,1
10/05/2026,8,COL,Medellín,12 LAURELES,Brunch & Munch,rappi,29.4,1.88,12.73,1
10/05/2026,8,COL,Medellín,11 MANILA,Brunch & Munch,rappi,52.96,40.33,0.37,1
10/05/2026,8,COL,Medellín,12 LAURELES,Brunch & Munch,rappi,26.23,1.88,15.61,1
10/05/2026,8,COL,Medellín,11 MANILA,Brunch & Munch,rappi,59.37,55.12,0.66,1
10/05/2026,8,COL,Medellín,29 ITAGUI,Brunch & Munch,rappi,79.21,83.57,10.98,1
10/05/2026,8,COL,Medellín,29 ITAGUI,Brunch & Munch,rappi,77.84,0,,1
10/05/2026,8,COL,Medellín,12 LAURELES,Brunch & Munch,rappi,27.09,1.2,10.42,1
10/05/2026,8,COL,Medellín,14 ENVIGADO,Brunch & Munch,rappi,74.46,38.92,5.51,1
10/05/2026,8,COL,Medellín,11 MANILA,Brunch & Munch,rappi,57.55,32.93,37,1
10/05/2026,8,COL,Medellín,18 BELLO,Brunch & Munch,rappi,14.57,3.58,45.29,1
10/05/2026,8,COL,Medellín,14 ENVIGADO,Brunch & Munch,rappi,71.39,26.47,0.69,1
10/05/2026,8,COL,Medellín,18 BELLO,Brunch & Munch,rappi,13.9,0.93,46.15,1
10/05/2026,8,COL,Medellín,14 ENVIGADO,Brunch & Munch,rappi,79.02,51.73,0.28,1
10/05/2026,8,COL,Medellín,14 ENVIGADO,Brunch & Munch,rappi,,0,,1
10/05/2026,8,COL,Medellín,14 ENVIGADO,Brunch & Munch,rappi,,0,,1
10/05/2026,8,COL,Medellín,14 ENVIGADO,Brunch & Munch,rappi,85.74,26.85,21.1,1
10/05/2026,8,COL,Medellín,14 ENVIGADO,Brunch & Munch,rappi,79.77,63.07,0.14,1
10/05/2026,8,COL,Medellín,12 LAURELES,Brunch & Munch,rappi,27.55,30.68,7.83,1
10/05/2026,8,COL,Medellín,12 LAURELES,Brunch & Munch,rappi,33.95,29.93,1,1
10/05/2026,8,COL,Medellín,12 LAURELES,Brunch & Munch,rappi,30.83,28.45,2.81,1
10/05/2026,8,COL,Medellín,11 MANILA,Brunch & Munch,rappi,58.29,0,,1
10/05/2026,8,COL,Medellín,14 ENVIGADO,Brunch & Munch,rappi,79.03,55.88,0.11,1
10/05/2026,8,COL,Medellín,14 ENVIGADO,Brunch & Munch,rappi,93.53,17.62,,1
10/05/2026,8,COL,Medellín,12 LAURELES,Brunch & Munch,rappi,40.39,26.95,12.69,1
10/05/2026,8,COL,Medellín,29 ITAGUI,Brunch & Munch,rappi,82.9,40.35,23.82,1
10/05/2026,8,COL,Medellín,14 ENVIGADO,Brunch & Munch,rappi,123.82,0,,1
10/05/2026,8,COL,Medellín,12 LAURELES,Brunch & Munch,rappi,33.95,23.18,0.29,1
10/05/2026,8,COL,Medellín,29 ITAGUI,Brunch & Munch,rappi,83.96,80.6,1.38,1
10/05/2026,8,COL,Medellín,12 LAURELES,Brunch & Munch,rappi,35.28,34.92,4.64,1
10/05/2026,8,COL,Medellín,12 LAURELES,Brunch & Munch,rappi,20.26,15.78,0.81,1
10/05/2026,8,COL,Medellín,18 BELLO,Brunch & Munch,rappi,14.08,3.57,39.07,1
10/05/2026,8,COL,Medellín,18 BELLO,Brunch & Munch,rappi,13.22,0.53,14.15,1
10/05/2026,8,COL,Medellín,29 ITAGUI,Brunch & Munch,rappi,,0,,1
10/05/2026,8,COL,Medellín,29 ITAGUI,Brunch & Munch,rappi,88.53,74.35,1.53,1
10/05/2026,8,COL,Medellín,14 ENVIGADO,Brunch & Munch,rappi,88.99,53.5,31.73,1
10/05/2026,8,COL,Medellín,29 ITAGUI,Brunch & Munch,rappi,90.13,45.33,12.1,1
10/05/2026,8,COL,Medellín,11 MANILA,Brunch & Munch,rappi,59.97,56.32,1.22,1
10/05/2026,8,COL,Medellín,11 MANILA,Brunch & Munch,rappi,60.03,30.92,0.79,1
10/05/2026,8,COL,Medellín,18 BELLO,Brunch & Munch,rappi,18.8,4.7,23.96,1
10/05/2026,8,COL,Medellín,29 ITAGUI,Brunch & Munch,rappi,103.2,41.25,20.85,1
10/05/2026,8,COL,Medellín,18 BELLO,Brunch & Munch,rappi,16.92,1.35,16.66,1
10/05/2026,8,COL,Medellín,18 BELLO,Brunch & Munch,rappi,24.07,3.58,19.21,1
10/05/2026,8,COL,Medellín,18 BELLO,Brunch & Munch,rappi,19.81,3.62,16.27,1
10/05/2026,8,COL,Medellín,29 ITAGUI,Brunch & Munch,rappi,93.37,76.38,51.95,1
10/05/2026,8,COL,Medellín,11 MANILA,Brunch & Munch,rappi,58.87,8.27,0.88,1
10/05/2026,8,COL,Medellín,29 ITAGUI,Brunch & Munch,rappi,102.11,0.2,7.19,1
10/05/2026,8,COL,Medellín,29 ITAGUI,Brunch & Munch,rappi,93.03,4.67,4.22,1
10/05/2026,8,COL,Medellín,11 MANILA,Brunch & Munch,rappi,64.13,51.9,13.88,1
10/05/2026,8,COL,Medellín,11 MANILA,Brunch & Munch,rappi,65.16,0,,1
10/05/2026,8,COL,Medellín,11 MANILA,Brunch & Munch,rappi,67.05,0,,1
10/05/2026,8,COL,Medellín,29 ITAGUI,Brunch & Munch,rappi,95.15,41.23,48.76,1
10/05/2026,8,COL,Medellín,29 ITAGUI,Brunch & Munch,rappi,110.76,0,,1
10/05/2026,8,COL,Medellín,11 MANILA,Brunch & Munch,rappi,67.21,11.98,0.66,1
10/05/2026,8,COL,Medellín,11 MANILA,Brunch & Munch,rappi,66.85,22.05,0.84,1
10/05/2026,8,COL,Medellín,11 MANILA,Brunch & Munch,rappi,67.91,0,,1
10/05/2026,8,COL,Medellín,29 ITAGUI,Brunch & Munch,rappi,102.04,16.55,0.44,1
10/05/2026,8,COL,Medellín,11 MANILA,Brunch & Munch,rappi,73.31,0,,1
10/05/2026,8,COL,Medellín,11 MANILA,Brunch & Munch,rappi,71.66,36.63,0.94,1
10/05/2026,8,COL,Medellín,29 ITAGUI,Brunch & Munch,rappi,,0,,1
10/05/2026,8,COL,Medellín,11 MANILA,Brunch & Munch,rappi,73.87,65.72,0.44,1
10/05/2026,8,COL,Medellín,29 ITAGUI,Brunch & Munch,rappi,117.91,35.37,18.86,1
10/05/2026,8,COL,Medellín,11 MANILA,Brunch & Munch,rappi,79.02,14.28,55.87,1
10/05/2026,8,COL,Medellín,29 ITAGUI,Brunch & Munch,rappi,127.85,76.43,1.31,1
10/05/2026,8,COL,Medellín,29 ITAGUI,Brunch & Munch,rappi,,0,,1
10/05/2026,8,COL,Medellín,29 ITAGUI,Brunch & Munch,rappi,,0,,1
10/05/2026,8,COL,Medellín,11 MANILA,Brunch & Munch,rappi,78.22,16.13,0.72,1
10/05/2026,8,COL,Medellín,11 MANILA,Brunch & Munch,rappi,82.57,0,,1
10/05/2026,9,COL,Medellín,11 MANILA,Brunch & Munch,rappi,74.66,13.32,1.18,1
10/05/2026,9,COL,Medellín,12 LAURELES,Brunch & Munch,rappi,3.58,0,1.06,1
10/05/2026,9,COL,Medellín,12 LAURELES,Brunch & Munch,rappi,2.29,0.28,4.06,1
10/05/2026,9,COL,Medellín,12 LAURELES,Brunch & Munch,rappi,6.11,0.3,2.36,1
10/05/2026,9,COL,Medellín,12 LAURELES,Brunch & Munch,rappi,19.56,2.52,2.98,1
10/05/2026,9,COL,Medellín,29 ITAGUI,Brunch & Munch,rappi,92.17,1.47,0.91,1
10/05/2026,9,COL,Medellín,11 MANILA,Brunch & Munch,rappi,75.57,1.17,54.96,1
10/05/2026,9,COL,Medellín,12 LAURELES,Brunch & Munch,rappi,12.7,2.02,0.06,1
10/05/2026,9,COL,Medellín,12 LAURELES,Brunch & Munch,rappi,15.28,2.52,4.7,1
10/05/2026,9,COL,Medellín,14 ENVIGADO,Brunch & Munch,rappi,59.37,3.62,10.97,1
10/05/2026,9,COL,Medellín,18 BELLO,Brunch & Munch,rappi,14.15,0.9,12.7,1
10/05/2026,9,COL,Medellín,14 ENVIGADO,Brunch & Munch,rappi,57.05,32.28,5,1
10/05/2026,9,COL,Medellín,14 ENVIGADO,Brunch & Munch,rappi,74.86,12.05,5.74,1
10/05/2026,9,COL,Medellín,12 LAURELES,Brunch & Munch,rappi,4.28,0.42,14.82,1
10/05/2026,9,COL,Medellín,18 BELLO,Brunch & Munch,rappi,19.96,3.07,36.97,1
10/05/2026,9,COL,Medellín,14 ENVIGADO,Brunch & Munch,rappi,57.99,26.85,0.31,1
10/05/2026,9,COL,Medellín,12 LAURELES,Brunch & Munch,rappi,11.88,0.43,10.27,1
10/05/2026,9,COL,Medellín,12 LAURELES,Brunch & Munch,rappi,12.19,0.97,6.94,1
10/05/2026,9,COL,Medellín,14 ENVIGADO,Brunch & Munch,rappi,84.83,1.03,13.98,1
10/05/2026,9,COL,Medellín,14 ENVIGADO,Brunch & Munch,rappi,73.52,53.48,7.64,1
10/05/2026,9,COL,Medellín,11 MANILA,Brunch & Munch,rappi,72.99,0.53,14.91,1
10/05/2026,9,COL,Medellín,12 LAURELES,Brunch & Munch,rappi,13.08,0.4,1.83,1
10/05/2026,9,COL,Medellín,29 ITAGUI,Brunch & Munch,rappi,,0,,1
10/05/2026,9,COL,Medellín,11 MANILA,Brunch & Munch,rappi,,0,,1
10/05/2026,9,COL,Medellín,14 ENVIGADO,Brunch & Munch,rappi,53.84,28.27,0.09,1
10/05/2026,9,COL,Medellín,12 LAURELES,Brunch & Munch,rappi,8.15,2.52,0.49,1
10/05/2026,9,COL,Medellín,14 ENVIGADO,Brunch & Munch,rappi,98.4,58.75,14.7,1
10/05/2026,9,COL,Medellín,12 LAURELES,Brunch & Munch,rappi,12.97,0.23,5.26,1
10/05/2026,9,COL,Medellín,11 MANILA,Brunch & Munch,rappi,71.68,30.03,0.25,1
10/05/2026,9,COL,Medellín,29 ITAGUI,Brunch & Munch,rappi,114.26,49.88,0.11,1
10/05/2026,9,COL,Medellín,12 LAURELES,Brunch & Munch,rappi,10.19,1.83,1.94,1
10/05/2026,9,COL,Medellín,18 BELLO,Brunch & Munch,rappi,16.73,20.65,53.97,1
10/05/2026,9,COL,Medellín,29 ITAGUI,Brunch & Munch,rappi,109.75,59.5,0.39,1
10/05/2026,9,COL,Medellín,11 MANILA,Brunch & Munch,rappi,75.72,30.2,40.29,1
10/05/2026,9,COL,Medellín,18 BELLO,Brunch & Munch,rappi,5.75,0.42,36.91,1
10/05/2026,9,COL,Medellín,18 BELLO,Brunch & Munch,rappi,6.36,0.78,50.17,1
10/05/2026,9,COL,Medellín,29 ITAGUI,Brunch & Munch,rappi,50.73,45.32,0.16,1
10/05/2026,9,COL,Medellín,11 MANILA,Brunch & Munch,rappi,66.82,60.83,14.25,1
10/05/2026,9,COL,Medellín,12 LAURELES,Brunch & Munch,rappi,18.86,9.22,2.03,1
10/05/2026,9,COL,Medellín,12 LAURELES,Brunch & Munch,rappi,20.35,9.17,10.91,1
10/05/2026,9,COL,Medellín,14 ENVIGADO,Brunch & Munch,rappi,62.55,13.42,0.53,1
10/05/2026,9,COL,Medellín,14 ENVIGADO,Brunch & Munch,rappi,46.83,1.4,1.43,1
10/05/2026,9,COL,Medellín,14 ENVIGADO,Brunch & Munch,rappi,110.98,0.73,0.1,1
10/05/2026,9,COL,Medellín,11 MANILA,Brunch & Munch,rappi,69.16,1.32,0.74,1
10/05/2026,9,COL,Medellín,12 LAURELES,Brunch & Munch,rappi,19.85,14.87,1.05,1
10/05/2026,9,COL,Medellín,14 ENVIGADO,Brunch & Munch,rappi,105.09,30.92,23.25,1
10/05/2026,9,COL,Medellín,12 LAURELES,Brunch & Munch,rappi,9.98,5.05,0.3,1
10/05/2026,9,COL,Medellín,14 ENVIGADO,Brunch & Munch,rappi,60,53.5,1.15,1
10/05/2026,9,COL,Medellín,29 ITAGUI,Brunch & Munch,rappi,,15.12,,1
10/05/2026,9,COL,Medellín,14 ENVIGADO,Brunch & Munch,rappi,94.94,58.77,5,1
10/05/2026,9,COL,Medellín,14 ENVIGADO,Brunch & Munch,rappi,69.75,62.87,1.82,1
10/05/2026,9,COL,Medellín,18 BELLO,Brunch & Munch,rappi,5.06,1.15,24.75,1
10/05/2026,9,COL,Medellín,12 LAURELES,Brunch & Munch,rappi,19.15,7.28,1.18,1
10/05/2026,9,COL,Medellín,14 ENVIGADO,Brunch & Munch,rappi,71.03,76.05,53.24,1
10/05/2026,9,COL,Medellín,12 LAURELES,Brunch & Munch,rappi,15.94,7.3,4.23,1
10/05/2026,9,COL,Medellín,14 ENVIGADO,Brunch & Munch,rappi,,0,,1
10/05/2026,9,COL,Medellín,12 LAURELES,Brunch & Munch,rappi,23.92,3.72,13.86,1
10/05/2026,9,COL,Medellín,12 LAURELES,Brunch & Munch,rappi,15.81,2.02,2.83,1
10/05/2026,9,COL,Medellín,12 LAURELES,Brunch & Munch,rappi,16.99,2.05,8.31,1
10/05/2026,9,COL,Medellín,18 BELLO,Brunch & Munch,rappi,21.03,0.32,33.67,1
10/05/2026,9,COL,Medellín,14 ENVIGADO,Brunch & Munch,rappi,95.41,8.23,0.74,1
10/05/2026,9,COL,Medellín,18 BELLO,Brunch & Munch,rappi,30.22,26.15,28.01,1
10/05/2026,9,COL,Medellín,12 LAURELES,Brunch & Munch,rappi,34.35,0.63,13.52,1
10/05/2026,9,COL,Medellín,12 LAURELES,Brunch & Munch,rappi,21.06,1.85,1.01,1
10/05/2026,9,COL,Medellín,11 MANILA,Brunch & Munch,rappi,68.33,60.82,1.03,1
10/05/2026,9,COL,Medellín,12 LAURELES,Brunch & Munch,rappi,13.12,7.28,3.22,1
10/05/2026,9,COL,Medellín,18 BELLO,Brunch & Munch,rappi,39.91,0.53,10.01,1
10/05/2026,9,COL,Medellín,12 LAURELES,Brunch & Munch,rappi,20.17,9.22,0.98,1
10/05/2026,9,COL,Medellín,11 MANILA,Brunch & Munch,rappi,67.78,0,,1
10/05/2026,9,COL,Medellín,14 ENVIGADO,Brunch & Munch,rappi,117.54,30.93,0.51,1
10/05/2026,9,COL,Medellín,12 LAURELES,Brunch & Munch,rappi,23.96,10.85,0.92,1
10/05/2026,9,COL,Medellín,12 LAURELES,Brunch & Munch,rappi,19.95,12.58,1.69,1
10/05/2026,9,COL,Medellín,14 ENVIGADO,Brunch & Munch,rappi,66.93,58.77,23.72,1
10/05/2026,9,COL,Medellín,12 LAURELES,Brunch & Munch,rappi,23.91,0.77,17.17,1
10/05/2026,9,COL,Medellín,12 LAURELES,Brunch & Munch,rappi,33.02,0.82,7.91,1
10/05/2026,9,COL,Medellín,12 LAURELES,Brunch & Munch,rappi,21.18,10.85,1.86,1
10/05/2026,9,COL,Medellín,12 LAURELES,Brunch & Munch,rappi,16.08,12.88,20.46,1
10/05/2026,9,COL,Medellín,18 BELLO,Brunch & Munch,rappi,42.11,26.15,6.96,1
10/05/2026,9,COL,Medellín,29 ITAGUI,Brunch & Munch,rappi,70.09,51.23,0.74,1
10/05/2026,9,COL,Medellín,11 MANILA,Brunch & Munch,rappi,60.76,30.1,2.17,1
10/05/2026,9,COL,Medellín,12 LAURELES,Brunch & Munch,rappi,12.71,2.18,0.39,1
10/05/2026,9,COL,Medellín,11 MANILA,Brunch & Munch,rappi,79.82,0.9,30.19,1
10/05/2026,9,COL,Medellín,14 ENVIGADO,Brunch & Munch,rappi,27.54,3.9,65.74,1
10/05/2026,9,COL,Medellín,18 BELLO,Brunch & Munch,rappi,55.08,0.78,27.92,1
10/05/2026,9,COL,Medellín,14 ENVIGADO,Brunch & Munch,rappi,,0,,1
10/05/2026,9,COL,Medellín,18 BELLO,Brunch & Munch,rappi,39.33,20.67,0.52,1
10/05/2026,9,COL,Medellín,12 LAURELES,Brunch & Munch,rappi,25.31,11.17,11.95,1
10/05/2026,9,COL,Medellín,12 LAURELES,Brunch & Munch,rappi,14.04,1.8,16.66,1
10/05/2026,9,COL,Medellín,11 MANILA,Brunch & Munch,rappi,73.06,36.63,5.79,1
10/05/2026,9,COL,Medellín,12 LAURELES,Brunch & Munch,rappi,28.13,12.9,1.25,1
10/05/2026,9,COL,Medellín,12 LAURELES,Brunch & Munch,rappi,32.58,29.97,2.39,1
10/05/2026,9,COL,Medellín,12 LAURELES,Brunch & Munch,rappi,18.17,15.3,15.94,1
10/05/2026,9,COL,Medellín,14 ENVIGADO,Brunch & Munch,rappi,,0,,1
10/05/2026,9,COL,Medellín,11 MANILA,Brunch & Munch,rappi,66.08,0,,1
10/05/2026,9,COL,Medellín,14 ENVIGADO,Brunch & Munch,rappi,104.64,0,,1
10/05/2026,9,COL,Medellín,12 LAURELES,Brunch & Munch,rappi,30.23,15.3,1.58,1
10/05/2026,9,COL,Medellín,11 MANILA,Brunch & Munch,rappi,27.59,6.37,10.48,1
10/05/2026,9,COL,Medellín,14 ENVIGADO,Brunch & Munch,rappi,84.67,29.63,22.15,1
10/05/2026,9,COL,Medellín,29 ITAGUI,Brunch & Munch,rappi,120.88,104.03,1.13,1
10/05/2026,9,COL,Medellín,18 BELLO,Brunch & Munch,rappi,36.83,26.17,0.09,1
10/05/2026,9,COL,Medellín,11 MANILA,Brunch & Munch,rappi,63.52,54.52,0.7,1
10/05/2026,9,COL,Medellín,11 MANILA,Brunch & Munch,rappi,80.71,0.08,1,1
10/05/2026,10,COL,Medellín,11 MANILA,Brunch & Munch,rappi,76.46,30.18,0.82,1
10/05/2026,10,COL,Medellín,18 BELLO,Brunch & Munch,rappi,36.08,27.28,43.98,1
10/05/2026,10,COL,Medellín,29 ITAGUI,Brunch & Munch,rappi,98.47,19.32,1.02,1
10/05/2026,10,COL,Medellín,29 ITAGUI,Brunch & Munch,rappi,67.84,36.23,1.04,1
10/05/2026,10,COL,Medellín,11 MANILA,Brunch & Munch,rappi,77.89,71.22,0.2,1
10/05/2026,10,COL,Medellín,11 MANILA,Brunch & Munch,rappi,77,0.6,9.62,1
10/05/2026,10,COL,Medellín,12 LAURELES,Brunch & Munch,rappi,18.09,11.27,0.11,1
10/05/2026,10,COL,Medellín,12 LAURELES,Brunch & Munch,rappi,28.99,20.05,1.7,1
10/05/2026,10,COL,Medellín,12 LAURELES,Brunch & Munch,rappi,24.63,0.93,4.37,1
10/05/2026,10,COL,Medellín,12 LAURELES,Brunch & Munch,rappi,21.27,0.92,6.15,1
10/05/2026,10,COL,Medellín,12 LAURELES,Brunch & Munch,rappi,18.52,2.25,1.21,1
10/05/2026,10,COL,Medellín,29 ITAGUI,Brunch & Munch,rappi,126.16,1.33,19.09,1
10/05/2026,10,COL,Medellín,29 ITAGUI,Brunch & Munch,rappi,,0,,1
10/05/2026,10,COL,Medellín,11 MANILA,Brunch & Munch,rappi,,0,,1
10/05/2026,10,COL,Medellín,12 LAURELES,Brunch & Munch,rappi,14.28,3.7,0.88,1
10/05/2026,10,COL,Medellín,18 BELLO,Brunch & Munch,rappi,27.72,3.43,4.05,1
10/05/2026,10,COL,Medellín,12 LAURELES,Brunch & Munch,rappi,8.66,0.6,3.41,1
10/05/2026,10,COL,Medellín,29 ITAGUI,Brunch & Munch,rappi,,0,,1
10/05/2026,10,COL,Medellín,12 LAURELES,Brunch & Munch,rappi,11.87,0.13,0.4,1
10/05/2026,10,COL,Medellín,12 LAURELES,Brunch & Munch,rappi,15.26,5.58,4.9,1
10/05/2026,10,COL,Medellín,29 ITAGUI,Brunch & Munch,rappi,87.06,19.3,0.65,1
10/05/2026,10,COL,Medellín,29 ITAGUI,Brunch & Munch,rappi,40.03,4.82,0,1
10/05/2026,10,COL,Medellín,12 LAURELES,Brunch & Munch,rappi,16.11,5.57,0.05,1
10/05/2026,10,COL,Medellín,18 BELLO,Brunch & Munch,rappi,38.55,27.28,0.66,1
10/05/2026,10,COL,Medellín,18 BELLO,Brunch & Munch,rappi,38.01,0.5,3.19,1
10/05/2026,10,COL,Medellín,14 ENVIGADO,Brunch & Munch,rappi,47.77,20.92,0.36,1
10/05/2026,10,COL,Medellín,18 BELLO,Brunch & Munch,rappi,20.94,11.17,0.1,1
10/05/2026,10,COL,Medellín,12 LAURELES,Brunch & Munch,rappi,2.6,0.77,10.11,1
10/05/2026,10,COL,Medellín,12 LAURELES,Brunch & Munch,rappi,7.98,0.28,41.22,1
10/05/2026,11,COL,Medellín,12 LAURELES,Brunch & Munch,rappi,6.8,0.3,15.93,1
10/05/2026,11,COL,Medellín,12 LAURELES,Brunch & Munch,rappi,6.14,0.33,8.23,1
10/05/2026,11,COL,Medellín,29 ITAGUI,Brunch & Munch,rappi,33.86,2.7,6.08,1
10/05/2026,11,COL,Medellín,29 ITAGUI,Brunch & Munch,rappi,59.89,34.53,0.29,1
10/05/2026,11,COL,Medellín,12 LAURELES,Brunch & Munch,rappi,8.6,0.33,85.13,1
10/05/2026,11,COL,Medellín,11 MANILA,Brunch & Munch,rappi,10.14,0.2,39,1
10/05/2026,11,COL,Medellín,12 LAURELES,Brunch & Munch,rappi,8.9,0.7,44.11,1
10/05/2026,11,COL,Medellín,29 ITAGUI,Brunch & Munch,rappi,34.24,34.57,7.09,1
10/05/2026,12,COL,Medellín,18 BELLO,Brunch & Munch,rappi,30.72,0.15,77.06,1
10/05/2026,12,COL,Medellín,14 ENVIGADO,Brunch & Munch,rappi,34.47,0,,1
10/05/2026,12,COL,Medellín,11 MANILA,Brunch & Munch,rappi,11.19,1.57,9.86,1
10/05/2026,12,COL,Medellín,11 MANILA,Brunch & Munch,rappi,8.38,0.67,6.49,1
10/05/2026,12,COL,Medellín,14 ENVIGADO,Brunch & Munch,rappi,20.97,4.58,0.95,1
10/05/2026,12,COL,Medellín,11 MANILA,Brunch & Munch,rappi,4.93,0.57,41.87,1
10/05/2026,12,COL,Medellín,18 BELLO,Brunch & Munch,rappi,21.92,3.65,0.12,1
10/05/2026,13,COL,Medellín,11 MANILA,Brunch & Munch,rappi,10.32,0.57,7.78,1
10/05/2026,13,COL,Medellín,14 ENVIGADO,Brunch & Munch,rappi,30.83,24.18,1.16,1
10/05/2026,14,COL,Medellín,18 BELLO,Brunch & Munch,rappi,14.82,8.78,1.08,1
10/05/2026,15,COL,Medellín,18 BELLO,Brunch & Munch,rappi,7.27,0.4,12.12,1
10/05/2026,17,COL,Medellín,11 MANILA,Brunch & Munch,rappi,4.98,0.62,20.53,1
10/05/2026,17,COL,Medellín,11 MANILA,Brunch & Munch,rappi,7.65,0.32,2.38,1
10/05/2026,18,COL,Medellín,14 ENVIGADO,Brunch & Munch,rappi,6.53,0.15,12.5,1
10/05/2026,19,COL,Medellín,12 LAURELES,Brunch & Munch,rappi,6.88,0.72,22.77,1
10/05/2026,20,COL,Medellín,12 LAURELES,Brunch & Munch,rappi,,0.37,10.17,1
10/05/2026,20,COL,Medellín,18 BELLO,Brunch & Munch,rappi,,0.2,11.68,1
10/05/2026,21,COL,Medellín,11 MANILA,Brunch & Munch,rappi,18.9,1.65,0.99,1
10/05/2026,21,COL,Medellín,29 ITAGUI,Brunch & Munch,rappi,5.03,0.6,18.62,1
10/05/2026,23,COL,Medellín,11 MANILA,Brunch & Munch,rappi,5.58,0.23,11.02,1
10/05/2026,6,COL,Medellín,12 LAURELES,BRUNCH & MUNCH TURBO,rappi,3.87,1.13,26.87,1
10/05/2026,6,COL,Medellín,12 LAURELES,BRUNCH & MUNCH TURBO,rappi,4.94,1.5,20.85,1
10/05/2026,6,COL,Medellín,12 LAURELES,BRUNCH & MUNCH TURBO,rappi,5.05,0.37,23.52,1
10/05/2026,7,COL,Medellín,11 MANILA,BRUNCH & MUNCH TURBO,rappi,17.67,0.62,12.29,1
10/05/2026,7,COL,Medellín,11 MANILA,BRUNCH & MUNCH TURBO,rappi,22.86,22.9,36.3,1
10/05/2026,7,COL,Medellín,11 MANILA,BRUNCH & MUNCH TURBO,rappi,22.11,1.8,0.85,1
10/05/2026,7,COL,Medellín,12 LAURELES,BRUNCH & MUNCH TURBO,rappi,6.71,2.8,1.16,1
10/05/2026,7,COL,Medellín,11 MANILA,BRUNCH & MUNCH TURBO,rappi,29.93,7.72,0.99,1
10/05/2026,7,COL,Medellín,11 MANILA,BRUNCH & MUNCH TURBO,rappi,30.91,0,,1
10/05/2026,7,COL,Medellín,12 LAURELES,BRUNCH & MUNCH TURBO,rappi,1.88,0,2.74,1
10/05/2026,7,COL,Medellín,11 MANILA,BRUNCH & MUNCH TURBO,rappi,30.09,30.28,21.85,1
10/05/2026,8,COL,Medellín,12 LAURELES,BRUNCH & MUNCH TURBO,rappi,12.84,7.78,0.5,1
10/05/2026,8,COL,Medellín,11 MANILA,BRUNCH & MUNCH TURBO,rappi,31.63,12.87,1,1
10/05/2026,8,COL,Medellín,11 MANILA,BRUNCH & MUNCH TURBO,rappi,30.97,15.17,6.78,1
10/05/2026,8,COL,Medellín,11 MANILA,BRUNCH & MUNCH TURBO,rappi,26.82,5.58,17.37,1
10/05/2026,8,COL,Medellín,11 MANILA,BRUNCH & MUNCH TURBO,rappi,23.94,0,,1
10/05/2026,9,COL,Medellín,12 LAURELES,BRUNCH & MUNCH TURBO,rappi,8.99,5.67,1.77,1
10/05/2026,9,COL,Medellín,12 LAURELES,BRUNCH & MUNCH TURBO,rappi,8.06,4.58,1.67,1
10/05/2026,9,COL,Medellín,11 MANILA,BRUNCH & MUNCH TURBO,rappi,,0,,1
10/05/2026,9,COL,Medellín,11 MANILA,BRUNCH & MUNCH TURBO,rappi,,0,,1
10/05/2026,9,COL,Medellín,12 LAURELES,BRUNCH & MUNCH TURBO,rappi,8.19,0.53,1.35,1
10/05/2026,9,COL,Medellín,12 LAURELES,BRUNCH & MUNCH TURBO,rappi,7.88,4.47,1.79,1
10/05/2026,9,COL,Medellín,11 MANILA,BRUNCH & MUNCH TURBO,rappi,,0,,1
10/05/2026,9,COL,Medellín,11 MANILA,BRUNCH & MUNCH TURBO,rappi,66.02,59.97,1.88,1
10/05/2026,9,COL,Medellín,12 LAURELES,BRUNCH & MUNCH TURBO,rappi,11.64,7.68,1.17,1
10/05/2026,10,COL,Medellín,12 LAURELES,BRUNCH & MUNCH TURBO,rappi,8.73,6.17,2.96,1
10/05/2026,10,COL,Medellín,12 LAURELES,BRUNCH & MUNCH TURBO,rappi,2.69,0,1.32,1
10/05/2026,10,COL,Medellín,12 LAURELES,BRUNCH & MUNCH TURBO,rappi,4.89,1.8,1.97,1
10/05/2026,11,COL,Medellín,12 LAURELES,BRUNCH & MUNCH TURBO,rappi,3.94,0,0.42,1
10/05/2026,15,COL,Medellín,12 LAURELES,BRUNCH & MUNCH TURBO,rappi,5.18,0.37,2.84,1
10/05/2026,17,COL,Medellín,11 MANILA,BRUNCH & MUNCH TURBO,rappi,4.02,0.32,18.99,1
10/05/2026,21,COL,Medellín,11 MANILA,Burguer Lane,rappi,,0.25,11.2,1
10/05/2026,13,COL,Medellín,29 ITAGUI,Burrito Cantina,rappi,44.03,17.55,0.84,1
10/05/2026,14,COL,Medellín,14 ENVIGADO,Burrito Cantina,rappi,4.16,0.33,22.55,1
10/05/2026,22,COL,Medellín,14 ENVIGADO,Burrito Cantina,rappi,7.75,1.25,34.14,1
10/05/2026,20,COL,Medellín,11 MANILA,Burrito Cantina Turbo,rappi,7.2,2.92,0.74,1
10/05/2026,7,COL,Medellín,11 MANILA,Burritos & Co,rappi,12.95,3.73,0.15,1
10/05/2026,7,COL,Medellín,14 ENVIGADO,Burritos & Co,rappi,34.52,29.48,0.61,1
10/05/2026,9,COL,Medellín,11 MANILA,Burritos & Co,rappi,81.18,1.22,36.15,1
10/05/2026,9,COL,Medellín,29 ITAGUI,Burritos & Co,rappi,115.06,0.17,31.88,1
10/05/2026,9,COL,Medellín,12 LAURELES,Burritos & Co,rappi,24.98,11.55,0.38,1
10/05/2026,9,COL,Medellín,12 LAURELES,Burritos & Co,rappi,7.85,5.05,2.17,1
10/05/2026,10,COL,Medellín,29 ITAGUI,Burritos & Co,rappi,,0,,1
10/05/2026,11,COL,Medellín,18 BELLO,Burritos & Co,rappi,26.47,1.45,17.73,1
10/05/2026,12,COL,Medellín,12 LAURELES,Burritos & Co,rappi,13.5,0.82,9.43,1
10/05/2026,12,COL,Medellín,14 ENVIGADO,Burritos & Co,rappi,16.99,0.62,0.35,1
10/05/2026,12,COL,Medellín,29 ITAGUI,Burritos & Co,rappi,60.19,38.1,0.09,1
10/05/2026,13,COL,Medellín,18 BELLO,Burritos & Co,rappi,24.04,0,46.73,1
10/05/2026,13,COL,Medellín,14 ENVIGADO,Burritos & Co,rappi,9.07,0.35,1.33,1
10/05/2026,13,COL,Medellín,29 ITAGUI,Burritos & Co,rappi,59.24,20.75,0.76,1
10/05/2026,13,COL,Medellín,11 MANILA,Burritos & Co,rappi,7.66,0.45,20.3,1
10/05/2026,13,COL,Medellín,12 LAURELES,Burritos & Co,rappi,4.33,0.2,18.87,1
10/05/2026,14,COL,Medellín,29 ITAGUI,Burritos & Co,rappi,17.64,11.08,0.1,1
10/05/2026,14,COL,Medellín,12 LAURELES,Burritos & Co,rappi,13.95,0.42,0.88,1
10/05/2026,14,COL,Medellín,18 BELLO,Burritos & Co,rappi,18.86,0.45,37.18,1
10/05/2026,15,COL,Medellín,14 ENVIGADO,Burritos & Co,rappi,7.49,0.43,39.75,1
10/05/2026,15,COL,Medellín,12 LAURELES,Burritos & Co,rappi,3.55,0,0.72,1
10/05/2026,15,COL,Medellín,29 ITAGUI,Burritos & Co,rappi,12.96,1.3,0.86,1
10/05/2026,15,COL,Medellín,18 BELLO,Burritos & Co,rappi,11.77,0.25,81.21,1
10/05/2026,15,COL,Medellín,12 LAURELES,Burritos & Co,rappi,8.03,0.48,8.73,1
10/05/2026,15,COL,Medellín,11 MANILA,Burritos & Co,rappi,7.83,0.12,18.01,1
10/05/2026,16,COL,Medellín,11 MANILA,Burritos & Co,rappi,5.97,0.18,19.32,1
10/05/2026,16,COL,Medellín,14 ENVIGADO,Burritos & Co,rappi,8.32,0.5,40.7,1
10/05/2026,16,COL,Medellín,11 MANILA,Burritos & Co,rappi,7.51,0.65,2,1
10/05/2026,16,COL,Medellín,11 MANILA,Burritos & Co,rappi,18.48,0.48,24.55,1
10/05/2026,18,COL,Medellín,12 LAURELES,Burritos & Co,rappi,4.18,0.37,6.03,1
10/05/2026,18,COL,Medellín,12 LAURELES,Burritos & Co,rappi,6.93,0.47,26.3,1
10/05/2026,18,COL,Medellín,12 LAURELES,Burritos & Co,rappi,7.87,0,32.16,1
10/05/2026,19,COL,Medellín,11 MANILA,Burritos & Co,rappi,5.07,0.18,10.98,1
10/05/2026,19,COL,Medellín,12 LAURELES,Burritos & Co,rappi,6.61,0.43,4.02,1
10/05/2026,19,COL,Medellín,18 BELLO,Burritos & Co,rappi,24.87,0.18,16.02,1
10/05/2026,19,COL,Medellín,29 ITAGUI,Burritos & Co,rappi,11.38,0.37,9.66,1
10/05/2026,20,COL,Medellín,12 LAURELES,Burritos & Co,rappi,6.83,0.2,8.3,1
10/05/2026,20,COL,Medellín,18 BELLO,Burritos & Co,rappi,14.23,0.23,10.77,1
10/05/2026,21,COL,Medellín,11 MANILA,Burritos & Co,rappi,9,0.22,6.8,1
10/05/2026,21,COL,Medellín,11 MANILA,Burritos & Co,rappi,8.84,0.1,18.32,1
10/05/2026,21,COL,Medellín,11 MANILA,Burritos & Co,rappi,9.56,2.15,0.36,1
10/05/2026,21,COL,Medellín,12 LAURELES,Burritos & Co,rappi,5.53,0.23,3.46,1
10/05/2026,22,COL,Medellín,12 LAURELES,Burritos & Co,rappi,6.82,0.32,52.21,1
10/05/2026,22,COL,Medellín,12 LAURELES,Burritos & Co,rappi,6.56,0.33,21.24,1
10/05/2026,22,COL,Medellín,11 MANILA,Burritos & Co,rappi,3.86,0.2,8.13,1
10/05/2026,23,COL,Medellín,12 LAURELES,Burritos & Co,rappi,5.2,0.4,1.2,1
10/05/2026,23,COL,Medellín,12 LAURELES,Burritos & Co,rappi,7.27,0.2,3.95,1
10/05/2026,23,COL,Medellín,12 LAURELES,Burritos & Co,rappi,6.15,2.02,21.82,1
10/05/2026,11,COL,Medellín,12 LAURELES,Burritos & Co Turbo,rappi,7.41,3.55,1.06,1
10/05/2026,11,COL,Medellín,11 MANILA,Burritos & Co Turbo,rappi,7.04,0.48,5.33,1
10/05/2026,11,COL,Medellín,12 LAURELES,Burritos & Co Turbo,rappi,4.03,0.07,0.99,1
10/05/2026,11,COL,Medellín,12 LAURELES,Burritos & Co Turbo,rappi,7.03,2.58,0.3,1
10/05/2026,12,COL,Medellín,12 LAURELES,Burritos & Co Turbo,rappi,7.18,3.2,0.94,1
10/05/2026,12,COL,Medellín,12 LAURELES,Burritos & Co Turbo,rappi,5.81,1.18,0.28,1
10/05/2026,12,COL,Medellín,12 LAURELES,Burritos & Co Turbo,rappi,5.34,1.32,0.84,1
10/05/2026,12,COL,Medellín,12 LAURELES,Burritos & Co Turbo,rappi,5.69,1.08,0.34,1
10/05/2026,12,COL,Medellín,11 MANILA,Burritos & Co Turbo,rappi,5.88,0.37,7.78,1
10/05/2026,13,COL,Medellín,12 LAURELES,Burritos & Co Turbo,rappi,5.08,0.47,1.78,1
10/05/2026,13,COL,Medellín,12 LAURELES,Burritos & Co Turbo,rappi,4.33,0.52,0.97,1
10/05/2026,13,COL,Medellín,12 LAURELES,Burritos & Co Turbo,rappi,6.93,3,1.05,1
10/05/2026,13,COL,Medellín,11 MANILA,Burritos & Co Turbo,rappi,9.12,0.23,19.79,1
10/05/2026,13,COL,Medellín,12 LAURELES,Burritos & Co Turbo,rappi,7.77,1.7,0.71,1
10/05/2026,13,COL,Medellín,12 LAURELES,Burritos & Co Turbo,rappi,3.77,0,0.92,1
10/05/2026,14,COL,Medellín,11 MANILA,Burritos & Co Turbo,rappi,4.39,0.7,23.91,1
10/05/2026,15,COL,Medellín,12 LAURELES,Burritos & Co Turbo,rappi,3.23,0.92,3.45,1
10/05/2026,15,COL,Medellín,11 MANILA,Burritos & Co Turbo,rappi,6.01,0.48,6.2,1
10/05/2026,16,COL,Medellín,12 LAURELES,Burritos & Co Turbo,rappi,,0,,1
10/05/2026,16,COL,Medellín,12 LAURELES,Burritos & Co Turbo,rappi,5.03,0.52,7.71,1
10/05/2026,16,COL,Medellín,11 MANILA,Burritos & Co Turbo,rappi,5.82,0.17,1.97,1
10/05/2026,16,COL,Medellín,12 LAURELES,Burritos & Co Turbo,rappi,2.98,0.35,2.2,1
10/05/2026,17,COL,Medellín,11 MANILA,Burritos & Co Turbo,rappi,3.85,0.25,10.99,1
10/05/2026,18,COL,Medellín,11 MANILA,Burritos & Co Turbo,rappi,3.87,0,0.33,1
10/05/2026,18,COL,Medellín,12 LAURELES,Burritos & Co Turbo,rappi,5.3,0.85,0.61,1
10/05/2026,18,COL,Medellín,12 LAURELES,Burritos & Co Turbo,rappi,5.75,1.45,0.5,1
10/05/2026,19,COL,Medellín,12 LAURELES,Burritos & Co Turbo,rappi,3.72,0,1.18,1
10/05/2026,19,COL,Medellín,12 LAURELES,Burritos & Co Turbo,rappi,2.59,0,2.02,1
10/05/2026,19,COL,Medellín,12 LAURELES,Burritos & Co Turbo,rappi,9.13,3.12,0.42,1
10/05/2026,19,COL,Medellín,12 LAURELES,Burritos & Co Turbo,rappi,3.2,0.53,5.02,1
10/05/2026,20,COL,Medellín,12 LAURELES,Burritos & Co Turbo,rappi,4.76,0.62,8.2,1
10/05/2026,20,COL,Medellín,12 LAURELES,Burritos & Co Turbo,rappi,5.56,0.85,0.35,1
10/05/2026,20,COL,Medellín,12 LAURELES,Burritos & Co Turbo,rappi,6.32,1.85,0.18,1
10/05/2026,20,COL,Medellín,12 LAURELES,Burritos & Co Turbo,rappi,5.02,0.97,0.95,1
10/05/2026,20,COL,Medellín,12 LAURELES,Burritos & Co Turbo,rappi,2.19,0.17,4.06,1
10/05/2026,21,COL,Medellín,11 MANILA,Burritos & Co Turbo,rappi,3.09,0,0.79,1
10/05/2026,21,COL,Medellín,12 LAURELES,Burritos & Co Turbo,rappi,4.73,0.27,0.42,1
10/05/2026,21,COL,Medellín,12 LAURELES,Burritos & Co Turbo,rappi,3.88,0.68,2.08,1
10/05/2026,21,COL,Medellín,12 LAURELES,Burritos & Co Turbo,rappi,3.75,0.35,1.85,1
10/05/2026,21,COL,Medellín,11 MANILA,Burritos & Co Turbo,rappi,5.72,0.17,0.15,1
10/05/2026,21,COL,Medellín,12 LAURELES,Burritos & Co Turbo,rappi,3.81,0.52,5.19,1
10/05/2026,21,COL,Medellín,11 MANILA,Burritos & Co Turbo,rappi,5.03,0.22,39.91,1
10/05/2026,21,COL,Medellín,11 MANILA,Burritos & Co Turbo,rappi,5.35,0,,1
10/05/2026,11,COL,Medellín,29 ITAGUI,Casa arabe,rappi,,0,,1
10/05/2026,6,COL,Medellín,29 ITAGUI,Cinnabon,rappi,6.72,0.3,4.31,1
10/05/2026,7,COL,Medellín,14 ENVIGADO,Cinnabon,rappi,26.83,22.45,1.07,1
10/05/2026,7,COL,Medellín,14 ENVIGADO,Cinnabon,rappi,30.27,0.13,94.11,1
10/05/2026,7,COL,Medellín,12 LAURELES,Cinnabon,rappi,13.31,10.72,2.8,1
10/05/2026,7,COL,Medellín,12 LAURELES,Cinnabon,rappi,11.68,5.6,1.16,1
10/05/2026,7,COL,Medellín,11 MANILA,Cinnabon,rappi,27.03,5.85,0.55,1
10/05/2026,8,COL,Medellín,11 MANILA,Cinnabon,rappi,30.97,30.57,6.49,1
10/05/2026,8,COL,Medellín,29 ITAGUI,Cinnabon,rappi,24.82,17.18,0.13,1
10/05/2026,8,COL,Medellín,11 MANILA,Cinnabon,rappi,23.73,10.33,0.38,1
10/05/2026,9,COL,Medellín,12 LAURELES,Cinnabon,rappi,17,7.45,1.09,1
10/05/2026,9,COL,Medellín,14 ENVIGADO,Cinnabon,rappi,106.01,7.4,0.33,1
10/05/2026,9,COL,Medellín,11 MANILA,Cinnabon,rappi,,0,,1
10/05/2026,9,COL,Medellín,11 MANILA,Cinnabon,rappi,48.88,41.85,0.29,1
10/05/2026,9,COL,Medellín,11 MANILA,Cinnabon,rappi,46.03,27.28,0.89,1
10/05/2026,10,COL,Medellín,12 LAURELES,Cinnabon,rappi,11.08,0.15,1.75,1
10/05/2026,10,COL,Medellín,29 ITAGUI,Cinnabon,rappi,107.63,17,0.22,1
10/05/2026,10,COL,Medellín,29 ITAGUI,Cinnabon,rappi,110.02,0,,1
10/05/2026,10,COL,Medellín,12 LAURELES,Cinnabon,rappi,7.93,4.38,37.37,1
10/05/2026,11,COL,Medellín,18 BELLO,Cinnabon,rappi,12.96,1.07,40.01,1
10/05/2026,11,COL,Medellín,12 LAURELES,Cinnabon,rappi,24.29,15.52,0.64,1
10/05/2026,11,COL,Medellín,29 ITAGUI,Cinnabon,rappi,70.85,15.83,1.12,1
10/05/2026,11,COL,Medellín,12 LAURELES,Cinnabon,rappi,14.25,0.87,12.75,1
10/05/2026,11,COL,Medellín,29 ITAGUI,Cinnabon,rappi,57.75,55.82,8.11,1
10/05/2026,11,COL,Medellín,12 LAURELES,Cinnabon,rappi,5.18,0.72,14.87,1
10/05/2026,12,COL,Medellín,18 BELLO,Cinnabon,rappi,8.78,0.25,136.86,1
10/05/2026,12,COL,Medellín,12 LAURELES,Cinnabon,rappi,10.54,0.45,48.01,1
10/05/2026,12,COL,Medellín,29 ITAGUI,Cinnabon,rappi,35.55,27.27,5.31,1
10/05/2026,12,COL,Medellín,12 LAURELES,Cinnabon,rappi,11.53,0.35,4.12,1
10/05/2026,12,COL,Medellín,14 ENVIGADO,Cinnabon,rappi,19.02,0.2,1.16,1
10/05/2026,13,COL,Medellín,18 BELLO,Cinnabon,rappi,5.26,0.27,42.63,1
10/05/2026,13,COL,Medellín,12 LAURELES,Cinnabon,rappi,2.86,0,1.91,1
10/05/2026,13,COL,Medellín,12 LAURELES,Cinnabon,rappi,5.35,0.32,6.82,1
10/05/2026,13,COL,Medellín,11 MANILA,Cinnabon,rappi,7.69,3.05,15.36,1
10/05/2026,14,COL,Medellín,29 ITAGUI,Cinnabon,rappi,17.78,10.03,0.89,1
10/05/2026,14,COL,Medellín,14 ENVIGADO,Cinnabon,rappi,15.24,1.18,70.6,1
10/05/2026,14,COL,Medellín,18 BELLO,Cinnabon,rappi,10.89,0.38,18.98,1
10/05/2026,14,COL,Medellín,12 LAURELES,Cinnabon,rappi,8.06,0.3,6.2,1
10/05/2026,14,COL,Medellín,18 BELLO,Cinnabon,rappi,17.88,0.22,86.2,1
10/05/2026,15,COL,Medellín,29 ITAGUI,Cinnabon,rappi,13.38,2.08,0.16,1
10/05/2026,15,COL,Medellín,12 LAURELES,Cinnabon,rappi,5.86,0.53,32.72,1
10/05/2026,15,COL,Medellín,12 LAURELES,Cinnabon,rappi,2.44,0.33,8,1
10/05/2026,15,COL,Medellín,12 LAURELES,Cinnabon,rappi,2.01,0.33,37.37,1
10/05/2026,16,COL,Medellín,12 LAURELES,Cinnabon,rappi,3.97,0.57,19.73,1
10/05/2026,16,COL,Medellín,14 ENVIGADO,Cinnabon,rappi,6.8,1.28,3.05,1
10/05/2026,16,COL,Medellín,11 MANILA,Cinnabon,rappi,2.05,0.4,81.51,1
10/05/2026,17,COL,Medellín,12 LAURELES,Cinnabon,rappi,6.84,0.45,17.07,1
10/05/2026,17,COL,Medellín,11 MANILA,Cinnabon,rappi,2.88,0.4,18.09,1
10/05/2026,17,COL,Medellín,12 LAURELES,Cinnabon,rappi,8.3,0.22,17.15,1
10/05/2026,17,COL,Medellín,11 MANILA,Cinnabon,rappi,2.32,0.42,16.96,1
10/05/2026,17,COL,Medellín,12 LAURELES,Cinnabon,rappi,3.41,0.22,14.03,1
10/05/2026,18,COL,Medellín,12 LAURELES,Cinnabon,rappi,10.07,0.18,1.13,1
10/05/2026,18,COL,Medellín,14 ENVIGADO,Cinnabon,rappi,13.76,5.1,1.38,1
10/05/2026,18,COL,Medellín,12 LAURELES,Cinnabon,rappi,3.62,0,0.34,1
10/05/2026,18,COL,Medellín,18 BELLO,Cinnabon,rappi,6.27,0.17,9.77,1
10/05/2026,19,COL,Medellín,14 ENVIGADO,Cinnabon,rappi,15.04,0.22,0.67,1
10/05/2026,19,COL,Medellín,12 LAURELES,Cinnabon,rappi,7.74,0.35,3.89,1
10/05/2026,19,COL,Medellín,29 ITAGUI,Cinnabon,rappi,8.1,0.48,6.76,1
10/05/2026,19,COL,Medellín,11 MANILA,Cinnabon,rappi,3.62,0.22,8.97,1
10/05/2026,20,COL,Medellín,12 LAURELES,Cinnabon,rappi,8.94,0.42,22.87,1
10/05/2026,20,COL,Medellín,12 LAURELES,Cinnabon,rappi,4.81,0.3,16,1
10/05/2026,20,COL,Medellín,11 MANILA,Cinnabon,rappi,9.06,0.35,9.73,1
10/05/2026,20,COL,Medellín,18 BELLO,Cinnabon,rappi,14.34,4.08,0.64,1
10/05/2026,20,COL,Medellín,12 LAURELES,Cinnabon,rappi,3.15,0.37,50.92,1
10/05/2026,20,COL,Medellín,18 BELLO,Cinnabon,rappi,12.9,1.95,9.84,1
10/05/2026,21,COL,Medellín,14 ENVIGADO,Cinnabon,rappi,5.99,0,,1
10/05/2026,22,COL,Medellín,14 ENVIGADO,Cinnabon,rappi,4.07,0,,1
10/05/2026,10,COL,Medellín,57 SANTAFE MED,Cinnabon Pase,rappi,,0.15,13.77,1
10/05/2026,11,COL,Medellín,58 VIVA MED,Cinnabon Pase,rappi,,0.4,0.06,1
10/05/2026,13,COL,Medellín,57 SANTAFE MED,Cinnabon Pase,rappi,,0.47,22.02,1
10/05/2026,13,COL,Medellín,57 SANTAFE MED,Cinnabon Pase,rappi,,0.17,2.02,1
10/05/2026,14,COL,Medellín,57 SANTAFE MED,Cinnabon Pase,rappi,,0.35,63.83,1
10/05/2026,14,COL,Medellín,57 SANTAFE MED,Cinnabon Pase,rappi,,6,0.01,1
10/05/2026,15,COL,Medellín,57 SANTAFE MED,Cinnabon Pase,rappi,,0.18,6.45,1
10/05/2026,16,COL,Medellín,57 SANTAFE MED,Cinnabon Pase,rappi,,0.15,5.03,1
10/05/2026,16,COL,Medellín,57 SANTAFE MED,Cinnabon Pase,rappi,,0.17,10.78,1
10/05/2026,17,COL,Medellín,57 SANTAFE MED,Cinnabon Pase,rappi,,0.17,4.34,1
10/05/2026,18,COL,Medellín,58 VIVA MED,Cinnabon Pase,rappi,,0.22,8.37,1
10/05/2026,7,COL,Medellín,11 MANILA,Cinnabon Turbo,rappi,13.91,0.33,28.19,1
10/05/2026,8,COL,Medellín,11 MANILA,Cinnabon Turbo,rappi,13.21,9.37,1,1
10/05/2026,9,COL,Medellín,11 MANILA,Cinnabon Turbo,rappi,31.05,27.07,0.97,1
10/05/2026,10,COL,Medellín,12 LAURELES,Cinnabon Turbo,rappi,11.76,6.62,1.36,1
10/05/2026,10,COL,Medellín,11 MANILA,Cinnabon Turbo,rappi,14.49,4.88,0.42,1
10/05/2026,10,COL,Medellín,12 LAURELES,Cinnabon Turbo,rappi,7.58,3.92,1.36,1
10/05/2026,11,COL,Medellín,12 LAURELES,Cinnabon Turbo,rappi,2.75,0,1.24,1
10/05/2026,11,COL,Medellín,12 LAURELES,Cinnabon Turbo,rappi,7.01,4.05,2.01,1
10/05/2026,12,COL,Medellín,11 MANILA,Cinnabon Turbo,rappi,11.74,0.83,37.4,1
10/05/2026,12,COL,Medellín,11 MANILA,Cinnabon Turbo,rappi,7.39,0,,1
10/05/2026,13,COL,Medellín,11 MANILA,Cinnabon Turbo,rappi,7.59,0.43,1.06,1
10/05/2026,14,COL,Medellín,12 LAURELES,Cinnabon Turbo,rappi,5.57,0.37,7.42,1
10/05/2026,15,COL,Medellín,11 MANILA,Cinnabon Turbo,rappi,3.03,0.13,28.94,1
10/05/2026,15,COL,Medellín,12 LAURELES,Cinnabon Turbo,rappi,7.26,1.62,1.26,1
10/05/2026,15,COL,Medellín,12 LAURELES,Cinnabon Turbo,rappi,4.48,0.72,1.34,1
10/05/2026,16,COL,Medellín,11 MANILA,Cinnabon Turbo,rappi,5.06,0.2,4.91,1
10/05/2026,16,COL,Medellín,12 LAURELES,Cinnabon Turbo,rappi,5.87,1.13,0.2,1
10/05/2026,16,COL,Medellín,11 MANILA,Cinnabon Turbo,rappi,4.57,0.23,5.85,1
10/05/2026,16,COL,Medellín,11 MANILA,Cinnabon Turbo,rappi,2.93,0.62,42.85,1
10/05/2026,16,COL,Medellín,11 MANILA,Cinnabon Turbo,rappi,5.81,0.28,23.21,1
10/05/2026,17,COL,Medellín,12 LAURELES,Cinnabon Turbo,rappi,3.1,0.28,9.12,1
10/05/2026,17,COL,Medellín,12 LAURELES,Cinnabon Turbo,rappi,3.93,0.83,2.01,1
10/05/2026,18,COL,Medellín,12 LAURELES,Cinnabon Turbo,rappi,5,0.1,0.45,1
10/05/2026,21,COL,Medellín,11 MANILA,Cinnabon Turbo,rappi,4.61,0.53,29.92,1
10/05/2026,15,COL,Medellín,29 ITAGUI,Dembow,rappi,14.63,3.28,1.26,1
10/05/2026,20,COL,Medellín,29 ITAGUI,Dembow,rappi,16.89,0.32,3.96,1
10/05/2026,6,COL,Medellín,11 MANILA,Desayunos Colombianos,rappi,14.1,1.57,0.49,1
10/05/2026,6,COL,Medellín,14 ENVIGADO,Desayunos Colombianos,rappi,11.04,3.6,37.4,1
10/05/2026,6,COL,Medellín,18 BELLO,Desayunos Colombianos,rappi,19.02,9.92,0.22,1
10/05/2026,6,COL,Medellín,14 ENVIGADO,Desayunos Colombianos,rappi,15.82,0.65,19.09,1
10/05/2026,6,COL,Medellín,18 BELLO,Desayunos Colombianos,rappi,21.42,0.32,18.62,1
10/05/2026,7,COL,Medellín,11 MANILA,Desayunos Colombianos,rappi,11.22,7.15,0.86,1
10/05/2026,7,COL,Medellín,14 ENVIGADO,Desayunos Colombianos,rappi,16.03,9.68,11.14,1
10/05/2026,7,COL,Medellín,14 ENVIGADO,Desayunos Colombianos,rappi,41.21,25.33,1.48,1
10/05/2026,7,COL,Medellín,18 BELLO,Desayunos Colombianos,rappi,15.25,0.95,14.97,1
10/05/2026,7,COL,Medellín,14 ENVIGADO,Desayunos Colombianos,rappi,67.24,0,,1
10/05/2026,7,COL,Medellín,18 BELLO,Desayunos Colombianos,rappi,33.99,0.22,51.24,1
10/05/2026,8,COL,Medellín,14 ENVIGADO,Desayunos Colombianos,rappi,94.34,10.28,0.2,1
10/05/2026,8,COL,Medellín,18 BELLO,Desayunos Colombianos,rappi,19.89,5.33,36.08,1
10/05/2026,8,COL,Medellín,14 ENVIGADO,Desayunos Colombianos,rappi,88.2,22.63,7.83,1
10/05/2026,8,COL,Medellín,11 MANILA,Desayunos Colombianos,rappi,57.33,0.22,21.52,1
10/05/2026,9,COL,Medellín,14 ENVIGADO,Desayunos Colombianos,rappi,66.16,1.6,0.75,1
10/05/2026,9,COL,Medellín,29 ITAGUI,Desayunos Colombianos,rappi,79.41,70.93,0.71,1
10/05/2026,9,COL,Medellín,18 BELLO,Desayunos Colombianos,rappi,25.65,11.67,21.41,1
10/05/2026,9,COL,Medellín,12 LAURELES,Desayunos Colombianos,rappi,18.01,1.68,3.79,1
10/05/2026,9,COL,Medellín,18 BELLO,Desayunos Colombianos,rappi,33.35,11.65,0.17,1
10/05/2026,9,COL,Medellín,14 ENVIGADO,Desayunos Colombianos,rappi,105.85,73.93,0.1,1
10/05/2026,9,COL,Medellín,29 ITAGUI,Desayunos Colombianos,rappi,,0,,1
10/05/2026,9,COL,Medellín,11 MANILA,Desayunos Colombianos,rappi,72.56,26.3,0.41,1
10/05/2026,10,COL,Medellín,18 BELLO,Desayunos Colombianos,rappi,59.75,3.67,0.05,1
10/05/2026,10,COL,Medellín,12 LAURELES,Desayunos Colombianos,rappi,15.83,3.12,0.39,1
10/05/2026,10,COL,Medellín,14 ENVIGADO,Desayunos Colombianos,rappi,58,0.23,33.62,1
10/05/2026,10,COL,Medellín,14 ENVIGADO,Desayunos Colombianos,rappi,33.06,0,,1
10/05/2026,11,COL,Medellín,12 LAURELES,Desayunos Colombianos,rappi,2.96,0,0.31,1
10/05/2026,11,COL,Medellín,12 LAURELES,Desayunos Colombianos,rappi,11.31,0,,1
10/05/2026,6,COL,Medellín,11 MANILA,Desayunos de la Abuela,rappi,9.09,0.58,15.22,1
10/05/2026,6,COL,Medellín,11 MANILA,Desayunos de la Abuela,rappi,4.65,0.58,12.37,1
10/05/2026,6,COL,Medellín,18 BELLO,Desayunos de la Abuela,rappi,22.06,0.3,21.13,1
10/05/2026,6,COL,Medellín,18 BELLO,Desayunos de la Abuela,rappi,16.25,12.33,44.51,1
10/05/2026,6,COL,Medellín,11 MANILA,Desayunos de la Abuela,rappi,12.21,0.35,2.64,1
10/05/2026,6,COL,Medellín,18 BELLO,Desayunos de la Abuela,rappi,11.75,0.67,16.05,1
10/05/2026,7,COL,Medellín,11 MANILA,Desayunos de la Abuela,rappi,16.18,4.68,1.95,1
10/05/2026,7,COL,Medellín,12 LAURELES,Desayunos de la Abuela,rappi,10.03,8.4,3.2,1
10/05/2026,7,COL,Medellín,14 ENVIGADO,Desayunos de la Abuela,rappi,9.95,4.63,1.3,1
10/05/2026,7,COL,Medellín,14 ENVIGADO,Desayunos de la Abuela,rappi,10.03,4.62,1.22,1
10/05/2026,7,COL,Medellín,18 BELLO,Desayunos de la Abuela,rappi,13.12,26.17,15.11,1
10/05/2026,7,COL,Medellín,14 ENVIGADO,Desayunos de la Abuela,rappi,11.02,0.12,7.11,1
10/05/2026,7,COL,Medellín,11 MANILA,Desayunos de la Abuela,rappi,17.27,11.77,0.97,1
10/05/2026,7,COL,Medellín,11 MANILA,Desayunos de la Abuela,rappi,16.98,5.15,0.63,1
10/05/2026,7,COL,Medellín,11 MANILA,Desayunos de la Abuela,rappi,21.08,8.5,0.68,1
10/05/2026,7,COL,Medellín,11 MANILA,Desayunos de la Abuela,rappi,,3.38,0.19,1
10/05/2026,7,COL,Medellín,12 LAURELES,Desayunos de la Abuela,rappi,13.27,9.92,1.66,1
10/05/2026,7,COL,Medellín,12 LAURELES,Desayunos de la Abuela,rappi,7.32,3.17,0.77,1
10/05/2026,7,COL,Medellín,11 MANILA,Desayunos de la Abuela,rappi,20.83,17.35,1.77,1
10/05/2026,7,COL,Medellín,11 MANILA,Desayunos de la Abuela,rappi,21.64,17.35,0.95,1
10/05/2026,7,COL,Medellín,14 ENVIGADO,Desayunos de la Abuela,rappi,39.33,17.82,0.79,1
10/05/2026,7,COL,Medellín,14 ENVIGADO,Desayunos de la Abuela,rappi,29.13,17.8,9.05,1
10/05/2026,7,COL,Medellín,29 ITAGUI,Desayunos de la Abuela,rappi,42.89,1.33,0.09,1
10/05/2026,7,COL,Medellín,12 LAURELES,Desayunos de la Abuela,rappi,11.14,7.43,1.2,1
10/05/2026,7,COL,Medellín,12 LAURELES,Desayunos de la Abuela,rappi,8.96,5.7,1.45,1
10/05/2026,7,COL,Medellín,14 ENVIGADO,Desayunos de la Abuela,rappi,36.26,24.4,21.15,1
10/05/2026,7,COL,Medellín,18 BELLO,Desayunos de la Abuela,rappi,10.05,1.17,33.92,1
10/05/2026,7,COL,Medellín,14 ENVIGADO,Desayunos de la Abuela,rappi,79.01,0,,1
10/05/2026,7,COL,Medellín,11 MANILA,Desayunos de la Abuela,rappi,26.24,16.3,0.95,1
10/05/2026,7,COL,Medellín,12 LAURELES,Desayunos de la Abuela,rappi,11.03,5.6,1.25,1
10/05/2026,7,COL,Medellín,29 ITAGUI,Desayunos de la Abuela,rappi,40.72,0.55,2.33,1
10/05/2026,7,COL,Medellín,18 BELLO,Desayunos de la Abuela,rappi,6.46,1.18,33.08,1
10/05/2026,7,COL,Medellín,12 LAURELES,Desayunos de la Abuela,rappi,15.19,12.18,1.9,1
10/05/2026,7,COL,Medellín,12 LAURELES,Desayunos de la Abuela,rappi,16,12.3,1.17,1
10/05/2026,7,COL,Medellín,14 ENVIGADO,Desayunos de la Abuela,rappi,40.18,4,0.93,1
10/05/2026,7,COL,Medellín,14 ENVIGADO,Desayunos de la Abuela,rappi,46.19,0.38,2.24,1
10/05/2026,7,COL,Medellín,11 MANILA,Desayunos de la Abuela,rappi,29.89,20.2,0.43,1
10/05/2026,7,COL,Medellín,11 MANILA,Desayunos de la Abuela,rappi,30.82,9.25,0.77,1
10/05/2026,7,COL,Medellín,11 MANILA,Desayunos de la Abuela,rappi,33.98,0.12,16.2,1
10/05/2026,7,COL,Medellín,11 MANILA,Desayunos de la Abuela,rappi,28.04,14.35,0.38,1
10/05/2026,7,COL,Medellín,18 BELLO,Desayunos de la Abuela,rappi,19.04,0.12,69.82,1
10/05/2026,7,COL,Medellín,11 MANILA,Desayunos de la Abuela,rappi,36.85,26.68,0.74,1
10/05/2026,7,COL,Medellín,11 MANILA,Desayunos de la Abuela,rappi,25.34,16.45,0.67,1
10/05/2026,7,COL,Medellín,14 ENVIGADO,Desayunos de la Abuela,rappi,56.34,5.3,7.1,1
10/05/2026,7,COL,Medellín,11 MANILA,Desayunos de la Abuela,rappi,40.97,1.13,10.06,1
10/05/2026,7,COL,Medellín,12 LAURELES,Desayunos de la Abuela,rappi,26.08,11.32,1.3,1
10/05/2026,7,COL,Medellín,29 ITAGUI,Desayunos de la Abuela,rappi,28.45,21.67,0.65,1
10/05/2026,7,COL,Medellín,12 LAURELES,Desayunos de la Abuela,rappi,25.13,18.68,1.11,1
10/05/2026,8,COL,Medellín,11 MANILA,Desayunos de la Abuela,rappi,48.06,39.8,0.38,1
10/05/2026,8,COL,Medellín,12 LAURELES,Desayunos de la Abuela,rappi,21.47,17.18,0.62,1
10/05/2026,8,COL,Medellín,12 LAURELES,Desayunos de la Abuela,rappi,21.24,17.62,1.11,1
10/05/2026,8,COL,Medellín,12 LAURELES,Desayunos de la Abuela,rappi,29.42,25.7,0.98,1
10/05/2026,8,COL,Medellín,18 BELLO,Desayunos de la Abuela,rappi,17.05,17.85,18.29,1
10/05/2026,8,COL,Medellín,14 ENVIGADO,Desayunos de la Abuela,rappi,59.08,22.13,0.33,1
10/05/2026,8,COL,Medellín,11 MANILA,Desayunos de la Abuela,rappi,43.04,39.23,4.8,1
10/05/2026,8,COL,Medellín,11 MANILA,Desayunos de la Abuela,rappi,45.03,36.23,1.11,1
10/05/2026,8,COL,Medellín,18 BELLO,Desayunos de la Abuela,rappi,13.09,6.08,8.88,1
10/05/2026,8,COL,Medellín,11 MANILA,Desayunos de la Abuela,rappi,53,8.72,5.55,1
10/05/2026,8,COL,Medellín,11 MANILA,Desayunos de la Abuela,rappi,44.1,16.1,0.74,1
10/05/2026,8,COL,Medellín,29 ITAGUI,Desayunos de la Abuela,rappi,78.1,5.45,1.07,1
10/05/2026,8,COL,Medellín,12 LAURELES,Desayunos de la Abuela,rappi,20.93,17.08,1.1,1
10/05/2026,8,COL,Medellín,12 LAURELES,Desayunos de la Abuela,rappi,20.47,17.07,1.56,1
10/05/2026,8,COL,Medellín,29 ITAGUI,Desayunos de la Abuela,rappi,38.17,21.98,2.8,1
10/05/2026,8,COL,Medellín,18 BELLO,Desayunos de la Abuela,rappi,26.37,17.85,0.11,1
10/05/2026,8,COL,Medellín,12 LAURELES,Desayunos de la Abuela,rappi,27.19,23.78,1.27,1
10/05/2026,8,COL,Medellín,14 ENVIGADO,Desayunos de la Abuela,rappi,,0,,1
10/05/2026,8,COL,Medellín,14 ENVIGADO,Desayunos de la Abuela,rappi,131.32,22.32,1.94,1
10/05/2026,8,COL,Medellín,11 MANILA,Desayunos de la Abuela,rappi,55.08,53.05,9.9,1
10/05/2026,8,COL,Medellín,11 MANILA,Desayunos de la Abuela,rappi,,6.07,0.39,1
10/05/2026,8,COL,Medellín,14 ENVIGADO,Desayunos de la Abuela,rappi,69.35,0,,1
10/05/2026,8,COL,Medellín,18 BELLO,Desayunos de la Abuela,rappi,12.76,4.92,50.28,1
10/05/2026,8,COL,Medellín,14 ENVIGADO,Desayunos de la Abuela,rappi,69.25,0.38,7.06,1
10/05/2026,8,COL,Medellín,29 ITAGUI,Desayunos de la Abuela,rappi,67.96,2.78,39.14,1
10/05/2026,8,COL,Medellín,29 ITAGUI,Desayunos de la Abuela,rappi,84.15,0.25,21.35,1
10/05/2026,8,COL,Medellín,11 MANILA,Desayunos de la Abuela,rappi,57.31,53.05,1.8,1
10/05/2026,8,COL,Medellín,12 LAURELES,Desayunos de la Abuela,rappi,34.07,32.1,2.97,1
10/05/2026,8,COL,Medellín,12 LAURELES,Desayunos de la Abuela,rappi,32.85,29,1.14,1
10/05/2026,8,COL,Medellín,12 LAURELES,Desayunos de la Abuela,rappi,34.2,29,0.87,1
10/05/2026,8,COL,Medellín,11 MANILA,Desayunos de la Abuela,rappi,57.03,1.77,0.05,1
10/05/2026,8,COL,Medellín,18 BELLO,Desayunos de la Abuela,rappi,18.24,2.45,8.43,1
10/05/2026,8,COL,Medellín,11 MANILA,Desayunos de la Abuela,rappi,55.08,0,,1
10/05/2026,8,COL,Medellín,11 MANILA,Desayunos de la Abuela,rappi,55.25,0,,1
10/05/2026,8,COL,Medellín,14 ENVIGADO,Desayunos de la Abuela,rappi,87.07,0,,1
10/05/2026,8,COL,Medellín,11 MANILA,Desayunos de la Abuela,rappi,58.5,15.55,0.41,1
10/05/2026,8,COL,Medellín,14 ENVIGADO,Desayunos de la Abuela,rappi,140.03,31.92,0.18,1
10/05/2026,8,COL,Medellín,11 MANILA,Desayunos de la Abuela,rappi,55.28,34.22,83.71,1
10/05/2026,8,COL,Medellín,11 MANILA,Desayunos de la Abuela,rappi,55,32.45,0.64,1
10/05/2026,8,COL,Medellín,11 MANILA,Desayunos de la Abuela,rappi,58.66,15.02,0.31,1
10/05/2026,8,COL,Medellín,18 BELLO,Desayunos de la Abuela,rappi,32.35,11.25,0.67,1
10/05/2026,8,COL,Medellín,18 BELLO,Desayunos de la Abuela,rappi,24.09,0.43,6.79,1
10/05/2026,8,COL,Medellín,14 ENVIGADO,Desayunos de la Abuela,rappi,81.99,65.32,27.4,1
10/05/2026,8,COL,Medellín,12 LAURELES,Desayunos de la Abuela,rappi,19.41,12.4,2.62,1
10/05/2026,8,COL,Medellín,18 BELLO,Desayunos de la Abuela,rappi,25.37,11.25,0.63,1
10/05/2026,8,COL,Medellín,11 MANILA,Desayunos de la Abuela,rappi,60.34,7.82,0.92,1
10/05/2026,8,COL,Medellín,11 MANILA,Desayunos de la Abuela,rappi,69.05,0,,1
10/05/2026,8,COL,Medellín,11 MANILA,Desayunos de la Abuela,rappi,77.96,11.8,0.92,1
10/05/2026,8,COL,Medellín,29 ITAGUI,Desayunos de la Abuela,rappi,101.99,9.05,2.18,1
10/05/2026,8,COL,Medellín,29 ITAGUI,Desayunos de la Abuela,rappi,,0,,1
10/05/2026,9,COL,Medellín,11 MANILA,Desayunos de la Abuela,rappi,75.88,0,,1
10/05/2026,9,COL,Medellín,29 ITAGUI,Desayunos de la Abuela,rappi,138.82,46.2,0.19,1
10/05/2026,9,COL,Medellín,18 BELLO,Desayunos de la Abuela,rappi,17.27,4.9,0.09,1
10/05/2026,9,COL,Medellín,18 BELLO,Desayunos de la Abuela,rappi,16.25,0.3,11.19,1
10/05/2026,9,COL,Medellín,29 ITAGUI,Desayunos de la Abuela,rappi,,0,,1
10/05/2026,9,COL,Medellín,14 ENVIGADO,Desayunos de la Abuela,rappi,127.44,65.6,2.55,1
10/05/2026,9,COL,Medellín,12 LAURELES,Desayunos de la Abuela,rappi,12.2,0.15,8.67,1
10/05/2026,9,COL,Medellín,11 MANILA,Desayunos de la Abuela,rappi,75.79,15.03,1.95,1
10/05/2026,9,COL,Medellín,12 LAURELES,Desayunos de la Abuela,rappi,15.97,1.42,28.14,1
10/05/2026,9,COL,Medellín,14 ENVIGADO,Desayunos de la Abuela,rappi,67.94,63.33,0.23,1
10/05/2026,9,COL,Medellín,14 ENVIGADO,Desayunos de la Abuela,rappi,75.2,86.22,15.92,1
10/05/2026,9,COL,Medellín,29 ITAGUI,Desayunos de la Abuela,rappi,113.22,73.83,0.71,1
10/05/2026,9,COL,Medellín,11 MANILA,Desayunos de la Abuela,rappi,68.09,0,,1
10/05/2026,9,COL,Medellín,12 LAURELES,Desayunos de la Abuela,rappi,16.37,12.43,3.57,1
10/05/2026,9,COL,Medellín,12 LAURELES,Desayunos de la Abuela,rappi,18.42,12.42,1.51,1
10/05/2026,9,COL,Medellín,29 ITAGUI,Desayunos de la Abuela,rappi,,0,,1
10/05/2026,9,COL,Medellín,18 BELLO,Desayunos de la Abuela,rappi,31.17,16.62,0.55,1
10/05/2026,9,COL,Medellín,29 ITAGUI,Desayunos de la Abuela,rappi,,0,,1
10/05/2026,9,COL,Medellín,11 MANILA,Desayunos de la Abuela,rappi,73.04,0,1.94,1
10/05/2026,9,COL,Medellín,11 MANILA,Desayunos de la Abuela,rappi,65.91,8.15,0.95,1
10/05/2026,9,COL,Medellín,12 LAURELES,Desayunos de la Abuela,rappi,14.18,1.42,4.95,1
10/05/2026,9,COL,Medellín,14 ENVIGADO,Desayunos de la Abuela,rappi,67.29,31.9,2.88,1
10/05/2026,9,COL,Medellín,14 ENVIGADO,Desayunos de la Abuela,rappi,81.26,21.3,1.69,1
10/05/2026,9,COL,Medellín,11 MANILA,Desayunos de la Abuela,rappi,68.19,0,,1
10/05/2026,9,COL,Medellín,14 ENVIGADO,Desayunos de la Abuela,rappi,79.96,35.57,41.08,1
10/05/2026,9,COL,Medellín,11 MANILA,Desayunos de la Abuela,rappi,73.86,0.18,6.17,1
10/05/2026,9,COL,Medellín,14 ENVIGADO,Desayunos de la Abuela,rappi,,0,,1
10/05/2026,9,COL,Medellín,11 MANILA,Desayunos de la Abuela,rappi,54.67,46.17,0.26,1
10/05/2026,9,COL,Medellín,12 LAURELES,Desayunos de la Abuela,rappi,35.84,32.08,1.19,1
10/05/2026,9,COL,Medellín,12 LAURELES,Desayunos de la Abuela,rappi,23.33,8.17,1.09,1
10/05/2026,9,COL,Medellín,12 LAURELES,Desayunos de la Abuela,rappi,10.05,0.43,9.88,1
10/05/2026,9,COL,Medellín,29 ITAGUI,Desayunos de la Abuela,rappi,,0,,1
10/05/2026,9,COL,Medellín,11 MANILA,Desayunos de la Abuela,rappi,,0,,1
10/05/2026,9,COL,Medellín,14 ENVIGADO,Desayunos de la Abuela,rappi,89.44,18.85,0.52,1
10/05/2026,9,COL,Medellín,18 BELLO,Desayunos de la Abuela,rappi,79.97,0.33,18.86,1
10/05/2026,9,COL,Medellín,11 MANILA,Desayunos de la Abuela,rappi,80.64,0.42,25.04,1
10/05/2026,9,COL,Medellín,12 LAURELES,Desayunos de la Abuela,rappi,16.28,10.88,1.09,1
10/05/2026,9,COL,Medellín,12 LAURELES,Desayunos de la Abuela,rappi,16.09,10.17,2,1
10/05/2026,9,COL,Medellín,11 MANILA,Desayunos de la Abuela,rappi,,0,,1
10/05/2026,9,COL,Medellín,11 MANILA,Desayunos de la Abuela,rappi,65.01,0.67,1.15,1
10/05/2026,10,COL,Medellín,14 ENVIGADO,Desayunos de la Abuela,rappi,91.08,2.05,6.32,1
10/05/2026,10,COL,Medellín,12 LAURELES,Desayunos de la Abuela,rappi,30.32,23.33,0.93,1
10/05/2026,10,COL,Medellín,11 MANILA,Desayunos de la Abuela,rappi,79.08,47.72,0.65,1
10/05/2026,10,COL,Medellín,29 ITAGUI,Desayunos de la Abuela,rappi,104.91,0,,1
10/05/2026,10,COL,Medellín,11 MANILA,Desayunos de la Abuela,rappi,78.87,4.23,0.19,1
10/05/2026,10,COL,Medellín,14 ENVIGADO,Desayunos de la Abuela,rappi,,0,,1
10/05/2026,10,COL,Medellín,12 LAURELES,Desayunos de la Abuela,rappi,24.9,11.13,0.92,1
10/05/2026,10,COL,Medellín,11 MANILA,Desayunos de la Abuela,rappi,70.92,0.42,12.79,1
10/05/2026,10,COL,Medellín,12 LAURELES,Desayunos de la Abuela,rappi,20.11,5.05,1.77,1
10/05/2026,10,COL,Medellín,12 LAURELES,Desayunos de la Abuela,rappi,19.88,11.78,0.97,1
10/05/2026,10,COL,Medellín,18 BELLO,Desayunos de la Abuela,rappi,48.56,0.58,4.46,1
10/05/2026,10,COL,Medellín,12 LAURELES,Desayunos de la Abuela,rappi,16.23,10.18,1.01,1
10/05/2026,10,COL,Medellín,12 LAURELES,Desayunos de la Abuela,rappi,19.01,14.8,0.85,1
10/05/2026,10,COL,Medellín,12 LAURELES,Desayunos de la Abuela,rappi,7.04,5.23,6.09,1
10/05/2026,10,COL,Medellín,12 LAURELES,Desayunos de la Abuela,rappi,12.02,4.5,1.02,1
10/05/2026,10,COL,Medellín,29 ITAGUI,Desayunos de la Abuela,rappi,49.71,27.42,11.01,1
10/05/2026,10,COL,Medellín,29 ITAGUI,Desayunos de la Abuela,rappi,52.16,27.43,0.89,1
10/05/2026,10,COL,Medellín,12 LAURELES,Desayunos de la Abuela,rappi,7.3,1.18,18.85,1
10/05/2026,11,COL,Medellín,12 LAURELES,Desayunos de la Abuela,rappi,7.02,0.27,13.16,1
10/05/2026,11,COL,Medellín,29 ITAGUI,Desayunos de la Abuela,rappi,37.09,0,,1
10/05/2026,11,COL,Medellín,12 LAURELES,Desayunos de la Abuela,rappi,9.95,0.8,31.22,1
10/05/2026,11,COL,Medellín,11 MANILA,Desayunos de la Abuela,rappi,11.38,1.67,0.68,1
10/05/2026,11,COL,Medellín,11 MANILA,Desayunos de la Abuela,rappi,11.99,2.75,0.93,1
10/05/2026,11,COL,Medellín,12 LAURELES,Desayunos de la Abuela,rappi,20.02,16.22,1.1,1
10/05/2026,12,COL,Medellín,12 LAURELES,Desayunos de la Abuela,rappi,19.01,1.07,30.9,1
10/05/2026,12,COL,Medellín,29 ITAGUI,Desayunos de la Abuela,rappi,74.78,1.07,12.1,1
10/05/2026,12,COL,Medellín,12 LAURELES,Desayunos de la Abuela,rappi,19.82,15.57,0.51,1
10/05/2026,12,COL,Medellín,14 ENVIGADO,Desayunos de la Abuela,rappi,10.93,6.75,0.91,1
10/05/2026,12,COL,Medellín,18 BELLO,Desayunos de la Abuela,rappi,10.19,1.63,62.11,1
10/05/2026,13,COL,Medellín,29 ITAGUI,Desayunos de la Abuela,rappi,48.23,26.55,0.65,1
10/05/2026,13,COL,Medellín,11 MANILA,Desayunos de la Abuela,rappi,5.55,0.4,20.1,1
10/05/2026,14,COL,Medellín,11 MANILA,Desayunos de la Abuela,rappi,11.03,0.37,5.8,1
10/05/2026,17,COL,Medellín,12 LAURELES,Desayunos de la Abuela,rappi,10.16,6.2,0.95,1
10/05/2026,20,COL,Medellín,11 MANILA,Desayunos de la Abuela,rappi,5.55,0.87,4.79,1
10/05/2026,22,COL,Medellín,14 ENVIGADO,Desayunos de la Abuela,rappi,12.95,6.35,1.21,1
10/05/2026,22,COL,Medellín,14 ENVIGADO,Desayunos de la Abuela,rappi,11.1,0.7,52.9,1
10/05/2026,23,COL,Medellín,11 MANILA,Desayunos de la Abuela,rappi,6.13,0,,1
10/05/2026,7,COL,Medellín,11 MANILA,Desayunos de la Abuela Turbo,rappi,12.39,2.1,26.69,1
10/05/2026,8,COL,Medellín,11 MANILA,Desayunos de la Abuela Turbo,rappi,44.78,33.38,0.9,1
10/05/2026,10,COL,Medellín,11 MANILA,Desayunos de la Abuela Turbo,rappi,27.8,12.47,0.17,1
10/05/2026,7,COL,Medellín,14 ENVIGADO,Desayunos de mi Tierrita,rappi,67.37,6.43,0.84,1
10/05/2026,8,COL,Medellín,29 ITAGUI,Desayunos de mi Tierrita,rappi,88.98,0.2,1.16,1
10/05/2026,9,COL,Medellín,14 ENVIGADO,Desayunos de mi Tierrita,rappi,113.62,32.08,0.01,1
10/05/2026,10,COL,Medellín,29 ITAGUI,Desayunos de mi Tierrita,rappi,,0,,1
10/05/2026,12,COL,Medellín,11 MANILA,Desayunos de mi Tierrita,rappi,7.04,1.5,14.11,1
10/05/2026,6,COL,Medellín,11 MANILA,Desayunos mi Tierrita Turbo,rappi,6.08,0.27,7.87,1
10/05/2026,6,COL,Medellín,11 MANILA,Desayunos mi Tierrita Turbo,rappi,5.96,0.57,7.6,1
10/05/2026,7,COL,Medellín,12 LAURELES,Desayunos mi Tierrita Turbo,rappi,3.81,0.17,1.94,1
10/05/2026,7,COL,Medellín,12 LAURELES,Desayunos mi Tierrita Turbo,rappi,5.33,1.32,0.85,1
10/05/2026,9,COL,Medellín,11 MANILA,Desayunos mi Tierrita Turbo,rappi,,0,,1
10/05/2026,9,COL,Medellín,11 MANILA,Desayunos mi Tierrita Turbo,rappi,56.27,0,,1
10/05/2026,12,COL,Medellín,29 ITAGUI,Desgranados & Co,rappi,31.88,11.67,0.24,1
10/05/2026,14,COL,Medellín,29 ITAGUI,Desgranados & Co,rappi,16.15,6.5,0.93,1
10/05/2026,17,COL,Medellín,12 LAURELES,Desgranados & Co,rappi,2.37,0.37,20.52,1
10/05/2026,20,COL,Medellín,29 ITAGUI,Desgranados & Co,rappi,20.23,1.13,1.72,1
10/05/2026,11,COL,Medellín,12 LAURELES,Desgranados & Co Turbo,rappi,10.02,4.37,0.81,1
10/05/2026,19,COL,Medellín,11 MANILA,Desgranados & Co Turbo,rappi,4.15,0.18,1.79,1
10/05/2026,19,COL,Medellín,11 MANILA,Desgranados & Co Turbo,rappi,4.05,0,0.37,1
10/05/2026,15,COL,Medellín,18 BELLO,El Ejecutivo,rappi,15.68,1.02,18.46,1
10/05/2026,12,COL,Medellín,12 LAURELES,El Ejecutivo Turbo,rappi,5.17,0.87,13.84,1
10/05/2026,15,COL,Medellín,11 MANILA,El Ejecutivo Turbo,rappi,4.56,0.15,17.26,1
10/05/2026,18,COL,Medellín,11 MANILA,El Ejecutivo Turbo,rappi,5.07,0.25,15.71,1
10/05/2026,13,COL,Medellín,11 MANILA,El Jefe Turbo,rappi,8.66,0,,1
10/05/2026,21,COL,Medellín,11 MANILA,El Jefe Turbo,rappi,6.12,0.43,48.56,1
10/05/2026,9,COL,Medellín,29 ITAGUI,Foodhub,rappi,,0,,1
10/05/2026,9,COL,Medellín,11 MANILA,Foodhub,rappi,19.07,15.4,1.18,1
10/05/2026,9,COL,Medellín,18 BELLO,Foodhub,rappi,56.91,0.23,6.19,1
10/05/2026,9,COL,Medellín,18 BELLO,Foodhub,rappi,50.72,26.05,0.11,1
10/05/2026,20,COL,Medellín,12 LAURELES,Foodhub,rappi,15.94,7.37,0.33,1
10/05/2026,6,COL,Medellín,14 ENVIGADO,Foodology,rappi,34.64,0.82,14.92,1
10/05/2026,7,COL,Medellín,14 ENVIGADO,Foodology,rappi,44.74,3.33,0.42,1
10/05/2026,7,COL,Medellín,14 ENVIGADO,Foodology,rappi,47.01,11.4,,1
10/05/2026,8,COL,Medellín,14 ENVIGADO,Foodology,rappi,59.52,10.43,0.95,1
10/05/2026,8,COL,Medellín,29 ITAGUI,Foodology,rappi,41.32,0.4,33.91,1
10/05/2026,8,COL,Medellín,14 ENVIGADO,Foodology,rappi,,0,,1
10/05/2026,8,COL,Medellín,14 ENVIGADO,Foodology,rappi,93.96,47.8,3.13,1
10/05/2026,9,COL,Medellín,11 MANILA,Foodology,rappi,27.83,0.5,8.57,1
10/05/2026,9,COL,Medellín,14 ENVIGADO,Foodology,rappi,,0,,1
10/05/2026,17,COL,Medellín,14 ENVIGADO,Foodology,rappi,,0,,1
10/05/2026,15,COL,Medellín,18 BELLO,Frost by Oreo,rappi,,0.35,6.21,1
10/05/2026,15,COL,Medellín,29 ITAGUI,Frost by Oreo,rappi,,3.28,3.06,1
10/05/2026,17,COL,Medellín,11 MANILA,Frost by Oreo,rappi,,0.23,5.1,1
10/05/2026,21,COL,Medellín,12 LAURELES,Frost by Oreo,rappi,,0.33,4.72,1
10/05/2026,10,COL,Medellín,12 LAURELES,Frost By Oreo Turbo,rappi,,0,2.11,1
10/05/2026,20,COL,Medellín,11 MANILA,Frost By Oreo Turbo,rappi,,0.18,8.61,1
10/05/2026,21,COL,Medellín,11 MANILA,Frost By Oreo Turbo,rappi,,0,2.39,1
10/05/2026,11,COL,Medellín,29 ITAGUI,Green House,rappi,93.1,21.65,0.81,1
10/05/2026,11,COL,Medellín,18 BELLO,Green House,rappi,32.25,26.87,1.03,1
10/05/2026,12,COL,Medellín,29 ITAGUI,Green House,rappi,33.11,25.67,2.66,1
10/05/2026,12,COL,Medellín,12 LAURELES,Green House,rappi,10.99,22.35,16.61,1
10/05/2026,14,COL,Medellín,12 LAURELES,Green House,rappi,15.63,7.2,1.3,1
10/05/2026,14,COL,Medellín,12 LAURELES,Green House,rappi,10.69,5.73,0.13,1
10/05/2026,14,COL,Medellín,12 LAURELES,Green House,rappi,9.73,5.67,1.06,1
10/05/2026,14,COL,Medellín,12 LAURELES,Green House,rappi,10.78,0.25,17.22,1
10/05/2026,14,COL,Medellín,12 LAURELES,Green House,rappi,16.38,10.88,0.88,1
10/05/2026,14,COL,Medellín,12 LAURELES,Green House,rappi,9.24,6.15,1.82,1
10/05/2026,15,COL,Medellín,14 ENVIGADO,Green House,rappi,10.27,0.38,27.53,1
10/05/2026,15,COL,Medellín,18 BELLO,Green House,rappi,11.16,1.93,5.73,1
10/05/2026,16,COL,Medellín,18 BELLO,Green House,rappi,12.05,0.28,0.98,1
10/05/2026,16,COL,Medellín,18 BELLO,Green House,rappi,14.26,6.58,1.81,1
10/05/2026,16,COL,Medellín,12 LAURELES,Green House,rappi,7.42,0.68,13.48,1
10/05/2026,16,COL,Medellín,18 BELLO,Green House,rappi,10.44,0.6,2.01,1
10/05/2026,17,COL,Medellín,11 MANILA,Green House,rappi,9.25,0.1,10.62,1
10/05/2026,18,COL,Medellín,14 ENVIGADO,Green House,rappi,10.23,6.1,0.81,1
10/05/2026,19,COL,Medellín,14 ENVIGADO,Green House,rappi,10.21,6.37,0.99,1
10/05/2026,21,COL,Medellín,18 BELLO,Green House,rappi,15.23,10.12,0.75,1
10/05/2026,21,COL,Medellín,18 BELLO,Green House,rappi,8.07,1.55,0.22,1
10/05/2026,21,COL,Medellín,18 BELLO,Green House,rappi,14.21,8.37,1.76,1
10/05/2026,22,COL,Medellín,14 ENVIGADO,Green House,rappi,7.24,0.5,4,1
10/05/2026,11,COL,Medellín,12 LAURELES,Green House Turbo,rappi,3.39,0.37,2.04,1
10/05/2026,11,COL,Medellín,12 LAURELES,Green House Turbo,rappi,15.46,10.77,0.39,1
10/05/2026,12,COL,Medellín,12 LAURELES,Green House Turbo,rappi,9.98,4.9,0.41,1
10/05/2026,12,COL,Medellín,12 LAURELES,Green House Turbo,rappi,4.6,0.3,0.97,1
10/05/2026,12,COL,Medellín,12 LAURELES,Green House Turbo,rappi,6.77,2.28,0.77,1
10/05/2026,13,COL,Medellín,12 LAURELES,Green House Turbo,rappi,7.16,2.38,1.05,1
10/05/2026,15,COL,Medellín,12 LAURELES,Green House Turbo,rappi,7,1.93,0.39,1
10/05/2026,18,COL,Medellín,12 LAURELES,Green House Turbo,rappi,7.19,2.63,0.59,1
10/05/2026,19,COL,Medellín,12 LAURELES,Green House Turbo,rappi,7.79,2.57,0.44,1
10/05/2026,20,COL,Medellín,12 LAURELES,Green House Turbo,rappi,6.83,0.97,3.14,1
10/05/2026,20,COL,Medellín,12 LAURELES,Green House Turbo,rappi,1.52,0,2.41,1
10/05/2026,20,COL,Medellín,12 LAURELES,Green House Turbo,rappi,8.36,1.93,0.88,1
10/05/2026,21,COL,Medellín,12 LAURELES,Green House Turbo,rappi,1.94,0,0.65,1
10/05/2026,12,COL,Medellín,12 LAURELES,Honest Food,rappi,9.05,0.08,4.14,1
10/05/2026,12,COL,Medellín,29 ITAGUI,Honest Food,rappi,28.29,0.08,69.1,1
10/05/2026,12,COL,Medellín,14 ENVIGADO,Honest Food,rappi,18.19,10.4,0.98,1
10/05/2026,12,COL,Medellín,12 LAURELES,Honest Food,rappi,11.22,0.43,4.94,1
10/05/2026,12,COL,Medellín,11 MANILA,Honest Food,rappi,6.81,2.33,0.38,1
10/05/2026,13,COL,Medellín,29 ITAGUI,Honest Food,rappi,29.01,16.23,0.97,1
10/05/2026,15,COL,Medellín,11 MANILA,Honest Food,rappi,3.39,0.18,11.01,1
10/05/2026,19,COL,Medellín,12 LAURELES,Honest Food,rappi,3.6,0.6,31.28,1
10/05/2026,19,COL,Medellín,14 ENVIGADO,Honest Food,rappi,13.24,1.22,0.93,1
10/05/2026,20,COL,Medellín,14 ENVIGADO,Honest Food,rappi,14.2,0.65,11.87,1
10/05/2026,22,COL,Medellín,14 ENVIGADO,Honest Food,rappi,7.26,0.3,12.18,1
10/05/2026,23,COL,Medellín,14 ENVIGADO,Honest Food,rappi,,0,,1
10/05/2026,11,COL,Medellín,12 LAURELES,Honest Food Turbo,rappi,8.36,4.55,0.95,1
10/05/2026,12,COL,Medellín,12 LAURELES,Honest Food Turbo,rappi,5.63,0.25,2.45,1
10/05/2026,12,COL,Medellín,12 LAURELES,Honest Food Turbo,rappi,10.75,6.4,0.45,1
10/05/2026,17,COL,Medellín,11 MANILA,Honest Food Turbo,rappi,2.08,0,2.2,1
10/05/2026,22,COL,Medellín,12 LAURELES,Honest Food Turbo,rappi,3.87,0,,1
10/05/2026,22,COL,Medellín,12 LAURELES,House of Burgers,rappi,5.35,1.07,0.68,1
10/05/2026,13,COL,Medellín,11 MANILA,House Of Burgers Turbo,rappi,4.95,0,,1
10/05/2026,14,COL,Medellín,12 LAURELES,House Of Burgers Turbo,rappi,10.03,5.57,0.29,1
10/05/2026,17,COL,Medellín,11 MANILA,House Of Burgers Turbo,rappi,6.68,2.07,0.35,1
10/05/2026,19,COL,Medellín,11 MANILA,House Of Burgers Turbo,rappi,6.53,0.53,27.89,1
10/05/2026,19,COL,Medellín,11 MANILA,House Of Burgers Turbo,rappi,3.92,0.23,14.61,1
10/05/2026,11,COL,Medellín,11 MANILA,House of Salads,rappi,8.06,3.48,0.62,1
10/05/2026,12,COL,Medellín,12 LAURELES,House of Salads,rappi,14.07,0.73,27.71,1
10/05/2026,12,COL,Medellín,12 LAURELES,House of Salads,rappi,7.1,1.53,0.15,1
10/05/2026,16,COL,Medellín,14 ENVIGADO,House of Salads,rappi,6.21,1.45,1,1
10/05/2026,16,COL,Medellín,18 BELLO,House of Salads,rappi,14.98,0.15,1.84,1
10/05/2026,20,COL,Medellín,12 LAURELES,House of Salads,rappi,6.02,1.82,1.21,1
10/05/2026,20,COL,Medellín,12 LAURELES,House of Salads,rappi,10.08,5.83,0.81,1
10/05/2026,11,COL,Medellín,12 LAURELES,House of Salads Turbo,rappi,6.55,1.2,0.57,1
10/05/2026,13,COL,Medellín,12 LAURELES,House of Salads Turbo,rappi,4.26,0.43,1.96,1
10/05/2026,18,COL,Medellín,11 MANILA,House of Salads Turbo,rappi,3.22,0,0.7,1
10/05/2026,19,COL,Medellín,12 LAURELES,House of Salads Turbo,rappi,1.92,0.25,9.23,1
10/05/2026,19,COL,Medellín,12 LAURELES,House of Salads Turbo,rappi,3.59,0,1.16,1
10/05/2026,19,COL,Medellín,11 MANILA,House of Salads Turbo,rappi,2.86,0.15,21.92,1
10/05/2026,20,COL,Medellín,12 LAURELES,House of Salads Turbo,rappi,2.9,0.5,4.86,1
10/05/2026,20,COL,Medellín,11 MANILA,House of Salads Turbo,rappi,4.06,0.23,1.53,1
10/05/2026,21,COL,Medellín,12 LAURELES,House of Salads Turbo,rappi,4.03,0.25,8.04,1
10/05/2026,22,COL,Medellín,12 LAURELES,House of Salads Turbo,rappi,6.08,0.15,31.36,1
10/05/2026,11,COL,Medellín,29 ITAGUI,La Casa Mexicana,rappi,71,2.15,1.09,1
10/05/2026,12,COL,Medellín,12 LAURELES,La Casa Mexicana,rappi,6.69,1,4.44,1
10/05/2026,12,COL,Medellín,29 ITAGUI,La Casa Mexicana,rappi,74.84,21.97,0.24,1
10/05/2026,14,COL,Medellín,14 ENVIGADO,La Casa Mexicana,rappi,9.83,5.7,0.96,1
10/05/2026,14,COL,Medellín,14 ENVIGADO,La Casa Mexicana,rappi,10.8,0.25,18.34,1
10/05/2026,16,COL,Medellín,14 ENVIGADO,La Casa Mexicana,rappi,8.72,3.55,1.3,1
10/05/2026,17,COL,Medellín,18 BELLO,La Casa Mexicana,rappi,17.05,9.82,0.04,1
10/05/2026,17,COL,Medellín,11 MANILA,La Casa Mexicana,rappi,9.33,5.23,0.8,1
10/05/2026,19,COL,Medellín,12 LAURELES,La Casa Mexicana,rappi,5.14,0.32,17.87,1
10/05/2026,20,COL,Medellín,14 ENVIGADO,La Casa Mexicana,rappi,8.71,0.48,32.13,1
10/05/2026,20,COL,Medellín,14 ENVIGADO,La Casa Mexicana,rappi,15.05,11.25,1.36,1
10/05/2026,22,COL,Medellín,12 LAURELES,La Casa Mexicana,rappi,3.25,0.22,10.85,1
10/05/2026,22,COL,Medellín,14 ENVIGADO,La Casa Mexicana,rappi,19.15,12.13,0.28,1
10/05/2026,22,COL,Medellín,14 ENVIGADO,La Casa Mexicana,rappi,16.09,3.37,37.23,1
10/05/2026,12,COL,Medellín,12 LAURELES,La Casa Mexicana Turbo,rappi,2.87,0.17,2.6,1
10/05/2026,13,COL,Medellín,12 LAURELES,La Casa Mexicana Turbo,rappi,11.33,6.38,1.06,1
10/05/2026,14,COL,Medellín,11 MANILA,La Casa Mexicana Turbo,rappi,4.94,0.17,4.76,1
10/05/2026,20,COL,Medellín,11 MANILA,La Casa Mexicana Turbo,rappi,4.71,0.08,1.39,1
10/05/2026,22,COL,Medellín,12 LAURELES,La Casa Mexicana Turbo,rappi,8.01,0.43,3.61,1
10/05/2026,11,COL,Medellín,29 ITAGUI,La Cuadra,rappi,71.73,25.87,0.51,1
10/05/2026,11,COL,Medellín,14 ENVIGADO,La Cuadra,rappi,17.73,1.42,1.28,1
10/05/2026,11,COL,Medellín,12 LAURELES,La Cuadra,rappi,20.17,0.87,13.16,1
10/05/2026,11,COL,Medellín,12 LAURELES,La Cuadra,rappi,17.34,0.48,98.19,1
10/05/2026,12,COL,Medellín,14 ENVIGADO,La Cuadra,rappi,23.17,5.12,1.04,1
10/05/2026,12,COL,Medellín,11 MANILA,La Cuadra,rappi,8.13,2.43,0.17,1
10/05/2026,12,COL,Medellín,12 LAURELES,La Cuadra,rappi,3.36,0.48,54.02,1
10/05/2026,13,COL,Medellín,14 ENVIGADO,La Cuadra,rappi,21.51,5.38,37.56,1
10/05/2026,13,COL,Medellín,18 BELLO,La Cuadra,rappi,19.23,0.53,77.24,1
10/05/2026,13,COL,Medellín,14 ENVIGADO,La Cuadra,rappi,24,0.25,31.59,1
10/05/2026,14,COL,Medellín,11 MANILA,La Cuadra,rappi,10.02,0.37,38.95,1
10/05/2026,14,COL,Medellín,14 ENVIGADO,La Cuadra,rappi,10.67,10.42,4.96,1
10/05/2026,14,COL,Medellín,12 LAURELES,La Cuadra,rappi,29.6,5.92,0.98,1
10/05/2026,14,COL,Medellín,11 MANILA,La Cuadra,rappi,4.06,0.48,3.82,1
10/05/2026,15,COL,Medellín,12 LAURELES,La Cuadra,rappi,7.17,0.17,1.99,1
10/05/2026,15,COL,Medellín,12 LAURELES,La Cuadra,rappi,4.82,0.22,2.04,1
10/05/2026,17,COL,Medellín,12 LAURELES,La Cuadra,rappi,4.13,0.28,25.7,1
10/05/2026,21,COL,Medellín,14 ENVIGADO,La Cuadra,rappi,5.8,0.6,9.18,1
10/05/2026,22,COL,Medellín,12 LAURELES,La Cuadra,rappi,,0.88,9.58,1
10/05/2026,23,COL,Medellín,11 MANILA,La Cuadra,rappi,5.72,3.75,3.28,1
10/05/2026,23,COL,Medellín,14 ENVIGADO,La Cuadra,rappi,8.91,1.28,0.1,1
10/05/2026,23,COL,Medellín,14 ENVIGADO,La Cuadra,rappi,27.04,0.22,0.1,1
10/05/2026,9,COL,Medellín,29 ITAGUI,La Cuadra Desayunos,rappi,140.93,0,,1
10/05/2026,9,COL,Medellín,29 ITAGUI,La Cuadra Desayunos,rappi,157.11,0.23,,1
10/05/2026,10,COL,Medellín,29 ITAGUI,La Cuadra Desayunos,rappi,81.98,70.88,1.83,1
10/05/2026,11,COL,Medellín,11 MANILA,La Cuadra Desayunos Turbo,rappi,6.52,0.37,5,1
10/05/2026,12,COL,Medellín,12 LAURELES,La Cuadra Desayunos Turbo,rappi,11.88,7.9,1.03,1
10/05/2026,12,COL,Medellín,12 LAURELES,La Cuadra Turbo,rappi,7.97,2.98,0.96,1
10/05/2026,13,COL,Medellín,11 MANILA,La Cuadra Turbo,rappi,6.97,0.42,5.01,1
10/05/2026,13,COL,Medellín,11 MANILA,La Cuadra Turbo,rappi,7.97,0.43,20.37,1
10/05/2026,13,COL,Medellín,11 MANILA,La Cuadra Turbo,rappi,8.43,0.28,12.83,1
10/05/2026,14,COL,Medellín,12 LAURELES,La Cuadra Turbo,rappi,8.59,4.1,0.46,1
10/05/2026,15,COL,Medellín,11 MANILA,La Cuadra Turbo,rappi,5.98,0.13,5.12,1
10/05/2026,16,COL,Medellín,11 MANILA,La Cuadra Turbo,rappi,6.22,0.18,21.79,1
10/05/2026,18,COL,Medellín,11 MANILA,La Cuadra Turbo,rappi,6.2,0.9,0.92,1
10/05/2026,19,COL,Medellín,12 LAURELES,La Cuadra Turbo,rappi,2.98,1,3,1
10/05/2026,20,COL,Medellín,12 LAURELES,La Cuadra Turbo,rappi,6.26,0.22,0.88,1
10/05/2026,21,COL,Medellín,11 MANILA,La Cuadra Turbo,rappi,5.28,0.55,2.94,1
10/05/2026,21,COL,Medellín,12 LAURELES,La Cuadra Turbo,rappi,4.14,0.2,3.11,1
10/05/2026,21,COL,Medellín,11 MANILA,La Cuadra Turbo,rappi,2.82,0.33,10.37,1
10/05/2026,21,COL,Medellín,12 LAURELES,La Cuadra Turbo,rappi,3.2,0,0.18,1
10/05/2026,7,COL,Medellín,11 MANILA,LA ÑAMGUCHERIA,rappi,21.59,13.57,2.36,1
10/05/2026,9,COL,Medellín,14 ENVIGADO,LA ÑAMGUCHERIA,rappi,52.89,18.38,3.07,1
10/05/2026,9,COL,Medellín,29 ITAGUI,LA ÑAMGUCHERIA,rappi,176.99,52.53,1.17,1
10/05/2026,10,COL,Medellín,18 BELLO,LA ÑAMGUCHERIA,rappi,35.82,13.5,0.09,1
10/05/2026,11,COL,Medellín,29 ITAGUI,LA ÑAMGUCHERIA,rappi,54.75,41.57,0.07,1
10/05/2026,12,COL,Medellín,12 LAURELES,LA ÑAMGUCHERIA,rappi,19.98,15.07,0.04,1
10/05/2026,12,COL,Medellín,12 LAURELES,LA ÑAMGUCHERIA,rappi,6.08,0.33,30,1
10/05/2026,12,COL,Medellín,14 ENVIGADO,LA ÑAMGUCHERIA,rappi,23.91,12.48,1.15,1
10/05/2026,12,COL,Medellín,29 ITAGUI,LA ÑAMGUCHERIA,rappi,57.24,47.3,1.88,1
10/05/2026,15,COL,Medellín,12 LAURELES,LA ÑAMGUCHERIA,rappi,13.1,9.05,0.91,1
10/05/2026,15,COL,Medellín,29 ITAGUI,LA ÑAMGUCHERIA,rappi,24.65,10.4,1.08,1
10/05/2026,17,COL,Medellín,12 LAURELES,LA ÑAMGUCHERIA,rappi,7.93,0.72,7.18,1
10/05/2026,17,COL,Medellín,12 LAURELES,LA ÑAMGUCHERIA,rappi,7.15,0.58,19.82,1
10/05/2026,19,COL,Medellín,14 ENVIGADO,LA ÑAMGUCHERIA,rappi,15.12,9.82,0.95,1
10/05/2026,19,COL,Medellín,12 LAURELES,LA ÑAMGUCHERIA,rappi,6.94,17.17,17.13,1
10/05/2026,20,COL,Medellín,12 LAURELES,LA ÑAMGUCHERIA,rappi,5.38,0.55,5.81,1
10/05/2026,20,COL,Medellín,11 MANILA,LA ÑAMGUCHERIA,rappi,6.54,0.23,20.27,1
10/05/2026,21,COL,Medellín,14 ENVIGADO,LA ÑAMGUCHERIA,rappi,17.81,9.87,0.08,1
10/05/2026,22,COL,Medellín,11 MANILA,LA ÑAMGUCHERIA,rappi,7.95,0.47,10.21,1
10/05/2026,22,COL,Medellín,14 ENVIGADO,LA ÑAMGUCHERIA,rappi,12.39,1.72,32.94,1
10/05/2026,6,COL,Medellín,14 ENVIGADO,LA PANQUEQUERIA,rappi,6.1,1.77,1.79,1
10/05/2026,7,COL,Medellín,11 MANILA,LA PANQUEQUERIA,rappi,15.08,1.88,0.34,1
10/05/2026,7,COL,Medellín,14 ENVIGADO,LA PANQUEQUERIA,rappi,35.36,1.18,26.88,1
10/05/2026,7,COL,Medellín,11 MANILA,LA PANQUEQUERIA,rappi,22.36,5.73,0.68,1
10/05/2026,7,COL,Medellín,12 LAURELES,LA PANQUEQUERIA,rappi,13.34,4.5,3.71,1
10/05/2026,7,COL,Medellín,14 ENVIGADO,LA PANQUEQUERIA,rappi,39.45,15.22,7.66,1
10/05/2026,7,COL,Medellín,11 MANILA,LA PANQUEQUERIA,rappi,31.39,2.37,49.92,1
10/05/2026,7,COL,Medellín,14 ENVIGADO,LA PANQUEQUERIA,rappi,34.52,25.28,16.84,1
10/05/2026,7,COL,Medellín,29 ITAGUI,LA PANQUEQUERIA,rappi,45.82,39.07,1.16,1
10/05/2026,8,COL,Medellín,14 ENVIGADO,LA PANQUEQUERIA,rappi,67.93,0.5,10.46,1
10/05/2026,8,COL,Medellín,12 LAURELES,LA PANQUEQUERIA,rappi,31.03,11.02,2.09,1
10/05/2026,8,COL,Medellín,11 MANILA,LA PANQUEQUERIA,rappi,59.23,41,0.74,1
10/05/2026,8,COL,Medellín,14 ENVIGADO,LA PANQUEQUERIA,rappi,,0,,1
10/05/2026,8,COL,Medellín,18 BELLO,LA PANQUEQUERIA,rappi,16.98,0.35,8.74,1
10/05/2026,8,COL,Medellín,29 ITAGUI,LA PANQUEQUERIA,rappi,103.34,2.87,0.22,1
10/05/2026,8,COL,Medellín,11 MANILA,LA PANQUEQUERIA,rappi,58.94,0.17,15.2,1
10/05/2026,9,COL,Medellín,11 MANILA,LA PANQUEQUERIA,rappi,75.94,24.92,0.26,1
10/05/2026,9,COL,Medellín,12 LAURELES,LA PANQUEQUERIA,rappi,16.99,12.43,0.98,1
10/05/2026,9,COL,Medellín,11 MANILA,LA PANQUEQUERIA,rappi,75.06,2,17.86,1
10/05/2026,9,COL,Medellín,14 ENVIGADO,LA PANQUEQUERIA,rappi,129.94,72.2,0.09,1
10/05/2026,9,COL,Medellín,14 ENVIGADO,LA PANQUEQUERIA,rappi,114.26,0,,1
10/05/2026,9,COL,Medellín,18 BELLO,LA PANQUEQUERIA,rappi,42.08,0.5,24.74,1
10/05/2026,9,COL,Medellín,12 LAURELES,LA PANQUEQUERIA,rappi,26.06,22.63,1.31,1
10/05/2026,9,COL,Medellín,11 MANILA,LA PANQUEQUERIA,rappi,64.05,19.23,1.05,1
10/05/2026,10,COL,Medellín,11 MANILA,LA PANQUEQUERIA,rappi,,0,,1
10/05/2026,10,COL,Medellín,29 ITAGUI,LA PANQUEQUERIA,rappi,,0,,1
10/05/2026,10,COL,Medellín,11 MANILA,LA PANQUEQUERIA,rappi,59.51,5.33,0.72,1
10/05/2026,10,COL,Medellín,11 MANILA,LA PANQUEQUERIA,rappi,35.91,31.67,0.47,1
10/05/2026,10,COL,Medellín,11 MANILA,LA PANQUEQUERIA,rappi,52.2,0.18,14.19,1
10/05/2026,11,COL,Medellín,12 LAURELES,LA PANQUEQUERIA,rappi,3.73,0.33,29.98,1
10/05/2026,16,COL,Medellín,12 LAURELES,LA PANQUEQUERIA,rappi,9.07,0.58,12.84,1
10/05/2026,20,COL,Medellín,18 BELLO,LA PANQUEQUERIA,rappi,22.13,2.15,1.98,1
10/05/2026,10,COL,Medellín,29 ITAGUI,Local - Cocina Consciente,rappi,67.01,60.48,0.1,1
10/05/2026,11,COL,Medellín,29 ITAGUI,Local - Cocina Consciente,rappi,26.34,22.18,0.75,1
10/05/2026,6,COL,Medellín,11 MANILA,Mañanero Diario,rappi,10.19,0.57,4,1
10/05/2026,7,COL,Medellín,14 ENVIGADO,Mañanero Diario,rappi,31.42,20.78,1.6,1
10/05/2026,7,COL,Medellín,29 ITAGUI,Mañanero Diario,rappi,55.99,30.5,0.87,1
10/05/2026,7,COL,Medellín,14 ENVIGADO,Mañanero Diario,rappi,14.21,2.23,2.48,1
10/05/2026,7,COL,Medellín,11 MANILA,Mañanero Diario,rappi,26.04,12.3,0.88,1
10/05/2026,7,COL,Medellín,12 LAURELES,Mañanero Diario,rappi,21.17,14.75,1.18,1
10/05/2026,9,COL,Medellín,29 ITAGUI,Mañanero Diario,rappi,154.65,40.82,0,1
10/05/2026,10,COL,Medellín,12 LAURELES,Mañanero Diario,rappi,31.12,0.65,5,1
10/05/2026,12,COL,Medellín,11 MANILA,MonteVerde,rappi,10.87,1.33,0.37,1
10/05/2026,13,COL,Medellín,29 ITAGUI,MonteVerde,rappi,18.16,0.07,8.83,1
10/05/2026,13,COL,Medellín,29 ITAGUI,MonteVerde,rappi,16.09,11.7,0.7,1
10/05/2026,16,COL,Medellín,14 ENVIGADO,MonteVerde,rappi,8.99,0,,1
10/05/2026,18,COL,Medellín,12 LAURELES,MonteVerde,rappi,10.95,5.75,0.06,1
10/05/2026,20,COL,Medellín,18 BELLO,MonteVerde,rappi,16.05,6.78,1,1
10/05/2026,21,COL,Medellín,29 ITAGUI,MonteVerde,rappi,18.02,9.77,2.26,1
10/05/2026,11,COL,Medellín,12 LAURELES,Monteverde Turbo,rappi,13.58,9.83,0.89,1
10/05/2026,12,COL,Medellín,12 LAURELES,Monteverde Turbo,rappi,4.58,0,0.32,1
10/05/2026,12,COL,Medellín,12 LAURELES,Monteverde Turbo,rappi,7.2,2.33,0.61,1
10/05/2026,13,COL,Medellín,12 LAURELES,Monteverde Turbo,rappi,5.3,1.3,0.93,1
10/05/2026,16,COL,Medellín,12 LAURELES,Monteverde Turbo,rappi,2.98,0,1,1
10/05/2026,18,COL,Medellín,11 MANILA,Monteverde Turbo,rappi,5.54,0.17,14.46,1
10/05/2026,20,COL,Medellín,11 MANILA,Monteverde Turbo,rappi,4.79,0.23,26.79,1
10/05/2026,20,COL,Medellín,11 MANILA,Monteverde Turbo,rappi,3.65,0.25,29.25,1
10/05/2026,22,COL,Medellín,12 LAURELES,Monteverde Turbo,rappi,1.99,1.13,56.98,1
10/05/2026,22,COL,Medellín,12 LAURELES,Monteverde Turbo,rappi,5.11,0.33,1.41,1
10/05/2026,22,COL,Medellín,12 LAURELES,Monteverde Turbo,rappi,6.81,0.43,43.93,1
10/05/2026,12,COL,Medellín,12 LAURELES,Mr Beast Burger,rappi,10.81,0.32,23.37,1
10/05/2026,12,COL,Medellín,11 MANILA,Mr Beast Burger,rappi,11.54,0.17,14.28,1
10/05/2026,12,COL,Medellín,29 ITAGUI,Mr Beast Burger,rappi,51.72,41.5,0.14,1
10/05/2026,12,COL,Medellín,12 LAURELES,Mr Beast Burger,rappi,17.57,0.28,40.33,1
10/05/2026,13,COL,Medellín,12 LAURELES,Mr Beast Burger,rappi,4.31,0.8,17.88,1
10/05/2026,14,COL,Medellín,29 ITAGUI,Mr Beast Burger,rappi,23.9,4.42,0.97,1
10/05/2026,16,COL,Medellín,29 ITAGUI,Mr Beast Burger,rappi,19.97,11.07,2.08,1
10/05/2026,17,COL,Medellín,12 LAURELES,Mr Beast Burger,rappi,8.82,4.73,0.99,1
10/05/2026,18,COL,Medellín,11 MANILA,Mr Beast Burger,rappi,6.48,0.52,18.47,1
10/05/2026,18,COL,Medellín,12 LAURELES,Mr Beast Burger,rappi,21.04,2.15,0.94,1
10/05/2026,19,COL,Medellín,12 LAURELES,Mr Beast Burger,rappi,2.85,0.47,11.25,1
10/05/2026,22,COL,Medellín,12 LAURELES,Mr Beast Burger,rappi,5.08,0.33,0.93,1
10/05/2026,23,COL,Medellín,12 LAURELES,Mr Beast Burger,rappi,9.97,1.2,1,1
10/05/2026,12,COL,Medellín,12 LAURELES,Mr Beast Burger Turbo,rappi,7.78,3.33,0.8,1
10/05/2026,13,COL,Medellín,12 LAURELES,Mr Beast Burger Turbo,rappi,9.38,5.03,0.7,1
10/05/2026,15,COL,Medellín,12 LAURELES,Mr Beast Burger Turbo,rappi,9.68,5.28,0.97,1
10/05/2026,15,COL,Medellín,12 LAURELES,Mr Beast Burger Turbo,rappi,4.3,0,0.1,1
10/05/2026,15,COL,Medellín,12 LAURELES,Mr Beast Burger Turbo,rappi,4.04,0.22,2.98,1
10/05/2026,16,COL,Medellín,12 LAURELES,Mr Beast Burger Turbo,rappi,6.9,0.2,0.93,1
10/05/2026,16,COL,Medellín,12 LAURELES,Mr Beast Burger Turbo,rappi,7.76,3.23,0.36,1
10/05/2026,16,COL,Medellín,12 LAURELES,Mr Beast Burger Turbo,rappi,10.06,5.3,0.5,1
10/05/2026,18,COL,Medellín,12 LAURELES,Mr Beast Burger Turbo,rappi,5.94,1.53,0.77,1
10/05/2026,19,COL,Medellín,12 LAURELES,Mr Beast Burger Turbo,rappi,7.79,2.82,0.09,1
10/05/2026,19,COL,Medellín,12 LAURELES,Mr Beast Burger Turbo,rappi,3.77,0.28,4.92,1
10/05/2026,19,COL,Medellín,12 LAURELES,Mr Beast Burger Turbo,rappi,5.16,0.25,1.16,1
10/05/2026,20,COL,Medellín,12 LAURELES,Mr Beast Burger Turbo,rappi,8.67,2.42,0.05,1
10/05/2026,20,COL,Medellín,12 LAURELES,Mr Beast Burger Turbo,rappi,5.04,1.48,1.21,1
10/05/2026,21,COL,Medellín,12 LAURELES,Mr Beast Burger Turbo,rappi,7.03,2.27,0.12,1
10/05/2026,21,COL,Medellín,12 LAURELES,Mr Beast Burger Turbo,rappi,6.73,0.92,0.07,1
10/05/2026,21,COL,Medellín,12 LAURELES,Mr Beast Burger Turbo,rappi,6.96,1.98,0.08,1
10/05/2026,21,COL,Medellín,12 LAURELES,Mr Beast Burger Turbo,rappi,6.24,0.25,0.33,1
10/05/2026,16,COL,Medellín,11 MANILA,Ñamgucheria Turbo,rappi,5.9,0.58,18.96,1
10/05/2026,20,COL,Medellín,11 MANILA,Ñamgucheria Turbo,rappi,9.2,0.4,13.67,1
10/05/2026,21,COL,Medellín,12 LAURELES,Ñamgucheria Turbo,rappi,5.68,0.45,0,1
10/05/2026,12,COL,Medellín,14 ENVIGADO,Numa Cocina Mediterranea,rappi,14.26,9,0.81,1
10/05/2026,22,COL,Medellín,12 LAURELES,Numa Cocina Mediterranea,rappi,12.18,0.15,8.15,1
10/05/2026,7,COL,Medellín,11 MANILA,Pret Sandwich Bistro,rappi,21.44,0.48,6.84,1
10/05/2026,19,COL,Medellín,12 LAURELES,Pret Sandwich Bistro,rappi,7,0.65,32.99,1
10/05/2026,21,COL,Medellín,11 MANILA,Pret Sandwich Bistro,rappi,12.84,0.32,13.18,1
10/05/2026,8,COL,Medellín,11 MANILA,San Jeronimo,rappi,,5.5,0.36,1
10/05/2026,16,COL,Medellín,12 LAURELES,San Jeronimo,rappi,,0.32,80.3,1
10/05/2026,16,COL,Medellín,12 LAURELES,San Jeronimo,rappi,,0.58,52.87,1
10/05/2026,21,COL,Medellín,11 MANILA,SAN JERÓNIMO TURBO,rappi,,2.18,7.15,1
10/05/2026,22,COL,Medellín,12 LAURELES,SAN JERÓNIMO TURBO,rappi,,0.27,22.18,1
10/05/2026,8,COL,Medellín,14 ENVIGADO,SÁNDUCHES EL JEFE,rappi,86.09,3.65,0.15,1
10/05/2026,9,COL,Medellín,12 LAURELES,SÁNDUCHES EL JEFE,rappi,16.13,9.92,1.83,1
10/05/2026,10,COL,Medellín,18 BELLO,SÁNDUCHES EL JEFE,rappi,37.23,7.47,0.81,1
10/05/2026,18,COL,Medellín,14 ENVIGADO,SÁNDUCHES EL JEFE,rappi,7.11,0.3,0.19,1
10/05/2026,18,COL,Medellín,14 ENVIGADO,SÁNDUCHES EL JEFE,rappi,7.86,0.55,8.83,1
10/05/2026,10,COL,Medellín,12 LAURELES,Selvatiko,rappi,19.39,7.32,1.83,1
10/05/2026,20,COL,Medellín,11 MANILA,Selvatiko Turbo,rappi,4.53,0,,1
10/05/2026,23,COL,Medellín,14 ENVIGADO,Señor Burrito,rappi,19.14,6.35,0.97,1
10/05/2026,22,COL,Medellín,12 LAURELES,Señor Burrito Turbo,rappi,4.46,0,,1
10/05/2026,22,COL,Medellín,12 LAURELES,Señor Burrito Turbo,rappi,4.12,0.42,41.86,1
10/05/2026,6,COL,Medellín,11 MANILA,The Breakfast Club,rappi,8.84,0.33,27.84,1
10/05/2026,6,COL,Medellín,11 MANILA,The Breakfast Club,rappi,4.22,0.38,2.19,1
10/05/2026,6,COL,Medellín,11 MANILA,The Breakfast Club,rappi,17.79,2.32,0.18,1
10/05/2026,6,COL,Medellín,11 MANILA,The Breakfast Club,rappi,11.83,2.17,1.02,1
10/05/2026,6,COL,Medellín,11 MANILA,The Breakfast Club,rappi,12.06,5.28,0.59,1
10/05/2026,7,COL,Medellín,29 ITAGUI,The Breakfast Club,rappi,15.04,10.25,0.12,1
10/05/2026,7,COL,Medellín,14 ENVIGADO,The Breakfast Club,rappi,26.18,13.7,0.83,1
10/05/2026,7,COL,Medellín,29 ITAGUI,The Breakfast Club,rappi,35.03,29.87,3.91,1
10/05/2026,7,COL,Medellín,11 MANILA,The Breakfast Club,rappi,15.8,10.38,23.47,1
10/05/2026,7,COL,Medellín,14 ENVIGADO,The Breakfast Club,rappi,10.49,5.1,2.98,1
10/05/2026,7,COL,Medellín,11 MANILA,The Breakfast Club,rappi,21.66,3.35,0.22,1
10/05/2026,7,COL,Medellín,14 ENVIGADO,The Breakfast Club,rappi,24.16,20.25,0.98,1
10/05/2026,7,COL,Medellín,14 ENVIGADO,The Breakfast Club,rappi,11.28,20.25,13.86,1
10/05/2026,7,COL,Medellín,18 BELLO,The Breakfast Club,rappi,6.02,0.23,1.15,1
10/05/2026,7,COL,Medellín,11 MANILA,The Breakfast Club,rappi,27.09,23.82,18.8,1
10/05/2026,7,COL,Medellín,11 MANILA,The Breakfast Club,rappi,19.07,10.38,1.23,1
10/05/2026,7,COL,Medellín,14 ENVIGADO,The Breakfast Club,rappi,,0,,1
10/05/2026,7,COL,Medellín,14 ENVIGADO,The Breakfast Club,rappi,37.03,31.08,0.04,1
10/05/2026,7,COL,Medellín,11 MANILA,The Breakfast Club,rappi,28.83,18.15,0.38,1
10/05/2026,7,COL,Medellín,14 ENVIGADO,The Breakfast Club,rappi,49.45,9.23,1.72,1
10/05/2026,7,COL,Medellín,11 MANILA,The Breakfast Club,rappi,28.78,26.25,9.09,1
10/05/2026,7,COL,Medellín,14 ENVIGADO,The Breakfast Club,rappi,54.17,15.15,,1
10/05/2026,7,COL,Medellín,11 MANILA,The Breakfast Club,rappi,31.08,1.27,0.73,1
10/05/2026,7,COL,Medellín,11 MANILA,The Breakfast Club,rappi,30.04,2.93,0.25,1
10/05/2026,7,COL,Medellín,14 ENVIGADO,The Breakfast Club,rappi,70.98,30.83,1.1,1
10/05/2026,7,COL,Medellín,18 BELLO,The Breakfast Club,rappi,13.05,2.3,3.95,1
10/05/2026,7,COL,Medellín,14 ENVIGADO,The Breakfast Club,rappi,48.26,0,,1
10/05/2026,7,COL,Medellín,11 MANILA,The Breakfast Club,rappi,35.08,19.7,18.07,1
10/05/2026,7,COL,Medellín,29 ITAGUI,The Breakfast Club,rappi,38.25,0.83,0.96,1
10/05/2026,8,COL,Medellín,11 MANILA,The Breakfast Club,rappi,50.39,3.7,1.06,1
10/05/2026,8,COL,Medellín,14 ENVIGADO,The Breakfast Club,rappi,,0,,1
10/05/2026,8,COL,Medellín,14 ENVIGADO,The Breakfast Club,rappi,71,0.77,39.5,1
10/05/2026,8,COL,Medellín,14 ENVIGADO,The Breakfast Club,rappi,73.16,0.72,9.22,1
10/05/2026,8,COL,Medellín,11 MANILA,The Breakfast Club,rappi,,0,,1
10/05/2026,8,COL,Medellín,29 ITAGUI,The Breakfast Club,rappi,,0,,1
10/05/2026,8,COL,Medellín,29 ITAGUI,The Breakfast Club,rappi,71.03,65.52,0.22,1
10/05/2026,8,COL,Medellín,14 ENVIGADO,The Breakfast Club,rappi,,0,,1
10/05/2026,8,COL,Medellín,14 ENVIGADO,The Breakfast Club,rappi,83.17,11.83,1.23,1
10/05/2026,8,COL,Medellín,11 MANILA,The Breakfast Club,rappi,56.93,19.22,0.67,1
10/05/2026,8,COL,Medellín,29 ITAGUI,The Breakfast Club,rappi,89.35,5.68,0.9,1
10/05/2026,8,COL,Medellín,29 ITAGUI,The Breakfast Club,rappi,,0,,1
10/05/2026,8,COL,Medellín,11 MANILA,The Breakfast Club,rappi,57.35,5.35,43,1
10/05/2026,8,COL,Medellín,11 MANILA,The Breakfast Club,rappi,59.54,20.25,0.99,1
10/05/2026,8,COL,Medellín,11 MANILA,The Breakfast Club,rappi,60.09,16.93,1.02,1
10/05/2026,8,COL,Medellín,11 MANILA,The Breakfast Club,rappi,57.95,0.12,55.04,1
10/05/2026,8,COL,Medellín,11 MANILA,The Breakfast Club,rappi,23.01,14.07,0.17,1
10/05/2026,8,COL,Medellín,11 MANILA,The Breakfast Club,rappi,58.33,51.4,32.92,1
10/05/2026,8,COL,Medellín,11 MANILA,The Breakfast Club,rappi,59.73,1.33,21.52,1
10/05/2026,8,COL,Medellín,11 MANILA,The Breakfast Club,rappi,59.91,0.28,23.65,1
10/05/2026,8,COL,Medellín,14 ENVIGADO,The Breakfast Club,rappi,,0,,1
10/05/2026,8,COL,Medellín,11 MANILA,The Breakfast Club,rappi,60.81,5.17,3.19,1
10/05/2026,8,COL,Medellín,11 MANILA,The Breakfast Club,rappi,62.95,1.83,4.28,1
10/05/2026,8,COL,Medellín,11 MANILA,The Breakfast Club,rappi,65.9,48.45,0.89,1
10/05/2026,8,COL,Medellín,11 MANILA,The Breakfast Club,rappi,65.96,7.48,1.16,1
10/05/2026,8,COL,Medellín,11 MANILA,The Breakfast Club,rappi,66.99,46.4,0.66,1
10/05/2026,8,COL,Medellín,11 MANILA,The Breakfast Club,rappi,68.15,58.87,0.97,1
10/05/2026,8,COL,Medellín,11 MANILA,The Breakfast Club,rappi,76.96,51.4,1.13,1
10/05/2026,8,COL,Medellín,18 BELLO,The Breakfast Club,rappi,14.17,0.48,3.25,1
10/05/2026,8,COL,Medellín,18 BELLO,The Breakfast Club,rappi,13.13,0.47,1.92,1
10/05/2026,9,COL,Medellín,29 ITAGUI,The Breakfast Club,rappi,123.91,0.52,9.19,1
10/05/2026,9,COL,Medellín,18 BELLO,The Breakfast Club,rappi,16.1,3.23,0.08,1
10/05/2026,9,COL,Medellín,11 MANILA,The Breakfast Club,rappi,75.04,6.7,0.98,1
10/05/2026,9,COL,Medellín,11 MANILA,The Breakfast Club,rappi,71.3,63.95,0.88,1
10/05/2026,9,COL,Medellín,29 ITAGUI,The Breakfast Club,rappi,84.3,42.22,0.63,1
10/05/2026,9,COL,Medellín,18 BELLO,The Breakfast Club,rappi,25.87,1.48,8.33,1
10/05/2026,9,COL,Medellín,29 ITAGUI,The Breakfast Club,rappi,,0,,1
10/05/2026,9,COL,Medellín,29 ITAGUI,The Breakfast Club,rappi,,0,,1
10/05/2026,9,COL,Medellín,18 BELLO,The Breakfast Club,rappi,42.08,22.28,0.06,1
10/05/2026,10,COL,Medellín,29 ITAGUI,The Breakfast Club,rappi,,0,,1
10/05/2026,10,COL,Medellín,11 MANILA,The Breakfast Club,rappi,76.81,0.22,5.93,1
10/05/2026,10,COL,Medellín,14 ENVIGADO,The Breakfast Club,rappi,,0,,1
10/05/2026,10,COL,Medellín,14 ENVIGADO,The Breakfast Club,rappi,,0,,1
10/05/2026,10,COL,Medellín,11 MANILA,The Breakfast Club,rappi,,0,,1
10/05/2026,10,COL,Medellín,14 ENVIGADO,The Breakfast Club,rappi,59.34,20.98,0.53,1
10/05/2026,10,COL,Medellín,29 ITAGUI,The Breakfast Club,rappi,,0,,1
10/05/2026,10,COL,Medellín,14 ENVIGADO,The Breakfast Club,rappi,77.91,2.62,0.09,1
10/05/2026,10,COL,Medellín,11 MANILA,The Breakfast Club,rappi,61.13,0.33,7.27,1
10/05/2026,10,COL,Medellín,18 BELLO,The Breakfast Club,rappi,43.29,13.97,0.1,1
10/05/2026,10,COL,Medellín,11 MANILA,The Breakfast Club,rappi,60.38,46.6,0.64,1
10/05/2026,10,COL,Medellín,11 MANILA,The Breakfast Club,rappi,46.98,0.17,4.25,1
10/05/2026,10,COL,Medellín,11 MANILA,The Breakfast Club,rappi,37.7,0.33,7.31,1
10/05/2026,11,COL,Medellín,18 BELLO,The Breakfast Club,rappi,27.84,22.92,0.09,1
10/05/2026,11,COL,Medellín,11 MANILA,The Breakfast Club,rappi,14.03,0.32,26.91,1
10/05/2026,11,COL,Medellín,11 MANILA,The Breakfast Club,rappi,11.88,2.28,30.84,1
10/05/2026,12,COL,Medellín,11 MANILA,The Breakfast Club,rappi,11.5,0.65,5.76,1
10/05/2026,12,COL,Medellín,18 BELLO,The Breakfast Club,rappi,22.05,14.08,0.25,1
10/05/2026,12,COL,Medellín,14 ENVIGADO,The Breakfast Club,rappi,38.16,12.7,1.39,1
10/05/2026,12,COL,Medellín,11 MANILA,The Breakfast Club,rappi,3.68,0.4,30.24,1
10/05/2026,13,COL,Medellín,11 MANILA,The Breakfast Club,rappi,7.22,0.22,23.5,1
10/05/2026,13,COL,Medellín,14 ENVIGADO,The Breakfast Club,rappi,29.88,0.08,12.04,1
10/05/2026,13,COL,Medellín,14 ENVIGADO,The Breakfast Club,rappi,34.07,6.6,2.08,1
10/05/2026,13,COL,Medellín,14 ENVIGADO,The Breakfast Club,rappi,34.29,6.6,1.86,1
10/05/2026,21,COL,Medellín,11 MANILA,The Breakfast Club,rappi,,0.32,21.5,1
10/05/2026,6,COL,Medellín,11 MANILA,The Breakfast Club Turbo,rappi,2.81,0.3,17.43,1
10/05/2026,7,COL,Medellín,11 MANILA,The Breakfast Club Turbo,rappi,25.01,3.45,0.34,1
10/05/2026,7,COL,Medellín,11 MANILA,The Breakfast Club Turbo,rappi,28.13,0.98,11.28,1
10/05/2026,8,COL,Medellín,12 LAURELES,The Breakfast Club Turbo,rappi,4.96,0.77,0.89,1
10/05/2026,8,COL,Medellín,12 LAURELES,The Breakfast Club Turbo,rappi,12.05,9.23,2.07,1
10/05/2026,8,COL,Medellín,11 MANILA,The Breakfast Club Turbo,rappi,28.5,12.15,0.34,1
10/05/2026,9,COL,Medellín,12 LAURELES,The Breakfast Club Turbo,rappi,5.99,1.68,0.39,1
10/05/2026,9,COL,Medellín,11 MANILA,The Breakfast Club Turbo,rappi,,0,,1
10/05/2026,9,COL,Medellín,11 MANILA,The Breakfast Club Turbo,rappi,,0,,1
10/05/2026,9,COL,Medellín,12 LAURELES,The Breakfast Club Turbo,rappi,6.16,2.02,0.89,1
10/05/2026,13,COL,Medellín,12 LAURELES,The Breakfast Club Turbo,rappi,5.01,0.57,0.72,1
10/05/2026,13,COL,Medellín,11 MANILA,The Breakfast Club Turbo,rappi,7.59,0.17,18.86,1
10/05/2026,20,COL,Medellín,11 MANILA,The Breakfast Club Turbo,rappi,6.15,0.15,7.96,1
10/05/2026,22,COL,Medellín,12 LAURELES,The Breakfast Club Turbo,rappi,9.99,0.25,32.89,1
10/05/2026,22,COL,Medellín,12 LAURELES,The Breakfast Club Turbo,rappi,4.83,0.47,29.3,1
10/05/2026,6,COL,Medellín,14 ENVIGADO,The Egg Spot,rappi,14.12,6.52,0.54,1
10/05/2026,7,COL,Medellín,12 LAURELES,The Egg Spot,rappi,10.06,2.15,8.15,1
10/05/2026,7,COL,Medellín,12 LAURELES,The Egg Spot,rappi,3.43,0.07,10.59,1
10/05/2026,7,COL,Medellín,12 LAURELES,The Egg Spot,rappi,8.37,4.4,0.86,1
10/05/2026,7,COL,Medellín,12 LAURELES,The Egg Spot,rappi,10.99,7.1,1.06,1
10/05/2026,9,COL,Medellín,29 ITAGUI,The Egg Spot,rappi,,0,,1
10/05/2026,9,COL,Medellín,14 ENVIGADO,The Egg Spot,rappi,99.22,0,,1
10/05/2026,9,COL,Medellín,29 ITAGUI,The Egg Spot,rappi,,0,,1
10/05/2026,13,COL,Medellín,14 ENVIGADO,The Egg Spot,rappi,27.93,0.53,13.92,1
10/05/2026,7,COL,Medellín,11 MANILA,The Egg Spot Turbo,rappi,4.15,0,,1
10/05/2026,7,COL,Medellín,11 MANILA,The Egg Spot Turbo,rappi,21.94,17.67,0.89,1
10/05/2026,8,COL,Medellín,12 LAURELES,The Egg Spot Turbo,rappi,13.61,10.37,2.03,1
10/05/2026,8,COL,Medellín,12 LAURELES,The Egg Spot Turbo,rappi,3.93,0.05,1.08,1
10/05/2026,9,COL,Medellín,11 MANILA,The Egg Spot Turbo,rappi,,0,,1
10/05/2026,9,COL,Medellín,11 MANILA,The Egg Spot Turbo,rappi,66.24,0,,1
10/05/2026,9,COL,Medellín,12 LAURELES,The Egg Spot Turbo,rappi,12.07,7.97,0.9,1
10/05/2026,9,COL,Medellín,11 MANILA,The Egg Spot Turbo,rappi,48.79,0,,1
10/05/2026,10,COL,Medellín,12 LAURELES,The Egg Spot Turbo,rappi,5.71,1.05,0.31,1
10/05/2026,11,COL,Medellín,12 LAURELES,The Egg Spot Turbo,rappi,5.67,1.02,0.35,1
10/05/2026,16,COL,Medellín,11 MANILA,The Egg Spot Turbo,rappi,6.7,0.3,8.36,1
10/05/2026,17,COL,Medellín,12 LAURELES,The Egg Spot Turbo,rappi,5.96,1.73,0.87,1
10/05/2026,18,COL,Medellín,12 LAURELES,The Egg Spot Turbo,rappi,6.33,1.68,0.47,1
10/05/2026,6,COL,Medellín,14 ENVIGADO,Vicio,rappi,,2.32,39.37,1
10/05/2026,11,COL,Medellín,12 LAURELES,Vicio,rappi,,0.32,12.83,1
10/05/2026,11,COL,Medellín,29 ITAGUI,Vicio,rappi,,3.62,0.88,1
10/05/2026,13,COL,Medellín,11 MANILA,Vicio,rappi,,0.28,21.88,1
10/05/2026,18,COL,Medellín,12 LAURELES,Vicio,rappi,,0,1.01,1
10/05/2026,21,COL,Medellín,14 ENVIGADO,Vicio,rappi,,0.33,24.2,1
10/05/2026,22,COL,Medellín,14 ENVIGADO,Vicio,rappi,,0.38,112.24,1
10/05/2026,8,COL,Medellín,11 MANILA,Vicio Turbo,rappi,,0.52,44.3,1
10/05/2026,9,COL,Medellín,14 ENVIGADO,Vicio Turbo,rappi,,0,,1
10/05/2026,10,COL,Medellín,11 MANILA,Vicio Turbo,rappi,,34.67,7.91,1
10/05/2026,16,COL,Medellín,11 MANILA,Vicio Turbo,rappi,,0,4.68,1
10/05/2026,20,COL,Medellín,14 ENVIGADO,Vicio Turbo,rappi,,0,,1
10/05/2026,21,COL,Medellín,11 MANILA,Vicio Turbo,rappi,,0.12,10.48,1
10/05/2026,12,COL,Pereira,28 PEREIRA,Almuerzos de la Casa,rappi,19.83,0.23,15.34,1
10/05/2026,12,COL,Pereira,28 PEREIRA,Almuerzos de la Casa,rappi,20.97,4.72,1.39,1
10/05/2026,17,COL,Pereira,28 PEREIRA,Almuerzos de la Casa,rappi,7.96,2.1,25.28,1
10/05/2026,6,COL,Pereira,28 PEREIRA,Avocalia,rappi,3.91,1.92,18.33,1
10/05/2026,7,COL,Pereira,28 PEREIRA,Avocalia,rappi,23.06,0.62,3.88,1
10/05/2026,7,COL,Pereira,28 PEREIRA,Avocalia,rappi,47.93,41,0.1,1
10/05/2026,7,COL,Pereira,28 PEREIRA,Avocalia,rappi,48.2,3.37,0.72,1
10/05/2026,8,COL,Pereira,28 PEREIRA,Avocalia,rappi,71.1,42.5,0.44,1
10/05/2026,9,COL,Pereira,28 PEREIRA,Avocalia,rappi,78.41,0,,1
10/05/2026,9,COL,Pereira,28 PEREIRA,Avocalia,rappi,83.4,29.72,0.91,1
10/05/2026,12,COL,Pereira,28 PEREIRA,Avocalia,rappi,21.19,8.02,0.85,1
10/05/2026,12,COL,Pereira,28 PEREIRA,Avocalia,rappi,14.29,10.02,0.7,1
10/05/2026,12,COL,Pereira,28 PEREIRA,Avocalia,rappi,5.31,0.5,29.7,1
10/05/2026,13,COL,Pereira,28 PEREIRA,Avocalia,rappi,7.81,0.47,61.05,1
10/05/2026,13,COL,Pereira,28 PEREIRA,Avocalia,rappi,5.18,0.47,15.89,1
10/05/2026,13,COL,Pereira,28 PEREIRA,Avocalia,rappi,5.34,9.25,32.67,1
10/05/2026,13,COL,Pereira,28 PEREIRA,Avocalia,rappi,16.95,0.32,29.39,1
10/05/2026,13,COL,Pereira,28 PEREIRA,Avocalia,rappi,12.6,0.17,17.13,1
10/05/2026,14,COL,Pereira,28 PEREIRA,Avocalia,rappi,33.06,8.98,1.24,1
10/05/2026,18,COL,Pereira,28 PEREIRA,Avocalia,rappi,3.73,0.38,22.25,1
10/05/2026,7,COL,Pereira,28 PEREIRA,Bottaniko,rappi,27.15,21.33,0.52,1
10/05/2026,6,COL,Pereira,28 PEREIRA,Brunch & Munch,rappi,5.45,0.4,14.7,1
10/05/2026,6,COL,Pereira,28 PEREIRA,Brunch & Munch,rappi,4.17,0.3,28.57,1
10/05/2026,6,COL,Pereira,28 PEREIRA,Brunch & Munch,rappi,4.53,0.7,7.37,1
10/05/2026,7,COL,Pereira,28 PEREIRA,Brunch & Munch,rappi,15.99,6.68,2.89,1
10/05/2026,7,COL,Pereira,28 PEREIRA,Brunch & Munch,rappi,17.86,6.67,0.16,1
10/05/2026,7,COL,Pereira,28 PEREIRA,Brunch & Munch,rappi,17.68,1.45,12.18,1
10/05/2026,7,COL,Pereira,28 PEREIRA,Brunch & Munch,rappi,16.44,2.87,8.93,1
10/05/2026,7,COL,Pereira,28 PEREIRA,Brunch & Munch,rappi,31.82,19.33,0.08,1
10/05/2026,7,COL,Pereira,28 PEREIRA,Brunch & Munch,rappi,25.38,2.83,6.01,1
10/05/2026,7,COL,Pereira,28 PEREIRA,Brunch & Munch,rappi,30.98,22.12,0.95,1
10/05/2026,7,COL,Pereira,28 PEREIRA,Brunch & Munch,rappi,26.2,0.3,8.93,1
10/05/2026,7,COL,Pereira,28 PEREIRA,Brunch & Munch,rappi,39.69,0.25,12.24,1
10/05/2026,7,COL,Pereira,28 PEREIRA,Brunch & Munch,rappi,46.12,5.48,0.07,1
10/05/2026,7,COL,Pereira,28 PEREIRA,Brunch & Munch,rappi,39.8,82.6,98.2,1
10/05/2026,7,COL,Pereira,28 PEREIRA,Brunch & Munch,rappi,46.16,35.82,0.61,1
10/05/2026,8,COL,Pereira,28 PEREIRA,Brunch & Munch,rappi,51.18,37.77,3.77,1
10/05/2026,8,COL,Pereira,28 PEREIRA,Brunch & Munch,rappi,48.48,3.2,0.74,1
10/05/2026,8,COL,Pereira,28 PEREIRA,Brunch & Munch,rappi,46.31,46.45,33.2,1
10/05/2026,8,COL,Pereira,28 PEREIRA,Brunch & Munch,rappi,52.1,31.1,0.25,1
10/05/2026,8,COL,Pereira,28 PEREIRA,Brunch & Munch,rappi,54.06,43.07,0.69,1
10/05/2026,8,COL,Pereira,28 PEREIRA,Brunch & Munch,rappi,56.52,42.93,0.2,1
10/05/2026,8,COL,Pereira,28 PEREIRA,Brunch & Munch,rappi,65.68,0.65,16.57,1
10/05/2026,8,COL,Pereira,28 PEREIRA,Brunch & Munch,rappi,62.13,39.85,8.37,1
10/05/2026,8,COL,Pereira,28 PEREIRA,Brunch & Munch,rappi,59.98,0.37,4.01,1
10/05/2026,8,COL,Pereira,28 PEREIRA,Brunch & Munch,rappi,68.78,39.85,0.42,1
10/05/2026,8,COL,Pereira,28 PEREIRA,Brunch & Munch,rappi,57.02,54.65,2.35,1
10/05/2026,8,COL,Pereira,28 PEREIRA,Brunch & Munch,rappi,58.02,1.33,62.29,1
10/05/2026,8,COL,Pereira,28 PEREIRA,Brunch & Munch,rappi,61,0,,1
10/05/2026,8,COL,Pereira,28 PEREIRA,Brunch & Munch,rappi,58.18,37.9,0.34,1
10/05/2026,8,COL,Pereira,28 PEREIRA,Brunch & Munch,rappi,56.22,71.53,20.07,1
10/05/2026,8,COL,Pereira,28 PEREIRA,Brunch & Munch,rappi,76.13,71.58,0.23,1
10/05/2026,8,COL,Pereira,28 PEREIRA,Brunch & Munch,rappi,66.23,5.1,0.75,1
10/05/2026,8,COL,Pereira,28 PEREIRA,Brunch & Munch,rappi,70.08,15.93,1.47,1
10/05/2026,8,COL,Pereira,28 PEREIRA,Brunch & Munch,rappi,83.34,73.28,0,1
10/05/2026,8,COL,Pereira,28 PEREIRA,Brunch & Munch,rappi,83.83,80.08,1.2,1
10/05/2026,8,COL,Pereira,28 PEREIRA,Brunch & Munch,rappi,70.26,62.05,0.79,1
10/05/2026,8,COL,Pereira,28 PEREIRA,Brunch & Munch,rappi,83.97,0,,1
10/05/2026,8,COL,Pereira,28 PEREIRA,Brunch & Munch,rappi,82.03,0.15,58.8,1
10/05/2026,8,COL,Pereira,28 PEREIRA,Brunch & Munch,rappi,82.04,37.08,0.73,1
10/05/2026,8,COL,Pereira,28 PEREIRA,Brunch & Munch,rappi,43.18,37.08,14.93,1
10/05/2026,9,COL,Pereira,28 PEREIRA,Brunch & Munch,rappi,41.36,29.73,1.6,1
10/05/2026,9,COL,Pereira,28 PEREIRA,Brunch & Munch,rappi,81.94,27.87,0.75,1
10/05/2026,9,COL,Pereira,28 PEREIRA,Brunch & Munch,rappi,85.98,6.77,0.27,1
10/05/2026,9,COL,Pereira,28 PEREIRA,Brunch & Munch,rappi,94.07,125.4,42.19,1
10/05/2026,9,COL,Pereira,28 PEREIRA,Brunch & Munch,rappi,68.55,1,2.19,1
10/05/2026,9,COL,Pereira,28 PEREIRA,Brunch & Munch,rappi,51.98,0.15,26.95,1
10/05/2026,9,COL,Pereira,28 PEREIRA,Brunch & Munch,rappi,53.2,30.1,0.77,1
10/05/2026,9,COL,Pereira,28 PEREIRA,Brunch & Munch,rappi,86.77,75.38,1.08,1
10/05/2026,9,COL,Pereira,28 PEREIRA,Brunch & Munch,rappi,84.93,0.15,16.26,1
10/05/2026,9,COL,Pereira,28 PEREIRA,Brunch & Munch,rappi,94.14,4.02,0.91,1
10/05/2026,9,COL,Pereira,28 PEREIRA,Brunch & Munch,rappi,90.81,29.17,1.1,1
10/05/2026,10,COL,Pereira,28 PEREIRA,Brunch & Munch,rappi,76.5,0.22,9.73,1
10/05/2026,10,COL,Pereira,28 PEREIRA,Brunch & Munch,rappi,85.17,0.15,11.79,1
10/05/2026,10,COL,Pereira,28 PEREIRA,Brunch & Munch,rappi,,0,,1
10/05/2026,10,COL,Pereira,28 PEREIRA,Brunch & Munch,rappi,85.18,95.4,15.04,1
10/05/2026,10,COL,Pereira,28 PEREIRA,Brunch & Munch,rappi,83.32,50.05,1.07,1
10/05/2026,13,COL,Pereira,28 PEREIRA,Brunch & Munch,rappi,6.14,0.28,28.86,1
10/05/2026,15,COL,Pereira,28 PEREIRA,Brunch & Munch,rappi,18.69,6.9,1.12,1
10/05/2026,16,COL,Pereira,28 PEREIRA,Brunch & Munch,rappi,,0.45,26.83,1
10/05/2026,20,COL,Pereira,28 PEREIRA,Brunch & Munch,rappi,20.83,11.78,0.1,1
10/05/2026,9,COL,Pereira,28 PEREIRA,Burritos & Co,rappi,84.63,0.2,8.99,1
10/05/2026,13,COL,Pereira,28 PEREIRA,Burritos & Co,rappi,9.33,0.37,6.76,1
10/05/2026,14,COL,Pereira,28 PEREIRA,Burritos & Co,rappi,6.13,0.22,16.94,1
10/05/2026,18,COL,Pereira,28 PEREIRA,Burritos & Co,rappi,10.02,0.88,22,1
10/05/2026,20,COL,Pereira,28 PEREIRA,Burritos & Co,rappi,3.92,0.6,11.13,1
10/05/2026,22,COL,Pereira,28 PEREIRA,Burritos & Co,rappi,13.54,4.15,1.56,1
10/05/2026,6,COL,Pereira,28 PEREIRA,Cinnabon,rappi,3,0.83,6.17,1
10/05/2026,8,COL,Pereira,28 PEREIRA,Cinnabon,rappi,88.39,77.08,0.56,1
10/05/2026,9,COL,Pereira,28 PEREIRA,Cinnabon,rappi,87.98,77.95,0.33,1
10/05/2026,9,COL,Pereira,28 PEREIRA,Cinnabon,rappi,77.52,22.58,0.38,1
10/05/2026,9,COL,Pereira,28 PEREIRA,Cinnabon,rappi,90.13,68.05,0.88,1
10/05/2026,14,COL,Pereira,28 PEREIRA,Cinnabon,rappi,,0,,1
10/05/2026,7,COL,Pereira,28 PEREIRA,Desayunos Colombianos,rappi,30.04,0.4,0.31,1
10/05/2026,7,COL,Pereira,28 PEREIRA,Desayunos Colombianos,rappi,33.06,28.47,1.09,1
10/05/2026,8,COL,Pereira,28 PEREIRA,Desayunos Colombianos,rappi,72.44,16.05,0.61,1
10/05/2026,8,COL,Pereira,28 PEREIRA,Desayunos Colombianos,rappi,71.03,0,,1
10/05/2026,8,COL,Pereira,28 PEREIRA,Desayunos Colombianos,rappi,62.28,65.58,10.77,1
10/05/2026,8,COL,Pereira,28 PEREIRA,Desayunos Colombianos,rappi,72.34,65.6,0.71,1
10/05/2026,8,COL,Pereira,28 PEREIRA,Desayunos Colombianos,rappi,65.16,7.63,0.14,1
10/05/2026,8,COL,Pereira,28 PEREIRA,Desayunos Colombianos,rappi,74.21,0.15,32.83,1
10/05/2026,8,COL,Pereira,28 PEREIRA,Desayunos Colombianos,rappi,67.48,3.82,5.84,1
10/05/2026,8,COL,Pereira,28 PEREIRA,Desayunos Colombianos,rappi,,0,,1
10/05/2026,9,COL,Pereira,28 PEREIRA,Desayunos Colombianos,rappi,,0,,1
10/05/2026,9,COL,Pereira,28 PEREIRA,Desayunos Colombianos,rappi,77.23,45.3,0.7,1
10/05/2026,10,COL,Pereira,28 PEREIRA,Desayunos Colombianos,rappi,85.4,22.58,0.11,1
10/05/2026,10,COL,Pereira,28 PEREIRA,Desayunos Colombianos,rappi,82.34,0.3,27.11,1
10/05/2026,6,COL,Pereira,28 PEREIRA,Desayunos de la Abuela,rappi,6.13,0.28,16.72,1
10/05/2026,6,COL,Pereira,28 PEREIRA,Desayunos de la Abuela,rappi,7.45,6.95,4.51,1
10/05/2026,6,COL,Pereira,28 PEREIRA,Desayunos de la Abuela,rappi,10.12,6.93,1.83,1
10/05/2026,6,COL,Pereira,28 PEREIRA,Desayunos de la Abuela,rappi,11.09,6.95,0.86,1
10/05/2026,7,COL,Pereira,28 PEREIRA,Desayunos de la Abuela,rappi,13.39,8.58,0.86,1
10/05/2026,7,COL,Pereira,28 PEREIRA,Desayunos de la Abuela,rappi,11.9,8.58,2.3,1
10/05/2026,7,COL,Pereira,28 PEREIRA,Desayunos de la Abuela,rappi,17.11,11.5,0.81,1
10/05/2026,7,COL,Pereira,28 PEREIRA,Desayunos de la Abuela,rappi,22.45,8.8,2.5,1
10/05/2026,7,COL,Pereira,28 PEREIRA,Desayunos de la Abuela,rappi,15.97,9.02,0.42,1
10/05/2026,7,COL,Pereira,28 PEREIRA,Desayunos de la Abuela,rappi,13.32,5.67,2.03,1
10/05/2026,7,COL,Pereira,28 PEREIRA,Desayunos de la Abuela,rappi,28.08,23.68,0.3,1
10/05/2026,7,COL,Pereira,28 PEREIRA,Desayunos de la Abuela,rappi,25.94,15.17,0.53,1
10/05/2026,7,COL,Pereira,28 PEREIRA,Desayunos de la Abuela,rappi,33.93,37.92,9.01,1
10/05/2026,7,COL,Pereira,28 PEREIRA,Desayunos de la Abuela,rappi,30.98,7.78,0.19,1
10/05/2026,7,COL,Pereira,28 PEREIRA,Desayunos de la Abuela,rappi,33.07,0.95,4.88,1
10/05/2026,7,COL,Pereira,28 PEREIRA,Desayunos de la Abuela,rappi,34.31,0.43,46.16,1
10/05/2026,7,COL,Pereira,28 PEREIRA,Desayunos de la Abuela,rappi,46.19,0.95,0.17,1
10/05/2026,8,COL,Pereira,28 PEREIRA,Desayunos de la Abuela,rappi,55.95,40.43,0.23,1
10/05/2026,8,COL,Pereira,28 PEREIRA,Desayunos de la Abuela,rappi,,0,,1
10/05/2026,8,COL,Pereira,28 PEREIRA,Desayunos de la Abuela,rappi,71.27,47.3,0.73,1
10/05/2026,8,COL,Pereira,28 PEREIRA,Desayunos de la Abuela,rappi,80.16,56.9,94.81,1
10/05/2026,8,COL,Pereira,28 PEREIRA,Desayunos de la Abuela,rappi,67.87,28.65,2.04,1
10/05/2026,8,COL,Pereira,28 PEREIRA,Desayunos de la Abuela,rappi,83.03,30.03,0.28,1
10/05/2026,8,COL,Pereira,28 PEREIRA,Desayunos de la Abuela,rappi,46.1,36.9,0.83,1
10/05/2026,9,COL,Pereira,28 PEREIRA,Desayunos de la Abuela,rappi,45.09,22.47,1.12,1
10/05/2026,9,COL,Pereira,28 PEREIRA,Desayunos de la Abuela,rappi,78.93,93,19.41,1
10/05/2026,9,COL,Pereira,28 PEREIRA,Desayunos de la Abuela,rappi,,0,,1
10/05/2026,9,COL,Pereira,28 PEREIRA,Desayunos de la Abuela,rappi,43.14,4.47,1.08,1
10/05/2026,9,COL,Pereira,28 PEREIRA,Desayunos de la Abuela,rappi,84.75,8.28,2.02,1
10/05/2026,10,COL,Pereira,28 PEREIRA,Desayunos de la Abuela,rappi,,0,,1
10/05/2026,10,COL,Pereira,28 PEREIRA,Desayunos de la Abuela,rappi,83.11,53.52,0.9,1
10/05/2026,10,COL,Pereira,28 PEREIRA,Desayunos de la Abuela,rappi,55.46,52.12,1.6,1
10/05/2026,20,COL,Pereira,28 PEREIRA,Desayunos de la Abuela,rappi,15.8,10.67,0.99,1
10/05/2026,23,COL,Pereira,28 PEREIRA,Desayunos de la Abuela,rappi,23.43,19.7,0.97,1
10/05/2026,21,COL,Pereira,28 PEREIRA,Desgranados & Co,rappi,8.97,3.93,1.31,1
10/05/2026,21,COL,Pereira,28 PEREIRA,Desgranados & Co,rappi,6.49,0.92,0.81,1
10/05/2026,6,COL,Pereira,28 PEREIRA,Foodhub,rappi,8.14,1.33,3.01,1
10/05/2026,8,COL,Pereira,28 PEREIRA,Foodhub,rappi,52.29,47.82,0.18,1
10/05/2026,22,COL,Pereira,28 PEREIRA,Foodhub,rappi,18.31,15.13,1.75,1
10/05/2026,7,COL,Pereira,28 PEREIRA,Foodology,rappi,26.86,17.4,0.31,1
10/05/2026,10,COL,Pereira,28 PEREIRA,Foodology,rappi,,0,,1
10/05/2026,12,COL,Pereira,28 PEREIRA,Frost by Oreo,rappi,,0.85,13.64,1
10/05/2026,12,COL,Pereira,28 PEREIRA,Green House,rappi,15.13,1.22,4.19,1
10/05/2026,12,COL,Pereira,28 PEREIRA,Green House,rappi,7.26,0.48,22.88,1
10/05/2026,13,COL,Pereira,28 PEREIRA,Green House,rappi,10.35,0.47,26.74,1
10/05/2026,15,COL,Pereira,28 PEREIRA,Green House,rappi,11.23,0.5,17.9,1
10/05/2026,16,COL,Pereira,28 PEREIRA,Green House,rappi,17.17,9.97,0.67,1
10/05/2026,17,COL,Pereira,28 PEREIRA,Green House,rappi,11.97,0.68,6.16,1
10/05/2026,18,COL,Pereira,28 PEREIRA,Green House,rappi,26.97,16.82,0.36,1
10/05/2026,19,COL,Pereira,28 PEREIRA,Green House,rappi,15.22,12.32,1.95,1
10/05/2026,20,COL,Pereira,28 PEREIRA,Green House,rappi,8.19,3.78,0.66,1
10/05/2026,23,COL,Pereira,28 PEREIRA,Green House,rappi,19.52,15.82,0.95,1
10/05/2026,23,COL,Pereira,28 PEREIRA,House of Burgers,rappi,12.18,8.45,1.07,1
10/05/2026,23,COL,Pereira,28 PEREIRA,House of Burgers,rappi,24.19,19.52,0.1,1
10/05/2026,19,COL,Pereira,28 PEREIRA,House of Salads,rappi,10.28,6.97,1.88,1
10/05/2026,14,COL,Pereira,28 PEREIRA,La Casa Mexicana,rappi,5.03,0.13,4.2,1
10/05/2026,20,COL,Pereira,28 PEREIRA,La Casa Mexicana,rappi,10.16,5.42,0.07,1
10/05/2026,22,COL,Pereira,28 PEREIRA,La Casa Mexicana,rappi,9.23,5.82,1.25,1
10/05/2026,22,COL,Pereira,28 PEREIRA,La Casa Mexicana,rappi,21.02,18.62,2.33,1
10/05/2026,12,COL,Pereira,28 PEREIRA,La Cuadra,rappi,16.19,0.23,21.6,1
10/05/2026,12,COL,Pereira,28 PEREIRA,La Cuadra,rappi,20.18,0.4,15.79,1
10/05/2026,12,COL,Pereira,28 PEREIRA,La Cuadra,rappi,19.49,0.4,8.7,1
10/05/2026,12,COL,Pereira,28 PEREIRA,La Cuadra,rappi,23.03,0.22,9.76,1
10/05/2026,12,COL,Pereira,28 PEREIRA,La Cuadra,rappi,24.18,3.97,0.86,1
10/05/2026,13,COL,Pereira,28 PEREIRA,La Cuadra,rappi,8.39,0.32,56.57,1
10/05/2026,13,COL,Pereira,28 PEREIRA,La Cuadra,rappi,2.93,0.53,39.88,1
10/05/2026,15,COL,Pereira,28 PEREIRA,La Cuadra,rappi,8.61,0.33,8.48,1
10/05/2026,18,COL,Pereira,28 PEREIRA,La Cuadra,rappi,11.98,3.48,1.26,1
10/05/2026,18,COL,Pereira,28 PEREIRA,La Cuadra,rappi,9.46,2.58,1.64,1
10/05/2026,19,COL,Pereira,28 PEREIRA,La Cuadra,rappi,16.18,0.43,16.96,1
10/05/2026,20,COL,Pereira,28 PEREIRA,La Cuadra,rappi,9.4,3.03,12.6,1
10/05/2026,22,COL,Pereira,28 PEREIRA,La Cuadra,rappi,13.19,0.23,1.14,1
10/05/2026,6,COL,Pereira,28 PEREIRA,La Cuadra Desayunos,rappi,7.09,3.4,26.85,1
10/05/2026,7,COL,Pereira,28 PEREIRA,La Cuadra Desayunos,rappi,28.85,0.72,10.11,1
10/05/2026,8,COL,Pereira,28 PEREIRA,La Cuadra Desayunos,rappi,49.91,44.45,0.16,1
10/05/2026,8,COL,Pereira,28 PEREIRA,La Cuadra Desayunos,rappi,71.4,65.1,0.84,1
10/05/2026,9,COL,Pereira,28 PEREIRA,La Cuadra Desayunos,rappi,78.33,24.78,0.82,1
10/05/2026,7,COL,Pereira,28 PEREIRA,LA ÑAMGUCHERIA,rappi,32.48,0.82,0.54,1
10/05/2026,7,COL,Pereira,28 PEREIRA,LA ÑAMGUCHERIA,rappi,40.5,41.98,6.46,1
10/05/2026,18,COL,Pereira,28 PEREIRA,LA ÑAMGUCHERIA,rappi,12.29,3.18,1.71,1
10/05/2026,19,COL,Pereira,28 PEREIRA,LA ÑAMGUCHERIA,rappi,16.97,0.22,8.48,1
10/05/2026,19,COL,Pereira,28 PEREIRA,LA ÑAMGUCHERIA,rappi,13.94,0.38,13.54,1
10/05/2026,20,COL,Pereira,28 PEREIRA,LA ÑAMGUCHERIA,rappi,21.43,0.18,0.04,1
10/05/2026,20,COL,Pereira,28 PEREIRA,LA ÑAMGUCHERIA,rappi,16.33,0.97,0.7,1
10/05/2026,21,COL,Pereira,28 PEREIRA,LA ÑAMGUCHERIA,rappi,9.11,4.3,0.05,1
10/05/2026,22,COL,Pereira,28 PEREIRA,LA ÑAMGUCHERIA,rappi,9.38,4.88,0.14,1
10/05/2026,8,COL,Pereira,28 PEREIRA,LA PANQUEQUERIA,rappi,59.03,47.93,0.65,1
10/05/2026,8,COL,Pereira,28 PEREIRA,LA PANQUEQUERIA,rappi,56.42,49.22,0.71,1
10/05/2026,9,COL,Pereira,28 PEREIRA,LA PANQUEQUERIA,rappi,79.81,28.72,0,1
10/05/2026,9,COL,Pereira,28 PEREIRA,LA PANQUEQUERIA,rappi,87.77,40.12,0.93,1
10/05/2026,9,COL,Pereira,28 PEREIRA,LA PANQUEQUERIA,rappi,52.24,9.33,0.8,1
10/05/2026,8,COL,Pereira,28 PEREIRA,Local - Cocina Consciente,rappi,,0,,1
10/05/2026,6,COL,Pereira,28 PEREIRA,Mañanero Diario,rappi,7.72,0.48,14.16,1
10/05/2026,7,COL,Pereira,28 PEREIRA,Mañanero Diario,rappi,30.99,8.38,3.92,1
10/05/2026,7,COL,Pereira,28 PEREIRA,Mañanero Diario,rappi,32.68,17.73,0.36,1
10/05/2026,9,COL,Pereira,28 PEREIRA,Mañanero Diario,rappi,,0,,1
10/05/2026,12,COL,Pereira,28 PEREIRA,Mr Beast Burger,rappi,28.6,0.13,3.34,1
10/05/2026,16,COL,Pereira,28 PEREIRA,Mr Beast Burger,rappi,17.53,2.8,2.13,1
10/05/2026,17,COL,Pereira,28 PEREIRA,Mr Beast Burger,rappi,18.92,0.15,10.59,1
10/05/2026,22,COL,Pereira,28 PEREIRA,Mr Beast Burger,rappi,12.11,11.12,3.95,1
10/05/2026,22,COL,Pereira,28 PEREIRA,Mr Beast Burger,rappi,10.96,0.7,3.93,1
10/05/2026,22,COL,Pereira,28 PEREIRA,Mr Beast Burger,rappi,10.04,1.95,13.26,1
10/05/2026,22,COL,Pereira,28 PEREIRA,Mr Beast Burger,rappi,15.16,4.28,1.29,1
10/05/2026,22,COL,Pereira,28 PEREIRA,Mr Beast Burger,rappi,16.87,0.18,6.93,1
10/05/2026,23,COL,Pereira,28 PEREIRA,Mr Beast Burger,rappi,20.95,9.92,0.12,1
10/05/2026,9,COL,Pereira,28 PEREIRA,Pret Sandwich Bistro,rappi,84.65,0.22,43.08,1
10/05/2026,22,COL,Pereira,28 PEREIRA,Que Chicken,rappi,20.52,15.05,0.44,1
10/05/2026,8,COL,Pereira,28 PEREIRA,SÁNDUCHES EL JEFE,rappi,71.5,1.8,101.5,1
10/05/2026,6,COL,Pereira,28 PEREIRA,The Breakfast Club,rappi,4.07,2.38,9.96,1
10/05/2026,6,COL,Pereira,28 PEREIRA,The Breakfast Club,rappi,9.08,3.12,1.72,1
10/05/2026,7,COL,Pereira,28 PEREIRA,The Breakfast Club,rappi,26.3,20.3,0.49,1
10/05/2026,7,COL,Pereira,28 PEREIRA,The Breakfast Club,rappi,26.07,0.6,5.93,1
10/05/2026,7,COL,Pereira,28 PEREIRA,The Breakfast Club,rappi,30.87,4.07,0.76,1
10/05/2026,7,COL,Pereira,28 PEREIRA,The Breakfast Club,rappi,31.93,0.58,0.21,1
10/05/2026,7,COL,Pereira,28 PEREIRA,The Breakfast Club,rappi,34.07,0,,1
10/05/2026,8,COL,Pereira,28 PEREIRA,The Breakfast Club,rappi,56.71,25.67,48.84,1
10/05/2026,8,COL,Pereira,28 PEREIRA,The Breakfast Club,rappi,62.05,13.48,1.17,1
10/05/2026,8,COL,Pereira,28 PEREIRA,The Breakfast Club,rappi,61.22,26.65,0.77,1
10/05/2026,8,COL,Pereira,28 PEREIRA,The Breakfast Club,rappi,62.28,18.48,0.7,1
10/05/2026,8,COL,Pereira,28 PEREIRA,The Breakfast Club,rappi,67.9,1.58,7.78,1
10/05/2026,9,COL,Pereira,28 PEREIRA,The Breakfast Club,rappi,49.84,2.85,7.39,1
10/05/2026,9,COL,Pereira,28 PEREIRA,The Breakfast Club,rappi,73.12,0.3,20.95,1
10/05/2026,9,COL,Pereira,28 PEREIRA,The Breakfast Club,rappi,40.15,38.7,12.86,1
10/05/2026,9,COL,Pereira,28 PEREIRA,The Breakfast Club,rappi,,0,,1
10/05/2026,9,COL,Pereira,28 PEREIRA,The Breakfast Club,rappi,76.93,0.5,22.07,1
10/05/2026,10,COL,Pereira,28 PEREIRA,The Breakfast Club,rappi,86.85,54.45,1.24,1
10/05/2026,9,COL,Pereira,28 PEREIRA,The Egg Spot,rappi,82.98,74.47,0.31,1
10/05/2026,9,COL,Pereira,28 PEREIRA,The Egg Spot,rappi,80.32,74.03,0.09,1