sheet_name,country,city,kitchen_id,sku,name,product,mep_classification,suggested_units
Usaquen+Turbo,COL,,01 USAQUEN,1904,Papas pre Fritas,Papas pre Fritas,,9000
Usaquen+Turbo,COL,,01 USAQUEN,287,Guacamole,Guacamole,,1700.0
Usaquen+Turbo,COL,,01 USAQUEN,5270,Mix de lechugas,Mix de lechugas,,900.0
Usaquen+Turbo,COL,,01 USAQUEN,246,Syrup,Syrup,Madre,4900.0
Usaquen+Turbo,COL,,01 USAQUEN,127,Almendra Fileteada,Almendra Fileteada,,480.0
Usaquen+Turbo,COL,,01 USAQUEN,1726,pepinillo en conserva,pepinillo en conserva,,140.0
Usaquen+Turbo,COL,,01 USAQUEN,3510,Jar de Oreo PROD,Jar de Oreo PROD,,3.0
Usaquen+Turbo,COL,,01 USAQUEN,3511,Jar de Limon PROD,Jar de Limon PROD,,3.0
Usaquen+Turbo,COL,,01 USAQUEN,3512,Jar de Chocolate PROD,Jar de Chocolate PROD,,3.0
Usaquen+Turbo,COL,,01 USAQUEN,3513,Jar 3 Leches PROD,Jar 3 Leches PROD,,4.0
Usaquen+Turbo,COL,,01 USAQUEN,3514,Jar de Tiramisu PROD,Jar de Tiramisu PROD,,2.0
Usaquen+Turbo,COL,,01 USAQUEN,286,Granola,Granola,,500.0
Usaquen+Turbo,COL,,01 USAQUEN,180,Jugo de Naranja Bolsa Lt,Jugo de Naranja Bolsa Lt,Madre,21900.0
Usaquen+Turbo,COL,,01 USAQUEN,179,Jugo de Mandarina Bolsa Lt,Jugo de Mandarina Bolsa Lt,,1800.0
Usaquen+Turbo,COL,,01 USAQUEN,175,Jamon De Cerdo,Jamon De Cerdo,Madre,5340.0
Usaquen+Turbo,COL,,01 USAQUEN,150,Chorizo Santarrosano,Chorizo Santarrosano,,1120.0
Usaquen+Turbo,COL,,01 USAQUEN,5594,Res desmechada.,Res desmechada.,,1200.0
Usaquen+Turbo,COL,,01 USAQUEN,2573,Tapa bowl kraft mini,Tapa bowl kraft mini,Madre,49.0
Usaquen+Turbo,COL,,01 USAQUEN,3116,Tapa Botella 300ml,Tapa Botella 300ml,Madre,103.0
Usaquen+Turbo,COL,,01 USAQUEN,441,Botella 300 ml,Botella 300 ml,Madre,103.0
Usaquen+Turbo,COL,,01 USAQUEN,459,Porta hamburguesa,Porta hamburguesa,Madre,21.0
Usaquen+Turbo,COL,,01 USAQUEN,545,Bowl Mini,Bowl Mini,Madre,49.0
Usaquen+Turbo,COL,,01 USAQUEN,2600,Caja B&M,Caja B&M,Madre,40.0
Usaquen+Turbo,COL,,01 USAQUEN,491,Servilletas,Servilletas,Madre,222.0
Usaquen+Turbo,COL,,01 USAQUEN,250,Tomate Chonto,Tomate Chonto,,6500.0
Usaquen+Turbo,COL,,01 USAQUEN,123,Aguacate Papelillo,Aguacate Papelillo,,1500.0
Usaquen+Turbo,COL,,01 USAQUEN,184,Lechuga Batavia,Lechuga Batavia,,1800.0
Usaquen+Turbo,COL,,01 USAQUEN,215,Pepino Cohombro,Pepino Cohombro,,1500.0
Usaquen+Turbo,COL,,01 USAQUEN,221,Pina Golden,Pina Golden,Madre,7400.0
Usaquen+Turbo,COL,,01 USAQUEN,210,Papaya Maradol,Papaya Maradol,Madre,3700.0
Usaquen+Turbo,COL,,01 USAQUEN,137,Banano Criollo,Banano Criollo,,600.0
Usaquen+Turbo,COL,,01 USAQUEN,164,Fresas,Fresas,,1000.0
Usaquen+Turbo,COL,,01 USAQUEN,151,Cilantro Patirojo,Cilantro Patirojo,,300.0
Usaquen+Turbo,COL,,01 USAQUEN,163,Espinaca,Espinaca,,810.0
Usaquen+Turbo,COL,,01 USAQUEN,146,Cebolla Roja,Cebolla Roja,,300.0
Usaquen+Turbo,COL,,01 USAQUEN,185,Lechuga Romana,Lechuga Romana,,500.0
Usaquen+Turbo,COL,,01 USAQUEN,249,Tomate Cherry,Tomate Cherry,,200.0
Usaquen+Turbo,COL,,01 USAQUEN,145,Cebolla Larga Junca,Cebolla Larga Junca,,300.0
Usaquen+Turbo,COL,,01 USAQUEN,130,Arandanos,Arandanos,,300.0
Usaquen+Turbo,COL,,01 USAQUEN,181,Kale,Kale,,200.0
Usaquen+Turbo,COL,,01 USAQUEN,243,Sorbet de acai,Sorbet de acai,,800.0
Usaquen+Turbo,COL,,01 USAQUEN,228,Queso Doble Crema,Queso Doble Crema,,2600.0
Usaquen+Turbo,COL,,01 USAQUEN,229,Queso Feta,Queso Feta,,500.0
Usaquen+Turbo,COL,,01 USAQUEN,5511,Queso cheddar tajadas UN,Queso cheddar tajadas UN,Madre,152.0
Usaquen+Turbo,COL,,01 USAQUEN,253,Tortilla De Harina,Tortilla De Harina,,55.0
Usaquen+Turbo,COL,,01 USAQUEN,159,Croissant Grande,Croissant Grande,Madre,127.0
Usaquen+Turbo,COL,,01 USAQUEN,2952,Arroz Achiotado,Arroz Achiotado,,9700.0
Usaquen+Turbo,COL,,01 USAQUEN,5091,Limonada (con base limonada),Limonada (con base limonada),,7800.0
Usaquen+Turbo,COL,,01 USAQUEN,283,Frijoles Negros,Frijoles Negros,,4940.0
Usaquen+Turbo,COL,,01 USAQUEN,269,Arroz Integral Cocido,Arroz Integral Cocido,,5500.0
Usaquen+Turbo,COL,,01 USAQUEN,464,Mezcla Pancakes Tradicionales Lista,Mezcla Pancakes Tradicionales Lista,Madre,8400.0
Usaquen+Turbo,COL,,01 USAQUEN,5082,Carne Chilli,Carne Chilli,,2600.0
Usaquen+Turbo,COL,,01 USAQUEN,4938,Pollo a las Hierbas,Pollo a las Hierbas,,3500.0
Usaquen+Turbo,COL,,01 USAQUEN,295,Papa Calentada,Papa Calentada,,1800.0
Usaquen+Turbo,COL,,01 USAQUEN,282,Frijol Paisa,Frijol Paisa,,1400.0
Usaquen+Turbo,COL,,01 USAQUEN,297,Platano Frito,Platano Frito,,1700.0
Usaquen+Turbo,COL,,01 USAQUEN,296,Pico de Gallo,Pico de Gallo,,1400.0
Usaquen+Turbo,COL,,01 USAQUEN,5094,Cerdo Desmechado,Cerdo Desmechado,,2400.0
Usaquen+Turbo,COL,,01 USAQUEN,5920,Pollo  BBQ,Pollo  BBQ,,1300.0
Usaquen+Turbo,COL,,01 USAQUEN,2730,Emulsion Alioli,Emulsion Alioli,Madre,3000.0
Usaquen+Turbo,COL,,01 USAQUEN,288,Hummus De Garbanzos,Hummus De Garbanzos,,2400.0
Usaquen+Turbo,COL,,01 USAQUEN,323,Yogur griego Preparado,Yogur griego Preparado,,600.0
Usaquen+Turbo,COL,,01 USAQUEN,319,Vinagreta Libanesa,Vinagreta Libanesa,,800.0
Usaquen+Turbo,COL,,01 USAQUEN,277,Vinagreta Cesar,Vinagreta Cesar,,600.0
Usaquen+Turbo,COL,,01 USAQUEN,5630,Maíz salteado.,Maíz salteado.,,700.0
Usaquen+Turbo,COL,,01 USAQUEN,5093,Tocineta producción,Tocineta producción,,400.0
Usaquen+Turbo,COL,,01 USAQUEN,4816,Pasta Integral Cocida,Pasta Integral Cocida,,1000.0
Usaquen+Turbo,COL,,01 USAQUEN,306,Salsa Criolla Produccion,Salsa Criolla Produccion,,450.0
Usaquen+Turbo,COL,,01 USAQUEN,5032,cebolla asada Mr.Beast,cebolla asada Mr.Beast,,616.0
Usaquen+Turbo,COL,,01 USAQUEN,4811,Quinoa especiada,Quinoa especiada,,216.0
Usaquen+Turbo,COL,,01 USAQUEN,320,Vinagreta de Jalapenos Mexicanos,Vinagreta de Jalapenos Mexicanos,,400.0
Usaquen+Turbo,COL,,01 USAQUEN,318,Vinagreta de Pesto de Genoa,Vinagreta de Pesto de Genoa,,320.0
Usaquen+Turbo,COL,,01 USAQUEN,465,Mezcla Pancakes Avena Lista,Mezcla Pancakes Avena Lista,,1100.0
Usaquen+Turbo,COL,,01 USAQUEN,4823,Hummus de Pimenton,Hummus de Pimenton,,300.0
Usaquen+Turbo,COL,,01 USAQUEN,4818,Brocoli Rostizado,Brocoli Rostizado,,200.0
Usaquen+Turbo,COL,,01 USAQUEN,5206,Coleslaw la cosmica,Coleslaw la cosmica,,400.0
Usaquen+Turbo,COL,,01 USAQUEN,316,Vinagreta Balsamica de Modena,Vinagreta Balsamica de Modena,,200.0
Usaquen+Turbo,COL,,01 USAQUEN,321,Vinagreta Mediterranea,Vinagreta Mediterranea,,200.0
Usaquen+Turbo,COL,,01 USAQUEN,1283,Cebolla Encurtida Picante,Cebolla Encurtida Picante,,200.0
Usaquen+Turbo,COL,,01 USAQUEN,4991,Mezcla Tostadas Francesas Nueva,Mezcla Tostadas Francesas Nueva,,100.0
Usaquen+Turbo,COL,,01 USAQUEN,275,Crutones Zatahar,Crutones Zatahar,,200.0
Usaquen+Turbo,COL,,01 USAQUEN,1240,Salsa Pizza,Salsa Pizza,,200.0
Usaquen+Turbo,COL,,01 USAQUEN,5517,Totopos triturados,Totopos triturados,,300.0
Usaquen+Turbo,COL,,01 USAQUEN,3609,Carne Smashed 80gr,Carne Smashed 80gr,,32.0
Usaquen+Turbo,COL,,01 USAQUEN,4918,Pollo Ensalada,Pollo Ensalada,,23.0
Usaquen+Turbo,COL,,01 USAQUEN,284,Galletas De Parmesano,Galletas De Parmesano,,42.0
Usaquen+Turbo,COL,,01 USAQUEN,3481,Galleta de Chunks de Chocolate PROD,Galleta de Chunks de Chocolate PROD,,6.0
Usaquen+Turbo,COL,,01 USAQUEN,3482,Galleta Oreo PROD,Galleta Oreo PROD,,2.0
Usaquen+Turbo,COL,,01 USAQUEN,3483,Galleta Red Velvet Choc Blanco PROD,Galleta Red Velvet Choc Blanco PROD,Madre,9.0
Usaquen+Turbo,COL,,01 USAQUEN,3484,Galleta Avena Frutos Rojos,Galleta Avena Frutos Rojos,,4.0
Usaquen+Turbo,COL,,01 USAQUEN,3485,Galleta Nueces Choc Blanco,Galleta Nueces Choc Blanco,,0.0
Usaquen+Turbo,COL,,01 USAQUEN,3486,Galleta Nutella y Nueces PROD,Galleta Nutella y Nueces PROD,,0.0
Usaquen+Turbo,COL,,01 USAQUEN,3487,Galleta de Guayaba PROD,Galleta de Guayaba PROD,,3.0
Usaquen+Turbo,COL,,01 USAQUEN,3488,Galleta Doble Chocolate PROD,Galleta Doble Chocolate PROD,,0.0
Usaquen+Turbo,COL,,01 USAQUEN,3623,Cubierta Queso Crema,Cubierta Queso Crema,Madre,2000.0
Usaquen+Turbo,COL,,01 USAQUEN,3002,Mezcla de Aceite Y Mantequilla (Produccion),Mezcla de Aceite Y Mantequilla (Produccion),Madre,1800.0
Usaquen+Turbo,COL,,01 USAQUEN,3632,PROD Minibon de Canela,PROD Minibon de Canela,Madre,26.0
Usaquen+Turbo,COL,,01 USAQUEN,307,Salsa Frutos Rojos,Salsa Frutos Rojos,,300.0
Usaquen+Turbo,COL,,01 USAQUEN,713,⭕️Caja Lunch,⭕️Caja Lunch,Madre,71.0
Usaquen+Turbo,COL,,01 USAQUEN,3576,Flores dia de la Madre,Flores dia de la Madre,Madre,35.0
Usaquen+Turbo,COL,,01 USAQUEN,119,⚠️Aceite De Girasol,⚠️Aceite De Girasol,Madre,1600.0
Usaquen+Turbo,COL,,01 USAQUEN,172,Huevo Tipo AA,Huevo Tipo AA,Madre,398.0
Usaquen+Turbo,COL,,01 USAQUEN,550,⭕️Bolsa Pan Generica,⭕️Bolsa Pan Generica,Madre,35.0
Usaquen+Turbo,COL,,01 USAQUEN,237,Sal,Sal,Madre,1200.0
Usaquen+Turbo,COL,,01 USAQUEN,6078,Mezcla líquida pancakes de choclo,Mezcla líquida pancakes de choclo,Madre,700.0
Usaquen+Turbo,COL,,01 USAQUEN,432,Empaque Vinagreta,Empaque Vinagreta,Madre,85.0
Usaquen+Turbo,COL,,01 USAQUEN,604,Jugo de Naranja,Jugo de Naranja,Madre,144.0
Usaquen+Turbo,COL,,01 USAQUEN,5003,Porcion de fruta,Porcion de fruta,Madre,85.0
Usaquen+Turbo,COL,,01 USAQUEN,118,Croissant Huevo Jamon y Queso,Croissant Huevo Jamon y Queso,Madre,65.0
Usaquen+Turbo,COL,,01 USAQUEN,5045,Mini pancakes tradicionales SIN fresa,Mini pancakes tradicionales SIN fresa,Madre,41.0
Usaquen+Turbo,COL,,01 USAQUEN,2604,Caja Especial B&M,Caja Especial B&M,Madre,40.0
Usaquen+Turbo,COL,,01 USAQUEN,384,Tenedor Y Cuchillo,Tenedor Y Cuchillo,Madre,171.0
Usaquen+Turbo,COL,,01 USAQUEN,6273,Pancakes de choclo,Pancakes de choclo,Madre,5.0
Usaquen+Turbo,COL,,01 USAQUEN,5022,Minibon canela,Minibon canela,Madre,20.0
Usaquen+Turbo,COL,,01 USAQUEN,3799,Galleta Red Velvet Choc Blanco Individual Vicio,Galleta Red Velvet Choc Blanco Individual Vicio,Madre,5.0
Usaquen+Turbo,COL,,01 USAQUEN,3597,Flores 🌹,Flores 🌹,Madre,35.0
Usaquen+Turbo,COL,,01 USAQUEN,6343,COMBO INDIVIDUAL PANCAKES CHOCLO,COMBO INDIVIDUAL PANCAKES CHOCLO,Madre,5.0
Usaquen+Turbo,COL,,01 USAQUEN,6344,COMBO INDIVIDUAL MINIBON,COMBO INDIVIDUAL MINIBON,Madre,20.0
Usaquen+Turbo,COL,,01 USAQUEN,6345,COMBO INDIVIDUAL GALLETA,COMBO INDIVIDUAL GALLETA,Madre,5.0
Usaquen+Turbo,COL,,01 USAQUEN,6346,COMBO ESPECIAL CON FLORES,COMBO ESPECIAL CON FLORES,Madre,35.0
Usaquen+Turbo,COL,,01 USAQUEN,6348,COMBO ESPECIAL SIN FLORES,COMBO ESPECIAL SIN FLORES,Madre,5.0
Usaquen+Turbo,COL,,01 USAQUEN,63.0,Pancakes Tradicionales,Pancakes Tradicionales,Alistar,5.0
Andes+Turbo,COL,,08 ANDES,1904,Papas pre Fritas,Papas pre Fritas,,9360
Andes+Turbo,COL,,08 ANDES,287,Guacamole,Guacamole,,2000.0
Andes+Turbo,COL,,08 ANDES,5270,Mix de lechugas,Mix de lechugas,,800.0
Andes+Turbo,COL,,08 ANDES,246,Syrup,Syrup,Madre,3100.0
Andes+Turbo,COL,,08 ANDES,127,Almendra Fileteada,Almendra Fileteada,,420.0
Andes+Turbo,COL,,08 ANDES,1726,pepinillo en conserva,pepinillo en conserva,,230.0
Andes+Turbo,COL,,08 ANDES,3510,Jar de Oreo PROD,Jar de Oreo PROD,,4.0
Andes+Turbo,COL,,08 ANDES,3511,Jar de Limon PROD,Jar de Limon PROD,,3.0
Andes+Turbo,COL,,08 ANDES,3512,Jar de Chocolate PROD,Jar de Chocolate PROD,,3.0
Andes+Turbo,COL,,08 ANDES,3513,Jar 3 Leches PROD,Jar 3 Leches PROD,,3.0
Andes+Turbo,COL,,08 ANDES,3514,Jar de Tiramisu PROD,Jar de Tiramisu PROD,,3.0
Andes+Turbo,COL,,08 ANDES,286,Granola,Granola,,500.0
Andes+Turbo,COL,,08 ANDES,180,Jugo de Naranja Bolsa Lt,Jugo de Naranja Bolsa Lt,Madre,11100.0
Andes+Turbo,COL,,08 ANDES,179,Jugo de Mandarina Bolsa Lt,Jugo de Mandarina Bolsa Lt,,2400.0
Andes+Turbo,COL,,08 ANDES,175,Jamon De Cerdo,Jamon De Cerdo,Madre,2340.0
Andes+Turbo,COL,,08 ANDES,150,Chorizo Santarrosano,Chorizo Santarrosano,,1280.0
Andes+Turbo,COL,,08 ANDES,5594,Res desmechada.,Res desmechada.,,900.0
Andes+Turbo,COL,,08 ANDES,2573,Tapa bowl kraft mini,Tapa bowl kraft mini,Madre,26.0
Andes+Turbo,COL,,08 ANDES,3116,Tapa Botella 300ml,Tapa Botella 300ml,Madre,70.0
Andes+Turbo,COL,,08 ANDES,441,Botella 300 ml,Botella 300 ml,Madre,70.0
Andes+Turbo,COL,,08 ANDES,459,Porta hamburguesa,Porta hamburguesa,Madre,18.0
Andes+Turbo,COL,,08 ANDES,545,Bowl Mini,Bowl Mini,Madre,26.0
Andes+Turbo,COL,,08 ANDES,2600,Caja B&M,Caja B&M,Madre,21.0
Andes+Turbo,COL,,08 ANDES,491,Servilletas,Servilletas,Madre,179.0
Andes+Turbo,COL,,08 ANDES,250,Tomate Chonto,Tomate Chonto,,6100.0
Andes+Turbo,COL,,08 ANDES,123,Aguacate Papelillo,Aguacate Papelillo,,1300.0
Andes+Turbo,COL,,08 ANDES,184,Lechuga Batavia,Lechuga Batavia,,1800.0
Andes+Turbo,COL,,08 ANDES,215,Pepino Cohombro,Pepino Cohombro,,1300.0
Andes+Turbo,COL,,08 ANDES,221,Pina Golden,Pina Golden,Madre,2700.0
Andes+Turbo,COL,,08 ANDES,210,Papaya Maradol,Papaya Maradol,Madre,2200.0
Andes+Turbo,COL,,08 ANDES,137,Banano Criollo,Banano Criollo,,600.0
Andes+Turbo,COL,,08 ANDES,164,Fresas,Fresas,,800.0
Andes+Turbo,COL,,08 ANDES,151,Cilantro Patirojo,Cilantro Patirojo,,300.0
Andes+Turbo,COL,,08 ANDES,163,Espinaca,Espinaca,,570.0
Andes+Turbo,COL,,08 ANDES,146,Cebolla Roja,Cebolla Roja,,300.0
Andes+Turbo,COL,,08 ANDES,185,Lechuga Romana,Lechuga Romana,,500.0
Andes+Turbo,COL,,08 ANDES,249,Tomate Cherry,Tomate Cherry,,300.0
Andes+Turbo,COL,,08 ANDES,145,Cebolla Larga Junca,Cebolla Larga Junca,,300.0
Andes+Turbo,COL,,08 ANDES,130,Arandanos,Arandanos,,300.0
Andes+Turbo,COL,,08 ANDES,181,Kale,Kale,,200.0
Andes+Turbo,COL,,08 ANDES,243,Sorbet de acai,Sorbet de acai,,800.0
Andes+Turbo,COL,,08 ANDES,228,Queso Doble Crema,Queso Doble Crema,,1900.0
Andes+Turbo,COL,,08 ANDES,229,Queso Feta,Queso Feta,,300.0
Andes+Turbo,COL,,08 ANDES,5511,Queso cheddar tajadas UN,Queso cheddar tajadas UN,Madre,147.0
Andes+Turbo,COL,,08 ANDES,253,Tortilla De Harina,Tortilla De Harina,,53.0
Andes+Turbo,COL,,08 ANDES,159,Croissant Grande,Croissant Grande,Madre,61.0
Andes+Turbo,COL,,08 ANDES,2952,Arroz Achiotado,Arroz Achiotado,,11400.0
Andes+Turbo,COL,,08 ANDES,5091,Limonada (con base limonada),Limonada (con base limonada),,8700.0
Andes+Turbo,COL,,08 ANDES,283,Frijoles Negros,Frijoles Negros,,5850.0
Andes+Turbo,COL,,08 ANDES,269,Arroz Integral Cocido,Arroz Integral Cocido,,5250.0
Andes+Turbo,COL,,08 ANDES,464,Mezcla Pancakes Tradicionales Lista,Mezcla Pancakes Tradicionales Lista,Madre,5600.0
Andes+Turbo,COL,,08 ANDES,5082,Carne Chilli,Carne Chilli,,2800.0
Andes+Turbo,COL,,08 ANDES,4938,Pollo a las Hierbas,Pollo a las Hierbas,,2800.0
Andes+Turbo,COL,,08 ANDES,295,Papa Calentada,Papa Calentada,,2200.0
Andes+Turbo,COL,,08 ANDES,282,Frijol Paisa,Frijol Paisa,,1300.0
Andes+Turbo,COL,,08 ANDES,297,Platano Frito,Platano Frito,,1800.0
Andes+Turbo,COL,,08 ANDES,296,Pico de Gallo,Pico de Gallo,,1600.0
Andes+Turbo,COL,,08 ANDES,5094,Cerdo Desmechado,Cerdo Desmechado,,2600.0
Andes+Turbo,COL,,08 ANDES,5920,Pollo  BBQ,Pollo  BBQ,,1700.0
Andes+Turbo,COL,,08 ANDES,2730,Emulsion Alioli,Emulsion Alioli,Madre,1600.0
Andes+Turbo,COL,,08 ANDES,288,Hummus De Garbanzos,Hummus De Garbanzos,,2500.0
Andes+Turbo,COL,,08 ANDES,323,Yogur griego Preparado,Yogur griego Preparado,,800.0
Andes+Turbo,COL,,08 ANDES,319,Vinagreta Libanesa,Vinagreta Libanesa,,700.0
Andes+Turbo,COL,,08 ANDES,277,Vinagreta Cesar,Vinagreta Cesar,,600.0
Andes+Turbo,COL,,08 ANDES,5630,Maíz salteado.,Maíz salteado.,,700.0
Andes+Turbo,COL,,08 ANDES,5093,Tocineta producción,Tocineta producción,,400.0
Andes+Turbo,COL,,08 ANDES,4816,Pasta Integral Cocida,Pasta Integral Cocida,,1000.0
Andes+Turbo,COL,,08 ANDES,306,Salsa Criolla Produccion,Salsa Criolla Produccion,,400.0
Andes+Turbo,COL,,08 ANDES,5032,cebolla asada Mr.Beast,cebolla asada Mr.Beast,,952.0
Andes+Turbo,COL,,08 ANDES,4811,Quinoa especiada,Quinoa especiada,,216.0
Andes+Turbo,COL,,08 ANDES,320,Vinagreta de Jalapenos Mexicanos,Vinagreta de Jalapenos Mexicanos,,400.0
Andes+Turbo,COL,,08 ANDES,318,Vinagreta de Pesto de Genoa,Vinagreta de Pesto de Genoa,,220.0
Andes+Turbo,COL,,08 ANDES,465,Mezcla Pancakes Avena Lista,Mezcla Pancakes Avena Lista,,900.0
Andes+Turbo,COL,,08 ANDES,4823,Hummus de Pimenton,Hummus de Pimenton,,400.0
Andes+Turbo,COL,,08 ANDES,4818,Brocoli Rostizado,Brocoli Rostizado,,300.0
Andes+Turbo,COL,,08 ANDES,5206,Coleslaw la cosmica,Coleslaw la cosmica,,300.0
Andes+Turbo,COL,,08 ANDES,316,Vinagreta Balsamica de Modena,Vinagreta Balsamica de Modena,,200.0
Andes+Turbo,COL,,08 ANDES,321,Vinagreta Mediterranea,Vinagreta Mediterranea,,300.0
Andes+Turbo,COL,,08 ANDES,1283,Cebolla Encurtida Picante,Cebolla Encurtida Picante,,300.0
Andes+Turbo,COL,,08 ANDES,4991,Mezcla Tostadas Francesas Nueva,Mezcla Tostadas Francesas Nueva,,300.0
Andes+Turbo,COL,,08 ANDES,275,Crutones Zatahar,Crutones Zatahar,,300.0
Andes+Turbo,COL,,08 ANDES,1240,Salsa Pizza,Salsa Pizza,,200.0
Andes+Turbo,COL,,08 ANDES,5517,Totopos triturados,Totopos triturados,,200.0
Andes+Turbo,COL,,08 ANDES,3609,Carne Smashed 80gr,Carne Smashed 80gr,,50.0
Andes+Turbo,COL,,08 ANDES,4918,Pollo Ensalada,Pollo Ensalada,,22.0
Andes+Turbo,COL,,08 ANDES,284,Galletas De Parmesano,Galletas De Parmesano,,21.0
Andes+Turbo,COL,,08 ANDES,3481,Galleta de Chunks de Chocolate PROD,Galleta de Chunks de Chocolate PROD,,6.0
Andes+Turbo,COL,,08 ANDES,3482,Galleta Oreo PROD,Galleta Oreo PROD,,3.0
Andes+Turbo,COL,,08 ANDES,3483,Galleta Red Velvet Choc Blanco PROD,Galleta Red Velvet Choc Blanco PROD,Madre,11.0
Andes+Turbo,COL,,08 ANDES,3484,Galleta Avena Frutos Rojos,Galleta Avena Frutos Rojos,,3.0
Andes+Turbo,COL,,08 ANDES,3485,Galleta Nueces Choc Blanco,Galleta Nueces Choc Blanco,,0.0
Andes+Turbo,COL,,08 ANDES,3486,Galleta Nutella y Nueces PROD,Galleta Nutella y Nueces PROD,,0.0
Andes+Turbo,COL,,08 ANDES,3488,Galleta Doble Chocolate PROD,Galleta Doble Chocolate PROD,,0.0
Andes+Turbo,COL,,08 ANDES,3623,Cubierta Queso Crema,Cubierta Queso Crema,Madre,0.0
Andes+Turbo,COL,,08 ANDES,3002,Mezcla de Aceite Y Mantequilla (Produccion),Mezcla de Aceite Y Mantequilla (Produccion),Madre,1600.0
Andes+Turbo,COL,,08 ANDES,3632,PROD Minibon de Canela,PROD Minibon de Canela,Madre,0.0
Andes+Turbo,COL,,08 ANDES,307,Salsa Frutos Rojos,Salsa Frutos Rojos,,300.0
Andes+Turbo,COL,,08 ANDES,713,⭕️Caja Lunch,⭕️Caja Lunch,Madre,32.0
Andes+Turbo,COL,,08 ANDES,3576,Flores dia de la Madre,Flores dia de la Madre,Madre,17.0
Andes+Turbo,COL,,08 ANDES,119,⚠️Aceite De Girasol,⚠️Aceite De Girasol,Madre,1500.0
Andes+Turbo,COL,,08 ANDES,172,Huevo Tipo AA,Huevo Tipo AA,Madre,260.0
Andes+Turbo,COL,,08 ANDES,550,⭕️Bolsa Pan Generica,⭕️Bolsa Pan Generica,Madre,37.0
Andes+Turbo,COL,,08 ANDES,237,Sal,Sal,Madre,1200.0
Andes+Turbo,COL,,08 ANDES,6078,Mezcla líquida pancakes de choclo,Mezcla líquida pancakes de choclo,Madre,400.0
Andes+Turbo,COL,,08 ANDES,432,Empaque Vinagreta,Empaque Vinagreta,Madre,57.0
Andes+Turbo,COL,,08 ANDES,604,Jugo de Naranja,Jugo de Naranja,Madre,72.0
Andes+Turbo,COL,,08 ANDES,5003,Porcion de fruta,Porcion de fruta,Madre,43.0
Andes+Turbo,COL,,08 ANDES,118,Croissant Huevo Jamon y Queso,Croissant Huevo Jamon y Queso,Madre,27.0
Andes+Turbo,COL,,08 ANDES,5045,Mini pancakes tradicionales SIN fresa,Mini pancakes tradicionales SIN fresa,Madre,22.0
Andes+Turbo,COL,,08 ANDES,2604,Caja Especial B&M,Caja Especial B&M,Madre,21.0
Andes+Turbo,COL,,08 ANDES,384,Tenedor Y Cuchillo,Tenedor Y Cuchillo,Madre,117.0
Andes+Turbo,COL,,08 ANDES,6273,Pancakes de choclo,Pancakes de choclo,Madre,3.0
Andes+Turbo,COL,,08 ANDES,5022,Minibon canela,Minibon canela,Madre,0.0
Andes+Turbo,COL,,08 ANDES,3799,Galleta Red Velvet Choc Blanco Individual Vicio,Galleta Red Velvet Choc Blanco Individual Vicio,Madre,7.0
Andes+Turbo,COL,,08 ANDES,3597,Flores 🌹,Flores 🌹,Madre,17.0
Andes+Turbo,COL,,08 ANDES,6343,COMBO INDIVIDUAL PANCAKES CHOCLO,COMBO INDIVIDUAL PANCAKES CHOCLO,Madre,2.0
Andes+Turbo,COL,,08 ANDES,6344,COMBO INDIVIDUAL MINIBON,COMBO INDIVIDUAL MINIBON,Madre,0.0
Andes+Turbo,COL,,08 ANDES,6345,COMBO INDIVIDUAL GALLETA,COMBO INDIVIDUAL GALLETA,Madre,7.0
Andes+Turbo,COL,,08 ANDES,6346,COMBO ESPECIAL CON FLORES,COMBO ESPECIAL CON FLORES,Madre,17.0
Andes+Turbo,COL,,08 ANDES,6348,COMBO ESPECIAL SIN FLORES,COMBO ESPECIAL SIN FLORES,Madre,4.0
Andes+Turbo,COL,,08 ANDES,63.0,Pancakes Tradicionales,Pancakes Tradicionales,Alistar,5.0
Colina+Turbo,COL,,06 COLINA,1904,Papas pre Fritas,Papas pre Fritas,,9180
Colina+Turbo,COL,,06 COLINA,287,Guacamole,Guacamole,,1400.0
Colina+Turbo,COL,,06 COLINA,5270,Mix de lechugas,Mix de lechugas,,700.0
Colina+Turbo,COL,,06 COLINA,246,Syrup,Syrup,Madre,4300.0
Colina+Turbo,COL,,06 COLINA,127,Almendra Fileteada,Almendra Fileteada,,270.0
Colina+Turbo,COL,,06 COLINA,1726,pepinillo en conserva,pepinillo en conserva,,240.0
Colina+Turbo,COL,,06 COLINA,3510,Jar de Oreo PROD,Jar de Oreo PROD,,3.0
Colina+Turbo,COL,,06 COLINA,3511,Jar de Limon PROD,Jar de Limon PROD,,3.0
Colina+Turbo,COL,,06 COLINA,3512,Jar de Chocolate PROD,Jar de Chocolate PROD,,3.0
Colina+Turbo,COL,,06 COLINA,3513,Jar 3 Leches PROD,Jar 3 Leches PROD,,3.0
Colina+Turbo,COL,,06 COLINA,3514,Jar de Tiramisu PROD,Jar de Tiramisu PROD,,3.0
Colina+Turbo,COL,,06 COLINA,286,Granola,Granola,,400.0
Colina+Turbo,COL,,06 COLINA,180,Jugo de Naranja Bolsa Lt,Jugo de Naranja Bolsa Lt,Madre,16500.0
Colina+Turbo,COL,,06 COLINA,179,Jugo de Mandarina Bolsa Lt,Jugo de Mandarina Bolsa Lt,,1200.0
Colina+Turbo,COL,,06 COLINA,175,Jamon De Cerdo,Jamon De Cerdo,Madre,3480.0
Colina+Turbo,COL,,06 COLINA,150,Chorizo Santarrosano,Chorizo Santarrosano,,1120.0
Colina+Turbo,COL,,06 COLINA,5594,Res desmechada.,Res desmechada.,,1200.0
Colina+Turbo,COL,,06 COLINA,2573,Tapa bowl kraft mini,Tapa bowl kraft mini,Madre,41.0
Colina+Turbo,COL,,06 COLINA,3116,Tapa Botella 300ml,Tapa Botella 300ml,Madre,80.0
Colina+Turbo,COL,,06 COLINA,441,Botella 300 ml,Botella 300 ml,Madre,80.0
Colina+Turbo,COL,,06 COLINA,459,Porta hamburguesa,Porta hamburguesa,Madre,16.0
Colina+Turbo,COL,,06 COLINA,545,Bowl Mini,Bowl Mini,Madre,41.0
Colina+Turbo,COL,,06 COLINA,2600,Caja B&M,Caja B&M,Madre,34.0
Colina+Turbo,COL,,06 COLINA,491,Servilletas,Servilletas,Madre,204.0
Colina+Turbo,COL,,06 COLINA,250,Tomate Chonto,Tomate Chonto,,4400.0
Colina+Turbo,COL,,06 COLINA,123,Aguacate Papelillo,Aguacate Papelillo,,1100.0
Colina+Turbo,COL,,06 COLINA,184,Lechuga Batavia,Lechuga Batavia,,1500.0
Colina+Turbo,COL,,06 COLINA,215,Pepino Cohombro,Pepino Cohombro,,1000.0
Colina+Turbo,COL,,06 COLINA,221,Pina Golden,Pina Golden,Madre,6200.0
Colina+Turbo,COL,,06 COLINA,210,Papaya Maradol,Papaya Maradol,Madre,3200.0
Colina+Turbo,COL,,06 COLINA,137,Banano Criollo,Banano Criollo,,500.0
Colina+Turbo,COL,,06 COLINA,164,Fresas,Fresas,,1000.0
Colina+Turbo,COL,,06 COLINA,151,Cilantro Patirojo,Cilantro Patirojo,,300.0
Colina+Turbo,COL,,06 COLINA,163,Espinaca,Espinaca,,600.0
Colina+Turbo,COL,,06 COLINA,146,Cebolla Roja,Cebolla Roja,,300.0
Colina+Turbo,COL,,06 COLINA,185,Lechuga Romana,Lechuga Romana,,500.0
Colina+Turbo,COL,,06 COLINA,249,Tomate Cherry,Tomate Cherry,,300.0
Colina+Turbo,COL,,06 COLINA,145,Cebolla Larga Junca,Cebolla Larga Junca,,300.0
Colina+Turbo,COL,,06 COLINA,130,Arandanos,Arandanos,,300.0
Colina+Turbo,COL,,06 COLINA,181,Kale,Kale,,200.0
Colina+Turbo,COL,,06 COLINA,243,Sorbet de acai,Sorbet de acai,,640.0
Colina+Turbo,COL,,06 COLINA,228,Queso Doble Crema,Queso Doble Crema,,1900.0
Colina+Turbo,COL,,06 COLINA,229,Queso Feta,Queso Feta,,300.0
Colina+Turbo,COL,,06 COLINA,5511,Queso cheddar tajadas UN,Queso cheddar tajadas UN,Madre,166.0
Colina+Turbo,COL,,06 COLINA,253,Tortilla De Harina,Tortilla De Harina,,45.0
Colina+Turbo,COL,,06 COLINA,159,Croissant Grande,Croissant Grande,Madre,52.0
Colina+Turbo,COL,,06 COLINA,2952,Arroz Achiotado,Arroz Achiotado,,6600.0
Colina+Turbo,COL,,06 COLINA,5091,Limonada (con base limonada),Limonada (con base limonada),,7200.0
Colina+Turbo,COL,,06 COLINA,283,Frijoles Negros,Frijoles Negros,,4160.0
Colina+Turbo,COL,,06 COLINA,269,Arroz Integral Cocido,Arroz Integral Cocido,,3500.0
Colina+Turbo,COL,,06 COLINA,464,Mezcla Pancakes Tradicionales Lista,Mezcla Pancakes Tradicionales Lista,Madre,8000.0
Colina+Turbo,COL,,06 COLINA,5082,Carne Chilli,Carne Chilli,,2100.0
Colina+Turbo,COL,,06 COLINA,4938,Pollo a las Hierbas,Pollo a las Hierbas,,2000.0
Colina+Turbo,COL,,06 COLINA,295,Papa Calentada,Papa Calentada,,1200.0
Colina+Turbo,COL,,06 COLINA,282,Frijol Paisa,Frijol Paisa,,1100.0
Colina+Turbo,COL,,06 COLINA,297,Platano Frito,Platano Frito,,1300.0
Colina+Turbo,COL,,06 COLINA,296,Pico de Gallo,Pico de Gallo,,1200.0
Colina+Turbo,COL,,06 COLINA,5094,Cerdo Desmechado,Cerdo Desmechado,,2000.0
Colina+Turbo,COL,,06 COLINA,5920,Pollo  BBQ,Pollo  BBQ,,1200.0
Colina+Turbo,COL,,06 COLINA,2730,Emulsion Alioli,Emulsion Alioli,Madre,2300.0
Colina+Turbo,COL,,06 COLINA,288,Hummus De Garbanzos,Hummus De Garbanzos,,1900.0
Colina+Turbo,COL,,06 COLINA,323,Yogur griego Preparado,Yogur griego Preparado,,500.0
Colina+Turbo,COL,,06 COLINA,319,Vinagreta Libanesa,Vinagreta Libanesa,,600.0
Colina+Turbo,COL,,06 COLINA,277,Vinagreta Cesar,Vinagreta Cesar,,500.0
Colina+Turbo,COL,,06 COLINA,5630,Maíz salteado.,Maíz salteado.,,500.0
Colina+Turbo,COL,,06 COLINA,5093,Tocineta producción,Tocineta producción,,300.0
Colina+Turbo,COL,,06 COLINA,4816,Pasta Integral Cocida,Pasta Integral Cocida,,600.0
Colina+Turbo,COL,,06 COLINA,306,Salsa Criolla Produccion,Salsa Criolla Produccion,,300.0
Colina+Turbo,COL,,06 COLINA,5032,cebolla asada Mr.Beast,cebolla asada Mr.Beast,,924.0
Colina+Turbo,COL,,06 COLINA,4811,Quinoa especiada,Quinoa especiada,,288.0
Colina+Turbo,COL,,06 COLINA,320,Vinagreta de Jalapenos Mexicanos,Vinagreta de Jalapenos Mexicanos,,300.0
Colina+Turbo,COL,,06 COLINA,318,Vinagreta de Pesto de Genoa,Vinagreta de Pesto de Genoa,,220.0
Colina+Turbo,COL,,06 COLINA,465,Mezcla Pancakes Avena Lista,Mezcla Pancakes Avena Lista,,900.0
Colina+Turbo,COL,,06 COLINA,4823,Hummus de Pimenton,Hummus de Pimenton,,300.0
Colina+Turbo,COL,,06 COLINA,4818,Brocoli Rostizado,Brocoli Rostizado,,400.0
Colina+Turbo,COL,,06 COLINA,5206,Coleslaw la cosmica,Coleslaw la cosmica,,300.0
Colina+Turbo,COL,,06 COLINA,316,Vinagreta Balsamica de Modena,Vinagreta Balsamica de Modena,,200.0
Colina+Turbo,COL,,06 COLINA,321,Vinagreta Mediterranea,Vinagreta Mediterranea,,200.0
Colina+Turbo,COL,,06 COLINA,1283,Cebolla Encurtida Picante,Cebolla Encurtida Picante,,300.0
Colina+Turbo,COL,,06 COLINA,4991,Mezcla Tostadas Francesas Nueva,Mezcla Tostadas Francesas Nueva,,300.0
Colina+Turbo,COL,,06 COLINA,275,Crutones Zatahar,Crutones Zatahar,,300.0
Colina+Turbo,COL,,06 COLINA,1240,Salsa Pizza,Salsa Pizza,,200.0
Colina+Turbo,COL,,06 COLINA,5517,Totopos triturados,Totopos triturados,,200.0
Colina+Turbo,COL,,06 COLINA,3609,Carne Smashed 80gr,Carne Smashed 80gr,,42.0
Colina+Turbo,COL,,06 COLINA,4918,Pollo Ensalada,Pollo Ensalada,,16.0
Colina+Turbo,COL,,06 COLINA,284,Galletas De Parmesano,Galletas De Parmesano,,42.0
Colina+Turbo,COL,,06 COLINA,3481,Galleta de Chunks de Chocolate PROD,Galleta de Chunks de Chocolate PROD,,4.0
Colina+Turbo,COL,,06 COLINA,3482,Galleta Oreo PROD,Galleta Oreo PROD,,4.0
Colina+Turbo,COL,,06 COLINA,3483,Galleta Red Velvet Choc Blanco PROD,Galleta Red Velvet Choc Blanco PROD,Madre,11.0
Colina+Turbo,COL,,06 COLINA,3484,Galleta Avena Frutos Rojos,Galleta Avena Frutos Rojos,,4.0
Colina+Turbo,COL,,06 COLINA,3485,Galleta Nueces Choc Blanco,Galleta Nueces Choc Blanco,,1.0
Colina+Turbo,COL,,06 COLINA,3486,Galleta Nutella y Nueces PROD,Galleta Nutella y Nueces PROD,,0.0
Colina+Turbo,COL,,06 COLINA,3488,Galleta Doble Chocolate PROD,Galleta Doble Chocolate PROD,,0.0
Colina+Turbo,COL,,06 COLINA,3623,Cubierta Queso Crema,Cubierta Queso Crema,Madre,600.0
Colina+Turbo,COL,,06 COLINA,3002,Mezcla de Aceite Y Mantequilla (Produccion),Mezcla de Aceite Y Mantequilla (Produccion),Madre,1800.0
Colina+Turbo,COL,,06 COLINA,3632,PROD Minibon de Canela,PROD Minibon de Canela,Madre,11.0
Colina+Turbo,COL,,06 COLINA,307,Salsa Frutos Rojos,Salsa Frutos Rojos,,300.0
Colina+Turbo,COL,,06 COLINA,713,⭕️Caja Lunch,⭕️Caja Lunch,Madre,50.0
Colina+Turbo,COL,,06 COLINA,3576,Flores dia de la Madre,Flores dia de la Madre,Madre,31.0
Colina+Turbo,COL,,06 COLINA,119,⚠️Aceite De Girasol,⚠️Aceite De Girasol,Madre,1500.0
Colina+Turbo,COL,,06 COLINA,172,Huevo Tipo AA,Huevo Tipo AA,Madre,280.0
Colina+Turbo,COL,,06 COLINA,550,⭕️Bolsa Pan Generica,⭕️Bolsa Pan Generica,Madre,36.0
Colina+Turbo,COL,,06 COLINA,237,Sal,Sal,Madre,1000.0
Colina+Turbo,COL,,06 COLINA,6078,Mezcla líquida pancakes de choclo,Mezcla líquida pancakes de choclo,Madre,500.0
Colina+Turbo,COL,,06 COLINA,432,Empaque Vinagreta,Empaque Vinagreta,Madre,70.0
Colina+Turbo,COL,,06 COLINA,604,Jugo de Naranja,Jugo de Naranja,Madre,104.0
Colina+Turbo,COL,,06 COLINA,5003,Porcion de fruta,Porcion de fruta,Madre,75.0
Colina+Turbo,COL,,06 COLINA,118,Croissant Huevo Jamon y Queso,Croissant Huevo Jamon y Queso,Madre,46.0
Colina+Turbo,COL,,06 COLINA,5045,Mini pancakes tradicionales SIN fresa,Mini pancakes tradicionales SIN fresa,Madre,34.0
Colina+Turbo,COL,,06 COLINA,2604,Caja Especial B&M,Caja Especial B&M,Madre,35.0
Colina+Turbo,COL,,06 COLINA,384,Tenedor Y Cuchillo,Tenedor Y Cuchillo,Madre,96.0
Colina+Turbo,COL,,06 COLINA,6273,Pancakes de choclo,Pancakes de choclo,Madre,4.0
Colina+Turbo,COL,,06 COLINA,5022,Minibon canela,Minibon canela,Madre,0.0
Colina+Turbo,COL,,06 COLINA,3799,Galleta Red Velvet Choc Blanco Individual Vicio,Galleta Red Velvet Choc Blanco Individual Vicio,Madre,7.0
Colina+Turbo,COL,,06 COLINA,3597,Flores 🌹,Flores 🌹,Madre,31.0
Colina+Turbo,COL,,06 COLINA,6343,COMBO INDIVIDUAL PANCAKES CHOCLO,COMBO INDIVIDUAL PANCAKES CHOCLO,Madre,3.0
Colina+Turbo,COL,,06 COLINA,6344,COMBO INDIVIDUAL MINIBON,COMBO INDIVIDUAL MINIBON,Madre,6.0
Colina+Turbo,COL,,06 COLINA,6345,COMBO INDIVIDUAL GALLETA,COMBO INDIVIDUAL GALLETA,Madre,6.0
Colina+Turbo,COL,,06 COLINA,6346,COMBO ESPECIAL CON FLORES,COMBO ESPECIAL CON FLORES,Madre,31.0
Colina+Turbo,COL,,06 COLINA,6348,COMBO ESPECIAL SIN FLORES,COMBO ESPECIAL SIN FLORES,Madre,4.0
Colina+Turbo,COL,,06 COLINA,63.0,Pancakes Tradicionales,Pancakes Tradicionales,Alistar,6.0
Parque 93,COL,,02 PARQUE 93,1904,Papas pre Fritas,Papas pre Fritas,,9360
Parque 93,COL,,02 PARQUE 93,287,Guacamole,Guacamole,,1900.0
Parque 93,COL,,02 PARQUE 93,5270,Mix de lechugas,Mix de lechugas,,800.0
Parque 93,COL,,02 PARQUE 93,246,Syrup,Syrup,Madre,4500.0
Parque 93,COL,,02 PARQUE 93,127,Almendra Fileteada,Almendra Fileteada,,435.0
Parque 93,COL,,02 PARQUE 93,1726,pepinillo en conserva,pepinillo en conserva,,200.0
Parque 93,COL,,02 PARQUE 93,3510,Jar de Oreo PROD,Jar de Oreo PROD,,2.0
Parque 93,COL,,02 PARQUE 93,3511,Jar de Limon PROD,Jar de Limon PROD,,4.0
Parque 93,COL,,02 PARQUE 93,3512,Jar de Chocolate PROD,Jar de Chocolate PROD,,2.0
Parque 93,COL,,02 PARQUE 93,3513,Jar 3 Leches PROD,Jar 3 Leches PROD,,4.0
Parque 93,COL,,02 PARQUE 93,3514,Jar de Tiramisu PROD,Jar de Tiramisu PROD,,3.0
Parque 93,COL,,02 PARQUE 93,286,Granola,Granola,,400.0
Parque 93,COL,,02 PARQUE 93,180,Jugo de Naranja Bolsa Lt,Jugo de Naranja Bolsa Lt,Madre,15300.0
Parque 93,COL,,02 PARQUE 93,179,Jugo de Mandarina Bolsa Lt,Jugo de Mandarina Bolsa Lt,,1800.0
Parque 93,COL,,02 PARQUE 93,175,Jamon De Cerdo,Jamon De Cerdo,Madre,3120.0
Parque 93,COL,,02 PARQUE 93,150,Chorizo Santarrosano,Chorizo Santarrosano,,1280.0
Parque 93,COL,,02 PARQUE 93,5594,Res desmechada.,Res desmechada.,,800.0
Parque 93,COL,,02 PARQUE 93,2573,Tapa bowl kraft mini,Tapa bowl kraft mini,Madre,45.0
Parque 93,COL,,02 PARQUE 93,3116,Tapa Botella 300ml,Tapa Botella 300ml,Madre,74.0
Parque 93,COL,,02 PARQUE 93,441,Botella 300 ml,Botella 300 ml,Madre,74.0
Parque 93,COL,,02 PARQUE 93,459,Porta hamburguesa,Porta hamburguesa,Madre,18.0
Parque 93,COL,,02 PARQUE 93,545,Bowl Mini,Bowl Mini,Madre,45.0
Parque 93,COL,,02 PARQUE 93,2600,Caja B&M,Caja B&M,Madre,38.0
Parque 93,COL,,02 PARQUE 93,491,Servilletas,Servilletas,Madre,174.0
Parque 93,COL,,02 PARQUE 93,250,Tomate Chonto,Tomate Chonto,,5500.0
Parque 93,COL,,02 PARQUE 93,123,Aguacate Papelillo,Aguacate Papelillo,,1300.0
Parque 93,COL,,02 PARQUE 93,184,Lechuga Batavia,Lechuga Batavia,,1600.0
Parque 93,COL,,02 PARQUE 93,215,Pepino Cohombro,Pepino Cohombro,,1400.0
Parque 93,COL,,02 PARQUE 93,221,Pina Golden,Pina Golden,Madre,6600.0
Parque 93,COL,,02 PARQUE 93,210,Papaya Maradol,Papaya Maradol,Madre,3400.0
Parque 93,COL,,02 PARQUE 93,137,Banano Criollo,Banano Criollo,,600.0
Parque 93,COL,,02 PARQUE 93,164,Fresas,Fresas,,900.0
Parque 93,COL,,02 PARQUE 93,151,Cilantro Patirojo,Cilantro Patirojo,,300.0
Parque 93,COL,,02 PARQUE 93,163,Espinaca,Espinaca,,630.0
Parque 93,COL,,02 PARQUE 93,146,Cebolla Roja,Cebolla Roja,,300.0
Parque 93,COL,,02 PARQUE 93,185,Lechuga Romana,Lechuga Romana,,500.0
Parque 93,COL,,02 PARQUE 93,249,Tomate Cherry,Tomate Cherry,,300.0
Parque 93,COL,,02 PARQUE 93,145,Cebolla Larga Junca,Cebolla Larga Junca,,300.0
Parque 93,COL,,02 PARQUE 93,130,Arandanos,Arandanos,,300.0
Parque 93,COL,,02 PARQUE 93,181,Kale,Kale,,200.0
Parque 93,COL,,02 PARQUE 93,243,Sorbet de acai,Sorbet de acai,,800.0
Parque 93,COL,,02 PARQUE 93,228,Queso Doble Crema,Queso Doble Crema,,1800.0
Parque 93,COL,,02 PARQUE 93,229,Queso Feta,Queso Feta,,400.0
Parque 93,COL,,02 PARQUE 93,5511,Queso cheddar tajadas UN,Queso cheddar tajadas UN,Madre,169.0
Parque 93,COL,,02 PARQUE 93,253,Tortilla De Harina,Tortilla De Harina,,48.0
Parque 93,COL,,02 PARQUE 93,159,Croissant Grande,Croissant Grande,Madre,49.0
Parque 93,COL,,02 PARQUE 93,2952,Arroz Achiotado,Arroz Achiotado,,9800.0
Parque 93,COL,,02 PARQUE 93,5091,Limonada (con base limonada),Limonada (con base limonada),,6600.0
Parque 93,COL,,02 PARQUE 93,283,Frijoles Negros,Frijoles Negros,,4810.0
Parque 93,COL,,02 PARQUE 93,269,Arroz Integral Cocido,Arroz Integral Cocido,,4500.0
Parque 93,COL,,02 PARQUE 93,464,Mezcla Pancakes Tradicionales Lista,Mezcla Pancakes Tradicionales Lista,Madre,8100.0
Parque 93,COL,,02 PARQUE 93,5082,Carne Chilli,Carne Chilli,,2700.0
Parque 93,COL,,02 PARQUE 93,4938,Pollo a las Hierbas,Pollo a las Hierbas,,2400.0
Parque 93,COL,,02 PARQUE 93,295,Papa Calentada,Papa Calentada,,1900.0
Parque 93,COL,,02 PARQUE 93,282,Frijol Paisa,Frijol Paisa,,1300.0
Parque 93,COL,,02 PARQUE 93,297,Platano Frito,Platano Frito,,1600.0
Parque 93,COL,,02 PARQUE 93,296,Pico de Gallo,Pico de Gallo,,1500.0
Parque 93,COL,,02 PARQUE 93,5094,Cerdo Desmechado,Cerdo Desmechado,,2200.0
Parque 93,COL,,02 PARQUE 93,5920,Pollo  BBQ,Pollo  BBQ,,1200.0
Parque 93,COL,,02 PARQUE 93,2730,Emulsion Alioli,Emulsion Alioli,Madre,1900.0
Parque 93,COL,,02 PARQUE 93,288,Hummus De Garbanzos,Hummus De Garbanzos,,2400.0
Parque 93,COL,,02 PARQUE 93,323,Yogur griego Preparado,Yogur griego Preparado,,600.0
Parque 93,COL,,02 PARQUE 93,319,Vinagreta Libanesa,Vinagreta Libanesa,,800.0
Parque 93,COL,,02 PARQUE 93,277,Vinagreta Cesar,Vinagreta Cesar,,500.0
Parque 93,COL,,02 PARQUE 93,5630,Maíz salteado.,Maíz salteado.,,600.0
Parque 93,COL,,02 PARQUE 93,5093,Tocineta producción,Tocineta producción,,400.0
Parque 93,COL,,02 PARQUE 93,4816,Pasta Integral Cocida,Pasta Integral Cocida,,800.0
Parque 93,COL,,02 PARQUE 93,306,Salsa Criolla Produccion,Salsa Criolla Produccion,,325.0
Parque 93,COL,,02 PARQUE 93,5032,cebolla asada Mr.Beast,cebolla asada Mr.Beast,,1036.0
Parque 93,COL,,02 PARQUE 93,4811,Quinoa especiada,Quinoa especiada,,288.0
Parque 93,COL,,02 PARQUE 93,320,Vinagreta de Jalapenos Mexicanos,Vinagreta de Jalapenos Mexicanos,,400.0
Parque 93,COL,,02 PARQUE 93,318,Vinagreta de Pesto de Genoa,Vinagreta de Pesto de Genoa,,200.0
Parque 93,COL,,02 PARQUE 93,465,Mezcla Pancakes Avena Lista,Mezcla Pancakes Avena Lista,,800.0
Parque 93,COL,,02 PARQUE 93,4823,Hummus de Pimenton,Hummus de Pimenton,,200.0
Parque 93,COL,,02 PARQUE 93,4818,Brocoli Rostizado,Brocoli Rostizado,,500.0
Parque 93,COL,,02 PARQUE 93,5206,Coleslaw la cosmica,Coleslaw la cosmica,,400.0
Parque 93,COL,,02 PARQUE 93,316,Vinagreta Balsamica de Modena,Vinagreta Balsamica de Modena,,200.0
Parque 93,COL,,02 PARQUE 93,321,Vinagreta Mediterranea,Vinagreta Mediterranea,,200.0
Parque 93,COL,,02 PARQUE 93,1283,Cebolla Encurtida Picante,Cebolla Encurtida Picante,,300.0
Parque 93,COL,,02 PARQUE 93,4991,Mezcla Tostadas Francesas Nueva,Mezcla Tostadas Francesas Nueva,,300.0
Parque 93,COL,,02 PARQUE 93,275,Crutones Zatahar,Crutones Zatahar,,200.0
Parque 93,COL,,02 PARQUE 93,1240,Salsa Pizza,Salsa Pizza,,300.0
Parque 93,COL,,02 PARQUE 93,5517,Totopos triturados,Totopos triturados,,300.0
Parque 93,COL,,02 PARQUE 93,3609,Carne Smashed 80gr,Carne Smashed 80gr,,50.0
Parque 93,COL,,02 PARQUE 93,4918,Pollo Ensalada,Pollo Ensalada,,17.0
Parque 93,COL,,02 PARQUE 93,284,Galletas De Parmesano,Galletas De Parmesano,,42.0
Parque 93,COL,,02 PARQUE 93,3481,Galleta de Chunks de Chocolate PROD,Galleta de Chunks de Chocolate PROD,,4.0
Parque 93,COL,,02 PARQUE 93,3482,Galleta Oreo PROD,Galleta Oreo PROD,,3.0
Parque 93,COL,,02 PARQUE 93,3483,Galleta Red Velvet Choc Blanco PROD,Galleta Red Velvet Choc Blanco PROD,Madre,9.0
Parque 93,COL,,02 PARQUE 93,3484,Galleta Avena Frutos Rojos,Galleta Avena Frutos Rojos,,5.0
Parque 93,COL,,02 PARQUE 93,3485,Galleta Nueces Choc Blanco,Galleta Nueces Choc Blanco,,0.0
Parque 93,COL,,02 PARQUE 93,3486,Galleta Nutella y Nueces PROD,Galleta Nutella y Nueces PROD,,0.0
Parque 93,COL,,02 PARQUE 93,3488,Galleta Doble Chocolate PROD,Galleta Doble Chocolate PROD,,0.0
Parque 93,COL,,02 PARQUE 93,3623,Cubierta Queso Crema,Cubierta Queso Crema,Madre,0.0
Parque 93,COL,,02 PARQUE 93,3002,Mezcla de Aceite Y Mantequilla (Produccion),Mezcla de Aceite Y Mantequilla (Produccion),Madre,1800.0
Parque 93,COL,,02 PARQUE 93,3632,PROD Minibon de Canela,PROD Minibon de Canela,Madre,0.0
Parque 93,COL,,02 PARQUE 93,307,Salsa Frutos Rojos,Salsa Frutos Rojos,,300.0
Parque 93,COL,,02 PARQUE 93,713,⭕️Caja Lunch,⭕️Caja Lunch,Madre,50.0
Parque 93,COL,,02 PARQUE 93,3576,Flores dia de la Madre,Flores dia de la Madre,Madre,34.0
Parque 93,COL,,02 PARQUE 93,119,⚠️Aceite De Girasol,⚠️Aceite De Girasol,Madre,1600.0
Parque 93,COL,,02 PARQUE 93,172,Huevo Tipo AA,Huevo Tipo AA,Madre,286.0
Parque 93,COL,,02 PARQUE 93,550,⭕️Bolsa Pan Generica,⭕️Bolsa Pan Generica,Madre,30.0
Parque 93,COL,,02 PARQUE 93,237,Sal,Sal,Madre,1200.0
Parque 93,COL,,02 PARQUE 93,6078,Mezcla líquida pancakes de choclo,Mezcla líquida pancakes de choclo,Madre,400.0
Parque 93,COL,,02 PARQUE 93,432,Empaque Vinagreta,Empaque Vinagreta,Madre,75.0
Parque 93,COL,,02 PARQUE 93,604,Jugo de Naranja,Jugo de Naranja,Madre,96.0
Parque 93,COL,,02 PARQUE 93,5003,Porcion de fruta,Porcion de fruta,Madre,74.0
Parque 93,COL,,02 PARQUE 93,118,Croissant Huevo Jamon y Queso,Croissant Huevo Jamon y Queso,Madre,45.0
Parque 93,COL,,02 PARQUE 93,5045,Mini pancakes tradicionales SIN fresa,Mini pancakes tradicionales SIN fresa,Madre,44.0
Parque 93,COL,,02 PARQUE 93,2604,Caja Especial B&M,Caja Especial B&M,Madre,38.0
Parque 93,COL,,02 PARQUE 93,384,Tenedor Y Cuchillo,Tenedor Y Cuchillo,Madre,114.0
Parque 93,COL,,02 PARQUE 93,6273,Pancakes de choclo,Pancakes de choclo,Madre,3.0
Parque 93,COL,,02 PARQUE 93,5022,Minibon canela,Minibon canela,Madre,0.0
Parque 93,COL,,02 PARQUE 93,3799,Galleta Red Velvet Choc Blanco Individual Vicio,Galleta Red Velvet Choc Blanco Individual Vicio,Madre,6.0
Parque 93,COL,,02 PARQUE 93,3597,Flores 🌹,Flores 🌹,Madre,34.0
Parque 93,COL,,02 PARQUE 93,6343,COMBO INDIVIDUAL PANCAKES CHOCLO,COMBO INDIVIDUAL PANCAKES CHOCLO,Madre,2.0
Parque 93,COL,,02 PARQUE 93,6344,COMBO INDIVIDUAL MINIBON,COMBO INDIVIDUAL MINIBON,Madre,0.0
Parque 93,COL,,02 PARQUE 93,6345,COMBO INDIVIDUAL GALLETA,COMBO INDIVIDUAL GALLETA,Madre,5.0
Parque 93,COL,,02 PARQUE 93,6346,COMBO ESPECIAL CON FLORES,COMBO ESPECIAL CON FLORES,Madre,34.0
Parque 93,COL,,02 PARQUE 93,6348,COMBO ESPECIAL SIN FLORES,COMBO ESPECIAL SIN FLORES,Madre,3.0
Parque 93,COL,,02 PARQUE 93,63.0,Pancakes Tradicionales,Pancakes Tradicionales,Alistar,5.0
Chia,COL,,13 CHIA,1904,Papas pre Fritas,Papas pre Fritas,,6300
Chia,COL,,13 CHIA,287,Guacamole,Guacamole,,900.0
Chia,COL,,13 CHIA,5270,Mix de lechugas,Mix de lechugas,,400.0
Chia,COL,,13 CHIA,246,Syrup,Syrup,Madre,1500.0
Chia,COL,,13 CHIA,127,Almendra Fileteada,Almendra Fileteada,,150.0
Chia,COL,,13 CHIA,1726,pepinillo en conserva,pepinillo en conserva,,160.0
Chia,COL,,13 CHIA,3510,Jar de Oreo PROD,Jar de Oreo PROD,,3.0
Chia,COL,,13 CHIA,3511,Jar de Limon PROD,Jar de Limon PROD,,3.0
Chia,COL,,13 CHIA,3512,Jar de Chocolate PROD,Jar de Chocolate PROD,,3.0
Chia,COL,,13 CHIA,3513,Jar 3 Leches PROD,Jar 3 Leches PROD,,3.0
Chia,COL,,13 CHIA,3514,Jar de Tiramisu PROD,Jar de Tiramisu PROD,,3.0
Chia,COL,,13 CHIA,286,Granola,Granola,,300.0
Chia,COL,,13 CHIA,180,Jugo de Naranja Bolsa Lt,Jugo de Naranja Bolsa Lt,Madre,8700.0
Chia,COL,,13 CHIA,179,Jugo de Mandarina Bolsa Lt,Jugo de Mandarina Bolsa Lt,,900.0
Chia,COL,,13 CHIA,175,Jamon De Cerdo,Jamon De Cerdo,Madre,1860.0
Chia,COL,,13 CHIA,150,Chorizo Santarrosano,Chorizo Santarrosano,,640.0
Chia,COL,,13 CHIA,5594,Res desmechada.,Res desmechada.,,700.0
Chia,COL,,13 CHIA,2573,Tapa bowl kraft mini,Tapa bowl kraft mini,Madre,18.0
Chia,COL,,13 CHIA,3116,Tapa Botella 300ml,Tapa Botella 300ml,Madre,40.0
Chia,COL,,13 CHIA,441,Botella 300 ml,Botella 300 ml,Madre,40.0
Chia,COL,,13 CHIA,459,Porta hamburguesa,Porta hamburguesa,Madre,7.0
Chia,COL,,13 CHIA,545,Bowl Mini,Bowl Mini,Madre,18.0
Chia,COL,,13 CHIA,2600,Caja B&M,Caja B&M,Madre,14.0
Chia,COL,,13 CHIA,491,Servilletas,Servilletas,Madre,138.0
Chia,COL,,13 CHIA,250,Tomate Chonto,Tomate Chonto,,2600.0
Chia,COL,,13 CHIA,123,Aguacate Papelillo,Aguacate Papelillo,,600.0
Chia,COL,,13 CHIA,184,Lechuga Batavia,Lechuga Batavia,,1000.0
Chia,COL,,13 CHIA,215,Pepino Cohombro,Pepino Cohombro,,700.0
Chia,COL,,13 CHIA,221,Pina Golden,Pina Golden,Madre,2400.0
Chia,COL,,13 CHIA,210,Papaya Maradol,Papaya Maradol,Madre,1400.0
Chia,COL,,13 CHIA,137,Banano Criollo,Banano Criollo,,300.0
Chia,COL,,13 CHIA,164,Fresas,Fresas,,400.0
Chia,COL,,13 CHIA,151,Cilantro Patirojo,Cilantro Patirojo,,300.0
Chia,COL,,13 CHIA,163,Espinaca,Espinaca,,300.0
Chia,COL,,13 CHIA,146,Cebolla Roja,Cebolla Roja,,300.0
Chia,COL,,13 CHIA,185,Lechuga Romana,Lechuga Romana,,400.0
Chia,COL,,13 CHIA,249,Tomate Cherry,Tomate Cherry,,200.0
Chia,COL,,13 CHIA,145,Cebolla Larga Junca,Cebolla Larga Junca,,300.0
Chia,COL,,13 CHIA,130,Arandanos,Arandanos,,300.0
Chia,COL,,13 CHIA,181,Kale,Kale,,200.0
Chia,COL,,13 CHIA,243,Sorbet de acai,Sorbet de acai,,480.0
Chia,COL,,13 CHIA,228,Queso Doble Crema,Queso Doble Crema,,1100.0
Chia,COL,,13 CHIA,229,Queso Feta,Queso Feta,,300.0
Chia,COL,,13 CHIA,5511,Queso cheddar tajadas UN,Queso cheddar tajadas UN,Madre,110.0
Chia,COL,,13 CHIA,253,Tortilla De Harina,Tortilla De Harina,,27.0
Chia,COL,,13 CHIA,159,Croissant Grande,Croissant Grande,Madre,26.0
Chia,COL,,13 CHIA,2952,Arroz Achiotado,Arroz Achiotado,,5500.0
Chia,COL,,13 CHIA,5091,Limonada (con base limonada),Limonada (con base limonada),,3600.0
Chia,COL,,13 CHIA,283,Frijoles Negros,Frijoles Negros,,2600.0
Chia,COL,,13 CHIA,269,Arroz Integral Cocido,Arroz Integral Cocido,,2250.0
Chia,COL,,13 CHIA,464,Mezcla Pancakes Tradicionales Lista,Mezcla Pancakes Tradicionales Lista,Madre,2500.0
Chia,COL,,13 CHIA,5082,Carne Chilli,Carne Chilli,,1700.0
Chia,COL,,13 CHIA,4938,Pollo a las Hierbas,Pollo a las Hierbas,,1500.0
Chia,COL,,13 CHIA,295,Papa Calentada,Papa Calentada,,1000.0
Chia,COL,,13 CHIA,282,Frijol Paisa,Frijol Paisa,,900.0
Chia,COL,,13 CHIA,297,Platano Frito,Platano Frito,,1100.0
Chia,COL,,13 CHIA,296,Pico de Gallo,Pico de Gallo,,800.0
Chia,COL,,13 CHIA,5094,Cerdo Desmechado,Cerdo Desmechado,,1500.0
Chia,COL,,13 CHIA,5920,Pollo  BBQ,Pollo  BBQ,,600.0
Chia,COL,,13 CHIA,2730,Emulsion Alioli,Emulsion Alioli,Madre,1300.0
Chia,COL,,13 CHIA,288,Hummus De Garbanzos,Hummus De Garbanzos,,1000.0
Chia,COL,,13 CHIA,323,Yogur griego Preparado,Yogur griego Preparado,,300.0
Chia,COL,,13 CHIA,319,Vinagreta Libanesa,Vinagreta Libanesa,,300.0
Chia,COL,,13 CHIA,277,Vinagreta Cesar,Vinagreta Cesar,,300.0
Chia,COL,,13 CHIA,5630,Maíz salteado.,Maíz salteado.,,400.0
Chia,COL,,13 CHIA,5093,Tocineta producción,Tocineta producción,,300.0
Chia,COL,,13 CHIA,4816,Pasta Integral Cocida,Pasta Integral Cocida,,600.0
Chia,COL,,13 CHIA,306,Salsa Criolla Produccion,Salsa Criolla Produccion,,175.0
Chia,COL,,13 CHIA,5032,cebolla asada Mr.Beast,cebolla asada Mr.Beast,,728.0
Chia,COL,,13 CHIA,4811,Quinoa especiada,Quinoa especiada,,144.0
Chia,COL,,13 CHIA,320,Vinagreta de Jalapenos Mexicanos,Vinagreta de Jalapenos Mexicanos,,300.0
Chia,COL,,13 CHIA,318,Vinagreta de Pesto de Genoa,Vinagreta de Pesto de Genoa,,80.0
Chia,COL,,13 CHIA,465,Mezcla Pancakes Avena Lista,Mezcla Pancakes Avena Lista,,600.0
Chia,COL,,13 CHIA,4823,Hummus de Pimenton,Hummus de Pimenton,,300.0
Chia,COL,,13 CHIA,4818,Brocoli Rostizado,Brocoli Rostizado,,300.0
Chia,COL,,13 CHIA,5206,Coleslaw la cosmica,Coleslaw la cosmica,,300.0
Chia,COL,,13 CHIA,316,Vinagreta Balsamica de Modena,Vinagreta Balsamica de Modena,,200.0
Chia,COL,,13 CHIA,321,Vinagreta Mediterranea,Vinagreta Mediterranea,,200.0
Chia,COL,,13 CHIA,1283,Cebolla Encurtida Picante,Cebolla Encurtida Picante,,200.0
Chia,COL,,13 CHIA,4991,Mezcla Tostadas Francesas Nueva,Mezcla Tostadas Francesas Nueva,,300.0
Chia,COL,,13 CHIA,275,Crutones Zatahar,Crutones Zatahar,,200.0
Chia,COL,,13 CHIA,1240,Salsa Pizza,Salsa Pizza,,200.0
Chia,COL,,13 CHIA,5517,Totopos triturados,Totopos triturados,,200.0
Chia,COL,,13 CHIA,3609,Carne Smashed 80gr,Carne Smashed 80gr,,38.0
Chia,COL,,13 CHIA,4918,Pollo Ensalada,Pollo Ensalada,,7.0
Chia,COL,,13 CHIA,284,Galletas De Parmesano,Galletas De Parmesano,,63.0
Chia,COL,,13 CHIA,3481,Galleta de Chunks de Chocolate PROD,Galleta de Chunks de Chocolate PROD,,4.0
Chia,COL,,13 CHIA,3482,Galleta Oreo PROD,Galleta Oreo PROD,,3.0
Chia,COL,,13 CHIA,3483,Galleta Red Velvet Choc Blanco PROD,Galleta Red Velvet Choc Blanco PROD,Madre,5.0
Chia,COL,,13 CHIA,3484,Galleta Avena Frutos Rojos,Galleta Avena Frutos Rojos,,3.0
Chia,COL,,13 CHIA,3485,Galleta Nueces Choc Blanco,Galleta Nueces Choc Blanco,,0.0
Chia,COL,,13 CHIA,3486,Galleta Nutella y Nueces PROD,Galleta Nutella y Nueces PROD,,0.0
Chia,COL,,13 CHIA,3487,Galleta de Guayaba PROD,Galleta de Guayaba PROD,,3.0
Chia,COL,,13 CHIA,3488,Galleta Doble Chocolate PROD,Galleta Doble Chocolate PROD,,0.0
Chia,COL,,13 CHIA,3623,Cubierta Queso Crema,Cubierta Queso Crema,Madre,800.0
Chia,COL,,13 CHIA,3002,Mezcla de Aceite Y Mantequilla (Produccion),Mezcla de Aceite Y Mantequilla (Produccion),Madre,1100.0
Chia,COL,,13 CHIA,3632,PROD Minibon de Canela,PROD Minibon de Canela,Madre,14.0
Chia,COL,,13 CHIA,307,Salsa Frutos Rojos,Salsa Frutos Rojos,,300.0
Chia,COL,,13 CHIA,713,⭕️Caja Lunch,⭕️Caja Lunch,Madre,27.0
Chia,COL,,13 CHIA,3576,Flores dia de la Madre,Flores dia de la Madre,Madre,10.0
Chia,COL,,13 CHIA,119,⚠️Aceite De Girasol,⚠️Aceite De Girasol,Madre,700.0
Chia,COL,,13 CHIA,172,Huevo Tipo AA,Huevo Tipo AA,Madre,122.0
Chia,COL,,13 CHIA,550,⭕️Bolsa Pan Generica,⭕️Bolsa Pan Generica,Madre,17.0
Chia,COL,,13 CHIA,237,Sal,Sal,Madre,700.0
Chia,COL,,13 CHIA,6078,Mezcla líquida pancakes de choclo,Mezcla líquida pancakes de choclo,Madre,300.0
Chia,COL,,13 CHIA,432,Empaque Vinagreta,Empaque Vinagreta,Madre,26.0
Chia,COL,,13 CHIA,604,Jugo de Naranja,Jugo de Naranja,Madre,51.0
Chia,COL,,13 CHIA,5003,Porcion de fruta,Porcion de fruta,Madre,32.0
Chia,COL,,13 CHIA,118,Croissant Huevo Jamon y Queso,Croissant Huevo Jamon y Queso,Madre,24.0
Chia,COL,,13 CHIA,5045,Mini pancakes tradicionales SIN fresa,Mini pancakes tradicionales SIN fresa,Madre,15.0
Chia,COL,,13 CHIA,2604,Caja Especial B&M,Caja Especial B&M,Madre,14.0
Chia,COL,,13 CHIA,384,Tenedor Y Cuchillo,Tenedor Y Cuchillo,Madre,52.0
Chia,COL,,13 CHIA,6273,Pancakes de choclo,Pancakes de choclo,Madre,3.0
Chia,COL,,13 CHIA,5022,Minibon canela,Minibon canela,Madre,11.0
Chia,COL,,13 CHIA,3799,Galleta Red Velvet Choc Blanco Individual Vicio,Galleta Red Velvet Choc Blanco Individual Vicio,Madre,3.0
Chia,COL,,13 CHIA,3597,Flores 🌹,Flores 🌹,Madre,10.0
Chia,COL,,13 CHIA,6343,COMBO INDIVIDUAL PANCAKES CHOCLO,COMBO INDIVIDUAL PANCAKES CHOCLO,Madre,2.0
Chia,COL,,13 CHIA,6344,COMBO INDIVIDUAL MINIBON,COMBO INDIVIDUAL MINIBON,Madre,11.0
Chia,COL,,13 CHIA,6345,COMBO INDIVIDUAL GALLETA,COMBO INDIVIDUAL GALLETA,Madre,0.0
Chia,COL,,13 CHIA,6346,COMBO ESPECIAL CON FLORES,COMBO ESPECIAL CON FLORES,Madre,10.0
Chia,COL,,13 CHIA,6348,COMBO ESPECIAL SIN FLORES,COMBO ESPECIAL SIN FLORES,Madre,3.0
Chia,COL,,13 CHIA,63.0,Pancakes Tradicionales,Pancakes Tradicionales,Alistar,3.0
Engativa,COL,,15 ENGATIVA,1904,Papas pre Fritas,Papas pre Fritas,,10800
Engativa,COL,,15 ENGATIVA,287,Guacamole,Guacamole,,1100.0
Engativa,COL,,15 ENGATIVA,5270,Mix de lechugas,Mix de lechugas,,500.0
Engativa,COL,,15 ENGATIVA,246,Syrup,Syrup,Madre,3000.0
Engativa,COL,,15 ENGATIVA,127,Almendra Fileteada,Almendra Fileteada,,210.0
Engativa,COL,,15 ENGATIVA,1726,pepinillo en conserva,pepinillo en conserva,,350.0
Engativa,COL,,15 ENGATIVA,3510,Jar de Oreo PROD,Jar de Oreo PROD,,3.0
Engativa,COL,,15 ENGATIVA,3511,Jar de Limon PROD,Jar de Limon PROD,,3.0
Engativa,COL,,15 ENGATIVA,3512,Jar de Chocolate PROD,Jar de Chocolate PROD,,3.0
Engativa,COL,,15 ENGATIVA,3513,Jar 3 Leches PROD,Jar 3 Leches PROD,,3.0
Engativa,COL,,15 ENGATIVA,3514,Jar de Tiramisu PROD,Jar de Tiramisu PROD,,3.0
Engativa,COL,,15 ENGATIVA,286,Granola,Granola,,400.0
Engativa,COL,,15 ENGATIVA,180,Jugo de Naranja Bolsa Lt,Jugo de Naranja Bolsa Lt,Madre,15300.0
Engativa,COL,,15 ENGATIVA,179,Jugo de Mandarina Bolsa Lt,Jugo de Mandarina Bolsa Lt,,1500.0
Engativa,COL,,15 ENGATIVA,175,Jamon De Cerdo,Jamon De Cerdo,Madre,3120.0
Engativa,COL,,15 ENGATIVA,150,Chorizo Santarrosano,Chorizo Santarrosano,,640.0
Engativa,COL,,15 ENGATIVA,5594,Res desmechada.,Res desmechada.,,700.0
Engativa,COL,,15 ENGATIVA,2573,Tapa bowl kraft mini,Tapa bowl kraft mini,Madre,27.0
Engativa,COL,,15 ENGATIVA,3116,Tapa Botella 300ml,Tapa Botella 300ml,Madre,76.0
Engativa,COL,,15 ENGATIVA,441,Botella 300 ml,Botella 300 ml,Madre,76.0
Engativa,COL,,15 ENGATIVA,459,Porta hamburguesa,Porta hamburguesa,Madre,14.0
Engativa,COL,,15 ENGATIVA,545,Bowl Mini,Bowl Mini,Madre,27.0
Engativa,COL,,15 ENGATIVA,2600,Caja B&M,Caja B&M,Madre,23.0
Engativa,COL,,15 ENGATIVA,491,Servilletas,Servilletas,Madre,221.0
Engativa,COL,,15 ENGATIVA,250,Tomate Chonto,Tomate Chonto,,3100.0
Engativa,COL,,15 ENGATIVA,123,Aguacate Papelillo,Aguacate Papelillo,,600.0
Engativa,COL,,15 ENGATIVA,184,Lechuga Batavia,Lechuga Batavia,,900.0
Engativa,COL,,15 ENGATIVA,215,Pepino Cohombro,Pepino Cohombro,,800.0
Engativa,COL,,15 ENGATIVA,221,Pina Golden,Pina Golden,Madre,3200.0
Engativa,COL,,15 ENGATIVA,210,Papaya Maradol,Papaya Maradol,Madre,2300.0
Engativa,COL,,15 ENGATIVA,137,Banano Criollo,Banano Criollo,,400.0
Engativa,COL,,15 ENGATIVA,164,Fresas,Fresas,,600.0
Engativa,COL,,15 ENGATIVA,151,Cilantro Patirojo,Cilantro Patirojo,,300.0
Engativa,COL,,15 ENGATIVA,163,Espinaca,Espinaca,,300.0
Engativa,COL,,15 ENGATIVA,146,Cebolla Roja,Cebolla Roja,,300.0
Engativa,COL,,15 ENGATIVA,185,Lechuga Romana,Lechuga Romana,,400.0
Engativa,COL,,15 ENGATIVA,249,Tomate Cherry,Tomate Cherry,,200.0
Engativa,COL,,15 ENGATIVA,145,Cebolla Larga Junca,Cebolla Larga Junca,,300.0
Engativa,COL,,15 ENGATIVA,130,Arandanos,Arandanos,,300.0
Engativa,COL,,15 ENGATIVA,181,Kale,Kale,,200.0
Engativa,COL,,15 ENGATIVA,243,Sorbet de acai,Sorbet de acai,,640.0
Engativa,COL,,15 ENGATIVA,228,Queso Doble Crema,Queso Doble Crema,,1200.0
Engativa,COL,,15 ENGATIVA,229,Queso Feta,Queso Feta,,300.0
Engativa,COL,,15 ENGATIVA,5511,Queso cheddar tajadas UN,Queso cheddar tajadas UN,Madre,189.0
Engativa,COL,,15 ENGATIVA,253,Tortilla De Harina,Tortilla De Harina,,29.0
Engativa,COL,,15 ENGATIVA,159,Croissant Grande,Croissant Grande,Madre,89.0
Engativa,COL,,15 ENGATIVA,2952,Arroz Achiotado,Arroz Achiotado,,4800.0
Engativa,COL,,15 ENGATIVA,5091,Limonada (con base limonada),Limonada (con base limonada),,6600.0
Engativa,COL,,15 ENGATIVA,283,Frijoles Negros,Frijoles Negros,,2470.0
Engativa,COL,,15 ENGATIVA,269,Arroz Integral Cocido,Arroz Integral Cocido,,2375.0
Engativa,COL,,15 ENGATIVA,464,Mezcla Pancakes Tradicionales Lista,Mezcla Pancakes Tradicionales Lista,Madre,5600.0
Engativa,COL,,15 ENGATIVA,5082,Carne Chilli,Carne Chilli,,1700.0
Engativa,COL,,15 ENGATIVA,4938,Pollo a las Hierbas,Pollo a las Hierbas,,1300.0
Engativa,COL,,15 ENGATIVA,295,Papa Calentada,Papa Calentada,,1100.0
Engativa,COL,,15 ENGATIVA,282,Frijol Paisa,Frijol Paisa,,1000.0
Engativa,COL,,15 ENGATIVA,297,Platano Frito,Platano Frito,,1000.0
Engativa,COL,,15 ENGATIVA,296,Pico de Gallo,Pico de Gallo,,900.0
Engativa,COL,,15 ENGATIVA,5094,Cerdo Desmechado,Cerdo Desmechado,,1600.0
Engativa,COL,,15 ENGATIVA,5920,Pollo  BBQ,Pollo  BBQ,,700.0
Engativa,COL,,15 ENGATIVA,2730,Emulsion Alioli,Emulsion Alioli,Madre,2000.0
Engativa,COL,,15 ENGATIVA,288,Hummus De Garbanzos,Hummus De Garbanzos,,1400.0
Engativa,COL,,15 ENGATIVA,323,Yogur griego Preparado,Yogur griego Preparado,,500.0
Engativa,COL,,15 ENGATIVA,319,Vinagreta Libanesa,Vinagreta Libanesa,,400.0
Engativa,COL,,15 ENGATIVA,277,Vinagreta Cesar,Vinagreta Cesar,,400.0
Engativa,COL,,15 ENGATIVA,5630,Maíz salteado.,Maíz salteado.,,300.0
Engativa,COL,,15 ENGATIVA,5093,Tocineta producción,Tocineta producción,,300.0
Engativa,COL,,15 ENGATIVA,4816,Pasta Integral Cocida,Pasta Integral Cocida,,600.0
Engativa,COL,,15 ENGATIVA,306,Salsa Criolla Produccion,Salsa Criolla Produccion,,150.0
Engativa,COL,,15 ENGATIVA,5032,cebolla asada Mr.Beast,cebolla asada Mr.Beast,,1232.0
Engativa,COL,,15 ENGATIVA,4811,Quinoa especiada,Quinoa especiada,,144.0
Engativa,COL,,15 ENGATIVA,320,Vinagreta de Jalapenos Mexicanos,Vinagreta de Jalapenos Mexicanos,,200.0
Engativa,COL,,15 ENGATIVA,318,Vinagreta de Pesto de Genoa,Vinagreta de Pesto de Genoa,,100.0
Engativa,COL,,15 ENGATIVA,465,Mezcla Pancakes Avena Lista,Mezcla Pancakes Avena Lista,,600.0
Engativa,COL,,15 ENGATIVA,4823,Hummus de Pimenton,Hummus de Pimenton,,200.0
Engativa,COL,,15 ENGATIVA,4818,Brocoli Rostizado,Brocoli Rostizado,,200.0
Engativa,COL,,15 ENGATIVA,5206,Coleslaw la cosmica,Coleslaw la cosmica,,300.0
Engativa,COL,,15 ENGATIVA,316,Vinagreta Balsamica de Modena,Vinagreta Balsamica de Modena,,200.0
Engativa,COL,,15 ENGATIVA,321,Vinagreta Mediterranea,Vinagreta Mediterranea,,200.0
Engativa,COL,,15 ENGATIVA,1283,Cebolla Encurtida Picante,Cebolla Encurtida Picante,,300.0
Engativa,COL,,15 ENGATIVA,4991,Mezcla Tostadas Francesas Nueva,Mezcla Tostadas Francesas Nueva,,200.0
Engativa,COL,,15 ENGATIVA,275,Crutones Zatahar,Crutones Zatahar,,200.0
Engativa,COL,,15 ENGATIVA,1240,Salsa Pizza,Salsa Pizza,,200.0
Engativa,COL,,15 ENGATIVA,5517,Totopos triturados,Totopos triturados,,200.0
Engativa,COL,,15 ENGATIVA,3609,Carne Smashed 80gr,Carne Smashed 80gr,,64.0
Engativa,COL,,15 ENGATIVA,4918,Pollo Ensalada,Pollo Ensalada,,8.0
Engativa,COL,,15 ENGATIVA,284,Galletas De Parmesano,Galletas De Parmesano,,42.0
Engativa,COL,,15 ENGATIVA,3481,Galleta de Chunks de Chocolate PROD,Galleta de Chunks de Chocolate PROD,,4.0
Engativa,COL,,15 ENGATIVA,3482,Galleta Oreo PROD,Galleta Oreo PROD,,3.0
Engativa,COL,,15 ENGATIVA,3483,Galleta Red Velvet Choc Blanco PROD,Galleta Red Velvet Choc Blanco PROD,Madre,9.0
Engativa,COL,,15 ENGATIVA,3484,Galleta Avena Frutos Rojos,Galleta Avena Frutos Rojos,,3.0
Engativa,COL,,15 ENGATIVA,3485,Galleta Nueces Choc Blanco,Galleta Nueces Choc Blanco,,0.0
Engativa,COL,,15 ENGATIVA,3486,Galleta Nutella y Nueces PROD,Galleta Nutella y Nueces PROD,,0.0
Engativa,COL,,15 ENGATIVA,3488,Galleta Doble Chocolate PROD,Galleta Doble Chocolate PROD,,0.0
Engativa,COL,,15 ENGATIVA,3623,Cubierta Queso Crema,Cubierta Queso Crema,Madre,1300.0
Engativa,COL,,15 ENGATIVA,3002,Mezcla de Aceite Y Mantequilla (Produccion),Mezcla de Aceite Y Mantequilla (Produccion),Madre,1700.0
Engativa,COL,,15 ENGATIVA,3632,PROD Minibon de Canela,PROD Minibon de Canela,Madre,20.0
Engativa,COL,,15 ENGATIVA,307,Salsa Frutos Rojos,Salsa Frutos Rojos,,300.0
Engativa,COL,,15 ENGATIVA,713,⭕️Caja Lunch,⭕️Caja Lunch,Madre,47.0
Engativa,COL,,15 ENGATIVA,3576,Flores dia de la Madre,Flores dia de la Madre,Madre,19.0
Engativa,COL,,15 ENGATIVA,119,⚠️Aceite De Girasol,⚠️Aceite De Girasol,Madre,1300.0
Engativa,COL,,15 ENGATIVA,172,Huevo Tipo AA,Huevo Tipo AA,Madre,246.0
Engativa,COL,,15 ENGATIVA,550,⭕️Bolsa Pan Generica,⭕️Bolsa Pan Generica,Madre,24.0
Engativa,COL,,15 ENGATIVA,237,Sal,Sal,Madre,1300.0
Engativa,COL,,15 ENGATIVA,6078,Mezcla líquida pancakes de choclo,Mezcla líquida pancakes de choclo,Madre,300.0
Engativa,COL,,15 ENGATIVA,432,Empaque Vinagreta,Empaque Vinagreta,Madre,48.0
Engativa,COL,,15 ENGATIVA,604,Jugo de Naranja,Jugo de Naranja,Madre,100.0
Engativa,COL,,15 ENGATIVA,5003,Porcion de fruta,Porcion de fruta,Madre,50.0
Engativa,COL,,15 ENGATIVA,118,Croissant Huevo Jamon y Queso,Croissant Huevo Jamon y Queso,Madre,43.0
Engativa,COL,,15 ENGATIVA,5045,Mini pancakes tradicionales SIN fresa,Mini pancakes tradicionales SIN fresa,Madre,24.0
Engativa,COL,,15 ENGATIVA,2604,Caja Especial B&M,Caja Especial B&M,Madre,23.0
Engativa,COL,,15 ENGATIVA,384,Tenedor Y Cuchillo,Tenedor Y Cuchillo,Madre,83.0
Engativa,COL,,15 ENGATIVA,6273,Pancakes de choclo,Pancakes de choclo,Madre,3.0
Engativa,COL,,15 ENGATIVA,5022,Minibon canela,Minibon canela,Madre,18.0
Engativa,COL,,15 ENGATIVA,3799,Galleta Red Velvet Choc Blanco Individual Vicio,Galleta Red Velvet Choc Blanco Individual Vicio,Madre,4.0
Engativa,COL,,15 ENGATIVA,3597,Flores 🌹,Flores 🌹,Madre,19.0
Engativa,COL,,15 ENGATIVA,6343,COMBO INDIVIDUAL PANCAKES CHOCLO,COMBO INDIVIDUAL PANCAKES CHOCLO,Madre,2.0
Engativa,COL,,15 ENGATIVA,6344,COMBO INDIVIDUAL MINIBON,COMBO INDIVIDUAL MINIBON,Madre,18.0
Engativa,COL,,15 ENGATIVA,6345,COMBO INDIVIDUAL GALLETA,COMBO INDIVIDUAL GALLETA,Madre,3.0
Engativa,COL,,15 ENGATIVA,6346,COMBO ESPECIAL CON FLORES,COMBO ESPECIAL CON FLORES,Madre,19.0
Engativa,COL,,15 ENGATIVA,6348,COMBO ESPECIAL SIN FLORES,COMBO ESPECIAL SIN FLORES,Madre,4.0
Engativa,COL,,15 ENGATIVA,63.0,Pancakes Tradicionales,Pancakes Tradicionales,Alistar,5.0
Villa del Prado+Turbo,COL,,36 VILLA DEL PRADO,1904,Papas pre Fritas,Papas pre Fritas,,10440
Villa del Prado+Turbo,COL,,36 VILLA DEL PRADO,287,Guacamole,Guacamole,,1500.0
Villa del Prado+Turbo,COL,,36 VILLA DEL PRADO,5270,Mix de lechugas,Mix de lechugas,,700.0
Villa del Prado+Turbo,COL,,36 VILLA DEL PRADO,246,Syrup,Syrup,Madre,3600.0
Villa del Prado+Turbo,COL,,36 VILLA DEL PRADO,127,Almendra Fileteada,Almendra Fileteada,,315.0
Villa del Prado+Turbo,COL,,36 VILLA DEL PRADO,1726,pepinillo en conserva,pepinillo en conserva,,300.0
Villa del Prado+Turbo,COL,,36 VILLA DEL PRADO,3510,Jar de Oreo PROD,Jar de Oreo PROD,,3.0
Villa del Prado+Turbo,COL,,36 VILLA DEL PRADO,3511,Jar de Limon PROD,Jar de Limon PROD,,4.0
Villa del Prado+Turbo,COL,,36 VILLA DEL PRADO,3512,Jar de Chocolate PROD,Jar de Chocolate PROD,,3.0
Villa del Prado+Turbo,COL,,36 VILLA DEL PRADO,3513,Jar 3 Leches PROD,Jar 3 Leches PROD,,4.0
Villa del Prado+Turbo,COL,,36 VILLA DEL PRADO,3514,Jar de Tiramisu PROD,Jar de Tiramisu PROD,,4.0
Villa del Prado+Turbo,COL,,36 VILLA DEL PRADO,286,Granola,Granola,,400.0
Villa del Prado+Turbo,COL,,36 VILLA DEL PRADO,180,Jugo de Naranja Bolsa Lt,Jugo de Naranja Bolsa Lt,Madre,15900.0
Villa del Prado+Turbo,COL,,36 VILLA DEL PRADO,179,Jugo de Mandarina Bolsa Lt,Jugo de Mandarina Bolsa Lt,,2100.0
Villa del Prado+Turbo,COL,,36 VILLA DEL PRADO,175,Jamon De Cerdo,Jamon De Cerdo,Madre,3180.0
Villa del Prado+Turbo,COL,,36 VILLA DEL PRADO,150,Chorizo Santarrosano,Chorizo Santarrosano,,1120.0
Villa del Prado+Turbo,COL,,36 VILLA DEL PRADO,5594,Res desmechada.,Res desmechada.,,1100.0
Villa del Prado+Turbo,COL,,36 VILLA DEL PRADO,2573,Tapa bowl kraft mini,Tapa bowl kraft mini,Madre,32.0
Villa del Prado+Turbo,COL,,36 VILLA DEL PRADO,3116,Tapa Botella 300ml,Tapa Botella 300ml,Madre,82.0
Villa del Prado+Turbo,COL,,36 VILLA DEL PRADO,441,Botella 300 ml,Botella 300 ml,Madre,82.0
Villa del Prado+Turbo,COL,,36 VILLA DEL PRADO,459,Porta hamburguesa,Porta hamburguesa,Madre,15.0
Villa del Prado+Turbo,COL,,36 VILLA DEL PRADO,545,Bowl Mini,Bowl Mini,Madre,32.0
Villa del Prado+Turbo,COL,,36 VILLA DEL PRADO,2600,Caja B&M,Caja B&M,Madre,28.0
Villa del Prado+Turbo,COL,,36 VILLA DEL PRADO,491,Servilletas,Servilletas,Madre,260.0
Villa del Prado+Turbo,COL,,36 VILLA DEL PRADO,250,Tomate Chonto,Tomate Chonto,,5300.0
Villa del Prado+Turbo,COL,,36 VILLA DEL PRADO,123,Aguacate Papelillo,Aguacate Papelillo,,1000.0
Villa del Prado+Turbo,COL,,36 VILLA DEL PRADO,184,Lechuga Batavia,Lechuga Batavia,,1600.0
Villa del Prado+Turbo,COL,,36 VILLA DEL PRADO,215,Pepino Cohombro,Pepino Cohombro,,1200.0
Villa del Prado+Turbo,COL,,36 VILLA DEL PRADO,221,Pina Golden,Pina Golden,Madre,4600.0
Villa del Prado+Turbo,COL,,36 VILLA DEL PRADO,210,Papaya Maradol,Papaya Maradol,Madre,2600.0
Villa del Prado+Turbo,COL,,36 VILLA DEL PRADO,137,Banano Criollo,Banano Criollo,,500.0
Villa del Prado+Turbo,COL,,36 VILLA DEL PRADO,164,Fresas,Fresas,,900.0
Villa del Prado+Turbo,COL,,36 VILLA DEL PRADO,151,Cilantro Patirojo,Cilantro Patirojo,,300.0
Villa del Prado+Turbo,COL,,36 VILLA DEL PRADO,163,Espinaca,Espinaca,,720.0
Villa del Prado+Turbo,COL,,36 VILLA DEL PRADO,146,Cebolla Roja,Cebolla Roja,,300.0
Villa del Prado+Turbo,COL,,36 VILLA DEL PRADO,185,Lechuga Romana,Lechuga Romana,,500.0
Villa del Prado+Turbo,COL,,36 VILLA DEL PRADO,249,Tomate Cherry,Tomate Cherry,,300.0
Villa del Prado+Turbo,COL,,36 VILLA DEL PRADO,145,Cebolla Larga Junca,Cebolla Larga Junca,,300.0
Villa del Prado+Turbo,COL,,36 VILLA DEL PRADO,130,Arandanos,Arandanos,,300.0
Villa del Prado+Turbo,COL,,36 VILLA DEL PRADO,181,Kale,Kale,,200.0
Villa del Prado+Turbo,COL,,36 VILLA DEL PRADO,243,Sorbet de acai,Sorbet de acai,,640.0
Villa del Prado+Turbo,COL,,36 VILLA DEL PRADO,228,Queso Doble Crema,Queso Doble Crema,,1900.0
Villa del Prado+Turbo,COL,,36 VILLA DEL PRADO,229,Queso Feta,Queso Feta,,400.0
Villa del Prado+Turbo,COL,,36 VILLA DEL PRADO,5511,Queso cheddar tajadas UN,Queso cheddar tajadas UN,Madre,184.0
Villa del Prado+Turbo,COL,,36 VILLA DEL PRADO,253,Tortilla De Harina,Tortilla De Harina,,54.0
Villa del Prado+Turbo,COL,,36 VILLA DEL PRADO,159,Croissant Grande,Croissant Grande,Madre,50.0
Villa del Prado+Turbo,COL,,36 VILLA DEL PRADO,2952,Arroz Achiotado,Arroz Achiotado,,7300.0
Villa del Prado+Turbo,COL,,36 VILLA DEL PRADO,5091,Limonada (con base limonada),Limonada (con base limonada),,7800.0
Villa del Prado+Turbo,COL,,36 VILLA DEL PRADO,283,Frijoles Negros,Frijoles Negros,,4160.0
Villa del Prado+Turbo,COL,,36 VILLA DEL PRADO,269,Arroz Integral Cocido,Arroz Integral Cocido,,3750.0
Villa del Prado+Turbo,COL,,36 VILLA DEL PRADO,464,Mezcla Pancakes Tradicionales Lista,Mezcla Pancakes Tradicionales Lista,Madre,6700.0
Villa del Prado+Turbo,COL,,36 VILLA DEL PRADO,5082,Carne Chilli,Carne Chilli,,2000.0
Villa del Prado+Turbo,COL,,36 VILLA DEL PRADO,4938,Pollo a las Hierbas,Pollo a las Hierbas,,2600.0
Villa del Prado+Turbo,COL,,36 VILLA DEL PRADO,295,Papa Calentada,Papa Calentada,,1600.0
Villa del Prado+Turbo,COL,,36 VILLA DEL PRADO,282,Frijol Paisa,Frijol Paisa,,1000.0
Villa del Prado+Turbo,COL,,36 VILLA DEL PRADO,297,Platano Frito,Platano Frito,,1500.0
Villa del Prado+Turbo,COL,,36 VILLA DEL PRADO,296,Pico de Gallo,Pico de Gallo,,1400.0
Villa del Prado+Turbo,COL,,36 VILLA DEL PRADO,5094,Cerdo Desmechado,Cerdo Desmechado,,2300.0
Villa del Prado+Turbo,COL,,36 VILLA DEL PRADO,5920,Pollo  BBQ,Pollo  BBQ,,1300.0
Villa del Prado+Turbo,COL,,36 VILLA DEL PRADO,2730,Emulsion Alioli,Emulsion Alioli,Madre,2300.0
Villa del Prado+Turbo,COL,,36 VILLA DEL PRADO,288,Hummus De Garbanzos,Hummus De Garbanzos,,2100.0
Villa del Prado+Turbo,COL,,36 VILLA DEL PRADO,323,Yogur griego Preparado,Yogur griego Preparado,,700.0
Villa del Prado+Turbo,COL,,36 VILLA DEL PRADO,319,Vinagreta Libanesa,Vinagreta Libanesa,,500.0
Villa del Prado+Turbo,COL,,36 VILLA DEL PRADO,277,Vinagreta Cesar,Vinagreta Cesar,,600.0
Villa del Prado+Turbo,COL,,36 VILLA DEL PRADO,5630,Maíz salteado.,Maíz salteado.,,600.0
Villa del Prado+Turbo,COL,,36 VILLA DEL PRADO,5093,Tocineta producción,Tocineta producción,,400.0
Villa del Prado+Turbo,COL,,36 VILLA DEL PRADO,4816,Pasta Integral Cocida,Pasta Integral Cocida,,800.0
Villa del Prado+Turbo,COL,,36 VILLA DEL PRADO,306,Salsa Criolla Produccion,Salsa Criolla Produccion,,325.0
Villa del Prado+Turbo,COL,,36 VILLA DEL PRADO,5032,cebolla asada Mr.Beast,cebolla asada Mr.Beast,,1120.0
Villa del Prado+Turbo,COL,,36 VILLA DEL PRADO,4811,Quinoa especiada,Quinoa especiada,,288.0
Villa del Prado+Turbo,COL,,36 VILLA DEL PRADO,320,Vinagreta de Jalapenos Mexicanos,Vinagreta de Jalapenos Mexicanos,,500.0
Villa del Prado+Turbo,COL,,36 VILLA DEL PRADO,318,Vinagreta de Pesto de Genoa,Vinagreta de Pesto de Genoa,,240.0
Villa del Prado+Turbo,COL,,36 VILLA DEL PRADO,465,Mezcla Pancakes Avena Lista,Mezcla Pancakes Avena Lista,,900.0
Villa del Prado+Turbo,COL,,36 VILLA DEL PRADO,4823,Hummus de Pimenton,Hummus de Pimenton,,300.0
Villa del Prado+Turbo,COL,,36 VILLA DEL PRADO,4818,Brocoli Rostizado,Brocoli Rostizado,,300.0
Villa del Prado+Turbo,COL,,36 VILLA DEL PRADO,5206,Coleslaw la cosmica,Coleslaw la cosmica,,400.0
Villa del Prado+Turbo,COL,,36 VILLA DEL PRADO,316,Vinagreta Balsamica de Modena,Vinagreta Balsamica de Modena,,200.0
Villa del Prado+Turbo,COL,,36 VILLA DEL PRADO,321,Vinagreta Mediterranea,Vinagreta Mediterranea,,200.0
Villa del Prado+Turbo,COL,,36 VILLA DEL PRADO,1283,Cebolla Encurtida Picante,Cebolla Encurtida Picante,,300.0
Villa del Prado+Turbo,COL,,36 VILLA DEL PRADO,4991,Mezcla Tostadas Francesas Nueva,Mezcla Tostadas Francesas Nueva,,300.0
Villa del Prado+Turbo,COL,,36 VILLA DEL PRADO,275,Crutones Zatahar,Crutones Zatahar,,200.0
Villa del Prado+Turbo,COL,,36 VILLA DEL PRADO,1240,Salsa Pizza,Salsa Pizza,,300.0
Villa del Prado+Turbo,COL,,36 VILLA DEL PRADO,5517,Totopos triturados,Totopos triturados,,300.0
Villa del Prado+Turbo,COL,,36 VILLA DEL PRADO,3609,Carne Smashed 80gr,Carne Smashed 80gr,,62.0
Villa del Prado+Turbo,COL,,36 VILLA DEL PRADO,4918,Pollo Ensalada,Pollo Ensalada,,14.0
Villa del Prado+Turbo,COL,,36 VILLA DEL PRADO,284,Galletas De Parmesano,Galletas De Parmesano,,42.0
Villa del Prado+Turbo,COL,,36 VILLA DEL PRADO,3481,Galleta de Chunks de Chocolate PROD,Galleta de Chunks de Chocolate PROD,,5.0
Villa del Prado+Turbo,COL,,36 VILLA DEL PRADO,3482,Galleta Oreo PROD,Galleta Oreo PROD,,3.0
Villa del Prado+Turbo,COL,,36 VILLA DEL PRADO,3483,Galleta Red Velvet Choc Blanco PROD,Galleta Red Velvet Choc Blanco PROD,Madre,9.0
Villa del Prado+Turbo,COL,,36 VILLA DEL PRADO,3484,Galleta Avena Frutos Rojos,Galleta Avena Frutos Rojos,,4.0
Villa del Prado+Turbo,COL,,36 VILLA DEL PRADO,3485,Galleta Nueces Choc Blanco,Galleta Nueces Choc Blanco,,0.0
Villa del Prado+Turbo,COL,,36 VILLA DEL PRADO,3486,Galleta Nutella y Nueces PROD,Galleta Nutella y Nueces PROD,,0.0
Villa del Prado+Turbo,COL,,36 VILLA DEL PRADO,3488,Galleta Doble Chocolate PROD,Galleta Doble Chocolate PROD,,0.0
Villa del Prado+Turbo,COL,,36 VILLA DEL PRADO,3623,Cubierta Queso Crema,Cubierta Queso Crema,Madre,2900.0
Villa del Prado+Turbo,COL,,36 VILLA DEL PRADO,3002,Mezcla de Aceite Y Mantequilla (Produccion),Mezcla de Aceite Y Mantequilla (Produccion),Madre,1900.0
Villa del Prado+Turbo,COL,,36 VILLA DEL PRADO,3632,PROD Minibon de Canela,PROD Minibon de Canela,Madre,17.0
Villa del Prado+Turbo,COL,,36 VILLA DEL PRADO,307,Salsa Frutos Rojos,Salsa Frutos Rojos,,300.0
Villa del Prado+Turbo,COL,,36 VILLA DEL PRADO,713,⭕️Caja Lunch,⭕️Caja Lunch,Madre,49.0
Villa del Prado+Turbo,COL,,36 VILLA DEL PRADO,3576,Flores dia de la Madre,Flores dia de la Madre,Madre,23.0
Villa del Prado+Turbo,COL,,36 VILLA DEL PRADO,119,⚠️Aceite De Girasol,⚠️Aceite De Girasol,Madre,1500.0
Villa del Prado+Turbo,COL,,36 VILLA DEL PRADO,172,Huevo Tipo AA,Huevo Tipo AA,Madre,262.0
Villa del Prado+Turbo,COL,,36 VILLA DEL PRADO,550,⭕️Bolsa Pan Generica,⭕️Bolsa Pan Generica,Madre,34.0
Villa del Prado+Turbo,COL,,36 VILLA DEL PRADO,237,Sal,Sal,Madre,1200.0
Villa del Prado+Turbo,COL,,36 VILLA DEL PRADO,6078,Mezcla líquida pancakes de choclo,Mezcla líquida pancakes de choclo,Madre,400.0
Villa del Prado+Turbo,COL,,36 VILLA DEL PRADO,432,Empaque Vinagreta,Empaque Vinagreta,Madre,63.0
Villa del Prado+Turbo,COL,,36 VILLA DEL PRADO,604,Jugo de Naranja,Jugo de Naranja,Madre,101.0
Villa del Prado+Turbo,COL,,36 VILLA DEL PRADO,5003,Porcion de fruta,Porcion de fruta,Madre,57.0
Villa del Prado+Turbo,COL,,36 VILLA DEL PRADO,118,Croissant Huevo Jamon y Queso,Croissant Huevo Jamon y Queso,Madre,44.0
Villa del Prado+Turbo,COL,,36 VILLA DEL PRADO,5045,Mini pancakes tradicionales SIN fresa,Mini pancakes tradicionales SIN fresa,Madre,27.0
Villa del Prado+Turbo,COL,,36 VILLA DEL PRADO,2604,Caja Especial B&M,Caja Especial B&M,Madre,28.0
Villa del Prado+Turbo,COL,,36 VILLA DEL PRADO,384,Tenedor Y Cuchillo,Tenedor Y Cuchillo,Madre,117.0
Villa del Prado+Turbo,COL,,36 VILLA DEL PRADO,6273,Pancakes de choclo,Pancakes de choclo,Madre,3.0
Villa del Prado+Turbo,COL,,36 VILLA DEL PRADO,5022,Minibon canela,Minibon canela,Madre,13.0
Villa del Prado+Turbo,COL,,36 VILLA DEL PRADO,3799,Galleta Red Velvet Choc Blanco Individual Vicio,Galleta Red Velvet Choc Blanco Individual Vicio,Madre,4.0
Villa del Prado+Turbo,COL,,36 VILLA DEL PRADO,3597,Flores 🌹,Flores 🌹,Madre,23.0
Villa del Prado+Turbo,COL,,36 VILLA DEL PRADO,6343,COMBO INDIVIDUAL PANCAKES CHOCLO,COMBO INDIVIDUAL PANCAKES CHOCLO,Madre,2.0
Villa del Prado+Turbo,COL,,36 VILLA DEL PRADO,6344,COMBO INDIVIDUAL MINIBON,COMBO INDIVIDUAL MINIBON,Madre,13.0
Villa del Prado+Turbo,COL,,36 VILLA DEL PRADO,6345,COMBO INDIVIDUAL GALLETA,COMBO INDIVIDUAL GALLETA,Madre,3.0
Villa del Prado+Turbo,COL,,36 VILLA DEL PRADO,6346,COMBO ESPECIAL CON FLORES,COMBO ESPECIAL CON FLORES,Madre,23.0
Villa del Prado+Turbo,COL,,36 VILLA DEL PRADO,6348,COMBO ESPECIAL SIN FLORES,COMBO ESPECIAL SIN FLORES,Madre,4.0
Villa del Prado+Turbo,COL,,36 VILLA DEL PRADO,63.0,Pancakes Tradicionales,Pancakes Tradicionales,Alistar,7.0
Chapinero+Turbo,COL,,03 CHAPINERO,1904,Papas pre Fritas,Papas pre Fritas,,11520
Chapinero+Turbo,COL,,03 CHAPINERO,287,Guacamole,Guacamole,,2300.0
Chapinero+Turbo,COL,,03 CHAPINERO,5270,Mix de lechugas,Mix de lechugas,,1100.0
Chapinero+Turbo,COL,,03 CHAPINERO,246,Syrup,Syrup,Madre,5200.0
Chapinero+Turbo,COL,,03 CHAPINERO,127,Almendra Fileteada,Almendra Fileteada,,675.0
Chapinero+Turbo,COL,,03 CHAPINERO,1726,pepinillo en conserva,pepinillo en conserva,,290.0
Chapinero+Turbo,COL,,03 CHAPINERO,3510,Jar de Oreo PROD,Jar de Oreo PROD,,4.0
Chapinero+Turbo,COL,,03 CHAPINERO,3511,Jar de Limon PROD,Jar de Limon PROD,,4.0
Chapinero+Turbo,COL,,03 CHAPINERO,3512,Jar de Chocolate PROD,Jar de Chocolate PROD,,3.0
Chapinero+Turbo,COL,,03 CHAPINERO,3513,Jar 3 Leches PROD,Jar 3 Leches PROD,,5.0
Chapinero+Turbo,COL,,03 CHAPINERO,3514,Jar de Tiramisu PROD,Jar de Tiramisu PROD,,4.0
Chapinero+Turbo,COL,,03 CHAPINERO,286,Granola,Granola,,500.0
Chapinero+Turbo,COL,,03 CHAPINERO,180,Jugo de Naranja Bolsa Lt,Jugo de Naranja Bolsa Lt,Madre,21300.0
Chapinero+Turbo,COL,,03 CHAPINERO,179,Jugo de Mandarina Bolsa Lt,Jugo de Mandarina Bolsa Lt,,3300.0
Chapinero+Turbo,COL,,03 CHAPINERO,175,Jamon De Cerdo,Jamon De Cerdo,Madre,4320.0
Chapinero+Turbo,COL,,03 CHAPINERO,150,Chorizo Santarrosano,Chorizo Santarrosano,,1440.0
Chapinero+Turbo,COL,,03 CHAPINERO,5594,Res desmechada.,Res desmechada.,,1400.0
Chapinero+Turbo,COL,,03 CHAPINERO,2573,Tapa bowl kraft mini,Tapa bowl kraft mini,Madre,38.0
Chapinero+Turbo,COL,,03 CHAPINERO,3116,Tapa Botella 300ml,Tapa Botella 300ml,Madre,109.0
Chapinero+Turbo,COL,,03 CHAPINERO,441,Botella 300 ml,Botella 300 ml,Madre,109.0
Chapinero+Turbo,COL,,03 CHAPINERO,459,Porta hamburguesa,Porta hamburguesa,Madre,38.0
Chapinero+Turbo,COL,,03 CHAPINERO,545,Bowl Mini,Bowl Mini,Madre,38.0
Chapinero+Turbo,COL,,03 CHAPINERO,2600,Caja B&M,Caja B&M,Madre,29.0
Chapinero+Turbo,COL,,03 CHAPINERO,491,Servilletas,Servilletas,Madre,323.0
Chapinero+Turbo,COL,,03 CHAPINERO,250,Tomate Chonto,Tomate Chonto,,8500.0
Chapinero+Turbo,COL,,03 CHAPINERO,123,Aguacate Papelillo,Aguacate Papelillo,,1700.0
Chapinero+Turbo,COL,,03 CHAPINERO,184,Lechuga Batavia,Lechuga Batavia,,2600.0
Chapinero+Turbo,COL,,03 CHAPINERO,215,Pepino Cohombro,Pepino Cohombro,,2000.0
Chapinero+Turbo,COL,,03 CHAPINERO,221,Pina Golden,Pina Golden,Madre,5800.0
Chapinero+Turbo,COL,,03 CHAPINERO,210,Papaya Maradol,Papaya Maradol,Madre,3200.0
Chapinero+Turbo,COL,,03 CHAPINERO,137,Banano Criollo,Banano Criollo,,800.0
Chapinero+Turbo,COL,,03 CHAPINERO,164,Fresas,Fresas,,1600.0
Chapinero+Turbo,COL,,03 CHAPINERO,151,Cilantro Patirojo,Cilantro Patirojo,,300.0
Chapinero+Turbo,COL,,03 CHAPINERO,163,Espinaca,Espinaca,,960.0
Chapinero+Turbo,COL,,03 CHAPINERO,146,Cebolla Roja,Cebolla Roja,,300.0
Chapinero+Turbo,COL,,03 CHAPINERO,185,Lechuga Romana,Lechuga Romana,,500.0
Chapinero+Turbo,COL,,03 CHAPINERO,249,Tomate Cherry,Tomate Cherry,,500.0
Chapinero+Turbo,COL,,03 CHAPINERO,145,Cebolla Larga Junca,Cebolla Larga Junca,,300.0
Chapinero+Turbo,COL,,03 CHAPINERO,130,Arandanos,Arandanos,,300.0
Chapinero+Turbo,COL,,03 CHAPINERO,181,Kale,Kale,,200.0
Chapinero+Turbo,COL,,03 CHAPINERO,243,Sorbet de acai,Sorbet de acai,,960.0
Chapinero+Turbo,COL,,03 CHAPINERO,228,Queso Doble Crema,Queso Doble Crema,,3100.0
Chapinero+Turbo,COL,,03 CHAPINERO,229,Queso Feta,Queso Feta,,500.0
Chapinero+Turbo,COL,,03 CHAPINERO,5511,Queso cheddar tajadas UN,Queso cheddar tajadas UN,Madre,232.0
Chapinero+Turbo,COL,,03 CHAPINERO,253,Tortilla De Harina,Tortilla De Harina,,78.0
Chapinero+Turbo,COL,,03 CHAPINERO,159,Croissant Grande,Croissant Grande,Madre,75.0
Chapinero+Turbo,COL,,03 CHAPINERO,2952,Arroz Achiotado,Arroz Achiotado,,11600.0
Chapinero+Turbo,COL,,03 CHAPINERO,5091,Limonada (con base limonada),Limonada (con base limonada),,9300.0
Chapinero+Turbo,COL,,03 CHAPINERO,283,Frijoles Negros,Frijoles Negros,,7150.0
Chapinero+Turbo,COL,,03 CHAPINERO,269,Arroz Integral Cocido,Arroz Integral Cocido,,7875.0
Chapinero+Turbo,COL,,03 CHAPINERO,464,Mezcla Pancakes Tradicionales Lista,Mezcla Pancakes Tradicionales Lista,Madre,9400.0
Chapinero+Turbo,COL,,03 CHAPINERO,5082,Carne Chilli,Carne Chilli,,3500.0
Chapinero+Turbo,COL,,03 CHAPINERO,4938,Pollo a las Hierbas,Pollo a las Hierbas,,3900.0
Chapinero+Turbo,COL,,03 CHAPINERO,295,Papa Calentada,Papa Calentada,,2400.0
Chapinero+Turbo,COL,,03 CHAPINERO,282,Frijol Paisa,Frijol Paisa,,1400.0
Chapinero+Turbo,COL,,03 CHAPINERO,297,Platano Frito,Platano Frito,,2000.0
Chapinero+Turbo,COL,,03 CHAPINERO,296,Pico de Gallo,Pico de Gallo,,2200.0
Chapinero+Turbo,COL,,03 CHAPINERO,5094,Cerdo Desmechado,Cerdo Desmechado,,3000.0
Chapinero+Turbo,COL,,03 CHAPINERO,5920,Pollo  BBQ,Pollo  BBQ,,1900.0
Chapinero+Turbo,COL,,03 CHAPINERO,2730,Emulsion Alioli,Emulsion Alioli,Madre,3300.0
Chapinero+Turbo,COL,,03 CHAPINERO,288,Hummus De Garbanzos,Hummus De Garbanzos,,3600.0
Chapinero+Turbo,COL,,03 CHAPINERO,323,Yogur griego Preparado,Yogur griego Preparado,,900.0
Chapinero+Turbo,COL,,03 CHAPINERO,319,Vinagreta Libanesa,Vinagreta Libanesa,,1100.0
Chapinero+Turbo,COL,,03 CHAPINERO,277,Vinagreta Cesar,Vinagreta Cesar,,700.0
Chapinero+Turbo,COL,,03 CHAPINERO,5630,Maíz salteado.,Maíz salteado.,,1000.0
Chapinero+Turbo,COL,,03 CHAPINERO,5093,Tocineta producción,Tocineta producción,,600.0
Chapinero+Turbo,COL,,03 CHAPINERO,4816,Pasta Integral Cocida,Pasta Integral Cocida,,800.0
Chapinero+Turbo,COL,,03 CHAPINERO,306,Salsa Criolla Produccion,Salsa Criolla Produccion,,450.0
Chapinero+Turbo,COL,,03 CHAPINERO,5032,cebolla asada Mr.Beast,cebolla asada Mr.Beast,,1232.0
Chapinero+Turbo,COL,,03 CHAPINERO,4811,Quinoa especiada,Quinoa especiada,,432.0
Chapinero+Turbo,COL,,03 CHAPINERO,320,Vinagreta de Jalapenos Mexicanos,Vinagreta de Jalapenos Mexicanos,,400.0
Chapinero+Turbo,COL,,03 CHAPINERO,318,Vinagreta de Pesto de Genoa,Vinagreta de Pesto de Genoa,,360.0
Chapinero+Turbo,COL,,03 CHAPINERO,465,Mezcla Pancakes Avena Lista,Mezcla Pancakes Avena Lista,,1100.0
Chapinero+Turbo,COL,,03 CHAPINERO,4823,Hummus de Pimenton,Hummus de Pimenton,,400.0
Chapinero+Turbo,COL,,03 CHAPINERO,4818,Brocoli Rostizado,Brocoli Rostizado,,500.0
Chapinero+Turbo,COL,,03 CHAPINERO,5206,Coleslaw la cosmica,Coleslaw la cosmica,,500.0
Chapinero+Turbo,COL,,03 CHAPINERO,316,Vinagreta Balsamica de Modena,Vinagreta Balsamica de Modena,,200.0
Chapinero+Turbo,COL,,03 CHAPINERO,321,Vinagreta Mediterranea,Vinagreta Mediterranea,,200.0
Chapinero+Turbo,COL,,03 CHAPINERO,1283,Cebolla Encurtida Picante,Cebolla Encurtida Picante,,300.0
Chapinero+Turbo,COL,,03 CHAPINERO,4991,Mezcla Tostadas Francesas Nueva,Mezcla Tostadas Francesas Nueva,,400.0
Chapinero+Turbo,COL,,03 CHAPINERO,275,Crutones Zatahar,Crutones Zatahar,,300.0
Chapinero+Turbo,COL,,03 CHAPINERO,1240,Salsa Pizza,Salsa Pizza,,200.0
Chapinero+Turbo,COL,,03 CHAPINERO,5517,Totopos triturados,Totopos triturados,,300.0
Chapinero+Turbo,COL,,03 CHAPINERO,3609,Carne Smashed 80gr,Carne Smashed 80gr,,58.0
Chapinero+Turbo,COL,,03 CHAPINERO,4918,Pollo Ensalada,Pollo Ensalada,,31.0
Chapinero+Turbo,COL,,03 CHAPINERO,284,Galletas De Parmesano,Galletas De Parmesano,,42.0
Chapinero+Turbo,COL,,03 CHAPINERO,3481,Galleta de Chunks de Chocolate PROD,Galleta de Chunks de Chocolate PROD,,7.0
Chapinero+Turbo,COL,,03 CHAPINERO,3482,Galleta Oreo PROD,Galleta Oreo PROD,,4.0
Chapinero+Turbo,COL,,03 CHAPINERO,3483,Galleta Red Velvet Choc Blanco PROD,Galleta Red Velvet Choc Blanco PROD,Madre,10.0
Chapinero+Turbo,COL,,03 CHAPINERO,3484,Galleta Avena Frutos Rojos,Galleta Avena Frutos Rojos,,4.0
Chapinero+Turbo,COL,,03 CHAPINERO,3485,Galleta Nueces Choc Blanco,Galleta Nueces Choc Blanco,,0.0
Chapinero+Turbo,COL,,03 CHAPINERO,3486,Galleta Nutella y Nueces PROD,Galleta Nutella y Nueces PROD,,0.0
Chapinero+Turbo,COL,,03 CHAPINERO,3488,Galleta Doble Chocolate PROD,Galleta Doble Chocolate PROD,,0.0
Chapinero+Turbo,COL,,03 CHAPINERO,3623,Cubierta Queso Crema,Cubierta Queso Crema,Madre,2600.0
Chapinero+Turbo,COL,,03 CHAPINERO,3002,Mezcla de Aceite Y Mantequilla (Produccion),Mezcla de Aceite Y Mantequilla (Produccion),Madre,2400.0
Chapinero+Turbo,COL,,03 CHAPINERO,3632,PROD Minibon de Canela,PROD Minibon de Canela,Madre,27.0
Chapinero+Turbo,COL,,03 CHAPINERO,307,Salsa Frutos Rojos,Salsa Frutos Rojos,,300.0
Chapinero+Turbo,COL,,03 CHAPINERO,713,⭕️Caja Lunch,⭕️Caja Lunch,Madre,63.0
Chapinero+Turbo,COL,,03 CHAPINERO,3576,Flores dia de la Madre,Flores dia de la Madre,Madre,24.0
Chapinero+Turbo,COL,,03 CHAPINERO,119,⚠️Aceite De Girasol,⚠️Aceite De Girasol,Madre,2500.0
Chapinero+Turbo,COL,,03 CHAPINERO,172,Huevo Tipo AA,Huevo Tipo AA,Madre,454.0
Chapinero+Turbo,COL,,03 CHAPINERO,550,⭕️Bolsa Pan Generica,⭕️Bolsa Pan Generica,Madre,46.0
Chapinero+Turbo,COL,,03 CHAPINERO,237,Sal,Sal,Madre,1700.0
Chapinero+Turbo,COL,,03 CHAPINERO,6078,Mezcla líquida pancakes de choclo,Mezcla líquida pancakes de choclo,Madre,700.0
Chapinero+Turbo,COL,,03 CHAPINERO,432,Empaque Vinagreta,Empaque Vinagreta,Madre,97.0
Chapinero+Turbo,COL,,03 CHAPINERO,604,Jugo de Naranja,Jugo de Naranja,Madre,138.0
Chapinero+Turbo,COL,,03 CHAPINERO,5003,Porcion de fruta,Porcion de fruta,Madre,63.0
Chapinero+Turbo,COL,,03 CHAPINERO,118,Croissant Huevo Jamon y Queso,Croissant Huevo Jamon y Queso,Madre,54.0
Chapinero+Turbo,COL,,03 CHAPINERO,5045,Mini pancakes tradicionales SIN fresa,Mini pancakes tradicionales SIN fresa,Madre,29.0
Chapinero+Turbo,COL,,03 CHAPINERO,2604,Caja Especial B&M,Caja Especial B&M,Madre,29.0
Chapinero+Turbo,COL,,03 CHAPINERO,384,Tenedor Y Cuchillo,Tenedor Y Cuchillo,Madre,206.0
Chapinero+Turbo,COL,,03 CHAPINERO,6273,Pancakes de choclo,Pancakes de choclo,Madre,5.0
Chapinero+Turbo,COL,,03 CHAPINERO,5022,Minibon canela,Minibon canela,Madre,21.0
Chapinero+Turbo,COL,,03 CHAPINERO,3799,Galleta Red Velvet Choc Blanco Individual Vicio,Galleta Red Velvet Choc Blanco Individual Vicio,Madre,7.0
Chapinero+Turbo,COL,,03 CHAPINERO,3597,Flores 🌹,Flores 🌹,Madre,24.0
Chapinero+Turbo,COL,,03 CHAPINERO,6343,COMBO INDIVIDUAL PANCAKES CHOCLO,COMBO INDIVIDUAL PANCAKES CHOCLO,Madre,5.0
Chapinero+Turbo,COL,,03 CHAPINERO,6344,COMBO INDIVIDUAL MINIBON,COMBO INDIVIDUAL MINIBON,Madre,21.0
Chapinero+Turbo,COL,,03 CHAPINERO,6345,COMBO INDIVIDUAL GALLETA,COMBO INDIVIDUAL GALLETA,Madre,5.0
Chapinero+Turbo,COL,,03 CHAPINERO,6346,COMBO ESPECIAL CON FLORES,COMBO ESPECIAL CON FLORES,Madre,24.0
Chapinero+Turbo,COL,,03 CHAPINERO,6348,COMBO ESPECIAL SIN FLORES,COMBO ESPECIAL SIN FLORES,Madre,4.0
Chapinero+Turbo,COL,,03 CHAPINERO,63.0,Pancakes Tradicionales,Pancakes Tradicionales,Alistar,7.0
Kennedy+Turbo,COL,,38 KENNEDY,1904,Papas pre Fritas,Papas pre Fritas,,11160
Kennedy+Turbo,COL,,38 KENNEDY,287,Guacamole,Guacamole,,1300.0
Kennedy+Turbo,COL,,38 KENNEDY,5270,Mix de lechugas,Mix de lechugas,,400.0
Kennedy+Turbo,COL,,38 KENNEDY,246,Syrup,Syrup,Madre,3800.0
Kennedy+Turbo,COL,,38 KENNEDY,127,Almendra Fileteada,Almendra Fileteada,,180.0
Kennedy+Turbo,COL,,38 KENNEDY,1726,pepinillo en conserva,pepinillo en conserva,,410.0
Kennedy+Turbo,COL,,38 KENNEDY,3510,Jar de Oreo PROD,Jar de Oreo PROD,,3.0
Kennedy+Turbo,COL,,38 KENNEDY,3511,Jar de Limon PROD,Jar de Limon PROD,,3.0
Kennedy+Turbo,COL,,38 KENNEDY,3512,Jar de Chocolate PROD,Jar de Chocolate PROD,,3.0
Kennedy+Turbo,COL,,38 KENNEDY,3513,Jar 3 Leches PROD,Jar 3 Leches PROD,,3.0
Kennedy+Turbo,COL,,38 KENNEDY,3514,Jar de Tiramisu PROD,Jar de Tiramisu PROD,,3.0
Kennedy+Turbo,COL,,38 KENNEDY,286,Granola,Granola,,500.0
Kennedy+Turbo,COL,,38 KENNEDY,180,Jugo de Naranja Bolsa Lt,Jugo de Naranja Bolsa Lt,Madre,16200.0
Kennedy+Turbo,COL,,38 KENNEDY,179,Jugo de Mandarina Bolsa Lt,Jugo de Mandarina Bolsa Lt,,2100.0
Kennedy+Turbo,COL,,38 KENNEDY,175,Jamon De Cerdo,Jamon De Cerdo,Madre,3180.0
Kennedy+Turbo,COL,,38 KENNEDY,150,Chorizo Santarrosano,Chorizo Santarrosano,,720.0
Kennedy+Turbo,COL,,38 KENNEDY,5594,Res desmechada.,Res desmechada.,,800.0
Kennedy+Turbo,COL,,38 KENNEDY,2573,Tapa bowl kraft mini,Tapa bowl kraft mini,Madre,37.0
Kennedy+Turbo,COL,,38 KENNEDY,3116,Tapa Botella 300ml,Tapa Botella 300ml,Madre,81.0
Kennedy+Turbo,COL,,38 KENNEDY,441,Botella 300 ml,Botella 300 ml,Madre,81.0
Kennedy+Turbo,COL,,38 KENNEDY,459,Porta hamburguesa,Porta hamburguesa,Madre,12.0
Kennedy+Turbo,COL,,38 KENNEDY,545,Bowl Mini,Bowl Mini,Madre,37.0
Kennedy+Turbo,COL,,38 KENNEDY,2600,Caja B&M,Caja B&M,Madre,31.0
Kennedy+Turbo,COL,,38 KENNEDY,491,Servilletas,Servilletas,Madre,234.0
Kennedy+Turbo,COL,,38 KENNEDY,250,Tomate Chonto,Tomate Chonto,,3500.0
Kennedy+Turbo,COL,,38 KENNEDY,123,Aguacate Papelillo,Aguacate Papelillo,,900.0
Kennedy+Turbo,COL,,38 KENNEDY,184,Lechuga Batavia,Lechuga Batavia,,1100.0
Kennedy+Turbo,COL,,38 KENNEDY,215,Pepino Cohombro,Pepino Cohombro,,800.0
Kennedy+Turbo,COL,,38 KENNEDY,221,Pina Golden,Pina Golden,Madre,5500.0
Kennedy+Turbo,COL,,38 KENNEDY,210,Papaya Maradol,Papaya Maradol,Madre,2800.0
Kennedy+Turbo,COL,,38 KENNEDY,137,Banano Criollo,Banano Criollo,,500.0
Kennedy+Turbo,COL,,38 KENNEDY,164,Fresas,Fresas,,900.0
Kennedy+Turbo,COL,,38 KENNEDY,151,Cilantro Patirojo,Cilantro Patirojo,,300.0
Kennedy+Turbo,COL,,38 KENNEDY,163,Espinaca,Espinaca,,420.0
Kennedy+Turbo,COL,,38 KENNEDY,146,Cebolla Roja,Cebolla Roja,,300.0
Kennedy+Turbo,COL,,38 KENNEDY,185,Lechuga Romana,Lechuga Romana,,400.0
Kennedy+Turbo,COL,,38 KENNEDY,249,Tomate Cherry,Tomate Cherry,,200.0
Kennedy+Turbo,COL,,38 KENNEDY,145,Cebolla Larga Junca,Cebolla Larga Junca,,300.0
Kennedy+Turbo,COL,,38 KENNEDY,130,Arandanos,Arandanos,,300.0
Kennedy+Turbo,COL,,38 KENNEDY,181,Kale,Kale,,200.0
Kennedy+Turbo,COL,,38 KENNEDY,243,Sorbet de acai,Sorbet de acai,,640.0
Kennedy+Turbo,COL,,38 KENNEDY,228,Queso Doble Crema,Queso Doble Crema,,1300.0
Kennedy+Turbo,COL,,38 KENNEDY,229,Queso Feta,Queso Feta,,300.0
Kennedy+Turbo,COL,,38 KENNEDY,5511,Queso cheddar tajadas UN,Queso cheddar tajadas UN,Madre,201.0
Kennedy+Turbo,COL,,38 KENNEDY,253,Tortilla De Harina,Tortilla De Harina,,40.0
Kennedy+Turbo,COL,,38 KENNEDY,159,Croissant Grande,Croissant Grande,Madre,49.0
Kennedy+Turbo,COL,,38 KENNEDY,2952,Arroz Achiotado,Arroz Achiotado,,6000.0
Kennedy+Turbo,COL,,38 KENNEDY,5091,Limonada (con base limonada),Limonada (con base limonada),,6900.0
Kennedy+Turbo,COL,,38 KENNEDY,283,Frijoles Negros,Frijoles Negros,,3250.0
Kennedy+Turbo,COL,,38 KENNEDY,269,Arroz Integral Cocido,Arroz Integral Cocido,,2500.0
Kennedy+Turbo,COL,,38 KENNEDY,464,Mezcla Pancakes Tradicionales Lista,Mezcla Pancakes Tradicionales Lista,Madre,7000.0
Kennedy+Turbo,COL,,38 KENNEDY,5082,Carne Chilli,Carne Chilli,,1800.0
Kennedy+Turbo,COL,,38 KENNEDY,4938,Pollo a las Hierbas,Pollo a las Hierbas,,1500.0
Kennedy+Turbo,COL,,38 KENNEDY,295,Papa Calentada,Papa Calentada,,1300.0
Kennedy+Turbo,COL,,38 KENNEDY,282,Frijol Paisa,Frijol Paisa,,1000.0
Kennedy+Turbo,COL,,38 KENNEDY,297,Platano Frito,Platano Frito,,1200.0
Kennedy+Turbo,COL,,38 KENNEDY,296,Pico de Gallo,Pico de Gallo,,1100.0
Kennedy+Turbo,COL,,38 KENNEDY,5094,Cerdo Desmechado,Cerdo Desmechado,,1900.0
Kennedy+Turbo,COL,,38 KENNEDY,5920,Pollo  BBQ,Pollo  BBQ,,1100.0
Kennedy+Turbo,COL,,38 KENNEDY,2730,Emulsion Alioli,Emulsion Alioli,Madre,1900.0
Kennedy+Turbo,COL,,38 KENNEDY,288,Hummus De Garbanzos,Hummus De Garbanzos,,1100.0
Kennedy+Turbo,COL,,38 KENNEDY,323,Yogur griego Preparado,Yogur griego Preparado,,800.0
Kennedy+Turbo,COL,,38 KENNEDY,319,Vinagreta Libanesa,Vinagreta Libanesa,,400.0
Kennedy+Turbo,COL,,38 KENNEDY,277,Vinagreta Cesar,Vinagreta Cesar,,300.0
Kennedy+Turbo,COL,,38 KENNEDY,5630,Maíz salteado.,Maíz salteado.,,300.0
Kennedy+Turbo,COL,,38 KENNEDY,5093,Tocineta producción,Tocineta producción,,400.0
Kennedy+Turbo,COL,,38 KENNEDY,4816,Pasta Integral Cocida,Pasta Integral Cocida,,600.0
Kennedy+Turbo,COL,,38 KENNEDY,306,Salsa Criolla Produccion,Salsa Criolla Produccion,,275.0
Kennedy+Turbo,COL,,38 KENNEDY,5032,cebolla asada Mr.Beast,cebolla asada Mr.Beast,,1372.0
Kennedy+Turbo,COL,,38 KENNEDY,4811,Quinoa especiada,Quinoa especiada,,144.0
Kennedy+Turbo,COL,,38 KENNEDY,320,Vinagreta de Jalapenos Mexicanos,Vinagreta de Jalapenos Mexicanos,,200.0
Kennedy+Turbo,COL,,38 KENNEDY,318,Vinagreta de Pesto de Genoa,Vinagreta de Pesto de Genoa,,120.0
Kennedy+Turbo,COL,,38 KENNEDY,465,Mezcla Pancakes Avena Lista,Mezcla Pancakes Avena Lista,,300.0
Kennedy+Turbo,COL,,38 KENNEDY,4823,Hummus de Pimenton,Hummus de Pimenton,,300.0
Kennedy+Turbo,COL,,38 KENNEDY,4818,Brocoli Rostizado,Brocoli Rostizado,,300.0
Kennedy+Turbo,COL,,38 KENNEDY,5206,Coleslaw la cosmica,Coleslaw la cosmica,,300.0
Kennedy+Turbo,COL,,38 KENNEDY,316,Vinagreta Balsamica de Modena,Vinagreta Balsamica de Modena,,200.0
Kennedy+Turbo,COL,,38 KENNEDY,321,Vinagreta Mediterranea,Vinagreta Mediterranea,,200.0
Kennedy+Turbo,COL,,38 KENNEDY,1283,Cebolla Encurtida Picante,Cebolla Encurtida Picante,,200.0
Kennedy+Turbo,COL,,38 KENNEDY,4991,Mezcla Tostadas Francesas Nueva,Mezcla Tostadas Francesas Nueva,,200.0
Kennedy+Turbo,COL,,38 KENNEDY,275,Crutones Zatahar,Crutones Zatahar,,200.0
Kennedy+Turbo,COL,,38 KENNEDY,1240,Salsa Pizza,Salsa Pizza,,300.0
Kennedy+Turbo,COL,,38 KENNEDY,5517,Totopos triturados,Totopos triturados,,200.0
Kennedy+Turbo,COL,,38 KENNEDY,3609,Carne Smashed 80gr,Carne Smashed 80gr,,68.0
Kennedy+Turbo,COL,,38 KENNEDY,4918,Pollo Ensalada,Pollo Ensalada,,7.0
Kennedy+Turbo,COL,,38 KENNEDY,284,Galletas De Parmesano,Galletas De Parmesano,,42.0
Kennedy+Turbo,COL,,38 KENNEDY,3481,Galleta de Chunks de Chocolate PROD,Galleta de Chunks de Chocolate PROD,,5.0
Kennedy+Turbo,COL,,38 KENNEDY,3482,Galleta Oreo PROD,Galleta Oreo PROD,,3.0
Kennedy+Turbo,COL,,38 KENNEDY,3483,Galleta Red Velvet Choc Blanco PROD,Galleta Red Velvet Choc Blanco PROD,Madre,5.0
Kennedy+Turbo,COL,,38 KENNEDY,3484,Galleta Avena Frutos Rojos,Galleta Avena Frutos Rojos,,3.0
Kennedy+Turbo,COL,,38 KENNEDY,3485,Galleta Nueces Choc Blanco,Galleta Nueces Choc Blanco,,0.0
Kennedy+Turbo,COL,,38 KENNEDY,3486,Galleta Nutella y Nueces PROD,Galleta Nutella y Nueces PROD,,0.0
Kennedy+Turbo,COL,,38 KENNEDY,3488,Galleta Doble Chocolate PROD,Galleta Doble Chocolate PROD,,0.0
Kennedy+Turbo,COL,,38 KENNEDY,3623,Cubierta Queso Crema,Cubierta Queso Crema,Madre,500.0
Kennedy+Turbo,COL,,38 KENNEDY,3002,Mezcla de Aceite Y Mantequilla (Produccion),Mezcla de Aceite Y Mantequilla (Produccion),Madre,2000.0
Kennedy+Turbo,COL,,38 KENNEDY,3632,PROD Minibon de Canela,PROD Minibon de Canela,Madre,15.0
Kennedy+Turbo,COL,,38 KENNEDY,307,Salsa Frutos Rojos,Salsa Frutos Rojos,,300.0
Kennedy+Turbo,COL,,38 KENNEDY,713,⭕️Caja Lunch,⭕️Caja Lunch,Madre,48.0
Kennedy+Turbo,COL,,38 KENNEDY,3576,Flores dia de la Madre,Flores dia de la Madre,Madre,27.0
Kennedy+Turbo,COL,,38 KENNEDY,119,⚠️Aceite De Girasol,⚠️Aceite De Girasol,Madre,1400.0
Kennedy+Turbo,COL,,38 KENNEDY,172,Huevo Tipo AA,Huevo Tipo AA,Madre,254.0
Kennedy+Turbo,COL,,38 KENNEDY,550,⭕️Bolsa Pan Generica,⭕️Bolsa Pan Generica,Madre,26.0
Kennedy+Turbo,COL,,38 KENNEDY,237,Sal,Sal,Madre,1000.0
Kennedy+Turbo,COL,,38 KENNEDY,6078,Mezcla líquida pancakes de choclo,Mezcla líquida pancakes de choclo,Madre,500.0
Kennedy+Turbo,COL,,38 KENNEDY,432,Empaque Vinagreta,Empaque Vinagreta,Madre,57.0
Kennedy+Turbo,COL,,38 KENNEDY,604,Jugo de Naranja,Jugo de Naranja,Madre,105.0
Kennedy+Turbo,COL,,38 KENNEDY,5003,Porcion de fruta,Porcion de fruta,Madre,67.0
Kennedy+Turbo,COL,,38 KENNEDY,118,Croissant Huevo Jamon y Queso,Croissant Huevo Jamon y Queso,Madre,45.0
Kennedy+Turbo,COL,,38 KENNEDY,5045,Mini pancakes tradicionales SIN fresa,Mini pancakes tradicionales SIN fresa,Madre,32.0
Kennedy+Turbo,COL,,38 KENNEDY,2604,Caja Especial B&M,Caja Especial B&M,Madre,31.0
Kennedy+Turbo,COL,,38 KENNEDY,384,Tenedor Y Cuchillo,Tenedor Y Cuchillo,Madre,89.0
Kennedy+Turbo,COL,,38 KENNEDY,6273,Pancakes de choclo,Pancakes de choclo,Madre,4.0
Kennedy+Turbo,COL,,38 KENNEDY,5022,Minibon canela,Minibon canela,Madre,15.0
Kennedy+Turbo,COL,,38 KENNEDY,3799,Galleta Red Velvet Choc Blanco Individual Vicio,Galleta Red Velvet Choc Blanco Individual Vicio,Madre,2.0
Kennedy+Turbo,COL,,38 KENNEDY,3597,Flores 🌹,Flores 🌹,Madre,27.0
Kennedy+Turbo,COL,,38 KENNEDY,6343,COMBO INDIVIDUAL PANCAKES CHOCLO,COMBO INDIVIDUAL PANCAKES CHOCLO,Madre,4.0
Kennedy+Turbo,COL,,38 KENNEDY,6344,COMBO INDIVIDUAL MINIBON,COMBO INDIVIDUAL MINIBON,Madre,15.0
Kennedy+Turbo,COL,,38 KENNEDY,6345,COMBO INDIVIDUAL GALLETA,COMBO INDIVIDUAL GALLETA,Madre,0.0
Kennedy+Turbo,COL,,38 KENNEDY,6346,COMBO ESPECIAL CON FLORES,COMBO ESPECIAL CON FLORES,Madre,27.0
Kennedy+Turbo,COL,,38 KENNEDY,6348,COMBO ESPECIAL SIN FLORES,COMBO ESPECIAL SIN FLORES,Madre,4.0
Kennedy+Turbo,COL,,38 KENNEDY,63.0,Pancakes Tradicionales,Pancakes Tradicionales,Alistar,4.0
Veraguas,COL,,45 VERAGUAS,1904,Papas pre Fritas,Papas pre Fritas,,6840
Veraguas,COL,,45 VERAGUAS,287,Guacamole,Guacamole,,900.0
Veraguas,COL,,45 VERAGUAS,5270,Mix de lechugas,Mix de lechugas,,400.0
Veraguas,COL,,45 VERAGUAS,246,Syrup,Syrup,Madre,2200.0
Veraguas,COL,,45 VERAGUAS,127,Almendra Fileteada,Almendra Fileteada,,180.0
Veraguas,COL,,45 VERAGUAS,1726,pepinillo en conserva,pepinillo en conserva,,230.0
Veraguas,COL,,45 VERAGUAS,3510,Jar de Oreo PROD,Jar de Oreo PROD,,3.0
Veraguas,COL,,45 VERAGUAS,3511,Jar de Limon PROD,Jar de Limon PROD,,2.0
Veraguas,COL,,45 VERAGUAS,3512,Jar de Chocolate PROD,Jar de Chocolate PROD,,2.0
Veraguas,COL,,45 VERAGUAS,3513,Jar 3 Leches PROD,Jar 3 Leches PROD,,2.0
Veraguas,COL,,45 VERAGUAS,3514,Jar de Tiramisu PROD,Jar de Tiramisu PROD,,2.0
Veraguas,COL,,45 VERAGUAS,286,Granola,Granola,,400.0
Veraguas,COL,,45 VERAGUAS,180,Jugo de Naranja Bolsa Lt,Jugo de Naranja Bolsa Lt,Madre,10500.0
Veraguas,COL,,45 VERAGUAS,179,Jugo de Mandarina Bolsa Lt,Jugo de Mandarina Bolsa Lt,,1200.0
Veraguas,COL,,45 VERAGUAS,175,Jamon De Cerdo,Jamon De Cerdo,Madre,1920.0
Veraguas,COL,,45 VERAGUAS,150,Chorizo Santarrosano,Chorizo Santarrosano,,560.0
Veraguas,COL,,45 VERAGUAS,5594,Res desmechada.,Res desmechada.,,500.0
Veraguas,COL,,45 VERAGUAS,2573,Tapa bowl kraft mini,Tapa bowl kraft mini,Madre,22.0
Veraguas,COL,,45 VERAGUAS,3116,Tapa Botella 300ml,Tapa Botella 300ml,Madre,51.0
Veraguas,COL,,45 VERAGUAS,441,Botella 300 ml,Botella 300 ml,Madre,51.0
Veraguas,COL,,45 VERAGUAS,459,Porta hamburguesa,Porta hamburguesa,Madre,9.0
Veraguas,COL,,45 VERAGUAS,545,Bowl Mini,Bowl Mini,Madre,22.0
Veraguas,COL,,45 VERAGUAS,2600,Caja B&M,Caja B&M,Madre,18.0
Veraguas,COL,,45 VERAGUAS,491,Servilletas,Servilletas,Madre,147.0
Veraguas,COL,,45 VERAGUAS,250,Tomate Chonto,Tomate Chonto,,2300.0
Veraguas,COL,,45 VERAGUAS,123,Aguacate Papelillo,Aguacate Papelillo,,600.0
Veraguas,COL,,45 VERAGUAS,184,Lechuga Batavia,Lechuga Batavia,,800.0
Veraguas,COL,,45 VERAGUAS,215,Pepino Cohombro,Pepino Cohombro,,1100.0
Veraguas,COL,,45 VERAGUAS,221,Pina Golden,Pina Golden,Madre,3400.0
Veraguas,COL,,45 VERAGUAS,210,Papaya Maradol,Papaya Maradol,Madre,1800.0
Veraguas,COL,,45 VERAGUAS,137,Banano Criollo,Banano Criollo,,500.0
Veraguas,COL,,45 VERAGUAS,164,Fresas,Fresas,,600.0
Veraguas,COL,,45 VERAGUAS,151,Cilantro Patirojo,Cilantro Patirojo,,300.0
Veraguas,COL,,45 VERAGUAS,163,Espinaca,Espinaca,,270.0
Veraguas,COL,,45 VERAGUAS,146,Cebolla Roja,Cebolla Roja,,300.0
Veraguas,COL,,45 VERAGUAS,185,Lechuga Romana,Lechuga Romana,,300.0
Veraguas,COL,,45 VERAGUAS,249,Tomate Cherry,Tomate Cherry,,200.0
Veraguas,COL,,45 VERAGUAS,145,Cebolla Larga Junca,Cebolla Larga Junca,,300.0
Veraguas,COL,,45 VERAGUAS,130,Arandanos,Arandanos,,300.0
Veraguas,COL,,45 VERAGUAS,181,Kale,Kale,,200.0
Veraguas,COL,,45 VERAGUAS,243,Sorbet de acai,Sorbet de acai,,480.0
Veraguas,COL,,45 VERAGUAS,228,Queso Doble Crema,Queso Doble Crema,,900.0
Veraguas,COL,,45 VERAGUAS,229,Queso Feta,Queso Feta,,300.0
Veraguas,COL,,45 VERAGUAS,5511,Queso cheddar tajadas UN,Queso cheddar tajadas UN,Madre,115.0
Veraguas,COL,,45 VERAGUAS,253,Tortilla De Harina,Tortilla De Harina,,25.0
Veraguas,COL,,45 VERAGUAS,159,Croissant Grande,Croissant Grande,Madre,32.0
Veraguas,COL,,45 VERAGUAS,2952,Arroz Achiotado,Arroz Achiotado,,4200.0
Veraguas,COL,,45 VERAGUAS,5091,Limonada (con base limonada),Limonada (con base limonada),,5100.0
Veraguas,COL,,45 VERAGUAS,283,Frijoles Negros,Frijoles Negros,,2210.0
Veraguas,COL,,45 VERAGUAS,269,Arroz Integral Cocido,Arroz Integral Cocido,,1875.0
Veraguas,COL,,45 VERAGUAS,464,Mezcla Pancakes Tradicionales Lista,Mezcla Pancakes Tradicionales Lista,Madre,4200.0
Veraguas,COL,,45 VERAGUAS,5082,Carne Chilli,Carne Chilli,,1500.0
Veraguas,COL,,45 VERAGUAS,4938,Pollo a las Hierbas,Pollo a las Hierbas,,1100.0
Veraguas,COL,,45 VERAGUAS,295,Papa Calentada,Papa Calentada,,900.0
Veraguas,COL,,45 VERAGUAS,282,Frijol Paisa,Frijol Paisa,,800.0
Veraguas,COL,,45 VERAGUAS,297,Platano Frito,Platano Frito,,1000.0
Veraguas,COL,,45 VERAGUAS,296,Pico de Gallo,Pico de Gallo,,800.0
Veraguas,COL,,45 VERAGUAS,5094,Cerdo Desmechado,Cerdo Desmechado,,1300.0
Veraguas,COL,,45 VERAGUAS,5920,Pollo  BBQ,Pollo  BBQ,,500.0
Veraguas,COL,,45 VERAGUAS,2730,Emulsion Alioli,Emulsion Alioli,Madre,1200.0
Veraguas,COL,,45 VERAGUAS,288,Hummus De Garbanzos,Hummus De Garbanzos,,900.0
Veraguas,COL,,45 VERAGUAS,323,Yogur griego Preparado,Yogur griego Preparado,,700.0
Veraguas,COL,,45 VERAGUAS,319,Vinagreta Libanesa,Vinagreta Libanesa,,400.0
Veraguas,COL,,45 VERAGUAS,277,Vinagreta Cesar,Vinagreta Cesar,,400.0
Veraguas,COL,,45 VERAGUAS,5630,Maíz salteado.,Maíz salteado.,,300.0
Veraguas,COL,,45 VERAGUAS,5093,Tocineta producción,Tocineta producción,,300.0
Veraguas,COL,,45 VERAGUAS,4816,Pasta Integral Cocida,Pasta Integral Cocida,,400.0
Veraguas,COL,,45 VERAGUAS,306,Salsa Criolla Produccion,Salsa Criolla Produccion,,125.0
Veraguas,COL,,45 VERAGUAS,5032,cebolla asada Mr.Beast,cebolla asada Mr.Beast,,756.0
Veraguas,COL,,45 VERAGUAS,4811,Quinoa especiada,Quinoa especiada,,144.0
Veraguas,COL,,45 VERAGUAS,320,Vinagreta de Jalapenos Mexicanos,Vinagreta de Jalapenos Mexicanos,,300.0
Veraguas,COL,,45 VERAGUAS,318,Vinagreta de Pesto de Genoa,Vinagreta de Pesto de Genoa,,100.0
Veraguas,COL,,45 VERAGUAS,465,Mezcla Pancakes Avena Lista,Mezcla Pancakes Avena Lista,,300.0
Veraguas,COL,,45 VERAGUAS,4823,Hummus de Pimenton,Hummus de Pimenton,,200.0
Veraguas,COL,,45 VERAGUAS,4818,Brocoli Rostizado,Brocoli Rostizado,,300.0
Veraguas,COL,,45 VERAGUAS,5206,Coleslaw la cosmica,Coleslaw la cosmica,,300.0
Veraguas,COL,,45 VERAGUAS,316,Vinagreta Balsamica de Modena,Vinagreta Balsamica de Modena,,200.0
Veraguas,COL,,45 VERAGUAS,321,Vinagreta Mediterranea,Vinagreta Mediterranea,,200.0
Veraguas,COL,,45 VERAGUAS,1283,Cebolla Encurtida Picante,Cebolla Encurtida Picante,,300.0
Veraguas,COL,,45 VERAGUAS,4991,Mezcla Tostadas Francesas Nueva,Mezcla Tostadas Francesas Nueva,,200.0
Veraguas,COL,,45 VERAGUAS,275,Crutones Zatahar,Crutones Zatahar,,200.0
Veraguas,COL,,45 VERAGUAS,1240,Salsa Pizza,Salsa Pizza,,0.0
Veraguas,COL,,45 VERAGUAS,5517,Totopos triturados,Totopos triturados,,200.0
Veraguas,COL,,45 VERAGUAS,3609,Carne Smashed 80gr,Carne Smashed 80gr,,40.0
Veraguas,COL,,45 VERAGUAS,4918,Pollo Ensalada,Pollo Ensalada,,7.0
Veraguas,COL,,45 VERAGUAS,284,Galletas De Parmesano,Galletas De Parmesano,,42.0
Veraguas,COL,,45 VERAGUAS,3481,Galleta de Chunks de Chocolate PROD,Galleta de Chunks de Chocolate PROD,,2.0
Veraguas,COL,,45 VERAGUAS,3482,Galleta Oreo PROD,Galleta Oreo PROD,,3.0
Veraguas,COL,,45 VERAGUAS,3483,Galleta Red Velvet Choc Blanco PROD,Galleta Red Velvet Choc Blanco PROD,Madre,5.0
Veraguas,COL,,45 VERAGUAS,3484,Galleta Avena Frutos Rojos,Galleta Avena Frutos Rojos,,5.0
Veraguas,COL,,45 VERAGUAS,3485,Galleta Nueces Choc Blanco,Galleta Nueces Choc Blanco,,0.0
Veraguas,COL,,45 VERAGUAS,3486,Galleta Nutella y Nueces PROD,Galleta Nutella y Nueces PROD,,0.0
Veraguas,COL,,45 VERAGUAS,3487,Galleta de Guayaba PROD,Galleta de Guayaba PROD,,0.0
Veraguas,COL,,45 VERAGUAS,3488,Galleta Doble Chocolate PROD,Galleta Doble Chocolate PROD,,0.0
Veraguas,COL,,45 VERAGUAS,3623,Cubierta Queso Crema,Cubierta Queso Crema,Madre,1200.0
Veraguas,COL,,45 VERAGUAS,3002,Mezcla de Aceite Y Mantequilla (Produccion),Mezcla de Aceite Y Mantequilla (Produccion),Madre,1200.0
Veraguas,COL,,45 VERAGUAS,3632,PROD Minibon de Canela,PROD Minibon de Canela,Madre,12.0
Veraguas,COL,,45 VERAGUAS,307,Salsa Frutos Rojos,Salsa Frutos Rojos,,300.0
Veraguas,COL,,45 VERAGUAS,713,⭕️Caja Lunch,⭕️Caja Lunch,Madre,31.0
Veraguas,COL,,45 VERAGUAS,3576,Flores dia de la Madre,Flores dia de la Madre,Madre,14.0
Veraguas,COL,,45 VERAGUAS,119,⚠️Aceite De Girasol,⚠️Aceite De Girasol,Madre,900.0
Veraguas,COL,,45 VERAGUAS,172,Huevo Tipo AA,Huevo Tipo AA,Madre,158.0
Veraguas,COL,,45 VERAGUAS,550,⭕️Bolsa Pan Generica,⭕️Bolsa Pan Generica,Madre,17.0
Veraguas,COL,,45 VERAGUAS,237,Sal,Sal,Madre,800.0
Veraguas,COL,,45 VERAGUAS,6078,Mezcla líquida pancakes de choclo,Mezcla líquida pancakes de choclo,Madre,400.0
Veraguas,COL,,45 VERAGUAS,432,Empaque Vinagreta,Empaque Vinagreta,Madre,36.0
Veraguas,COL,,45 VERAGUAS,604,Jugo de Naranja,Jugo de Naranja,Madre,66.0
Veraguas,COL,,45 VERAGUAS,5003,Porcion de fruta,Porcion de fruta,Madre,38.0
Veraguas,COL,,45 VERAGUAS,118,Croissant Huevo Jamon y Queso,Croissant Huevo Jamon y Queso,Madre,20.0
Veraguas,COL,,45 VERAGUAS,5045,Mini pancakes tradicionales SIN fresa,Mini pancakes tradicionales SIN fresa,Madre,18.0
Veraguas,COL,,45 VERAGUAS,2604,Caja Especial B&M,Caja Especial B&M,Madre,18.0
Veraguas,COL,,45 VERAGUAS,384,Tenedor Y Cuchillo,Tenedor Y Cuchillo,Madre,53.0
Veraguas,COL,,45 VERAGUAS,6273,Pancakes de choclo,Pancakes de choclo,Madre,3.0
Veraguas,COL,,45 VERAGUAS,5022,Minibon canela,Minibon canela,Madre,9.0
Veraguas,COL,,45 VERAGUAS,3799,Galleta Red Velvet Choc Blanco Individual Vicio,Galleta Red Velvet Choc Blanco Individual Vicio,Madre,5.0
Veraguas,COL,,45 VERAGUAS,3597,Flores 🌹,Flores 🌹,Madre,14.0
Veraguas,COL,,45 VERAGUAS,6343,COMBO INDIVIDUAL PANCAKES CHOCLO,COMBO INDIVIDUAL PANCAKES CHOCLO,Madre,2.0
Veraguas,COL,,45 VERAGUAS,6344,COMBO INDIVIDUAL MINIBON,COMBO INDIVIDUAL MINIBON,Madre,9.0
Veraguas,COL,,45 VERAGUAS,6345,COMBO INDIVIDUAL GALLETA,COMBO INDIVIDUAL GALLETA,Madre,2.0
Veraguas,COL,,45 VERAGUAS,6346,COMBO ESPECIAL CON FLORES,COMBO ESPECIAL CON FLORES,Madre,14.0
Veraguas,COL,,45 VERAGUAS,6348,COMBO ESPECIAL SIN FLORES,COMBO ESPECIAL SIN FLORES,Madre,4.0
Veraguas,COL,,45 VERAGUAS,63.0,Pancakes Tradicionales,Pancakes Tradicionales,Alistar,4.0
Chico+Turbo,COL,,50 CHICO,1904,Papas pre Fritas,Papas pre Fritas,,2340
Chico+Turbo,COL,,50 CHICO,287,Guacamole,Guacamole,,700.0
Chico+Turbo,COL,,50 CHICO,5270,Mix de lechugas,Mix de lechugas,,1100.0
Chico+Turbo,COL,,50 CHICO,246,Syrup,Syrup,Madre,3000.0
Chico+Turbo,COL,,50 CHICO,127,Almendra Fileteada,Almendra Fileteada,,450.0
Chico+Turbo,COL,,50 CHICO,1726,pepinillo en conserva,pepinillo en conserva,,30.0
Chico+Turbo,COL,,50 CHICO,3510,Jar de Oreo PROD,Jar de Oreo PROD,,2.0
Chico+Turbo,COL,,50 CHICO,3511,Jar de Limon PROD,Jar de Limon PROD,,3.0
Chico+Turbo,COL,,50 CHICO,3512,Jar de Chocolate PROD,Jar de Chocolate PROD,,1.0
Chico+Turbo,COL,,50 CHICO,3513,Jar 3 Leches PROD,Jar 3 Leches PROD,,3.0
Chico+Turbo,COL,,50 CHICO,3514,Jar de Tiramisu PROD,Jar de Tiramisu PROD,,3.0
Chico+Turbo,COL,,50 CHICO,286,Granola,Granola,,400.0
Chico+Turbo,COL,,50 CHICO,180,Jugo de Naranja Bolsa Lt,Jugo de Naranja Bolsa Lt,Madre,12900.0
Chico+Turbo,COL,,50 CHICO,179,Jugo de Mandarina Bolsa Lt,Jugo de Mandarina Bolsa Lt,,2100.0
Chico+Turbo,COL,,50 CHICO,175,Jamon De Cerdo,Jamon De Cerdo,Madre,2700.0
Chico+Turbo,COL,,50 CHICO,150,Chorizo Santarrosano,Chorizo Santarrosano,,160.0
Chico+Turbo,COL,,50 CHICO,5594,Res desmechada.,Res desmechada.,,1000.0
Chico+Turbo,COL,,50 CHICO,2573,Tapa bowl kraft mini,Tapa bowl kraft mini,Madre,27.0
Chico+Turbo,COL,,50 CHICO,3116,Tapa Botella 300ml,Tapa Botella 300ml,Madre,62.0
Chico+Turbo,COL,,50 CHICO,441,Botella 300 ml,Botella 300 ml,Madre,62.0
Chico+Turbo,COL,,50 CHICO,459,Porta hamburguesa,Porta hamburguesa,Madre,16.0
Chico+Turbo,COL,,50 CHICO,545,Bowl Mini,Bowl Mini,Madre,27.0
Chico+Turbo,COL,,50 CHICO,2600,Caja B&M,Caja B&M,Madre,22.0
Chico+Turbo,COL,,50 CHICO,491,Servilletas,Servilletas,Madre,47.0
Chico+Turbo,COL,,50 CHICO,250,Tomate Chonto,Tomate Chonto,,6300.0
Chico+Turbo,COL,,50 CHICO,123,Aguacate Papelillo,Aguacate Papelillo,,2100.0
Chico+Turbo,COL,,50 CHICO,184,Lechuga Batavia,Lechuga Batavia,,300.0
Chico+Turbo,COL,,50 CHICO,215,Pepino Cohombro,Pepino Cohombro,,900.0
Chico+Turbo,COL,,50 CHICO,221,Pina Golden,Pina Golden,Madre,4000.0
Chico+Turbo,COL,,50 CHICO,210,Papaya Maradol,Papaya Maradol,Madre,2000.0
Chico+Turbo,COL,,50 CHICO,137,Banano Criollo,Banano Criollo,,500.0
Chico+Turbo,COL,,50 CHICO,164,Fresas,Fresas,,700.0
Chico+Turbo,COL,,50 CHICO,151,Cilantro Patirojo,Cilantro Patirojo,,300.0
Chico+Turbo,COL,,50 CHICO,163,Espinaca,Espinaca,,600.0
Chico+Turbo,COL,,50 CHICO,146,Cebolla Roja,Cebolla Roja,,300.0
Chico+Turbo,COL,,50 CHICO,185,Lechuga Romana,Lechuga Romana,,600.0
Chico+Turbo,COL,,50 CHICO,249,Tomate Cherry,Tomate Cherry,,500.0
Chico+Turbo,COL,,50 CHICO,145,Cebolla Larga Junca,Cebolla Larga Junca,,300.0
Chico+Turbo,COL,,50 CHICO,130,Arandanos,Arandanos,,300.0
Chico+Turbo,COL,,50 CHICO,181,Kale,Kale,,300.0
Chico+Turbo,COL,,50 CHICO,243,Sorbet de acai,Sorbet de acai,,640.0
Chico+Turbo,COL,,50 CHICO,228,Queso Doble Crema,Queso Doble Crema,,500.0
Chico+Turbo,COL,,50 CHICO,229,Queso Feta,Queso Feta,,400.0
Chico+Turbo,COL,,50 CHICO,5511,Queso cheddar tajadas UN,Queso cheddar tajadas UN,Madre,62.0
Chico+Turbo,COL,,50 CHICO,253,Tortilla De Harina,Tortilla De Harina,,0.0
Chico+Turbo,COL,,50 CHICO,159,Croissant Grande,Croissant Grande,Madre,49.0
Chico+Turbo,COL,,50 CHICO,2952,Arroz Achiotado,Arroz Achiotado,,0.0
Chico+Turbo,COL,,50 CHICO,5091,Limonada (con base limonada),Limonada (con base limonada),,600.0
Chico+Turbo,COL,,50 CHICO,283,Frijoles Negros,Frijoles Negros,,3510.0
Chico+Turbo,COL,,50 CHICO,269,Arroz Integral Cocido,Arroz Integral Cocido,,7875.0
Chico+Turbo,COL,,50 CHICO,464,Mezcla Pancakes Tradicionales Lista,Mezcla Pancakes Tradicionales Lista,Madre,5400.0
Chico+Turbo,COL,,50 CHICO,5082,Carne Chilli,Carne Chilli,,0.0
Chico+Turbo,COL,,50 CHICO,4938,Pollo a las Hierbas,Pollo a las Hierbas,,0.0
Chico+Turbo,COL,,50 CHICO,295,Papa Calentada,Papa Calentada,,900.0
Chico+Turbo,COL,,50 CHICO,282,Frijol Paisa,Frijol Paisa,,0.0
Chico+Turbo,COL,,50 CHICO,297,Platano Frito,Platano Frito,,500.0
Chico+Turbo,COL,,50 CHICO,296,Pico de Gallo,Pico de Gallo,,800.0
Chico+Turbo,COL,,50 CHICO,5094,Cerdo Desmechado,Cerdo Desmechado,,900.0
Chico+Turbo,COL,,50 CHICO,5920,Pollo  BBQ,Pollo  BBQ,,500.0
Chico+Turbo,COL,,50 CHICO,2730,Emulsion Alioli,Emulsion Alioli,Madre,1600.0
Chico+Turbo,COL,,50 CHICO,288,Hummus De Garbanzos,Hummus De Garbanzos,,2200.0
Chico+Turbo,COL,,50 CHICO,323,Yogur griego Preparado,Yogur griego Preparado,,600.0
Chico+Turbo,COL,,50 CHICO,319,Vinagreta Libanesa,Vinagreta Libanesa,,800.0
Chico+Turbo,COL,,50 CHICO,277,Vinagreta Cesar,Vinagreta Cesar,,500.0
Chico+Turbo,COL,,50 CHICO,5630,Maíz salteado.,Maíz salteado.,,700.0
Chico+Turbo,COL,,50 CHICO,5093,Tocineta producción,Tocineta producción,,400.0
Chico+Turbo,COL,,50 CHICO,4816,Pasta Integral Cocida,Pasta Integral Cocida,,900.0
Chico+Turbo,COL,,50 CHICO,306,Salsa Criolla Produccion,Salsa Criolla Produccion,,225.0
Chico+Turbo,COL,,50 CHICO,5032,cebolla asada Mr.Beast,cebolla asada Mr.Beast,,0.0
Chico+Turbo,COL,,50 CHICO,4811,Quinoa especiada,Quinoa especiada,,288.0
Chico+Turbo,COL,,50 CHICO,320,Vinagreta de Jalapenos Mexicanos,Vinagreta de Jalapenos Mexicanos,,700.0
Chico+Turbo,COL,,50 CHICO,318,Vinagreta de Pesto de Genoa,Vinagreta de Pesto de Genoa,,440.0
Chico+Turbo,COL,,50 CHICO,465,Mezcla Pancakes Avena Lista,Mezcla Pancakes Avena Lista,,600.0
Chico+Turbo,COL,,50 CHICO,4823,Hummus de Pimenton,Hummus de Pimenton,,300.0
Chico+Turbo,COL,,50 CHICO,4818,Brocoli Rostizado,Brocoli Rostizado,,200.0
Chico+Turbo,COL,,50 CHICO,5206,Coleslaw la cosmica,Coleslaw la cosmica,,300.0
Chico+Turbo,COL,,50 CHICO,316,Vinagreta Balsamica de Modena,Vinagreta Balsamica de Modena,,400.0
Chico+Turbo,COL,,50 CHICO,321,Vinagreta Mediterranea,Vinagreta Mediterranea,,500.0
Chico+Turbo,COL,,50 CHICO,1283,Cebolla Encurtida Picante,Cebolla Encurtida Picante,,300.0
Chico+Turbo,COL,,50 CHICO,4991,Mezcla Tostadas Francesas Nueva,Mezcla Tostadas Francesas Nueva,,200.0
Chico+Turbo,COL,,50 CHICO,275,Crutones Zatahar,Crutones Zatahar,,200.0
Chico+Turbo,COL,,50 CHICO,1240,Salsa Pizza,Salsa Pizza,,0.0
Chico+Turbo,COL,,50 CHICO,5517,Totopos triturados,Totopos triturados,,0.0
Chico+Turbo,COL,,50 CHICO,3609,Carne Smashed 80gr,Carne Smashed 80gr,,7.0
Chico+Turbo,COL,,50 CHICO,4918,Pollo Ensalada,Pollo Ensalada,,7.0
Chico+Turbo,COL,,50 CHICO,284,Galletas De Parmesano,Galletas De Parmesano,,105.0
Chico+Turbo,COL,,50 CHICO,3481,Galleta de Chunks de Chocolate PROD,Galleta de Chunks de Chocolate PROD,,10.0
Chico+Turbo,COL,,50 CHICO,3482,Galleta Oreo PROD,Galleta Oreo PROD,,4.0
Chico+Turbo,COL,,50 CHICO,3483,Galleta Red Velvet Choc Blanco PROD,Galleta Red Velvet Choc Blanco PROD,Madre,8.0
Chico+Turbo,COL,,50 CHICO,3484,Galleta Avena Frutos Rojos,Galleta Avena Frutos Rojos,,4.0
Chico+Turbo,COL,,50 CHICO,3485,Galleta Nueces Choc Blanco,Galleta Nueces Choc Blanco,,0.0
Chico+Turbo,COL,,50 CHICO,3486,Galleta Nutella y Nueces PROD,Galleta Nutella y Nueces PROD,,0.0
Chico+Turbo,COL,,50 CHICO,3487,Galleta de Guayaba PROD,Galleta de Guayaba PROD,,4.0
Chico+Turbo,COL,,50 CHICO,3488,Galleta Doble Chocolate PROD,Galleta Doble Chocolate PROD,,0.0
Chico+Turbo,COL,,50 CHICO,3623,Cubierta Queso Crema,Cubierta Queso Crema,Madre,500.0
Chico+Turbo,COL,,50 CHICO,3002,Mezcla de Aceite Y Mantequilla (Produccion),Mezcla de Aceite Y Mantequilla (Produccion),Madre,800.0
Chico+Turbo,COL,,50 CHICO,3632,PROD Minibon de Canela,PROD Minibon de Canela,Madre,15.0
Chico+Turbo,COL,,50 CHICO,307,Salsa Frutos Rojos,Salsa Frutos Rojos,,400.0
Chico+Turbo,COL,,50 CHICO,713,⭕️Caja Lunch,⭕️Caja Lunch,Madre,41.0
Chico+Turbo,COL,,50 CHICO,3576,Flores dia de la Madre,Flores dia de la Madre,Madre,18.0
Chico+Turbo,COL,,50 CHICO,119,⚠️Aceite De Girasol,⚠️Aceite De Girasol,Madre,1600.0
Chico+Turbo,COL,,50 CHICO,172,Huevo Tipo AA,Huevo Tipo AA,Madre,258.0
Chico+Turbo,COL,,50 CHICO,550,⭕️Bolsa Pan Generica,⭕️Bolsa Pan Generica,Madre,19.0
Chico+Turbo,COL,,50 CHICO,237,Sal,Sal,Madre,800.0
Chico+Turbo,COL,,50 CHICO,6078,Mezcla líquida pancakes de choclo,Mezcla líquida pancakes de choclo,Madre,800.0
Chico+Turbo,COL,,50 CHICO,432,Empaque Vinagreta,Empaque Vinagreta,Madre,58.0
Chico+Turbo,COL,,50 CHICO,604,Jugo de Naranja,Jugo de Naranja,Madre,83.0
Chico+Turbo,COL,,50 CHICO,5003,Porcion de fruta,Porcion de fruta,Madre,42.0
Chico+Turbo,COL,,50 CHICO,118,Croissant Huevo Jamon y Queso,Croissant Huevo Jamon y Queso,Madre,37.0
Chico+Turbo,COL,,50 CHICO,5045,Mini pancakes tradicionales SIN fresa,Mini pancakes tradicionales SIN fresa,Madre,22.0
Chico+Turbo,COL,,50 CHICO,2604,Caja Especial B&M,Caja Especial B&M,Madre,22.0
Chico+Turbo,COL,,50 CHICO,384,Tenedor Y Cuchillo,Tenedor Y Cuchillo,Madre,70.0
Chico+Turbo,COL,,50 CHICO,6273,Pancakes de choclo,Pancakes de choclo,Madre,3.0
Chico+Turbo,COL,,50 CHICO,5022,Minibon canela,Minibon canela,Madre,15.0
Chico+Turbo,COL,,50 CHICO,3799,Galleta Red Velvet Choc Blanco Individual Vicio,Galleta Red Velvet Choc Blanco Individual Vicio,Madre,3.0
Chico+Turbo,COL,,50 CHICO,3597,Flores 🌹,Flores 🌹,Madre,18.0
Chico+Turbo,COL,,50 CHICO,6343,COMBO INDIVIDUAL PANCAKES CHOCLO,COMBO INDIVIDUAL PANCAKES CHOCLO,Madre,2.0
Chico+Turbo,COL,,50 CHICO,6344,COMBO INDIVIDUAL MINIBON,COMBO INDIVIDUAL MINIBON,Madre,15.0
Chico+Turbo,COL,,50 CHICO,6345,COMBO INDIVIDUAL GALLETA,COMBO INDIVIDUAL GALLETA,Madre,0.0
Chico+Turbo,COL,,50 CHICO,6346,COMBO ESPECIAL CON FLORES,COMBO ESPECIAL CON FLORES,Madre,18.0
Chico+Turbo,COL,,50 CHICO,6348,COMBO ESPECIAL SIN FLORES,COMBO ESPECIAL SIN FLORES,Madre,4.0
Chico+Turbo,COL,,50 CHICO,63.0,Pancakes Tradicionales,Pancakes Tradicionales,Alistar,3.0
Calle 109+Turbo,COL,,65 CALLE 109,1904,Papas pre Fritas,Papas pre Fritas,,4680
Calle 109+Turbo,COL,,65 CALLE 109,287,Guacamole,Guacamole,,1100.0
Calle 109+Turbo,COL,,65 CALLE 109,5270,Mix de lechugas,Mix de lechugas,,1100.0
Calle 109+Turbo,COL,,65 CALLE 109,246,Syrup,Syrup,Madre,3200.0
Calle 109+Turbo,COL,,65 CALLE 109,127,Almendra Fileteada,Almendra Fileteada,,420.0
Calle 109+Turbo,COL,,65 CALLE 109,1726,pepinillo en conserva,pepinillo en conserva,,80.0
Calle 109+Turbo,COL,,65 CALLE 109,3510,Jar de Oreo PROD,Jar de Oreo PROD,,4.0
Calle 109+Turbo,COL,,65 CALLE 109,3511,Jar de Limon PROD,Jar de Limon PROD,,3.0
Calle 109+Turbo,COL,,65 CALLE 109,3512,Jar de Chocolate PROD,Jar de Chocolate PROD,,3.0
Calle 109+Turbo,COL,,65 CALLE 109,3513,Jar 3 Leches PROD,Jar 3 Leches PROD,,3.0
Calle 109+Turbo,COL,,65 CALLE 109,3514,Jar de Tiramisu PROD,Jar de Tiramisu PROD,,3.0
Calle 109+Turbo,COL,,65 CALLE 109,286,Granola,Granola,,400.0
Calle 109+Turbo,COL,,65 CALLE 109,180,Jugo de Naranja Bolsa Lt,Jugo de Naranja Bolsa Lt,Madre,13500.0
Calle 109+Turbo,COL,,65 CALLE 109,179,Jugo de Mandarina Bolsa Lt,Jugo de Mandarina Bolsa Lt,,1800.0
Calle 109+Turbo,COL,,65 CALLE 109,175,Jamon De Cerdo,Jamon De Cerdo,Madre,2820.0
Calle 109+Turbo,COL,,65 CALLE 109,150,Chorizo Santarrosano,Chorizo Santarrosano,,720.0
Calle 109+Turbo,COL,,65 CALLE 109,5594,Res desmechada.,Res desmechada.,,1800.0
Calle 109+Turbo,COL,,65 CALLE 109,2573,Tapa bowl kraft mini,Tapa bowl kraft mini,Madre,28.0
Calle 109+Turbo,COL,,65 CALLE 109,3116,Tapa Botella 300ml,Tapa Botella 300ml,Madre,59.0
Calle 109+Turbo,COL,,65 CALLE 109,441,Botella 300 ml,Botella 300 ml,Madre,59.0
Calle 109+Turbo,COL,,65 CALLE 109,459,Porta hamburguesa,Porta hamburguesa,Madre,19.0
Calle 109+Turbo,COL,,65 CALLE 109,545,Bowl Mini,Bowl Mini,Madre,28.0
Calle 109+Turbo,COL,,65 CALLE 109,2600,Caja B&M,Caja B&M,Madre,22.0
Calle 109+Turbo,COL,,65 CALLE 109,491,Servilletas,Servilletas,Madre,129.0
Calle 109+Turbo,COL,,65 CALLE 109,250,Tomate Chonto,Tomate Chonto,,6200.0
Calle 109+Turbo,COL,,65 CALLE 109,123,Aguacate Papelillo,Aguacate Papelillo,,2000.0
Calle 109+Turbo,COL,,65 CALLE 109,184,Lechuga Batavia,Lechuga Batavia,,900.0
Calle 109+Turbo,COL,,65 CALLE 109,215,Pepino Cohombro,Pepino Cohombro,,1200.0
Calle 109+Turbo,COL,,65 CALLE 109,221,Pina Golden,Pina Golden,Madre,3000.0
Calle 109+Turbo,COL,,65 CALLE 109,210,Papaya Maradol,Papaya Maradol,Madre,2200.0
Calle 109+Turbo,COL,,65 CALLE 109,137,Banano Criollo,Banano Criollo,,500.0
Calle 109+Turbo,COL,,65 CALLE 109,164,Fresas,Fresas,,700.0
Calle 109+Turbo,COL,,65 CALLE 109,151,Cilantro Patirojo,Cilantro Patirojo,,300.0
Calle 109+Turbo,COL,,65 CALLE 109,163,Espinaca,Espinaca,,930.0
Calle 109+Turbo,COL,,65 CALLE 109,146,Cebolla Roja,Cebolla Roja,,300.0
Calle 109+Turbo,COL,,65 CALLE 109,185,Lechuga Romana,Lechuga Romana,,600.0
Calle 109+Turbo,COL,,65 CALLE 109,249,Tomate Cherry,Tomate Cherry,,600.0
Calle 109+Turbo,COL,,65 CALLE 109,145,Cebolla Larga Junca,Cebolla Larga Junca,,300.0
Calle 109+Turbo,COL,,65 CALLE 109,130,Arandanos,Arandanos,,300.0
Calle 109+Turbo,COL,,65 CALLE 109,181,Kale,Kale,,200.0
Calle 109+Turbo,COL,,65 CALLE 109,243,Sorbet de acai,Sorbet de acai,,640.0
Calle 109+Turbo,COL,,65 CALLE 109,228,Queso Doble Crema,Queso Doble Crema,,1200.0
Calle 109+Turbo,COL,,65 CALLE 109,229,Queso Feta,Queso Feta,,400.0
Calle 109+Turbo,COL,,65 CALLE 109,5511,Queso cheddar tajadas UN,Queso cheddar tajadas UN,Madre,97.0
Calle 109+Turbo,COL,,65 CALLE 109,253,Tortilla De Harina,Tortilla De Harina,,22.0
Calle 109+Turbo,COL,,65 CALLE 109,159,Croissant Grande,Croissant Grande,Madre,46.0
Calle 109+Turbo,COL,,65 CALLE 109,2952,Arroz Achiotado,Arroz Achiotado,,5300.0
Calle 109+Turbo,COL,,65 CALLE 109,5091,Limonada (con base limonada),Limonada (con base limonada),,3900.0
Calle 109+Turbo,COL,,65 CALLE 109,283,Frijoles Negros,Frijoles Negros,,3770.0
Calle 109+Turbo,COL,,65 CALLE 109,269,Arroz Integral Cocido,Arroz Integral Cocido,,7000.0
Calle 109+Turbo,COL,,65 CALLE 109,464,Mezcla Pancakes Tradicionales Lista,Mezcla Pancakes Tradicionales Lista,Madre,5700.0
Calle 109+Turbo,COL,,65 CALLE 109,5082,Carne Chilli,Carne Chilli,,1700.0
Calle 109+Turbo,COL,,65 CALLE 109,4938,Pollo a las Hierbas,Pollo a las Hierbas,,1800.0
Calle 109+Turbo,COL,,65 CALLE 109,295,Papa Calentada,Papa Calentada,,1700.0
Calle 109+Turbo,COL,,65 CALLE 109,282,Frijol Paisa,Frijol Paisa,,1100.0
Calle 109+Turbo,COL,,65 CALLE 109,297,Platano Frito,Platano Frito,,1200.0
Calle 109+Turbo,COL,,65 CALLE 109,296,Pico de Gallo,Pico de Gallo,,1000.0
Calle 109+Turbo,COL,,65 CALLE 109,5094,Cerdo Desmechado,Cerdo Desmechado,,1600.0
Calle 109+Turbo,COL,,65 CALLE 109,5920,Pollo  BBQ,Pollo  BBQ,,1100.0
Calle 109+Turbo,COL,,65 CALLE 109,2730,Emulsion Alioli,Emulsion Alioli,Madre,1800.0
Calle 109+Turbo,COL,,65 CALLE 109,288,Hummus De Garbanzos,Hummus De Garbanzos,,2700.0
Calle 109+Turbo,COL,,65 CALLE 109,323,Yogur griego Preparado,Yogur griego Preparado,,700.0
Calle 109+Turbo,COL,,65 CALLE 109,319,Vinagreta Libanesa,Vinagreta Libanesa,,800.0
Calle 109+Turbo,COL,,65 CALLE 109,277,Vinagreta Cesar,Vinagreta Cesar,,500.0
Calle 109+Turbo,COL,,65 CALLE 109,5630,Maíz salteado.,Maíz salteado.,,600.0
Calle 109+Turbo,COL,,65 CALLE 109,5093,Tocineta producción,Tocineta producción,,400.0
Calle 109+Turbo,COL,,65 CALLE 109,4816,Pasta Integral Cocida,Pasta Integral Cocida,,1200.0
Calle 109+Turbo,COL,,65 CALLE 109,306,Salsa Criolla Produccion,Salsa Criolla Produccion,,550.0
Calle 109+Turbo,COL,,65 CALLE 109,5032,cebolla asada Mr.Beast,cebolla asada Mr.Beast,,364.0
Calle 109+Turbo,COL,,65 CALLE 109,4811,Quinoa especiada,Quinoa especiada,,432.0
Calle 109+Turbo,COL,,65 CALLE 109,320,Vinagreta de Jalapenos Mexicanos,Vinagreta de Jalapenos Mexicanos,,500.0
Calle 109+Turbo,COL,,65 CALLE 109,318,Vinagreta de Pesto de Genoa,Vinagreta de Pesto de Genoa,,320.0
Calle 109+Turbo,COL,,65 CALLE 109,465,Mezcla Pancakes Avena Lista,Mezcla Pancakes Avena Lista,,900.0
Calle 109+Turbo,COL,,65 CALLE 109,4823,Hummus de Pimenton,Hummus de Pimenton,,300.0
Calle 109+Turbo,COL,,65 CALLE 109,4818,Brocoli Rostizado,Brocoli Rostizado,,300.0
Calle 109+Turbo,COL,,65 CALLE 109,5206,Coleslaw la cosmica,Coleslaw la cosmica,,300.0
Calle 109+Turbo,COL,,65 CALLE 109,316,Vinagreta Balsamica de Modena,Vinagreta Balsamica de Modena,,300.0
Calle 109+Turbo,COL,,65 CALLE 109,321,Vinagreta Mediterranea,Vinagreta Mediterranea,,300.0
Calle 109+Turbo,COL,,65 CALLE 109,1283,Cebolla Encurtida Picante,Cebolla Encurtida Picante,,300.0
Calle 109+Turbo,COL,,65 CALLE 109,4991,Mezcla Tostadas Francesas Nueva,Mezcla Tostadas Francesas Nueva,,300.0
Calle 109+Turbo,COL,,65 CALLE 109,275,Crutones Zatahar,Crutones Zatahar,,200.0
Calle 109+Turbo,COL,,65 CALLE 109,1240,Salsa Pizza,Salsa Pizza,,200.0
Calle 109+Turbo,COL,,65 CALLE 109,5517,Totopos triturados,Totopos triturados,,200.0
Calle 109+Turbo,COL,,65 CALLE 109,3609,Carne Smashed 80gr,Carne Smashed 80gr,,22.0
Calle 109+Turbo,COL,,65 CALLE 109,4918,Pollo Ensalada,Pollo Ensalada,,28.0
Calle 109+Turbo,COL,,65 CALLE 109,284,Galletas De Parmesano,Galletas De Parmesano,,42.0
Calle 109+Turbo,COL,,65 CALLE 109,3481,Galleta de Chunks de Chocolate PROD,Galleta de Chunks de Chocolate PROD,,5.0
Calle 109+Turbo,COL,,65 CALLE 109,3482,Galleta Oreo PROD,Galleta Oreo PROD,,4.0
Calle 109+Turbo,COL,,65 CALLE 109,3483,Galleta Red Velvet Choc Blanco PROD,Galleta Red Velvet Choc Blanco PROD,Madre,3.0
Calle 109+Turbo,COL,,65 CALLE 109,3484,Galleta Avena Frutos Rojos,Galleta Avena Frutos Rojos,,4.0
Calle 109+Turbo,COL,,65 CALLE 109,3485,Galleta Nueces Choc Blanco,Galleta Nueces Choc Blanco,,0.0
Calle 109+Turbo,COL,,65 CALLE 109,3486,Galleta Nutella y Nueces PROD,Galleta Nutella y Nueces PROD,,0.0
Calle 109+Turbo,COL,,65 CALLE 109,3488,Galleta Doble Chocolate PROD,Galleta Doble Chocolate PROD,,0.0
Calle 109+Turbo,COL,,65 CALLE 109,3623,Cubierta Queso Crema,Cubierta Queso Crema,Madre,800.0
Calle 109+Turbo,COL,,65 CALLE 109,3002,Mezcla de Aceite Y Mantequilla (Produccion),Mezcla de Aceite Y Mantequilla (Produccion),Madre,1200.0
Calle 109+Turbo,COL,,65 CALLE 109,3632,PROD Minibon de Canela,PROD Minibon de Canela,Madre,18.0
Calle 109+Turbo,COL,,65 CALLE 109,307,Salsa Frutos Rojos,Salsa Frutos Rojos,,300.0
Calle 109+Turbo,COL,,65 CALLE 109,713,⭕️Caja Lunch,⭕️Caja Lunch,Madre,40.0
Calle 109+Turbo,COL,,65 CALLE 109,3576,Flores dia de la Madre,Flores dia de la Madre,Madre,18.0
Calle 109+Turbo,COL,,65 CALLE 109,119,⚠️Aceite De Girasol,⚠️Aceite De Girasol,Madre,1500.0
Calle 109+Turbo,COL,,65 CALLE 109,172,Huevo Tipo AA,Huevo Tipo AA,Madre,278.0
Calle 109+Turbo,COL,,65 CALLE 109,550,⭕️Bolsa Pan Generica,⭕️Bolsa Pan Generica,Madre,21.0
Calle 109+Turbo,COL,,65 CALLE 109,237,Sal,Sal,Madre,1100.0
Calle 109+Turbo,COL,,65 CALLE 109,6078,Mezcla líquida pancakes de choclo,Mezcla líquida pancakes de choclo,Madre,500.0
Calle 109+Turbo,COL,,65 CALLE 109,432,Empaque Vinagreta,Empaque Vinagreta,Madre,59.0
Calle 109+Turbo,COL,,65 CALLE 109,604,Jugo de Naranja,Jugo de Naranja,Madre,86.0
Calle 109+Turbo,COL,,65 CALLE 109,5003,Porcion de fruta,Porcion de fruta,Madre,47.0
Calle 109+Turbo,COL,,65 CALLE 109,118,Croissant Huevo Jamon y Queso,Croissant Huevo Jamon y Queso,Madre,37.0
Calle 109+Turbo,COL,,65 CALLE 109,5045,Mini pancakes tradicionales SIN fresa,Mini pancakes tradicionales SIN fresa,Madre,22.0
Calle 109+Turbo,COL,,65 CALLE 109,2604,Caja Especial B&M,Caja Especial B&M,Madre,22.0
Calle 109+Turbo,COL,,65 CALLE 109,384,Tenedor Y Cuchillo,Tenedor Y Cuchillo,Madre,74.0
Calle 109+Turbo,COL,,65 CALLE 109,6273,Pancakes de choclo,Pancakes de choclo,Madre,4.0
Calle 109+Turbo,COL,,65 CALLE 109,5022,Minibon canela,Minibon canela,Madre,15.0
Calle 109+Turbo,COL,,65 CALLE 109,3799,Galleta Red Velvet Choc Blanco Individual Vicio,Galleta Red Velvet Choc Blanco Individual Vicio,Madre,0.0
Calle 109+Turbo,COL,,65 CALLE 109,3597,Flores 🌹,Flores 🌹,Madre,18.0
Calle 109+Turbo,COL,,65 CALLE 109,6343,COMBO INDIVIDUAL PANCAKES CHOCLO,COMBO INDIVIDUAL PANCAKES CHOCLO,Madre,3.0
Calle 109+Turbo,COL,,65 CALLE 109,6344,COMBO INDIVIDUAL MINIBON,COMBO INDIVIDUAL MINIBON,Madre,15.0
Calle 109+Turbo,COL,,65 CALLE 109,6345,COMBO INDIVIDUAL GALLETA,COMBO INDIVIDUAL GALLETA,Madre,0.0
Calle 109+Turbo,COL,,65 CALLE 109,6346,COMBO ESPECIAL CON FLORES,COMBO ESPECIAL CON FLORES,Madre,18.0
Calle 109+Turbo,COL,,65 CALLE 109,6348,COMBO ESPECIAL SIN FLORES,COMBO ESPECIAL SIN FLORES,Madre,4.0
Calle 109+Turbo,COL,,65 CALLE 109,63.0,Pancakes Tradicionales,Pancakes Tradicionales,Alistar,5.0
Plaza Claro court,COL,,66 PLAZA CLARO CINNA,1904,Papas pre Fritas,Papas pre Fritas,,0
Plaza Claro court,COL,,66 PLAZA CLARO CINNA,287,Guacamole,Guacamole,,200.0
Plaza Claro court,COL,,66 PLAZA CLARO CINNA,5270,Mix de lechugas,Mix de lechugas,,0.0
Plaza Claro court,COL,,66 PLAZA CLARO CINNA,246,Syrup,Syrup,Madre,0.0
Plaza Claro court,COL,,66 PLAZA CLARO CINNA,127,Almendra Fileteada,Almendra Fileteada,,20.0
Plaza Claro court,COL,,66 PLAZA CLARO CINNA,1726,pepinillo en conserva,pepinillo en conserva,,0.0
Plaza Claro court,COL,,66 PLAZA CLARO CINNA,3510,Jar de Oreo PROD,Jar de Oreo PROD,,0.0
Plaza Claro court,COL,,66 PLAZA CLARO CINNA,3511,Jar de Limon PROD,Jar de Limon PROD,,0.0
Plaza Claro court,COL,,66 PLAZA CLARO CINNA,3512,Jar de Chocolate PROD,Jar de Chocolate PROD,,0.0
Plaza Claro court,COL,,66 PLAZA CLARO CINNA,3513,Jar 3 Leches PROD,Jar 3 Leches PROD,,0.0
Plaza Claro court,COL,,66 PLAZA CLARO CINNA,3514,Jar de Tiramisu PROD,Jar de Tiramisu PROD,,0.0
Plaza Claro court,COL,,66 PLAZA CLARO CINNA,286,Granola,Granola,,0.0
Plaza Claro court,COL,,66 PLAZA CLARO CINNA,180,Jugo de Naranja Bolsa Lt,Jugo de Naranja Bolsa Lt,Madre,200.0
Plaza Claro court,COL,,66 PLAZA CLARO CINNA,179,Jugo de Mandarina Bolsa Lt,Jugo de Mandarina Bolsa Lt,,300.0
Plaza Claro court,COL,,66 PLAZA CLARO CINNA,175,Jamon De Cerdo,Jamon De Cerdo,Madre,0.0
Plaza Claro court,COL,,66 PLAZA CLARO CINNA,150,Chorizo Santarrosano,Chorizo Santarrosano,,0.0
Plaza Claro court,COL,,66 PLAZA CLARO CINNA,5594,Res desmechada.,Res desmechada.,,500.0
Plaza Claro court,COL,,66 PLAZA CLARO CINNA,2573,Tapa bowl kraft mini,Tapa bowl kraft mini,Madre,0.0
Plaza Claro court,COL,,66 PLAZA CLARO CINNA,3116,Tapa Botella 300ml,Tapa Botella 300ml,Madre,6.0
Plaza Claro court,COL,,66 PLAZA CLARO CINNA,441,Botella 300 ml,Botella 300 ml,Madre,6.0
Plaza Claro court,COL,,66 PLAZA CLARO CINNA,459,Porta hamburguesa,Porta hamburguesa,Madre,0.0
Plaza Claro court,COL,,66 PLAZA CLARO CINNA,545,Bowl Mini,Bowl Mini,Madre,0.0
Plaza Claro court,COL,,66 PLAZA CLARO CINNA,2600,Caja B&M,Caja B&M,Madre,0.0
Plaza Claro court,COL,,66 PLAZA CLARO CINNA,491,Servilletas,Servilletas,Madre,2.0
Plaza Claro court,COL,,66 PLAZA CLARO CINNA,250,Tomate Chonto,Tomate Chonto,,4700.0
Plaza Claro court,COL,,66 PLAZA CLARO CINNA,123,Aguacate Papelillo,Aguacate Papelillo,,400.0
Plaza Claro court,COL,,66 PLAZA CLARO CINNA,184,Lechuga Batavia,Lechuga Batavia,,0.0
Plaza Claro court,COL,,66 PLAZA CLARO CINNA,215,Pepino Cohombro,Pepino Cohombro,,200.0
Plaza Claro court,COL,,66 PLAZA CLARO CINNA,221,Pina Golden,Pina Golden,Madre,0.0
Plaza Claro court,COL,,66 PLAZA CLARO CINNA,210,Papaya Maradol,Papaya Maradol,Madre,0.0
Plaza Claro court,COL,,66 PLAZA CLARO CINNA,137,Banano Criollo,Banano Criollo,,0.0
Plaza Claro court,COL,,66 PLAZA CLARO CINNA,164,Fresas,Fresas,,0.0
Plaza Claro court,COL,,66 PLAZA CLARO CINNA,151,Cilantro Patirojo,Cilantro Patirojo,,200.0
Plaza Claro court,COL,,66 PLAZA CLARO CINNA,163,Espinaca,Espinaca,,38.0
Plaza Claro court,COL,,66 PLAZA CLARO CINNA,146,Cebolla Roja,Cebolla Roja,,100.0
Plaza Claro court,COL,,66 PLAZA CLARO CINNA,185,Lechuga Romana,Lechuga Romana,,0.0
Plaza Claro court,COL,,66 PLAZA CLARO CINNA,249,Tomate Cherry,Tomate Cherry,,0.0
Plaza Claro court,COL,,66 PLAZA CLARO CINNA,145,Cebolla Larga Junca,Cebolla Larga Junca,,0.0
Plaza Claro court,COL,,66 PLAZA CLARO CINNA,130,Arandanos,Arandanos,,0.0
Plaza Claro court,COL,,66 PLAZA CLARO CINNA,181,Kale,Kale,,0.0
Plaza Claro court,COL,,66 PLAZA CLARO CINNA,243,Sorbet de acai,Sorbet de acai,,0.0
Plaza Claro court,COL,,66 PLAZA CLARO CINNA,228,Queso Doble Crema,Queso Doble Crema,,200.0
Plaza Claro court,COL,,66 PLAZA CLARO CINNA,229,Queso Feta,Queso Feta,,100.0
Plaza Claro court,COL,,66 PLAZA CLARO CINNA,5511,Queso cheddar tajadas UN,Queso cheddar tajadas UN,Madre,0.0
Plaza Claro court,COL,,66 PLAZA CLARO CINNA,253,Tortilla De Harina,Tortilla De Harina,,1.0
Plaza Claro court,COL,,66 PLAZA CLARO CINNA,159,Croissant Grande,Croissant Grande,Madre,1.0
Plaza Claro court,COL,,66 PLAZA CLARO CINNA,2952,Arroz Achiotado,Arroz Achiotado,,0.0
Plaza Claro court,COL,,66 PLAZA CLARO CINNA,5091,Limonada (con base limonada),Limonada (con base limonada),,1500.0
Plaza Claro court,COL,,66 PLAZA CLARO CINNA,283,Frijoles Negros,Frijoles Negros,,260.0
Plaza Claro court,COL,,66 PLAZA CLARO CINNA,269,Arroz Integral Cocido,Arroz Integral Cocido,,1222.0
Plaza Claro court,COL,,66 PLAZA CLARO CINNA,464,Mezcla Pancakes Tradicionales Lista,Mezcla Pancakes Tradicionales Lista,Madre,0.0
Plaza Claro court,COL,,66 PLAZA CLARO CINNA,5082,Carne Chilli,Carne Chilli,,0.0
Plaza Claro court,COL,,66 PLAZA CLARO CINNA,4938,Pollo a las Hierbas,Pollo a las Hierbas,,200.0
Plaza Claro court,COL,,66 PLAZA CLARO CINNA,295,Papa Calentada,Papa Calentada,,0.0
Plaza Claro court,COL,,66 PLAZA CLARO CINNA,282,Frijol Paisa,Frijol Paisa,,0.0
Plaza Claro court,COL,,66 PLAZA CLARO CINNA,297,Platano Frito,Platano Frito,,300.0
Plaza Claro court,COL,,66 PLAZA CLARO CINNA,296,Pico de Gallo,Pico de Gallo,,200.0
Plaza Claro court,COL,,66 PLAZA CLARO CINNA,5094,Cerdo Desmechado,Cerdo Desmechado,,500.0
Plaza Claro court,COL,,66 PLAZA CLARO CINNA,5920,Pollo  BBQ,Pollo  BBQ,,500.0
Plaza Claro court,COL,,66 PLAZA CLARO CINNA,2730,Emulsion Alioli,Emulsion Alioli,Madre,100.0
Plaza Claro court,COL,,66 PLAZA CLARO CINNA,288,Hummus De Garbanzos,Hummus De Garbanzos,,200.0
Plaza Claro court,COL,,66 PLAZA CLARO CINNA,323,Yogur griego Preparado,Yogur griego Preparado,,0.0
Plaza Claro court,COL,,66 PLAZA CLARO CINNA,319,Vinagreta Libanesa,Vinagreta Libanesa,,0.0
Plaza Claro court,COL,,66 PLAZA CLARO CINNA,277,Vinagreta Cesar,Vinagreta Cesar,,0.0
Plaza Claro court,COL,,66 PLAZA CLARO CINNA,5630,Maíz salteado.,Maíz salteado.,,200.0
Plaza Claro court,COL,,66 PLAZA CLARO CINNA,5093,Tocineta producción,Tocineta producción,,100.0
Plaza Claro court,COL,,66 PLAZA CLARO CINNA,4816,Pasta Integral Cocida,Pasta Integral Cocida,,0.0
Plaza Claro court,COL,,66 PLAZA CLARO CINNA,306,Salsa Criolla Produccion,Salsa Criolla Produccion,,150.0
Plaza Claro court,COL,,66 PLAZA CLARO CINNA,5032,cebolla asada Mr.Beast,cebolla asada Mr.Beast,,0.0
Plaza Claro court,COL,,66 PLAZA CLARO CINNA,4811,Quinoa especiada,Quinoa especiada,,0.0
Plaza Claro court,COL,,66 PLAZA CLARO CINNA,320,Vinagreta de Jalapenos Mexicanos,Vinagreta de Jalapenos Mexicanos,,0.0
Plaza Claro court,COL,,66 PLAZA CLARO CINNA,318,Vinagreta de Pesto de Genoa,Vinagreta de Pesto de Genoa,,0.0
Plaza Claro court,COL,,66 PLAZA CLARO CINNA,465,Mezcla Pancakes Avena Lista,Mezcla Pancakes Avena Lista,,0.0
Plaza Claro court,COL,,66 PLAZA CLARO CINNA,4823,Hummus de Pimenton,Hummus de Pimenton,,0.0
Plaza Claro court,COL,,66 PLAZA CLARO CINNA,4818,Brocoli Rostizado,Brocoli Rostizado,,0.0
Plaza Claro court,COL,,66 PLAZA CLARO CINNA,5206,Coleslaw la cosmica,Coleslaw la cosmica,,0.0
Plaza Claro court,COL,,66 PLAZA CLARO CINNA,316,Vinagreta Balsamica de Modena,Vinagreta Balsamica de Modena,,0.0
Plaza Claro court,COL,,66 PLAZA CLARO CINNA,321,Vinagreta Mediterranea,Vinagreta Mediterranea,,0.0
Plaza Claro court,COL,,66 PLAZA CLARO CINNA,1283,Cebolla Encurtida Picante,Cebolla Encurtida Picante,,0.0
Plaza Claro court,COL,,66 PLAZA CLARO CINNA,4991,Mezcla Tostadas Francesas Nueva,Mezcla Tostadas Francesas Nueva,,0.0
Plaza Claro court,COL,,66 PLAZA CLARO CINNA,275,Crutones Zatahar,Crutones Zatahar,,0.0
Plaza Claro court,COL,,66 PLAZA CLARO CINNA,1240,Salsa Pizza,Salsa Pizza,,0.0
Plaza Claro court,COL,,66 PLAZA CLARO CINNA,5517,Totopos triturados,Totopos triturados,,0.0
Plaza Claro court,COL,,66 PLAZA CLARO CINNA,3609,Carne Smashed 80gr,Carne Smashed 80gr,,0.0
Plaza Claro court,COL,,66 PLAZA CLARO CINNA,4918,Pollo Ensalada,Pollo Ensalada,,0.0
Plaza Claro court,COL,,66 PLAZA CLARO CINNA,284,Galletas De Parmesano,Galletas De Parmesano,,0.0
Plaza Claro court,COL,,66 PLAZA CLARO CINNA,3481,Galleta de Chunks de Chocolate PROD,Galleta de Chunks de Chocolate PROD,,0.0
Plaza Claro court,COL,,66 PLAZA CLARO CINNA,3482,Galleta Oreo PROD,Galleta Oreo PROD,,1.0
Plaza Claro court,COL,,66 PLAZA CLARO CINNA,3483,Galleta Red Velvet Choc Blanco PROD,Galleta Red Velvet Choc Blanco PROD,Madre,0.0
Plaza Claro court,COL,,66 PLAZA CLARO CINNA,3484,Galleta Avena Frutos Rojos,Galleta Avena Frutos Rojos,,0.0
Plaza Claro court,COL,,66 PLAZA CLARO CINNA,3485,Galleta Nueces Choc Blanco,Galleta Nueces Choc Blanco,,0.0
Plaza Claro court,COL,,66 PLAZA CLARO CINNA,3486,Galleta Nutella y Nueces PROD,Galleta Nutella y Nueces PROD,,0.0
Plaza Claro court,COL,,66 PLAZA CLARO CINNA,3487,Galleta de Guayaba PROD,Galleta de Guayaba PROD,,0.0
Plaza Claro court,COL,,66 PLAZA CLARO CINNA,3488,Galleta Doble Chocolate PROD,Galleta Doble Chocolate PROD,,0.0
Plaza Claro court,COL,,66 PLAZA CLARO CINNA,3623,Cubierta Queso Crema,Cubierta Queso Crema,Madre,0.0
Plaza Claro court,COL,,66 PLAZA CLARO CINNA,3002,Mezcla de Aceite Y Mantequilla (Produccion),Mezcla de Aceite Y Mantequilla (Produccion),Madre,0.0
Plaza Claro court,COL,,66 PLAZA CLARO CINNA,3632,PROD Minibon de Canela,PROD Minibon de Canela,Madre,0.0
Plaza Claro court,COL,,66 PLAZA CLARO CINNA,307,Salsa Frutos Rojos,Salsa Frutos Rojos,,0.0
Plaza Claro court,COL,,66 PLAZA CLARO CINNA,713,⭕️Caja Lunch,⭕️Caja Lunch,Madre,0.0
Plaza Claro court,COL,,66 PLAZA CLARO CINNA,3576,Flores dia de la Madre,Flores dia de la Madre,Madre,0.0
Plaza Claro court,COL,,66 PLAZA CLARO CINNA,119,⚠️Aceite De Girasol,⚠️Aceite De Girasol,Madre,300.0
Plaza Claro court,COL,,66 PLAZA CLARO CINNA,172,Huevo Tipo AA,Huevo Tipo AA,Madre,2.0
Plaza Claro court,COL,,66 PLAZA CLARO CINNA,550,⭕️Bolsa Pan Generica,⭕️Bolsa Pan Generica,Madre,2.0
Plaza Claro court,COL,,66 PLAZA CLARO CINNA,237,Sal,Sal,Madre,300.0
Plaza Claro court,COL,,66 PLAZA CLARO CINNA,6078,Mezcla líquida pancakes de choclo,Mezcla líquida pancakes de choclo,Madre,0.0
Plaza Claro court,COL,,66 PLAZA CLARO CINNA,432,Empaque Vinagreta,Empaque Vinagreta,Madre,1.0
Plaza Claro court,COL,,66 PLAZA CLARO CINNA,604,Jugo de Naranja,Jugo de Naranja,Madre,1.0
Plaza Claro court,COL,,66 PLAZA CLARO CINNA,5003,Porcion de fruta,Porcion de fruta,Madre,0.0
Plaza Claro court,COL,,66 PLAZA CLARO CINNA,118,Croissant Huevo Jamon y Queso,Croissant Huevo Jamon y Queso,Madre,0.0
Plaza Claro court,COL,,66 PLAZA CLARO CINNA,5045,Mini pancakes tradicionales SIN fresa,Mini pancakes tradicionales SIN fresa,Madre,0.0
Plaza Claro court,COL,,66 PLAZA CLARO CINNA,2604,Caja Especial B&M,Caja Especial B&M,Madre,0.0
Plaza Claro court,COL,,66 PLAZA CLARO CINNA,384,Tenedor Y Cuchillo,Tenedor Y Cuchillo,Madre,8.0
Plaza Claro court,COL,,66 PLAZA CLARO CINNA,6273,Pancakes de choclo,Pancakes de choclo,Madre,0.0
Plaza Claro court,COL,,66 PLAZA CLARO CINNA,5022,Minibon canela,Minibon canela,Madre,0.0
Plaza Claro court,COL,,66 PLAZA CLARO CINNA,3799,Galleta Red Velvet Choc Blanco Individual Vicio,Galleta Red Velvet Choc Blanco Individual Vicio,Madre,0.0
Plaza Claro court,COL,,66 PLAZA CLARO CINNA,3597,Flores 🌹,Flores 🌹,Madre,0.0
Plaza Claro court,COL,,66 PLAZA CLARO CINNA,6343,COMBO INDIVIDUAL PANCAKES CHOCLO,COMBO INDIVIDUAL PANCAKES CHOCLO,Madre,0.0
Plaza Claro court,COL,,66 PLAZA CLARO CINNA,6344,COMBO INDIVIDUAL MINIBON,COMBO INDIVIDUAL MINIBON,Madre,0.0
Plaza Claro court,COL,,66 PLAZA CLARO CINNA,6345,COMBO INDIVIDUAL GALLETA,COMBO INDIVIDUAL GALLETA,Madre,0.0
Plaza Claro court,COL,,66 PLAZA CLARO CINNA,6346,COMBO ESPECIAL CON FLORES,COMBO ESPECIAL CON FLORES,Madre,0.0
Plaza Claro court,COL,,66 PLAZA CLARO CINNA,6348,COMBO ESPECIAL SIN FLORES,COMBO ESPECIAL SIN FLORES,Madre,0.0
Plaza Claro court,COL,,66 PLAZA CLARO CINNA,63.0,Pancakes Tradicionales,Pancakes Tradicionales,Alistar,0.0
Arrecife,COL,,69 ARRECIFE,1904,Papas pre Fritas,Papas pre Fritas,,10800
Arrecife,COL,,69 ARRECIFE,287,Guacamole,Guacamole,,1100.0
Arrecife,COL,,69 ARRECIFE,5270,Mix de lechugas,Mix de lechugas,,500.0
Arrecife,COL,,69 ARRECIFE,246,Syrup,Syrup,Madre,3000.0
Arrecife,COL,,69 ARRECIFE,127,Almendra Fileteada,Almendra Fileteada,,210.0
Arrecife,COL,,69 ARRECIFE,1726,pepinillo en conserva,pepinillo en conserva,,350.0
Arrecife,COL,,69 ARRECIFE,3510,Jar de Oreo PROD,Jar de Oreo PROD,,3.0
Arrecife,COL,,69 ARRECIFE,3511,Jar de Limon PROD,Jar de Limon PROD,,3.0
Arrecife,COL,,69 ARRECIFE,3512,Jar de Chocolate PROD,Jar de Chocolate PROD,,3.0
Arrecife,COL,,69 ARRECIFE,3513,Jar 3 Leches PROD,Jar 3 Leches PROD,,3.0
Arrecife,COL,,69 ARRECIFE,3514,Jar de Tiramisu PROD,Jar de Tiramisu PROD,,3.0
Arrecife,COL,,69 ARRECIFE,286,Granola,Granola,,400.0
Arrecife,COL,,69 ARRECIFE,180,Jugo de Naranja Bolsa Lt,Jugo de Naranja Bolsa Lt,Madre,15300.0
Arrecife,COL,,69 ARRECIFE,179,Jugo de Mandarina Bolsa Lt,Jugo de Mandarina Bolsa Lt,,1500.0
Arrecife,COL,,69 ARRECIFE,175,Jamon De Cerdo,Jamon De Cerdo,Madre,3120.0
Arrecife,COL,,69 ARRECIFE,150,Chorizo Santarrosano,Chorizo Santarrosano,,640.0
Arrecife,COL,,69 ARRECIFE,5594,Res desmechada.,Res desmechada.,,700.0
Arrecife,COL,,69 ARRECIFE,2573,Tapa bowl kraft mini,Tapa bowl kraft mini,Madre,27.0
Arrecife,COL,,69 ARRECIFE,3116,Tapa Botella 300ml,Tapa Botella 300ml,Madre,76.0
Arrecife,COL,,69 ARRECIFE,441,Botella 300 ml,Botella 300 ml,Madre,76.0
Arrecife,COL,,69 ARRECIFE,459,Porta hamburguesa,Porta hamburguesa,Madre,14.0
Arrecife,COL,,69 ARRECIFE,545,Bowl Mini,Bowl Mini,Madre,27.0
Arrecife,COL,,69 ARRECIFE,2600,Caja B&M,Caja B&M,Madre,23.0
Arrecife,COL,,69 ARRECIFE,491,Servilletas,Servilletas,Madre,221.0
Arrecife,COL,,69 ARRECIFE,250,Tomate Chonto,Tomate Chonto,,3100.0
Arrecife,COL,,69 ARRECIFE,123,Aguacate Papelillo,Aguacate Papelillo,,600.0
Arrecife,COL,,69 ARRECIFE,184,Lechuga Batavia,Lechuga Batavia,,900.0
Arrecife,COL,,69 ARRECIFE,215,Pepino Cohombro,Pepino Cohombro,,800.0
Arrecife,COL,,69 ARRECIFE,221,Pina Golden,Pina Golden,Madre,3200.0
Arrecife,COL,,69 ARRECIFE,210,Papaya Maradol,Papaya Maradol,Madre,2300.0
Arrecife,COL,,69 ARRECIFE,137,Banano Criollo,Banano Criollo,,400.0
Arrecife,COL,,69 ARRECIFE,164,Fresas,Fresas,,600.0
Arrecife,COL,,69 ARRECIFE,151,Cilantro Patirojo,Cilantro Patirojo,,300.0
Arrecife,COL,,69 ARRECIFE,163,Espinaca,Espinaca,,300.0
Arrecife,COL,,69 ARRECIFE,146,Cebolla Roja,Cebolla Roja,,300.0
Arrecife,COL,,69 ARRECIFE,185,Lechuga Romana,Lechuga Romana,,400.0
Arrecife,COL,,69 ARRECIFE,249,Tomate Cherry,Tomate Cherry,,200.0
Arrecife,COL,,69 ARRECIFE,145,Cebolla Larga Junca,Cebolla Larga Junca,,300.0
Arrecife,COL,,69 ARRECIFE,130,Arandanos,Arandanos,,300.0
Arrecife,COL,,69 ARRECIFE,181,Kale,Kale,,200.0
Arrecife,COL,,69 ARRECIFE,243,Sorbet de acai,Sorbet de acai,,640.0
Arrecife,COL,,69 ARRECIFE,228,Queso Doble Crema,Queso Doble Crema,,1200.0
Arrecife,COL,,69 ARRECIFE,229,Queso Feta,Queso Feta,,300.0
Arrecife,COL,,69 ARRECIFE,5511,Queso cheddar tajadas UN,Queso cheddar tajadas UN,Madre,189.0
Arrecife,COL,,69 ARRECIFE,253,Tortilla De Harina,Tortilla De Harina,,29.0
Arrecife,COL,,69 ARRECIFE,159,Croissant Grande,Croissant Grande,Madre,89.0
Arrecife,COL,,69 ARRECIFE,2952,Arroz Achiotado,Arroz Achiotado,,4800.0
Arrecife,COL,,69 ARRECIFE,5091,Limonada (con base limonada),Limonada (con base limonada),,6600.0
Arrecife,COL,,69 ARRECIFE,283,Frijoles Negros,Frijoles Negros,,2470.0
Arrecife,COL,,69 ARRECIFE,269,Arroz Integral Cocido,Arroz Integral Cocido,,2375.0
Arrecife,COL,,69 ARRECIFE,464,Mezcla Pancakes Tradicionales Lista,Mezcla Pancakes Tradicionales Lista,Madre,5600.0
Arrecife,COL,,69 ARRECIFE,5082,Carne Chilli,Carne Chilli,,1700.0
Arrecife,COL,,69 ARRECIFE,4938,Pollo a las Hierbas,Pollo a las Hierbas,,1300.0
Arrecife,COL,,69 ARRECIFE,295,Papa Calentada,Papa Calentada,,1100.0
Arrecife,COL,,69 ARRECIFE,282,Frijol Paisa,Frijol Paisa,,1000.0
Arrecife,COL,,69 ARRECIFE,297,Platano Frito,Platano Frito,,1000.0
Arrecife,COL,,69 ARRECIFE,296,Pico de Gallo,Pico de Gallo,,900.0
Arrecife,COL,,69 ARRECIFE,5094,Cerdo Desmechado,Cerdo Desmechado,,1600.0
Arrecife,COL,,69 ARRECIFE,5920,Pollo  BBQ,Pollo  BBQ,,700.0
Arrecife,COL,,69 ARRECIFE,2730,Emulsion Alioli,Emulsion Alioli,Madre,2000.0
Arrecife,COL,,69 ARRECIFE,288,Hummus De Garbanzos,Hummus De Garbanzos,,1400.0
Arrecife,COL,,69 ARRECIFE,323,Yogur griego Preparado,Yogur griego Preparado,,500.0
Arrecife,COL,,69 ARRECIFE,319,Vinagreta Libanesa,Vinagreta Libanesa,,400.0
Arrecife,COL,,69 ARRECIFE,277,Vinagreta Cesar,Vinagreta Cesar,,400.0
Arrecife,COL,,69 ARRECIFE,5630,Maíz salteado.,Maíz salteado.,,300.0
Arrecife,COL,,69 ARRECIFE,5093,Tocineta producción,Tocineta producción,,300.0
Arrecife,COL,,69 ARRECIFE,4816,Pasta Integral Cocida,Pasta Integral Cocida,,600.0
Arrecife,COL,,69 ARRECIFE,306,Salsa Criolla Produccion,Salsa Criolla Produccion,,150.0
Arrecife,COL,,69 ARRECIFE,5032,cebolla asada Mr.Beast,cebolla asada Mr.Beast,,1232.0
Arrecife,COL,,69 ARRECIFE,4811,Quinoa especiada,Quinoa especiada,,144.0
Arrecife,COL,,69 ARRECIFE,320,Vinagreta de Jalapenos Mexicanos,Vinagreta de Jalapenos Mexicanos,,200.0
Arrecife,COL,,69 ARRECIFE,318,Vinagreta de Pesto de Genoa,Vinagreta de Pesto de Genoa,,100.0
Arrecife,COL,,69 ARRECIFE,465,Mezcla Pancakes Avena Lista,Mezcla Pancakes Avena Lista,,600.0
Arrecife,COL,,69 ARRECIFE,4823,Hummus de Pimenton,Hummus de Pimenton,,200.0
Arrecife,COL,,69 ARRECIFE,4818,Brocoli Rostizado,Brocoli Rostizado,,200.0
Arrecife,COL,,69 ARRECIFE,5206,Coleslaw la cosmica,Coleslaw la cosmica,,300.0
Arrecife,COL,,69 ARRECIFE,316,Vinagreta Balsamica de Modena,Vinagreta Balsamica de Modena,,200.0
Arrecife,COL,,69 ARRECIFE,321,Vinagreta Mediterranea,Vinagreta Mediterranea,,200.0
Arrecife,COL,,69 ARRECIFE,1283,Cebolla Encurtida Picante,Cebolla Encurtida Picante,,300.0
Arrecife,COL,,69 ARRECIFE,4991,Mezcla Tostadas Francesas Nueva,Mezcla Tostadas Francesas Nueva,,200.0
Arrecife,COL,,69 ARRECIFE,275,Crutones Zatahar,Crutones Zatahar,,200.0
Arrecife,COL,,69 ARRECIFE,1240,Salsa Pizza,Salsa Pizza,,200.0
Arrecife,COL,,69 ARRECIFE,5517,Totopos triturados,Totopos triturados,,200.0
Arrecife,COL,,69 ARRECIFE,3609,Carne Smashed 80gr,Carne Smashed 80gr,,64.0
Arrecife,COL,,69 ARRECIFE,4918,Pollo Ensalada,Pollo Ensalada,,8.0
Arrecife,COL,,69 ARRECIFE,284,Galletas De Parmesano,Galletas De Parmesano,,42.0
Arrecife,COL,,69 ARRECIFE,3481,Galleta de Chunks de Chocolate PROD,Galleta de Chunks de Chocolate PROD,,4.0
Arrecife,COL,,69 ARRECIFE,3482,Galleta Oreo PROD,Galleta Oreo PROD,,3.0
Arrecife,COL,,69 ARRECIFE,3483,Galleta Red Velvet Choc Blanco PROD,Galleta Red Velvet Choc Blanco PROD,Madre,9.0
Arrecife,COL,,69 ARRECIFE,3484,Galleta Avena Frutos Rojos,Galleta Avena Frutos Rojos,,3.0
Arrecife,COL,,69 ARRECIFE,3485,Galleta Nueces Choc Blanco,Galleta Nueces Choc Blanco,,0.0
Arrecife,COL,,69 ARRECIFE,3486,Galleta Nutella y Nueces PROD,Galleta Nutella y Nueces PROD,,0.0
Arrecife,COL,,69 ARRECIFE,3488,Galleta Doble Chocolate PROD,Galleta Doble Chocolate PROD,,0.0
Arrecife,COL,,69 ARRECIFE,3623,Cubierta Queso Crema,Cubierta Queso Crema,Madre,1300.0
Arrecife,COL,,69 ARRECIFE,3002,Mezcla de Aceite Y Mantequilla (Produccion),Mezcla de Aceite Y Mantequilla (Produccion),Madre,1700.0
Arrecife,COL,,69 ARRECIFE,3632,PROD Minibon de Canela,PROD Minibon de Canela,Madre,20.0
Arrecife,COL,,69 ARRECIFE,307,Salsa Frutos Rojos,Salsa Frutos Rojos,,300.0
Arrecife,COL,,69 ARRECIFE,713,⭕️Caja Lunch,⭕️Caja Lunch,Madre,47.0
Arrecife,COL,,69 ARRECIFE,3576,Flores dia de la Madre,Flores dia de la Madre,Madre,19.0
Arrecife,COL,,69 ARRECIFE,119,⚠️Aceite De Girasol,⚠️Aceite De Girasol,Madre,1300.0
Arrecife,COL,,69 ARRECIFE,172,Huevo Tipo AA,Huevo Tipo AA,Madre,246.0
Arrecife,COL,,69 ARRECIFE,550,⭕️Bolsa Pan Generica,⭕️Bolsa Pan Generica,Madre,24.0
Arrecife,COL,,69 ARRECIFE,237,Sal,Sal,Madre,1000.0
Arrecife,COL,,69 ARRECIFE,6078,Mezcla líquida pancakes de choclo,Mezcla líquida pancakes de choclo,Madre,300.0
Arrecife,COL,,69 ARRECIFE,432,Empaque Vinagreta,Empaque Vinagreta,Madre,48.0
Arrecife,COL,,69 ARRECIFE,604,Jugo de Naranja,Jugo de Naranja,Madre,100.0
Arrecife,COL,,69 ARRECIFE,5003,Porcion de fruta,Porcion de fruta,Madre,50.0
Arrecife,COL,,69 ARRECIFE,118,Croissant Huevo Jamon y Queso,Croissant Huevo Jamon y Queso,Madre,43.0
Arrecife,COL,,69 ARRECIFE,5045,Mini pancakes tradicionales SIN fresa,Mini pancakes tradicionales SIN fresa,Madre,24.0
Arrecife,COL,,69 ARRECIFE,2604,Caja Especial B&M,Caja Especial B&M,Madre,23.0
Arrecife,COL,,69 ARRECIFE,384,Tenedor Y Cuchillo,Tenedor Y Cuchillo,Madre,83.0
Arrecife,COL,,69 ARRECIFE,6273,Pancakes de choclo,Pancakes de choclo,Madre,3.0
Arrecife,COL,,69 ARRECIFE,5022,Minibon canela,Minibon canela,Madre,18.0
Arrecife,COL,,69 ARRECIFE,3799,Galleta Red Velvet Choc Blanco Individual Vicio,Galleta Red Velvet Choc Blanco Individual Vicio,Madre,4.0
Arrecife,COL,,69 ARRECIFE,3597,Flores 🌹,Flores 🌹,Madre,19.0
Arrecife,COL,,69 ARRECIFE,6343,COMBO INDIVIDUAL PANCAKES CHOCLO,COMBO INDIVIDUAL PANCAKES CHOCLO,Madre,2.0
Arrecife,COL,,69 ARRECIFE,6344,COMBO INDIVIDUAL MINIBON,COMBO INDIVIDUAL MINIBON,Madre,18.0
Arrecife,COL,,69 ARRECIFE,6345,COMBO INDIVIDUAL GALLETA,COMBO INDIVIDUAL GALLETA,Madre,3.0
Arrecife,COL,,69 ARRECIFE,6346,COMBO ESPECIAL CON FLORES,COMBO ESPECIAL CON FLORES,Madre,19.0
Arrecife,COL,,69 ARRECIFE,6348,COMBO ESPECIAL SIN FLORES,COMBO ESPECIAL SIN FLORES,Madre,4.0
Arrecife,COL,,69 ARRECIFE,63.0,Pancakes Tradicionales,Pancakes Tradicionales,Alistar,5.0
Ingenio,COL,,46 INGENIO,1904,Papas pre Fritas,Papas pre Fritas,,7020
Ingenio,COL,,46 INGENIO,287,Guacamole,Guacamole,,1500.0
Ingenio,COL,,46 INGENIO,5270,Mix de lechugas,Mix de lechugas,,500.0
Ingenio,COL,,46 INGENIO,246,Syrup,Syrup,Madre,4900.0
Ingenio,COL,,46 INGENIO,127,Almendra Fileteada,Almendra Fileteada,,195.0
Ingenio,COL,,46 INGENIO,1726,pepinillo en conserva,pepinillo en conserva,,150.0
Ingenio,COL,,46 INGENIO,3510,Jar de Oreo PROD,Jar de Oreo PROD,,3.0
Ingenio,COL,,46 INGENIO,3511,Jar de Limon PROD,Jar de Limon PROD,,3.0
Ingenio,COL,,46 INGENIO,3512,Jar de Chocolate PROD,Jar de Chocolate PROD,,3.0
Ingenio,COL,,46 INGENIO,3513,Jar 3 Leches PROD,Jar 3 Leches PROD,,3.0
Ingenio,COL,,46 INGENIO,3514,Jar de Tiramisu PROD,Jar de Tiramisu PROD,,3.0
Ingenio,COL,,46 INGENIO,286,Granola,Granola,,400.0
Ingenio,COL,,46 INGENIO,180,Jugo de Naranja Bolsa Lt,Jugo de Naranja Bolsa Lt,Madre,19800.0
Ingenio,COL,,46 INGENIO,179,Jugo de Mandarina Bolsa Lt,Jugo de Mandarina Bolsa Lt,,1800.0
Ingenio,COL,,46 INGENIO,175,Jamon De Cerdo,Jamon De Cerdo,Madre,3900.0
Ingenio,COL,,46 INGENIO,150,Chorizo Santarrosano,Chorizo Santarrosano,,1440.0
Ingenio,COL,,46 INGENIO,5594,Res desmechada.,Res desmechada.,,500.0
Ingenio,COL,,46 INGENIO,2573,Tapa bowl kraft mini,Tapa bowl kraft mini,Madre,47.0
Ingenio,COL,,46 INGENIO,3116,Tapa Botella 300ml,Tapa Botella 300ml,Madre,92.0
Ingenio,COL,,46 INGENIO,441,Botella 300 ml,Botella 300 ml,Madre,92.0
Ingenio,COL,,46 INGENIO,459,Porta hamburguesa,Porta hamburguesa,Madre,19.0
Ingenio,COL,,46 INGENIO,545,Bowl Mini,Bowl Mini,Madre,47.0
Ingenio,COL,,46 INGENIO,2600,Caja B&M,Caja B&M,Madre,41.0
Ingenio,COL,,46 INGENIO,491,Servilletas,Servilletas,Madre,146.0
Ingenio,COL,,46 INGENIO,250,Tomate Chonto,Tomate Chonto,,4100.0
Ingenio,COL,,46 INGENIO,123,Aguacate Papelillo,Aguacate Papelillo,,1400.0
Ingenio,COL,,46 INGENIO,184,Lechuga Batavia,Lechuga Batavia,,1900.0
Ingenio,COL,,46 INGENIO,215,Pepino Cohombro,Pepino Cohombro,,1400.0
Ingenio,COL,,46 INGENIO,221,Pina Golden,Pina Golden,Madre,7300.0
Ingenio,COL,,46 INGENIO,210,Papaya Maradol,Papaya Maradol,Madre,4000.0
Ingenio,COL,,46 INGENIO,137,Banano Criollo,Banano Criollo,,600.0
Ingenio,COL,,46 INGENIO,164,Fresas,Fresas,,1500.0
Ingenio,COL,,46 INGENIO,151,Cilantro Patirojo,Cilantro Patirojo,,300.0
Ingenio,COL,,46 INGENIO,163,Espinaca,Espinaca,,390.0
Ingenio,COL,,46 INGENIO,146,Cebolla Roja,Cebolla Roja,,300.0
Ingenio,COL,,46 INGENIO,185,Lechuga Romana,Lechuga Romana,,400.0
Ingenio,COL,,46 INGENIO,249,Tomate Cherry,Tomate Cherry,,300.0
Ingenio,COL,,46 INGENIO,145,Cebolla Larga Junca,Cebolla Larga Junca,,300.0
Ingenio,COL,,46 INGENIO,130,Arandanos,Arandanos,,300.0
Ingenio,COL,,46 INGENIO,181,Kale,Kale,,200.0
Ingenio,COL,,46 INGENIO,243,Sorbet de acai,Sorbet de acai,,640.0
Ingenio,COL,,46 INGENIO,228,Queso Doble Crema,Queso Doble Crema,,1300.0
Ingenio,COL,,46 INGENIO,229,Queso Feta,Queso Feta,,300.0
Ingenio,COL,,46 INGENIO,5511,Queso cheddar tajadas UN,Queso cheddar tajadas UN,Madre,163.0
Ingenio,COL,,46 INGENIO,253,Tortilla De Harina,Tortilla De Harina,,28.0
Ingenio,COL,,46 INGENIO,159,Croissant Grande,Croissant Grande,Madre,121.0
Ingenio,COL,,46 INGENIO,2952,Arroz Achiotado,Arroz Achiotado,,11400.0
Ingenio,COL,,46 INGENIO,5091,Limonada (con base limonada),Limonada (con base limonada),,6600.0
Ingenio,COL,,46 INGENIO,283,Frijoles Negros,Frijoles Negros,,4160.0
Ingenio,COL,,46 INGENIO,269,Arroz Integral Cocido,Arroz Integral Cocido,,3750.0
Ingenio,COL,,46 INGENIO,464,Mezcla Pancakes Tradicionales Lista,Mezcla Pancakes Tradicionales Lista,Madre,9000.0
Ingenio,COL,,46 INGENIO,5082,Carne Chilli,Carne Chilli,,3700.0
Ingenio,COL,,46 INGENIO,4938,Pollo a las Hierbas,Pollo a las Hierbas,,2200.0
Ingenio,COL,,46 INGENIO,295,Papa Calentada,Papa Calentada,,2200.0
Ingenio,COL,,46 INGENIO,282,Frijol Paisa,Frijol Paisa,,2100.0
Ingenio,COL,,46 INGENIO,297,Platano Frito,Platano Frito,,1800.0
Ingenio,COL,,46 INGENIO,296,Pico de Gallo,Pico de Gallo,,1100.0
Ingenio,COL,,46 INGENIO,5094,Cerdo Desmechado,Cerdo Desmechado,,1800.0
Ingenio,COL,,46 INGENIO,5920,Pollo  BBQ,Pollo  BBQ,,800.0
Ingenio,COL,,46 INGENIO,2730,Emulsion Alioli,Emulsion Alioli,Madre,2000.0
Ingenio,COL,,46 INGENIO,288,Hummus De Garbanzos,Hummus De Garbanzos,,1300.0
Ingenio,COL,,46 INGENIO,323,Yogur griego Preparado,Yogur griego Preparado,,900.0
Ingenio,COL,,46 INGENIO,319,Vinagreta Libanesa,Vinagreta Libanesa,,500.0
Ingenio,COL,,46 INGENIO,277,Vinagreta Cesar,Vinagreta Cesar,,500.0
Ingenio,COL,,46 INGENIO,5630,Maíz salteado.,Maíz salteado.,,600.0
Ingenio,COL,,46 INGENIO,5093,Tocineta producción,Tocineta producción,,400.0
Ingenio,COL,,46 INGENIO,4816,Pasta Integral Cocida,Pasta Integral Cocida,,600.0
Ingenio,COL,,46 INGENIO,306,Salsa Criolla Produccion,Salsa Criolla Produccion,,300.0
Ingenio,COL,,46 INGENIO,5032,cebolla asada Mr.Beast,cebolla asada Mr.Beast,,840.0
Ingenio,COL,,46 INGENIO,4811,Quinoa especiada,Quinoa especiada,,216.0
Ingenio,COL,,46 INGENIO,320,Vinagreta de Jalapenos Mexicanos,Vinagreta de Jalapenos Mexicanos,,300.0
Ingenio,COL,,46 INGENIO,318,Vinagreta de Pesto de Genoa,Vinagreta de Pesto de Genoa,,140.0
Ingenio,COL,,46 INGENIO,465,Mezcla Pancakes Avena Lista,Mezcla Pancakes Avena Lista,,900.0
Ingenio,COL,,46 INGENIO,4823,Hummus de Pimenton,Hummus de Pimenton,,300.0
Ingenio,COL,,46 INGENIO,4818,Brocoli Rostizado,Brocoli Rostizado,,400.0
Ingenio,COL,,46 INGENIO,5206,Coleslaw la cosmica,Coleslaw la cosmica,,300.0
Ingenio,COL,,46 INGENIO,316,Vinagreta Balsamica de Modena,Vinagreta Balsamica de Modena,,200.0
Ingenio,COL,,46 INGENIO,321,Vinagreta Mediterranea,Vinagreta Mediterranea,,200.0
Ingenio,COL,,46 INGENIO,1283,Cebolla Encurtida Picante,Cebolla Encurtida Picante,,300.0
Ingenio,COL,,46 INGENIO,4991,Mezcla Tostadas Francesas Nueva,Mezcla Tostadas Francesas Nueva,,300.0
Ingenio,COL,,46 INGENIO,275,Crutones Zatahar,Crutones Zatahar,,300.0
Ingenio,COL,,46 INGENIO,1240,Salsa Pizza,Salsa Pizza,,0.0
Ingenio,COL,,46 INGENIO,5517,Totopos triturados,Totopos triturados,,300.0
Ingenio,COL,,46 INGENIO,3609,Carne Smashed 80gr,Carne Smashed 80gr,,38.0
Ingenio,COL,,46 INGENIO,4918,Pollo Ensalada,Pollo Ensalada,,9.0
Ingenio,COL,,46 INGENIO,284,Galletas De Parmesano,Galletas De Parmesano,,63.0
Ingenio,COL,,46 INGENIO,3481,Galleta de Chunks de Chocolate PROD,Galleta de Chunks de Chocolate PROD,,4.0
Ingenio,COL,,46 INGENIO,3482,Galleta Oreo PROD,Galleta Oreo PROD,,3.0
Ingenio,COL,,46 INGENIO,3483,Galleta Red Velvet Choc Blanco PROD,Galleta Red Velvet Choc Blanco PROD,Madre,6.0
Ingenio,COL,,46 INGENIO,3484,Galleta Avena Frutos Rojos,Galleta Avena Frutos Rojos,,4.0
Ingenio,COL,,46 INGENIO,3485,Galleta Nueces Choc Blanco,Galleta Nueces Choc Blanco,,0.0
Ingenio,COL,,46 INGENIO,3486,Galleta Nutella y Nueces PROD,Galleta Nutella y Nueces PROD,,0.0
Ingenio,COL,,46 INGENIO,3488,Galleta Doble Chocolate PROD,Galleta Doble Chocolate PROD,,0.0
Ingenio,COL,,46 INGENIO,3623,Cubierta Queso Crema,Cubierta Queso Crema,Madre,1000.0
Ingenio,COL,,46 INGENIO,3002,Mezcla de Aceite Y Mantequilla (Produccion),Mezcla de Aceite Y Mantequilla (Produccion),Madre,1600.0
Ingenio,COL,,46 INGENIO,3632,PROD Minibon de Canela,PROD Minibon de Canela,Madre,17.0
Ingenio,COL,,46 INGENIO,307,Salsa Frutos Rojos,Salsa Frutos Rojos,,300.0
Ingenio,COL,,46 INGENIO,713,⭕️Caja Lunch,⭕️Caja Lunch,Madre,65.0
Ingenio,COL,,46 INGENIO,3576,Flores dia de la Madre,Flores dia de la Madre,Madre,32.0
Ingenio,COL,,46 INGENIO,119,⚠️Aceite De Girasol,⚠️Aceite De Girasol,Madre,1600.0
Ingenio,COL,,46 INGENIO,172,Huevo Tipo AA,Huevo Tipo AA,Madre,370.0
Ingenio,COL,,46 INGENIO,550,⭕️Bolsa Pan Generica,⭕️Bolsa Pan Generica,Madre,21.0
Ingenio,COL,,46 INGENIO,237,Sal,Sal,Madre,1200.0
Ingenio,COL,,46 INGENIO,6078,Mezcla líquida pancakes de choclo,Mezcla líquida pancakes de choclo,Madre,300.0
Ingenio,COL,,46 INGENIO,432,Empaque Vinagreta,Empaque Vinagreta,Madre,72.0
Ingenio,COL,,46 INGENIO,604,Jugo de Naranja,Jugo de Naranja,Madre,126.0
Ingenio,COL,,46 INGENIO,5003,Porcion de fruta,Porcion de fruta,Madre,88.0
Ingenio,COL,,46 INGENIO,118,Croissant Huevo Jamon y Queso,Croissant Huevo Jamon y Queso,Madre,58.0
Ingenio,COL,,46 INGENIO,5045,Mini pancakes tradicionales SIN fresa,Mini pancakes tradicionales SIN fresa,Madre,42.0
Ingenio,COL,,46 INGENIO,2604,Caja Especial B&M,Caja Especial B&M,Madre,41.0
Ingenio,COL,,46 INGENIO,384,Tenedor Y Cuchillo,Tenedor Y Cuchillo,Madre,170.0
Ingenio,COL,,46 INGENIO,6273,Pancakes de choclo,Pancakes de choclo,Madre,3.0
Ingenio,COL,,46 INGENIO,5022,Minibon canela,Minibon canela,Madre,15.0
Ingenio,COL,,46 INGENIO,3799,Galleta Red Velvet Choc Blanco Individual Vicio,Galleta Red Velvet Choc Blanco Individual Vicio,Madre,5.0
Ingenio,COL,,46 INGENIO,3597,Flores 🌹,Flores 🌹,Madre,32.0
Ingenio,COL,,46 INGENIO,6343,COMBO INDIVIDUAL PANCAKES CHOCLO,COMBO INDIVIDUAL PANCAKES CHOCLO,Madre,2.0
Ingenio,COL,,46 INGENIO,6344,COMBO INDIVIDUAL MINIBON,COMBO INDIVIDUAL MINIBON,Madre,14.0
Ingenio,COL,,46 INGENIO,6345,COMBO INDIVIDUAL GALLETA,COMBO INDIVIDUAL GALLETA,Madre,3.0
Ingenio,COL,,46 INGENIO,6346,COMBO ESPECIAL CON FLORES,COMBO ESPECIAL CON FLORES,Madre,32.0
Ingenio,COL,,46 INGENIO,6348,COMBO ESPECIAL SIN FLORES,COMBO ESPECIAL SIN FLORES,Madre,9.0
Ingenio,COL,,46 INGENIO,63.0,Pancakes Tradicionales,Pancakes Tradicionales,Alistar,6.0
San Fernando+Turbo,COL,,24 SAN FERNANDO,1904,Papas pre Fritas,Papas pre Fritas,,3420
San Fernando+Turbo,COL,,24 SAN FERNANDO,287,Guacamole,Guacamole,,1400.0
San Fernando+Turbo,COL,,24 SAN FERNANDO,5270,Mix de lechugas,Mix de lechugas,,700.0
San Fernando+Turbo,COL,,24 SAN FERNANDO,246,Syrup,Syrup,Madre,3800.0
San Fernando+Turbo,COL,,24 SAN FERNANDO,127,Almendra Fileteada,Almendra Fileteada,,270.0
San Fernando+Turbo,COL,,24 SAN FERNANDO,1726,pepinillo en conserva,pepinillo en conserva,,90.0
San Fernando+Turbo,COL,,24 SAN FERNANDO,3510,Jar de Oreo PROD,Jar de Oreo PROD,,3.0
San Fernando+Turbo,COL,,24 SAN FERNANDO,3511,Jar de Limon PROD,Jar de Limon PROD,,3.0
San Fernando+Turbo,COL,,24 SAN FERNANDO,3512,Jar de Chocolate PROD,Jar de Chocolate PROD,,3.0
San Fernando+Turbo,COL,,24 SAN FERNANDO,3513,Jar 3 Leches PROD,Jar 3 Leches PROD,,3.0
San Fernando+Turbo,COL,,24 SAN FERNANDO,3514,Jar de Tiramisu PROD,Jar de Tiramisu PROD,,3.0
San Fernando+Turbo,COL,,24 SAN FERNANDO,286,Granola,Granola,,400.0
San Fernando+Turbo,COL,,24 SAN FERNANDO,180,Jugo de Naranja Bolsa Lt,Jugo de Naranja Bolsa Lt,Madre,16200.0
San Fernando+Turbo,COL,,24 SAN FERNANDO,179,Jugo de Mandarina Bolsa Lt,Jugo de Mandarina Bolsa Lt,,1800.0
San Fernando+Turbo,COL,,24 SAN FERNANDO,175,Jamon De Cerdo,Jamon De Cerdo,Madre,3060.0
San Fernando+Turbo,COL,,24 SAN FERNANDO,150,Chorizo Santarrosano,Chorizo Santarrosano,,1280.0
San Fernando+Turbo,COL,,24 SAN FERNANDO,5594,Res desmechada.,Res desmechada.,,700.0
San Fernando+Turbo,COL,,24 SAN FERNANDO,2573,Tapa bowl kraft mini,Tapa bowl kraft mini,Madre,37.0
San Fernando+Turbo,COL,,24 SAN FERNANDO,3116,Tapa Botella 300ml,Tapa Botella 300ml,Madre,74.0
San Fernando+Turbo,COL,,24 SAN FERNANDO,441,Botella 300 ml,Botella 300 ml,Madre,74.0
San Fernando+Turbo,COL,,24 SAN FERNANDO,459,Porta hamburguesa,Porta hamburguesa,Madre,13.0
San Fernando+Turbo,COL,,24 SAN FERNANDO,545,Bowl Mini,Bowl Mini,Madre,37.0
San Fernando+Turbo,COL,,24 SAN FERNANDO,2600,Caja B&M,Caja B&M,Madre,31.0
San Fernando+Turbo,COL,,24 SAN FERNANDO,491,Servilletas,Servilletas,Madre,95.0
San Fernando+Turbo,COL,,24 SAN FERNANDO,250,Tomate Chonto,Tomate Chonto,,4600.0
San Fernando+Turbo,COL,,24 SAN FERNANDO,123,Aguacate Papelillo,Aguacate Papelillo,,1300.0
San Fernando+Turbo,COL,,24 SAN FERNANDO,184,Lechuga Batavia,Lechuga Batavia,,1900.0
San Fernando+Turbo,COL,,24 SAN FERNANDO,215,Pepino Cohombro,Pepino Cohombro,,1800.0
San Fernando+Turbo,COL,,24 SAN FERNANDO,221,Pina Golden,Pina Golden,Madre,5400.0
San Fernando+Turbo,COL,,24 SAN FERNANDO,210,Papaya Maradol,Papaya Maradol,Madre,3000.0
San Fernando+Turbo,COL,,24 SAN FERNANDO,137,Banano Criollo,Banano Criollo,,500.0
San Fernando+Turbo,COL,,24 SAN FERNANDO,164,Fresas,Fresas,,1300.0
San Fernando+Turbo,COL,,24 SAN FERNANDO,151,Cilantro Patirojo,Cilantro Patirojo,,300.0
San Fernando+Turbo,COL,,24 SAN FERNANDO,163,Espinaca,Espinaca,,390.0
San Fernando+Turbo,COL,,24 SAN FERNANDO,146,Cebolla Roja,Cebolla Roja,,300.0
San Fernando+Turbo,COL,,24 SAN FERNANDO,185,Lechuga Romana,Lechuga Romana,,500.0
San Fernando+Turbo,COL,,24 SAN FERNANDO,249,Tomate Cherry,Tomate Cherry,,200.0
San Fernando+Turbo,COL,,24 SAN FERNANDO,145,Cebolla Larga Junca,Cebolla Larga Junca,,300.0
San Fernando+Turbo,COL,,24 SAN FERNANDO,130,Arandanos,Arandanos,,300.0
San Fernando+Turbo,COL,,24 SAN FERNANDO,181,Kale,Kale,,200.0
San Fernando+Turbo,COL,,24 SAN FERNANDO,243,Sorbet de acai,Sorbet de acai,,480.0
San Fernando+Turbo,COL,,24 SAN FERNANDO,228,Queso Doble Crema,Queso Doble Crema,,1100.0
San Fernando+Turbo,COL,,24 SAN FERNANDO,229,Queso Feta,Queso Feta,,300.0
San Fernando+Turbo,COL,,24 SAN FERNANDO,5511,Queso cheddar tajadas UN,Queso cheddar tajadas UN,Madre,95.0
San Fernando+Turbo,COL,,24 SAN FERNANDO,253,Tortilla De Harina,Tortilla De Harina,,29.0
San Fernando+Turbo,COL,,24 SAN FERNANDO,159,Croissant Grande,Croissant Grande,Madre,51.0
San Fernando+Turbo,COL,,24 SAN FERNANDO,2952,Arroz Achiotado,Arroz Achiotado,,8900.0
San Fernando+Turbo,COL,,24 SAN FERNANDO,5091,Limonada (con base limonada),Limonada (con base limonada),,5100.0
San Fernando+Turbo,COL,,24 SAN FERNANDO,283,Frijoles Negros,Frijoles Negros,,3900.0
San Fernando+Turbo,COL,,24 SAN FERNANDO,269,Arroz Integral Cocido,Arroz Integral Cocido,,4625.0
San Fernando+Turbo,COL,,24 SAN FERNANDO,464,Mezcla Pancakes Tradicionales Lista,Mezcla Pancakes Tradicionales Lista,Madre,7300.0
San Fernando+Turbo,COL,,24 SAN FERNANDO,5082,Carne Chilli,Carne Chilli,,2900.0
San Fernando+Turbo,COL,,24 SAN FERNANDO,4938,Pollo a las Hierbas,Pollo a las Hierbas,,2100.0
San Fernando+Turbo,COL,,24 SAN FERNANDO,295,Papa Calentada,Papa Calentada,,1800.0
San Fernando+Turbo,COL,,24 SAN FERNANDO,282,Frijol Paisa,Frijol Paisa,,1400.0
San Fernando+Turbo,COL,,24 SAN FERNANDO,297,Platano Frito,Platano Frito,,1400.0
San Fernando+Turbo,COL,,24 SAN FERNANDO,296,Pico de Gallo,Pico de Gallo,,1200.0
San Fernando+Turbo,COL,,24 SAN FERNANDO,5094,Cerdo Desmechado,Cerdo Desmechado,,1400.0
San Fernando+Turbo,COL,,24 SAN FERNANDO,5920,Pollo  BBQ,Pollo  BBQ,,1000.0
San Fernando+Turbo,COL,,24 SAN FERNANDO,2730,Emulsion Alioli,Emulsion Alioli,Madre,1500.0
San Fernando+Turbo,COL,,24 SAN FERNANDO,288,Hummus De Garbanzos,Hummus De Garbanzos,,1500.0
San Fernando+Turbo,COL,,24 SAN FERNANDO,323,Yogur griego Preparado,Yogur griego Preparado,,600.0
San Fernando+Turbo,COL,,24 SAN FERNANDO,319,Vinagreta Libanesa,Vinagreta Libanesa,,400.0
San Fernando+Turbo,COL,,24 SAN FERNANDO,277,Vinagreta Cesar,Vinagreta Cesar,,500.0
San Fernando+Turbo,COL,,24 SAN FERNANDO,5630,Maíz salteado.,Maíz salteado.,,600.0
San Fernando+Turbo,COL,,24 SAN FERNANDO,5093,Tocineta producción,Tocineta producción,,400.0
San Fernando+Turbo,COL,,24 SAN FERNANDO,4816,Pasta Integral Cocida,Pasta Integral Cocida,,400.0
San Fernando+Turbo,COL,,24 SAN FERNANDO,306,Salsa Criolla Produccion,Salsa Criolla Produccion,,350.0
San Fernando+Turbo,COL,,24 SAN FERNANDO,5032,cebolla asada Mr.Beast,cebolla asada Mr.Beast,,392.0
San Fernando+Turbo,COL,,24 SAN FERNANDO,4811,Quinoa especiada,Quinoa especiada,,360.0
San Fernando+Turbo,COL,,24 SAN FERNANDO,320,Vinagreta de Jalapenos Mexicanos,Vinagreta de Jalapenos Mexicanos,,200.0
San Fernando+Turbo,COL,,24 SAN FERNANDO,318,Vinagreta de Pesto de Genoa,Vinagreta de Pesto de Genoa,,140.0
San Fernando+Turbo,COL,,24 SAN FERNANDO,465,Mezcla Pancakes Avena Lista,Mezcla Pancakes Avena Lista,,900.0
San Fernando+Turbo,COL,,24 SAN FERNANDO,4823,Hummus de Pimenton,Hummus de Pimenton,,200.0
San Fernando+Turbo,COL,,24 SAN FERNANDO,4818,Brocoli Rostizado,Brocoli Rostizado,,300.0
San Fernando+Turbo,COL,,24 SAN FERNANDO,5206,Coleslaw la cosmica,Coleslaw la cosmica,,300.0
San Fernando+Turbo,COL,,24 SAN FERNANDO,316,Vinagreta Balsamica de Modena,Vinagreta Balsamica de Modena,,200.0
San Fernando+Turbo,COL,,24 SAN FERNANDO,321,Vinagreta Mediterranea,Vinagreta Mediterranea,,300.0
San Fernando+Turbo,COL,,24 SAN FERNANDO,1283,Cebolla Encurtida Picante,Cebolla Encurtida Picante,,300.0
San Fernando+Turbo,COL,,24 SAN FERNANDO,4991,Mezcla Tostadas Francesas Nueva,Mezcla Tostadas Francesas Nueva,,200.0
San Fernando+Turbo,COL,,24 SAN FERNANDO,275,Crutones Zatahar,Crutones Zatahar,,200.0
San Fernando+Turbo,COL,,24 SAN FERNANDO,1240,Salsa Pizza,Salsa Pizza,,0.0
San Fernando+Turbo,COL,,24 SAN FERNANDO,5517,Totopos triturados,Totopos triturados,,300.0
San Fernando+Turbo,COL,,24 SAN FERNANDO,3609,Carne Smashed 80gr,Carne Smashed 80gr,,20.0
San Fernando+Turbo,COL,,24 SAN FERNANDO,4918,Pollo Ensalada,Pollo Ensalada,,14.0
San Fernando+Turbo,COL,,24 SAN FERNANDO,284,Galletas De Parmesano,Galletas De Parmesano,,42.0
San Fernando+Turbo,COL,,24 SAN FERNANDO,3481,Galleta de Chunks de Chocolate PROD,Galleta de Chunks de Chocolate PROD,,3.0
San Fernando+Turbo,COL,,24 SAN FERNANDO,3482,Galleta Oreo PROD,Galleta Oreo PROD,,3.0
San Fernando+Turbo,COL,,24 SAN FERNANDO,3483,Galleta Red Velvet Choc Blanco PROD,Galleta Red Velvet Choc Blanco PROD,Madre,6.0
San Fernando+Turbo,COL,,24 SAN FERNANDO,3484,Galleta Avena Frutos Rojos,Galleta Avena Frutos Rojos,,3.0
San Fernando+Turbo,COL,,24 SAN FERNANDO,3485,Galleta Nueces Choc Blanco,Galleta Nueces Choc Blanco,,0.0
San Fernando+Turbo,COL,,24 SAN FERNANDO,3486,Galleta Nutella y Nueces PROD,Galleta Nutella y Nueces PROD,,0.0
San Fernando+Turbo,COL,,24 SAN FERNANDO,3487,Galleta de Guayaba PROD,Galleta de Guayaba PROD,,0.0
San Fernando+Turbo,COL,,24 SAN FERNANDO,3488,Galleta Doble Chocolate PROD,Galleta Doble Chocolate PROD,,0.0
San Fernando+Turbo,COL,,24 SAN FERNANDO,3623,Cubierta Queso Crema,Cubierta Queso Crema,Madre,900.0
San Fernando+Turbo,COL,,24 SAN FERNANDO,3002,Mezcla de Aceite Y Mantequilla (Produccion),Mezcla de Aceite Y Mantequilla (Produccion),Madre,1100.0
San Fernando+Turbo,COL,,24 SAN FERNANDO,3632,PROD Minibon de Canela,PROD Minibon de Canela,Madre,13.0
San Fernando+Turbo,COL,,24 SAN FERNANDO,307,Salsa Frutos Rojos,Salsa Frutos Rojos,,300.0
San Fernando+Turbo,COL,,24 SAN FERNANDO,713,⭕️Caja Lunch,⭕️Caja Lunch,Madre,50.0
San Fernando+Turbo,COL,,24 SAN FERNANDO,3576,Flores dia de la Madre,Flores dia de la Madre,Madre,26.0
San Fernando+Turbo,COL,,24 SAN FERNANDO,119,⚠️Aceite De Girasol,⚠️Aceite De Girasol,Madre,1300.0
San Fernando+Turbo,COL,,24 SAN FERNANDO,172,Huevo Tipo AA,Huevo Tipo AA,Madre,290.0
San Fernando+Turbo,COL,,24 SAN FERNANDO,550,⭕️Bolsa Pan Generica,⭕️Bolsa Pan Generica,Madre,21.0
San Fernando+Turbo,COL,,24 SAN FERNANDO,237,Sal,Sal,Madre,900.0
San Fernando+Turbo,COL,,24 SAN FERNANDO,6078,Mezcla líquida pancakes de choclo,Mezcla líquida pancakes de choclo,Madre,400.0
San Fernando+Turbo,COL,,24 SAN FERNANDO,432,Empaque Vinagreta,Empaque Vinagreta,Madre,62.0
San Fernando+Turbo,COL,,24 SAN FERNANDO,604,Jugo de Naranja,Jugo de Naranja,Madre,103.0
San Fernando+Turbo,COL,,24 SAN FERNANDO,5003,Porcion de fruta,Porcion de fruta,Madre,65.0
San Fernando+Turbo,COL,,24 SAN FERNANDO,118,Croissant Huevo Jamon y Queso,Croissant Huevo Jamon y Queso,Madre,0.0
San Fernando+Turbo,COL,,24 SAN FERNANDO,5045,Mini pancakes tradicionales SIN fresa,Mini pancakes tradicionales SIN fresa,Madre,32.0
San Fernando+Turbo,COL,,24 SAN FERNANDO,2604,Caja Especial B&M,Caja Especial B&M,Madre,32.0
San Fernando+Turbo,COL,,24 SAN FERNANDO,384,Tenedor Y Cuchillo,Tenedor Y Cuchillo,Madre,103.0
San Fernando+Turbo,COL,,24 SAN FERNANDO,6273,Pancakes de choclo,Pancakes de choclo,Madre,3.0
San Fernando+Turbo,COL,,24 SAN FERNANDO,5022,Minibon canela,Minibon canela,Madre,12.0
San Fernando+Turbo,COL,,24 SAN FERNANDO,3799,Galleta Red Velvet Choc Blanco Individual Vicio,Galleta Red Velvet Choc Blanco Individual Vicio,Madre,4.0
San Fernando+Turbo,COL,,24 SAN FERNANDO,3597,Flores 🌹,Flores 🌹,Madre,26.0
San Fernando+Turbo,COL,,24 SAN FERNANDO,6343,COMBO INDIVIDUAL PANCAKES CHOCLO,COMBO INDIVIDUAL PANCAKES CHOCLO,Madre,2.0
San Fernando+Turbo,COL,,24 SAN FERNANDO,6344,COMBO INDIVIDUAL MINIBON,COMBO INDIVIDUAL MINIBON,Madre,12.0
San Fernando+Turbo,COL,,24 SAN FERNANDO,6345,COMBO INDIVIDUAL GALLETA,COMBO INDIVIDUAL GALLETA,Madre,3.0
San Fernando+Turbo,COL,,24 SAN FERNANDO,6346,COMBO ESPECIAL CON FLORES,COMBO ESPECIAL CON FLORES,Madre,26.0
San Fernando+Turbo,COL,,24 SAN FERNANDO,6348,COMBO ESPECIAL SIN FLORES,COMBO ESPECIAL SIN FLORES,Madre,6.0
San Fernando+Turbo,COL,,24 SAN FERNANDO,63.0,Pancakes Tradicionales,Pancakes Tradicionales,Alistar,6.0
Cabecera+Turbo,COL,,42 CABECERA,1904,Papas pre Fritas,Papas pre Fritas,,6300
Cabecera+Turbo,COL,,42 CABECERA,287,Guacamole,Guacamole,,2800.0
Cabecera+Turbo,COL,,42 CABECERA,5270,Mix de lechugas,Mix de lechugas,,600.0
Cabecera+Turbo,COL,,42 CABECERA,246,Syrup,Syrup,Madre,5000.0
Cabecera+Turbo,COL,,42 CABECERA,127,Almendra Fileteada,Almendra Fileteada,,315.0
Cabecera+Turbo,COL,,42 CABECERA,1726,pepinillo en conserva,pepinillo en conserva,,150.0
Cabecera+Turbo,COL,,42 CABECERA,3510,Jar de Oreo PROD,Jar de Oreo PROD,,3.0
Cabecera+Turbo,COL,,42 CABECERA,3511,Jar de Limon PROD,Jar de Limon PROD,,3.0
Cabecera+Turbo,COL,,42 CABECERA,3512,Jar de Chocolate PROD,Jar de Chocolate PROD,,3.0
Cabecera+Turbo,COL,,42 CABECERA,3513,Jar 3 Leches PROD,Jar 3 Leches PROD,,3.0
Cabecera+Turbo,COL,,42 CABECERA,3514,Jar de Tiramisu PROD,Jar de Tiramisu PROD,,3.0
Cabecera+Turbo,COL,,42 CABECERA,286,Granola,Granola,,400.0
Cabecera+Turbo,COL,,42 CABECERA,180,Jugo de Naranja Bolsa Lt,Jugo de Naranja Bolsa Lt,Madre,25200.0
Cabecera+Turbo,COL,,42 CABECERA,179,Jugo de Mandarina Bolsa Lt,Jugo de Mandarina Bolsa Lt,,1500.0
Cabecera+Turbo,COL,,42 CABECERA,175,Jamon De Cerdo,Jamon De Cerdo,Madre,4800.0
Cabecera+Turbo,COL,,42 CABECERA,150,Chorizo Santarrosano,Chorizo Santarrosano,,2720.0
Cabecera+Turbo,COL,,42 CABECERA,5594,Res desmechada.,Res desmechada.,,900.0
Cabecera+Turbo,COL,,42 CABECERA,2573,Tapa bowl kraft mini,Tapa bowl kraft mini,Madre,50.0
Cabecera+Turbo,COL,,42 CABECERA,3116,Tapa Botella 300ml,Tapa Botella 300ml,Madre,113.0
Cabecera+Turbo,COL,,42 CABECERA,441,Botella 300 ml,Botella 300 ml,Madre,113.0
Cabecera+Turbo,COL,,42 CABECERA,459,Porta hamburguesa,Porta hamburguesa,Madre,22.0
Cabecera+Turbo,COL,,42 CABECERA,545,Bowl Mini,Bowl Mini,Madre,50.0
Cabecera+Turbo,COL,,42 CABECERA,2600,Caja B&M,Caja B&M,Madre,44.0
Cabecera+Turbo,COL,,42 CABECERA,491,Servilletas,Servilletas,Madre,185.0
Cabecera+Turbo,COL,,42 CABECERA,250,Tomate Chonto,Tomate Chonto,,7300.0
Cabecera+Turbo,COL,,42 CABECERA,123,Aguacate Papelillo,Aguacate Papelillo,,2100.0
Cabecera+Turbo,COL,,42 CABECERA,184,Lechuga Batavia,Lechuga Batavia,,3500.0
Cabecera+Turbo,COL,,42 CABECERA,215,Pepino Cohombro,Pepino Cohombro,,2200.0
Cabecera+Turbo,COL,,42 CABECERA,221,Pina Golden,Pina Golden,Madre,7100.0
Cabecera+Turbo,COL,,42 CABECERA,210,Papaya Maradol,Papaya Maradol,Madre,3600.0
Cabecera+Turbo,COL,,42 CABECERA,137,Banano Criollo,Banano Criollo,,500.0
Cabecera+Turbo,COL,,42 CABECERA,164,Fresas,Fresas,,1300.0
Cabecera+Turbo,COL,,42 CABECERA,151,Cilantro Patirojo,Cilantro Patirojo,,400.0
Cabecera+Turbo,COL,,42 CABECERA,163,Espinaca,Espinaca,,510.0
Cabecera+Turbo,COL,,42 CABECERA,146,Cebolla Roja,Cebolla Roja,,300.0
Cabecera+Turbo,COL,,42 CABECERA,185,Lechuga Romana,Lechuga Romana,,500.0
Cabecera+Turbo,COL,,42 CABECERA,249,Tomate Cherry,Tomate Cherry,,200.0
Cabecera+Turbo,COL,,42 CABECERA,145,Cebolla Larga Junca,Cebolla Larga Junca,,400.0
Cabecera+Turbo,COL,,42 CABECERA,130,Arandanos,Arandanos,,300.0
Cabecera+Turbo,COL,,42 CABECERA,181,Kale,Kale,,300.0
Cabecera+Turbo,COL,,42 CABECERA,243,Sorbet de acai,Sorbet de acai,,480.0
Cabecera+Turbo,COL,,42 CABECERA,228,Queso Doble Crema,Queso Doble Crema,,2300.0
Cabecera+Turbo,COL,,42 CABECERA,229,Queso Feta,Queso Feta,,300.0
Cabecera+Turbo,COL,,42 CABECERA,5511,Queso cheddar tajadas UN,Queso cheddar tajadas UN,Madre,167.0
Cabecera+Turbo,COL,,42 CABECERA,253,Tortilla De Harina,Tortilla De Harina,,69.0
Cabecera+Turbo,COL,,42 CABECERA,159,Croissant Grande,Croissant Grande,Madre,83.0
Cabecera+Turbo,COL,,42 CABECERA,2952,Arroz Achiotado,Arroz Achiotado,,21300.0
Cabecera+Turbo,COL,,42 CABECERA,5091,Limonada (con base limonada),Limonada (con base limonada),,7800.0
Cabecera+Turbo,COL,,42 CABECERA,283,Frijoles Negros,Frijoles Negros,,7800.0
Cabecera+Turbo,COL,,42 CABECERA,269,Arroz Integral Cocido,Arroz Integral Cocido,,6000.0
Cabecera+Turbo,COL,,42 CABECERA,464,Mezcla Pancakes Tradicionales Lista,Mezcla Pancakes Tradicionales Lista,Madre,9400.0
Cabecera+Turbo,COL,,42 CABECERA,5082,Carne Chilli,Carne Chilli,,6000.0
Cabecera+Turbo,COL,,42 CABECERA,4938,Pollo a las Hierbas,Pollo a las Hierbas,,4000.0
Cabecera+Turbo,COL,,42 CABECERA,295,Papa Calentada,Papa Calentada,,3400.0
Cabecera+Turbo,COL,,42 CABECERA,282,Frijol Paisa,Frijol Paisa,,3000.0
Cabecera+Turbo,COL,,42 CABECERA,297,Platano Frito,Platano Frito,,3000.0
Cabecera+Turbo,COL,,42 CABECERA,296,Pico de Gallo,Pico de Gallo,,2200.0
Cabecera+Turbo,COL,,42 CABECERA,5094,Cerdo Desmechado,Cerdo Desmechado,,3200.0
Cabecera+Turbo,COL,,42 CABECERA,5920,Pollo  BBQ,Pollo  BBQ,,1900.0
Cabecera+Turbo,COL,,42 CABECERA,2730,Emulsion Alioli,Emulsion Alioli,Madre,2600.0
Cabecera+Turbo,COL,,42 CABECERA,288,Hummus De Garbanzos,Hummus De Garbanzos,,1900.0
Cabecera+Turbo,COL,,42 CABECERA,323,Yogur griego Preparado,Yogur griego Preparado,,800.0
Cabecera+Turbo,COL,,42 CABECERA,319,Vinagreta Libanesa,Vinagreta Libanesa,,600.0
Cabecera+Turbo,COL,,42 CABECERA,277,Vinagreta Cesar,Vinagreta Cesar,,600.0
Cabecera+Turbo,COL,,42 CABECERA,5630,Maíz salteado.,Maíz salteado.,,800.0
Cabecera+Turbo,COL,,42 CABECERA,5093,Tocineta producción,Tocineta producción,,500.0
Cabecera+Turbo,COL,,42 CABECERA,4816,Pasta Integral Cocida,Pasta Integral Cocida,,600.0
Cabecera+Turbo,COL,,42 CABECERA,306,Salsa Criolla Produccion,Salsa Criolla Produccion,,525.0
Cabecera+Turbo,COL,,42 CABECERA,5032,cebolla asada Mr.Beast,cebolla asada Mr.Beast,,672.0
Cabecera+Turbo,COL,,42 CABECERA,4811,Quinoa especiada,Quinoa especiada,,216.0
Cabecera+Turbo,COL,,42 CABECERA,320,Vinagreta de Jalapenos Mexicanos,Vinagreta de Jalapenos Mexicanos,,300.0
Cabecera+Turbo,COL,,42 CABECERA,318,Vinagreta de Pesto de Genoa,Vinagreta de Pesto de Genoa,,180.0
Cabecera+Turbo,COL,,42 CABECERA,465,Mezcla Pancakes Avena Lista,Mezcla Pancakes Avena Lista,,600.0
Cabecera+Turbo,COL,,42 CABECERA,4823,Hummus de Pimenton,Hummus de Pimenton,,300.0
Cabecera+Turbo,COL,,42 CABECERA,4818,Brocoli Rostizado,Brocoli Rostizado,,300.0
Cabecera+Turbo,COL,,42 CABECERA,5206,Coleslaw la cosmica,Coleslaw la cosmica,,500.0
Cabecera+Turbo,COL,,42 CABECERA,316,Vinagreta Balsamica de Modena,Vinagreta Balsamica de Modena,,200.0
Cabecera+Turbo,COL,,42 CABECERA,321,Vinagreta Mediterranea,Vinagreta Mediterranea,,200.0
Cabecera+Turbo,COL,,42 CABECERA,1283,Cebolla Encurtida Picante,Cebolla Encurtida Picante,,300.0
Cabecera+Turbo,COL,,42 CABECERA,4991,Mezcla Tostadas Francesas Nueva,Mezcla Tostadas Francesas Nueva,,300.0
Cabecera+Turbo,COL,,42 CABECERA,275,Crutones Zatahar,Crutones Zatahar,,200.0
Cabecera+Turbo,COL,,42 CABECERA,1240,Salsa Pizza,Salsa Pizza,,300.0
Cabecera+Turbo,COL,,42 CABECERA,5517,Totopos triturados,Totopos triturados,,300.0
Cabecera+Turbo,COL,,42 CABECERA,3609,Carne Smashed 80gr,Carne Smashed 80gr,,34.0
Cabecera+Turbo,COL,,42 CABECERA,4918,Pollo Ensalada,Pollo Ensalada,,16.0
Cabecera+Turbo,COL,,42 CABECERA,284,Galletas De Parmesano,Galletas De Parmesano,,42.0
Cabecera+Turbo,COL,,42 CABECERA,3481,Galleta de Chunks de Chocolate PROD,Galleta de Chunks de Chocolate PROD,,4.0
Cabecera+Turbo,COL,,42 CABECERA,3482,Galleta Oreo PROD,Galleta Oreo PROD,,3.0
Cabecera+Turbo,COL,,42 CABECERA,3483,Galleta Red Velvet Choc Blanco PROD,Galleta Red Velvet Choc Blanco PROD,Madre,11.0
Cabecera+Turbo,COL,,42 CABECERA,3484,Galleta Avena Frutos Rojos,Galleta Avena Frutos Rojos,,7.0
Cabecera+Turbo,COL,,42 CABECERA,3485,Galleta Nueces Choc Blanco,Galleta Nueces Choc Blanco,,0.0
Cabecera+Turbo,COL,,42 CABECERA,3486,Galleta Nutella y Nueces PROD,Galleta Nutella y Nueces PROD,,0.0
Cabecera+Turbo,COL,,42 CABECERA,3487,Galleta de Guayaba PROD,Galleta de Guayaba PROD,,0.0
Cabecera+Turbo,COL,,42 CABECERA,3488,Galleta Doble Chocolate PROD,Galleta Doble Chocolate PROD,,0.0
Cabecera+Turbo,COL,,42 CABECERA,3623,Cubierta Queso Crema,Cubierta Queso Crema,Madre,1400.0
Cabecera+Turbo,COL,,42 CABECERA,3002,Mezcla de Aceite Y Mantequilla (Produccion),Mezcla de Aceite Y Mantequilla (Produccion),Madre,1600.0
Cabecera+Turbo,COL,,42 CABECERA,3632,PROD Minibon de Canela,PROD Minibon de Canela,Madre,28.0
Cabecera+Turbo,COL,,42 CABECERA,307,Salsa Frutos Rojos,Salsa Frutos Rojos,,300.0
Cabecera+Turbo,COL,,42 CABECERA,713,⭕️Caja Lunch,⭕️Caja Lunch,Madre,83.0
Cabecera+Turbo,COL,,42 CABECERA,3576,Flores dia de la Madre,Flores dia de la Madre,Madre,35.0
Cabecera+Turbo,COL,,42 CABECERA,119,⚠️Aceite De Girasol,⚠️Aceite De Girasol,Madre,1800.0
Cabecera+Turbo,COL,,42 CABECERA,172,Huevo Tipo AA,Huevo Tipo AA,Madre,470.0
Cabecera+Turbo,COL,,42 CABECERA,550,⭕️Bolsa Pan Generica,⭕️Bolsa Pan Generica,Madre,37.0
Cabecera+Turbo,COL,,42 CABECERA,237,Sal,Sal,Madre,1500.0
Cabecera+Turbo,COL,,42 CABECERA,6078,Mezcla líquida pancakes de choclo,Mezcla líquida pancakes de choclo,Madre,400.0
Cabecera+Turbo,COL,,42 CABECERA,432,Empaque Vinagreta,Empaque Vinagreta,Madre,80.0
Cabecera+Turbo,COL,,42 CABECERA,604,Jugo de Naranja,Jugo de Naranja,Madre,163.0
Cabecera+Turbo,COL,,42 CABECERA,5003,Porcion de fruta,Porcion de fruta,Madre,92.0
Cabecera+Turbo,COL,,42 CABECERA,118,Croissant Huevo Jamon y Queso,Croissant Huevo Jamon y Queso,Madre,73.0
Cabecera+Turbo,COL,,42 CABECERA,5045,Mini pancakes tradicionales SIN fresa,Mini pancakes tradicionales SIN fresa,Madre,45.0
Cabecera+Turbo,COL,,42 CABECERA,2604,Caja Especial B&M,Caja Especial B&M,Madre,44.0
Cabecera+Turbo,COL,,42 CABECERA,384,Tenedor Y Cuchillo,Tenedor Y Cuchillo,Madre,245.0
Cabecera+Turbo,COL,,42 CABECERA,6273,Pancakes de choclo,Pancakes de choclo,Madre,3.0
Cabecera+Turbo,COL,,42 CABECERA,5022,Minibon canela,Minibon canela,Madre,24.0
Cabecera+Turbo,COL,,42 CABECERA,3799,Galleta Red Velvet Choc Blanco Individual Vicio,Galleta Red Velvet Choc Blanco Individual Vicio,Madre,7.0
Cabecera+Turbo,COL,,42 CABECERA,3597,Flores 🌹,Flores 🌹,Madre,35.0
Cabecera+Turbo,COL,,42 CABECERA,6343,COMBO INDIVIDUAL PANCAKES CHOCLO,COMBO INDIVIDUAL PANCAKES CHOCLO,Madre,2.0
Cabecera+Turbo,COL,,42 CABECERA,6344,COMBO INDIVIDUAL MINIBON,COMBO INDIVIDUAL MINIBON,Madre,24.0
Cabecera+Turbo,COL,,42 CABECERA,6345,COMBO INDIVIDUAL GALLETA,COMBO INDIVIDUAL GALLETA,Madre,6.0
Cabecera+Turbo,COL,,42 CABECERA,6346,COMBO ESPECIAL CON FLORES,COMBO ESPECIAL CON FLORES,Madre,35.0
Cabecera+Turbo,COL,,42 CABECERA,6348,COMBO ESPECIAL SIN FLORES,COMBO ESPECIAL SIN FLORES,Madre,9.0
Cabecera+Turbo,COL,,42 CABECERA,63.0,Pancakes Tradicionales,Pancakes Tradicionales,Alistar,6.0
Pereira,COL,,28 PEREIRA,1904,Papas pre Fritas,Papas pre Fritas,,1620
Pereira,COL,,28 PEREIRA,287,Guacamole,Guacamole,,800.0
Pereira,COL,,28 PEREIRA,5270,Mix de lechugas,Mix de lechugas,,400.0
Pereira,COL,,28 PEREIRA,246,Syrup,Syrup,Madre,3100.0
Pereira,COL,,28 PEREIRA,127,Almendra Fileteada,Almendra Fileteada,,210.0
Pereira,COL,,28 PEREIRA,1726,pepinillo en conserva,pepinillo en conserva,,60.0
Pereira,COL,,28 PEREIRA,3510,Jar de Oreo PROD,Jar de Oreo PROD,,3.0
Pereira,COL,,28 PEREIRA,3511,Jar de Limon PROD,Jar de Limon PROD,,3.0
Pereira,COL,,28 PEREIRA,3512,Jar de Chocolate PROD,Jar de Chocolate PROD,,3.0
Pereira,COL,,28 PEREIRA,3513,Jar 3 Leches PROD,Jar 3 Leches PROD,,4.0
Pereira,COL,,28 PEREIRA,3514,Jar de Tiramisu PROD,Jar de Tiramisu PROD,,3.0
Pereira,COL,,28 PEREIRA,286,Granola,Granola,,400.0
Pereira,COL,,28 PEREIRA,180,Jugo de Naranja Bolsa Lt,Jugo de Naranja Bolsa Lt,Madre,13800.0
Pereira,COL,,28 PEREIRA,179,Jugo de Mandarina Bolsa Lt,Jugo de Mandarina Bolsa Lt,,2400.0
Pereira,COL,,28 PEREIRA,175,Jamon De Cerdo,Jamon De Cerdo,Madre,2580.0
Pereira,COL,,28 PEREIRA,150,Chorizo Santarrosano,Chorizo Santarrosano,,1040.0
Pereira,COL,,28 PEREIRA,5594,Res desmechada.,Res desmechada.,,500.0
Pereira,COL,,28 PEREIRA,2573,Tapa bowl kraft mini,Tapa bowl kraft mini,Madre,27.0
Pereira,COL,,28 PEREIRA,3116,Tapa Botella 300ml,Tapa Botella 300ml,Madre,60.0
Pereira,COL,,28 PEREIRA,441,Botella 300 ml,Botella 300 ml,Madre,60.0
Pereira,COL,,28 PEREIRA,459,Porta hamburguesa,Porta hamburguesa,Madre,20.0
Pereira,COL,,28 PEREIRA,545,Bowl Mini,Bowl Mini,Madre,27.0
Pereira,COL,,28 PEREIRA,2600,Caja B&M,Caja B&M,Madre,22.0
Pereira,COL,,28 PEREIRA,491,Servilletas,Servilletas,Madre,64.0
Pereira,COL,,28 PEREIRA,250,Tomate Chonto,Tomate Chonto,,2500.0
Pereira,COL,,28 PEREIRA,123,Aguacate Papelillo,Aguacate Papelillo,,700.0
Pereira,COL,,28 PEREIRA,184,Lechuga Batavia,Lechuga Batavia,,1200.0
Pereira,COL,,28 PEREIRA,215,Pepino Cohombro,Pepino Cohombro,,900.0
Pereira,COL,,28 PEREIRA,221,Pina Golden,Pina Golden,Madre,2700.0
Pereira,COL,,28 PEREIRA,210,Papaya Maradol,Papaya Maradol,Madre,2400.0
Pereira,COL,,28 PEREIRA,137,Banano Criollo,Banano Criollo,,400.0
Pereira,COL,,28 PEREIRA,164,Fresas,Fresas,,1000.0
Pereira,COL,,28 PEREIRA,151,Cilantro Patirojo,Cilantro Patirojo,,300.0
Pereira,COL,,28 PEREIRA,163,Espinaca,Espinaca,,240.0
Pereira,COL,,28 PEREIRA,146,Cebolla Roja,Cebolla Roja,,300.0
Pereira,COL,,28 PEREIRA,185,Lechuga Romana,Lechuga Romana,,300.0
Pereira,COL,,28 PEREIRA,249,Tomate Cherry,Tomate Cherry,,300.0
Pereira,COL,,28 PEREIRA,145,Cebolla Larga Junca,Cebolla Larga Junca,,300.0
Pereira,COL,,28 PEREIRA,130,Arandanos,Arandanos,,300.0
Pereira,COL,,28 PEREIRA,181,Kale,Kale,,200.0
Pereira,COL,,28 PEREIRA,243,Sorbet de acai,Sorbet de acai,,480.0
Pereira,COL,,28 PEREIRA,228,Queso Doble Crema,Queso Doble Crema,,900.0
Pereira,COL,,28 PEREIRA,229,Queso Feta,Queso Feta,,300.0
Pereira,COL,,28 PEREIRA,5511,Queso cheddar tajadas UN,Queso cheddar tajadas UN,Madre,63.0
Pereira,COL,,28 PEREIRA,253,Tortilla De Harina,Tortilla De Harina,,21.0
Pereira,COL,,28 PEREIRA,159,Croissant Grande,Croissant Grande,Madre,43.0
Pereira,COL,,28 PEREIRA,2952,Arroz Achiotado,Arroz Achiotado,,5900.0
Pereira,COL,,28 PEREIRA,5091,Limonada (con base limonada),Limonada (con base limonada),,2400.0
Pereira,COL,,28 PEREIRA,283,Frijoles Negros,Frijoles Negros,,2340.0
Pereira,COL,,28 PEREIRA,269,Arroz Integral Cocido,Arroz Integral Cocido,,2375.0
Pereira,COL,,28 PEREIRA,464,Mezcla Pancakes Tradicionales Lista,Mezcla Pancakes Tradicionales Lista,Madre,5500.0
Pereira,COL,,28 PEREIRA,5082,Carne Chilli,Carne Chilli,,1700.0
Pereira,COL,,28 PEREIRA,4938,Pollo a las Hierbas,Pollo a las Hierbas,,1300.0
Pereira,COL,,28 PEREIRA,295,Papa Calentada,Papa Calentada,,1400.0
Pereira,COL,,28 PEREIRA,282,Frijol Paisa,Frijol Paisa,,1100.0
Pereira,COL,,28 PEREIRA,297,Platano Frito,Platano Frito,,1100.0
Pereira,COL,,28 PEREIRA,296,Pico de Gallo,Pico de Gallo,,800.0
Pereira,COL,,28 PEREIRA,5094,Cerdo Desmechado,Cerdo Desmechado,,1100.0
Pereira,COL,,28 PEREIRA,5920,Pollo  BBQ,Pollo  BBQ,,800.0
Pereira,COL,,28 PEREIRA,2730,Emulsion Alioli,Emulsion Alioli,Madre,1400.0
Pereira,COL,,28 PEREIRA,288,Hummus De Garbanzos,Hummus De Garbanzos,,1000.0
Pereira,COL,,28 PEREIRA,323,Yogur griego Preparado,Yogur griego Preparado,,500.0
Pereira,COL,,28 PEREIRA,319,Vinagreta Libanesa,Vinagreta Libanesa,,400.0
Pereira,COL,,28 PEREIRA,277,Vinagreta Cesar,Vinagreta Cesar,,400.0
Pereira,COL,,28 PEREIRA,5630,Maíz salteado.,Maíz salteado.,,500.0
Pereira,COL,,28 PEREIRA,5093,Tocineta producción,Tocineta producción,,400.0
Pereira,COL,,28 PEREIRA,4816,Pasta Integral Cocida,Pasta Integral Cocida,,600.0
Pereira,COL,,28 PEREIRA,306,Salsa Criolla Produccion,Salsa Criolla Produccion,,200.0
Pereira,COL,,28 PEREIRA,5032,cebolla asada Mr.Beast,cebolla asada Mr.Beast,,112.0
Pereira,COL,,28 PEREIRA,4811,Quinoa especiada,Quinoa especiada,,144.0
Pereira,COL,,28 PEREIRA,320,Vinagreta de Jalapenos Mexicanos,Vinagreta de Jalapenos Mexicanos,,200.0
Pereira,COL,,28 PEREIRA,318,Vinagreta de Pesto de Genoa,Vinagreta de Pesto de Genoa,,100.0
Pereira,COL,,28 PEREIRA,465,Mezcla Pancakes Avena Lista,Mezcla Pancakes Avena Lista,,300.0
Pereira,COL,,28 PEREIRA,4823,Hummus de Pimenton,Hummus de Pimenton,,300.0
Pereira,COL,,28 PEREIRA,4818,Brocoli Rostizado,Brocoli Rostizado,,200.0
Pereira,COL,,28 PEREIRA,5206,Coleslaw la cosmica,Coleslaw la cosmica,,300.0
Pereira,COL,,28 PEREIRA,316,Vinagreta Balsamica de Modena,Vinagreta Balsamica de Modena,,300.0
Pereira,COL,,28 PEREIRA,321,Vinagreta Mediterranea,Vinagreta Mediterranea,,200.0
Pereira,COL,,28 PEREIRA,1283,Cebolla Encurtida Picante,Cebolla Encurtida Picante,,300.0
Pereira,COL,,28 PEREIRA,4991,Mezcla Tostadas Francesas Nueva,Mezcla Tostadas Francesas Nueva,,100.0
Pereira,COL,,28 PEREIRA,275,Crutones Zatahar,Crutones Zatahar,,300.0
Pereira,COL,,28 PEREIRA,1240,Salsa Pizza,Salsa Pizza,,200.0
Pereira,COL,,28 PEREIRA,5517,Totopos triturados,Totopos triturados,,200.0
Pereira,COL,,28 PEREIRA,3609,Carne Smashed 80gr,Carne Smashed 80gr,,10.0
Pereira,COL,,28 PEREIRA,4918,Pollo Ensalada,Pollo Ensalada,,8.0
Pereira,COL,,28 PEREIRA,284,Galletas De Parmesano,Galletas De Parmesano,,0.0
Pereira,COL,,28 PEREIRA,3481,Galleta de Chunks de Chocolate PROD,Galleta de Chunks de Chocolate PROD,,4.0
Pereira,COL,,28 PEREIRA,3482,Galleta Oreo PROD,Galleta Oreo PROD,,3.0
Pereira,COL,,28 PEREIRA,3483,Galleta Red Velvet Choc Blanco PROD,Galleta Red Velvet Choc Blanco PROD,Madre,6.0
Pereira,COL,,28 PEREIRA,3484,Galleta Avena Frutos Rojos,Galleta Avena Frutos Rojos,,3.0
Pereira,COL,,28 PEREIRA,3485,Galleta Nueces Choc Blanco,Galleta Nueces Choc Blanco,,0.0
Pereira,COL,,28 PEREIRA,3486,Galleta Nutella y Nueces PROD,Galleta Nutella y Nueces PROD,,0.0
Pereira,COL,,28 PEREIRA,3487,Galleta de Guayaba PROD,Galleta de Guayaba PROD,,0.0
Pereira,COL,,28 PEREIRA,3488,Galleta Doble Chocolate PROD,Galleta Doble Chocolate PROD,,0.0
Pereira,COL,,28 PEREIRA,3623,Cubierta Queso Crema,Cubierta Queso Crema,Madre,900.0
Pereira,COL,,28 PEREIRA,3002,Mezcla de Aceite Y Mantequilla (Produccion),Mezcla de Aceite Y Mantequilla (Produccion),Madre,800.0
Pereira,COL,,28 PEREIRA,3632,PROD Minibon de Canela,PROD Minibon de Canela,Madre,14.0
Pereira,COL,,28 PEREIRA,307,Salsa Frutos Rojos,Salsa Frutos Rojos,,300.0
Pereira,COL,,28 PEREIRA,713,⭕️Caja Lunch,⭕️Caja Lunch,Madre,40.0
Pereira,COL,,28 PEREIRA,3576,Flores dia de la Madre,Flores dia de la Madre,Madre,16.0
Pereira,COL,,28 PEREIRA,119,⚠️Aceite De Girasol,⚠️Aceite De Girasol,Madre,1100.0
Pereira,COL,,28 PEREIRA,172,Huevo Tipo AA,Huevo Tipo AA,Madre,260.0
Pereira,COL,,28 PEREIRA,550,⭕️Bolsa Pan Generica,⭕️Bolsa Pan Generica,Madre,17.0
Pereira,COL,,28 PEREIRA,237,Sal,Sal,Madre,600.0
Pereira,COL,,28 PEREIRA,6078,Mezcla líquida pancakes de choclo,Mezcla líquida pancakes de choclo,Madre,400.0
Pereira,COL,,28 PEREIRA,432,Empaque Vinagreta,Empaque Vinagreta,Madre,46.0
Pereira,COL,,28 PEREIRA,604,Jugo de Naranja,Jugo de Naranja,Madre,87.0
Pereira,COL,,28 PEREIRA,5003,Porcion de fruta,Porcion de fruta,Madre,48.0
Pereira,COL,,28 PEREIRA,118,Croissant Huevo Jamon y Queso,Croissant Huevo Jamon y Queso,Madre,37.0
Pereira,COL,,28 PEREIRA,5045,Mini pancakes tradicionales SIN fresa,Mini pancakes tradicionales SIN fresa,Madre,22.0
Pereira,COL,,28 PEREIRA,2604,Caja Especial B&M,Caja Especial B&M,Madre,22.0
Pereira,COL,,28 PEREIRA,384,Tenedor Y Cuchillo,Tenedor Y Cuchillo,Madre,76.0
Pereira,COL,,28 PEREIRA,6273,Pancakes de choclo,Pancakes de choclo,Madre,3.0
Pereira,COL,,28 PEREIRA,5022,Minibon canela,Minibon canela,Madre,12.0
Pereira,COL,,28 PEREIRA,3799,Galleta Red Velvet Choc Blanco Individual Vicio,Galleta Red Velvet Choc Blanco Individual Vicio,Madre,4.0
Pereira,COL,,28 PEREIRA,3597,Flores 🌹,Flores 🌹,Madre,16.0
Pereira,COL,,28 PEREIRA,6343,COMBO INDIVIDUAL PANCAKES CHOCLO,COMBO INDIVIDUAL PANCAKES CHOCLO,Madre,2.0
Pereira,COL,,28 PEREIRA,6344,COMBO INDIVIDUAL MINIBON,COMBO INDIVIDUAL MINIBON,Madre,12.0
Pereira,COL,,28 PEREIRA,6345,COMBO INDIVIDUAL GALLETA,COMBO INDIVIDUAL GALLETA,Madre,3.0
Pereira,COL,,28 PEREIRA,6346,COMBO ESPECIAL CON FLORES,COMBO ESPECIAL CON FLORES,Madre,16.0
Pereira,COL,,28 PEREIRA,6348,COMBO ESPECIAL SIN FLORES,COMBO ESPECIAL SIN FLORES,Madre,5.0
Pereira,COL,,28 PEREIRA,63.0,Pancakes Tradicionales,Pancakes Tradicionales,Alistar,5.0
Cartagena,COL,,33 CARTAGENA,1904,Papas pre Fritas,Papas pre Fritas,,4680
Cartagena,COL,,33 CARTAGENA,287,Guacamole,Guacamole,,1500.0
Cartagena,COL,,33 CARTAGENA,5270,Mix de lechugas,Mix de lechugas,,1000.0
Cartagena,COL,,33 CARTAGENA,246,Syrup,Syrup,Madre,3200.0
Cartagena,COL,,33 CARTAGENA,127,Almendra Fileteada,Almendra Fileteada,,405.0
Cartagena,COL,,33 CARTAGENA,1726,pepinillo en conserva,pepinillo en conserva,,130.0
Cartagena,COL,,33 CARTAGENA,3510,Jar de Oreo PROD,Jar de Oreo PROD,,3.0
Cartagena,COL,,33 CARTAGENA,3511,Jar de Limon PROD,Jar de Limon PROD,,3.0
Cartagena,COL,,33 CARTAGENA,3512,Jar de Chocolate PROD,Jar de Chocolate PROD,,3.0
Cartagena,COL,,33 CARTAGENA,3513,Jar 3 Leches PROD,Jar 3 Leches PROD,,3.0
Cartagena,COL,,33 CARTAGENA,3514,Jar de Tiramisu PROD,Jar de Tiramisu PROD,,3.0
Cartagena,COL,,33 CARTAGENA,286,Granola,Granola,,400.0
Cartagena,COL,,33 CARTAGENA,180,Jugo de Naranja Bolsa Lt,Jugo de Naranja Bolsa Lt,Madre,15300.0
Cartagena,COL,,33 CARTAGENA,179,Jugo de Mandarina Bolsa Lt,Jugo de Mandarina Bolsa Lt,,1500.0
Cartagena,COL,,33 CARTAGENA,175,Jamon De Cerdo,Jamon De Cerdo,Madre,3000.0
Cartagena,COL,,33 CARTAGENA,150,Chorizo Santarrosano,Chorizo Santarrosano,,1120.0
Cartagena,COL,,33 CARTAGENA,5594,Res desmechada.,Res desmechada.,,600.0
Cartagena,COL,,33 CARTAGENA,2573,Tapa bowl kraft mini,Tapa bowl kraft mini,Madre,30.0
Cartagena,COL,,33 CARTAGENA,3116,Tapa Botella 300ml,Tapa Botella 300ml,Madre,70.0
Cartagena,COL,,33 CARTAGENA,441,Botella 300 ml,Botella 300 ml,Madre,70.0
Cartagena,COL,,33 CARTAGENA,459,Porta hamburguesa,Porta hamburguesa,Madre,17.0
Cartagena,COL,,33 CARTAGENA,545,Bowl Mini,Bowl Mini,Madre,30.0
Cartagena,COL,,33 CARTAGENA,2600,Caja B&M,Caja B&M,Madre,27.0
Cartagena,COL,,33 CARTAGENA,491,Servilletas,Servilletas,Madre,124.0
Cartagena,COL,,33 CARTAGENA,250,Tomate Chonto,Tomate Chonto,,6200.0
Cartagena,COL,,33 CARTAGENA,123,Aguacate Papelillo,Aguacate Papelillo,,1600.0
Cartagena,COL,,33 CARTAGENA,184,Lechuga Batavia,Lechuga Batavia,,2400.0
Cartagena,COL,,33 CARTAGENA,215,Pepino Cohombro,Pepino Cohombro,,2400.0
Cartagena,COL,,33 CARTAGENA,221,Pina Golden,Pina Golden,Madre,4500.0
Cartagena,COL,,33 CARTAGENA,210,Papaya Maradol,Papaya Maradol,Madre,2400.0
Cartagena,COL,,33 CARTAGENA,137,Banano Criollo,Banano Criollo,,400.0
Cartagena,COL,,33 CARTAGENA,164,Fresas,Fresas,,1200.0
Cartagena,COL,,33 CARTAGENA,151,Cilantro Patirojo,Cilantro Patirojo,,300.0
Cartagena,COL,,33 CARTAGENA,163,Espinaca,Espinaca,,750.0
Cartagena,COL,,33 CARTAGENA,146,Cebolla Roja,Cebolla Roja,,400.0
Cartagena,COL,,33 CARTAGENA,185,Lechuga Romana,Lechuga Romana,,500.0
Cartagena,COL,,33 CARTAGENA,249,Tomate Cherry,Tomate Cherry,,300.0
Cartagena,COL,,33 CARTAGENA,145,Cebolla Larga Junca,Cebolla Larga Junca,,400.0
Cartagena,COL,,33 CARTAGENA,130,Arandanos,Arandanos,,300.0
Cartagena,COL,,33 CARTAGENA,181,Kale,Kale,,200.0
Cartagena,COL,,33 CARTAGENA,243,Sorbet de acai,Sorbet de acai,,640.0
Cartagena,COL,,33 CARTAGENA,228,Queso Doble Crema,Queso Doble Crema,,1800.0
Cartagena,COL,,33 CARTAGENA,229,Queso Feta,Queso Feta,,300.0
Cartagena,COL,,33 CARTAGENA,5511,Queso cheddar tajadas UN,Queso cheddar tajadas UN,Madre,96.0
Cartagena,COL,,33 CARTAGENA,253,Tortilla De Harina,Tortilla De Harina,,42.0
Cartagena,COL,,33 CARTAGENA,159,Croissant Grande,Croissant Grande,Madre,89.0
Cartagena,COL,,33 CARTAGENA,2952,Arroz Achiotado,Arroz Achiotado,,9100.0
Cartagena,COL,,33 CARTAGENA,5091,Limonada (con base limonada),Limonada (con base limonada),,5400.0
Cartagena,COL,,33 CARTAGENA,283,Frijoles Negros,Frijoles Negros,,4550.0
Cartagena,COL,,33 CARTAGENA,269,Arroz Integral Cocido,Arroz Integral Cocido,,5750.0
Cartagena,COL,,33 CARTAGENA,464,Mezcla Pancakes Tradicionales Lista,Mezcla Pancakes Tradicionales Lista,Madre,6000.0
Cartagena,COL,,33 CARTAGENA,5082,Carne Chilli,Carne Chilli,,2900.0
Cartagena,COL,,33 CARTAGENA,4938,Pollo a las Hierbas,Pollo a las Hierbas,,3200.0
Cartagena,COL,,33 CARTAGENA,295,Papa Calentada,Papa Calentada,,1700.0
Cartagena,COL,,33 CARTAGENA,282,Frijol Paisa,Frijol Paisa,,1600.0
Cartagena,COL,,33 CARTAGENA,297,Platano Frito,Platano Frito,,1500.0
Cartagena,COL,,33 CARTAGENA,296,Pico de Gallo,Pico de Gallo,,1300.0
Cartagena,COL,,33 CARTAGENA,5094,Cerdo Desmechado,Cerdo Desmechado,,1700.0
Cartagena,COL,,33 CARTAGENA,5920,Pollo  BBQ,Pollo  BBQ,,1600.0
Cartagena,COL,,33 CARTAGENA,2730,Emulsion Alioli,Emulsion Alioli,Madre,1800.0
Cartagena,COL,,33 CARTAGENA,288,Hummus De Garbanzos,Hummus De Garbanzos,,2300.0
Cartagena,COL,,33 CARTAGENA,323,Yogur griego Preparado,Yogur griego Preparado,,500.0
Cartagena,COL,,33 CARTAGENA,319,Vinagreta Libanesa,Vinagreta Libanesa,,700.0
Cartagena,COL,,33 CARTAGENA,277,Vinagreta Cesar,Vinagreta Cesar,,1000.0
Cartagena,COL,,33 CARTAGENA,5630,Maíz salteado.,Maíz salteado.,,600.0
Cartagena,COL,,33 CARTAGENA,5093,Tocineta producción,Tocineta producción,,400.0
Cartagena,COL,,33 CARTAGENA,4816,Pasta Integral Cocida,Pasta Integral Cocida,,800.0
Cartagena,COL,,33 CARTAGENA,306,Salsa Criolla Produccion,Salsa Criolla Produccion,,275.0
Cartagena,COL,,33 CARTAGENA,5032,cebolla asada Mr.Beast,cebolla asada Mr.Beast,,336.0
Cartagena,COL,,33 CARTAGENA,4811,Quinoa especiada,Quinoa especiada,,288.0
Cartagena,COL,,33 CARTAGENA,320,Vinagreta de Jalapenos Mexicanos,Vinagreta de Jalapenos Mexicanos,,400.0
Cartagena,COL,,33 CARTAGENA,318,Vinagreta de Pesto de Genoa,Vinagreta de Pesto de Genoa,,180.0
Cartagena,COL,,33 CARTAGENA,465,Mezcla Pancakes Avena Lista,Mezcla Pancakes Avena Lista,,600.0
Cartagena,COL,,33 CARTAGENA,4823,Hummus de Pimenton,Hummus de Pimenton,,400.0
Cartagena,COL,,33 CARTAGENA,4818,Brocoli Rostizado,Brocoli Rostizado,,400.0
Cartagena,COL,,33 CARTAGENA,5206,Coleslaw la cosmica,Coleslaw la cosmica,,400.0
Cartagena,COL,,33 CARTAGENA,316,Vinagreta Balsamica de Modena,Vinagreta Balsamica de Modena,,200.0
Cartagena,COL,,33 CARTAGENA,321,Vinagreta Mediterranea,Vinagreta Mediterranea,,200.0
Cartagena,COL,,33 CARTAGENA,1283,Cebolla Encurtida Picante,Cebolla Encurtida Picante,,300.0
Cartagena,COL,,33 CARTAGENA,4991,Mezcla Tostadas Francesas Nueva,Mezcla Tostadas Francesas Nueva,,200.0
Cartagena,COL,,33 CARTAGENA,275,Crutones Zatahar,Crutones Zatahar,,300.0
Cartagena,COL,,33 CARTAGENA,1240,Salsa Pizza,Salsa Pizza,,200.0
Cartagena,COL,,33 CARTAGENA,5517,Totopos triturados,Totopos triturados,,200.0
Cartagena,COL,,33 CARTAGENA,3609,Carne Smashed 80gr,Carne Smashed 80gr,,26.0
Cartagena,COL,,33 CARTAGENA,4918,Pollo Ensalada,Pollo Ensalada,,20.0
Cartagena,COL,,33 CARTAGENA,284,Galletas De Parmesano,Galletas De Parmesano,,42.0
Cartagena,COL,,33 CARTAGENA,3481,Galleta de Chunks de Chocolate PROD,Galleta de Chunks de Chocolate PROD,,4.0
Cartagena,COL,,33 CARTAGENA,3482,Galleta Oreo PROD,Galleta Oreo PROD,,3.0
Cartagena,COL,,33 CARTAGENA,3483,Galleta Red Velvet Choc Blanco PROD,Galleta Red Velvet Choc Blanco PROD,Madre,7.0
Cartagena,COL,,33 CARTAGENA,3484,Galleta Avena Frutos Rojos,Galleta Avena Frutos Rojos,,6.0
Cartagena,COL,,33 CARTAGENA,3485,Galleta Nueces Choc Blanco,Galleta Nueces Choc Blanco,,1.0
Cartagena,COL,,33 CARTAGENA,3486,Galleta Nutella y Nueces PROD,Galleta Nutella y Nueces PROD,,0.0
Cartagena,COL,,33 CARTAGENA,3487,Galleta de Guayaba PROD,Galleta de Guayaba PROD,,0.0
Cartagena,COL,,33 CARTAGENA,3488,Galleta Doble Chocolate PROD,Galleta Doble Chocolate PROD,,0.0
Cartagena,COL,,33 CARTAGENA,3623,Cubierta Queso Crema,Cubierta Queso Crema,Madre,900.0
Cartagena,COL,,33 CARTAGENA,3002,Mezcla de Aceite Y Mantequilla (Produccion),Mezcla de Aceite Y Mantequilla (Produccion),Madre,1100.0
Cartagena,COL,,33 CARTAGENA,3632,PROD Minibon de Canela,PROD Minibon de Canela,Madre,16.0
Cartagena,COL,,33 CARTAGENA,307,Salsa Frutos Rojos,Salsa Frutos Rojos,,300.0
Cartagena,COL,,33 CARTAGENA,713,⭕️Caja Lunch,⭕️Caja Lunch,Madre,47.0
Cartagena,COL,,33 CARTAGENA,3576,Flores dia de la Madre,Flores dia de la Madre,Madre,20.0
Cartagena,COL,,33 CARTAGENA,119,⚠️Aceite De Girasol,⚠️Aceite De Girasol,Madre,1400.0
Cartagena,COL,,33 CARTAGENA,172,Huevo Tipo AA,Huevo Tipo AA,Madre,306.0
Cartagena,COL,,33 CARTAGENA,550,⭕️Bolsa Pan Generica,⭕️Bolsa Pan Generica,Madre,27.0
Cartagena,COL,,33 CARTAGENA,237,Sal,Sal,Madre,1100.0
Cartagena,COL,,33 CARTAGENA,6078,Mezcla líquida pancakes de choclo,Mezcla líquida pancakes de choclo,Madre,400.0
Cartagena,COL,,33 CARTAGENA,432,Empaque Vinagreta,Empaque Vinagreta,Madre,70.0
Cartagena,COL,,33 CARTAGENA,604,Jugo de Naranja,Jugo de Naranja,Madre,99.0
Cartagena,COL,,33 CARTAGENA,5003,Porcion de fruta,Porcion de fruta,Madre,56.0
Cartagena,COL,,33 CARTAGENA,118,Croissant Huevo Jamon y Queso,Croissant Huevo Jamon y Queso,Madre,42.0
Cartagena,COL,,33 CARTAGENA,5045,Mini pancakes tradicionales SIN fresa,Mini pancakes tradicionales SIN fresa,Madre,26.0
Cartagena,COL,,33 CARTAGENA,2604,Caja Especial B&M,Caja Especial B&M,Madre,27.0
Cartagena,COL,,33 CARTAGENA,384,Tenedor Y Cuchillo,Tenedor Y Cuchillo,Madre,145.0
Cartagena,COL,,33 CARTAGENA,6273,Pancakes de choclo,Pancakes de choclo,Madre,3.0
Cartagena,COL,,33 CARTAGENA,5022,Minibon canela,Minibon canela,Madre,14.0
Cartagena,COL,,33 CARTAGENA,3799,Galleta Red Velvet Choc Blanco Individual Vicio,Galleta Red Velvet Choc Blanco Individual Vicio,Madre,4.0
Cartagena,COL,,33 CARTAGENA,3597,Flores 🌹,Flores 🌹,Madre,20.0
Cartagena,COL,,33 CARTAGENA,6343,COMBO INDIVIDUAL PANCAKES CHOCLO,COMBO INDIVIDUAL PANCAKES CHOCLO,Madre,2.0
Cartagena,COL,,33 CARTAGENA,6344,COMBO INDIVIDUAL MINIBON,COMBO INDIVIDUAL MINIBON,Madre,13.0
Cartagena,COL,,33 CARTAGENA,6345,COMBO INDIVIDUAL GALLETA,COMBO INDIVIDUAL GALLETA,Madre,3.0
Cartagena,COL,,33 CARTAGENA,6346,COMBO ESPECIAL CON FLORES,COMBO ESPECIAL CON FLORES,Madre,20.0
Cartagena,COL,,33 CARTAGENA,6348,COMBO ESPECIAL SIN FLORES,COMBO ESPECIAL SIN FLORES,Madre,5.0
Cartagena,COL,,33 CARTAGENA,63.0,Pancakes Tradicionales,Pancakes Tradicionales,Alistar,5.0
Barranquilla+Turbo,COL,,32 BARRANQUILLA,1904,Papas pre Fritas,Papas pre Fritas,,7200
Barranquilla+Turbo,COL,,32 BARRANQUILLA,287,Guacamole,Guacamole,,3000.0
Barranquilla+Turbo,COL,,32 BARRANQUILLA,5270,Mix de lechugas,Mix de lechugas,,2100.0
Barranquilla+Turbo,COL,,32 BARRANQUILLA,246,Syrup,Syrup,Madre,7000.0
Barranquilla+Turbo,COL,,32 BARRANQUILLA,127,Almendra Fileteada,Almendra Fileteada,,1035.0
Barranquilla+Turbo,COL,,32 BARRANQUILLA,1726,pepinillo en conserva,pepinillo en conserva,,170.0
Barranquilla+Turbo,COL,,32 BARRANQUILLA,3510,Jar de Oreo PROD,Jar de Oreo PROD,,4.0
Barranquilla+Turbo,COL,,32 BARRANQUILLA,3511,Jar de Limon PROD,Jar de Limon PROD,,3.0
Barranquilla+Turbo,COL,,32 BARRANQUILLA,3512,Jar de Chocolate PROD,Jar de Chocolate PROD,,3.0
Barranquilla+Turbo,COL,,32 BARRANQUILLA,3513,Jar 3 Leches PROD,Jar 3 Leches PROD,,5.0
Barranquilla+Turbo,COL,,32 BARRANQUILLA,3514,Jar de Tiramisu PROD,Jar de Tiramisu PROD,,5.0
Barranquilla+Turbo,COL,,32 BARRANQUILLA,286,Granola,Granola,,500.0
Barranquilla+Turbo,COL,,32 BARRANQUILLA,180,Jugo de Naranja Bolsa Lt,Jugo de Naranja Bolsa Lt,Madre,27000.0
Barranquilla+Turbo,COL,,32 BARRANQUILLA,179,Jugo de Mandarina Bolsa Lt,Jugo de Mandarina Bolsa Lt,,2400.0
Barranquilla+Turbo,COL,,32 BARRANQUILLA,175,Jamon De Cerdo,Jamon De Cerdo,Madre,5640.0
Barranquilla+Turbo,COL,,32 BARRANQUILLA,150,Chorizo Santarrosano,Chorizo Santarrosano,,2160.0
Barranquilla+Turbo,COL,,32 BARRANQUILLA,5594,Res desmechada.,Res desmechada.,,900.0
Barranquilla+Turbo,COL,,32 BARRANQUILLA,2573,Tapa bowl kraft mini,Tapa bowl kraft mini,Madre,62.0
Barranquilla+Turbo,COL,,32 BARRANQUILLA,3116,Tapa Botella 300ml,Tapa Botella 300ml,Madre,120.0
Barranquilla+Turbo,COL,,32 BARRANQUILLA,441,Botella 300 ml,Botella 300 ml,Madre,120.0
Barranquilla+Turbo,COL,,32 BARRANQUILLA,459,Porta hamburguesa,Porta hamburguesa,Madre,36.0
Barranquilla+Turbo,COL,,32 BARRANQUILLA,545,Bowl Mini,Bowl Mini,Madre,62.0
Barranquilla+Turbo,COL,,32 BARRANQUILLA,2600,Caja B&M,Caja B&M,Madre,53.0
Barranquilla+Turbo,COL,,32 BARRANQUILLA,491,Servilletas,Servilletas,Madre,236.0
Barranquilla+Turbo,COL,,32 BARRANQUILLA,250,Tomate Chonto,Tomate Chonto,,14100.0
Barranquilla+Turbo,COL,,32 BARRANQUILLA,123,Aguacate Papelillo,Aguacate Papelillo,,3000.0
Barranquilla+Turbo,COL,,32 BARRANQUILLA,184,Lechuga Batavia,Lechuga Batavia,,4900.0
Barranquilla+Turbo,COL,,32 BARRANQUILLA,215,Pepino Cohombro,Pepino Cohombro,,5900.0
Barranquilla+Turbo,COL,,32 BARRANQUILLA,221,Pina Golden,Pina Golden,Madre,9800.0
Barranquilla+Turbo,COL,,32 BARRANQUILLA,210,Papaya Maradol,Papaya Maradol,Madre,4800.0
Barranquilla+Turbo,COL,,32 BARRANQUILLA,137,Banano Criollo,Banano Criollo,,700.0
Barranquilla+Turbo,COL,,32 BARRANQUILLA,164,Fresas,Fresas,,2400.0
Barranquilla+Turbo,COL,,32 BARRANQUILLA,151,Cilantro Patirojo,Cilantro Patirojo,,400.0
Barranquilla+Turbo,COL,,32 BARRANQUILLA,163,Espinaca,Espinaca,,2280.0
Barranquilla+Turbo,COL,,32 BARRANQUILLA,146,Cebolla Roja,Cebolla Roja,,600.0
Barranquilla+Turbo,COL,,32 BARRANQUILLA,185,Lechuga Romana,Lechuga Romana,,1000.0
Barranquilla+Turbo,COL,,32 BARRANQUILLA,249,Tomate Cherry,Tomate Cherry,,500.0
Barranquilla+Turbo,COL,,32 BARRANQUILLA,145,Cebolla Larga Junca,Cebolla Larga Junca,,500.0
Barranquilla+Turbo,COL,,32 BARRANQUILLA,130,Arandanos,Arandanos,,300.0
Barranquilla+Turbo,COL,,32 BARRANQUILLA,181,Kale,Kale,,300.0
Barranquilla+Turbo,COL,,32 BARRANQUILLA,243,Sorbet de acai,Sorbet de acai,,960.0
Barranquilla+Turbo,COL,,32 BARRANQUILLA,228,Queso Doble Crema,Queso Doble Crema,,3900.0
Barranquilla+Turbo,COL,,32 BARRANQUILLA,229,Queso Feta,Queso Feta,,700.0
Barranquilla+Turbo,COL,,32 BARRANQUILLA,5511,Queso cheddar tajadas UN,Queso cheddar tajadas UN,Madre,181.0
Barranquilla+Turbo,COL,,32 BARRANQUILLA,253,Tortilla De Harina,Tortilla De Harina,,100.0
Barranquilla+Turbo,COL,,32 BARRANQUILLA,159,Croissant Grande,Croissant Grande,Madre,89.0
Barranquilla+Turbo,COL,,32 BARRANQUILLA,2952,Arroz Achiotado,Arroz Achiotado,,19700.0
Barranquilla+Turbo,COL,,32 BARRANQUILLA,5091,Limonada (con base limonada),Limonada (con base limonada),,7200.0
Barranquilla+Turbo,COL,,32 BARRANQUILLA,283,Frijoles Negros,Frijoles Negros,,8450.0
Barranquilla+Turbo,COL,,32 BARRANQUILLA,269,Arroz Integral Cocido,Arroz Integral Cocido,,12375.0
Barranquilla+Turbo,COL,,32 BARRANQUILLA,464,Mezcla Pancakes Tradicionales Lista,Mezcla Pancakes Tradicionales Lista,Madre,13300.0
Barranquilla+Turbo,COL,,32 BARRANQUILLA,5082,Carne Chilli,Carne Chilli,,6400.0
Barranquilla+Turbo,COL,,32 BARRANQUILLA,4938,Pollo a las Hierbas,Pollo a las Hierbas,,7900.0
Barranquilla+Turbo,COL,,32 BARRANQUILLA,295,Papa Calentada,Papa Calentada,,3400.0
Barranquilla+Turbo,COL,,32 BARRANQUILLA,282,Frijol Paisa,Frijol Paisa,,3200.0
Barranquilla+Turbo,COL,,32 BARRANQUILLA,297,Platano Frito,Platano Frito,,3100.0
Barranquilla+Turbo,COL,,32 BARRANQUILLA,296,Pico de Gallo,Pico de Gallo,,3000.0
Barranquilla+Turbo,COL,,32 BARRANQUILLA,5094,Cerdo Desmechado,Cerdo Desmechado,,3000.0
Barranquilla+Turbo,COL,,32 BARRANQUILLA,5920,Pollo  BBQ,Pollo  BBQ,,1900.0
Barranquilla+Turbo,COL,,32 BARRANQUILLA,2730,Emulsion Alioli,Emulsion Alioli,Madre,3300.0
Barranquilla+Turbo,COL,,32 BARRANQUILLA,288,Hummus De Garbanzos,Hummus De Garbanzos,,5400.0
Barranquilla+Turbo,COL,,32 BARRANQUILLA,323,Yogur griego Preparado,Yogur griego Preparado,,600.0
Barranquilla+Turbo,COL,,32 BARRANQUILLA,319,Vinagreta Libanesa,Vinagreta Libanesa,,1700.0
Barranquilla+Turbo,COL,,32 BARRANQUILLA,277,Vinagreta Cesar,Vinagreta Cesar,,2000.0
Barranquilla+Turbo,COL,,32 BARRANQUILLA,5630,Maíz salteado.,Maíz salteado.,,1000.0
Barranquilla+Turbo,COL,,32 BARRANQUILLA,5093,Tocineta producción,Tocineta producción,,700.0
Barranquilla+Turbo,COL,,32 BARRANQUILLA,4816,Pasta Integral Cocida,Pasta Integral Cocida,,1200.0
Barranquilla+Turbo,COL,,32 BARRANQUILLA,306,Salsa Criolla Produccion,Salsa Criolla Produccion,,575.0
Barranquilla+Turbo,COL,,32 BARRANQUILLA,5032,cebolla asada Mr.Beast,cebolla asada Mr.Beast,,700.0
Barranquilla+Turbo,COL,,32 BARRANQUILLA,4811,Quinoa especiada,Quinoa especiada,,504.0
Barranquilla+Turbo,COL,,32 BARRANQUILLA,320,Vinagreta de Jalapenos Mexicanos,Vinagreta de Jalapenos Mexicanos,,800.0
Barranquilla+Turbo,COL,,32 BARRANQUILLA,318,Vinagreta de Pesto de Genoa,Vinagreta de Pesto de Genoa,,540.0
Barranquilla+Turbo,COL,,32 BARRANQUILLA,465,Mezcla Pancakes Avena Lista,Mezcla Pancakes Avena Lista,,1300.0
Barranquilla+Turbo,COL,,32 BARRANQUILLA,4823,Hummus de Pimenton,Hummus de Pimenton,,700.0
Barranquilla+Turbo,COL,,32 BARRANQUILLA,4818,Brocoli Rostizado,Brocoli Rostizado,,700.0
Barranquilla+Turbo,COL,,32 BARRANQUILLA,5206,Coleslaw la cosmica,Coleslaw la cosmica,,400.0
Barranquilla+Turbo,COL,,32 BARRANQUILLA,316,Vinagreta Balsamica de Modena,Vinagreta Balsamica de Modena,,200.0
Barranquilla+Turbo,COL,,32 BARRANQUILLA,321,Vinagreta Mediterranea,Vinagreta Mediterranea,,300.0
Barranquilla+Turbo,COL,,32 BARRANQUILLA,1283,Cebolla Encurtida Picante,Cebolla Encurtida Picante,,400.0
Barranquilla+Turbo,COL,,32 BARRANQUILLA,4991,Mezcla Tostadas Francesas Nueva,Mezcla Tostadas Francesas Nueva,,300.0
Barranquilla+Turbo,COL,,32 BARRANQUILLA,275,Crutones Zatahar,Crutones Zatahar,,300.0
Barranquilla+Turbo,COL,,32 BARRANQUILLA,1240,Salsa Pizza,Salsa Pizza,,300.0
Barranquilla+Turbo,COL,,32 BARRANQUILLA,5517,Totopos triturados,Totopos triturados,,300.0
Barranquilla+Turbo,COL,,32 BARRANQUILLA,3609,Carne Smashed 80gr,Carne Smashed 80gr,,34.0
Barranquilla+Turbo,COL,,32 BARRANQUILLA,4918,Pollo Ensalada,Pollo Ensalada,,27.0
Barranquilla+Turbo,COL,,32 BARRANQUILLA,284,Galletas De Parmesano,Galletas De Parmesano,,42.0
Barranquilla+Turbo,COL,,32 BARRANQUILLA,3481,Galleta de Chunks de Chocolate PROD,Galleta de Chunks de Chocolate PROD,,5.0
Barranquilla+Turbo,COL,,32 BARRANQUILLA,3482,Galleta Oreo PROD,Galleta Oreo PROD,,3.0
Barranquilla+Turbo,COL,,32 BARRANQUILLA,3483,Galleta Red Velvet Choc Blanco PROD,Galleta Red Velvet Choc Blanco PROD,Madre,10.0
Barranquilla+Turbo,COL,,32 BARRANQUILLA,3484,Galleta Avena Frutos Rojos,Galleta Avena Frutos Rojos,,7.0
Barranquilla+Turbo,COL,,32 BARRANQUILLA,3485,Galleta Nueces Choc Blanco,Galleta Nueces Choc Blanco,,0.0
Barranquilla+Turbo,COL,,32 BARRANQUILLA,3486,Galleta Nutella y Nueces PROD,Galleta Nutella y Nueces PROD,,0.0
Barranquilla+Turbo,COL,,32 BARRANQUILLA,3487,Galleta de Guayaba PROD,Galleta de Guayaba PROD,,3.0
Barranquilla+Turbo,COL,,32 BARRANQUILLA,3488,Galleta Doble Chocolate PROD,Galleta Doble Chocolate PROD,,0.0
Barranquilla+Turbo,COL,,32 BARRANQUILLA,3623,Cubierta Queso Crema,Cubierta Queso Crema,Madre,1900.0
Barranquilla+Turbo,COL,,32 BARRANQUILLA,3002,Mezcla de Aceite Y Mantequilla (Produccion),Mezcla de Aceite Y Mantequilla (Produccion),Madre,1900.0
Barranquilla+Turbo,COL,,32 BARRANQUILLA,3632,PROD Minibon de Canela,PROD Minibon de Canela,Madre,22.0
Barranquilla+Turbo,COL,,32 BARRANQUILLA,307,Salsa Frutos Rojos,Salsa Frutos Rojos,,300.0
Barranquilla+Turbo,COL,,32 BARRANQUILLA,713,⭕️Caja Lunch,⭕️Caja Lunch,Madre,88.0
Barranquilla+Turbo,COL,,32 BARRANQUILLA,3576,Flores dia de la Madre,Flores dia de la Madre,Madre,45.0
Barranquilla+Turbo,COL,,32 BARRANQUILLA,119,⚠️Aceite De Girasol,⚠️Aceite De Girasol,Madre,2900.0
Barranquilla+Turbo,COL,,32 BARRANQUILLA,172,Huevo Tipo AA,Huevo Tipo AA,Madre,618.0
Barranquilla+Turbo,COL,,32 BARRANQUILLA,550,⭕️Bolsa Pan Generica,⭕️Bolsa Pan Generica,Madre,40.0
Barranquilla+Turbo,COL,,32 BARRANQUILLA,237,Sal,Sal,Madre,1900.0
Barranquilla+Turbo,COL,,32 BARRANQUILLA,6078,Mezcla líquida pancakes de choclo,Mezcla líquida pancakes de choclo,Madre,400.0
Barranquilla+Turbo,COL,,32 BARRANQUILLA,432,Empaque Vinagreta,Empaque Vinagreta,Madre,163.0
Barranquilla+Turbo,COL,,32 BARRANQUILLA,604,Jugo de Naranja,Jugo de Naranja,Madre,176.0
Barranquilla+Turbo,COL,,32 BARRANQUILLA,5003,Porcion de fruta,Porcion de fruta,Madre,111.0
Barranquilla+Turbo,COL,,32 BARRANQUILLA,118,Croissant Huevo Jamon y Queso,Croissant Huevo Jamon y Queso,Madre,77.0
Barranquilla+Turbo,COL,,32 BARRANQUILLA,5045,Mini pancakes tradicionales SIN fresa,Mini pancakes tradicionales SIN fresa,Madre,54.0
Barranquilla+Turbo,COL,,32 BARRANQUILLA,2604,Caja Especial B&M,Caja Especial B&M,Madre,53.0
Barranquilla+Turbo,COL,,32 BARRANQUILLA,384,Tenedor Y Cuchillo,Tenedor Y Cuchillo,Madre,274.0
Barranquilla+Turbo,COL,,32 BARRANQUILLA,6273,Pancakes de choclo,Pancakes de choclo,Madre,3.0
Barranquilla+Turbo,COL,,32 BARRANQUILLA,5022,Minibon canela,Minibon canela,Madre,18.0
Barranquilla+Turbo,COL,,32 BARRANQUILLA,3799,Galleta Red Velvet Choc Blanco Individual Vicio,Galleta Red Velvet Choc Blanco Individual Vicio,Madre,8.0
Barranquilla+Turbo,COL,,32 BARRANQUILLA,3597,Flores 🌹,Flores 🌹,Madre,45.0
Barranquilla+Turbo,COL,,32 BARRANQUILLA,6343,COMBO INDIVIDUAL PANCAKES CHOCLO,COMBO INDIVIDUAL PANCAKES CHOCLO,Madre,2.0
Barranquilla+Turbo,COL,,32 BARRANQUILLA,6344,COMBO INDIVIDUAL MINIBON,COMBO INDIVIDUAL MINIBON,Madre,18.0
Barranquilla+Turbo,COL,,32 BARRANQUILLA,6345,COMBO INDIVIDUAL GALLETA,COMBO INDIVIDUAL GALLETA,Madre,6.0
Barranquilla+Turbo,COL,,32 BARRANQUILLA,6346,COMBO ESPECIAL CON FLORES,COMBO ESPECIAL CON FLORES,Madre,45.0
Barranquilla+Turbo,COL,,32 BARRANQUILLA,6348,COMBO ESPECIAL SIN FLORES,COMBO ESPECIAL SIN FLORES,Madre,8.0
Barranquilla+Turbo,COL,,32 BARRANQUILLA,63.0,Pancakes Tradicionales,Pancakes Tradicionales,Alistar,10.0
Santa Monica+Turbo,COL,,22 SANTA MONICA,1904,Papas pre Fritas,Papas pre Fritas,,3960
Santa Monica+Turbo,COL,,22 SANTA MONICA,287,Guacamole,Guacamole,,1400.0
Santa Monica+Turbo,COL,,22 SANTA MONICA,5270,Mix de lechugas,Mix de lechugas,,600.0
Santa Monica+Turbo,COL,,22 SANTA MONICA,246,Syrup,Syrup,Madre,4200.0
Santa Monica+Turbo,COL,,22 SANTA MONICA,127,Almendra Fileteada,Almendra Fileteada,,315.0
Santa Monica+Turbo,COL,,22 SANTA MONICA,1726,pepinillo en conserva,pepinillo en conserva,,80.0
Santa Monica+Turbo,COL,,22 SANTA MONICA,3510,Jar de Oreo PROD,Jar de Oreo PROD,,3.0
Santa Monica+Turbo,COL,,22 SANTA MONICA,3511,Jar de Limon PROD,Jar de Limon PROD,,3.0
Santa Monica+Turbo,COL,,22 SANTA MONICA,3512,Jar de Chocolate PROD,Jar de Chocolate PROD,,3.0
Santa Monica+Turbo,COL,,22 SANTA MONICA,3513,Jar 3 Leches PROD,Jar 3 Leches PROD,,3.0
Santa Monica+Turbo,COL,,22 SANTA MONICA,3514,Jar de Tiramisu PROD,Jar de Tiramisu PROD,,3.0
Santa Monica+Turbo,COL,,22 SANTA MONICA,286,Granola,Granola,,500.0
Santa Monica+Turbo,COL,,22 SANTA MONICA,180,Jugo de Naranja Bolsa Lt,Jugo de Naranja Bolsa Lt,Madre,19800.0
Santa Monica+Turbo,COL,,22 SANTA MONICA,179,Jugo de Mandarina Bolsa Lt,Jugo de Mandarina Bolsa Lt,,2100.0
Santa Monica+Turbo,COL,,22 SANTA MONICA,175,Jamon De Cerdo,Jamon De Cerdo,Madre,3840.0
Santa Monica+Turbo,COL,,22 SANTA MONICA,150,Chorizo Santarrosano,Chorizo Santarrosano,,1120.0
Santa Monica+Turbo,COL,,22 SANTA MONICA,5594,Res desmechada.,Res desmechada.,,600.0
Santa Monica+Turbo,COL,,22 SANTA MONICA,2573,Tapa bowl kraft mini,Tapa bowl kraft mini,Madre,45.0
Santa Monica+Turbo,COL,,22 SANTA MONICA,3116,Tapa Botella 300ml,Tapa Botella 300ml,Madre,86.0
Santa Monica+Turbo,COL,,22 SANTA MONICA,441,Botella 300 ml,Botella 300 ml,Madre,86.0
Santa Monica+Turbo,COL,,22 SANTA MONICA,459,Porta hamburguesa,Porta hamburguesa,Madre,20.0
Santa Monica+Turbo,COL,,22 SANTA MONICA,545,Bowl Mini,Bowl Mini,Madre,45.0
Santa Monica+Turbo,COL,,22 SANTA MONICA,2600,Caja B&M,Caja B&M,Madre,38.0
Santa Monica+Turbo,COL,,22 SANTA MONICA,491,Servilletas,Servilletas,Madre,102.0
Santa Monica+Turbo,COL,,22 SANTA MONICA,250,Tomate Chonto,Tomate Chonto,,4300.0
Santa Monica+Turbo,COL,,22 SANTA MONICA,123,Aguacate Papelillo,Aguacate Papelillo,,1300.0
Santa Monica+Turbo,COL,,22 SANTA MONICA,184,Lechuga Batavia,Lechuga Batavia,,1800.0
Santa Monica+Turbo,COL,,22 SANTA MONICA,215,Pepino Cohombro,Pepino Cohombro,,1600.0
Santa Monica+Turbo,COL,,22 SANTA MONICA,221,Pina Golden,Pina Golden,Madre,6800.0
Santa Monica+Turbo,COL,,22 SANTA MONICA,210,Papaya Maradol,Papaya Maradol,Madre,3400.0
Santa Monica+Turbo,COL,,22 SANTA MONICA,137,Banano Criollo,Banano Criollo,,600.0
Santa Monica+Turbo,COL,,22 SANTA MONICA,164,Fresas,Fresas,,1400.0
Santa Monica+Turbo,COL,,22 SANTA MONICA,151,Cilantro Patirojo,Cilantro Patirojo,,300.0
Santa Monica+Turbo,COL,,22 SANTA MONICA,163,Espinaca,Espinaca,,390.0
Santa Monica+Turbo,COL,,22 SANTA MONICA,146,Cebolla Roja,Cebolla Roja,,300.0
Santa Monica+Turbo,COL,,22 SANTA MONICA,185,Lechuga Romana,Lechuga Romana,,500.0
Santa Monica+Turbo,COL,,22 SANTA MONICA,249,Tomate Cherry,Tomate Cherry,,200.0
Santa Monica+Turbo,COL,,22 SANTA MONICA,145,Cebolla Larga Junca,Cebolla Larga Junca,,300.0
Santa Monica+Turbo,COL,,22 SANTA MONICA,130,Arandanos,Arandanos,,300.0
Santa Monica+Turbo,COL,,22 SANTA MONICA,181,Kale,Kale,,200.0
Santa Monica+Turbo,COL,,22 SANTA MONICA,243,Sorbet de acai,Sorbet de acai,,640.0
Santa Monica+Turbo,COL,,22 SANTA MONICA,228,Queso Doble Crema,Queso Doble Crema,,1300.0
Santa Monica+Turbo,COL,,22 SANTA MONICA,229,Queso Feta,Queso Feta,,300.0
Santa Monica+Turbo,COL,,22 SANTA MONICA,5511,Queso cheddar tajadas UN,Queso cheddar tajadas UN,Madre,114.0
Santa Monica+Turbo,COL,,22 SANTA MONICA,253,Tortilla De Harina,Tortilla De Harina,,25.0
Santa Monica+Turbo,COL,,22 SANTA MONICA,159,Croissant Grande,Croissant Grande,Madre,65.0
Santa Monica+Turbo,COL,,22 SANTA MONICA,2952,Arroz Achiotado,Arroz Achiotado,,9100.0
Santa Monica+Turbo,COL,,22 SANTA MONICA,5091,Limonada (con base limonada),Limonada (con base limonada),,5400.0
Santa Monica+Turbo,COL,,22 SANTA MONICA,283,Frijoles Negros,Frijoles Negros,,3770.0
Santa Monica+Turbo,COL,,22 SANTA MONICA,269,Arroz Integral Cocido,Arroz Integral Cocido,,4875.0
Santa Monica+Turbo,COL,,22 SANTA MONICA,464,Mezcla Pancakes Tradicionales Lista,Mezcla Pancakes Tradicionales Lista,Madre,7400.0
Santa Monica+Turbo,COL,,22 SANTA MONICA,5082,Carne Chilli,Carne Chilli,,2700.0
Santa Monica+Turbo,COL,,22 SANTA MONICA,4938,Pollo a las Hierbas,Pollo a las Hierbas,,2000.0
Santa Monica+Turbo,COL,,22 SANTA MONICA,295,Papa Calentada,Papa Calentada,,1900.0
Santa Monica+Turbo,COL,,22 SANTA MONICA,282,Frijol Paisa,Frijol Paisa,,1400.0
Santa Monica+Turbo,COL,,22 SANTA MONICA,297,Platano Frito,Platano Frito,,1500.0
Santa Monica+Turbo,COL,,22 SANTA MONICA,296,Pico de Gallo,Pico de Gallo,,1000.0
Santa Monica+Turbo,COL,,22 SANTA MONICA,5094,Cerdo Desmechado,Cerdo Desmechado,,1800.0
Santa Monica+Turbo,COL,,22 SANTA MONICA,5920,Pollo  BBQ,Pollo  BBQ,,1100.0
Santa Monica+Turbo,COL,,22 SANTA MONICA,2730,Emulsion Alioli,Emulsion Alioli,Madre,1900.0
Santa Monica+Turbo,COL,,22 SANTA MONICA,288,Hummus De Garbanzos,Hummus De Garbanzos,,1600.0
Santa Monica+Turbo,COL,,22 SANTA MONICA,323,Yogur griego Preparado,Yogur griego Preparado,,800.0
Santa Monica+Turbo,COL,,22 SANTA MONICA,319,Vinagreta Libanesa,Vinagreta Libanesa,,600.0
Santa Monica+Turbo,COL,,22 SANTA MONICA,277,Vinagreta Cesar,Vinagreta Cesar,,500.0
Santa Monica+Turbo,COL,,22 SANTA MONICA,5630,Maíz salteado.,Maíz salteado.,,700.0
Santa Monica+Turbo,COL,,22 SANTA MONICA,5093,Tocineta producción,Tocineta producción,,400.0
Santa Monica+Turbo,COL,,22 SANTA MONICA,4816,Pasta Integral Cocida,Pasta Integral Cocida,,800.0
Santa Monica+Turbo,COL,,22 SANTA MONICA,306,Salsa Criolla Produccion,Salsa Criolla Produccion,,275.0
Santa Monica+Turbo,COL,,22 SANTA MONICA,5032,cebolla asada Mr.Beast,cebolla asada Mr.Beast,,420.0
Santa Monica+Turbo,COL,,22 SANTA MONICA,4811,Quinoa especiada,Quinoa especiada,,360.0
Santa Monica+Turbo,COL,,22 SANTA MONICA,320,Vinagreta de Jalapenos Mexicanos,Vinagreta de Jalapenos Mexicanos,,300.0
Santa Monica+Turbo,COL,,22 SANTA MONICA,318,Vinagreta de Pesto de Genoa,Vinagreta de Pesto de Genoa,,140.0
Santa Monica+Turbo,COL,,22 SANTA MONICA,465,Mezcla Pancakes Avena Lista,Mezcla Pancakes Avena Lista,,600.0
Santa Monica+Turbo,COL,,22 SANTA MONICA,4823,Hummus de Pimenton,Hummus de Pimenton,,300.0
Santa Monica+Turbo,COL,,22 SANTA MONICA,4818,Brocoli Rostizado,Brocoli Rostizado,,400.0
Santa Monica+Turbo,COL,,22 SANTA MONICA,5206,Coleslaw la cosmica,Coleslaw la cosmica,,300.0
Santa Monica+Turbo,COL,,22 SANTA MONICA,316,Vinagreta Balsamica de Modena,Vinagreta Balsamica de Modena,,200.0
Santa Monica+Turbo,COL,,22 SANTA MONICA,321,Vinagreta Mediterranea,Vinagreta Mediterranea,,200.0
Santa Monica+Turbo,COL,,22 SANTA MONICA,1283,Cebolla Encurtida Picante,Cebolla Encurtida Picante,,200.0
Santa Monica+Turbo,COL,,22 SANTA MONICA,4991,Mezcla Tostadas Francesas Nueva,Mezcla Tostadas Francesas Nueva,,300.0
Santa Monica+Turbo,COL,,22 SANTA MONICA,275,Crutones Zatahar,Crutones Zatahar,,200.0
Santa Monica+Turbo,COL,,22 SANTA MONICA,1240,Salsa Pizza,Salsa Pizza,,200.0
Santa Monica+Turbo,COL,,22 SANTA MONICA,5517,Totopos triturados,Totopos triturados,,200.0
Santa Monica+Turbo,COL,,22 SANTA MONICA,3609,Carne Smashed 80gr,Carne Smashed 80gr,,22.0
Santa Monica+Turbo,COL,,22 SANTA MONICA,4918,Pollo Ensalada,Pollo Ensalada,,15.0
Santa Monica+Turbo,COL,,22 SANTA MONICA,284,Galletas De Parmesano,Galletas De Parmesano,,42.0
Santa Monica+Turbo,COL,,22 SANTA MONICA,3481,Galleta de Chunks de Chocolate PROD,Galleta de Chunks de Chocolate PROD,,3.0
Santa Monica+Turbo,COL,,22 SANTA MONICA,3482,Galleta Oreo PROD,Galleta Oreo PROD,,3.0
Santa Monica+Turbo,COL,,22 SANTA MONICA,3483,Galleta Red Velvet Choc Blanco PROD,Galleta Red Velvet Choc Blanco PROD,Madre,8.0
Santa Monica+Turbo,COL,,22 SANTA MONICA,3484,Galleta Avena Frutos Rojos,Galleta Avena Frutos Rojos,,4.0
Santa Monica+Turbo,COL,,22 SANTA MONICA,3485,Galleta Nueces Choc Blanco,Galleta Nueces Choc Blanco,,0.0
Santa Monica+Turbo,COL,,22 SANTA MONICA,3486,Galleta Nutella y Nueces PROD,Galleta Nutella y Nueces PROD,,0.0
Santa Monica+Turbo,COL,,22 SANTA MONICA,3488,Galleta Doble Chocolate PROD,Galleta Doble Chocolate PROD,,0.0
Santa Monica+Turbo,COL,,22 SANTA MONICA,3623,Cubierta Queso Crema,Cubierta Queso Crema,Madre,900.0
Santa Monica+Turbo,COL,,22 SANTA MONICA,3002,Mezcla de Aceite Y Mantequilla (Produccion),Mezcla de Aceite Y Mantequilla (Produccion),Madre,1200.0
Santa Monica+Turbo,COL,,22 SANTA MONICA,3632,PROD Minibon de Canela,PROD Minibon de Canela,Madre,18.0
Santa Monica+Turbo,COL,,22 SANTA MONICA,307,Salsa Frutos Rojos,Salsa Frutos Rojos,,300.0
Santa Monica+Turbo,COL,,22 SANTA MONICA,713,⭕️Caja Lunch,⭕️Caja Lunch,Madre,60.0
Santa Monica+Turbo,COL,,22 SANTA MONICA,3576,Flores dia de la Madre,Flores dia de la Madre,Madre,32.0
Santa Monica+Turbo,COL,,22 SANTA MONICA,119,⚠️Aceite De Girasol,⚠️Aceite De Girasol,Madre,1400.0
Santa Monica+Turbo,COL,,22 SANTA MONICA,172,Huevo Tipo AA,Huevo Tipo AA,Madre,348.0
Santa Monica+Turbo,COL,,22 SANTA MONICA,550,⭕️Bolsa Pan Generica,⭕️Bolsa Pan Generica,Madre,25.0
Santa Monica+Turbo,COL,,22 SANTA MONICA,237,Sal,Sal,Madre,1000.0
Santa Monica+Turbo,COL,,22 SANTA MONICA,6078,Mezcla líquida pancakes de choclo,Mezcla líquida pancakes de choclo,Madre,300.0
Santa Monica+Turbo,COL,,22 SANTA MONICA,432,Empaque Vinagreta,Empaque Vinagreta,Madre,68.0
Santa Monica+Turbo,COL,,22 SANTA MONICA,604,Jugo de Naranja,Jugo de Naranja,Madre,121.0
Santa Monica+Turbo,COL,,22 SANTA MONICA,5003,Porcion de fruta,Porcion de fruta,Madre,82.0
Santa Monica+Turbo,COL,,22 SANTA MONICA,118,Croissant Huevo Jamon y Queso,Croissant Huevo Jamon y Queso,Madre,56.0
Santa Monica+Turbo,COL,,22 SANTA MONICA,5045,Mini pancakes tradicionales SIN fresa,Mini pancakes tradicionales SIN fresa,Madre,43.0
Santa Monica+Turbo,COL,,22 SANTA MONICA,2604,Caja Especial B&M,Caja Especial B&M,Madre,38.0
Santa Monica+Turbo,COL,,22 SANTA MONICA,384,Tenedor Y Cuchillo,Tenedor Y Cuchillo,Madre,178.0
Santa Monica+Turbo,COL,,22 SANTA MONICA,6273,Pancakes de choclo,Pancakes de choclo,Madre,3.0
Santa Monica+Turbo,COL,,22 SANTA MONICA,5022,Minibon canela,Minibon canela,Madre,14.0
Santa Monica+Turbo,COL,,22 SANTA MONICA,3799,Galleta Red Velvet Choc Blanco Individual Vicio,Galleta Red Velvet Choc Blanco Individual Vicio,Madre,5.0
Santa Monica+Turbo,COL,,22 SANTA MONICA,3597,Flores 🌹,Flores 🌹,Madre,32.0
Santa Monica+Turbo,COL,,22 SANTA MONICA,6343,COMBO INDIVIDUAL PANCAKES CHOCLO,COMBO INDIVIDUAL PANCAKES CHOCLO,Madre,2.0
Santa Monica+Turbo,COL,,22 SANTA MONICA,6344,COMBO INDIVIDUAL MINIBON,COMBO INDIVIDUAL MINIBON,Madre,14.0
Santa Monica+Turbo,COL,,22 SANTA MONICA,6345,COMBO INDIVIDUAL GALLETA,COMBO INDIVIDUAL GALLETA,Madre,4.0
Santa Monica+Turbo,COL,,22 SANTA MONICA,6346,COMBO ESPECIAL CON FLORES,COMBO ESPECIAL CON FLORES,Madre,32.0
Santa Monica+Turbo,COL,,22 SANTA MONICA,6348,COMBO ESPECIAL SIN FLORES,COMBO ESPECIAL SIN FLORES,Madre,6.0
Santa Monica+Turbo,COL,,22 SANTA MONICA,63.0,Pancakes Tradicionales,Pancakes Tradicionales,Alistar,4.0
Manila+Turbo,COL,,11 MANILA,1904,Papas pre Fritas,Papas pre Fritas,,7560
Manila+Turbo,COL,,11 MANILA,287,Guacamole,Guacamole,,4000.0
Manila+Turbo,COL,,11 MANILA,5270,Mix de lechugas,Mix de lechugas,,1500.0
Manila+Turbo,COL,,11 MANILA,246,Syrup,Syrup,Madre,9000.0
Manila+Turbo,COL,,11 MANILA,127,Almendra Fileteada,Almendra Fileteada,,570.0
Manila+Turbo,COL,,11 MANILA,1726,pepinillo en conserva,pepinillo en conserva,,200.0
Manila+Turbo,COL,,11 MANILA,3510,Jar de Oreo PROD,Jar de Oreo PROD,,6.0
Manila+Turbo,COL,,11 MANILA,3511,Jar de Limon PROD,Jar de Limon PROD,,3.0
Manila+Turbo,COL,,11 MANILA,3512,Jar de Chocolate PROD,Jar de Chocolate PROD,,4.0
Manila+Turbo,COL,,11 MANILA,3513,Jar 3 Leches PROD,Jar 3 Leches PROD,,7.0
Manila+Turbo,COL,,11 MANILA,3514,Jar de Tiramisu PROD,Jar de Tiramisu PROD,,4.0
Manila+Turbo,COL,,11 MANILA,286,Granola,Granola,,800.0
Manila+Turbo,COL,,11 MANILA,180,Jugo de Naranja Bolsa Lt,Jugo de Naranja Bolsa Lt,Madre,36900.0
Manila+Turbo,COL,,11 MANILA,179,Jugo de Mandarina Bolsa Lt,Jugo de Mandarina Bolsa Lt,,5400.0
Manila+Turbo,COL,,11 MANILA,175,Jamon De Cerdo,Jamon De Cerdo,Madre,6780.0
Manila+Turbo,COL,,11 MANILA,150,Chorizo Santarrosano,Chorizo Santarrosano,,1920.0
Manila+Turbo,COL,,11 MANILA,5594,Res desmechada.,Res desmechada.,,1600.0
Manila+Turbo,COL,,11 MANILA,2573,Tapa bowl kraft mini,Tapa bowl kraft mini,Madre,70.0
Manila+Turbo,COL,,11 MANILA,3116,Tapa Botella 300ml,Tapa Botella 300ml,Madre,182.0
Manila+Turbo,COL,,11 MANILA,441,Botella 300 ml,Botella 300 ml,Madre,182.0
Manila+Turbo,COL,,11 MANILA,459,Porta hamburguesa,Porta hamburguesa,Madre,60.0
Manila+Turbo,COL,,11 MANILA,545,Bowl Mini,Bowl Mini,Madre,70.0
Manila+Turbo,COL,,11 MANILA,2600,Caja B&M,Caja B&M,Madre,51.0
Manila+Turbo,COL,,11 MANILA,491,Servilletas,Servilletas,Madre,282.0
Manila+Turbo,COL,,11 MANILA,250,Tomate Chonto,Tomate Chonto,,13100.0
Manila+Turbo,COL,,11 MANILA,123,Aguacate Papelillo,Aguacate Papelillo,,3200.0
Manila+Turbo,COL,,11 MANILA,184,Lechuga Batavia,Lechuga Batavia,,3700.0
Manila+Turbo,COL,,11 MANILA,215,Pepino Cohombro,Pepino Cohombro,,2000.0
Manila+Turbo,COL,,11 MANILA,221,Pina Golden,Pina Golden,Madre,11100.0
Manila+Turbo,COL,,11 MANILA,210,Papaya Maradol,Papaya Maradol,Madre,5700.0
Manila+Turbo,COL,,11 MANILA,137,Banano Criollo,Banano Criollo,,1400.0
Manila+Turbo,COL,,11 MANILA,164,Fresas,Fresas,,2200.0
Manila+Turbo,COL,,11 MANILA,151,Cilantro Patirojo,Cilantro Patirojo,,500.0
Manila+Turbo,COL,,11 MANILA,163,Espinaca,Espinaca,,1440.0
Manila+Turbo,COL,,11 MANILA,146,Cebolla Roja,Cebolla Roja,,400.0
Manila+Turbo,COL,,11 MANILA,185,Lechuga Romana,Lechuga Romana,,700.0
Manila+Turbo,COL,,11 MANILA,249,Tomate Cherry,Tomate Cherry,,600.0
Manila+Turbo,COL,,11 MANILA,145,Cebolla Larga Junca,Cebolla Larga Junca,,600.0
Manila+Turbo,COL,,11 MANILA,130,Arandanos,Arandanos,,400.0
Manila+Turbo,COL,,11 MANILA,181,Kale,Kale,,200.0
Manila+Turbo,COL,,11 MANILA,243,Sorbet de acai,Sorbet de acai,,1280.0
Manila+Turbo,COL,,11 MANILA,228,Queso Doble Crema,Queso Doble Crema,,4100.0
Manila+Turbo,COL,,11 MANILA,229,Queso Feta,Queso Feta,,500.0
Manila+Turbo,COL,,11 MANILA,5511,Queso cheddar tajadas UN,Queso cheddar tajadas UN,Madre,200.0
Manila+Turbo,COL,,11 MANILA,253,Tortilla De Harina,Tortilla De Harina,,109.0
Manila+Turbo,COL,,11 MANILA,159,Croissant Grande,Croissant Grande,Madre,116.0
Manila+Turbo,COL,,11 MANILA,2952,Arroz Achiotado,Arroz Achiotado,,20800.0
Manila+Turbo,COL,,11 MANILA,5091,Limonada (con base limonada),Limonada (con base limonada),,12900.0
Manila+Turbo,COL,,11 MANILA,283,Frijoles Negros,Frijoles Negros,,12610.0
Manila+Turbo,COL,,11 MANILA,269,Arroz Integral Cocido,Arroz Integral Cocido,,11125.0
Manila+Turbo,COL,,11 MANILA,464,Mezcla Pancakes Tradicionales Lista,Mezcla Pancakes Tradicionales Lista,Madre,16400.0
Manila+Turbo,COL,,11 MANILA,5082,Carne Chilli,Carne Chilli,,5300.0
Manila+Turbo,COL,,11 MANILA,4938,Pollo a las Hierbas,Pollo a las Hierbas,,5800.0
Manila+Turbo,COL,,11 MANILA,295,Papa Calentada,Papa Calentada,,5900.0
Manila+Turbo,COL,,11 MANILA,282,Frijol Paisa,Frijol Paisa,,2100.0
Manila+Turbo,COL,,11 MANILA,297,Platano Frito,Platano Frito,,2800.0
Manila+Turbo,COL,,11 MANILA,296,Pico de Gallo,Pico de Gallo,,3600.0
Manila+Turbo,COL,,11 MANILA,5094,Cerdo Desmechado,Cerdo Desmechado,,3700.0
Manila+Turbo,COL,,11 MANILA,5920,Pollo  BBQ,Pollo  BBQ,,3700.0
Manila+Turbo,COL,,11 MANILA,2730,Emulsion Alioli,Emulsion Alioli,Madre,3900.0
Manila+Turbo,COL,,11 MANILA,288,Hummus De Garbanzos,Hummus De Garbanzos,,3500.0
Manila+Turbo,COL,,11 MANILA,323,Yogur griego Preparado,Yogur griego Preparado,,1400.0
Manila+Turbo,COL,,11 MANILA,319,Vinagreta Libanesa,Vinagreta Libanesa,,800.0
Manila+Turbo,COL,,11 MANILA,277,Vinagreta Cesar,Vinagreta Cesar,,1000.0
Manila+Turbo,COL,,11 MANILA,5630,Maíz salteado.,Maíz salteado.,,1700.0
Manila+Turbo,COL,,11 MANILA,5093,Tocineta producción,Tocineta producción,,1100.0
Manila+Turbo,COL,,11 MANILA,4816,Pasta Integral Cocida,Pasta Integral Cocida,,1800.0
Manila+Turbo,COL,,11 MANILA,306,Salsa Criolla Produccion,Salsa Criolla Produccion,,900.0
Manila+Turbo,COL,,11 MANILA,5032,cebolla asada Mr.Beast,cebolla asada Mr.Beast,,448.0
Manila+Turbo,COL,,11 MANILA,4811,Quinoa especiada,Quinoa especiada,,648.0
Manila+Turbo,COL,,11 MANILA,320,Vinagreta de Jalapenos Mexicanos,Vinagreta de Jalapenos Mexicanos,,600.0
Manila+Turbo,COL,,11 MANILA,318,Vinagreta de Pesto de Genoa,Vinagreta de Pesto de Genoa,,480.0
Manila+Turbo,COL,,11 MANILA,465,Mezcla Pancakes Avena Lista,Mezcla Pancakes Avena Lista,,1100.0
Manila+Turbo,COL,,11 MANILA,4823,Hummus de Pimenton,Hummus de Pimenton,,500.0
Manila+Turbo,COL,,11 MANILA,4818,Brocoli Rostizado,Brocoli Rostizado,,400.0
Manila+Turbo,COL,,11 MANILA,5206,Coleslaw la cosmica,Coleslaw la cosmica,,700.0
Manila+Turbo,COL,,11 MANILA,316,Vinagreta Balsamica de Modena,Vinagreta Balsamica de Modena,,500.0
Manila+Turbo,COL,,11 MANILA,321,Vinagreta Mediterranea,Vinagreta Mediterranea,,400.0
Manila+Turbo,COL,,11 MANILA,1283,Cebolla Encurtida Picante,Cebolla Encurtida Picante,,400.0
Manila+Turbo,COL,,11 MANILA,4991,Mezcla Tostadas Francesas Nueva,Mezcla Tostadas Francesas Nueva,,400.0
Manila+Turbo,COL,,11 MANILA,275,Crutones Zatahar,Crutones Zatahar,,200.0
Manila+Turbo,COL,,11 MANILA,1240,Salsa Pizza,Salsa Pizza,,0.0
Manila+Turbo,COL,,11 MANILA,5517,Totopos triturados,Totopos triturados,,200.0
Manila+Turbo,COL,,11 MANILA,3609,Carne Smashed 80gr,Carne Smashed 80gr,,32.0
Manila+Turbo,COL,,11 MANILA,4918,Pollo Ensalada,Pollo Ensalada,,62.0
Manila+Turbo,COL,,11 MANILA,284,Galletas De Parmesano,Galletas De Parmesano,,42.0
Manila+Turbo,COL,,11 MANILA,3481,Galleta de Chunks de Chocolate PROD,Galleta de Chunks de Chocolate PROD,,19.0
Manila+Turbo,COL,,11 MANILA,3482,Galleta Oreo PROD,Galleta Oreo PROD,,7.0
Manila+Turbo,COL,,11 MANILA,3483,Galleta Red Velvet Choc Blanco PROD,Galleta Red Velvet Choc Blanco PROD,Madre,17.0
Manila+Turbo,COL,,11 MANILA,3484,Galleta Avena Frutos Rojos,Galleta Avena Frutos Rojos,,6.0
Manila+Turbo,COL,,11 MANILA,3485,Galleta Nueces Choc Blanco,Galleta Nueces Choc Blanco,,1.0
Manila+Turbo,COL,,11 MANILA,3486,Galleta Nutella y Nueces PROD,Galleta Nutella y Nueces PROD,,0.0
Manila+Turbo,COL,,11 MANILA,3488,Galleta Doble Chocolate PROD,Galleta Doble Chocolate PROD,,0.0
Manila+Turbo,COL,,11 MANILA,3623,Cubierta Queso Crema,Cubierta Queso Crema,Madre,3000.0
Manila+Turbo,COL,,11 MANILA,3002,Mezcla de Aceite Y Mantequilla (Produccion),Mezcla de Aceite Y Mantequilla (Produccion),Madre,2400.0
Manila+Turbo,COL,,11 MANILA,3632,PROD Minibon de Canela,PROD Minibon de Canela,Madre,35.0
Manila+Turbo,COL,,11 MANILA,307,Salsa Frutos Rojos,Salsa Frutos Rojos,,300.0
Manila+Turbo,COL,,11 MANILA,713,⭕️Caja Lunch,⭕️Caja Lunch,Madre,108.0
Manila+Turbo,COL,,11 MANILA,3576,Flores dia de la Madre,Flores dia de la Madre,Madre,40.0
Manila+Turbo,COL,,11 MANILA,119,⚠️Aceite De Girasol,⚠️Aceite De Girasol,Madre,3700.0
Manila+Turbo,COL,,11 MANILA,172,Huevo Tipo AA,Huevo Tipo AA,Madre,894.0
Manila+Turbo,COL,,11 MANILA,550,⭕️Bolsa Pan Generica,⭕️Bolsa Pan Generica,Madre,95.0
Manila+Turbo,COL,,11 MANILA,237,Sal,Sal,Madre,2200.0
Manila+Turbo,COL,,11 MANILA,6078,Mezcla líquida pancakes de choclo,Mezcla líquida pancakes de choclo,Madre,900.0
Manila+Turbo,COL,,11 MANILA,432,Empaque Vinagreta,Empaque Vinagreta,Madre,157.0
Manila+Turbo,COL,,11 MANILA,604,Jugo de Naranja,Jugo de Naranja,Madre,243.0
Manila+Turbo,COL,,11 MANILA,5003,Porcion de fruta,Porcion de fruta,Madre,115.0
Manila+Turbo,COL,,11 MANILA,118,Croissant Huevo Jamon y Queso,Croissant Huevo Jamon y Queso,Madre,89.0
Manila+Turbo,COL,,11 MANILA,5045,Mini pancakes tradicionales SIN fresa,Mini pancakes tradicionales SIN fresa,Madre,52.0
Manila+Turbo,COL,,11 MANILA,2604,Caja Especial B&M,Caja Especial B&M,Madre,51.0
Manila+Turbo,COL,,11 MANILA,384,Tenedor Y Cuchillo,Tenedor Y Cuchillo,Madre,370.0
Manila+Turbo,COL,,11 MANILA,6273,Pancakes de choclo,Pancakes de choclo,Madre,6.0
Manila+Turbo,COL,,11 MANILA,5022,Minibon canela,Minibon canela,Madre,29.0
Manila+Turbo,COL,,11 MANILA,3799,Galleta Red Velvet Choc Blanco Individual Vicio,Galleta Red Velvet Choc Blanco Individual Vicio,Madre,10.0
Manila+Turbo,COL,,11 MANILA,3597,Flores 🌹,Flores 🌹,Madre,40.0
Manila+Turbo,COL,,11 MANILA,6343,COMBO INDIVIDUAL PANCAKES CHOCLO,COMBO INDIVIDUAL PANCAKES CHOCLO,Madre,6.0
Manila+Turbo,COL,,11 MANILA,6344,COMBO INDIVIDUAL MINIBON,COMBO INDIVIDUAL MINIBON,Madre,29.0
Manila+Turbo,COL,,11 MANILA,6345,COMBO INDIVIDUAL GALLETA,COMBO INDIVIDUAL GALLETA,Madre,8.0
Manila+Turbo,COL,,11 MANILA,6346,COMBO ESPECIAL CON FLORES,COMBO ESPECIAL CON FLORES,Madre,40.0
Manila+Turbo,COL,,11 MANILA,6348,COMBO ESPECIAL SIN FLORES,COMBO ESPECIAL SIN FLORES,Madre,11.0
Manila+Turbo,COL,,11 MANILA,63.0,Pancakes Tradicionales,Pancakes Tradicionales,Alistar,11.0
Bello,COL,,18 BELLO,1904,Papas pre Fritas,Papas pre Fritas,,3240
Bello,COL,,18 BELLO,287,Guacamole,Guacamole,,1000.0
Bello,COL,,18 BELLO,5270,Mix de lechugas,Mix de lechugas,,600.0
Bello,COL,,18 BELLO,246,Syrup,Syrup,Madre,2800.0
Bello,COL,,18 BELLO,127,Almendra Fileteada,Almendra Fileteada,,150.0
Bello,COL,,18 BELLO,1726,pepinillo en conserva,pepinillo en conserva,,90.0
Bello,COL,,18 BELLO,3510,Jar de Oreo PROD,Jar de Oreo PROD,,3.0
Bello,COL,,18 BELLO,3511,Jar de Limon PROD,Jar de Limon PROD,,3.0
Bello,COL,,18 BELLO,3512,Jar de Chocolate PROD,Jar de Chocolate PROD,,3.0
Bello,COL,,18 BELLO,3513,Jar 3 Leches PROD,Jar 3 Leches PROD,,3.0
Bello,COL,,18 BELLO,3514,Jar de Tiramisu PROD,Jar de Tiramisu PROD,,3.0
Bello,COL,,18 BELLO,286,Granola,Granola,,400.0
Bello,COL,,18 BELLO,180,Jugo de Naranja Bolsa Lt,Jugo de Naranja Bolsa Lt,Madre,12000.0
Bello,COL,,18 BELLO,179,Jugo de Mandarina Bolsa Lt,Jugo de Mandarina Bolsa Lt,,1500.0
Bello,COL,,18 BELLO,175,Jamon De Cerdo,Jamon De Cerdo,Madre,2160.0
Bello,COL,,18 BELLO,150,Chorizo Santarrosano,Chorizo Santarrosano,,480.0
Bello,COL,,18 BELLO,5594,Res desmechada.,Res desmechada.,,400.0
Bello,COL,,18 BELLO,2573,Tapa bowl kraft mini,Tapa bowl kraft mini,Madre,24.0
Bello,COL,,18 BELLO,3116,Tapa Botella 300ml,Tapa Botella 300ml,Madre,56.0
Bello,COL,,18 BELLO,441,Botella 300 ml,Botella 300 ml,Madre,56.0
Bello,COL,,18 BELLO,459,Porta hamburguesa,Porta hamburguesa,Madre,13.0
Bello,COL,,18 BELLO,545,Bowl Mini,Bowl Mini,Madre,24.0
Bello,COL,,18 BELLO,2600,Caja B&M,Caja B&M,Madre,20.0
Bello,COL,,18 BELLO,491,Servilletas,Servilletas,Madre,82.0
Bello,COL,,18 BELLO,250,Tomate Chonto,Tomate Chonto,,3300.0
Bello,COL,,18 BELLO,123,Aguacate Papelillo,Aguacate Papelillo,,700.0
Bello,COL,,18 BELLO,184,Lechuga Batavia,Lechuga Batavia,,1100.0
Bello,COL,,18 BELLO,215,Pepino Cohombro,Pepino Cohombro,,800.0
Bello,COL,,18 BELLO,221,Pina Golden,Pina Golden,Madre,3900.0
Bello,COL,,18 BELLO,210,Papaya Maradol,Papaya Maradol,Madre,2000.0
Bello,COL,,18 BELLO,137,Banano Criollo,Banano Criollo,,500.0
Bello,COL,,18 BELLO,164,Fresas,Fresas,,800.0
Bello,COL,,18 BELLO,151,Cilantro Patirojo,Cilantro Patirojo,,300.0
Bello,COL,,18 BELLO,163,Espinaca,Espinaca,,420.0
Bello,COL,,18 BELLO,146,Cebolla Roja,Cebolla Roja,,300.0
Bello,COL,,18 BELLO,185,Lechuga Romana,Lechuga Romana,,500.0
Bello,COL,,18 BELLO,249,Tomate Cherry,Tomate Cherry,,300.0
Bello,COL,,18 BELLO,145,Cebolla Larga Junca,Cebolla Larga Junca,,300.0
Bello,COL,,18 BELLO,130,Arandanos,Arandanos,,300.0
Bello,COL,,18 BELLO,181,Kale,Kale,,300.0
Bello,COL,,18 BELLO,243,Sorbet de acai,Sorbet de acai,,640.0
Bello,COL,,18 BELLO,228,Queso Doble Crema,Queso Doble Crema,,1300.0
Bello,COL,,18 BELLO,229,Queso Feta,Queso Feta,,300.0
Bello,COL,,18 BELLO,5511,Queso cheddar tajadas UN,Queso cheddar tajadas UN,Madre,71.0
Bello,COL,,18 BELLO,253,Tortilla De Harina,Tortilla De Harina,,30.0
Bello,COL,,18 BELLO,159,Croissant Grande,Croissant Grande,Madre,35.0
Bello,COL,,18 BELLO,2952,Arroz Achiotado,Arroz Achiotado,,4400.0
Bello,COL,,18 BELLO,5091,Limonada (con base limonada),Limonada (con base limonada),,4200.0
Bello,COL,,18 BELLO,283,Frijoles Negros,Frijoles Negros,,2600.0
Bello,COL,,18 BELLO,269,Arroz Integral Cocido,Arroz Integral Cocido,,2375.0
Bello,COL,,18 BELLO,464,Mezcla Pancakes Tradicionales Lista,Mezcla Pancakes Tradicionales Lista,Madre,5000.0
Bello,COL,,18 BELLO,5082,Carne Chilli,Carne Chilli,,1500.0
Bello,COL,,18 BELLO,4938,Pollo a las Hierbas,Pollo a las Hierbas,,1700.0
Bello,COL,,18 BELLO,295,Papa Calentada,Papa Calentada,,1200.0
Bello,COL,,18 BELLO,282,Frijol Paisa,Frijol Paisa,,800.0
Bello,COL,,18 BELLO,297,Platano Frito,Platano Frito,,700.0
Bello,COL,,18 BELLO,296,Pico de Gallo,Pico de Gallo,,1000.0
Bello,COL,,18 BELLO,5094,Cerdo Desmechado,Cerdo Desmechado,,1200.0
Bello,COL,,18 BELLO,5920,Pollo  BBQ,Pollo  BBQ,,800.0
Bello,COL,,18 BELLO,2730,Emulsion Alioli,Emulsion Alioli,Madre,1400.0
Bello,COL,,18 BELLO,288,Hummus De Garbanzos,Hummus De Garbanzos,,1000.0
Bello,COL,,18 BELLO,323,Yogur griego Preparado,Yogur griego Preparado,,800.0
Bello,COL,,18 BELLO,319,Vinagreta Libanesa,Vinagreta Libanesa,,500.0
Bello,COL,,18 BELLO,277,Vinagreta Cesar,Vinagreta Cesar,,600.0
Bello,COL,,18 BELLO,5630,Maíz salteado.,Maíz salteado.,,300.0
Bello,COL,,18 BELLO,5093,Tocineta producción,Tocineta producción,,400.0
Bello,COL,,18 BELLO,4816,Pasta Integral Cocida,Pasta Integral Cocida,,400.0
Bello,COL,,18 BELLO,306,Salsa Criolla Produccion,Salsa Criolla Produccion,,200.0
Bello,COL,,18 BELLO,5032,cebolla asada Mr.Beast,cebolla asada Mr.Beast,,252.0
Bello,COL,,18 BELLO,4811,Quinoa especiada,Quinoa especiada,,216.0
Bello,COL,,18 BELLO,320,Vinagreta de Jalapenos Mexicanos,Vinagreta de Jalapenos Mexicanos,,400.0
Bello,COL,,18 BELLO,318,Vinagreta de Pesto de Genoa,Vinagreta de Pesto de Genoa,,100.0
Bello,COL,,18 BELLO,465,Mezcla Pancakes Avena Lista,Mezcla Pancakes Avena Lista,,600.0
Bello,COL,,18 BELLO,4823,Hummus de Pimenton,Hummus de Pimenton,,300.0
Bello,COL,,18 BELLO,4818,Brocoli Rostizado,Brocoli Rostizado,,300.0
Bello,COL,,18 BELLO,5206,Coleslaw la cosmica,Coleslaw la cosmica,,300.0
Bello,COL,,18 BELLO,316,Vinagreta Balsamica de Modena,Vinagreta Balsamica de Modena,,200.0
Bello,COL,,18 BELLO,321,Vinagreta Mediterranea,Vinagreta Mediterranea,,200.0
Bello,COL,,18 BELLO,1283,Cebolla Encurtida Picante,Cebolla Encurtida Picante,,300.0
Bello,COL,,18 BELLO,4991,Mezcla Tostadas Francesas Nueva,Mezcla Tostadas Francesas Nueva,,200.0
Bello,COL,,18 BELLO,275,Crutones Zatahar,Crutones Zatahar,,300.0
Bello,COL,,18 BELLO,1240,Salsa Pizza,Salsa Pizza,,0.0
Bello,COL,,18 BELLO,5517,Totopos triturados,Totopos triturados,,300.0
Bello,COL,,18 BELLO,3609,Carne Smashed 80gr,Carne Smashed 80gr,,16.0
Bello,COL,,18 BELLO,4918,Pollo Ensalada,Pollo Ensalada,,8.0
Bello,COL,,18 BELLO,284,Galletas De Parmesano,Galletas De Parmesano,,63.0
Bello,COL,,18 BELLO,3481,Galleta de Chunks de Chocolate PROD,Galleta de Chunks de Chocolate PROD,,3.0
Bello,COL,,18 BELLO,3482,Galleta Oreo PROD,Galleta Oreo PROD,,3.0
Bello,COL,,18 BELLO,3483,Galleta Red Velvet Choc Blanco PROD,Galleta Red Velvet Choc Blanco PROD,Madre,7.0
Bello,COL,,18 BELLO,3484,Galleta Avena Frutos Rojos,Galleta Avena Frutos Rojos,,4.0
Bello,COL,,18 BELLO,3485,Galleta Nueces Choc Blanco,Galleta Nueces Choc Blanco,,0.0
Bello,COL,,18 BELLO,3486,Galleta Nutella y Nueces PROD,Galleta Nutella y Nueces PROD,,0.0
Bello,COL,,18 BELLO,3488,Galleta Doble Chocolate PROD,Galleta Doble Chocolate PROD,,0.0
Bello,COL,,18 BELLO,3623,Cubierta Queso Crema,Cubierta Queso Crema,Madre,700.0
Bello,COL,,18 BELLO,3002,Mezcla de Aceite Y Mantequilla (Produccion),Mezcla de Aceite Y Mantequilla (Produccion),Madre,900.0
Bello,COL,,18 BELLO,3632,PROD Minibon de Canela,PROD Minibon de Canela,Madre,9.0
Bello,COL,,18 BELLO,307,Salsa Frutos Rojos,Salsa Frutos Rojos,,300.0
Bello,COL,,18 BELLO,713,⭕️Caja Lunch,⭕️Caja Lunch,Madre,35.0
Bello,COL,,18 BELLO,3576,Flores dia de la Madre,Flores dia de la Madre,Madre,19.0
Bello,COL,,18 BELLO,119,⚠️Aceite De Girasol,⚠️Aceite De Girasol,Madre,900.0
Bello,COL,,18 BELLO,172,Huevo Tipo AA,Huevo Tipo AA,Madre,212.0
Bello,COL,,18 BELLO,550,⭕️Bolsa Pan Generica,⭕️Bolsa Pan Generica,Madre,20.0
Bello,COL,,18 BELLO,237,Sal,Sal,Madre,700.0
Bello,COL,,18 BELLO,6078,Mezcla líquida pancakes de choclo,Mezcla líquida pancakes de choclo,Madre,300.0
Bello,COL,,18 BELLO,432,Empaque Vinagreta,Empaque Vinagreta,Madre,51.0
Bello,COL,,18 BELLO,604,Jugo de Naranja,Jugo de Naranja,Madre,69.0
Bello,COL,,18 BELLO,5003,Porcion de fruta,Porcion de fruta,Madre,44.0
Bello,COL,,18 BELLO,118,Croissant Huevo Jamon y Queso,Croissant Huevo Jamon y Queso,Madre,30.0
Bello,COL,,18 BELLO,5045,Mini pancakes tradicionales SIN fresa,Mini pancakes tradicionales SIN fresa,Madre,24.0
Bello,COL,,18 BELLO,2604,Caja Especial B&M,Caja Especial B&M,Madre,20.0
Bello,COL,,18 BELLO,384,Tenedor Y Cuchillo,Tenedor Y Cuchillo,Madre,67.0
Bello,COL,,18 BELLO,6273,Pancakes de choclo,Pancakes de choclo,Madre,3.0
Bello,COL,,18 BELLO,5022,Minibon canela,Minibon canela,Madre,7.0
Bello,COL,,18 BELLO,3799,Galleta Red Velvet Choc Blanco Individual Vicio,Galleta Red Velvet Choc Blanco Individual Vicio,Madre,5.0
Bello,COL,,18 BELLO,3597,Flores 🌹,Flores 🌹,Madre,19.0
Bello,COL,,18 BELLO,6343,COMBO INDIVIDUAL PANCAKES CHOCLO,COMBO INDIVIDUAL PANCAKES CHOCLO,Madre,2.0
Bello,COL,,18 BELLO,6344,COMBO INDIVIDUAL MINIBON,COMBO INDIVIDUAL MINIBON,Madre,7.0
Bello,COL,,18 BELLO,6345,COMBO INDIVIDUAL GALLETA,COMBO INDIVIDUAL GALLETA,Madre,3.0
Bello,COL,,18 BELLO,6346,COMBO ESPECIAL CON FLORES,COMBO ESPECIAL CON FLORES,Madre,19.0
Bello,COL,,18 BELLO,6348,COMBO ESPECIAL SIN FLORES,COMBO ESPECIAL SIN FLORES,Madre,1.0
Bello,COL,,18 BELLO,63.0,Pancakes Tradicionales,Pancakes Tradicionales,Alistar,5.0
Itagui,COL,,29 ITAGUI,1904,Papas pre Fritas,Papas pre Fritas,,4140
Itagui,COL,,29 ITAGUI,287,Guacamole,Guacamole,,900.0
Itagui,COL,,29 ITAGUI,5270,Mix de lechugas,Mix de lechugas,,600.0
Itagui,COL,,29 ITAGUI,246,Syrup,Syrup,Madre,3800.0
Itagui,COL,,29 ITAGUI,127,Almendra Fileteada,Almendra Fileteada,,150.0
Itagui,COL,,29 ITAGUI,1726,pepinillo en conserva,pepinillo en conserva,,110.0
Itagui,COL,,29 ITAGUI,3510,Jar de Oreo PROD,Jar de Oreo PROD,,3.0
Itagui,COL,,29 ITAGUI,3511,Jar de Limon PROD,Jar de Limon PROD,,3.0
Itagui,COL,,29 ITAGUI,3512,Jar de Chocolate PROD,Jar de Chocolate PROD,,3.0
Itagui,COL,,29 ITAGUI,3513,Jar 3 Leches PROD,Jar 3 Leches PROD,,3.0
Itagui,COL,,29 ITAGUI,3514,Jar de Tiramisu PROD,Jar de Tiramisu PROD,,3.0
Itagui,COL,,29 ITAGUI,286,Granola,Granola,,400.0
Itagui,COL,,29 ITAGUI,180,Jugo de Naranja Bolsa Lt,Jugo de Naranja Bolsa Lt,Madre,16800.0
Itagui,COL,,29 ITAGUI,179,Jugo de Mandarina Bolsa Lt,Jugo de Mandarina Bolsa Lt,,1500.0
Itagui,COL,,29 ITAGUI,175,Jamon De Cerdo,Jamon De Cerdo,Madre,3300.0
Itagui,COL,,29 ITAGUI,150,Chorizo Santarrosano,Chorizo Santarrosano,,640.0
Itagui,COL,,29 ITAGUI,5594,Res desmechada.,Res desmechada.,,500.0
Itagui,COL,,29 ITAGUI,2573,Tapa bowl kraft mini,Tapa bowl kraft mini,Madre,40.0
Itagui,COL,,29 ITAGUI,3116,Tapa Botella 300ml,Tapa Botella 300ml,Madre,74.0
Itagui,COL,,29 ITAGUI,441,Botella 300 ml,Botella 300 ml,Madre,74.0
Itagui,COL,,29 ITAGUI,459,Porta hamburguesa,Porta hamburguesa,Madre,15.0
Itagui,COL,,29 ITAGUI,545,Bowl Mini,Bowl Mini,Madre,40.0
Itagui,COL,,29 ITAGUI,2600,Caja B&M,Caja B&M,Madre,35.0
Itagui,COL,,29 ITAGUI,491,Servilletas,Servilletas,Madre,109.0
Itagui,COL,,29 ITAGUI,250,Tomate Chonto,Tomate Chonto,,3100.0
Itagui,COL,,29 ITAGUI,123,Aguacate Papelillo,Aguacate Papelillo,,700.0
Itagui,COL,,29 ITAGUI,184,Lechuga Batavia,Lechuga Batavia,,1000.0
Itagui,COL,,29 ITAGUI,215,Pepino Cohombro,Pepino Cohombro,,700.0
Itagui,COL,,29 ITAGUI,221,Pina Golden,Pina Golden,Madre,4000.0
Itagui,COL,,29 ITAGUI,210,Papaya Maradol,Papaya Maradol,Madre,3000.0
Itagui,COL,,29 ITAGUI,137,Banano Criollo,Banano Criollo,,400.0
Itagui,COL,,29 ITAGUI,164,Fresas,Fresas,,700.0
Itagui,COL,,29 ITAGUI,151,Cilantro Patirojo,Cilantro Patirojo,,300.0
Itagui,COL,,29 ITAGUI,163,Espinaca,Espinaca,,360.0
Itagui,COL,,29 ITAGUI,146,Cebolla Roja,Cebolla Roja,,300.0
Itagui,COL,,29 ITAGUI,185,Lechuga Romana,Lechuga Romana,,400.0
Itagui,COL,,29 ITAGUI,249,Tomate Cherry,Tomate Cherry,,200.0
Itagui,COL,,29 ITAGUI,145,Cebolla Larga Junca,Cebolla Larga Junca,,300.0
Itagui,COL,,29 ITAGUI,130,Arandanos,Arandanos,,300.0
Itagui,COL,,29 ITAGUI,181,Kale,Kale,,200.0
Itagui,COL,,29 ITAGUI,243,Sorbet de acai,Sorbet de acai,,640.0
Itagui,COL,,29 ITAGUI,228,Queso Doble Crema,Queso Doble Crema,,1200.0
Itagui,COL,,29 ITAGUI,229,Queso Feta,Queso Feta,,300.0
Itagui,COL,,29 ITAGUI,5511,Queso cheddar tajadas UN,Queso cheddar tajadas UN,Madre,107.0
Itagui,COL,,29 ITAGUI,253,Tortilla De Harina,Tortilla De Harina,,28.0
Itagui,COL,,29 ITAGUI,159,Croissant Grande,Croissant Grande,Madre,101.0
Itagui,COL,,29 ITAGUI,2952,Arroz Achiotado,Arroz Achiotado,,4600.0
Itagui,COL,,29 ITAGUI,5091,Limonada (con base limonada),Limonada (con base limonada),,5100.0
Itagui,COL,,29 ITAGUI,283,Frijoles Negros,Frijoles Negros,,2470.0
Itagui,COL,,29 ITAGUI,269,Arroz Integral Cocido,Arroz Integral Cocido,,2000.0
Itagui,COL,,29 ITAGUI,464,Mezcla Pancakes Tradicionales Lista,Mezcla Pancakes Tradicionales Lista,Madre,6900.0
Itagui,COL,,29 ITAGUI,5082,Carne Chilli,Carne Chilli,,1500.0
Itagui,COL,,29 ITAGUI,4938,Pollo a las Hierbas,Pollo a las Hierbas,,1800.0
Itagui,COL,,29 ITAGUI,295,Papa Calentada,Papa Calentada,,1200.0
Itagui,COL,,29 ITAGUI,282,Frijol Paisa,Frijol Paisa,,800.0
Itagui,COL,,29 ITAGUI,297,Platano Frito,Platano Frito,,700.0
Itagui,COL,,29 ITAGUI,296,Pico de Gallo,Pico de Gallo,,800.0
Itagui,COL,,29 ITAGUI,5094,Cerdo Desmechado,Cerdo Desmechado,,1200.0
Itagui,COL,,29 ITAGUI,5920,Pollo  BBQ,Pollo  BBQ,,900.0
Itagui,COL,,29 ITAGUI,2730,Emulsion Alioli,Emulsion Alioli,Madre,1800.0
Itagui,COL,,29 ITAGUI,288,Hummus De Garbanzos,Hummus De Garbanzos,,1100.0
Itagui,COL,,29 ITAGUI,323,Yogur griego Preparado,Yogur griego Preparado,,500.0
Itagui,COL,,29 ITAGUI,319,Vinagreta Libanesa,Vinagreta Libanesa,,300.0
Itagui,COL,,29 ITAGUI,277,Vinagreta Cesar,Vinagreta Cesar,,400.0
Itagui,COL,,29 ITAGUI,5630,Maíz salteado.,Maíz salteado.,,400.0
Itagui,COL,,29 ITAGUI,5093,Tocineta producción,Tocineta producción,,400.0
Itagui,COL,,29 ITAGUI,4816,Pasta Integral Cocida,Pasta Integral Cocida,,400.0
Itagui,COL,,29 ITAGUI,306,Salsa Criolla Produccion,Salsa Criolla Produccion,,200.0
Itagui,COL,,29 ITAGUI,5032,cebolla asada Mr.Beast,cebolla asada Mr.Beast,,392.0
Itagui,COL,,29 ITAGUI,4811,Quinoa especiada,Quinoa especiada,,144.0
Itagui,COL,,29 ITAGUI,320,Vinagreta de Jalapenos Mexicanos,Vinagreta de Jalapenos Mexicanos,,200.0
Itagui,COL,,29 ITAGUI,318,Vinagreta de Pesto de Genoa,Vinagreta de Pesto de Genoa,,120.0
Itagui,COL,,29 ITAGUI,465,Mezcla Pancakes Avena Lista,Mezcla Pancakes Avena Lista,,300.0
Itagui,COL,,29 ITAGUI,4823,Hummus de Pimenton,Hummus de Pimenton,,200.0
Itagui,COL,,29 ITAGUI,4818,Brocoli Rostizado,Brocoli Rostizado,,300.0
Itagui,COL,,29 ITAGUI,5206,Coleslaw la cosmica,Coleslaw la cosmica,,300.0
Itagui,COL,,29 ITAGUI,316,Vinagreta Balsamica de Modena,Vinagreta Balsamica de Modena,,200.0
Itagui,COL,,29 ITAGUI,321,Vinagreta Mediterranea,Vinagreta Mediterranea,,200.0
Itagui,COL,,29 ITAGUI,1283,Cebolla Encurtida Picante,Cebolla Encurtida Picante,,200.0
Itagui,COL,,29 ITAGUI,4991,Mezcla Tostadas Francesas Nueva,Mezcla Tostadas Francesas Nueva,,300.0
Itagui,COL,,29 ITAGUI,275,Crutones Zatahar,Crutones Zatahar,,200.0
Itagui,COL,,29 ITAGUI,1240,Salsa Pizza,Salsa Pizza,,0.0
Itagui,COL,,29 ITAGUI,5517,Totopos triturados,Totopos triturados,,200.0
Itagui,COL,,29 ITAGUI,3609,Carne Smashed 80gr,Carne Smashed 80gr,,24.0
Itagui,COL,,29 ITAGUI,4918,Pollo Ensalada,Pollo Ensalada,,7.0
Itagui,COL,,29 ITAGUI,284,Galletas De Parmesano,Galletas De Parmesano,,42.0
Itagui,COL,,29 ITAGUI,3481,Galleta de Chunks de Chocolate PROD,Galleta de Chunks de Chocolate PROD,,5.0
Itagui,COL,,29 ITAGUI,3482,Galleta Oreo PROD,Galleta Oreo PROD,,2.0
Itagui,COL,,29 ITAGUI,3483,Galleta Red Velvet Choc Blanco PROD,Galleta Red Velvet Choc Blanco PROD,Madre,7.0
Itagui,COL,,29 ITAGUI,3484,Galleta Avena Frutos Rojos,Galleta Avena Frutos Rojos,,3.0
Itagui,COL,,29 ITAGUI,3485,Galleta Nueces Choc Blanco,Galleta Nueces Choc Blanco,,1.0
Itagui,COL,,29 ITAGUI,3486,Galleta Nutella y Nueces PROD,Galleta Nutella y Nueces PROD,,1.0
Itagui,COL,,29 ITAGUI,3488,Galleta Doble Chocolate PROD,Galleta Doble Chocolate PROD,,0.0
Itagui,COL,,29 ITAGUI,3623,Cubierta Queso Crema,Cubierta Queso Crema,Madre,1100.0
Itagui,COL,,29 ITAGUI,3002,Mezcla de Aceite Y Mantequilla (Produccion),Mezcla de Aceite Y Mantequilla (Produccion),Madre,1300.0
Itagui,COL,,29 ITAGUI,3632,PROD Minibon de Canela,PROD Minibon de Canela,Madre,16.0
Itagui,COL,,29 ITAGUI,307,Salsa Frutos Rojos,Salsa Frutos Rojos,,300.0
Itagui,COL,,29 ITAGUI,713,⭕️Caja Lunch,⭕️Caja Lunch,Madre,53.0
Itagui,COL,,29 ITAGUI,3576,Flores dia de la Madre,Flores dia de la Madre,Madre,24.0
Itagui,COL,,29 ITAGUI,119,⚠️Aceite De Girasol,⚠️Aceite De Girasol,Madre,1100.0
Itagui,COL,,29 ITAGUI,172,Huevo Tipo AA,Huevo Tipo AA,Madre,286.0
Itagui,COL,,29 ITAGUI,550,⭕️Bolsa Pan Generica,⭕️Bolsa Pan Generica,Madre,23.0
Itagui,COL,,29 ITAGUI,237,Sal,Sal,Madre,700.0
Itagui,COL,,29 ITAGUI,6078,Mezcla líquida pancakes de choclo,Mezcla líquida pancakes de choclo,Madre,400.0
Itagui,COL,,29 ITAGUI,432,Empaque Vinagreta,Empaque Vinagreta,Madre,58.0
Itagui,COL,,29 ITAGUI,604,Jugo de Naranja,Jugo de Naranja,Madre,109.0
Itagui,COL,,29 ITAGUI,5003,Porcion de fruta,Porcion de fruta,Madre,70.0
Itagui,COL,,29 ITAGUI,118,Croissant Huevo Jamon y Queso,Croissant Huevo Jamon y Queso,Madre,49.0
Itagui,COL,,29 ITAGUI,5045,Mini pancakes tradicionales SIN fresa,Mini pancakes tradicionales SIN fresa,Madre,40.0
Itagui,COL,,29 ITAGUI,2604,Caja Especial B&M,Caja Especial B&M,Madre,35.0
Itagui,COL,,29 ITAGUI,384,Tenedor Y Cuchillo,Tenedor Y Cuchillo,Madre,109.0
Itagui,COL,,29 ITAGUI,6273,Pancakes de choclo,Pancakes de choclo,Madre,3.0
Itagui,COL,,29 ITAGUI,5022,Minibon canela,Minibon canela,Madre,13.0
Itagui,COL,,29 ITAGUI,3799,Galleta Red Velvet Choc Blanco Individual Vicio,Galleta Red Velvet Choc Blanco Individual Vicio,Madre,3.0
Itagui,COL,,29 ITAGUI,3597,Flores 🌹,Flores 🌹,Madre,24.0
Itagui,COL,,29 ITAGUI,6343,COMBO INDIVIDUAL PANCAKES CHOCLO,COMBO INDIVIDUAL PANCAKES CHOCLO,Madre,2.0
Itagui,COL,,29 ITAGUI,6344,COMBO INDIVIDUAL MINIBON,COMBO INDIVIDUAL MINIBON,Madre,13.0
Itagui,COL,,29 ITAGUI,6345,COMBO INDIVIDUAL GALLETA,COMBO INDIVIDUAL GALLETA,Madre,2.0
Itagui,COL,,29 ITAGUI,6346,COMBO ESPECIAL CON FLORES,COMBO ESPECIAL CON FLORES,Madre,24.0
Itagui,COL,,29 ITAGUI,6348,COMBO ESPECIAL SIN FLORES,COMBO ESPECIAL SIN FLORES,Madre,10.0
Itagui,COL,,29 ITAGUI,63.0,Pancakes Tradicionales,Pancakes Tradicionales,Alistar,4.0
Envigado,COL,,14 ENVIGADO,1904,Papas pre Fritas,Papas pre Fritas,,5760
Envigado,COL,,14 ENVIGADO,287,Guacamole,Guacamole,,1600.0
Envigado,COL,,14 ENVIGADO,5270,Mix de lechugas,Mix de lechugas,,700.0
Envigado,COL,,14 ENVIGADO,246,Syrup,Syrup,Madre,6100.0
Envigado,COL,,14 ENVIGADO,127,Almendra Fileteada,Almendra Fileteada,,270.0
Envigado,COL,,14 ENVIGADO,1726,pepinillo en conserva,pepinillo en conserva,,160.0
Envigado,COL,,14 ENVIGADO,3510,Jar de Oreo PROD,Jar de Oreo PROD,,4.0
Envigado,COL,,14 ENVIGADO,3511,Jar de Limon PROD,Jar de Limon PROD,,3.0
Envigado,COL,,14 ENVIGADO,3512,Jar de Chocolate PROD,Jar de Chocolate PROD,,3.0
Envigado,COL,,14 ENVIGADO,3513,Jar 3 Leches PROD,Jar 3 Leches PROD,,4.0
Envigado,COL,,14 ENVIGADO,3514,Jar de Tiramisu PROD,Jar de Tiramisu PROD,,3.0
Envigado,COL,,14 ENVIGADO,286,Granola,Granola,,500.0
Envigado,COL,,14 ENVIGADO,180,Jugo de Naranja Bolsa Lt,Jugo de Naranja Bolsa Lt,Madre,26400.0
Envigado,COL,,14 ENVIGADO,179,Jugo de Mandarina Bolsa Lt,Jugo de Mandarina Bolsa Lt,,2700.0
Envigado,COL,,14 ENVIGADO,175,Jamon De Cerdo,Jamon De Cerdo,Madre,5220.0
Envigado,COL,,14 ENVIGADO,150,Chorizo Santarrosano,Chorizo Santarrosano,,1040.0
Envigado,COL,,14 ENVIGADO,5594,Res desmechada.,Res desmechada.,,700.0
Envigado,COL,,14 ENVIGADO,2573,Tapa bowl kraft mini,Tapa bowl kraft mini,Madre,51.0
Envigado,COL,,14 ENVIGADO,3116,Tapa Botella 300ml,Tapa Botella 300ml,Madre,118.0
Envigado,COL,,14 ENVIGADO,441,Botella 300 ml,Botella 300 ml,Madre,118.0
Envigado,COL,,14 ENVIGADO,459,Porta hamburguesa,Porta hamburguesa,Madre,26.0
Envigado,COL,,14 ENVIGADO,545,Bowl Mini,Bowl Mini,Madre,51.0
Envigado,COL,,14 ENVIGADO,2600,Caja B&M,Caja B&M,Madre,43.0
Envigado,COL,,14 ENVIGADO,491,Servilletas,Servilletas,Madre,188.0
Envigado,COL,,14 ENVIGADO,250,Tomate Chonto,Tomate Chonto,,5200.0
Envigado,COL,,14 ENVIGADO,123,Aguacate Papelillo,Aguacate Papelillo,,1100.0
Envigado,COL,,14 ENVIGADO,184,Lechuga Batavia,Lechuga Batavia,,1800.0
Envigado,COL,,14 ENVIGADO,215,Pepino Cohombro,Pepino Cohombro,,1100.0
Envigado,COL,,14 ENVIGADO,221,Pina Golden,Pina Golden,Madre,7800.0
Envigado,COL,,14 ENVIGADO,210,Papaya Maradol,Papaya Maradol,Madre,4000.0
Envigado,COL,,14 ENVIGADO,137,Banano Criollo,Banano Criollo,,600.0
Envigado,COL,,14 ENVIGADO,164,Fresas,Fresas,,1400.0
Envigado,COL,,14 ENVIGADO,151,Cilantro Patirojo,Cilantro Patirojo,,300.0
Envigado,COL,,14 ENVIGADO,163,Espinaca,Espinaca,,540.0
Envigado,COL,,14 ENVIGADO,146,Cebolla Roja,Cebolla Roja,,300.0
Envigado,COL,,14 ENVIGADO,185,Lechuga Romana,Lechuga Romana,,500.0
Envigado,COL,,14 ENVIGADO,249,Tomate Cherry,Tomate Cherry,,300.0
Envigado,COL,,14 ENVIGADO,145,Cebolla Larga Junca,Cebolla Larga Junca,,400.0
Envigado,COL,,14 ENVIGADO,130,Arandanos,Arandanos,,300.0
Envigado,COL,,14 ENVIGADO,181,Kale,Kale,,200.0
Envigado,COL,,14 ENVIGADO,243,Sorbet de acai,Sorbet de acai,,960.0
Envigado,COL,,14 ENVIGADO,228,Queso Doble Crema,Queso Doble Crema,,2100.0
Envigado,COL,,14 ENVIGADO,229,Queso Feta,Queso Feta,,300.0
Envigado,COL,,14 ENVIGADO,5511,Queso cheddar tajadas UN,Queso cheddar tajadas UN,Madre,162.0
Envigado,COL,,14 ENVIGADO,253,Tortilla De Harina,Tortilla De Harina,,53.0
Envigado,COL,,14 ENVIGADO,159,Croissant Grande,Croissant Grande,Madre,162.0
Envigado,COL,,14 ENVIGADO,2952,Arroz Achiotado,Arroz Achiotado,,7400.0
Envigado,COL,,14 ENVIGADO,5091,Limonada (con base limonada),Limonada (con base limonada),,6900.0
Envigado,COL,,14 ENVIGADO,283,Frijoles Negros,Frijoles Negros,,3900.0
Envigado,COL,,14 ENVIGADO,269,Arroz Integral Cocido,Arroz Integral Cocido,,3625.0
Envigado,COL,,14 ENVIGADO,464,Mezcla Pancakes Tradicionales Lista,Mezcla Pancakes Tradicionales Lista,Madre,11200.0
Envigado,COL,,14 ENVIGADO,5082,Carne Chilli,Carne Chilli,,2100.0
Envigado,COL,,14 ENVIGADO,4938,Pollo a las Hierbas,Pollo a las Hierbas,,2700.0
Envigado,COL,,14 ENVIGADO,295,Papa Calentada,Papa Calentada,,2100.0
Envigado,COL,,14 ENVIGADO,282,Frijol Paisa,Frijol Paisa,,1200.0
Envigado,COL,,14 ENVIGADO,297,Platano Frito,Platano Frito,,1300.0
Envigado,COL,,14 ENVIGADO,296,Pico de Gallo,Pico de Gallo,,1400.0
Envigado,COL,,14 ENVIGADO,5094,Cerdo Desmechado,Cerdo Desmechado,,1600.0
Envigado,COL,,14 ENVIGADO,5920,Pollo  BBQ,Pollo  BBQ,,1100.0
Envigado,COL,,14 ENVIGADO,2730,Emulsion Alioli,Emulsion Alioli,Madre,2800.0
Envigado,COL,,14 ENVIGADO,288,Hummus De Garbanzos,Hummus De Garbanzos,,1400.0
Envigado,COL,,14 ENVIGADO,323,Yogur griego Preparado,Yogur griego Preparado,,500.0
Envigado,COL,,14 ENVIGADO,319,Vinagreta Libanesa,Vinagreta Libanesa,,600.0
Envigado,COL,,14 ENVIGADO,277,Vinagreta Cesar,Vinagreta Cesar,,600.0
Envigado,COL,,14 ENVIGADO,5630,Maíz salteado.,Maíz salteado.,,400.0
Envigado,COL,,14 ENVIGADO,5093,Tocineta producción,Tocineta producción,,600.0
Envigado,COL,,14 ENVIGADO,4816,Pasta Integral Cocida,Pasta Integral Cocida,,400.0
Envigado,COL,,14 ENVIGADO,306,Salsa Criolla Produccion,Salsa Criolla Produccion,,325.0
Envigado,COL,,14 ENVIGADO,5032,cebolla asada Mr.Beast,cebolla asada Mr.Beast,,532.0
Envigado,COL,,14 ENVIGADO,4811,Quinoa especiada,Quinoa especiada,,216.0
Envigado,COL,,14 ENVIGADO,320,Vinagreta de Jalapenos Mexicanos,Vinagreta de Jalapenos Mexicanos,,300.0
Envigado,COL,,14 ENVIGADO,318,Vinagreta de Pesto de Genoa,Vinagreta de Pesto de Genoa,,100.0
Envigado,COL,,14 ENVIGADO,465,Mezcla Pancakes Avena Lista,Mezcla Pancakes Avena Lista,,900.0
Envigado,COL,,14 ENVIGADO,4823,Hummus de Pimenton,Hummus de Pimenton,,200.0
Envigado,COL,,14 ENVIGADO,4818,Brocoli Rostizado,Brocoli Rostizado,,300.0
Envigado,COL,,14 ENVIGADO,5206,Coleslaw la cosmica,Coleslaw la cosmica,,300.0
Envigado,COL,,14 ENVIGADO,316,Vinagreta Balsamica de Modena,Vinagreta Balsamica de Modena,,200.0
Envigado,COL,,14 ENVIGADO,321,Vinagreta Mediterranea,Vinagreta Mediterranea,,200.0
Envigado,COL,,14 ENVIGADO,1283,Cebolla Encurtida Picante,Cebolla Encurtida Picante,,300.0
Envigado,COL,,14 ENVIGADO,4991,Mezcla Tostadas Francesas Nueva,Mezcla Tostadas Francesas Nueva,,400.0
Envigado,COL,,14 ENVIGADO,275,Crutones Zatahar,Crutones Zatahar,,300.0
Envigado,COL,,14 ENVIGADO,1240,Salsa Pizza,Salsa Pizza,,0.0
Envigado,COL,,14 ENVIGADO,5517,Totopos triturados,Totopos triturados,,200.0
Envigado,COL,,14 ENVIGADO,3609,Carne Smashed 80gr,Carne Smashed 80gr,,28.0
Envigado,COL,,14 ENVIGADO,4918,Pollo Ensalada,Pollo Ensalada,,12.0
Envigado,COL,,14 ENVIGADO,284,Galletas De Parmesano,Galletas De Parmesano,,42.0
Envigado,COL,,14 ENVIGADO,3481,Galleta de Chunks de Chocolate PROD,Galleta de Chunks de Chocolate PROD,,7.0
Envigado,COL,,14 ENVIGADO,3482,Galleta Oreo PROD,Galleta Oreo PROD,,4.0
Envigado,COL,,14 ENVIGADO,3483,Galleta Red Velvet Choc Blanco PROD,Galleta Red Velvet Choc Blanco PROD,Madre,9.0
Envigado,COL,,14 ENVIGADO,3484,Galleta Avena Frutos Rojos,Galleta Avena Frutos Rojos,,5.0
Envigado,COL,,14 ENVIGADO,3485,Galleta Nueces Choc Blanco,Galleta Nueces Choc Blanco,,0.0
Envigado,COL,,14 ENVIGADO,3486,Galleta Nutella y Nueces PROD,Galleta Nutella y Nueces PROD,,0.0
Envigado,COL,,14 ENVIGADO,3488,Galleta Doble Chocolate PROD,Galleta Doble Chocolate PROD,,0.0
Envigado,COL,,14 ENVIGADO,3623,Cubierta Queso Crema,Cubierta Queso Crema,Madre,1700.0
Envigado,COL,,14 ENVIGADO,3002,Mezcla de Aceite Y Mantequilla (Produccion),Mezcla de Aceite Y Mantequilla (Produccion),Madre,1800.0
Envigado,COL,,14 ENVIGADO,3632,PROD Minibon de Canela,PROD Minibon de Canela,Madre,30.0
Envigado,COL,,14 ENVIGADO,307,Salsa Frutos Rojos,Salsa Frutos Rojos,,300.0
Envigado,COL,,14 ENVIGADO,713,⭕️Caja Lunch,⭕️Caja Lunch,Madre,85.0
Envigado,COL,,14 ENVIGADO,3576,Flores dia de la Madre,Flores dia de la Madre,Madre,32.0
Envigado,COL,,14 ENVIGADO,119,⚠️Aceite De Girasol,⚠️Aceite De Girasol,Madre,2100.0
Envigado,COL,,14 ENVIGADO,172,Huevo Tipo AA,Huevo Tipo AA,Madre,526.0
Envigado,COL,,14 ENVIGADO,550,⭕️Bolsa Pan Generica,⭕️Bolsa Pan Generica,Madre,41.0
Envigado,COL,,14 ENVIGADO,237,Sal,Sal,Madre,1100.0
Envigado,COL,,14 ENVIGADO,6078,Mezcla líquida pancakes de choclo,Mezcla líquida pancakes de choclo,Madre,400.0
Envigado,COL,,14 ENVIGADO,432,Empaque Vinagreta,Empaque Vinagreta,Madre,92.0
Envigado,COL,,14 ENVIGADO,604,Jugo de Naranja,Jugo de Naranja,Madre,175.0
Envigado,COL,,14 ENVIGADO,5003,Porcion de fruta,Porcion de fruta,Madre,93.0
Envigado,COL,,14 ENVIGADO,118,Croissant Huevo Jamon y Queso,Croissant Huevo Jamon y Queso,Madre,75.0
Envigado,COL,,14 ENVIGADO,5045,Mini pancakes tradicionales SIN fresa,Mini pancakes tradicionales SIN fresa,Madre,43.0
Envigado,COL,,14 ENVIGADO,2604,Caja Especial B&M,Caja Especial B&M,Madre,43.0
Envigado,COL,,14 ENVIGADO,384,Tenedor Y Cuchillo,Tenedor Y Cuchillo,Madre,185.0
Envigado,COL,,14 ENVIGADO,6273,Pancakes de choclo,Pancakes de choclo,Madre,3.0
Envigado,COL,,14 ENVIGADO,5022,Minibon canela,Minibon canela,Madre,27.0
Envigado,COL,,14 ENVIGADO,3799,Galleta Red Velvet Choc Blanco Individual Vicio,Galleta Red Velvet Choc Blanco Individual Vicio,Madre,5.0
Envigado,COL,,14 ENVIGADO,3597,Flores 🌹,Flores 🌹,Madre,32.0
Envigado,COL,,14 ENVIGADO,6343,COMBO INDIVIDUAL PANCAKES CHOCLO,COMBO INDIVIDUAL PANCAKES CHOCLO,Madre,2.0
Envigado,COL,,14 ENVIGADO,6344,COMBO INDIVIDUAL MINIBON,COMBO INDIVIDUAL MINIBON,Madre,27.0
Envigado,COL,,14 ENVIGADO,6345,COMBO INDIVIDUAL GALLETA,COMBO INDIVIDUAL GALLETA,Madre,3.0
Envigado,COL,,14 ENVIGADO,6346,COMBO ESPECIAL CON FLORES,COMBO ESPECIAL CON FLORES,Madre,32.0
Envigado,COL,,14 ENVIGADO,6348,COMBO ESPECIAL SIN FLORES,COMBO ESPECIAL SIN FLORES,Madre,11.0
Envigado,COL,,14 ENVIGADO,63.0,Pancakes Tradicionales,Pancakes Tradicionales,Alistar,9.0
Laureles+Turbo,COL,,12 LAURELES,1904,Papas pre Fritas,Papas pre Fritas,,7560
Laureles+Turbo,COL,,12 LAURELES,287,Guacamole,Guacamole,,4000.0
Laureles+Turbo,COL,,12 LAURELES,5270,Mix de lechugas,Mix de lechugas,,1500.0
Laureles+Turbo,COL,,12 LAURELES,246,Syrup,Syrup,Madre,9000.0
Laureles+Turbo,COL,,12 LAURELES,127,Almendra Fileteada,Almendra Fileteada,,570.0
Laureles+Turbo,COL,,12 LAURELES,1726,pepinillo en conserva,pepinillo en conserva,,200.0
Laureles+Turbo,COL,,12 LAURELES,3510,Jar de Oreo PROD,Jar de Oreo PROD,,6.0
Laureles+Turbo,COL,,12 LAURELES,3511,Jar de Limon PROD,Jar de Limon PROD,,3.0
Laureles+Turbo,COL,,12 LAURELES,3512,Jar de Chocolate PROD,Jar de Chocolate PROD,,4.0
Laureles+Turbo,COL,,12 LAURELES,3513,Jar 3 Leches PROD,Jar 3 Leches PROD,,7.0
Laureles+Turbo,COL,,12 LAURELES,3514,Jar de Tiramisu PROD,Jar de Tiramisu PROD,,4.0
Laureles+Turbo,COL,,12 LAURELES,286,Granola,Granola,,800.0
Laureles+Turbo,COL,,12 LAURELES,180,Jugo de Naranja Bolsa Lt,Jugo de Naranja Bolsa Lt,Madre,36900.0
Laureles+Turbo,COL,,12 LAURELES,179,Jugo de Mandarina Bolsa Lt,Jugo de Mandarina Bolsa Lt,,5400.0
Laureles+Turbo,COL,,12 LAURELES,175,Jamon De Cerdo,Jamon De Cerdo,Madre,6780.0
Laureles+Turbo,COL,,12 LAURELES,150,Chorizo Santarrosano,Chorizo Santarrosano,,1920.0
Laureles+Turbo,COL,,12 LAURELES,5594,Res desmechada.,Res desmechada.,,1600.0
Laureles+Turbo,COL,,12 LAURELES,2573,Tapa bowl kraft mini,Tapa bowl kraft mini,Madre,70.0
Laureles+Turbo,COL,,12 LAURELES,3116,Tapa Botella 300ml,Tapa Botella 300ml,Madre,182.0
Laureles+Turbo,COL,,12 LAURELES,441,Botella 300 ml,Botella 300 ml,Madre,182.0
Laureles+Turbo,COL,,12 LAURELES,459,Porta hamburguesa,Porta hamburguesa,Madre,60.0
Laureles+Turbo,COL,,12 LAURELES,545,Bowl Mini,Bowl Mini,Madre,70.0
Laureles+Turbo,COL,,12 LAURELES,2600,Caja B&M,Caja B&M,Madre,51.0
Laureles+Turbo,COL,,12 LAURELES,491,Servilletas,Servilletas,Madre,282.0
Laureles+Turbo,COL,,12 LAURELES,250,Tomate Chonto,Tomate Chonto,,13100.0
Laureles+Turbo,COL,,12 LAURELES,123,Aguacate Papelillo,Aguacate Papelillo,,3200.0
Laureles+Turbo,COL,,12 LAURELES,184,Lechuga Batavia,Lechuga Batavia,,3700.0
Laureles+Turbo,COL,,12 LAURELES,215,Pepino Cohombro,Pepino Cohombro,,2000.0
Laureles+Turbo,COL,,12 LAURELES,221,Pina Golden,Pina Golden,Madre,11100.0
Laureles+Turbo,COL,,12 LAURELES,210,Papaya Maradol,Papaya Maradol,Madre,5700.0
Laureles+Turbo,COL,,12 LAURELES,137,Banano Criollo,Banano Criollo,,1400.0
Laureles+Turbo,COL,,12 LAURELES,164,Fresas,Fresas,,2200.0
Laureles+Turbo,COL,,12 LAURELES,151,Cilantro Patirojo,Cilantro Patirojo,,500.0
Laureles+Turbo,COL,,12 LAURELES,163,Espinaca,Espinaca,,1440.0
Laureles+Turbo,COL,,12 LAURELES,146,Cebolla Roja,Cebolla Roja,,400.0
Laureles+Turbo,COL,,12 LAURELES,185,Lechuga Romana,Lechuga Romana,,700.0
Laureles+Turbo,COL,,12 LAURELES,249,Tomate Cherry,Tomate Cherry,,600.0
Laureles+Turbo,COL,,12 LAURELES,145,Cebolla Larga Junca,Cebolla Larga Junca,,600.0
Laureles+Turbo,COL,,12 LAURELES,130,Arandanos,Arandanos,,400.0
Laureles+Turbo,COL,,12 LAURELES,181,Kale,Kale,,200.0
Laureles+Turbo,COL,,12 LAURELES,243,Sorbet de acai,Sorbet de acai,,1280.0
Laureles+Turbo,COL,,12 LAURELES,228,Queso Doble Crema,Queso Doble Crema,,4100.0
Laureles+Turbo,COL,,12 LAURELES,229,Queso Feta,Queso Feta,,500.0
Laureles+Turbo,COL,,12 LAURELES,5511,Queso cheddar tajadas UN,Queso cheddar tajadas UN,Madre,200.0
Laureles+Turbo,COL,,12 LAURELES,253,Tortilla De Harina,Tortilla De Harina,,109.0
Laureles+Turbo,COL,,12 LAURELES,159,Croissant Grande,Croissant Grande,Madre,116.0
Laureles+Turbo,COL,,12 LAURELES,2952,Arroz Achiotado,Arroz Achiotado,,20800.0
Laureles+Turbo,COL,,12 LAURELES,5091,Limonada (con base limonada),Limonada (con base limonada),,12900.0
Laureles+Turbo,COL,,12 LAURELES,283,Frijoles Negros,Frijoles Negros,,12610.0
Laureles+Turbo,COL,,12 LAURELES,269,Arroz Integral Cocido,Arroz Integral Cocido,,11125.0
Laureles+Turbo,COL,,12 LAURELES,464,Mezcla Pancakes Tradicionales Lista,Mezcla Pancakes Tradicionales Lista,Madre,16400.0
Laureles+Turbo,COL,,12 LAURELES,5082,Carne Chilli,Carne Chilli,,5300.0
Laureles+Turbo,COL,,12 LAURELES,4938,Pollo a las Hierbas,Pollo a las Hierbas,,5800.0
Laureles+Turbo,COL,,12 LAURELES,295,Papa Calentada,Papa Calentada,,5900.0
Laureles+Turbo,COL,,12 LAURELES,282,Frijol Paisa,Frijol Paisa,,2100.0
Laureles+Turbo,COL,,12 LAURELES,297,Platano Frito,Platano Frito,,2800.0
Laureles+Turbo,COL,,12 LAURELES,296,Pico de Gallo,Pico de Gallo,,3600.0
Laureles+Turbo,COL,,12 LAURELES,5094,Cerdo Desmechado,Cerdo Desmechado,,3700.0
Laureles+Turbo,COL,,12 LAURELES,5920,Pollo  BBQ,Pollo  BBQ,,3700.0
Laureles+Turbo,COL,,12 LAURELES,2730,Emulsion Alioli,Emulsion Alioli,Madre,3900.0
Laureles+Turbo,COL,,12 LAURELES,288,Hummus De Garbanzos,Hummus De Garbanzos,,3500.0
Laureles+Turbo,COL,,12 LAURELES,323,Yogur griego Preparado,Yogur griego Preparado,,1400.0
Laureles+Turbo,COL,,12 LAURELES,319,Vinagreta Libanesa,Vinagreta Libanesa,,800.0
Laureles+Turbo,COL,,12 LAURELES,277,Vinagreta Cesar,Vinagreta Cesar,,1000.0
Laureles+Turbo,COL,,12 LAURELES,5630,Maíz salteado.,Maíz salteado.,,1700.0
Laureles+Turbo,COL,,12 LAURELES,5093,Tocineta producción,Tocineta producción,,1100.0
Laureles+Turbo,COL,,12 LAURELES,4816,Pasta Integral Cocida,Pasta Integral Cocida,,1800.0
Laureles+Turbo,COL,,12 LAURELES,306,Salsa Criolla Produccion,Salsa Criolla Produccion,,900.0
Laureles+Turbo,COL,,12 LAURELES,5032,cebolla asada Mr.Beast,cebolla asada Mr.Beast,,448.0
Laureles+Turbo,COL,,12 LAURELES,4811,Quinoa especiada,Quinoa especiada,,648.0
Laureles+Turbo,COL,,12 LAURELES,320,Vinagreta de Jalapenos Mexicanos,Vinagreta de Jalapenos Mexicanos,,600.0
Laureles+Turbo,COL,,12 LAURELES,318,Vinagreta de Pesto de Genoa,Vinagreta de Pesto de Genoa,,480.0
Laureles+Turbo,COL,,12 LAURELES,465,Mezcla Pancakes Avena Lista,Mezcla Pancakes Avena Lista,,1100.0
Laureles+Turbo,COL,,12 LAURELES,4823,Hummus de Pimenton,Hummus de Pimenton,,500.0
Laureles+Turbo,COL,,12 LAURELES,4818,Brocoli Rostizado,Brocoli Rostizado,,400.0
Laureles+Turbo,COL,,12 LAURELES,5206,Coleslaw la cosmica,Coleslaw la cosmica,,700.0
Laureles+Turbo,COL,,12 LAURELES,316,Vinagreta Balsamica de Modena,Vinagreta Balsamica de Modena,,500.0
Laureles+Turbo,COL,,12 LAURELES,321,Vinagreta Mediterranea,Vinagreta Mediterranea,,400.0
Laureles+Turbo,COL,,12 LAURELES,1283,Cebolla Encurtida Picante,Cebolla Encurtida Picante,,400.0
Laureles+Turbo,COL,,12 LAURELES,4991,Mezcla Tostadas Francesas Nueva,Mezcla Tostadas Francesas Nueva,,400.0
Laureles+Turbo,COL,,12 LAURELES,275,Crutones Zatahar,Crutones Zatahar,,200.0
Laureles+Turbo,COL,,12 LAURELES,1240,Salsa Pizza,Salsa Pizza,,0.0
Laureles+Turbo,COL,,12 LAURELES,5517,Totopos triturados,Totopos triturados,,200.0
Laureles+Turbo,COL,,12 LAURELES,3609,Carne Smashed 80gr,Carne Smashed 80gr,,32.0
Laureles+Turbo,COL,,12 LAURELES,4918,Pollo Ensalada,Pollo Ensalada,,62.0
Laureles+Turbo,COL,,12 LAURELES,284,Galletas De Parmesano,Galletas De Parmesano,,42.0
Laureles+Turbo,COL,,12 LAURELES,3481,Galleta de Chunks de Chocolate PROD,Galleta de Chunks de Chocolate PROD,,19.0
Laureles+Turbo,COL,,12 LAURELES,3482,Galleta Oreo PROD,Galleta Oreo PROD,,7.0
Laureles+Turbo,COL,,12 LAURELES,3483,Galleta Red Velvet Choc Blanco PROD,Galleta Red Velvet Choc Blanco PROD,Madre,17.0
Laureles+Turbo,COL,,12 LAURELES,3484,Galleta Avena Frutos Rojos,Galleta Avena Frutos Rojos,,6.0
Laureles+Turbo,COL,,12 LAURELES,3485,Galleta Nueces Choc Blanco,Galleta Nueces Choc Blanco,,0.0
Laureles+Turbo,COL,,12 LAURELES,3486,Galleta Nutella y Nueces PROD,Galleta Nutella y Nueces PROD,,0.0
Laureles+Turbo,COL,,12 LAURELES,3488,Galleta Doble Chocolate PROD,Galleta Doble Chocolate PROD,,0.0
Laureles+Turbo,COL,,12 LAURELES,3623,Cubierta Queso Crema,Cubierta Queso Crema,Madre,3000.0
Laureles+Turbo,COL,,12 LAURELES,3002,Mezcla de Aceite Y Mantequilla (Produccion),Mezcla de Aceite Y Mantequilla (Produccion),Madre,2400.0
Laureles+Turbo,COL,,12 LAURELES,3632,PROD Minibon de Canela,PROD Minibon de Canela,Madre,35.0
Laureles+Turbo,COL,,12 LAURELES,307,Salsa Frutos Rojos,Salsa Frutos Rojos,,300.0
Laureles+Turbo,COL,,12 LAURELES,713,⭕️Caja Lunch,⭕️Caja Lunch,Madre,108.0
Laureles+Turbo,COL,,12 LAURELES,3576,Flores dia de la Madre,Flores dia de la Madre,Madre,40.0
Laureles+Turbo,COL,,12 LAURELES,119,⚠️Aceite De Girasol,⚠️Aceite De Girasol,Madre,3700.0
Laureles+Turbo,COL,,12 LAURELES,172,Huevo Tipo AA,Huevo Tipo AA,Madre,894.0
Laureles+Turbo,COL,,12 LAURELES,550,⭕️Bolsa Pan Generica,⭕️Bolsa Pan Generica,Madre,95.0
Laureles+Turbo,COL,,12 LAURELES,237,Sal,Sal,Madre,2200.0
Laureles+Turbo,COL,,12 LAURELES,6078,Mezcla líquida pancakes de choclo,Mezcla líquida pancakes de choclo,Madre,900.0
Laureles+Turbo,COL,,12 LAURELES,432,Empaque Vinagreta,Empaque Vinagreta,Madre,157.0
Laureles+Turbo,COL,,12 LAURELES,604,Jugo de Naranja,Jugo de Naranja,Madre,243.0
Laureles+Turbo,COL,,12 LAURELES,5003,Porcion de fruta,Porcion de fruta,Madre,115.0
Laureles+Turbo,COL,,12 LAURELES,118,Croissant Huevo Jamon y Queso,Croissant Huevo Jamon y Queso,Madre,89.0
Laureles+Turbo,COL,,12 LAURELES,5045,Mini pancakes tradicionales SIN fresa,Mini pancakes tradicionales SIN fresa,Madre,52.0
Laureles+Turbo,COL,,12 LAURELES,2604,Caja Especial B&M,Caja Especial B&M,Madre,51.0
Laureles+Turbo,COL,,12 LAURELES,384,Tenedor Y Cuchillo,Tenedor Y Cuchillo,Madre,370.0
Laureles+Turbo,COL,,12 LAURELES,6273,Pancakes de choclo,Pancakes de choclo,Madre,6.0
Laureles+Turbo,COL,,12 LAURELES,5022,Minibon canela,Minibon canela,Madre,58.0
Laureles+Turbo,COL,,12 LAURELES,3799,Galleta Red Velvet Choc Blanco Individual Vicio,Galleta Red Velvet Choc Blanco Individual Vicio,Madre,10.0
Laureles+Turbo,COL,,12 LAURELES,3597,Flores 🌹,Flores 🌹,Madre,40.0
Laureles+Turbo,COL,,12 LAURELES,6343,COMBO INDIVIDUAL PANCAKES CHOCLO,COMBO INDIVIDUAL PANCAKES CHOCLO,Madre,6.0
Laureles+Turbo,COL,,12 LAURELES,6344,COMBO INDIVIDUAL MINIBON,COMBO INDIVIDUAL MINIBON,Madre,29.0
Laureles+Turbo,COL,,12 LAURELES,6345,COMBO INDIVIDUAL GALLETA,COMBO INDIVIDUAL GALLETA,Madre,8.0
Laureles+Turbo,COL,,12 LAURELES,6346,COMBO ESPECIAL CON FLORES,COMBO ESPECIAL CON FLORES,Madre,40.0
Laureles+Turbo,COL,,12 LAURELES,6348,COMBO ESPECIAL SIN FLORES,COMBO ESPECIAL SIN FLORES,Madre,11.0
Laureles+Turbo,COL,,12 LAURELES,63.0,Pancakes Tradicionales,Pancakes Tradicionales,Alistar,11.0
La Calma,MEX,,19 LA CALMA,1507,Mezcla Pancakes Tradicionales Liquida,Mezcla Pancakes Tradicionales Liquida,Día de la Madre,23920
La Calma,MEX,,19 LA CALMA,1505,Mezcla Pancakes Avena Liquida,Mezcla Pancakes Avena Liquida,Día de la Madre,8370
La Calma,MEX,,19 LA CALMA,5444,Chilaquiles verdes toppings default,Chilaquiles verdes toppings default,Día de la Madre,18
La Calma,MEX,,19 LA CALMA,5809,Pancakes Tradicionales Nuevos,Pancakes Tradicionales Nuevos,Día de la Madre,25
La Calma,MEX,,19 LA CALMA,2189,Tarjeta Dia de las Madres.🌷,Tarjeta Dia de las Madres.🌷,Día de la Madre,28
La Calma,MEX,,19 LA CALMA,6403,Pancakes de Cajeta y Plátano. 🆕,Pancakes de Cajeta y Plátano. 🆕,Día de la Madre,21
La Calma,MEX,,19 LA CALMA,6218,Croissant de Frutos Rojos,Croissant de Frutos Rojos,Día de la Madre,4
La Calma,MEX,,19 LA CALMA,1288,Chorizo Insumo,Chorizo Insumo,Día de la Madre,880
La Calma,MEX,,19 LA CALMA,1471,Frijol Refrito,Frijol Refrito,Día de la Madre,2640
La Calma,MEX,,19 LA CALMA,1532,Arroz Blanco Cocido,Arroz Blanco Cocido,Día de la Madre,4440
La Calma,MEX,,19 LA CALMA,6204,Salsa Verde UND 🆕,Salsa Verde UND 🆕,Día de la Madre,124
La Calma,MEX,,19 LA CALMA,6205,Salsa Roja UND 🆕,Salsa Roja UND 🆕,Día de la Madre,110
La Calma,MEX,,19 LA CALMA,1434,Tocineta,Tocineta,Día de la Madre,546
La Calma,MEX,,19 LA CALMA,1245,Almendra Fileteada Insumo,Almendra Fileteada Insumo,Día de la Madre,960
La Calma,MEX,,19 LA CALMA,1304,Croissant Grande,Croissant Grande,Día de la Madre,7
La Calma,MEX,,19 LA CALMA,1430,Tapa Bowl Kraft Chico,Tapa Bowl Kraft Chico,Día de la Madre,80
La Calma,MEX,,19 LA CALMA,1266,Bowl Kraft Chico,Bowl Kraft Chico,Día de la Madre,80
La Calma,MEX,,19 LA CALMA,1431,Tapa Bowl Kraft Grande,Tapa Bowl Kraft Grande,Día de la Madre,195
La Calma,MEX,,19 LA CALMA,1267,Bowl Kraft Grande,Bowl Kraft Grande,Día de la Madre,195
La Calma,MEX,,19 LA CALMA,1395,Porta Hamburguesa,Porta Hamburguesa,Día de la Madre,25
La Calma,MEX,,19 LA CALMA,1271,Caja Lounch,Caja Lounch,Día de la Madre,13
La Calma,MEX,,19 LA CALMA,1419,servilletas,servilletas,Día de la Madre,464
La Calma,MEX,,19 LA CALMA,1669,Bowl Sopa,Bowl Sopa,Día de la Madre,41
La Calma,MEX,,19 LA CALMA,1670,Tapa Bowl Sopa,Tapa Bowl Sopa,Día de la Madre,41
La Calma,MEX,,19 LA CALMA,1311,Espinaca,Espinaca,Día de la Madre,670
La Calma,MEX,,19 LA CALMA,2381,Jitomate Saladed,Jitomate Saladed,Día de la Madre,3920
La Calma,MEX,,19 LA CALMA,1289,Cilantro Insumo,Cilantro Insumo,Día de la Madre,136
La Calma,MEX,,19 LA CALMA,1276,Cebolla Blanca Insumo,Cebolla Blanca Insumo,Día de la Madre,3780
La Calma,MEX,,19 LA CALMA,1249,Arandano fresco Insumo,Arandano fresco Insumo,Día de la Madre,720
La Calma,MEX,,19 LA CALMA,1257,Banano Criollo Insumo,Banano Criollo Insumo,Día de la Madre,1728
La Calma,MEX,,19 LA CALMA,1312,Fresa Insumo,Fresa Insumo,Día de la Madre,2035
La Calma,MEX,,19 LA CALMA,1391,Pina Miel Insumo,Pina Miel Insumo,Día de la Madre,910
La Calma,MEX,,19 LA CALMA,1374,Papaya Maradol Insumo,Papaya Maradol Insumo,Día de la Madre,910
La Calma,MEX,,19 LA CALMA,5319,Frosting Queso Crema y Yogurt,Frosting Queso Crema y Yogurt,Día de la Madre,800
La Calma,MEX,,19 LA CALMA,1303,Crema acida,Crema acida,Día de la Madre,2730
La Calma,MEX,,19 LA CALMA,5392,"Salsa ""Del Barça""","Salsa ""Del Barça""",Día de la Madre,630
La Calma,MEX,,19 LA CALMA,3055,Salsa Burger con Jalapeño,Salsa Burger con Jalapeño,Día de la Madre,740
La Calma,MEX,,19 LA CALMA,1362,Miel de maple,Miel de maple,Día de la Madre,7350
La Calma,MEX,,19 LA CALMA,1836,Arrachera insumo,Arrachera insumo,Día de la Madre,4620
La Calma,MEX,,19 LA CALMA,1491,Totopos,Totopos,Día de la Madre,17500
La Calma,MEX,,19 LA CALMA,1511,Salsa Frutos Rojos,Salsa Frutos Rojos,Día de la Madre,200
La Calma,MEX,,19 LA CALMA,1039,Jugo de Naranja,Jugo de Naranja,Día de la Madre,70
La Calma,MEX,,19 LA CALMA,1117,Porcion de Fruta,Porcion de Fruta,Día de la Madre,7
La Calma,MEX,,19 LA CALMA,1493,Guacamole,Guacamole,Día de la Madre,2600
La Calma,MEX,,19 LA CALMA,3058,Mezcla mantequilla y aceite,Mezcla mantequilla y aceite,Día de la Madre,640
La Calma,MEX,,19 LA CALMA,1503,Avena Preparada,Avena Preparada,Día de la Madre,1620
La Calma,MEX,,19 LA CALMA,1516,Pico de Gallo Produccion,Pico de Gallo Produccion,Día de la Madre,560
La Calma,MEX,,19 LA CALMA,1515,Yogurt Griego Preparado,Yogurt Griego Preparado,Día de la Madre,720
La Calma,MEX,,19 LA CALMA,1504,Granola Produccion,Granola Produccion,Día de la Madre,140
La Calma,MEX,,19 LA CALMA,1401,Queso Mozzarella,Queso Mozzarella,Día de la Madre,4440
La Calma,MEX,,19 LA CALMA,2738,Queso Panela,Queso Panela,Día de la Madre,1012
La Calma,MEX,,19 LA CALMA,2540,Pan de Papa Fasfu 100 gr,Pan de Papa Fasfu 100 gr,Día de la Madre,18
La Calma,MEX,,19 LA CALMA,1272,Cajeta Insumo,Cajeta Insumo,Día de la Madre,960
La Calma,MEX,,19 LA CALMA,1327,Jamon De Cerdo Insumo,Jamon De Cerdo Insumo,Día de la Madre,380
La Calma,MEX,,19 LA CALMA,1321,Hashbrown McCain,Hashbrown McCain,Día de la Madre,1170
La Calma,MEX,,19 LA CALMA,2187,Tarjeta Especial Insumo,Tarjeta Especial Insumo,Día de la Madre,28
La Calma,MEX,,19 LA CALMA,1418,Semillas de chia Insumo,Semillas de chia Insumo,Día de la Madre,15
Jardines,MEX,,14 JARDINES,1507,Mezcla Pancakes Tradicionales Liquida,Mezcla Pancakes Tradicionales Liquida,Día de la Madre,10660
Jardines,MEX,,14 JARDINES,1505,Mezcla Pancakes Avena Liquida,Mezcla Pancakes Avena Liquida,Día de la Madre,4590
Jardines,MEX,,14 JARDINES,5444,Chilaquiles verdes toppings default,Chilaquiles verdes toppings default,Día de la Madre,9
Jardines,MEX,,14 JARDINES,5809,Pancakes Tradicionales Nuevos,Pancakes Tradicionales Nuevos,Día de la Madre,11
Jardines,MEX,,14 JARDINES,2189,Tarjeta Dia de las Madres.🌷,Tarjeta Dia de las Madres.🌷,Día de la Madre,12
Jardines,MEX,,14 JARDINES,6403,Pancakes de Cajeta y Plátano. 🆕,Pancakes de Cajeta y Plátano. 🆕,Día de la Madre,10
Jardines,MEX,,14 JARDINES,6218,Croissant de Frutos Rojos,Croissant de Frutos Rojos,Día de la Madre,3
Jardines,MEX,,14 JARDINES,1288,Chorizo Insumo,Chorizo Insumo,Día de la Madre,1280
Jardines,MEX,,14 JARDINES,1471,Frijol Refrito,Frijol Refrito,Día de la Madre,3240
Jardines,MEX,,14 JARDINES,1532,Arroz Blanco Cocido,Arroz Blanco Cocido,Día de la Madre,3680
Jardines,MEX,,14 JARDINES,6204,Salsa Verde UND 🆕,Salsa Verde UND 🆕,Día de la Madre,100
Jardines,MEX,,14 JARDINES,6205,Salsa Roja UND 🆕,Salsa Roja UND 🆕,Día de la Madre,81
Jardines,MEX,,14 JARDINES,1434,Tocineta,Tocineta,Día de la Madre,462
Jardines,MEX,,14 JARDINES,1245,Almendra Fileteada Insumo,Almendra Fileteada Insumo,Día de la Madre,510
Jardines,MEX,,14 JARDINES,1304,Croissant Grande,Croissant Grande,Día de la Madre,6
Jardines,MEX,,14 JARDINES,1430,Tapa Bowl Kraft Chico,Tapa Bowl Kraft Chico,Día de la Madre,65
Jardines,MEX,,14 JARDINES,1266,Bowl Kraft Chico,Bowl Kraft Chico,Día de la Madre,65
Jardines,MEX,,14 JARDINES,1431,Tapa Bowl Kraft Grande,Tapa Bowl Kraft Grande,Día de la Madre,123
Jardines,MEX,,14 JARDINES,1267,Bowl Kraft Grande,Bowl Kraft Grande,Día de la Madre,123
Jardines,MEX,,14 JARDINES,1395,Porta Hamburguesa,Porta Hamburguesa,Día de la Madre,17
Jardines,MEX,,14 JARDINES,1271,Caja Lounch,Caja Lounch,Día de la Madre,15
Jardines,MEX,,14 JARDINES,1419,servilletas,servilletas,Día de la Madre,331
Jardines,MEX,,14 JARDINES,1669,Bowl Sopa,Bowl Sopa,Día de la Madre,22
Jardines,MEX,,14 JARDINES,1670,Tapa Bowl Sopa,Tapa Bowl Sopa,Día de la Madre,22
Jardines,MEX,,14 JARDINES,1311,Espinaca,Espinaca,Día de la Madre,300
Jardines,MEX,,14 JARDINES,2381,Jitomate Saladed,Jitomate Saladed,Día de la Madre,2975
Jardines,MEX,,14 JARDINES,1289,Cilantro Insumo,Cilantro Insumo,Día de la Madre,105
Jardines,MEX,,14 JARDINES,1276,Cebolla Blanca Insumo,Cebolla Blanca Insumo,Día de la Madre,2400
Jardines,MEX,,14 JARDINES,1249,Arandano fresco Insumo,Arandano fresco Insumo,Día de la Madre,340
Jardines,MEX,,14 JARDINES,1257,Banano Criollo Insumo,Banano Criollo Insumo,Día de la Madre,1152
Jardines,MEX,,14 JARDINES,1312,Fresa Insumo,Fresa Insumo,Día de la Madre,1147
Jardines,MEX,,14 JARDINES,1391,Pina Miel Insumo,Pina Miel Insumo,Día de la Madre,350
Jardines,MEX,,14 JARDINES,1374,Papaya Maradol Insumo,Papaya Maradol Insumo,Día de la Madre,350
Jardines,MEX,,14 JARDINES,5319,Frosting Queso Crema y Yogurt,Frosting Queso Crema y Yogurt,Día de la Madre,360
Jardines,MEX,,14 JARDINES,1303,Crema acida,Crema acida,Día de la Madre,1830
Jardines,MEX,,14 JARDINES,5392,"Salsa ""Del Barça""","Salsa ""Del Barça""",Día de la Madre,720
Jardines,MEX,,14 JARDINES,3055,Salsa Burger con Jalapeño,Salsa Burger con Jalapeño,Día de la Madre,500
Jardines,MEX,,14 JARDINES,1362,Miel de maple,Miel de maple,Día de la Madre,3480
Jardines,MEX,,14 JARDINES,1836,Arrachera insumo,Arrachera insumo,Día de la Madre,4730
Jardines,MEX,,14 JARDINES,1491,Totopos,Totopos,Día de la Madre,13900
Jardines,MEX,,14 JARDINES,1511,Salsa Frutos Rojos,Salsa Frutos Rojos,Día de la Madre,80
Jardines,MEX,,14 JARDINES,1039,Jugo de Naranja,Jugo de Naranja,Día de la Madre,43
Jardines,MEX,,14 JARDINES,1117,Porcion de Fruta,Porcion de Fruta,Día de la Madre,8
Jardines,MEX,,14 JARDINES,1493,Guacamole,Guacamole,Día de la Madre,2950
Jardines,MEX,,14 JARDINES,3058,Mezcla mantequilla y aceite,Mezcla mantequilla y aceite,Día de la Madre,420
Jardines,MEX,,14 JARDINES,1503,Avena Preparada,Avena Preparada,Día de la Madre,1440
Jardines,MEX,,14 JARDINES,1516,Pico de Gallo Produccion,Pico de Gallo Produccion,Día de la Madre,680
Jardines,MEX,,14 JARDINES,1515,Yogurt Griego Preparado,Yogurt Griego Preparado,Día de la Madre,540
Jardines,MEX,,14 JARDINES,1504,Granola Produccion,Granola Produccion,Día de la Madre,70
Jardines,MEX,,14 JARDINES,1401,Queso Mozzarella,Queso Mozzarella,Día de la Madre,5040
Jardines,MEX,,14 JARDINES,2738,Queso Panela,Queso Panela,Día de la Madre,759
Jardines,MEX,,14 JARDINES,2540,Pan de Papa Fasfu 100 gr,Pan de Papa Fasfu 100 gr,Día de la Madre,14
Jardines,MEX,,14 JARDINES,1272,Cajeta Insumo,Cajeta Insumo,Día de la Madre,440
Jardines,MEX,,14 JARDINES,1327,Jamon De Cerdo Insumo,Jamon De Cerdo Insumo,Día de la Madre,740
Jardines,MEX,,14 JARDINES,1321,Hashbrown McCain,Hashbrown McCain,Día de la Madre,780
Jardines,MEX,,14 JARDINES,2187,Tarjeta Especial Insumo,Tarjeta Especial Insumo,Día de la Madre,12
Jardines,MEX,,14 JARDINES,1418,Semillas de chia Insumo,Semillas de chia Insumo,Día de la Madre,14
Jardines del Valle,MEX,,40 JARDINES DEL VALL,1507,Mezcla Pancakes Tradicionales Liquida,Mezcla Pancakes Tradicionales Liquida,Día de la Madre,2080
Jardines del Valle,MEX,,40 JARDINES DEL VALL,1505,Mezcla Pancakes Avena Liquida,Mezcla Pancakes Avena Liquida,Día de la Madre,1620
Jardines del Valle,MEX,,40 JARDINES DEL VALL,5444,Chilaquiles verdes toppings default,Chilaquiles verdes toppings default,Día de la Madre,1
Jardines del Valle,MEX,,40 JARDINES DEL VALL,5809,Pancakes Tradicionales Nuevos,Pancakes Tradicionales Nuevos,Día de la Madre,1
Jardines del Valle,MEX,,40 JARDINES DEL VALL,2189,Tarjeta Dia de las Madres.🌷,Tarjeta Dia de las Madres.🌷,Día de la Madre,0
Jardines del Valle,MEX,,40 JARDINES DEL VALL,6403,Pancakes de Cajeta y Plátano. 🆕,Pancakes de Cajeta y Plátano. 🆕,Día de la Madre,0
Jardines del Valle,MEX,,40 JARDINES DEL VALL,6218,Croissant de Frutos Rojos,Croissant de Frutos Rojos,Día de la Madre,0
Jardines del Valle,MEX,,40 JARDINES DEL VALL,1288,Chorizo Insumo,Chorizo Insumo,Día de la Madre,320
Jardines del Valle,MEX,,40 JARDINES DEL VALL,1471,Frijol Refrito,Frijol Refrito,Día de la Madre,900
Jardines del Valle,MEX,,40 JARDINES DEL VALL,1532,Arroz Blanco Cocido,Arroz Blanco Cocido,Día de la Madre,2160
Jardines del Valle,MEX,,40 JARDINES DEL VALL,6204,Salsa Verde UND 🆕,Salsa Verde UND 🆕,Día de la Madre,38
Jardines del Valle,MEX,,40 JARDINES DEL VALL,6205,Salsa Roja UND 🆕,Salsa Roja UND 🆕,Día de la Madre,19
Jardines del Valle,MEX,,40 JARDINES DEL VALL,1434,Tocineta,Tocineta,Día de la Madre,252
Jardines del Valle,MEX,,40 JARDINES DEL VALL,1245,Almendra Fileteada Insumo,Almendra Fileteada Insumo,Día de la Madre,165
Jardines del Valle,MEX,,40 JARDINES DEL VALL,1304,Croissant Grande,Croissant Grande,Día de la Madre,2
Jardines del Valle,MEX,,40 JARDINES DEL VALL,1430,Tapa Bowl Kraft Chico,Tapa Bowl Kraft Chico,Día de la Madre,34
Jardines del Valle,MEX,,40 JARDINES DEL VALL,1266,Bowl Kraft Chico,Bowl Kraft Chico,Día de la Madre,34
Jardines del Valle,MEX,,40 JARDINES DEL VALL,1431,Tapa Bowl Kraft Grande,Tapa Bowl Kraft Grande,Día de la Madre,29
Jardines del Valle,MEX,,40 JARDINES DEL VALL,1267,Bowl Kraft Grande,Bowl Kraft Grande,Día de la Madre,29
Jardines del Valle,MEX,,40 JARDINES DEL VALL,1395,Porta Hamburguesa,Porta Hamburguesa,Día de la Madre,10
Jardines del Valle,MEX,,40 JARDINES DEL VALL,1271,Caja Lounch,Caja Lounch,Día de la Madre,6
Jardines del Valle,MEX,,40 JARDINES DEL VALL,1419,servilletas,servilletas,Día de la Madre,142
Jardines del Valle,MEX,,40 JARDINES DEL VALL,1669,Bowl Sopa,Bowl Sopa,Día de la Madre,20
Jardines del Valle,MEX,,40 JARDINES DEL VALL,1670,Tapa Bowl Sopa,Tapa Bowl Sopa,Día de la Madre,20
Jardines del Valle,MEX,,40 JARDINES DEL VALL,1311,Espinaca,Espinaca,Día de la Madre,160
Jardines del Valle,MEX,,40 JARDINES DEL VALL,2381,Jitomate Saladed,Jitomate Saladed,Día de la Madre,1505
Jardines del Valle,MEX,,40 JARDINES DEL VALL,1289,Cilantro Insumo,Cilantro Insumo,Día de la Madre,64
Jardines del Valle,MEX,,40 JARDINES DEL VALL,1276,Cebolla Blanca Insumo,Cebolla Blanca Insumo,Día de la Madre,1960
Jardines del Valle,MEX,,40 JARDINES DEL VALL,1249,Arandano fresco Insumo,Arandano fresco Insumo,Día de la Madre,100
Jardines del Valle,MEX,,40 JARDINES DEL VALL,1257,Banano Criollo Insumo,Banano Criollo Insumo,Día de la Madre,504
Jardines del Valle,MEX,,40 JARDINES DEL VALL,1312,Fresa Insumo,Fresa Insumo,Día de la Madre,555
Jardines del Valle,MEX,,40 JARDINES DEL VALL,1391,Pina Miel Insumo,Pina Miel Insumo,Día de la Madre,280
Jardines del Valle,MEX,,40 JARDINES DEL VALL,1374,Papaya Maradol Insumo,Papaya Maradol Insumo,Día de la Madre,280
Jardines del Valle,MEX,,40 JARDINES DEL VALL,5319,Frosting Queso Crema y Yogurt,Frosting Queso Crema y Yogurt,Día de la Madre,80
Jardines del Valle,MEX,,40 JARDINES DEL VALL,1303,Crema acida,Crema acida,Día de la Madre,1200
Jardines del Valle,MEX,,40 JARDINES DEL VALL,5392,"Salsa ""Del Barça""","Salsa ""Del Barça""",Día de la Madre,240
Jardines del Valle,MEX,,40 JARDINES DEL VALL,3055,Salsa Burger con Jalapeño,Salsa Burger con Jalapeño,Día de la Madre,240
Jardines del Valle,MEX,,40 JARDINES DEL VALL,1362,Miel de maple,Miel de maple,Día de la Madre,600
Jardines del Valle,MEX,,40 JARDINES DEL VALL,1836,Arrachera insumo,Arrachera insumo,Día de la Madre,2530
Jardines del Valle,MEX,,40 JARDINES DEL VALL,1491,Totopos,Totopos,Día de la Madre,3800
Jardines del Valle,MEX,,40 JARDINES DEL VALL,1511,Salsa Frutos Rojos,Salsa Frutos Rojos,Día de la Madre,80
Jardines del Valle,MEX,,40 JARDINES DEL VALL,1039,Jugo de Naranja,Jugo de Naranja,Día de la Madre,13
Jardines del Valle,MEX,,40 JARDINES DEL VALL,1117,Porcion de Fruta,Porcion de Fruta,Día de la Madre,6
Jardines del Valle,MEX,,40 JARDINES DEL VALL,1493,Guacamole,Guacamole,Día de la Madre,950
Jardines del Valle,MEX,,40 JARDINES DEL VALL,3058,Mezcla mantequilla y aceite,Mezcla mantequilla y aceite,Día de la Madre,280
Jardines del Valle,MEX,,40 JARDINES DEL VALL,1503,Avena Preparada,Avena Preparada,Día de la Madre,720
Jardines del Valle,MEX,,40 JARDINES DEL VALL,1516,Pico de Gallo Produccion,Pico de Gallo Produccion,Día de la Madre,280
Jardines del Valle,MEX,,40 JARDINES DEL VALL,1515,Yogurt Griego Preparado,Yogurt Griego Preparado,Día de la Madre,360
Jardines del Valle,MEX,,40 JARDINES DEL VALL,1504,Granola Produccion,Granola Produccion,Día de la Madre,70
Jardines del Valle,MEX,,40 JARDINES DEL VALL,1401,Queso Mozzarella,Queso Mozzarella,Día de la Madre,1470
Jardines del Valle,MEX,,40 JARDINES DEL VALL,2738,Queso Panela,Queso Panela,Día de la Madre,552
Jardines del Valle,MEX,,40 JARDINES DEL VALL,2540,Pan de Papa Fasfu 100 gr,Pan de Papa Fasfu 100 gr,Día de la Madre,6
Jardines del Valle,MEX,,40 JARDINES DEL VALL,1272,Cajeta Insumo,Cajeta Insumo,Día de la Madre,80
Jardines del Valle,MEX,,40 JARDINES DEL VALL,1327,Jamon De Cerdo Insumo,Jamon De Cerdo Insumo,Día de la Madre,180
Jardines del Valle,MEX,,40 JARDINES DEL VALL,1321,Hashbrown McCain,Hashbrown McCain,Día de la Madre,390
Jardines del Valle,MEX,,40 JARDINES DEL VALL,2187,Tarjeta Especial Insumo,Tarjeta Especial Insumo,Día de la Madre,0
Jardines del Valle,MEX,,40 JARDINES DEL VALL,1418,Semillas de chia Insumo,Semillas de chia Insumo,Día de la Madre,10
Estadio,MEX,,45 ESTADIO,1507,Mezcla Pancakes Tradicionales Liquida,Mezcla Pancakes Tradicionales Liquida,Día de la Madre,10400
Estadio,MEX,,45 ESTADIO,1505,Mezcla Pancakes Avena Liquida,Mezcla Pancakes Avena Liquida,Día de la Madre,4050
Estadio,MEX,,45 ESTADIO,5444,Chilaquiles verdes toppings default,Chilaquiles verdes toppings default,Día de la Madre,8
Estadio,MEX,,45 ESTADIO,5809,Pancakes Tradicionales Nuevos,Pancakes Tradicionales Nuevos,Día de la Madre,11
Estadio,MEX,,45 ESTADIO,2189,Tarjeta Dia de las Madres.🌷,Tarjeta Dia de las Madres.🌷,Día de la Madre,12
Estadio,MEX,,45 ESTADIO,6403,Pancakes de Cajeta y Plátano. 🆕,Pancakes de Cajeta y Plátano. 🆕,Día de la Madre,10
Estadio,MEX,,45 ESTADIO,6218,Croissant de Frutos Rojos,Croissant de Frutos Rojos,Día de la Madre,3
Estadio,MEX,,45 ESTADIO,1288,Chorizo Insumo,Chorizo Insumo,Día de la Madre,400
Estadio,MEX,,45 ESTADIO,1471,Frijol Refrito,Frijol Refrito,Día de la Madre,1320
Estadio,MEX,,45 ESTADIO,1532,Arroz Blanco Cocido,Arroz Blanco Cocido,Día de la Madre,2280
Estadio,MEX,,45 ESTADIO,6204,Salsa Verde UND 🆕,Salsa Verde UND 🆕,Día de la Madre,89
Estadio,MEX,,45 ESTADIO,6205,Salsa Roja UND 🆕,Salsa Roja UND 🆕,Día de la Madre,46
Estadio,MEX,,45 ESTADIO,1434,Tocineta,Tocineta,Día de la Madre,336
Estadio,MEX,,45 ESTADIO,1245,Almendra Fileteada Insumo,Almendra Fileteada Insumo,Día de la Madre,465
Estadio,MEX,,45 ESTADIO,1304,Croissant Grande,Croissant Grande,Día de la Madre,4
Estadio,MEX,,45 ESTADIO,1430,Tapa Bowl Kraft Chico,Tapa Bowl Kraft Chico,Día de la Madre,40
Estadio,MEX,,45 ESTADIO,1266,Bowl Kraft Chico,Bowl Kraft Chico,Día de la Madre,40
Estadio,MEX,,45 ESTADIO,1431,Tapa Bowl Kraft Grande,Tapa Bowl Kraft Grande,Día de la Madre,94
Estadio,MEX,,45 ESTADIO,1267,Bowl Kraft Grande,Bowl Kraft Grande,Día de la Madre,94
Estadio,MEX,,45 ESTADIO,1395,Porta Hamburguesa,Porta Hamburguesa,Día de la Madre,14
Estadio,MEX,,45 ESTADIO,1271,Caja Lounch,Caja Lounch,Día de la Madre,9
Estadio,MEX,,45 ESTADIO,1419,servilletas,servilletas,Día de la Madre,218
Estadio,MEX,,45 ESTADIO,1669,Bowl Sopa,Bowl Sopa,Día de la Madre,16
Estadio,MEX,,45 ESTADIO,1670,Tapa Bowl Sopa,Tapa Bowl Sopa,Día de la Madre,16
Estadio,MEX,,45 ESTADIO,1311,Espinaca,Espinaca,Día de la Madre,120
Estadio,MEX,,45 ESTADIO,2381,Jitomate Saladed,Jitomate Saladed,Día de la Madre,1785
Estadio,MEX,,45 ESTADIO,1289,Cilantro Insumo,Cilantro Insumo,Día de la Madre,66
Estadio,MEX,,45 ESTADIO,1276,Cebolla Blanca Insumo,Cebolla Blanca Insumo,Día de la Madre,2160
Estadio,MEX,,45 ESTADIO,1249,Arandano fresco Insumo,Arandano fresco Insumo,Día de la Madre,360
Estadio,MEX,,45 ESTADIO,1257,Banano Criollo Insumo,Banano Criollo Insumo,Día de la Madre,936
Estadio,MEX,,45 ESTADIO,1312,Fresa Insumo,Fresa Insumo,Día de la Madre,888
Estadio,MEX,,45 ESTADIO,1391,Pina Miel Insumo,Pina Miel Insumo,Día de la Madre,350
Estadio,MEX,,45 ESTADIO,1374,Papaya Maradol Insumo,Papaya Maradol Insumo,Día de la Madre,350
Estadio,MEX,,45 ESTADIO,5319,Frosting Queso Crema y Yogurt,Frosting Queso Crema y Yogurt,Día de la Madre,360
Estadio,MEX,,45 ESTADIO,1303,Crema acida,Crema acida,Día de la Madre,1350
Estadio,MEX,,45 ESTADIO,5392,"Salsa ""Del Barça""","Salsa ""Del Barça""",Día de la Madre,300
Estadio,MEX,,45 ESTADIO,3055,Salsa Burger con Jalapeño,Salsa Burger con Jalapeño,Día de la Madre,380
Estadio,MEX,,45 ESTADIO,1362,Miel de maple,Miel de maple,Día de la Madre,3180
Estadio,MEX,,45 ESTADIO,1836,Arrachera insumo,Arrachera insumo,Día de la Madre,2090
Estadio,MEX,,45 ESTADIO,1491,Totopos,Totopos,Día de la Madre,9400
Estadio,MEX,,45 ESTADIO,1511,Salsa Frutos Rojos,Salsa Frutos Rojos,Día de la Madre,120
Estadio,MEX,,45 ESTADIO,1039,Jugo de Naranja,Jugo de Naranja,Día de la Madre,33
Estadio,MEX,,45 ESTADIO,1117,Porcion de Fruta,Porcion de Fruta,Día de la Madre,4
Estadio,MEX,,45 ESTADIO,1493,Guacamole,Guacamole,Día de la Madre,1150
Estadio,MEX,,45 ESTADIO,3058,Mezcla mantequilla y aceite,Mezcla mantequilla y aceite,Día de la Madre,320
Estadio,MEX,,45 ESTADIO,1503,Avena Preparada,Avena Preparada,Día de la Madre,1260
Estadio,MEX,,45 ESTADIO,1516,Pico de Gallo Produccion,Pico de Gallo Produccion,Día de la Madre,400
Estadio,MEX,,45 ESTADIO,1515,Yogurt Griego Preparado,Yogurt Griego Preparado,Día de la Madre,720
Estadio,MEX,,45 ESTADIO,1504,Granola Produccion,Granola Produccion,Día de la Madre,140
Estadio,MEX,,45 ESTADIO,1401,Queso Mozzarella,Queso Mozzarella,Día de la Madre,1740
Estadio,MEX,,45 ESTADIO,2738,Queso Panela,Queso Panela,Día de la Madre,575
Estadio,MEX,,45 ESTADIO,2540,Pan de Papa Fasfu 100 gr,Pan de Papa Fasfu 100 gr,Día de la Madre,8
Estadio,MEX,,45 ESTADIO,1272,Cajeta Insumo,Cajeta Insumo,Día de la Madre,440
Estadio,MEX,,45 ESTADIO,1327,Jamon De Cerdo Insumo,Jamon De Cerdo Insumo,Día de la Madre,260
Estadio,MEX,,45 ESTADIO,1321,Hashbrown McCain,Hashbrown McCain,Día de la Madre,780
Estadio,MEX,,45 ESTADIO,2187,Tarjeta Especial Insumo,Tarjeta Especial Insumo,Día de la Madre,12
Estadio,MEX,,45 ESTADIO,1418,Semillas de chia Insumo,Semillas de chia Insumo,Día de la Madre,13
Tabachines,MEX,,25 TABACHINES,1507,Mezcla Pancakes Tradicionales Liquida,Mezcla Pancakes Tradicionales Liquida,Día de la Madre,17420
Tabachines,MEX,,25 TABACHINES,1505,Mezcla Pancakes Avena Liquida,Mezcla Pancakes Avena Liquida,Día de la Madre,6210
Tabachines,MEX,,25 TABACHINES,5444,Chilaquiles verdes toppings default,Chilaquiles verdes toppings default,Día de la Madre,13
Tabachines,MEX,,25 TABACHINES,5809,Pancakes Tradicionales Nuevos,Pancakes Tradicionales Nuevos,Día de la Madre,19
Tabachines,MEX,,25 TABACHINES,2189,Tarjeta Dia de las Madres.🌷,Tarjeta Dia de las Madres.🌷,Día de la Madre,21
Tabachines,MEX,,25 TABACHINES,6403,Pancakes de Cajeta y Plátano. 🆕,Pancakes de Cajeta y Plátano. 🆕,Día de la Madre,16
Tabachines,MEX,,25 TABACHINES,6218,Croissant de Frutos Rojos,Croissant de Frutos Rojos,Día de la Madre,4
Tabachines,MEX,,25 TABACHINES,1288,Chorizo Insumo,Chorizo Insumo,Día de la Madre,880
Tabachines,MEX,,25 TABACHINES,1471,Frijol Refrito,Frijol Refrito,Día de la Madre,3180
Tabachines,MEX,,25 TABACHINES,1532,Arroz Blanco Cocido,Arroz Blanco Cocido,Día de la Madre,3560
Tabachines,MEX,,25 TABACHINES,6204,Salsa Verde UND 🆕,Salsa Verde UND 🆕,Día de la Madre,106
Tabachines,MEX,,25 TABACHINES,6205,Salsa Roja UND 🆕,Salsa Roja UND 🆕,Día de la Madre,92
Tabachines,MEX,,25 TABACHINES,1434,Tocineta,Tocineta,Día de la Madre,420
Tabachines,MEX,,25 TABACHINES,1245,Almendra Fileteada Insumo,Almendra Fileteada Insumo,Día de la Madre,810
Tabachines,MEX,,25 TABACHINES,1304,Croissant Grande,Croissant Grande,Día de la Madre,6
Tabachines,MEX,,25 TABACHINES,1430,Tapa Bowl Kraft Chico,Tapa Bowl Kraft Chico,Día de la Madre,75
Tabachines,MEX,,25 TABACHINES,1266,Bowl Kraft Chico,Bowl Kraft Chico,Día de la Madre,75
Tabachines,MEX,,25 TABACHINES,1431,Tapa Bowl Kraft Grande,Tapa Bowl Kraft Grande,Día de la Madre,160
Tabachines,MEX,,25 TABACHINES,1267,Bowl Kraft Grande,Bowl Kraft Grande,Día de la Madre,160
Tabachines,MEX,,25 TABACHINES,1395,Porta Hamburguesa,Porta Hamburguesa,Día de la Madre,17
Tabachines,MEX,,25 TABACHINES,1271,Caja Lounch,Caja Lounch,Día de la Madre,20
Tabachines,MEX,,25 TABACHINES,1419,servilletas,servilletas,Día de la Madre,392
Tabachines,MEX,,25 TABACHINES,1669,Bowl Sopa,Bowl Sopa,Día de la Madre,33
Tabachines,MEX,,25 TABACHINES,1670,Tapa Bowl Sopa,Tapa Bowl Sopa,Día de la Madre,33
Tabachines,MEX,,25 TABACHINES,1311,Espinaca,Espinaca,Día de la Madre,380
Tabachines,MEX,,25 TABACHINES,2381,Jitomate Saladed,Jitomate Saladed,Día de la Madre,2870
Tabachines,MEX,,25 TABACHINES,1289,Cilantro Insumo,Cilantro Insumo,Día de la Madre,111
Tabachines,MEX,,25 TABACHINES,1276,Cebolla Blanca Insumo,Cebolla Blanca Insumo,Día de la Madre,3540
Tabachines,MEX,,25 TABACHINES,1249,Arandano fresco Insumo,Arandano fresco Insumo,Día de la Madre,560
Tabachines,MEX,,25 TABACHINES,1257,Banano Criollo Insumo,Banano Criollo Insumo,Día de la Madre,1332
Tabachines,MEX,,25 TABACHINES,1312,Fresa Insumo,Fresa Insumo,Día de la Madre,1850
Tabachines,MEX,,25 TABACHINES,1391,Pina Miel Insumo,Pina Miel Insumo,Día de la Madre,910
Tabachines,MEX,,25 TABACHINES,1374,Papaya Maradol Insumo,Papaya Maradol Insumo,Día de la Madre,910
Tabachines,MEX,,25 TABACHINES,5319,Frosting Queso Crema y Yogurt,Frosting Queso Crema y Yogurt,Día de la Madre,600
Tabachines,MEX,,25 TABACHINES,1303,Crema acida,Crema acida,Día de la Madre,2130
Tabachines,MEX,,25 TABACHINES,5392,"Salsa ""Del Barça""","Salsa ""Del Barça""",Día de la Madre,600
Tabachines,MEX,,25 TABACHINES,3055,Salsa Burger con Jalapeño,Salsa Burger con Jalapeño,Día de la Madre,500
Tabachines,MEX,,25 TABACHINES,1362,Miel de maple,Miel de maple,Día de la Madre,5370
Tabachines,MEX,,25 TABACHINES,1836,Arrachera insumo,Arrachera insumo,Día de la Madre,3960
Tabachines,MEX,,25 TABACHINES,1491,Totopos,Totopos,Día de la Madre,15700
Tabachines,MEX,,25 TABACHINES,1511,Salsa Frutos Rojos,Salsa Frutos Rojos,Día de la Madre,160
Tabachines,MEX,,25 TABACHINES,1039,Jugo de Naranja,Jugo de Naranja,Día de la Madre,57
Tabachines,MEX,,25 TABACHINES,1117,Porcion de Fruta,Porcion de Fruta,Día de la Madre,7
Tabachines,MEX,,25 TABACHINES,1493,Guacamole,Guacamole,Día de la Madre,2500
Tabachines,MEX,,25 TABACHINES,3058,Mezcla mantequilla y aceite,Mezcla mantequilla y aceite,Día de la Madre,570
Tabachines,MEX,,25 TABACHINES,1503,Avena Preparada,Avena Preparada,Día de la Madre,1620
Tabachines,MEX,,25 TABACHINES,1516,Pico de Gallo Produccion,Pico de Gallo Produccion,Día de la Madre,840
Tabachines,MEX,,25 TABACHINES,1515,Yogurt Griego Preparado,Yogurt Griego Preparado,Día de la Madre,540
Tabachines,MEX,,25 TABACHINES,1504,Granola Produccion,Granola Produccion,Día de la Madre,105
Tabachines,MEX,,25 TABACHINES,1401,Queso Mozzarella,Queso Mozzarella,Día de la Madre,4380
Tabachines,MEX,,25 TABACHINES,2738,Queso Panela,Queso Panela,Día de la Madre,874
Tabachines,MEX,,25 TABACHINES,2540,Pan de Papa Fasfu 100 gr,Pan de Papa Fasfu 100 gr,Día de la Madre,15
Tabachines,MEX,,25 TABACHINES,1272,Cajeta Insumo,Cajeta Insumo,Día de la Madre,680
Tabachines,MEX,,25 TABACHINES,1327,Jamon De Cerdo Insumo,Jamon De Cerdo Insumo,Día de la Madre,1000
Tabachines,MEX,,25 TABACHINES,1321,Hashbrown McCain,Hashbrown McCain,Día de la Madre,780
Tabachines,MEX,,25 TABACHINES,2187,Tarjeta Especial Insumo,Tarjeta Especial Insumo,Día de la Madre,21
Tabachines,MEX,,25 TABACHINES,1418,Semillas de chia Insumo,Semillas de chia Insumo,Día de la Madre,11
Santa Teresita,MEX,,21 SANTA TERESITA,1507,Mezcla Pancakes Tradicionales Liquida,Mezcla Pancakes Tradicionales Liquida,Día de la Madre,26780
Santa Teresita,MEX,,21 SANTA TERESITA,1505,Mezcla Pancakes Avena Liquida,Mezcla Pancakes Avena Liquida,Día de la Madre,10800
Santa Teresita,MEX,,21 SANTA TERESITA,5444,Chilaquiles verdes toppings default,Chilaquiles verdes toppings default,Día de la Madre,19
Santa Teresita,MEX,,21 SANTA TERESITA,5809,Pancakes Tradicionales Nuevos,Pancakes Tradicionales Nuevos,Día de la Madre,28
Santa Teresita,MEX,,21 SANTA TERESITA,2189,Tarjeta Dia de las Madres.🌷,Tarjeta Dia de las Madres.🌷,Día de la Madre,30
Santa Teresita,MEX,,21 SANTA TERESITA,6403,Pancakes de Cajeta y Plátano. 🆕,Pancakes de Cajeta y Plátano. 🆕,Día de la Madre,23
Santa Teresita,MEX,,21 SANTA TERESITA,6218,Croissant de Frutos Rojos,Croissant de Frutos Rojos,Día de la Madre,5
Santa Teresita,MEX,,21 SANTA TERESITA,1288,Chorizo Insumo,Chorizo Insumo,Día de la Madre,1360
Santa Teresita,MEX,,21 SANTA TERESITA,1471,Frijol Refrito,Frijol Refrito,Día de la Madre,4860
Santa Teresita,MEX,,21 SANTA TERESITA,1532,Arroz Blanco Cocido,Arroz Blanco Cocido,Día de la Madre,5960
Santa Teresita,MEX,,21 SANTA TERESITA,6204,Salsa Verde UND 🆕,Salsa Verde UND 🆕,Día de la Madre,172
Santa Teresita,MEX,,21 SANTA TERESITA,6205,Salsa Roja UND 🆕,Salsa Roja UND 🆕,Día de la Madre,99
Santa Teresita,MEX,,21 SANTA TERESITA,1434,Tocineta,Tocineta,Día de la Madre,546
Santa Teresita,MEX,,21 SANTA TERESITA,1245,Almendra Fileteada Insumo,Almendra Fileteada Insumo,Día de la Madre,1140
Santa Teresita,MEX,,21 SANTA TERESITA,1304,Croissant Grande,Croissant Grande,Día de la Madre,9
Santa Teresita,MEX,,21 SANTA TERESITA,1430,Tapa Bowl Kraft Chico,Tapa Bowl Kraft Chico,Día de la Madre,129
Santa Teresita,MEX,,21 SANTA TERESITA,1266,Bowl Kraft Chico,Bowl Kraft Chico,Día de la Madre,129
Santa Teresita,MEX,,21 SANTA TERESITA,1431,Tapa Bowl Kraft Grande,Tapa Bowl Kraft Grande,Día de la Madre,222
Santa Teresita,MEX,,21 SANTA TERESITA,1267,Bowl Kraft Grande,Bowl Kraft Grande,Día de la Madre,223
Santa Teresita,MEX,,21 SANTA TERESITA,1395,Porta Hamburguesa,Porta Hamburguesa,Día de la Madre,19
Santa Teresita,MEX,,21 SANTA TERESITA,1271,Caja Lounch,Caja Lounch,Día de la Madre,25
Santa Teresita,MEX,,21 SANTA TERESITA,1419,servilletas,servilletas,Día de la Madre,597
Santa Teresita,MEX,,21 SANTA TERESITA,1669,Bowl Sopa,Bowl Sopa,Día de la Madre,59
Santa Teresita,MEX,,21 SANTA TERESITA,1670,Tapa Bowl Sopa,Tapa Bowl Sopa,Día de la Madre,59
Santa Teresita,MEX,,21 SANTA TERESITA,1311,Espinaca,Espinaca,Día de la Madre,910
Santa Teresita,MEX,,21 SANTA TERESITA,2381,Jitomate Saladed,Jitomate Saladed,Día de la Madre,5600
Santa Teresita,MEX,,21 SANTA TERESITA,1289,Cilantro Insumo,Cilantro Insumo,Día de la Madre,193
Santa Teresita,MEX,,21 SANTA TERESITA,1276,Cebolla Blanca Insumo,Cebolla Blanca Insumo,Día de la Madre,4680
Santa Teresita,MEX,,21 SANTA TERESITA,1249,Arandano fresco Insumo,Arandano fresco Insumo,Día de la Madre,900
Santa Teresita,MEX,,21 SANTA TERESITA,1257,Banano Criollo Insumo,Banano Criollo Insumo,Día de la Madre,2520
Santa Teresita,MEX,,21 SANTA TERESITA,1312,Fresa Insumo,Fresa Insumo,Día de la Madre,2516
Santa Teresita,MEX,,21 SANTA TERESITA,1391,Pina Miel Insumo,Pina Miel Insumo,Día de la Madre,980
Santa Teresita,MEX,,21 SANTA TERESITA,1374,Papaya Maradol Insumo,Papaya Maradol Insumo,Día de la Madre,980
Santa Teresita,MEX,,21 SANTA TERESITA,5319,Frosting Queso Crema y Yogurt,Frosting Queso Crema y Yogurt,Día de la Madre,880
Santa Teresita,MEX,,21 SANTA TERESITA,1303,Crema acida,Crema acida,Día de la Madre,3660
Santa Teresita,MEX,,21 SANTA TERESITA,5392,"Salsa ""Del Barça""","Salsa ""Del Barça""",Día de la Madre,720
Santa Teresita,MEX,,21 SANTA TERESITA,3055,Salsa Burger con Jalapeño,Salsa Burger con Jalapeño,Día de la Madre,480
Santa Teresita,MEX,,21 SANTA TERESITA,1362,Miel de maple,Miel de maple,Día de la Madre,8520
Santa Teresita,MEX,,21 SANTA TERESITA,1836,Arrachera insumo,Arrachera insumo,Día de la Madre,5830
Santa Teresita,MEX,,21 SANTA TERESITA,1491,Totopos,Totopos,Día de la Madre,18900
Santa Teresita,MEX,,21 SANTA TERESITA,1511,Salsa Frutos Rojos,Salsa Frutos Rojos,Día de la Madre,200
Santa Teresita,MEX,,21 SANTA TERESITA,1039,Jugo de Naranja,Jugo de Naranja,Día de la Madre,95
Santa Teresita,MEX,,21 SANTA TERESITA,1117,Porcion de Fruta,Porcion de Fruta,Día de la Madre,13
Santa Teresita,MEX,,21 SANTA TERESITA,1493,Guacamole,Guacamole,Día de la Madre,3800
Santa Teresita,MEX,,21 SANTA TERESITA,3058,Mezcla mantequilla y aceite,Mezcla mantequilla y aceite,Día de la Madre,530
Santa Teresita,MEX,,21 SANTA TERESITA,1503,Avena Preparada,Avena Preparada,Día de la Madre,2160
Santa Teresita,MEX,,21 SANTA TERESITA,1516,Pico de Gallo Produccion,Pico de Gallo Produccion,Día de la Madre,1040
Santa Teresita,MEX,,21 SANTA TERESITA,1515,Yogurt Griego Preparado,Yogurt Griego Preparado,Día de la Madre,1260
Santa Teresita,MEX,,21 SANTA TERESITA,1504,Granola Produccion,Granola Produccion,Día de la Madre,245
Santa Teresita,MEX,,21 SANTA TERESITA,1401,Queso Mozzarella,Queso Mozzarella,Día de la Madre,7860
Santa Teresita,MEX,,21 SANTA TERESITA,2738,Queso Panela,Queso Panela,Día de la Madre,1426
Santa Teresita,MEX,,21 SANTA TERESITA,2540,Pan de Papa Fasfu 100 gr,Pan de Papa Fasfu 100 gr,Día de la Madre,13
Santa Teresita,MEX,,21 SANTA TERESITA,1272,Cajeta Insumo,Cajeta Insumo,Día de la Madre,1080
Santa Teresita,MEX,,21 SANTA TERESITA,1327,Jamon De Cerdo Insumo,Jamon De Cerdo Insumo,Día de la Madre,1200
Santa Teresita,MEX,,21 SANTA TERESITA,1321,Hashbrown McCain,Hashbrown McCain,Día de la Madre,1300
Santa Teresita,MEX,,21 SANTA TERESITA,2187,Tarjeta Especial Insumo,Tarjeta Especial Insumo,Día de la Madre,30
Santa Teresita,MEX,,21 SANTA TERESITA,1418,Semillas de chia Insumo,Semillas de chia Insumo,Día de la Madre,33
Tlaquepaque,MEX,,34 TLAQUEPAQUE,1507,Mezcla Pancakes Tradicionales Liquida,Mezcla Pancakes Tradicionales Liquida,Día de la Madre,11180
Tlaquepaque,MEX,,34 TLAQUEPAQUE,1505,Mezcla Pancakes Avena Liquida,Mezcla Pancakes Avena Liquida,Día de la Madre,4590
Tlaquepaque,MEX,,34 TLAQUEPAQUE,5444,Chilaquiles verdes toppings default,Chilaquiles verdes toppings default,Día de la Madre,9
Tlaquepaque,MEX,,34 TLAQUEPAQUE,5809,Pancakes Tradicionales Nuevos,Pancakes Tradicionales Nuevos,Día de la Madre,11
Tlaquepaque,MEX,,34 TLAQUEPAQUE,2189,Tarjeta Dia de las Madres.🌷,Tarjeta Dia de las Madres.🌷,Día de la Madre,12
Tlaquepaque,MEX,,34 TLAQUEPAQUE,6403,Pancakes de Cajeta y Plátano. 🆕,Pancakes de Cajeta y Plátano. 🆕,Día de la Madre,10
Tlaquepaque,MEX,,34 TLAQUEPAQUE,6218,Croissant de Frutos Rojos,Croissant de Frutos Rojos,Día de la Madre,3
Tlaquepaque,MEX,,34 TLAQUEPAQUE,1288,Chorizo Insumo,Chorizo Insumo,Día de la Madre,640
Tlaquepaque,MEX,,34 TLAQUEPAQUE,1471,Frijol Refrito,Frijol Refrito,Día de la Madre,2460
Tlaquepaque,MEX,,34 TLAQUEPAQUE,1532,Arroz Blanco Cocido,Arroz Blanco Cocido,Día de la Madre,3720
Tlaquepaque,MEX,,34 TLAQUEPAQUE,6204,Salsa Verde UND 🆕,Salsa Verde UND 🆕,Día de la Madre,103
Tlaquepaque,MEX,,34 TLAQUEPAQUE,6205,Salsa Roja UND 🆕,Salsa Roja UND 🆕,Día de la Madre,64
Tlaquepaque,MEX,,34 TLAQUEPAQUE,1434,Tocineta,Tocineta,Día de la Madre,462
Tlaquepaque,MEX,,34 TLAQUEPAQUE,1245,Almendra Fileteada Insumo,Almendra Fileteada Insumo,Día de la Madre,465
Tlaquepaque,MEX,,34 TLAQUEPAQUE,1304,Croissant Grande,Croissant Grande,Día de la Madre,6
Tlaquepaque,MEX,,34 TLAQUEPAQUE,1430,Tapa Bowl Kraft Chico,Tapa Bowl Kraft Chico,Día de la Madre,55
Tlaquepaque,MEX,,34 TLAQUEPAQUE,1266,Bowl Kraft Chico,Bowl Kraft Chico,Día de la Madre,55
Tlaquepaque,MEX,,34 TLAQUEPAQUE,1431,Tapa Bowl Kraft Grande,Tapa Bowl Kraft Grande,Día de la Madre,112
Tlaquepaque,MEX,,34 TLAQUEPAQUE,1267,Bowl Kraft Grande,Bowl Kraft Grande,Día de la Madre,112
Tlaquepaque,MEX,,34 TLAQUEPAQUE,1395,Porta Hamburguesa,Porta Hamburguesa,Día de la Madre,18
Tlaquepaque,MEX,,34 TLAQUEPAQUE,1271,Caja Lounch,Caja Lounch,Día de la Madre,12
Tlaquepaque,MEX,,34 TLAQUEPAQUE,1419,servilletas,servilletas,Día de la Madre,312
Tlaquepaque,MEX,,34 TLAQUEPAQUE,1669,Bowl Sopa,Bowl Sopa,Día de la Madre,20
Tlaquepaque,MEX,,34 TLAQUEPAQUE,1670,Tapa Bowl Sopa,Tapa Bowl Sopa,Día de la Madre,20
Tlaquepaque,MEX,,34 TLAQUEPAQUE,1311,Espinaca,Espinaca,Día de la Madre,280
Tlaquepaque,MEX,,34 TLAQUEPAQUE,2381,Jitomate Saladed,Jitomate Saladed,Día de la Madre,2310
Tlaquepaque,MEX,,34 TLAQUEPAQUE,1289,Cilantro Insumo,Cilantro Insumo,Día de la Madre,87
Tlaquepaque,MEX,,34 TLAQUEPAQUE,1276,Cebolla Blanca Insumo,Cebolla Blanca Insumo,Día de la Madre,3560
Tlaquepaque,MEX,,34 TLAQUEPAQUE,1249,Arandano fresco Insumo,Arandano fresco Insumo,Día de la Madre,400
Tlaquepaque,MEX,,34 TLAQUEPAQUE,1257,Banano Criollo Insumo,Banano Criollo Insumo,Día de la Madre,1080
Tlaquepaque,MEX,,34 TLAQUEPAQUE,1312,Fresa Insumo,Fresa Insumo,Día de la Madre,1147
Tlaquepaque,MEX,,34 TLAQUEPAQUE,1391,Pina Miel Insumo,Pina Miel Insumo,Día de la Madre,490
Tlaquepaque,MEX,,34 TLAQUEPAQUE,1374,Papaya Maradol Insumo,Papaya Maradol Insumo,Día de la Madre,490
Tlaquepaque,MEX,,34 TLAQUEPAQUE,5319,Frosting Queso Crema y Yogurt,Frosting Queso Crema y Yogurt,Día de la Madre,440
Tlaquepaque,MEX,,34 TLAQUEPAQUE,1303,Crema acida,Crema acida,Día de la Madre,1950
Tlaquepaque,MEX,,34 TLAQUEPAQUE,5392,"Salsa ""Del Barça""","Salsa ""Del Barça""",Día de la Madre,630
Tlaquepaque,MEX,,34 TLAQUEPAQUE,3055,Salsa Burger con Jalapeño,Salsa Burger con Jalapeño,Día de la Madre,540
Tlaquepaque,MEX,,34 TLAQUEPAQUE,1362,Miel de maple,Miel de maple,Día de la Madre,3510
Tlaquepaque,MEX,,34 TLAQUEPAQUE,1836,Arrachera insumo,Arrachera insumo,Día de la Madre,4290
Tlaquepaque,MEX,,34 TLAQUEPAQUE,1491,Totopos,Totopos,Día de la Madre,12000
Tlaquepaque,MEX,,34 TLAQUEPAQUE,1511,Salsa Frutos Rojos,Salsa Frutos Rojos,Día de la Madre,120
Tlaquepaque,MEX,,34 TLAQUEPAQUE,1039,Jugo de Naranja,Jugo de Naranja,Día de la Madre,40
Tlaquepaque,MEX,,34 TLAQUEPAQUE,1117,Porcion de Fruta,Porcion de Fruta,Día de la Madre,8
Tlaquepaque,MEX,,34 TLAQUEPAQUE,1493,Guacamole,Guacamole,Día de la Madre,2250
Tlaquepaque,MEX,,34 TLAQUEPAQUE,3058,Mezcla mantequilla y aceite,Mezcla mantequilla y aceite,Día de la Madre,490
Tlaquepaque,MEX,,34 TLAQUEPAQUE,1503,Avena Preparada,Avena Preparada,Día de la Madre,900
Tlaquepaque,MEX,,34 TLAQUEPAQUE,1516,Pico de Gallo Produccion,Pico de Gallo Produccion,Día de la Madre,600
Tlaquepaque,MEX,,34 TLAQUEPAQUE,1515,Yogurt Griego Preparado,Yogurt Griego Preparado,Día de la Madre,540
Tlaquepaque,MEX,,34 TLAQUEPAQUE,1504,Granola Produccion,Granola Produccion,Día de la Madre,105
Tlaquepaque,MEX,,34 TLAQUEPAQUE,1401,Queso Mozzarella,Queso Mozzarella,Día de la Madre,3810
Tlaquepaque,MEX,,34 TLAQUEPAQUE,2738,Queso Panela,Queso Panela,Día de la Madre,805
Tlaquepaque,MEX,,34 TLAQUEPAQUE,2540,Pan de Papa Fasfu 100 gr,Pan de Papa Fasfu 100 gr,Día de la Madre,9
Tlaquepaque,MEX,,34 TLAQUEPAQUE,1272,Cajeta Insumo,Cajeta Insumo,Día de la Madre,440
Tlaquepaque,MEX,,34 TLAQUEPAQUE,1327,Jamon De Cerdo Insumo,Jamon De Cerdo Insumo,Día de la Madre,520
Tlaquepaque,MEX,,34 TLAQUEPAQUE,1321,Hashbrown McCain,Hashbrown McCain,Día de la Madre,390
Tlaquepaque,MEX,,34 TLAQUEPAQUE,2187,Tarjeta Especial Insumo,Tarjeta Especial Insumo,Día de la Madre,12
Tlaquepaque,MEX,,34 TLAQUEPAQUE,1418,Semillas de chia Insumo,Semillas de chia Insumo,Día de la Madre,14
Carretera Nacional,MEX,,28 CARRETERA NACIONA,1507,Mezcla Pancakes Tradicionales Liquida,Mezcla Pancakes Tradicionales Liquida,Día de la Madre,6240
Carretera Nacional,MEX,,28 CARRETERA NACIONA,1505,Mezcla Pancakes Avena Liquida,Mezcla Pancakes Avena Liquida,Día de la Madre,2430
Carretera Nacional,MEX,,28 CARRETERA NACIONA,5444,Chilaquiles verdes toppings default,Chilaquiles verdes toppings default,Día de la Madre,4
Carretera Nacional,MEX,,28 CARRETERA NACIONA,5809,Pancakes Tradicionales Nuevos,Pancakes Tradicionales Nuevos,Día de la Madre,6
Carretera Nacional,MEX,,28 CARRETERA NACIONA,2189,Tarjeta Dia de las Madres.🌷,Tarjeta Dia de las Madres.🌷,Día de la Madre,7
Carretera Nacional,MEX,,28 CARRETERA NACIONA,6403,Pancakes de Cajeta y Plátano. 🆕,Pancakes de Cajeta y Plátano. 🆕,Día de la Madre,5
Carretera Nacional,MEX,,28 CARRETERA NACIONA,6218,Croissant de Frutos Rojos,Croissant de Frutos Rojos,Día de la Madre,3
Carretera Nacional,MEX,,28 CARRETERA NACIONA,1288,Chorizo Insumo,Chorizo Insumo,Día de la Madre,560
Carretera Nacional,MEX,,28 CARRETERA NACIONA,1471,Frijol Refrito,Frijol Refrito,Día de la Madre,1320
Carretera Nacional,MEX,,28 CARRETERA NACIONA,1532,Arroz Blanco Cocido,Arroz Blanco Cocido,Día de la Madre,1200
Carretera Nacional,MEX,,28 CARRETERA NACIONA,6204,Salsa Verde UND 🆕,Salsa Verde UND 🆕,Día de la Madre,53
Carretera Nacional,MEX,,28 CARRETERA NACIONA,6205,Salsa Roja UND 🆕,Salsa Roja UND 🆕,Día de la Madre,36
Carretera Nacional,MEX,,28 CARRETERA NACIONA,1434,Tocineta,Tocineta,Día de la Madre,294
Carretera Nacional,MEX,,28 CARRETERA NACIONA,1245,Almendra Fileteada Insumo,Almendra Fileteada Insumo,Día de la Madre,285
Carretera Nacional,MEX,,28 CARRETERA NACIONA,1304,Croissant Grande,Croissant Grande,Día de la Madre,6
Carretera Nacional,MEX,,28 CARRETERA NACIONA,1430,Tapa Bowl Kraft Chico,Tapa Bowl Kraft Chico,Día de la Madre,26
Carretera Nacional,MEX,,28 CARRETERA NACIONA,1266,Bowl Kraft Chico,Bowl Kraft Chico,Día de la Madre,26
Carretera Nacional,MEX,,28 CARRETERA NACIONA,1431,Tapa Bowl Kraft Grande,Tapa Bowl Kraft Grande,Día de la Madre,61
Carretera Nacional,MEX,,28 CARRETERA NACIONA,1267,Bowl Kraft Grande,Bowl Kraft Grande,Día de la Madre,61
Carretera Nacional,MEX,,28 CARRETERA NACIONA,1395,Porta Hamburguesa,Porta Hamburguesa,Día de la Madre,9
Carretera Nacional,MEX,,28 CARRETERA NACIONA,1271,Caja Lounch,Caja Lounch,Día de la Madre,10
Carretera Nacional,MEX,,28 CARRETERA NACIONA,1419,servilletas,servilletas,Día de la Madre,153
Carretera Nacional,MEX,,28 CARRETERA NACIONA,1669,Bowl Sopa,Bowl Sopa,Día de la Madre,10
Carretera Nacional,MEX,,28 CARRETERA NACIONA,1670,Tapa Bowl Sopa,Tapa Bowl Sopa,Día de la Madre,10
Carretera Nacional,MEX,,28 CARRETERA NACIONA,1311,Espinaca,Espinaca,Día de la Madre,80
Carretera Nacional,MEX,,28 CARRETERA NACIONA,2381,Jitomate Saladed,Jitomate Saladed,Día de la Madre,1015
Carretera Nacional,MEX,,28 CARRETERA NACIONA,1289,Cilantro Insumo,Cilantro Insumo,Día de la Madre,39
Carretera Nacional,MEX,,28 CARRETERA NACIONA,1276,Cebolla Blanca Insumo,Cebolla Blanca Insumo,Día de la Madre,1120
Carretera Nacional,MEX,,28 CARRETERA NACIONA,1249,Arandano fresco Insumo,Arandano fresco Insumo,Día de la Madre,200
Carretera Nacional,MEX,,28 CARRETERA NACIONA,1257,Banano Criollo Insumo,Banano Criollo Insumo,Día de la Madre,648
Carretera Nacional,MEX,,28 CARRETERA NACIONA,1312,Fresa Insumo,Fresa Insumo,Día de la Madre,888
Carretera Nacional,MEX,,28 CARRETERA NACIONA,1391,Pina Miel Insumo,Pina Miel Insumo,Día de la Madre,350
Carretera Nacional,MEX,,28 CARRETERA NACIONA,1374,Papaya Maradol Insumo,Papaya Maradol Insumo,Día de la Madre,350
Carretera Nacional,MEX,,28 CARRETERA NACIONA,5319,Frosting Queso Crema y Yogurt,Frosting Queso Crema y Yogurt,Día de la Madre,240
Carretera Nacional,MEX,,28 CARRETERA NACIONA,1303,Crema acida,Crema acida,Día de la Madre,960
Carretera Nacional,MEX,,28 CARRETERA NACIONA,5392,"Salsa ""Del Barça""","Salsa ""Del Barça""",Día de la Madre,270
Carretera Nacional,MEX,,28 CARRETERA NACIONA,3055,Salsa Burger con Jalapeño,Salsa Burger con Jalapeño,Día de la Madre,380
Carretera Nacional,MEX,,28 CARRETERA NACIONA,1362,Miel de maple,Miel de maple,Día de la Madre,1920
Carretera Nacional,MEX,,28 CARRETERA NACIONA,1836,Arrachera insumo,Arrachera insumo,Día de la Madre,1650
Carretera Nacional,MEX,,28 CARRETERA NACIONA,1491,Totopos,Totopos,Día de la Madre,6400
Carretera Nacional,MEX,,28 CARRETERA NACIONA,1511,Salsa Frutos Rojos,Salsa Frutos Rojos,Día de la Madre,120
Carretera Nacional,MEX,,28 CARRETERA NACIONA,1039,Jugo de Naranja,Jugo de Naranja,Día de la Madre,20
Carretera Nacional,MEX,,28 CARRETERA NACIONA,1117,Porcion de Fruta,Porcion de Fruta,Día de la Madre,3
Carretera Nacional,MEX,,28 CARRETERA NACIONA,1493,Guacamole,Guacamole,Día de la Madre,950
Carretera Nacional,MEX,,28 CARRETERA NACIONA,3058,Mezcla mantequilla y aceite,Mezcla mantequilla y aceite,Día de la Madre,290
Carretera Nacional,MEX,,28 CARRETERA NACIONA,1503,Avena Preparada,Avena Preparada,Día de la Madre,1080
Carretera Nacional,MEX,,28 CARRETERA NACIONA,1516,Pico de Gallo Produccion,Pico de Gallo Produccion,Día de la Madre,320
Carretera Nacional,MEX,,28 CARRETERA NACIONA,1515,Yogurt Griego Preparado,Yogurt Griego Preparado,Día de la Madre,540
Carretera Nacional,MEX,,28 CARRETERA NACIONA,1504,Granola Produccion,Granola Produccion,Día de la Madre,140
Carretera Nacional,MEX,,28 CARRETERA NACIONA,1401,Queso Mozzarella,Queso Mozzarella,Día de la Madre,1800
Carretera Nacional,MEX,,28 CARRETERA NACIONA,2738,Queso Panela,Queso Panela,Día de la Madre,414
Carretera Nacional,MEX,,28 CARRETERA NACIONA,2540,Pan de Papa Fasfu 100 gr,Pan de Papa Fasfu 100 gr,Día de la Madre,10
Carretera Nacional,MEX,,28 CARRETERA NACIONA,1272,Cajeta Insumo,Cajeta Insumo,Día de la Madre,280
Carretera Nacional,MEX,,28 CARRETERA NACIONA,1327,Jamon De Cerdo Insumo,Jamon De Cerdo Insumo,Día de la Madre,380
Carretera Nacional,MEX,,28 CARRETERA NACIONA,1321,Hashbrown McCain,Hashbrown McCain,Día de la Madre,390
Carretera Nacional,MEX,,28 CARRETERA NACIONA,2187,Tarjeta Especial Insumo,Tarjeta Especial Insumo,Día de la Madre,7
Carretera Nacional,MEX,,28 CARRETERA NACIONA,1418,Semillas de chia Insumo,Semillas de chia Insumo,Día de la Madre,9
Monterrey Centro,MEX,,39 MONTERREY CENTRO,1507,Mezcla Pancakes Tradicionales Liquida,Mezcla Pancakes Tradicionales Liquida,Día de la Madre,15080
Monterrey Centro,MEX,,39 MONTERREY CENTRO,1505,Mezcla Pancakes Avena Liquida,Mezcla Pancakes Avena Liquida,Día de la Madre,8100
Monterrey Centro,MEX,,39 MONTERREY CENTRO,5444,Chilaquiles verdes toppings default,Chilaquiles verdes toppings default,Día de la Madre,15
Monterrey Centro,MEX,,39 MONTERREY CENTRO,5809,Pancakes Tradicionales Nuevos,Pancakes Tradicionales Nuevos,Día de la Madre,21
Monterrey Centro,MEX,,39 MONTERREY CENTRO,2189,Tarjeta Dia de las Madres.🌷,Tarjeta Dia de las Madres.🌷,Día de la Madre,23
Monterrey Centro,MEX,,39 MONTERREY CENTRO,6403,Pancakes de Cajeta y Plátano. 🆕,Pancakes de Cajeta y Plátano. 🆕,Día de la Madre,10
Monterrey Centro,MEX,,39 MONTERREY CENTRO,6218,Croissant de Frutos Rojos,Croissant de Frutos Rojos,Día de la Madre,3
Monterrey Centro,MEX,,39 MONTERREY CENTRO,1288,Chorizo Insumo,Chorizo Insumo,Día de la Madre,1280
Monterrey Centro,MEX,,39 MONTERREY CENTRO,1471,Frijol Refrito,Frijol Refrito,Día de la Madre,2820
Monterrey Centro,MEX,,39 MONTERREY CENTRO,1532,Arroz Blanco Cocido,Arroz Blanco Cocido,Día de la Madre,2400
Monterrey Centro,MEX,,39 MONTERREY CENTRO,6204,Salsa Verde UND 🆕,Salsa Verde UND 🆕,Día de la Madre,127
Monterrey Centro,MEX,,39 MONTERREY CENTRO,6205,Salsa Roja UND 🆕,Salsa Roja UND 🆕,Día de la Madre,80
Monterrey Centro,MEX,,39 MONTERREY CENTRO,1434,Tocineta,Tocineta,Día de la Madre,588
Monterrey Centro,MEX,,39 MONTERREY CENTRO,1245,Almendra Fileteada Insumo,Almendra Fileteada Insumo,Día de la Madre,660
Monterrey Centro,MEX,,39 MONTERREY CENTRO,1304,Croissant Grande,Croissant Grande,Día de la Madre,6
Monterrey Centro,MEX,,39 MONTERREY CENTRO,1430,Tapa Bowl Kraft Chico,Tapa Bowl Kraft Chico,Día de la Madre,70
Monterrey Centro,MEX,,39 MONTERREY CENTRO,1266,Bowl Kraft Chico,Bowl Kraft Chico,Día de la Madre,69
Monterrey Centro,MEX,,39 MONTERREY CENTRO,1431,Tapa Bowl Kraft Grande,Tapa Bowl Kraft Grande,Día de la Madre,153
Monterrey Centro,MEX,,39 MONTERREY CENTRO,1267,Bowl Kraft Grande,Bowl Kraft Grande,Día de la Madre,153
Monterrey Centro,MEX,,39 MONTERREY CENTRO,1395,Porta Hamburguesa,Porta Hamburguesa,Día de la Madre,14
Monterrey Centro,MEX,,39 MONTERREY CENTRO,1271,Caja Lounch,Caja Lounch,Día de la Madre,14
Monterrey Centro,MEX,,39 MONTERREY CENTRO,1419,servilletas,servilletas,Día de la Madre,326
Monterrey Centro,MEX,,39 MONTERREY CENTRO,1669,Bowl Sopa,Bowl Sopa,Día de la Madre,21
Monterrey Centro,MEX,,39 MONTERREY CENTRO,1670,Tapa Bowl Sopa,Tapa Bowl Sopa,Día de la Madre,21
Monterrey Centro,MEX,,39 MONTERREY CENTRO,1311,Espinaca,Espinaca,Día de la Madre,200
Monterrey Centro,MEX,,39 MONTERREY CENTRO,2381,Jitomate Saladed,Jitomate Saladed,Día de la Madre,2485
Monterrey Centro,MEX,,39 MONTERREY CENTRO,1289,Cilantro Insumo,Cilantro Insumo,Día de la Madre,123
Monterrey Centro,MEX,,39 MONTERREY CENTRO,1276,Cebolla Blanca Insumo,Cebolla Blanca Insumo,Día de la Madre,2580
Monterrey Centro,MEX,,39 MONTERREY CENTRO,1249,Arandano fresco Insumo,Arandano fresco Insumo,Día de la Madre,500
Monterrey Centro,MEX,,39 MONTERREY CENTRO,1257,Banano Criollo Insumo,Banano Criollo Insumo,Día de la Madre,1728
Monterrey Centro,MEX,,39 MONTERREY CENTRO,1312,Fresa Insumo,Fresa Insumo,Día de la Madre,1776
Monterrey Centro,MEX,,39 MONTERREY CENTRO,1391,Pina Miel Insumo,Pina Miel Insumo,Día de la Madre,700
Monterrey Centro,MEX,,39 MONTERREY CENTRO,1374,Papaya Maradol Insumo,Papaya Maradol Insumo,Día de la Madre,700
Monterrey Centro,MEX,,39 MONTERREY CENTRO,5319,Frosting Queso Crema y Yogurt,Frosting Queso Crema y Yogurt,Día de la Madre,440
Monterrey Centro,MEX,,39 MONTERREY CENTRO,1303,Crema acida,Crema acida,Día de la Madre,2850
Monterrey Centro,MEX,,39 MONTERREY CENTRO,5392,"Salsa ""Del Barça""","Salsa ""Del Barça""",Día de la Madre,420
Monterrey Centro,MEX,,39 MONTERREY CENTRO,3055,Salsa Burger con Jalapeño,Salsa Burger con Jalapeño,Día de la Madre,380
Monterrey Centro,MEX,,39 MONTERREY CENTRO,1362,Miel de maple,Miel de maple,Día de la Madre,5250
Monterrey Centro,MEX,,39 MONTERREY CENTRO,1836,Arrachera insumo,Arrachera insumo,Día de la Madre,3190
Monterrey Centro,MEX,,39 MONTERREY CENTRO,1491,Totopos,Totopos,Día de la Madre,15400
Monterrey Centro,MEX,,39 MONTERREY CENTRO,1511,Salsa Frutos Rojos,Salsa Frutos Rojos,Día de la Madre,120
Monterrey Centro,MEX,,39 MONTERREY CENTRO,1039,Jugo de Naranja,Jugo de Naranja,Día de la Madre,58
Monterrey Centro,MEX,,39 MONTERREY CENTRO,1117,Porcion de Fruta,Porcion de Fruta,Día de la Madre,6
Monterrey Centro,MEX,,39 MONTERREY CENTRO,1493,Guacamole,Guacamole,Día de la Madre,2200
Monterrey Centro,MEX,,39 MONTERREY CENTRO,3058,Mezcla mantequilla y aceite,Mezcla mantequilla y aceite,Día de la Madre,340
Monterrey Centro,MEX,,39 MONTERREY CENTRO,1503,Avena Preparada,Avena Preparada,Día de la Madre,1620
Monterrey Centro,MEX,,39 MONTERREY CENTRO,1516,Pico de Gallo Produccion,Pico de Gallo Produccion,Día de la Madre,640
Monterrey Centro,MEX,,39 MONTERREY CENTRO,1515,Yogurt Griego Preparado,Yogurt Griego Preparado,Día de la Madre,1440
Monterrey Centro,MEX,,39 MONTERREY CENTRO,1504,Granola Produccion,Granola Produccion,Día de la Madre,315
Monterrey Centro,MEX,,39 MONTERREY CENTRO,1401,Queso Mozzarella,Queso Mozzarella,Día de la Madre,3570
Monterrey Centro,MEX,,39 MONTERREY CENTRO,2738,Queso Panela,Queso Panela,Día de la Madre,1219
Monterrey Centro,MEX,,39 MONTERREY CENTRO,2540,Pan de Papa Fasfu 100 gr,Pan de Papa Fasfu 100 gr,Día de la Madre,13
Monterrey Centro,MEX,,39 MONTERREY CENTRO,1272,Cajeta Insumo,Cajeta Insumo,Día de la Madre,480
Monterrey Centro,MEX,,39 MONTERREY CENTRO,1327,Jamon De Cerdo Insumo,Jamon De Cerdo Insumo,Día de la Madre,580
Monterrey Centro,MEX,,39 MONTERREY CENTRO,1321,Hashbrown McCain,Hashbrown McCain,Día de la Madre,520
Monterrey Centro,MEX,,39 MONTERREY CENTRO,2187,Tarjeta Especial Insumo,Tarjeta Especial Insumo,Día de la Madre,23
Monterrey Centro,MEX,,39 MONTERREY CENTRO,1418,Semillas de chia Insumo,Semillas de chia Insumo,Día de la Madre,28
Lincoln,MEX,,30 LINCOLN,1507,Mezcla Pancakes Tradicionales Liquida,Mezcla Pancakes Tradicionales Liquida,Día de la Madre,14560
Lincoln,MEX,,30 LINCOLN,1505,Mezcla Pancakes Avena Liquida,Mezcla Pancakes Avena Liquida,Día de la Madre,5670
Lincoln,MEX,,30 LINCOLN,5444,Chilaquiles verdes toppings default,Chilaquiles verdes toppings default,Día de la Madre,10
Lincoln,MEX,,30 LINCOLN,5809,Pancakes Tradicionales Nuevos,Pancakes Tradicionales Nuevos,Día de la Madre,16
Lincoln,MEX,,30 LINCOLN,2189,Tarjeta Dia de las Madres.🌷,Tarjeta Dia de las Madres.🌷,Día de la Madre,16
Lincoln,MEX,,30 LINCOLN,6403,Pancakes de Cajeta y Plátano. 🆕,Pancakes de Cajeta y Plátano. 🆕,Día de la Madre,12
Lincoln,MEX,,30 LINCOLN,6218,Croissant de Frutos Rojos,Croissant de Frutos Rojos,Día de la Madre,2
Lincoln,MEX,,30 LINCOLN,1288,Chorizo Insumo,Chorizo Insumo,Día de la Madre,1280
Lincoln,MEX,,30 LINCOLN,1471,Frijol Refrito,Frijol Refrito,Día de la Madre,3120
Lincoln,MEX,,30 LINCOLN,1532,Arroz Blanco Cocido,Arroz Blanco Cocido,Día de la Madre,2920
Lincoln,MEX,,30 LINCOLN,6204,Salsa Verde UND 🆕,Salsa Verde UND 🆕,Día de la Madre,151
Lincoln,MEX,,30 LINCOLN,6205,Salsa Roja UND 🆕,Salsa Roja UND 🆕,Día de la Madre,84
Lincoln,MEX,,30 LINCOLN,1434,Tocineta,Tocineta,Día de la Madre,504
Lincoln,MEX,,30 LINCOLN,1245,Almendra Fileteada Insumo,Almendra Fileteada Insumo,Día de la Madre,570
Lincoln,MEX,,30 LINCOLN,1304,Croissant Grande,Croissant Grande,Día de la Madre,6
Lincoln,MEX,,30 LINCOLN,1430,Tapa Bowl Kraft Chico,Tapa Bowl Kraft Chico,Día de la Madre,70
Lincoln,MEX,,30 LINCOLN,1266,Bowl Kraft Chico,Bowl Kraft Chico,Día de la Madre,69
Lincoln,MEX,,30 LINCOLN,1431,Tapa Bowl Kraft Grande,Tapa Bowl Kraft Grande,Día de la Madre,146
Lincoln,MEX,,30 LINCOLN,1267,Bowl Kraft Grande,Bowl Kraft Grande,Día de la Madre,147
Lincoln,MEX,,30 LINCOLN,1395,Porta Hamburguesa,Porta Hamburguesa,Día de la Madre,15
Lincoln,MEX,,30 LINCOLN,1271,Caja Lounch,Caja Lounch,Día de la Madre,14
Lincoln,MEX,,30 LINCOLN,1419,servilletas,servilletas,Día de la Madre,346
Lincoln,MEX,,30 LINCOLN,1669,Bowl Sopa,Bowl Sopa,Día de la Madre,18
Lincoln,MEX,,30 LINCOLN,1670,Tapa Bowl Sopa,Tapa Bowl Sopa,Día de la Madre,18
Lincoln,MEX,,30 LINCOLN,1311,Espinaca,Espinaca,Día de la Madre,310
Lincoln,MEX,,30 LINCOLN,2381,Jitomate Saladed,Jitomate Saladed,Día de la Madre,2835
Lincoln,MEX,,30 LINCOLN,1289,Cilantro Insumo,Cilantro Insumo,Día de la Madre,127
Lincoln,MEX,,30 LINCOLN,1276,Cebolla Blanca Insumo,Cebolla Blanca Insumo,Día de la Madre,3040
Lincoln,MEX,,30 LINCOLN,1249,Arandano fresco Insumo,Arandano fresco Insumo,Día de la Madre,480
Lincoln,MEX,,30 LINCOLN,1257,Banano Criollo Insumo,Banano Criollo Insumo,Día de la Madre,1188
Lincoln,MEX,,30 LINCOLN,1312,Fresa Insumo,Fresa Insumo,Día de la Madre,1073
Lincoln,MEX,,30 LINCOLN,1391,Pina Miel Insumo,Pina Miel Insumo,Día de la Madre,490
Lincoln,MEX,,30 LINCOLN,1374,Papaya Maradol Insumo,Papaya Maradol Insumo,Día de la Madre,490
Lincoln,MEX,,30 LINCOLN,5319,Frosting Queso Crema y Yogurt,Frosting Queso Crema y Yogurt,Día de la Madre,480
Lincoln,MEX,,30 LINCOLN,1303,Crema acida,Crema acida,Día de la Madre,3000
Lincoln,MEX,,30 LINCOLN,5392,"Salsa ""Del Barça""","Salsa ""Del Barça""",Día de la Madre,420
Lincoln,MEX,,30 LINCOLN,3055,Salsa Burger con Jalapeño,Salsa Burger con Jalapeño,Día de la Madre,460
Lincoln,MEX,,30 LINCOLN,1362,Miel de maple,Miel de maple,Día de la Madre,4530
Lincoln,MEX,,30 LINCOLN,1836,Arrachera insumo,Arrachera insumo,Día de la Madre,3850
Lincoln,MEX,,30 LINCOLN,1491,Totopos,Totopos,Día de la Madre,16000
Lincoln,MEX,,30 LINCOLN,1511,Salsa Frutos Rojos,Salsa Frutos Rojos,Día de la Madre,120
Lincoln,MEX,,30 LINCOLN,1039,Jugo de Naranja,Jugo de Naranja,Día de la Madre,47
Lincoln,MEX,,30 LINCOLN,1117,Porcion de Fruta,Porcion de Fruta,Día de la Madre,5
Lincoln,MEX,,30 LINCOLN,1493,Guacamole,Guacamole,Día de la Madre,2350
Lincoln,MEX,,30 LINCOLN,3058,Mezcla mantequilla y aceite,Mezcla mantequilla y aceite,Día de la Madre,420
Lincoln,MEX,,30 LINCOLN,1503,Avena Preparada,Avena Preparada,Día de la Madre,900
Lincoln,MEX,,30 LINCOLN,1516,Pico de Gallo Produccion,Pico de Gallo Produccion,Día de la Madre,640
Lincoln,MEX,,30 LINCOLN,1515,Yogurt Griego Preparado,Yogurt Griego Preparado,Día de la Madre,720
Lincoln,MEX,,30 LINCOLN,1504,Granola Produccion,Granola Produccion,Día de la Madre,140
Lincoln,MEX,,30 LINCOLN,1401,Queso Mozzarella,Queso Mozzarella,Día de la Madre,3990
Lincoln,MEX,,30 LINCOLN,2738,Queso Panela,Queso Panela,Día de la Madre,1311
Lincoln,MEX,,30 LINCOLN,2540,Pan de Papa Fasfu 100 gr,Pan de Papa Fasfu 100 gr,Día de la Madre,12
Lincoln,MEX,,30 LINCOLN,1272,Cajeta Insumo,Cajeta Insumo,Día de la Madre,560
Lincoln,MEX,,30 LINCOLN,1327,Jamon De Cerdo Insumo,Jamon De Cerdo Insumo,Día de la Madre,660
Lincoln,MEX,,30 LINCOLN,1321,Hashbrown McCain,Hashbrown McCain,Día de la Madre,520
Lincoln,MEX,,30 LINCOLN,2187,Tarjeta Especial Insumo,Tarjeta Especial Insumo,Día de la Madre,16
Lincoln,MEX,,30 LINCOLN,1418,Semillas de chia Insumo,Semillas de chia Insumo,Día de la Madre,14
Cumbres,MEX,,17 CUMBRES,1507,Mezcla Pancakes Tradicionales Liquida,Mezcla Pancakes Tradicionales Liquida,Día de la Madre,25740
Cumbres,MEX,,17 CUMBRES,1505,Mezcla Pancakes Avena Liquida,Mezcla Pancakes Avena Liquida,Día de la Madre,8370
Cumbres,MEX,,17 CUMBRES,5444,Chilaquiles verdes toppings default,Chilaquiles verdes toppings default,Día de la Madre,18
Cumbres,MEX,,17 CUMBRES,5809,Pancakes Tradicionales Nuevos,Pancakes Tradicionales Nuevos,Día de la Madre,28
Cumbres,MEX,,17 CUMBRES,2189,Tarjeta Dia de las Madres.🌷,Tarjeta Dia de las Madres.🌷,Día de la Madre,30
Cumbres,MEX,,17 CUMBRES,6403,Pancakes de Cajeta y Plátano. 🆕,Pancakes de Cajeta y Plátano. 🆕,Día de la Madre,22
Cumbres,MEX,,17 CUMBRES,6218,Croissant de Frutos Rojos,Croissant de Frutos Rojos,Día de la Madre,5
Cumbres,MEX,,17 CUMBRES,1288,Chorizo Insumo,Chorizo Insumo,Día de la Madre,1200
Cumbres,MEX,,17 CUMBRES,1471,Frijol Refrito,Frijol Refrito,Día de la Madre,2820
Cumbres,MEX,,17 CUMBRES,1532,Arroz Blanco Cocido,Arroz Blanco Cocido,Día de la Madre,2280
Cumbres,MEX,,17 CUMBRES,6204,Salsa Verde UND 🆕,Salsa Verde UND 🆕,Día de la Madre,165
Cumbres,MEX,,17 CUMBRES,6205,Salsa Roja UND 🆕,Salsa Roja UND 🆕,Día de la Madre,74
Cumbres,MEX,,17 CUMBRES,1434,Tocineta,Tocineta,Día de la Madre,504
Cumbres,MEX,,17 CUMBRES,1245,Almendra Fileteada Insumo,Almendra Fileteada Insumo,Día de la Madre,660
Cumbres,MEX,,17 CUMBRES,1304,Croissant Grande,Croissant Grande,Día de la Madre,8
Cumbres,MEX,,17 CUMBRES,1430,Tapa Bowl Kraft Chico,Tapa Bowl Kraft Chico,Día de la Madre,51
Cumbres,MEX,,17 CUMBRES,1266,Bowl Kraft Chico,Bowl Kraft Chico,Día de la Madre,51
Cumbres,MEX,,17 CUMBRES,1431,Tapa Bowl Kraft Grande,Tapa Bowl Kraft Grande,Día de la Madre,207
Cumbres,MEX,,17 CUMBRES,1267,Bowl Kraft Grande,Bowl Kraft Grande,Día de la Madre,208
Cumbres,MEX,,17 CUMBRES,1395,Porta Hamburguesa,Porta Hamburguesa,Día de la Madre,20
Cumbres,MEX,,17 CUMBRES,1271,Caja Lounch,Caja Lounch,Día de la Madre,15
Cumbres,MEX,,17 CUMBRES,1419,servilletas,servilletas,Día de la Madre,387
Cumbres,MEX,,17 CUMBRES,1669,Bowl Sopa,Bowl Sopa,Día de la Madre,18
Cumbres,MEX,,17 CUMBRES,1670,Tapa Bowl Sopa,Tapa Bowl Sopa,Día de la Madre,18
Cumbres,MEX,,17 CUMBRES,1311,Espinaca,Espinaca,Día de la Madre,270
Cumbres,MEX,,17 CUMBRES,2381,Jitomate Saladed,Jitomate Saladed,Día de la Madre,1995
Cumbres,MEX,,17 CUMBRES,1289,Cilantro Insumo,Cilantro Insumo,Día de la Madre,116
Cumbres,MEX,,17 CUMBRES,1276,Cebolla Blanca Insumo,Cebolla Blanca Insumo,Día de la Madre,2880
Cumbres,MEX,,17 CUMBRES,1249,Arandano fresco Insumo,Arandano fresco Insumo,Día de la Madre,840
Cumbres,MEX,,17 CUMBRES,1257,Banano Criollo Insumo,Banano Criollo Insumo,Día de la Madre,1620
Cumbres,MEX,,17 CUMBRES,1312,Fresa Insumo,Fresa Insumo,Día de la Madre,1295
Cumbres,MEX,,17 CUMBRES,1391,Pina Miel Insumo,Pina Miel Insumo,Día de la Madre,420
Cumbres,MEX,,17 CUMBRES,1374,Papaya Maradol Insumo,Papaya Maradol Insumo,Día de la Madre,420
Cumbres,MEX,,17 CUMBRES,5319,Frosting Queso Crema y Yogurt,Frosting Queso Crema y Yogurt,Día de la Madre,880
Cumbres,MEX,,17 CUMBRES,1303,Crema acida,Crema acida,Día de la Madre,2970
Cumbres,MEX,,17 CUMBRES,5392,"Salsa ""Del Barça""","Salsa ""Del Barça""",Día de la Madre,450
Cumbres,MEX,,17 CUMBRES,3055,Salsa Burger con Jalapeño,Salsa Burger con Jalapeño,Día de la Madre,620
Cumbres,MEX,,17 CUMBRES,1362,Miel de maple,Miel de maple,Día de la Madre,7710
Cumbres,MEX,,17 CUMBRES,1836,Arrachera insumo,Arrachera insumo,Día de la Madre,3190
Cumbres,MEX,,17 CUMBRES,1491,Totopos,Totopos,Día de la Madre,18900
Cumbres,MEX,,17 CUMBRES,1511,Salsa Frutos Rojos,Salsa Frutos Rojos,Día de la Madre,200
Cumbres,MEX,,17 CUMBRES,1039,Jugo de Naranja,Jugo de Naranja,Día de la Madre,72
Cumbres,MEX,,17 CUMBRES,1117,Porcion de Fruta,Porcion de Fruta,Día de la Madre,6
Cumbres,MEX,,17 CUMBRES,1493,Guacamole,Guacamole,Día de la Madre,2200
Cumbres,MEX,,17 CUMBRES,3058,Mezcla mantequilla y aceite,Mezcla mantequilla y aceite,Día de la Madre,510
Cumbres,MEX,,17 CUMBRES,1503,Avena Preparada,Avena Preparada,Día de la Madre,1260
Cumbres,MEX,,17 CUMBRES,1516,Pico de Gallo Produccion,Pico de Gallo Produccion,Día de la Madre,520
Cumbres,MEX,,17 CUMBRES,1515,Yogurt Griego Preparado,Yogurt Griego Preparado,Día de la Madre,1080
Cumbres,MEX,,17 CUMBRES,1504,Granola Produccion,Granola Produccion,Día de la Madre,245
Cumbres,MEX,,17 CUMBRES,1401,Queso Mozzarella,Queso Mozzarella,Día de la Madre,3660
Cumbres,MEX,,17 CUMBRES,2738,Queso Panela,Queso Panela,Día de la Madre,1265
Cumbres,MEX,,17 CUMBRES,2540,Pan de Papa Fasfu 100 gr,Pan de Papa Fasfu 100 gr,Día de la Madre,17
Cumbres,MEX,,17 CUMBRES,1272,Cajeta Insumo,Cajeta Insumo,Día de la Madre,1000
Cumbres,MEX,,17 CUMBRES,1327,Jamon De Cerdo Insumo,Jamon De Cerdo Insumo,Día de la Madre,560
Cumbres,MEX,,17 CUMBRES,1321,Hashbrown McCain,Hashbrown McCain,Día de la Madre,1040
Cumbres,MEX,,17 CUMBRES,2187,Tarjeta Especial Insumo,Tarjeta Especial Insumo,Día de la Madre,30
Cumbres,MEX,,17 CUMBRES,1418,Semillas de chia Insumo,Semillas de chia Insumo,Día de la Madre,22
Saltillo Centro,MEX,,38 SALTILLO CENTRO,1507,Mezcla Pancakes Tradicionales Liquida,Mezcla Pancakes Tradicionales Liquida,Día de la Madre,6500
Saltillo Centro,MEX,,38 SALTILLO CENTRO,1505,Mezcla Pancakes Avena Liquida,Mezcla Pancakes Avena Liquida,Día de la Madre,2700
Saltillo Centro,MEX,,38 SALTILLO CENTRO,5444,Chilaquiles verdes toppings default,Chilaquiles verdes toppings default,Día de la Madre,4
Saltillo Centro,MEX,,38 SALTILLO CENTRO,5809,Pancakes Tradicionales Nuevos,Pancakes Tradicionales Nuevos,Día de la Madre,5
Saltillo Centro,MEX,,38 SALTILLO CENTRO,2189,Tarjeta Dia de las Madres.🌷,Tarjeta Dia de las Madres.🌷,Día de la Madre,5
Saltillo Centro,MEX,,38 SALTILLO CENTRO,6403,Pancakes de Cajeta y Plátano. 🆕,Pancakes de Cajeta y Plátano. 🆕,Día de la Madre,7
Saltillo Centro,MEX,,38 SALTILLO CENTRO,6218,Croissant de Frutos Rojos,Croissant de Frutos Rojos,Día de la Madre,1
Saltillo Centro,MEX,,38 SALTILLO CENTRO,1288,Chorizo Insumo,Chorizo Insumo,Día de la Madre,960
Saltillo Centro,MEX,,38 SALTILLO CENTRO,1471,Frijol Refrito,Frijol Refrito,Día de la Madre,3000
Saltillo Centro,MEX,,38 SALTILLO CENTRO,1532,Arroz Blanco Cocido,Arroz Blanco Cocido,Día de la Madre,3120
Saltillo Centro,MEX,,38 SALTILLO CENTRO,6204,Salsa Verde UND 🆕,Salsa Verde UND 🆕,Día de la Madre,76
Saltillo Centro,MEX,,38 SALTILLO CENTRO,6205,Salsa Roja UND 🆕,Salsa Roja UND 🆕,Día de la Madre,50
Saltillo Centro,MEX,,38 SALTILLO CENTRO,1434,Tocineta,Tocineta,Día de la Madre,294
Saltillo Centro,MEX,,38 SALTILLO CENTRO,1245,Almendra Fileteada Insumo,Almendra Fileteada Insumo,Día de la Madre,285
Saltillo Centro,MEX,,38 SALTILLO CENTRO,1304,Croissant Grande,Croissant Grande,Día de la Madre,3
Saltillo Centro,MEX,,38 SALTILLO CENTRO,1430,Tapa Bowl Kraft Chico,Tapa Bowl Kraft Chico,Día de la Madre,54
Saltillo Centro,MEX,,38 SALTILLO CENTRO,1266,Bowl Kraft Chico,Bowl Kraft Chico,Día de la Madre,54
Saltillo Centro,MEX,,38 SALTILLO CENTRO,1431,Tapa Bowl Kraft Grande,Tapa Bowl Kraft Grande,Día de la Madre,76
Saltillo Centro,MEX,,38 SALTILLO CENTRO,1267,Bowl Kraft Grande,Bowl Kraft Grande,Día de la Madre,76
Saltillo Centro,MEX,,38 SALTILLO CENTRO,1395,Porta Hamburguesa,Porta Hamburguesa,Día de la Madre,11
Saltillo Centro,MEX,,38 SALTILLO CENTRO,1271,Caja Lounch,Caja Lounch,Día de la Madre,8
Saltillo Centro,MEX,,38 SALTILLO CENTRO,1419,servilletas,servilletas,Día de la Madre,237
Saltillo Centro,MEX,,38 SALTILLO CENTRO,1669,Bowl Sopa,Bowl Sopa,Día de la Madre,17
Saltillo Centro,MEX,,38 SALTILLO CENTRO,1670,Tapa Bowl Sopa,Tapa Bowl Sopa,Día de la Madre,17
Saltillo Centro,MEX,,38 SALTILLO CENTRO,1311,Espinaca,Espinaca,Día de la Madre,110
Saltillo Centro,MEX,,38 SALTILLO CENTRO,2381,Jitomate Saladed,Jitomate Saladed,Día de la Madre,1960
Saltillo Centro,MEX,,38 SALTILLO CENTRO,1289,Cilantro Insumo,Cilantro Insumo,Día de la Madre,98
Saltillo Centro,MEX,,38 SALTILLO CENTRO,1276,Cebolla Blanca Insumo,Cebolla Blanca Insumo,Día de la Madre,2460
Saltillo Centro,MEX,,38 SALTILLO CENTRO,1249,Arandano fresco Insumo,Arandano fresco Insumo,Día de la Madre,220
Saltillo Centro,MEX,,38 SALTILLO CENTRO,1257,Banano Criollo Insumo,Banano Criollo Insumo,Día de la Madre,828
Saltillo Centro,MEX,,38 SALTILLO CENTRO,1312,Fresa Insumo,Fresa Insumo,Día de la Madre,740
Saltillo Centro,MEX,,38 SALTILLO CENTRO,1391,Pina Miel Insumo,Pina Miel Insumo,Día de la Madre,420
Saltillo Centro,MEX,,38 SALTILLO CENTRO,1374,Papaya Maradol Insumo,Papaya Maradol Insumo,Día de la Madre,420
Saltillo Centro,MEX,,38 SALTILLO CENTRO,5319,Frosting Queso Crema y Yogurt,Frosting Queso Crema y Yogurt,Día de la Madre,240
Saltillo Centro,MEX,,38 SALTILLO CENTRO,1303,Crema acida,Crema acida,Día de la Madre,2280
Saltillo Centro,MEX,,38 SALTILLO CENTRO,5392,"Salsa ""Del Barça""","Salsa ""Del Barça""",Día de la Madre,600
Saltillo Centro,MEX,,38 SALTILLO CENTRO,3055,Salsa Burger con Jalapeño,Salsa Burger con Jalapeño,Día de la Madre,360
Saltillo Centro,MEX,,38 SALTILLO CENTRO,1362,Miel de maple,Miel de maple,Día de la Madre,1890
Saltillo Centro,MEX,,38 SALTILLO CENTRO,1836,Arrachera insumo,Arrachera insumo,Día de la Madre,4400
Saltillo Centro,MEX,,38 SALTILLO CENTRO,1491,Totopos,Totopos,Día de la Madre,9300
Saltillo Centro,MEX,,38 SALTILLO CENTRO,1511,Salsa Frutos Rojos,Salsa Frutos Rojos,Día de la Madre,120
Saltillo Centro,MEX,,38 SALTILLO CENTRO,1039,Jugo de Naranja,Jugo de Naranja,Día de la Madre,19
Saltillo Centro,MEX,,38 SALTILLO CENTRO,1117,Porcion de Fruta,Porcion de Fruta,Día de la Madre,6
Saltillo Centro,MEX,,38 SALTILLO CENTRO,1493,Guacamole,Guacamole,Día de la Madre,2150
Saltillo Centro,MEX,,38 SALTILLO CENTRO,3058,Mezcla mantequilla y aceite,Mezcla mantequilla y aceite,Día de la Madre,300
Saltillo Centro,MEX,,38 SALTILLO CENTRO,1503,Avena Preparada,Avena Preparada,Día de la Madre,900
Saltillo Centro,MEX,,38 SALTILLO CENTRO,1516,Pico de Gallo Produccion,Pico de Gallo Produccion,Día de la Madre,560
Saltillo Centro,MEX,,38 SALTILLO CENTRO,1515,Yogurt Griego Preparado,Yogurt Griego Preparado,Día de la Madre,360
Saltillo Centro,MEX,,38 SALTILLO CENTRO,1504,Granola Produccion,Granola Produccion,Día de la Madre,70
Saltillo Centro,MEX,,38 SALTILLO CENTRO,1401,Queso Mozzarella,Queso Mozzarella,Día de la Madre,3420
Saltillo Centro,MEX,,38 SALTILLO CENTRO,2738,Queso Panela,Queso Panela,Día de la Madre,989
Saltillo Centro,MEX,,38 SALTILLO CENTRO,2540,Pan de Papa Fasfu 100 gr,Pan de Papa Fasfu 100 gr,Día de la Madre,8
Saltillo Centro,MEX,,38 SALTILLO CENTRO,1272,Cajeta Insumo,Cajeta Insumo,Día de la Madre,320
Saltillo Centro,MEX,,38 SALTILLO CENTRO,1327,Jamon De Cerdo Insumo,Jamon De Cerdo Insumo,Día de la Madre,360
Saltillo Centro,MEX,,38 SALTILLO CENTRO,1321,Hashbrown McCain,Hashbrown McCain,Día de la Madre,390
Saltillo Centro,MEX,,38 SALTILLO CENTRO,2187,Tarjeta Especial Insumo,Tarjeta Especial Insumo,Día de la Madre,5
Saltillo Centro,MEX,,38 SALTILLO CENTRO,1418,Semillas de chia Insumo,Semillas de chia Insumo,Día de la Madre,9
San Nicolas,MEX,,22 SAN NICOLAS,1507,Mezcla Pancakes Tradicionales Liquida,Mezcla Pancakes Tradicionales Liquida,Día de la Madre,2860
San Nicolas,MEX,,22 SAN NICOLAS,1505,Mezcla Pancakes Avena Liquida,Mezcla Pancakes Avena Liquida,Día de la Madre,2160
San Nicolas,MEX,,22 SAN NICOLAS,5444,Chilaquiles verdes toppings default,Chilaquiles verdes toppings default,Día de la Madre,1
San Nicolas,MEX,,22 SAN NICOLAS,5809,Pancakes Tradicionales Nuevos,Pancakes Tradicionales Nuevos,Día de la Madre,2
San Nicolas,MEX,,22 SAN NICOLAS,2189,Tarjeta Dia de las Madres.🌷,Tarjeta Dia de las Madres.🌷,Día de la Madre,0
San Nicolas,MEX,,22 SAN NICOLAS,6403,Pancakes de Cajeta y Plátano. 🆕,Pancakes de Cajeta y Plátano. 🆕,Día de la Madre,1
San Nicolas,MEX,,22 SAN NICOLAS,6218,Croissant de Frutos Rojos,Croissant de Frutos Rojos,Día de la Madre,0
San Nicolas,MEX,,22 SAN NICOLAS,1288,Chorizo Insumo,Chorizo Insumo,Día de la Madre,560
San Nicolas,MEX,,22 SAN NICOLAS,1471,Frijol Refrito,Frijol Refrito,Día de la Madre,1680
San Nicolas,MEX,,22 SAN NICOLAS,1532,Arroz Blanco Cocido,Arroz Blanco Cocido,Día de la Madre,1800
San Nicolas,MEX,,22 SAN NICOLAS,6204,Salsa Verde UND 🆕,Salsa Verde UND 🆕,Día de la Madre,59
San Nicolas,MEX,,22 SAN NICOLAS,6205,Salsa Roja UND 🆕,Salsa Roja UND 🆕,Día de la Madre,41
San Nicolas,MEX,,22 SAN NICOLAS,1434,Tocineta,Tocineta,Día de la Madre,336
San Nicolas,MEX,,22 SAN NICOLAS,1245,Almendra Fileteada Insumo,Almendra Fileteada Insumo,Día de la Madre,405
San Nicolas,MEX,,22 SAN NICOLAS,1304,Croissant Grande,Croissant Grande,Día de la Madre,4
San Nicolas,MEX,,22 SAN NICOLAS,1430,Tapa Bowl Kraft Chico,Tapa Bowl Kraft Chico,Día de la Madre,54
San Nicolas,MEX,,22 SAN NICOLAS,1266,Bowl Kraft Chico,Bowl Kraft Chico,Día de la Madre,54
San Nicolas,MEX,,22 SAN NICOLAS,1431,Tapa Bowl Kraft Grande,Tapa Bowl Kraft Grande,Día de la Madre,51
San Nicolas,MEX,,22 SAN NICOLAS,1267,Bowl Kraft Grande,Bowl Kraft Grande,Día de la Madre,51
San Nicolas,MEX,,22 SAN NICOLAS,1395,Porta Hamburguesa,Porta Hamburguesa,Día de la Madre,11
San Nicolas,MEX,,22 SAN NICOLAS,1271,Caja Lounch,Caja Lounch,Día de la Madre,9
San Nicolas,MEX,,22 SAN NICOLAS,1419,servilletas,servilletas,Día de la Madre,190
San Nicolas,MEX,,22 SAN NICOLAS,1669,Bowl Sopa,Bowl Sopa,Día de la Madre,16
San Nicolas,MEX,,22 SAN NICOLAS,1670,Tapa Bowl Sopa,Tapa Bowl Sopa,Día de la Madre,16
San Nicolas,MEX,,22 SAN NICOLAS,1311,Espinaca,Espinaca,Día de la Madre,320
San Nicolas,MEX,,22 SAN NICOLAS,2381,Jitomate Saladed,Jitomate Saladed,Día de la Madre,2380
San Nicolas,MEX,,22 SAN NICOLAS,1289,Cilantro Insumo,Cilantro Insumo,Día de la Madre,88
San Nicolas,MEX,,22 SAN NICOLAS,1276,Cebolla Blanca Insumo,Cebolla Blanca Insumo,Día de la Madre,2300
San Nicolas,MEX,,22 SAN NICOLAS,1249,Arandano fresco Insumo,Arandano fresco Insumo,Día de la Madre,160
San Nicolas,MEX,,22 SAN NICOLAS,1257,Banano Criollo Insumo,Banano Criollo Insumo,Día de la Madre,828
San Nicolas,MEX,,22 SAN NICOLAS,1312,Fresa Insumo,Fresa Insumo,Día de la Madre,999
San Nicolas,MEX,,22 SAN NICOLAS,1391,Pina Miel Insumo,Pina Miel Insumo,Día de la Madre,280
San Nicolas,MEX,,22 SAN NICOLAS,1374,Papaya Maradol Insumo,Papaya Maradol Insumo,Día de la Madre,280
San Nicolas,MEX,,22 SAN NICOLAS,5319,Frosting Queso Crema y Yogurt,Frosting Queso Crema y Yogurt,Día de la Madre,80
San Nicolas,MEX,,22 SAN NICOLAS,1303,Crema acida,Crema acida,Día de la Madre,2040
San Nicolas,MEX,,22 SAN NICOLAS,5392,"Salsa ""Del Barça""","Salsa ""Del Barça""",Día de la Madre,240
San Nicolas,MEX,,22 SAN NICOLAS,3055,Salsa Burger con Jalapeño,Salsa Burger con Jalapeño,Día de la Madre,280
San Nicolas,MEX,,22 SAN NICOLAS,1362,Miel de maple,Miel de maple,Día de la Madre,1050
San Nicolas,MEX,,22 SAN NICOLAS,1836,Arrachera insumo,Arrachera insumo,Día de la Madre,2310
San Nicolas,MEX,,22 SAN NICOLAS,1491,Totopos,Totopos,Día de la Madre,6500
San Nicolas,MEX,,22 SAN NICOLAS,1511,Salsa Frutos Rojos,Salsa Frutos Rojos,Día de la Madre,160
San Nicolas,MEX,,22 SAN NICOLAS,1039,Jugo de Naranja,Jugo de Naranja,Día de la Madre,13
San Nicolas,MEX,,22 SAN NICOLAS,1117,Porcion de Fruta,Porcion de Fruta,Día de la Madre,7
San Nicolas,MEX,,22 SAN NICOLAS,1493,Guacamole,Guacamole,Día de la Madre,1150
San Nicolas,MEX,,22 SAN NICOLAS,3058,Mezcla mantequilla y aceite,Mezcla mantequilla y aceite,Día de la Madre,300
San Nicolas,MEX,,22 SAN NICOLAS,1503,Avena Preparada,Avena Preparada,Día de la Madre,900
San Nicolas,MEX,,22 SAN NICOLAS,1516,Pico de Gallo Produccion,Pico de Gallo Produccion,Día de la Madre,440
San Nicolas,MEX,,22 SAN NICOLAS,1515,Yogurt Griego Preparado,Yogurt Griego Preparado,Día de la Madre,720
San Nicolas,MEX,,22 SAN NICOLAS,1504,Granola Produccion,Granola Produccion,Día de la Madre,140
San Nicolas,MEX,,22 SAN NICOLAS,1401,Queso Mozzarella,Queso Mozzarella,Día de la Madre,2220
San Nicolas,MEX,,22 SAN NICOLAS,2738,Queso Panela,Queso Panela,Día de la Madre,851
San Nicolas,MEX,,22 SAN NICOLAS,2540,Pan de Papa Fasfu 100 gr,Pan de Papa Fasfu 100 gr,Día de la Madre,8
San Nicolas,MEX,,22 SAN NICOLAS,1272,Cajeta Insumo,Cajeta Insumo,Día de la Madre,120
San Nicolas,MEX,,22 SAN NICOLAS,1327,Jamon De Cerdo Insumo,Jamon De Cerdo Insumo,Día de la Madre,260
San Nicolas,MEX,,22 SAN NICOLAS,1321,Hashbrown McCain,Hashbrown McCain,Día de la Madre,390
San Nicolas,MEX,,22 SAN NICOLAS,2187,Tarjeta Especial Insumo,Tarjeta Especial Insumo,Día de la Madre,0
San Nicolas,MEX,,22 SAN NICOLAS,1418,Semillas de chia Insumo,Semillas de chia Insumo,Día de la Madre,12
San Jeronimo,MEX,,10 SAN JERONIMO,1507,Mezcla Pancakes Tradicionales Liquida,Mezcla Pancakes Tradicionales Liquida,Día de la Madre,18200
San Jeronimo,MEX,,10 SAN JERONIMO,1505,Mezcla Pancakes Avena Liquida,Mezcla Pancakes Avena Liquida,Día de la Madre,7830
San Jeronimo,MEX,,10 SAN JERONIMO,5444,Chilaquiles verdes toppings default,Chilaquiles verdes toppings default,Día de la Madre,14
San Jeronimo,MEX,,10 SAN JERONIMO,5809,Pancakes Tradicionales Nuevos,Pancakes Tradicionales Nuevos,Día de la Madre,19
San Jeronimo,MEX,,10 SAN JERONIMO,2189,Tarjeta Dia de las Madres.🌷,Tarjeta Dia de las Madres.🌷,Día de la Madre,21
San Jeronimo,MEX,,10 SAN JERONIMO,6403,Pancakes de Cajeta y Plátano. 🆕,Pancakes de Cajeta y Plátano. 🆕,Día de la Madre,15
San Jeronimo,MEX,,10 SAN JERONIMO,6218,Croissant de Frutos Rojos,Croissant de Frutos Rojos,Día de la Madre,5
San Jeronimo,MEX,,10 SAN JERONIMO,1288,Chorizo Insumo,Chorizo Insumo,Día de la Madre,1760
San Jeronimo,MEX,,10 SAN JERONIMO,1471,Frijol Refrito,Frijol Refrito,Día de la Madre,4080
San Jeronimo,MEX,,10 SAN JERONIMO,1532,Arroz Blanco Cocido,Arroz Blanco Cocido,Día de la Madre,2840
San Jeronimo,MEX,,10 SAN JERONIMO,6204,Salsa Verde UND 🆕,Salsa Verde UND 🆕,Día de la Madre,153
San Jeronimo,MEX,,10 SAN JERONIMO,6205,Salsa Roja UND 🆕,Salsa Roja UND 🆕,Día de la Madre,125
San Jeronimo,MEX,,10 SAN JERONIMO,1434,Tocineta,Tocineta,Día de la Madre,546
San Jeronimo,MEX,,10 SAN JERONIMO,1245,Almendra Fileteada Insumo,Almendra Fileteada Insumo,Día de la Madre,990
San Jeronimo,MEX,,10 SAN JERONIMO,1304,Croissant Grande,Croissant Grande,Día de la Madre,8
San Jeronimo,MEX,,10 SAN JERONIMO,1430,Tapa Bowl Kraft Chico,Tapa Bowl Kraft Chico,Día de la Madre,91
San Jeronimo,MEX,,10 SAN JERONIMO,1266,Bowl Kraft Chico,Bowl Kraft Chico,Día de la Madre,91
San Jeronimo,MEX,,10 SAN JERONIMO,1431,Tapa Bowl Kraft Grande,Tapa Bowl Kraft Grande,Día de la Madre,187
San Jeronimo,MEX,,10 SAN JERONIMO,1267,Bowl Kraft Grande,Bowl Kraft Grande,Día de la Madre,187
San Jeronimo,MEX,,10 SAN JERONIMO,1395,Porta Hamburguesa,Porta Hamburguesa,Día de la Madre,20
San Jeronimo,MEX,,10 SAN JERONIMO,1271,Caja Lounch,Caja Lounch,Día de la Madre,18
San Jeronimo,MEX,,10 SAN JERONIMO,1419,servilletas,servilletas,Día de la Madre,424
San Jeronimo,MEX,,10 SAN JERONIMO,1669,Bowl Sopa,Bowl Sopa,Día de la Madre,26
San Jeronimo,MEX,,10 SAN JERONIMO,1670,Tapa Bowl Sopa,Tapa Bowl Sopa,Día de la Madre,26
San Jeronimo,MEX,,10 SAN JERONIMO,1311,Espinaca,Espinaca,Día de la Madre,600
San Jeronimo,MEX,,10 SAN JERONIMO,2381,Jitomate Saladed,Jitomate Saladed,Día de la Madre,3605
San Jeronimo,MEX,,10 SAN JERONIMO,1289,Cilantro Insumo,Cilantro Insumo,Día de la Madre,141
San Jeronimo,MEX,,10 SAN JERONIMO,1276,Cebolla Blanca Insumo,Cebolla Blanca Insumo,Día de la Madre,2700
San Jeronimo,MEX,,10 SAN JERONIMO,1249,Arandano fresco Insumo,Arandano fresco Insumo,Día de la Madre,640
San Jeronimo,MEX,,10 SAN JERONIMO,1257,Banano Criollo Insumo,Banano Criollo Insumo,Día de la Madre,2016
San Jeronimo,MEX,,10 SAN JERONIMO,1312,Fresa Insumo,Fresa Insumo,Día de la Madre,2257
San Jeronimo,MEX,,10 SAN JERONIMO,1391,Pina Miel Insumo,Pina Miel Insumo,Día de la Madre,770
San Jeronimo,MEX,,10 SAN JERONIMO,1374,Papaya Maradol Insumo,Papaya Maradol Insumo,Día de la Madre,770
San Jeronimo,MEX,,10 SAN JERONIMO,5319,Frosting Queso Crema y Yogurt,Frosting Queso Crema y Yogurt,Día de la Madre,640
San Jeronimo,MEX,,10 SAN JERONIMO,1303,Crema acida,Crema acida,Día de la Madre,3540
San Jeronimo,MEX,,10 SAN JERONIMO,5392,"Salsa ""Del Barça""","Salsa ""Del Barça""",Día de la Madre,420
San Jeronimo,MEX,,10 SAN JERONIMO,3055,Salsa Burger con Jalapeño,Salsa Burger con Jalapeño,Día de la Madre,540
San Jeronimo,MEX,,10 SAN JERONIMO,1362,Miel de maple,Miel de maple,Día de la Madre,5940
San Jeronimo,MEX,,10 SAN JERONIMO,1836,Arrachera insumo,Arrachera insumo,Día de la Madre,3410
San Jeronimo,MEX,,10 SAN JERONIMO,1491,Totopos,Totopos,Día de la Madre,19900
San Jeronimo,MEX,,10 SAN JERONIMO,1511,Salsa Frutos Rojos,Salsa Frutos Rojos,Día de la Madre,200
San Jeronimo,MEX,,10 SAN JERONIMO,1039,Jugo de Naranja,Jugo de Naranja,Día de la Madre,62
San Jeronimo,MEX,,10 SAN JERONIMO,1117,Porcion de Fruta,Porcion de Fruta,Día de la Madre,11
San Jeronimo,MEX,,10 SAN JERONIMO,1493,Guacamole,Guacamole,Día de la Madre,2750
San Jeronimo,MEX,,10 SAN JERONIMO,3058,Mezcla mantequilla y aceite,Mezcla mantequilla y aceite,Día de la Madre,440
San Jeronimo,MEX,,10 SAN JERONIMO,1503,Avena Preparada,Avena Preparada,Día de la Madre,2340
San Jeronimo,MEX,,10 SAN JERONIMO,1516,Pico de Gallo Produccion,Pico de Gallo Produccion,Día de la Madre,680
San Jeronimo,MEX,,10 SAN JERONIMO,1515,Yogurt Griego Preparado,Yogurt Griego Preparado,Día de la Madre,720
San Jeronimo,MEX,,10 SAN JERONIMO,1504,Granola Produccion,Granola Produccion,Día de la Madre,140
San Jeronimo,MEX,,10 SAN JERONIMO,1401,Queso Mozzarella,Queso Mozzarella,Día de la Madre,5160
San Jeronimo,MEX,,10 SAN JERONIMO,2738,Queso Panela,Queso Panela,Día de la Madre,1380
San Jeronimo,MEX,,10 SAN JERONIMO,2540,Pan de Papa Fasfu 100 gr,Pan de Papa Fasfu 100 gr,Día de la Madre,18
San Jeronimo,MEX,,10 SAN JERONIMO,1272,Cajeta Insumo,Cajeta Insumo,Día de la Madre,680
San Jeronimo,MEX,,10 SAN JERONIMO,1327,Jamon De Cerdo Insumo,Jamon De Cerdo Insumo,Día de la Madre,740
San Jeronimo,MEX,,10 SAN JERONIMO,1321,Hashbrown McCain,Hashbrown McCain,Día de la Madre,1040
San Jeronimo,MEX,,10 SAN JERONIMO,2187,Tarjeta Especial Insumo,Tarjeta Especial Insumo,Día de la Madre,21
San Jeronimo,MEX,,10 SAN JERONIMO,1418,Semillas de chia Insumo,Semillas de chia Insumo,Día de la Madre,24
Santa Catarina,MEX,,23 SANTA CATARINA,1507,Mezcla Pancakes Tradicionales Liquida,Mezcla Pancakes Tradicionales Liquida,Día de la Madre,6760
Santa Catarina,MEX,,23 SANTA CATARINA,1505,Mezcla Pancakes Avena Liquida,Mezcla Pancakes Avena Liquida,Día de la Madre,2700
Santa Catarina,MEX,,23 SANTA CATARINA,5444,Chilaquiles verdes toppings default,Chilaquiles verdes toppings default,Día de la Madre,6
Santa Catarina,MEX,,23 SANTA CATARINA,5809,Pancakes Tradicionales Nuevos,Pancakes Tradicionales Nuevos,Día de la Madre,7
Santa Catarina,MEX,,23 SANTA CATARINA,2189,Tarjeta Dia de las Madres.🌷,Tarjeta Dia de las Madres.🌷,Día de la Madre,7
Santa Catarina,MEX,,23 SANTA CATARINA,6403,Pancakes de Cajeta y Plátano. 🆕,Pancakes de Cajeta y Plátano. 🆕,Día de la Madre,5
Santa Catarina,MEX,,23 SANTA CATARINA,6218,Croissant de Frutos Rojos,Croissant de Frutos Rojos,Día de la Madre,1
Santa Catarina,MEX,,23 SANTA CATARINA,1288,Chorizo Insumo,Chorizo Insumo,Día de la Madre,1120
Santa Catarina,MEX,,23 SANTA CATARINA,1471,Frijol Refrito,Frijol Refrito,Día de la Madre,2580
Santa Catarina,MEX,,23 SANTA CATARINA,1532,Arroz Blanco Cocido,Arroz Blanco Cocido,Día de la Madre,2600
Santa Catarina,MEX,,23 SANTA CATARINA,6204,Salsa Verde UND 🆕,Salsa Verde UND 🆕,Día de la Madre,121
Santa Catarina,MEX,,23 SANTA CATARINA,6205,Salsa Roja UND 🆕,Salsa Roja UND 🆕,Día de la Madre,80
Santa Catarina,MEX,,23 SANTA CATARINA,1434,Tocineta,Tocineta,Día de la Madre,336
Santa Catarina,MEX,,23 SANTA CATARINA,1245,Almendra Fileteada Insumo,Almendra Fileteada Insumo,Día de la Madre,465
Santa Catarina,MEX,,23 SANTA CATARINA,1304,Croissant Grande,Croissant Grande,Día de la Madre,4
Santa Catarina,MEX,,23 SANTA CATARINA,1430,Tapa Bowl Kraft Chico,Tapa Bowl Kraft Chico,Día de la Madre,50
Santa Catarina,MEX,,23 SANTA CATARINA,1266,Bowl Kraft Chico,Bowl Kraft Chico,Día de la Madre,50
Santa Catarina,MEX,,23 SANTA CATARINA,1431,Tapa Bowl Kraft Grande,Tapa Bowl Kraft Grande,Día de la Madre,112
Santa Catarina,MEX,,23 SANTA CATARINA,1267,Bowl Kraft Grande,Bowl Kraft Grande,Día de la Madre,112
Santa Catarina,MEX,,23 SANTA CATARINA,1395,Porta Hamburguesa,Porta Hamburguesa,Día de la Madre,14
Santa Catarina,MEX,,23 SANTA CATARINA,1271,Caja Lounch,Caja Lounch,Día de la Madre,9
Santa Catarina,MEX,,23 SANTA CATARINA,1419,servilletas,servilletas,Día de la Madre,256
Santa Catarina,MEX,,23 SANTA CATARINA,1669,Bowl Sopa,Bowl Sopa,Día de la Madre,16
Santa Catarina,MEX,,23 SANTA CATARINA,1670,Tapa Bowl Sopa,Tapa Bowl Sopa,Día de la Madre,16
Santa Catarina,MEX,,23 SANTA CATARINA,1311,Espinaca,Espinaca,Día de la Madre,250
Santa Catarina,MEX,,23 SANTA CATARINA,2381,Jitomate Saladed,Jitomate Saladed,Día de la Madre,2030
Santa Catarina,MEX,,23 SANTA CATARINA,1289,Cilantro Insumo,Cilantro Insumo,Día de la Madre,88
Santa Catarina,MEX,,23 SANTA CATARINA,1276,Cebolla Blanca Insumo,Cebolla Blanca Insumo,Día de la Madre,1760
Santa Catarina,MEX,,23 SANTA CATARINA,1249,Arandano fresco Insumo,Arandano fresco Insumo,Día de la Madre,220
Santa Catarina,MEX,,23 SANTA CATARINA,1257,Banano Criollo Insumo,Banano Criollo Insumo,Día de la Madre,756
Santa Catarina,MEX,,23 SANTA CATARINA,1312,Fresa Insumo,Fresa Insumo,Día de la Madre,925
Santa Catarina,MEX,,23 SANTA CATARINA,1391,Pina Miel Insumo,Pina Miel Insumo,Día de la Madre,Definir rango de tiempo
Santa Catarina,MEX,,23 SANTA CATARINA,1374,Papaya Maradol Insumo,Papaya Maradol Insumo,Día de la Madre,420
Santa Catarina,MEX,,23 SANTA CATARINA,5319,Frosting Queso Crema y Yogurt,Frosting Queso Crema y Yogurt,Día de la Madre,200
Santa Catarina,MEX,,23 SANTA CATARINA,1303,Crema acida,Crema acida,Día de la Madre,1980
Santa Catarina,MEX,,23 SANTA CATARINA,5392,"Salsa ""Del Barça""","Salsa ""Del Barça""",Día de la Madre,480
Santa Catarina,MEX,,23 SANTA CATARINA,3055,Salsa Burger con Jalapeño,Salsa Burger con Jalapeño,Día de la Madre,460
Santa Catarina,MEX,,23 SANTA CATARINA,1362,Miel de maple,Miel de maple,Día de la Madre,2100
Santa Catarina,MEX,,23 SANTA CATARINA,1836,Arrachera insumo,Arrachera insumo,Día de la Madre,3190
Santa Catarina,MEX,,23 SANTA CATARINA,1491,Totopos,Totopos,Día de la Madre,15800
Santa Catarina,MEX,,23 SANTA CATARINA,1511,Salsa Frutos Rojos,Salsa Frutos Rojos,Día de la Madre,80
Santa Catarina,MEX,,23 SANTA CATARINA,1039,Jugo de Naranja,Jugo de Naranja,Día de la Madre,27
Santa Catarina,MEX,,23 SANTA CATARINA,1117,Porcion de Fruta,Porcion de Fruta,Día de la Madre,8
Santa Catarina,MEX,,23 SANTA CATARINA,1493,Guacamole,Guacamole,Día de la Madre,2100
Santa Catarina,MEX,,23 SANTA CATARINA,3058,Mezcla mantequilla y aceite,Mezcla mantequilla y aceite,Día de la Madre,330
Santa Catarina,MEX,,23 SANTA CATARINA,1503,Avena Preparada,Avena Preparada,Día de la Madre,1080
Santa Catarina,MEX,,23 SANTA CATARINA,1516,Pico de Gallo Produccion,Pico de Gallo Produccion,Día de la Madre,480
Santa Catarina,MEX,,23 SANTA CATARINA,1515,Yogurt Griego Preparado,Yogurt Griego Preparado,Día de la Madre,720
Santa Catarina,MEX,,23 SANTA CATARINA,1504,Granola Produccion,Granola Produccion,Día de la Madre,105
Santa Catarina,MEX,,23 SANTA CATARINA,1401,Queso Mozzarella,Queso Mozzarella,Día de la Madre,3360
Santa Catarina,MEX,,23 SANTA CATARINA,2738,Queso Panela,Queso Panela,Día de la Madre,874
Santa Catarina,MEX,,23 SANTA CATARINA,2540,Pan de Papa Fasfu 100 gr,Pan de Papa Fasfu 100 gr,Día de la Madre,13
Santa Catarina,MEX,,23 SANTA CATARINA,1272,Cajeta Insumo,Cajeta Insumo,Día de la Madre,240
Santa Catarina,MEX,,23 SANTA CATARINA,1327,Jamon De Cerdo Insumo,Jamon De Cerdo Insumo,Día de la Madre,360
Santa Catarina,MEX,,23 SANTA CATARINA,1321,Hashbrown McCain,Hashbrown McCain,Día de la Madre,260
Santa Catarina,MEX,,23 SANTA CATARINA,2187,Tarjeta Especial Insumo,Tarjeta Especial Insumo,Día de la Madre,7
Santa Catarina,MEX,,23 SANTA CATARINA,1418,Semillas de chia Insumo,Semillas de chia Insumo,Día de la Madre,11
Tec,MEX,,13 TEC,1507,Mezcla Pancakes Tradicionales Liquida,Mezcla Pancakes Tradicionales Liquida,Día de la Madre,20540
Tec,MEX,,13 TEC,1505,Mezcla Pancakes Avena Liquida,Mezcla Pancakes Avena Liquida,Día de la Madre,8370
Tec,MEX,,13 TEC,5444,Chilaquiles verdes toppings default,Chilaquiles verdes toppings default,Día de la Madre,16
Tec,MEX,,13 TEC,5809,Pancakes Tradicionales Nuevos,Pancakes Tradicionales Nuevos,Día de la Madre,22
Tec,MEX,,13 TEC,2189,Tarjeta Dia de las Madres.🌷,Tarjeta Dia de las Madres.🌷,Día de la Madre,23
Tec,MEX,,13 TEC,6403,Pancakes de Cajeta y Plátano. 🆕,Pancakes de Cajeta y Plátano. 🆕,Día de la Madre,17
Tec,MEX,,13 TEC,6218,Croissant de Frutos Rojos,Croissant de Frutos Rojos,Día de la Madre,4
Tec,MEX,,13 TEC,1288,Chorizo Insumo,Chorizo Insumo,Día de la Madre,2480
Tec,MEX,,13 TEC,1471,Frijol Refrito,Frijol Refrito,Día de la Madre,6480
Tec,MEX,,13 TEC,1532,Arroz Blanco Cocido,Arroz Blanco Cocido,Día de la Madre,5680
Tec,MEX,,13 TEC,6204,Salsa Verde UND 🆕,Salsa Verde UND 🆕,Día de la Madre,226
Tec,MEX,,13 TEC,6205,Salsa Roja UND 🆕,Salsa Roja UND 🆕,Día de la Madre,145
Tec,MEX,,13 TEC,1434,Tocineta,Tocineta,Día de la Madre,504
Tec,MEX,,13 TEC,1245,Almendra Fileteada Insumo,Almendra Fileteada Insumo,Día de la Madre,1170
Tec,MEX,,13 TEC,1304,Croissant Grande,Croissant Grande,Día de la Madre,7
Tec,MEX,,13 TEC,1430,Tapa Bowl Kraft Chico,Tapa Bowl Kraft Chico,Día de la Madre,128
Tec,MEX,,13 TEC,1266,Bowl Kraft Chico,Bowl Kraft Chico,Día de la Madre,128
Tec,MEX,,13 TEC,1431,Tapa Bowl Kraft Grande,Tapa Bowl Kraft Grande,Día de la Madre,229
Tec,MEX,,13 TEC,1267,Bowl Kraft Grande,Bowl Kraft Grande,Día de la Madre,229
Tec,MEX,,13 TEC,1395,Porta Hamburguesa,Porta Hamburguesa,Día de la Madre,21
Tec,MEX,,13 TEC,1271,Caja Lounch,Caja Lounch,Día de la Madre,17
Tec,MEX,,13 TEC,1419,servilletas,servilletas,Día de la Madre,557
Tec,MEX,,13 TEC,1669,Bowl Sopa,Bowl Sopa,Día de la Madre,34
Tec,MEX,,13 TEC,1670,Tapa Bowl Sopa,Tapa Bowl Sopa,Día de la Madre,34
Tec,MEX,,13 TEC,1311,Espinaca,Espinaca,Día de la Madre,610
Tec,MEX,,13 TEC,2381,Jitomate Saladed,Jitomate Saladed,Día de la Madre,4760
Tec,MEX,,13 TEC,1289,Cilantro Insumo,Cilantro Insumo,Día de la Madre,185
Tec,MEX,,13 TEC,1276,Cebolla Blanca Insumo,Cebolla Blanca Insumo,Día de la Madre,3740
Tec,MEX,,13 TEC,1249,Arandano fresco Insumo,Arandano fresco Insumo,Día de la Madre,760
Tec,MEX,,13 TEC,1257,Banano Criollo Insumo,Banano Criollo Insumo,Día de la Madre,2304
Tec,MEX,,13 TEC,1312,Fresa Insumo,Fresa Insumo,Día de la Madre,2812
Tec,MEX,,13 TEC,1391,Pina Miel Insumo,Pina Miel Insumo,Día de la Madre,1190
Tec,MEX,,13 TEC,1374,Papaya Maradol Insumo,Papaya Maradol Insumo,Día de la Madre,1190
Tec,MEX,,13 TEC,5319,Frosting Queso Crema y Yogurt,Frosting Queso Crema y Yogurt,Día de la Madre,680
Tec,MEX,,13 TEC,1303,Crema acida,Crema acida,Día de la Madre,4080
Tec,MEX,,13 TEC,5392,"Salsa ""Del Barça""","Salsa ""Del Barça""",Día de la Madre,1080
Tec,MEX,,13 TEC,3055,Salsa Burger con Jalapeño,Salsa Burger con Jalapeño,Día de la Madre,660
Tec,MEX,,13 TEC,1362,Miel de maple,Miel de maple,Día de la Madre,6540
Tec,MEX,,13 TEC,1836,Arrachera insumo,Arrachera insumo,Día de la Madre,7480
Tec,MEX,,13 TEC,1491,Totopos,Totopos,Día de la Madre,26300
Tec,MEX,,13 TEC,1511,Salsa Frutos Rojos,Salsa Frutos Rojos,Día de la Madre,160
Tec,MEX,,13 TEC,1039,Jugo de Naranja,Jugo de Naranja,Día de la Madre,73
Tec,MEX,,13 TEC,1117,Porcion de Fruta,Porcion de Fruta,Día de la Madre,12
Tec,MEX,,13 TEC,1493,Guacamole,Guacamole,Día de la Madre,5000
Tec,MEX,,13 TEC,3058,Mezcla mantequilla y aceite,Mezcla mantequilla y aceite,Día de la Madre,530
Tec,MEX,,13 TEC,1503,Avena Preparada,Avena Preparada,Día de la Madre,2880
Tec,MEX,,13 TEC,1516,Pico de Gallo Produccion,Pico de Gallo Produccion,Día de la Madre,1000
Tec,MEX,,13 TEC,1515,Yogurt Griego Preparado,Yogurt Griego Preparado,Día de la Madre,1440
Tec,MEX,,13 TEC,1504,Granola Produccion,Granola Produccion,Día de la Madre,280
Tec,MEX,,13 TEC,1401,Queso Mozzarella,Queso Mozzarella,Día de la Madre,7740
Tec,MEX,,13 TEC,2738,Queso Panela,Queso Panela,Día de la Madre,1725
Tec,MEX,,13 TEC,2540,Pan de Papa Fasfu 100 gr,Pan de Papa Fasfu 100 gr,Día de la Madre,19
Tec,MEX,,13 TEC,1272,Cajeta Insumo,Cajeta Insumo,Día de la Madre,800
Tec,MEX,,13 TEC,1327,Jamon De Cerdo Insumo,Jamon De Cerdo Insumo,Día de la Madre,920
Tec,MEX,,13 TEC,1321,Hashbrown McCain,Hashbrown McCain,Día de la Madre,910
Tec,MEX,,13 TEC,2187,Tarjeta Especial Insumo,Tarjeta Especial Insumo,Día de la Madre,23
Tec,MEX,,13 TEC,1418,Semillas de chia Insumo,Semillas de chia Insumo,Día de la Madre,32
Samara,MEX,,51 SAMARA,1507,Mezcla Pancakes Tradicionales Liquida,Mezcla Pancakes Tradicionales Liquida,Día de la Madre,5200
Samara,MEX,,51 SAMARA,1505,Mezcla Pancakes Avena Liquida,Mezcla Pancakes Avena Liquida,Día de la Madre,2700
Samara,MEX,,51 SAMARA,5444,Chilaquiles verdes toppings default,Chilaquiles verdes toppings default,Día de la Madre,3
Samara,MEX,,51 SAMARA,5809,Pancakes Tradicionales Nuevos,Pancakes Tradicionales Nuevos,Día de la Madre,5
Samara,MEX,,51 SAMARA,2189,Tarjeta Dia de las Madres.🌷,Tarjeta Dia de las Madres.🌷,Día de la Madre,5
Samara,MEX,,51 SAMARA,6403,Pancakes de Cajeta y Plátano. 🆕,Pancakes de Cajeta y Plátano. 🆕,Día de la Madre,3
Samara,MEX,,51 SAMARA,6218,Croissant de Frutos Rojos,Croissant de Frutos Rojos,Día de la Madre,1
Samara,MEX,,51 SAMARA,1288,Chorizo Insumo,Chorizo Insumo,Día de la Madre,640
Samara,MEX,,51 SAMARA,1471,Frijol Refrito,Frijol Refrito,Día de la Madre,960
Samara,MEX,,51 SAMARA,1532,Arroz Blanco Cocido,Arroz Blanco Cocido,Día de la Madre,0
Samara,MEX,,51 SAMARA,6204,Salsa Verde UND 🆕,Salsa Verde UND 🆕,Día de la Madre,92
Samara,MEX,,51 SAMARA,6205,Salsa Roja UND 🆕,Salsa Roja UND 🆕,Día de la Madre,40
Samara,MEX,,51 SAMARA,1434,Tocineta,Tocineta,Día de la Madre,336
Samara,MEX,,51 SAMARA,1245,Almendra Fileteada Insumo,Almendra Fileteada Insumo,Día de la Madre,390
Samara,MEX,,51 SAMARA,1304,Croissant Grande,Croissant Grande,Día de la Madre,5
Samara,MEX,,51 SAMARA,1430,Tapa Bowl Kraft Chico,Tapa Bowl Kraft Chico,Día de la Madre,17
Samara,MEX,,51 SAMARA,1266,Bowl Kraft Chico,Bowl Kraft Chico,Día de la Madre,16
Samara,MEX,,51 SAMARA,1431,Tapa Bowl Kraft Grande,Tapa Bowl Kraft Grande,Día de la Madre,110
Samara,MEX,,51 SAMARA,1267,Bowl Kraft Grande,Bowl Kraft Grande,Día de la Madre,111
Samara,MEX,,51 SAMARA,1395,Porta Hamburguesa,Porta Hamburguesa,Día de la Madre,12
Samara,MEX,,51 SAMARA,1271,Caja Lounch,Caja Lounch,Día de la Madre,7
Samara,MEX,,51 SAMARA,1419,servilletas,servilletas,Día de la Madre,185
Samara,MEX,,51 SAMARA,1669,Bowl Sopa,Bowl Sopa,Día de la Madre,3
Samara,MEX,,51 SAMARA,1670,Tapa Bowl Sopa,Tapa Bowl Sopa,Día de la Madre,3
Samara,MEX,,51 SAMARA,1311,Espinaca,Espinaca,Día de la Madre,530
Samara,MEX,,51 SAMARA,2381,Jitomate Saladed,Jitomate Saladed,Día de la Madre,2765
Samara,MEX,,51 SAMARA,1289,Cilantro Insumo,Cilantro Insumo,Día de la Madre,411
Samara,MEX,,51 SAMARA,1276,Cebolla Blanca Insumo,Cebolla Blanca Insumo,Día de la Madre,1040
Samara,MEX,,51 SAMARA,1249,Arandano fresco Insumo,Arandano fresco Insumo,Día de la Madre,260
Samara,MEX,,51 SAMARA,1257,Banano Criollo Insumo,Banano Criollo Insumo,Día de la Madre,792
Samara,MEX,,51 SAMARA,1312,Fresa Insumo,Fresa Insumo,Día de la Madre,888
Samara,MEX,,51 SAMARA,1391,Pina Miel Insumo,Pina Miel Insumo,Día de la Madre,350
Samara,MEX,,51 SAMARA,1374,Papaya Maradol Insumo,Papaya Maradol Insumo,Día de la Madre,350
Samara,MEX,,51 SAMARA,5319,Frosting Queso Crema y Yogurt,Frosting Queso Crema y Yogurt,Día de la Madre,240
Samara,MEX,,51 SAMARA,1303,Crema acida,Crema acida,Día de la Madre,630
Samara,MEX,,51 SAMARA,5392,"Salsa ""Del Barça""","Salsa ""Del Barça""",Día de la Madre,0
Samara,MEX,,51 SAMARA,3055,Salsa Burger con Jalapeño,Salsa Burger con Jalapeño,Día de la Madre,380
Samara,MEX,,51 SAMARA,1362,Miel de maple,Miel de maple,Día de la Madre,1800
Samara,MEX,,51 SAMARA,1836,Arrachera insumo,Arrachera insumo,Día de la Madre,330
Samara,MEX,,51 SAMARA,1491,Totopos,Totopos,Día de la Madre,12400
Samara,MEX,,51 SAMARA,1511,Salsa Frutos Rojos,Salsa Frutos Rojos,Día de la Madre,120
Samara,MEX,,51 SAMARA,1039,Jugo de Naranja,Jugo de Naranja,Día de la Madre,11
Samara,MEX,,51 SAMARA,1117,Porcion de Fruta,Porcion de Fruta,Día de la Madre,2
Samara,MEX,,51 SAMARA,1493,Guacamole,Guacamole,Día de la Madre,1050
Samara,MEX,,51 SAMARA,3058,Mezcla mantequilla y aceite,Mezcla mantequilla y aceite,Día de la Madre,250
Samara,MEX,,51 SAMARA,1503,Avena Preparada,Avena Preparada,Día de la Madre,900
Samara,MEX,,51 SAMARA,1516,Pico de Gallo Produccion,Pico de Gallo Produccion,Día de la Madre,520
Samara,MEX,,51 SAMARA,1515,Yogurt Griego Preparado,Yogurt Griego Preparado,Día de la Madre,720
Samara,MEX,,51 SAMARA,1504,Granola Produccion,Granola Produccion,Día de la Madre,105
Samara,MEX,,51 SAMARA,1401,Queso Mozzarella,Queso Mozzarella,Día de la Madre,720
Samara,MEX,,51 SAMARA,2738,Queso Panela,Queso Panela,Día de la Madre,460
Samara,MEX,,51 SAMARA,2540,Pan de Papa Fasfu 100 gr,Pan de Papa Fasfu 100 gr,Día de la Madre,12
Samara,MEX,,51 SAMARA,1272,Cajeta Insumo,Cajeta Insumo,Día de la Madre,200
Samara,MEX,,51 SAMARA,1327,Jamon De Cerdo Insumo,Jamon De Cerdo Insumo,Día de la Madre,180
Samara,MEX,,51 SAMARA,1321,Hashbrown McCain,Hashbrown McCain,Día de la Madre,0
Samara,MEX,,51 SAMARA,2187,Tarjeta Especial Insumo,Tarjeta Especial Insumo,Día de la Madre,5
Samara,MEX,,51 SAMARA,1418,Semillas de chia Insumo,Semillas de chia Insumo,Día de la Madre,12
Manacar,MEX,,52 MANACAR,1507,Mezcla Pancakes Tradicionales Liquida,Mezcla Pancakes Tradicionales Liquida,Día de la Madre,16380
Manacar,MEX,,52 MANACAR,1505,Mezcla Pancakes Avena Liquida,Mezcla Pancakes Avena Liquida,Día de la Madre,6210
Manacar,MEX,,52 MANACAR,5444,Chilaquiles verdes toppings default,Chilaquiles verdes toppings default,Día de la Madre,13
Manacar,MEX,,52 MANACAR,5809,Pancakes Tradicionales Nuevos,Pancakes Tradicionales Nuevos,Día de la Madre,19
Manacar,MEX,,52 MANACAR,2189,Tarjeta Dia de las Madres.🌷,Tarjeta Dia de las Madres.🌷,Día de la Madre,21
Manacar,MEX,,52 MANACAR,6403,Pancakes de Cajeta y Plátano. 🆕,Pancakes de Cajeta y Plátano. 🆕,Día de la Madre,15
Manacar,MEX,,52 MANACAR,6218,Croissant de Frutos Rojos,Croissant de Frutos Rojos,Día de la Madre,3
Manacar,MEX,,52 MANACAR,1288,Chorizo Insumo,Chorizo Insumo,Día de la Madre,480
Manacar,MEX,,52 MANACAR,1471,Frijol Refrito,Frijol Refrito,Día de la Madre,1800
Manacar,MEX,,52 MANACAR,1532,Arroz Blanco Cocido,Arroz Blanco Cocido,Día de la Madre,2360
Manacar,MEX,,52 MANACAR,6204,Salsa Verde UND 🆕,Salsa Verde UND 🆕,Día de la Madre,53
Manacar,MEX,,52 MANACAR,6205,Salsa Roja UND 🆕,Salsa Roja UND 🆕,Día de la Madre,13
Manacar,MEX,,52 MANACAR,1434,Tocineta,Tocineta,Día de la Madre,84
Manacar,MEX,,52 MANACAR,1245,Almendra Fileteada Insumo,Almendra Fileteada Insumo,Día de la Madre,465
Manacar,MEX,,52 MANACAR,1304,Croissant Grande,Croissant Grande,Día de la Madre,6
Manacar,MEX,,52 MANACAR,1430,Tapa Bowl Kraft Chico,Tapa Bowl Kraft Chico,Día de la Madre,23
Manacar,MEX,,52 MANACAR,1266,Bowl Kraft Chico,Bowl Kraft Chico,Día de la Madre,38
Manacar,MEX,,52 MANACAR,1431,Tapa Bowl Kraft Grande,Tapa Bowl Kraft Grande,Día de la Madre,110
Manacar,MEX,,52 MANACAR,1267,Bowl Kraft Grande,Bowl Kraft Grande,Día de la Madre,123
Manacar,MEX,,52 MANACAR,1395,Porta Hamburguesa,Porta Hamburguesa,Día de la Madre,3
Manacar,MEX,,52 MANACAR,1271,Caja Lounch,Caja Lounch,Día de la Madre,9
Manacar,MEX,,52 MANACAR,1419,servilletas,servilletas,Día de la Madre,291
Manacar,MEX,,52 MANACAR,1669,Bowl Sopa,Bowl Sopa,Día de la Madre,33
Manacar,MEX,,52 MANACAR,1670,Tapa Bowl Sopa,Tapa Bowl Sopa,Día de la Madre,33
Manacar,MEX,,52 MANACAR,1311,Espinaca,Espinaca,Día de la Madre,710
Manacar,MEX,,52 MANACAR,2381,Jitomate Saladed,Jitomate Saladed,Día de la Madre,4305
Manacar,MEX,,52 MANACAR,1289,Cilantro Insumo,Cilantro Insumo,Día de la Madre,96
Manacar,MEX,,52 MANACAR,1276,Cebolla Blanca Insumo,Cebolla Blanca Insumo,Día de la Madre,1180
Manacar,MEX,,52 MANACAR,1249,Arandano fresco Insumo,Arandano fresco Insumo,Día de la Madre,540
Manacar,MEX,,52 MANACAR,1257,Banano Criollo Insumo,Banano Criollo Insumo,Día de la Madre,1188
Manacar,MEX,,52 MANACAR,1312,Fresa Insumo,Fresa Insumo,Día de la Madre,1036
Manacar,MEX,,52 MANACAR,1391,Pina Miel Insumo,Pina Miel Insumo,Día de la Madre,350
Manacar,MEX,,52 MANACAR,1374,Papaya Maradol Insumo,Papaya Maradol Insumo,Día de la Madre,350
Manacar,MEX,,52 MANACAR,5319,Frosting Queso Crema y Yogurt,Frosting Queso Crema y Yogurt,Día de la Madre,560
Manacar,MEX,,52 MANACAR,1303,Crema acida,Crema acida,Día de la Madre,1020
Manacar,MEX,,52 MANACAR,5392,"Salsa ""Del Barça""","Salsa ""Del Barça""",Día de la Madre,630
Manacar,MEX,,52 MANACAR,3055,Salsa Burger con Jalapeño,Salsa Burger con Jalapeño,Día de la Madre,0
Manacar,MEX,,52 MANACAR,1362,Miel de maple,Miel de maple,Día de la Madre,2580
Manacar,MEX,,52 MANACAR,1836,Arrachera insumo,Arrachera insumo,Día de la Madre,3630
Manacar,MEX,,52 MANACAR,1491,Totopos,Totopos,Día de la Madre,5900
Manacar,MEX,,52 MANACAR,1511,Salsa Frutos Rojos,Salsa Frutos Rojos,Día de la Madre,120
Manacar,MEX,,52 MANACAR,1039,Jugo de Naranja,Jugo de Naranja,Día de la Madre,34
Manacar,MEX,,52 MANACAR,1117,Porcion de Fruta,Porcion de Fruta,Día de la Madre,2
Manacar,MEX,,52 MANACAR,1493,Guacamole,Guacamole,Día de la Madre,2000
Manacar,MEX,,52 MANACAR,3058,Mezcla mantequilla y aceite,Mezcla mantequilla y aceite,Día de la Madre,40
Manacar,MEX,,52 MANACAR,1503,Avena Preparada,Avena Preparada,Día de la Madre,1080
Manacar,MEX,,52 MANACAR,1516,Pico de Gallo Produccion,Pico de Gallo Produccion,Día de la Madre,280
Manacar,MEX,,52 MANACAR,1515,Yogurt Griego Preparado,Yogurt Griego Preparado,Día de la Madre,720
Manacar,MEX,,52 MANACAR,1504,Granola Produccion,Granola Produccion,Día de la Madre,105
Manacar,MEX,,52 MANACAR,1401,Queso Mozzarella,Queso Mozzarella,Día de la Madre,2310
Manacar,MEX,,52 MANACAR,2738,Queso Panela,Queso Panela,Día de la Madre,667
Manacar,MEX,,52 MANACAR,2540,Pan de Papa Fasfu 100 gr,Pan de Papa Fasfu 100 gr,Día de la Madre,0
Manacar,MEX,,52 MANACAR,1272,Cajeta Insumo,Cajeta Insumo,Día de la Madre,640
Manacar,MEX,,52 MANACAR,1327,Jamon De Cerdo Insumo,Jamon De Cerdo Insumo,Día de la Madre,120
Manacar,MEX,,52 MANACAR,1321,Hashbrown McCain,Hashbrown McCain,Día de la Madre,0
Manacar,MEX,,52 MANACAR,2187,Tarjeta Especial Insumo,Tarjeta Especial Insumo,Día de la Madre,21
Manacar,MEX,,52 MANACAR,1418,Semillas de chia Insumo,Semillas de chia Insumo,Día de la Madre,16
Azcapotzalco,MEX,,11 AZCAPOTZALCO,1507,Mezcla Pancakes Tradicionales Liquida,Mezcla Pancakes Tradicionales Liquida,Día de la Madre,14820
Azcapotzalco,MEX,,11 AZCAPOTZALCO,1505,Mezcla Pancakes Avena Liquida,Mezcla Pancakes Avena Liquida,Día de la Madre,5130
Azcapotzalco,MEX,,11 AZCAPOTZALCO,5444,Chilaquiles verdes toppings default,Chilaquiles verdes toppings default,Día de la Madre,10
Azcapotzalco,MEX,,11 AZCAPOTZALCO,5809,Pancakes Tradicionales Nuevos,Pancakes Tradicionales Nuevos,Día de la Madre,15
Azcapotzalco,MEX,,11 AZCAPOTZALCO,2189,Tarjeta Dia de las Madres.🌷,Tarjeta Dia de las Madres.🌷,Día de la Madre,16
Azcapotzalco,MEX,,11 AZCAPOTZALCO,6403,Pancakes de Cajeta y Plátano. 🆕,Pancakes de Cajeta y Plátano. 🆕,Día de la Madre,13
Azcapotzalco,MEX,,11 AZCAPOTZALCO,6218,Croissant de Frutos Rojos,Croissant de Frutos Rojos,Día de la Madre,3
Azcapotzalco,MEX,,11 AZCAPOTZALCO,1288,Chorizo Insumo,Chorizo Insumo,Día de la Madre,1040
Azcapotzalco,MEX,,11 AZCAPOTZALCO,1471,Frijol Refrito,Frijol Refrito,Día de la Madre,2880
Azcapotzalco,MEX,,11 AZCAPOTZALCO,1532,Arroz Blanco Cocido,Arroz Blanco Cocido,Día de la Madre,3520
Azcapotzalco,MEX,,11 AZCAPOTZALCO,6204,Salsa Verde UND 🆕,Salsa Verde UND 🆕,Día de la Madre,133
Azcapotzalco,MEX,,11 AZCAPOTZALCO,6205,Salsa Roja UND 🆕,Salsa Roja UND 🆕,Día de la Madre,83
Azcapotzalco,MEX,,11 AZCAPOTZALCO,1434,Tocineta,Tocineta,Día de la Madre,714
Azcapotzalco,MEX,,11 AZCAPOTZALCO,1245,Almendra Fileteada Insumo,Almendra Fileteada Insumo,Día de la Madre,675
Azcapotzalco,MEX,,11 AZCAPOTZALCO,1304,Croissant Grande,Croissant Grande,Día de la Madre,5
Azcapotzalco,MEX,,11 AZCAPOTZALCO,1430,Tapa Bowl Kraft Chico,Tapa Bowl Kraft Chico,Día de la Madre,73
Azcapotzalco,MEX,,11 AZCAPOTZALCO,1266,Bowl Kraft Chico,Bowl Kraft Chico,Día de la Madre,73
Azcapotzalco,MEX,,11 AZCAPOTZALCO,1431,Tapa Bowl Kraft Grande,Tapa Bowl Kraft Grande,Día de la Madre,145
Azcapotzalco,MEX,,11 AZCAPOTZALCO,1267,Bowl Kraft Grande,Bowl Kraft Grande,Día de la Madre,145
Azcapotzalco,MEX,,11 AZCAPOTZALCO,1395,Porta Hamburguesa,Porta Hamburguesa,Día de la Madre,15
Azcapotzalco,MEX,,11 AZCAPOTZALCO,1271,Caja Lounch,Caja Lounch,Día de la Madre,19
Azcapotzalco,MEX,,11 AZCAPOTZALCO,1419,servilletas,servilletas,Día de la Madre,359
Azcapotzalco,MEX,,11 AZCAPOTZALCO,1669,Bowl Sopa,Bowl Sopa,Día de la Madre,27
Azcapotzalco,MEX,,11 AZCAPOTZALCO,1670,Tapa Bowl Sopa,Tapa Bowl Sopa,Día de la Madre,27
Azcapotzalco,MEX,,11 AZCAPOTZALCO,1311,Espinaca,Espinaca,Día de la Madre,480
Azcapotzalco,MEX,,11 AZCAPOTZALCO,2381,Jitomate Saladed,Jitomate Saladed,Día de la Madre,2975
Azcapotzalco,MEX,,11 AZCAPOTZALCO,1289,Cilantro Insumo,Cilantro Insumo,Día de la Madre,101
Azcapotzalco,MEX,,11 AZCAPOTZALCO,1276,Cebolla Blanca Insumo,Cebolla Blanca Insumo,Día de la Madre,2780
Azcapotzalco,MEX,,11 AZCAPOTZALCO,1249,Arandano fresco Insumo,Arandano fresco Insumo,Día de la Madre,580
Azcapotzalco,MEX,,11 AZCAPOTZALCO,1257,Banano Criollo Insumo,Banano Criollo Insumo,Día de la Madre,1296
Azcapotzalco,MEX,,11 AZCAPOTZALCO,1312,Fresa Insumo,Fresa Insumo,Día de la Madre,2035
Azcapotzalco,MEX,,11 AZCAPOTZALCO,1391,Pina Miel Insumo,Pina Miel Insumo,Día de la Madre,980
Azcapotzalco,MEX,,11 AZCAPOTZALCO,1374,Papaya Maradol Insumo,Papaya Maradol Insumo,Día de la Madre,980
Azcapotzalco,MEX,,11 AZCAPOTZALCO,5319,Frosting Queso Crema y Yogurt,Frosting Queso Crema y Yogurt,Día de la Madre,520
Azcapotzalco,MEX,,11 AZCAPOTZALCO,1303,Crema acida,Crema acida,Día de la Madre,1950
Azcapotzalco,MEX,,11 AZCAPOTZALCO,5392,"Salsa ""Del Barça""","Salsa ""Del Barça""",Día de la Madre,600
Azcapotzalco,MEX,,11 AZCAPOTZALCO,3055,Salsa Burger con Jalapeño,Salsa Burger con Jalapeño,Día de la Madre,480
Azcapotzalco,MEX,,11 AZCAPOTZALCO,1362,Miel de maple,Miel de maple,Día de la Madre,4500
Azcapotzalco,MEX,,11 AZCAPOTZALCO,1836,Arrachera insumo,Arrachera insumo,Día de la Madre,3850
Azcapotzalco,MEX,,11 AZCAPOTZALCO,1491,Totopos,Totopos,Día de la Madre,14400
Azcapotzalco,MEX,,11 AZCAPOTZALCO,1511,Salsa Frutos Rojos,Salsa Frutos Rojos,Día de la Madre,160
Azcapotzalco,MEX,,11 AZCAPOTZALCO,1039,Jugo de Naranja,Jugo de Naranja,Día de la Madre,48
Azcapotzalco,MEX,,11 AZCAPOTZALCO,1117,Porcion de Fruta,Porcion de Fruta,Día de la Madre,9
Azcapotzalco,MEX,,11 AZCAPOTZALCO,1493,Guacamole,Guacamole,Día de la Madre,2400
Azcapotzalco,MEX,,11 AZCAPOTZALCO,3058,Mezcla mantequilla y aceite,Mezcla mantequilla y aceite,Día de la Madre,460
Azcapotzalco,MEX,,11 AZCAPOTZALCO,1503,Avena Preparada,Avena Preparada,Día de la Madre,1620
Azcapotzalco,MEX,,11 AZCAPOTZALCO,1516,Pico de Gallo Produccion,Pico de Gallo Produccion,Día de la Madre,920
Azcapotzalco,MEX,,11 AZCAPOTZALCO,1515,Yogurt Griego Preparado,Yogurt Griego Preparado,Día de la Madre,1080
Azcapotzalco,MEX,,11 AZCAPOTZALCO,1504,Granola Produccion,Granola Produccion,Día de la Madre,175
Azcapotzalco,MEX,,11 AZCAPOTZALCO,1401,Queso Mozzarella,Queso Mozzarella,Día de la Madre,5070
Azcapotzalco,MEX,,11 AZCAPOTZALCO,2738,Queso Panela,Queso Panela,Día de la Madre,713
Azcapotzalco,MEX,,11 AZCAPOTZALCO,2540,Pan de Papa Fasfu 100 gr,Pan de Papa Fasfu 100 gr,Día de la Madre,13
Azcapotzalco,MEX,,11 AZCAPOTZALCO,1272,Cajeta Insumo,Cajeta Insumo,Día de la Madre,600
Azcapotzalco,MEX,,11 AZCAPOTZALCO,1327,Jamon De Cerdo Insumo,Jamon De Cerdo Insumo,Día de la Madre,1000
Azcapotzalco,MEX,,11 AZCAPOTZALCO,1321,Hashbrown McCain,Hashbrown McCain,Día de la Madre,650
Azcapotzalco,MEX,,11 AZCAPOTZALCO,2187,Tarjeta Especial Insumo,Tarjeta Especial Insumo,Día de la Madre,16
Azcapotzalco,MEX,,11 AZCAPOTZALCO,1418,Semillas de chia Insumo,Semillas de chia Insumo,Día de la Madre,20
Coapa,MEX,,05 COAPA,1507,Mezcla Pancakes Tradicionales Liquida,Mezcla Pancakes Tradicionales Liquida,Día de la Madre,28080
Coapa,MEX,,05 COAPA,1505,Mezcla Pancakes Avena Liquida,Mezcla Pancakes Avena Liquida,Día de la Madre,10530
Coapa,MEX,,05 COAPA,5444,Chilaquiles verdes toppings default,Chilaquiles verdes toppings default,Día de la Madre,21
Coapa,MEX,,05 COAPA,5809,Pancakes Tradicionales Nuevos,Pancakes Tradicionales Nuevos,Día de la Madre,30
Coapa,MEX,,05 COAPA,2189,Tarjeta Dia de las Madres.🌷,Tarjeta Dia de las Madres.🌷,Día de la Madre,32
Coapa,MEX,,05 COAPA,6403,Pancakes de Cajeta y Plátano. 🆕,Pancakes de Cajeta y Plátano. 🆕,Día de la Madre,25
Coapa,MEX,,05 COAPA,6218,Croissant de Frutos Rojos,Croissant de Frutos Rojos,Día de la Madre,5
Coapa,MEX,,05 COAPA,1288,Chorizo Insumo,Chorizo Insumo,Día de la Madre,1680
Coapa,MEX,,05 COAPA,1471,Frijol Refrito,Frijol Refrito,Día de la Madre,4740
Coapa,MEX,,05 COAPA,1532,Arroz Blanco Cocido,Arroz Blanco Cocido,Día de la Madre,6400
Coapa,MEX,,05 COAPA,6204,Salsa Verde UND 🆕,Salsa Verde UND 🆕,Día de la Madre,187
Coapa,MEX,,05 COAPA,6205,Salsa Roja UND 🆕,Salsa Roja UND 🆕,Día de la Madre,99
Coapa,MEX,,05 COAPA,1434,Tocineta,Tocineta,Día de la Madre,924
Coapa,MEX,,05 COAPA,1245,Almendra Fileteada Insumo,Almendra Fileteada Insumo,Día de la Madre,1245
Coapa,MEX,,05 COAPA,1304,Croissant Grande,Croissant Grande,Día de la Madre,8
Coapa,MEX,,05 COAPA,1430,Tapa Bowl Kraft Chico,Tapa Bowl Kraft Chico,Día de la Madre,133
Coapa,MEX,,05 COAPA,1266,Bowl Kraft Chico,Bowl Kraft Chico,Día de la Madre,132
Coapa,MEX,,05 COAPA,1431,Tapa Bowl Kraft Grande,Tapa Bowl Kraft Grande,Día de la Madre,229
Coapa,MEX,,05 COAPA,1267,Bowl Kraft Grande,Bowl Kraft Grande,Día de la Madre,229
Coapa,MEX,,05 COAPA,1395,Porta Hamburguesa,Porta Hamburguesa,Día de la Madre,20
Coapa,MEX,,05 COAPA,1271,Caja Lounch,Caja Lounch,Día de la Madre,24
Coapa,MEX,,05 COAPA,1419,servilletas,servilletas,Día de la Madre,611
Coapa,MEX,,05 COAPA,1669,Bowl Sopa,Bowl Sopa,Día de la Madre,39
Coapa,MEX,,05 COAPA,1670,Tapa Bowl Sopa,Tapa Bowl Sopa,Día de la Madre,39
Coapa,MEX,,05 COAPA,1311,Espinaca,Espinaca,Día de la Madre,700
Coapa,MEX,,05 COAPA,2381,Jitomate Saladed,Jitomate Saladed,Día de la Madre,5705
Coapa,MEX,,05 COAPA,1289,Cilantro Insumo,Cilantro Insumo,Día de la Madre,172
Coapa,MEX,,05 COAPA,1276,Cebolla Blanca Insumo,Cebolla Blanca Insumo,Día de la Madre,4840
Coapa,MEX,,05 COAPA,1249,Arandano fresco Insumo,Arandano fresco Insumo,Día de la Madre,980
Coapa,MEX,,05 COAPA,1257,Banano Criollo Insumo,Banano Criollo Insumo,Día de la Madre,2484
Coapa,MEX,,05 COAPA,1312,Fresa Insumo,Fresa Insumo,Día de la Madre,2849
Coapa,MEX,,05 COAPA,1391,Pina Miel Insumo,Pina Miel Insumo,Día de la Madre,1190
Coapa,MEX,,05 COAPA,1374,Papaya Maradol Insumo,Papaya Maradol Insumo,Día de la Madre,1190
Coapa,MEX,,05 COAPA,5319,Frosting Queso Crema y Yogurt,Frosting Queso Crema y Yogurt,Día de la Madre,920
Coapa,MEX,,05 COAPA,1303,Crema acida,Crema acida,Día de la Madre,3570
Coapa,MEX,,05 COAPA,5392,"Salsa ""Del Barça""","Salsa ""Del Barça""",Día de la Madre,1050
Coapa,MEX,,05 COAPA,3055,Salsa Burger con Jalapeño,Salsa Burger con Jalapeño,Día de la Madre,800
Coapa,MEX,,05 COAPA,1362,Miel de maple,Miel de maple,Día de la Madre,8850
Coapa,MEX,,05 COAPA,1836,Arrachera insumo,Arrachera insumo,Día de la Madre,7370
Coapa,MEX,,05 COAPA,1491,Totopos,Totopos,Día de la Madre,18900
Coapa,MEX,,05 COAPA,1511,Salsa Frutos Rojos,Salsa Frutos Rojos,Día de la Madre,240
Coapa,MEX,,05 COAPA,1039,Jugo de Naranja,Jugo de Naranja,Día de la Madre,96
Coapa,MEX,,05 COAPA,1117,Porcion de Fruta,Porcion de Fruta,Día de la Madre,11
Coapa,MEX,,05 COAPA,1493,Guacamole,Guacamole,Día de la Madre,4350
Coapa,MEX,,05 COAPA,3058,Mezcla mantequilla y aceite,Mezcla mantequilla y aceite,Día de la Madre,760
Coapa,MEX,,05 COAPA,1503,Avena Preparada,Avena Preparada,Día de la Madre,2340
Coapa,MEX,,05 COAPA,1516,Pico de Gallo Produccion,Pico de Gallo Produccion,Día de la Madre,1200
Coapa,MEX,,05 COAPA,1515,Yogurt Griego Preparado,Yogurt Griego Preparado,Día de la Madre,1260
Coapa,MEX,,05 COAPA,1504,Granola Produccion,Granola Produccion,Día de la Madre,245
Coapa,MEX,,05 COAPA,1401,Queso Mozzarella,Queso Mozzarella,Día de la Madre,8340
Coapa,MEX,,05 COAPA,2738,Queso Panela,Queso Panela,Día de la Madre,1311
Coapa,MEX,,05 COAPA,2540,Pan de Papa Fasfu 100 gr,Pan de Papa Fasfu 100 gr,Día de la Madre,21
Coapa,MEX,,05 COAPA,1272,Cajeta Insumo,Cajeta Insumo,Día de la Madre,1080
Coapa,MEX,,05 COAPA,1327,Jamon De Cerdo Insumo,Jamon De Cerdo Insumo,Día de la Madre,1120
Coapa,MEX,,05 COAPA,1321,Hashbrown McCain,Hashbrown McCain,Día de la Madre,650
Coapa,MEX,,05 COAPA,2187,Tarjeta Especial Insumo,Tarjeta Especial Insumo,Día de la Madre,32
Coapa,MEX,,05 COAPA,1418,Semillas de chia Insumo,Semillas de chia Insumo,Día de la Madre,32
Doctores,MEX,,01 DOCTORES,1507,Mezcla Pancakes Tradicionales Liquida,Mezcla Pancakes Tradicionales Liquida,Día de la Madre,68900
Doctores,MEX,,01 DOCTORES,1505,Mezcla Pancakes Avena Liquida,Mezcla Pancakes Avena Liquida,Día de la Madre,25920
Doctores,MEX,,01 DOCTORES,5444,Chilaquiles verdes toppings default,Chilaquiles verdes toppings default,Día de la Madre,51
Doctores,MEX,,01 DOCTORES,5809,Pancakes Tradicionales Nuevos,Pancakes Tradicionales Nuevos,Día de la Madre,74
Doctores,MEX,,01 DOCTORES,2189,Tarjeta Dia de las Madres.🌷,Tarjeta Dia de las Madres.🌷,Día de la Madre,81
Doctores,MEX,,01 DOCTORES,6403,Pancakes de Cajeta y Plátano. 🆕,Pancakes de Cajeta y Plátano. 🆕,Día de la Madre,61
Doctores,MEX,,01 DOCTORES,6218,Croissant de Frutos Rojos,Croissant de Frutos Rojos,Día de la Madre,12
Doctores,MEX,,01 DOCTORES,1288,Chorizo Insumo,Chorizo Insumo,Día de la Madre,2000
Doctores,MEX,,01 DOCTORES,1471,Frijol Refrito,Frijol Refrito,Día de la Madre,8400
Doctores,MEX,,01 DOCTORES,1532,Arroz Blanco Cocido,Arroz Blanco Cocido,Día de la Madre,10160
Doctores,MEX,,01 DOCTORES,6204,Salsa Verde UND 🆕,Salsa Verde UND 🆕,Día de la Madre,281
Doctores,MEX,,01 DOCTORES,6205,Salsa Roja UND 🆕,Salsa Roja UND 🆕,Día de la Madre,154
Doctores,MEX,,01 DOCTORES,1434,Tocineta,Tocineta,Día de la Madre,2520
Doctores,MEX,,01 DOCTORES,1245,Almendra Fileteada Insumo,Almendra Fileteada Insumo,Día de la Madre,3060
Doctores,MEX,,01 DOCTORES,1304,Croissant Grande,Croissant Grande,Día de la Madre,23
Doctores,MEX,,01 DOCTORES,1430,Tapa Bowl Kraft Chico,Tapa Bowl Kraft Chico,Día de la Madre,296
Doctores,MEX,,01 DOCTORES,1266,Bowl Kraft Chico,Bowl Kraft Chico,Día de la Madre,294
Doctores,MEX,,01 DOCTORES,1431,Tapa Bowl Kraft Grande,Tapa Bowl Kraft Grande,Día de la Madre,505
Doctores,MEX,,01 DOCTORES,1267,Bowl Kraft Grande,Bowl Kraft Grande,Día de la Madre,506
Doctores,MEX,,01 DOCTORES,1395,Porta Hamburguesa,Porta Hamburguesa,Día de la Madre,54
Doctores,MEX,,01 DOCTORES,1271,Caja Lounch,Caja Lounch,Día de la Madre,55
Doctores,MEX,,01 DOCTORES,1419,servilletas,servilletas,Día de la Madre,1225
Doctores,MEX,,01 DOCTORES,1669,Bowl Sopa,Bowl Sopa,Día de la Madre,81
Doctores,MEX,,01 DOCTORES,1670,Tapa Bowl Sopa,Tapa Bowl Sopa,Día de la Madre,81
Doctores,MEX,,01 DOCTORES,1311,Espinaca,Espinaca,Día de la Madre,2430
Doctores,MEX,,01 DOCTORES,2381,Jitomate Saladed,Jitomate Saladed,Día de la Madre,12040
Doctores,MEX,,01 DOCTORES,1289,Cilantro Insumo,Cilantro Insumo,Día de la Madre,368
Doctores,MEX,,01 DOCTORES,1276,Cebolla Blanca Insumo,Cebolla Blanca Insumo,Día de la Madre,8320
Doctores,MEX,,01 DOCTORES,1249,Arandano fresco Insumo,Arandano fresco Insumo,Día de la Madre,2320
Doctores,MEX,,01 DOCTORES,1257,Banano Criollo Insumo,Banano Criollo Insumo,Día de la Madre,5940
Doctores,MEX,,01 DOCTORES,1312,Fresa Insumo,Fresa Insumo,Día de la Madre,6660
Doctores,MEX,,01 DOCTORES,1391,Pina Miel Insumo,Pina Miel Insumo,Día de la Madre,2590
Doctores,MEX,,01 DOCTORES,1374,Papaya Maradol Insumo,Papaya Maradol Insumo,Día de la Madre,2590
Doctores,MEX,,01 DOCTORES,5319,Frosting Queso Crema y Yogurt,Frosting Queso Crema y Yogurt,Día de la Madre,2240
Doctores,MEX,,01 DOCTORES,1303,Crema acida,Crema acida,Día de la Madre,6810
Doctores,MEX,,01 DOCTORES,5392,"Salsa ""Del Barça""","Salsa ""Del Barça""",Día de la Madre,1470
Doctores,MEX,,01 DOCTORES,3055,Salsa Burger con Jalapeño,Salsa Burger con Jalapeño,Día de la Madre,1740
Doctores,MEX,,01 DOCTORES,1362,Miel de maple,Miel de maple,Día de la Madre,21960
Doctores,MEX,,01 DOCTORES,1836,Arrachera insumo,Arrachera insumo,Día de la Madre,10450
Doctores,MEX,,01 DOCTORES,1491,Totopos,Totopos,Día de la Madre,33000
Doctores,MEX,,01 DOCTORES,1511,Salsa Frutos Rojos,Salsa Frutos Rojos,Día de la Madre,480
Doctores,MEX,,01 DOCTORES,1039,Jugo de Naranja,Jugo de Naranja,Día de la Madre,229
Doctores,MEX,,01 DOCTORES,1117,Porcion de Fruta,Porcion de Fruta,Día de la Madre,33
Doctores,MEX,,01 DOCTORES,1493,Guacamole,Guacamole,Día de la Madre,6150
Doctores,MEX,,01 DOCTORES,3058,Mezcla mantequilla y aceite,Mezcla mantequilla y aceite,Día de la Madre,1580
Doctores,MEX,,01 DOCTORES,1503,Avena Preparada,Avena Preparada,Día de la Madre,5220
Doctores,MEX,,01 DOCTORES,1516,Pico de Gallo Produccion,Pico de Gallo Produccion,Día de la Madre,2440
Doctores,MEX,,01 DOCTORES,1515,Yogurt Griego Preparado,Yogurt Griego Preparado,Día de la Madre,2340
Doctores,MEX,,01 DOCTORES,1504,Granola Produccion,Granola Produccion,Día de la Madre,455
Doctores,MEX,,01 DOCTORES,1401,Queso Mozzarella,Queso Mozzarella,Día de la Madre,14430
Doctores,MEX,,01 DOCTORES,2738,Queso Panela,Queso Panela,Día de la Madre,2576
Doctores,MEX,,01 DOCTORES,2540,Pan de Papa Fasfu 100 gr,Pan de Papa Fasfu 100 gr,Día de la Madre,55
Doctores,MEX,,01 DOCTORES,1272,Cajeta Insumo,Cajeta Insumo,Día de la Madre,2640
Doctores,MEX,,01 DOCTORES,1327,Jamon De Cerdo Insumo,Jamon De Cerdo Insumo,Día de la Madre,2580
Doctores,MEX,,01 DOCTORES,1321,Hashbrown McCain,Hashbrown McCain,Día de la Madre,2860
Doctores,MEX,,01 DOCTORES,2187,Tarjeta Especial Insumo,Tarjeta Especial Insumo,Día de la Madre,81
Doctores,MEX,,01 DOCTORES,1418,Semillas de chia Insumo,Semillas de chia Insumo,Día de la Madre,57
Esmeralda,MEX,,20 ESMERALDA,1507,Mezcla Pancakes Tradicionales Liquida,Mezcla Pancakes Tradicionales Liquida,Día de la Madre,16900
Esmeralda,MEX,,20 ESMERALDA,1505,Mezcla Pancakes Avena Liquida,Mezcla Pancakes Avena Liquida,Día de la Madre,5940
Esmeralda,MEX,,20 ESMERALDA,5444,Chilaquiles verdes toppings default,Chilaquiles verdes toppings default,Día de la Madre,13
Esmeralda,MEX,,20 ESMERALDA,5809,Pancakes Tradicionales Nuevos,Pancakes Tradicionales Nuevos,Día de la Madre,19
Esmeralda,MEX,,20 ESMERALDA,2189,Tarjeta Dia de las Madres.🌷,Tarjeta Dia de las Madres.🌷,Día de la Madre,21
Esmeralda,MEX,,20 ESMERALDA,6403,Pancakes de Cajeta y Plátano. 🆕,Pancakes de Cajeta y Plátano. 🆕,Día de la Madre,16
Esmeralda,MEX,,20 ESMERALDA,6218,Croissant de Frutos Rojos,Croissant de Frutos Rojos,Día de la Madre,3
Esmeralda,MEX,,20 ESMERALDA,1288,Chorizo Insumo,Chorizo Insumo,Día de la Madre,1280
Esmeralda,MEX,,20 ESMERALDA,1471,Frijol Refrito,Frijol Refrito,Día de la Madre,3120
Esmeralda,MEX,,20 ESMERALDA,1532,Arroz Blanco Cocido,Arroz Blanco Cocido,Día de la Madre,2640
Esmeralda,MEX,,20 ESMERALDA,6204,Salsa Verde UND 🆕,Salsa Verde UND 🆕,Día de la Madre,105
Esmeralda,MEX,,20 ESMERALDA,6205,Salsa Roja UND 🆕,Salsa Roja UND 🆕,Día de la Madre,61
Esmeralda,MEX,,20 ESMERALDA,1434,Tocineta,Tocineta,Día de la Madre,588
Esmeralda,MEX,,20 ESMERALDA,1245,Almendra Fileteada Insumo,Almendra Fileteada Insumo,Día de la Madre,555
Esmeralda,MEX,,20 ESMERALDA,1304,Croissant Grande,Croissant Grande,Día de la Madre,6
Esmeralda,MEX,,20 ESMERALDA,1430,Tapa Bowl Kraft Chico,Tapa Bowl Kraft Chico,Día de la Madre,51
Esmeralda,MEX,,20 ESMERALDA,1266,Bowl Kraft Chico,Bowl Kraft Chico,Día de la Madre,51
Esmeralda,MEX,,20 ESMERALDA,1431,Tapa Bowl Kraft Grande,Tapa Bowl Kraft Grande,Día de la Madre,138
Esmeralda,MEX,,20 ESMERALDA,1267,Bowl Kraft Grande,Bowl Kraft Grande,Día de la Madre,138
Esmeralda,MEX,,20 ESMERALDA,1395,Porta Hamburguesa,Porta Hamburguesa,Día de la Madre,13
Esmeralda,MEX,,20 ESMERALDA,1271,Caja Lounch,Caja Lounch,Día de la Madre,12
Esmeralda,MEX,,20 ESMERALDA,1419,servilletas,servilletas,Día de la Madre,310
Esmeralda,MEX,,20 ESMERALDA,1669,Bowl Sopa,Bowl Sopa,Día de la Madre,19
Esmeralda,MEX,,20 ESMERALDA,1670,Tapa Bowl Sopa,Tapa Bowl Sopa,Día de la Madre,19
Esmeralda,MEX,,20 ESMERALDA,1311,Espinaca,Espinaca,Día de la Madre,340
Esmeralda,MEX,,20 ESMERALDA,2381,Jitomate Saladed,Jitomate Saladed,Día de la Madre,1995
Esmeralda,MEX,,20 ESMERALDA,1289,Cilantro Insumo,Cilantro Insumo,Día de la Madre,80
Esmeralda,MEX,,20 ESMERALDA,1276,Cebolla Blanca Insumo,Cebolla Blanca Insumo,Día de la Madre,2060
Esmeralda,MEX,,20 ESMERALDA,1249,Arandano fresco Insumo,Arandano fresco Insumo,Día de la Madre,560
Esmeralda,MEX,,20 ESMERALDA,1257,Banano Criollo Insumo,Banano Criollo Insumo,Día de la Madre,1152
Esmeralda,MEX,,20 ESMERALDA,1312,Fresa Insumo,Fresa Insumo,Día de la Madre,1332
Esmeralda,MEX,,20 ESMERALDA,1391,Pina Miel Insumo,Pina Miel Insumo,Día de la Madre,700
Esmeralda,MEX,,20 ESMERALDA,1374,Papaya Maradol Insumo,Papaya Maradol Insumo,Día de la Madre,700
Esmeralda,MEX,,20 ESMERALDA,5319,Frosting Queso Crema y Yogurt,Frosting Queso Crema y Yogurt,Día de la Madre,680
Esmeralda,MEX,,20 ESMERALDA,1303,Crema acida,Crema acida,Día de la Madre,1470
Esmeralda,MEX,,20 ESMERALDA,5392,"Salsa ""Del Barça""","Salsa ""Del Barça""",Día de la Madre,660
Esmeralda,MEX,,20 ESMERALDA,3055,Salsa Burger con Jalapeño,Salsa Burger con Jalapeño,Día de la Madre,460
Esmeralda,MEX,,20 ESMERALDA,1362,Miel de maple,Miel de maple,Día de la Madre,5160
Esmeralda,MEX,,20 ESMERALDA,1836,Arrachera insumo,Arrachera insumo,Día de la Madre,3300
Esmeralda,MEX,,20 ESMERALDA,1491,Totopos,Totopos,Día de la Madre,12200
Esmeralda,MEX,,20 ESMERALDA,1511,Salsa Frutos Rojos,Salsa Frutos Rojos,Día de la Madre,160
Esmeralda,MEX,,20 ESMERALDA,1039,Jugo de Naranja,Jugo de Naranja,Día de la Madre,52
Esmeralda,MEX,,20 ESMERALDA,1117,Porcion de Fruta,Porcion de Fruta,Día de la Madre,6
Esmeralda,MEX,,20 ESMERALDA,1493,Guacamole,Guacamole,Día de la Madre,2450
Esmeralda,MEX,,20 ESMERALDA,3058,Mezcla mantequilla y aceite,Mezcla mantequilla y aceite,Día de la Madre,410
Esmeralda,MEX,,20 ESMERALDA,1503,Avena Preparada,Avena Preparada,Día de la Madre,1080
Esmeralda,MEX,,20 ESMERALDA,1516,Pico de Gallo Produccion,Pico de Gallo Produccion,Día de la Madre,640
Esmeralda,MEX,,20 ESMERALDA,1515,Yogurt Griego Preparado,Yogurt Griego Preparado,Día de la Madre,720
Esmeralda,MEX,,20 ESMERALDA,1504,Granola Produccion,Granola Produccion,Día de la Madre,140
Esmeralda,MEX,,20 ESMERALDA,1401,Queso Mozzarella,Queso Mozzarella,Día de la Madre,4320
Esmeralda,MEX,,20 ESMERALDA,2738,Queso Panela,Queso Panela,Día de la Madre,575
Esmeralda,MEX,,20 ESMERALDA,2540,Pan de Papa Fasfu 100 gr,Pan de Papa Fasfu 100 gr,Día de la Madre,14
Esmeralda,MEX,,20 ESMERALDA,1272,Cajeta Insumo,Cajeta Insumo,Día de la Madre,720
Esmeralda,MEX,,20 ESMERALDA,1327,Jamon De Cerdo Insumo,Jamon De Cerdo Insumo,Día de la Madre,440
Esmeralda,MEX,,20 ESMERALDA,1321,Hashbrown McCain,Hashbrown McCain,Día de la Madre,520
Esmeralda,MEX,,20 ESMERALDA,2187,Tarjeta Especial Insumo,Tarjeta Especial Insumo,Día de la Madre,21
Esmeralda,MEX,,20 ESMERALDA,1418,Semillas de chia Insumo,Semillas de chia Insumo,Día de la Madre,12
Izatapalapa,MEX,,27 IZTAPALAPA,1507,Mezcla Pancakes Tradicionales Liquida,Mezcla Pancakes Tradicionales Liquida,Día de la Madre,14560
Izatapalapa,MEX,,27 IZTAPALAPA,1505,Mezcla Pancakes Avena Liquida,Mezcla Pancakes Avena Liquida,Día de la Madre,5130
Izatapalapa,MEX,,27 IZTAPALAPA,5444,Chilaquiles verdes toppings default,Chilaquiles verdes toppings default,Día de la Madre,11
Izatapalapa,MEX,,27 IZTAPALAPA,5809,Pancakes Tradicionales Nuevos,Pancakes Tradicionales Nuevos,Día de la Madre,15
Izatapalapa,MEX,,27 IZTAPALAPA,2189,Tarjeta Dia de las Madres.🌷,Tarjeta Dia de las Madres.🌷,Día de la Madre,16
Izatapalapa,MEX,,27 IZTAPALAPA,6403,Pancakes de Cajeta y Plátano. 🆕,Pancakes de Cajeta y Plátano. 🆕,Día de la Madre,12
Izatapalapa,MEX,,27 IZTAPALAPA,6218,Croissant de Frutos Rojos,Croissant de Frutos Rojos,Día de la Madre,2
Izatapalapa,MEX,,27 IZTAPALAPA,1288,Chorizo Insumo,Chorizo Insumo,Día de la Madre,720
Izatapalapa,MEX,,27 IZTAPALAPA,1471,Frijol Refrito,Frijol Refrito,Día de la Madre,2700
Izatapalapa,MEX,,27 IZTAPALAPA,1532,Arroz Blanco Cocido,Arroz Blanco Cocido,Día de la Madre,3320
Izatapalapa,MEX,,27 IZTAPALAPA,6204,Salsa Verde UND 🆕,Salsa Verde UND 🆕,Día de la Madre,101
Izatapalapa,MEX,,27 IZTAPALAPA,6205,Salsa Roja UND 🆕,Salsa Roja UND 🆕,Día de la Madre,34
Izatapalapa,MEX,,27 IZTAPALAPA,1434,Tocineta,Tocineta,Día de la Madre,504
Izatapalapa,MEX,,27 IZTAPALAPA,1245,Almendra Fileteada Insumo,Almendra Fileteada Insumo,Día de la Madre,525
Izatapalapa,MEX,,27 IZTAPALAPA,1304,Croissant Grande,Croissant Grande,Día de la Madre,5
Izatapalapa,MEX,,27 IZTAPALAPA,1430,Tapa Bowl Kraft Chico,Tapa Bowl Kraft Chico,Día de la Madre,50
Izatapalapa,MEX,,27 IZTAPALAPA,1266,Bowl Kraft Chico,Bowl Kraft Chico,Día de la Madre,50
Izatapalapa,MEX,,27 IZTAPALAPA,1431,Tapa Bowl Kraft Grande,Tapa Bowl Kraft Grande,Día de la Madre,115
Izatapalapa,MEX,,27 IZTAPALAPA,1267,Bowl Kraft Grande,Bowl Kraft Grande,Día de la Madre,116
Izatapalapa,MEX,,27 IZTAPALAPA,1395,Porta Hamburguesa,Porta Hamburguesa,Día de la Madre,10
Izatapalapa,MEX,,27 IZTAPALAPA,1271,Caja Lounch,Caja Lounch,Día de la Madre,16
Izatapalapa,MEX,,27 IZTAPALAPA,1419,servilletas,servilletas,Día de la Madre,273
Izatapalapa,MEX,,27 IZTAPALAPA,1669,Bowl Sopa,Bowl Sopa,Día de la Madre,19
Izatapalapa,MEX,,27 IZTAPALAPA,1670,Tapa Bowl Sopa,Tapa Bowl Sopa,Día de la Madre,19
Izatapalapa,MEX,,27 IZTAPALAPA,1311,Espinaca,Espinaca,Día de la Madre,210
Izatapalapa,MEX,,27 IZTAPALAPA,2381,Jitomate Saladed,Jitomate Saladed,Día de la Madre,1890
Izatapalapa,MEX,,27 IZTAPALAPA,1289,Cilantro Insumo,Cilantro Insumo,Día de la Madre,87
Izatapalapa,MEX,,27 IZTAPALAPA,1276,Cebolla Blanca Insumo,Cebolla Blanca Insumo,Día de la Madre,2300
Izatapalapa,MEX,,27 IZTAPALAPA,1249,Arandano fresco Insumo,Arandano fresco Insumo,Día de la Madre,520
Izatapalapa,MEX,,27 IZTAPALAPA,1257,Banano Criollo Insumo,Banano Criollo Insumo,Día de la Madre,1188
Izatapalapa,MEX,,27 IZTAPALAPA,1312,Fresa Insumo,Fresa Insumo,Día de la Madre,1591
Izatapalapa,MEX,,27 IZTAPALAPA,1391,Pina Miel Insumo,Pina Miel Insumo,Día de la Madre,700
Izatapalapa,MEX,,27 IZTAPALAPA,1374,Papaya Maradol Insumo,Papaya Maradol Insumo,Día de la Madre,700
Izatapalapa,MEX,,27 IZTAPALAPA,5319,Frosting Queso Crema y Yogurt,Frosting Queso Crema y Yogurt,Día de la Madre,520
Izatapalapa,MEX,,27 IZTAPALAPA,1303,Crema acida,Crema acida,Día de la Madre,1770
Izatapalapa,MEX,,27 IZTAPALAPA,5392,"Salsa ""Del Barça""","Salsa ""Del Barça""",Día de la Madre,810
Izatapalapa,MEX,,27 IZTAPALAPA,3055,Salsa Burger con Jalapeño,Salsa Burger con Jalapeño,Día de la Madre,260
Izatapalapa,MEX,,27 IZTAPALAPA,1362,Miel de maple,Miel de maple,Día de la Madre,4470
Izatapalapa,MEX,,27 IZTAPALAPA,1836,Arrachera insumo,Arrachera insumo,Día de la Madre,4400
Izatapalapa,MEX,,27 IZTAPALAPA,1491,Totopos,Totopos,Día de la Madre,9800
Izatapalapa,MEX,,27 IZTAPALAPA,1511,Salsa Frutos Rojos,Salsa Frutos Rojos,Día de la Madre,160
Izatapalapa,MEX,,27 IZTAPALAPA,1039,Jugo de Naranja,Jugo de Naranja,Día de la Madre,44
Izatapalapa,MEX,,27 IZTAPALAPA,1117,Porcion de Fruta,Porcion de Fruta,Día de la Madre,7
Izatapalapa,MEX,,27 IZTAPALAPA,1493,Guacamole,Guacamole,Día de la Madre,2300
Izatapalapa,MEX,,27 IZTAPALAPA,3058,Mezcla mantequilla y aceite,Mezcla mantequilla y aceite,Día de la Madre,260
Izatapalapa,MEX,,27 IZTAPALAPA,1503,Avena Preparada,Avena Preparada,Día de la Madre,1080
Izatapalapa,MEX,,27 IZTAPALAPA,1516,Pico de Gallo Produccion,Pico de Gallo Produccion,Día de la Madre,680
Izatapalapa,MEX,,27 IZTAPALAPA,1515,Yogurt Griego Preparado,Yogurt Griego Preparado,Día de la Madre,1260
Izatapalapa,MEX,,27 IZTAPALAPA,1504,Granola Produccion,Granola Produccion,Día de la Madre,245
Izatapalapa,MEX,,27 IZTAPALAPA,1401,Queso Mozzarella,Queso Mozzarella,Día de la Madre,4020
Izatapalapa,MEX,,27 IZTAPALAPA,2738,Queso Panela,Queso Panela,Día de la Madre,736
Izatapalapa,MEX,,27 IZTAPALAPA,2540,Pan de Papa Fasfu 100 gr,Pan de Papa Fasfu 100 gr,Día de la Madre,7
Izatapalapa,MEX,,27 IZTAPALAPA,1272,Cajeta Insumo,Cajeta Insumo,Día de la Madre,560
Izatapalapa,MEX,,27 IZTAPALAPA,1327,Jamon De Cerdo Insumo,Jamon De Cerdo Insumo,Día de la Madre,800
Izatapalapa,MEX,,27 IZTAPALAPA,1321,Hashbrown McCain,Hashbrown McCain,Día de la Madre,520
Izatapalapa,MEX,,27 IZTAPALAPA,2187,Tarjeta Especial Insumo,Tarjeta Especial Insumo,Día de la Madre,16
Izatapalapa,MEX,,27 IZTAPALAPA,1418,Semillas de chia Insumo,Semillas de chia Insumo,Día de la Madre,18
Lindavista,MEX,,15 LINDAVISTA,1507,Mezcla Pancakes Tradicionales Liquida,Mezcla Pancakes Tradicionales Liquida,Día de la Madre,39260
Lindavista,MEX,,15 LINDAVISTA,1505,Mezcla Pancakes Avena Liquida,Mezcla Pancakes Avena Liquida,Día de la Madre,13770
Lindavista,MEX,,15 LINDAVISTA,5444,Chilaquiles verdes toppings default,Chilaquiles verdes toppings default,Día de la Madre,29
Lindavista,MEX,,15 LINDAVISTA,5809,Pancakes Tradicionales Nuevos,Pancakes Tradicionales Nuevos,Día de la Madre,44
Lindavista,MEX,,15 LINDAVISTA,2189,Tarjeta Dia de las Madres.🌷,Tarjeta Dia de las Madres.🌷,Día de la Madre,49
Lindavista,MEX,,15 LINDAVISTA,6403,Pancakes de Cajeta y Plátano. 🆕,Pancakes de Cajeta y Plátano. 🆕,Día de la Madre,37
Lindavista,MEX,,15 LINDAVISTA,6218,Croissant de Frutos Rojos,Croissant de Frutos Rojos,Día de la Madre,7
Lindavista,MEX,,15 LINDAVISTA,1288,Chorizo Insumo,Chorizo Insumo,Día de la Madre,1840
Lindavista,MEX,,15 LINDAVISTA,1471,Frijol Refrito,Frijol Refrito,Día de la Madre,4500
Lindavista,MEX,,15 LINDAVISTA,1532,Arroz Blanco Cocido,Arroz Blanco Cocido,Día de la Madre,5040
Lindavista,MEX,,15 LINDAVISTA,6204,Salsa Verde UND 🆕,Salsa Verde UND 🆕,Día de la Madre,173
Lindavista,MEX,,15 LINDAVISTA,6205,Salsa Roja UND 🆕,Salsa Roja UND 🆕,Día de la Madre,64
Lindavista,MEX,,15 LINDAVISTA,1434,Tocineta,Tocineta,Día de la Madre,1050
Lindavista,MEX,,15 LINDAVISTA,1245,Almendra Fileteada Insumo,Almendra Fileteada Insumo,Día de la Madre,1080
Lindavista,MEX,,15 LINDAVISTA,1304,Croissant Grande,Croissant Grande,Día de la Madre,11
Lindavista,MEX,,15 LINDAVISTA,1430,Tapa Bowl Kraft Chico,Tapa Bowl Kraft Chico,Día de la Madre,78
Lindavista,MEX,,15 LINDAVISTA,1266,Bowl Kraft Chico,Bowl Kraft Chico,Día de la Madre,78
Lindavista,MEX,,15 LINDAVISTA,1431,Tapa Bowl Kraft Grande,Tapa Bowl Kraft Grande,Día de la Madre,264
Lindavista,MEX,,15 LINDAVISTA,1267,Bowl Kraft Grande,Bowl Kraft Grande,Día de la Madre,265
Lindavista,MEX,,15 LINDAVISTA,1395,Porta Hamburguesa,Porta Hamburguesa,Día de la Madre,23
Lindavista,MEX,,15 LINDAVISTA,1271,Caja Lounch,Caja Lounch,Día de la Madre,20
Lindavista,MEX,,15 LINDAVISTA,1419,servilletas,servilletas,Día de la Madre,515
Lindavista,MEX,,15 LINDAVISTA,1669,Bowl Sopa,Bowl Sopa,Día de la Madre,29
Lindavista,MEX,,15 LINDAVISTA,1670,Tapa Bowl Sopa,Tapa Bowl Sopa,Día de la Madre,29
Lindavista,MEX,,15 LINDAVISTA,1311,Espinaca,Espinaca,Día de la Madre,370
Lindavista,MEX,,15 LINDAVISTA,2381,Jitomate Saladed,Jitomate Saladed,Día de la Madre,2870
Lindavista,MEX,,15 LINDAVISTA,1289,Cilantro Insumo,Cilantro Insumo,Día de la Madre,153
Lindavista,MEX,,15 LINDAVISTA,1276,Cebolla Blanca Insumo,Cebolla Blanca Insumo,Día de la Madre,3560
Lindavista,MEX,,15 LINDAVISTA,1249,Arandano fresco Insumo,Arandano fresco Insumo,Día de la Madre,1320
Lindavista,MEX,,15 LINDAVISTA,1257,Banano Criollo Insumo,Banano Criollo Insumo,Día de la Madre,2736
Lindavista,MEX,,15 LINDAVISTA,1312,Fresa Insumo,Fresa Insumo,Día de la Madre,2516
Lindavista,MEX,,15 LINDAVISTA,1391,Pina Miel Insumo,Pina Miel Insumo,Día de la Madre,1050
Lindavista,MEX,,15 LINDAVISTA,1374,Papaya Maradol Insumo,Papaya Maradol Insumo,Día de la Madre,1050
Lindavista,MEX,,15 LINDAVISTA,5319,Frosting Queso Crema y Yogurt,Frosting Queso Crema y Yogurt,Día de la Madre,1360
Lindavista,MEX,,15 LINDAVISTA,1303,Crema acida,Crema acida,Día de la Madre,3360
Lindavista,MEX,,15 LINDAVISTA,5392,"Salsa ""Del Barça""","Salsa ""Del Barça""",Día de la Madre,990
Lindavista,MEX,,15 LINDAVISTA,3055,Salsa Burger con Jalapeño,Salsa Burger con Jalapeño,Día de la Madre,600
Lindavista,MEX,,15 LINDAVISTA,1362,Miel de maple,Miel de maple,Día de la Madre,12120
Lindavista,MEX,,15 LINDAVISTA,1836,Arrachera insumo,Arrachera insumo,Día de la Madre,5610
Lindavista,MEX,,15 LINDAVISTA,1491,Totopos,Totopos,Día de la Madre,17500
Lindavista,MEX,,15 LINDAVISTA,1511,Salsa Frutos Rojos,Salsa Frutos Rojos,Día de la Madre,240
Lindavista,MEX,,15 LINDAVISTA,1039,Jugo de Naranja,Jugo de Naranja,Día de la Madre,128
Lindavista,MEX,,15 LINDAVISTA,1117,Porcion de Fruta,Porcion de Fruta,Día de la Madre,13
Lindavista,MEX,,15 LINDAVISTA,1493,Guacamole,Guacamole,Día de la Madre,3950
Lindavista,MEX,,15 LINDAVISTA,3058,Mezcla mantequilla y aceite,Mezcla mantequilla y aceite,Día de la Madre,540
Lindavista,MEX,,15 LINDAVISTA,1503,Avena Preparada,Avena Preparada,Día de la Madre,1980
Lindavista,MEX,,15 LINDAVISTA,1516,Pico de Gallo Produccion,Pico de Gallo Produccion,Día de la Madre,720
Lindavista,MEX,,15 LINDAVISTA,1515,Yogurt Griego Preparado,Yogurt Griego Preparado,Día de la Madre,1620
Lindavista,MEX,,15 LINDAVISTA,1504,Granola Produccion,Granola Produccion,Día de la Madre,315
Lindavista,MEX,,15 LINDAVISTA,1401,Queso Mozzarella,Queso Mozzarella,Día de la Madre,6060
Lindavista,MEX,,15 LINDAVISTA,2738,Queso Panela,Queso Panela,Día de la Madre,1380
Lindavista,MEX,,15 LINDAVISTA,2540,Pan de Papa Fasfu 100 gr,Pan de Papa Fasfu 100 gr,Día de la Madre,19
Lindavista,MEX,,15 LINDAVISTA,1272,Cajeta Insumo,Cajeta Insumo,Día de la Madre,1520
Lindavista,MEX,,15 LINDAVISTA,1327,Jamon De Cerdo Insumo,Jamon De Cerdo Insumo,Día de la Madre,600
Lindavista,MEX,,15 LINDAVISTA,1321,Hashbrown McCain,Hashbrown McCain,Día de la Madre,390
Lindavista,MEX,,15 LINDAVISTA,2187,Tarjeta Especial Insumo,Tarjeta Especial Insumo,Día de la Madre,49
Lindavista,MEX,,15 LINDAVISTA,1418,Semillas de chia Insumo,Semillas de chia Insumo,Día de la Madre,36
Metepec,MEX,,24 METEPEC,1507,Mezcla Pancakes Tradicionales Liquida,Mezcla Pancakes Tradicionales Liquida,Día de la Madre,13260
Metepec,MEX,,24 METEPEC,1505,Mezcla Pancakes Avena Liquida,Mezcla Pancakes Avena Liquida,Día de la Madre,5400
Metepec,MEX,,24 METEPEC,5444,Chilaquiles verdes toppings default,Chilaquiles verdes toppings default,Día de la Madre,10
Metepec,MEX,,24 METEPEC,5809,Pancakes Tradicionales Nuevos,Pancakes Tradicionales Nuevos,Día de la Madre,14
Metepec,MEX,,24 METEPEC,2189,Tarjeta Dia de las Madres.🌷,Tarjeta Dia de las Madres.🌷,Día de la Madre,14
Metepec,MEX,,24 METEPEC,6403,Pancakes de Cajeta y Plátano. 🆕,Pancakes de Cajeta y Plátano. 🆕,Día de la Madre,10
Metepec,MEX,,24 METEPEC,6218,Croissant de Frutos Rojos,Croissant de Frutos Rojos,Día de la Madre,3
Metepec,MEX,,24 METEPEC,1288,Chorizo Insumo,Chorizo Insumo,Día de la Madre,1200
Metepec,MEX,,24 METEPEC,1471,Frijol Refrito,Frijol Refrito,Día de la Madre,4020
Metepec,MEX,,24 METEPEC,1532,Arroz Blanco Cocido,Arroz Blanco Cocido,Día de la Madre,5080
Metepec,MEX,,24 METEPEC,6204,Salsa Verde UND 🆕,Salsa Verde UND 🆕,Día de la Madre,110
Metepec,MEX,,24 METEPEC,6205,Salsa Roja UND 🆕,Salsa Roja UND 🆕,Día de la Madre,58
Metepec,MEX,,24 METEPEC,1434,Tocineta,Tocineta,Día de la Madre,1218
Metepec,MEX,,24 METEPEC,1245,Almendra Fileteada Insumo,Almendra Fileteada Insumo,Día de la Madre,645
Metepec,MEX,,24 METEPEC,1304,Croissant Grande,Croissant Grande,Día de la Madre,7
Metepec,MEX,,24 METEPEC,1430,Tapa Bowl Kraft Chico,Tapa Bowl Kraft Chico,Día de la Madre,95
Metepec,MEX,,24 METEPEC,1266,Bowl Kraft Chico,Bowl Kraft Chico,Día de la Madre,95
Metepec,MEX,,24 METEPEC,1431,Tapa Bowl Kraft Grande,Tapa Bowl Kraft Grande,Día de la Madre,134
Metepec,MEX,,24 METEPEC,1267,Bowl Kraft Grande,Bowl Kraft Grande,Día de la Madre,134
Metepec,MEX,,24 METEPEC,1395,Porta Hamburguesa,Porta Hamburguesa,Día de la Madre,22
Metepec,MEX,,24 METEPEC,1271,Caja Lounch,Caja Lounch,Día de la Madre,15
Metepec,MEX,,24 METEPEC,1419,servilletas,servilletas,Día de la Madre,417
Metepec,MEX,,24 METEPEC,1669,Bowl Sopa,Bowl Sopa,Día de la Madre,40
Metepec,MEX,,24 METEPEC,1670,Tapa Bowl Sopa,Tapa Bowl Sopa,Día de la Madre,40
Metepec,MEX,,24 METEPEC,1311,Espinaca,Espinaca,Día de la Madre,600
Metepec,MEX,,24 METEPEC,2381,Jitomate Saladed,Jitomate Saladed,Día de la Madre,4200
Metepec,MEX,,24 METEPEC,1289,Cilantro Insumo,Cilantro Insumo,Día de la Madre,149
Metepec,MEX,,24 METEPEC,1276,Cebolla Blanca Insumo,Cebolla Blanca Insumo,Día de la Madre,2700
Metepec,MEX,,24 METEPEC,1249,Arandano fresco Insumo,Arandano fresco Insumo,Día de la Madre,580
Metepec,MEX,,24 METEPEC,1257,Banano Criollo Insumo,Banano Criollo Insumo,Día de la Madre,1476
Metepec,MEX,,24 METEPEC,1312,Fresa Insumo,Fresa Insumo,Día de la Madre,2331
Metepec,MEX,,24 METEPEC,1391,Pina Miel Insumo,Pina Miel Insumo,Día de la Madre,1260
Metepec,MEX,,24 METEPEC,1374,Papaya Maradol Insumo,Papaya Maradol Insumo,Día de la Madre,1260
Metepec,MEX,,24 METEPEC,5319,Frosting Queso Crema y Yogurt,Frosting Queso Crema y Yogurt,Día de la Madre,480
Metepec,MEX,,24 METEPEC,1303,Crema acida,Crema acida,Día de la Madre,2070
Metepec,MEX,,24 METEPEC,5392,"Salsa ""Del Barça""","Salsa ""Del Barça""",Día de la Madre,1110
Metepec,MEX,,24 METEPEC,3055,Salsa Burger con Jalapeño,Salsa Burger con Jalapeño,Día de la Madre,600
Metepec,MEX,,24 METEPEC,1362,Miel de maple,Miel de maple,Día de la Madre,4260
Metepec,MEX,,24 METEPEC,1836,Arrachera insumo,Arrachera insumo,Día de la Madre,6380
Metepec,MEX,,24 METEPEC,1491,Totopos,Totopos,Día de la Madre,12100
Metepec,MEX,,24 METEPEC,1511,Salsa Frutos Rojos,Salsa Frutos Rojos,Día de la Madre,200
Metepec,MEX,,24 METEPEC,1039,Jugo de Naranja,Jugo de Naranja,Día de la Madre,50
Metepec,MEX,,24 METEPEC,1117,Porcion de Fruta,Porcion de Fruta,Día de la Madre,10
Metepec,MEX,,24 METEPEC,1493,Guacamole,Guacamole,Día de la Madre,3850
Metepec,MEX,,24 METEPEC,3058,Mezcla mantequilla y aceite,Mezcla mantequilla y aceite,Día de la Madre,460
Metepec,MEX,,24 METEPEC,1503,Avena Preparada,Avena Preparada,Día de la Madre,1260
Metepec,MEX,,24 METEPEC,1516,Pico de Gallo Produccion,Pico de Gallo Produccion,Día de la Madre,1000
Metepec,MEX,,24 METEPEC,1515,Yogurt Griego Preparado,Yogurt Griego Preparado,Día de la Madre,1440
Metepec,MEX,,24 METEPEC,1504,Granola Produccion,Granola Produccion,Día de la Madre,315
Metepec,MEX,,24 METEPEC,1401,Queso Mozzarella,Queso Mozzarella,Día de la Madre,6060
Metepec,MEX,,24 METEPEC,2738,Queso Panela,Queso Panela,Día de la Madre,805
Metepec,MEX,,24 METEPEC,2540,Pan de Papa Fasfu 100 gr,Pan de Papa Fasfu 100 gr,Día de la Madre,16
Metepec,MEX,,24 METEPEC,1272,Cajeta Insumo,Cajeta Insumo,Día de la Madre,520
Metepec,MEX,,24 METEPEC,1327,Jamon De Cerdo Insumo,Jamon De Cerdo Insumo,Día de la Madre,460
Metepec,MEX,,24 METEPEC,1321,Hashbrown McCain,Hashbrown McCain,Día de la Madre,910
Metepec,MEX,,24 METEPEC,2187,Tarjeta Especial Insumo,Tarjeta Especial Insumo,Día de la Madre,14
Metepec,MEX,,24 METEPEC,1418,Semillas de chia Insumo,Semillas de chia Insumo,Día de la Madre,27
Churubusco,MEX,,09 CHURUBUSCO,1507,Mezcla Pancakes Tradicionales Liquida,Mezcla Pancakes Tradicionales Liquida,Día de la Madre,21840
Churubusco,MEX,,09 CHURUBUSCO,1505,Mezcla Pancakes Avena Liquida,Mezcla Pancakes Avena Liquida,Día de la Madre,8640
Churubusco,MEX,,09 CHURUBUSCO,5444,Chilaquiles verdes toppings default,Chilaquiles verdes toppings default,Día de la Madre,15
Churubusco,MEX,,09 CHURUBUSCO,5809,Pancakes Tradicionales Nuevos,Pancakes Tradicionales Nuevos,Día de la Madre,23
Churubusco,MEX,,09 CHURUBUSCO,2189,Tarjeta Dia de las Madres.🌷,Tarjeta Dia de las Madres.🌷,Día de la Madre,26
Churubusco,MEX,,09 CHURUBUSCO,6403,Pancakes de Cajeta y Plátano. 🆕,Pancakes de Cajeta y Plátano. 🆕,Día de la Madre,19
Churubusco,MEX,,09 CHURUBUSCO,6218,Croissant de Frutos Rojos,Croissant de Frutos Rojos,Día de la Madre,4
Churubusco,MEX,,09 CHURUBUSCO,1288,Chorizo Insumo,Chorizo Insumo,Día de la Madre,1440
Churubusco,MEX,,09 CHURUBUSCO,1471,Frijol Refrito,Frijol Refrito,Día de la Madre,4800
Churubusco,MEX,,09 CHURUBUSCO,1532,Arroz Blanco Cocido,Arroz Blanco Cocido,Día de la Madre,5200
Churubusco,MEX,,09 CHURUBUSCO,6204,Salsa Verde UND 🆕,Salsa Verde UND 🆕,Día de la Madre,154
Churubusco,MEX,,09 CHURUBUSCO,6205,Salsa Roja UND 🆕,Salsa Roja UND 🆕,Día de la Madre,91
Churubusco,MEX,,09 CHURUBUSCO,1434,Tocineta,Tocineta,Día de la Madre,1512
Churubusco,MEX,,09 CHURUBUSCO,1245,Almendra Fileteada Insumo,Almendra Fileteada Insumo,Día de la Madre,1125
Churubusco,MEX,,09 CHURUBUSCO,1304,Croissant Grande,Croissant Grande,Día de la Madre,9
Churubusco,MEX,,09 CHURUBUSCO,1430,Tapa Bowl Kraft Chico,Tapa Bowl Kraft Chico,Día de la Madre,133
Churubusco,MEX,,09 CHURUBUSCO,1266,Bowl Kraft Chico,Bowl Kraft Chico,Día de la Madre,133
Churubusco,MEX,,09 CHURUBUSCO,1431,Tapa Bowl Kraft Grande,Tapa Bowl Kraft Grande,Día de la Madre,186
Churubusco,MEX,,09 CHURUBUSCO,1267,Bowl Kraft Grande,Bowl Kraft Grande,Día de la Madre,187
Churubusco,MEX,,09 CHURUBUSCO,1395,Porta Hamburguesa,Porta Hamburguesa,Día de la Madre,34
Churubusco,MEX,,09 CHURUBUSCO,1271,Caja Lounch,Caja Lounch,Día de la Madre,23
Churubusco,MEX,,09 CHURUBUSCO,1419,servilletas,servilletas,Día de la Madre,558
Churubusco,MEX,,09 CHURUBUSCO,1669,Bowl Sopa,Bowl Sopa,Día de la Madre,49
Churubusco,MEX,,09 CHURUBUSCO,1670,Tapa Bowl Sopa,Tapa Bowl Sopa,Día de la Madre,49
Churubusco,MEX,,09 CHURUBUSCO,1311,Espinaca,Espinaca,Día de la Madre,690
Churubusco,MEX,,09 CHURUBUSCO,2381,Jitomate Saladed,Jitomate Saladed,Día de la Madre,5775
Churubusco,MEX,,09 CHURUBUSCO,1289,Cilantro Insumo,Cilantro Insumo,Día de la Madre,169
Churubusco,MEX,,09 CHURUBUSCO,1276,Cebolla Blanca Insumo,Cebolla Blanca Insumo,Día de la Madre,3760
Churubusco,MEX,,09 CHURUBUSCO,1249,Arandano fresco Insumo,Arandano fresco Insumo,Día de la Madre,840
Churubusco,MEX,,09 CHURUBUSCO,1257,Banano Criollo Insumo,Banano Criollo Insumo,Día de la Madre,2016
Churubusco,MEX,,09 CHURUBUSCO,1312,Fresa Insumo,Fresa Insumo,Día de la Madre,2775
Churubusco,MEX,,09 CHURUBUSCO,1391,Pina Miel Insumo,Pina Miel Insumo,Día de la Madre,1400
Churubusco,MEX,,09 CHURUBUSCO,1374,Papaya Maradol Insumo,Papaya Maradol Insumo,Día de la Madre,1400
Churubusco,MEX,,09 CHURUBUSCO,5319,Frosting Queso Crema y Yogurt,Frosting Queso Crema y Yogurt,Día de la Madre,760
Churubusco,MEX,,09 CHURUBUSCO,1303,Crema acida,Crema acida,Día de la Madre,3030
Churubusco,MEX,,09 CHURUBUSCO,5392,"Salsa ""Del Barça""","Salsa ""Del Barça""",Día de la Madre,810
Churubusco,MEX,,09 CHURUBUSCO,3055,Salsa Burger con Jalapeño,Salsa Burger con Jalapeño,Día de la Madre,1080
Churubusco,MEX,,09 CHURUBUSCO,1362,Miel de maple,Miel de maple,Día de la Madre,7050
Churubusco,MEX,,09 CHURUBUSCO,1836,Arrachera insumo,Arrachera insumo,Día de la Madre,5720
Churubusco,MEX,,09 CHURUBUSCO,1491,Totopos,Totopos,Día de la Madre,15500
Churubusco,MEX,,09 CHURUBUSCO,1511,Salsa Frutos Rojos,Salsa Frutos Rojos,Día de la Madre,240
Churubusco,MEX,,09 CHURUBUSCO,1039,Jugo de Naranja,Jugo de Naranja,Día de la Madre,73
Churubusco,MEX,,09 CHURUBUSCO,1117,Porcion de Fruta,Porcion de Fruta,Día de la Madre,14
Churubusco,MEX,,09 CHURUBUSCO,1493,Guacamole,Guacamole,Día de la Madre,3600
Churubusco,MEX,,09 CHURUBUSCO,3058,Mezcla mantequilla y aceite,Mezcla mantequilla y aceite,Día de la Madre,900
Churubusco,MEX,,09 CHURUBUSCO,1503,Avena Preparada,Avena Preparada,Día de la Madre,1440
Churubusco,MEX,,09 CHURUBUSCO,1516,Pico de Gallo Produccion,Pico de Gallo Produccion,Día de la Madre,1120
Churubusco,MEX,,09 CHURUBUSCO,1515,Yogurt Griego Preparado,Yogurt Griego Preparado,Día de la Madre,1620
Churubusco,MEX,,09 CHURUBUSCO,1504,Granola Produccion,Granola Produccion,Día de la Madre,315
Churubusco,MEX,,09 CHURUBUSCO,1401,Queso Mozzarella,Queso Mozzarella,Día de la Madre,7500
Churubusco,MEX,,09 CHURUBUSCO,2738,Queso Panela,Queso Panela,Día de la Madre,1173
Churubusco,MEX,,09 CHURUBUSCO,2540,Pan de Papa Fasfu 100 gr,Pan de Papa Fasfu 100 gr,Día de la Madre,34
Churubusco,MEX,,09 CHURUBUSCO,1272,Cajeta Insumo,Cajeta Insumo,Día de la Madre,840
Churubusco,MEX,,09 CHURUBUSCO,1327,Jamon De Cerdo Insumo,Jamon De Cerdo Insumo,Día de la Madre,1080
Churubusco,MEX,,09 CHURUBUSCO,1321,Hashbrown McCain,Hashbrown McCain,Día de la Madre,1170
Churubusco,MEX,,09 CHURUBUSCO,2187,Tarjeta Especial Insumo,Tarjeta Especial Insumo,Día de la Madre,26
Churubusco,MEX,,09 CHURUBUSCO,1418,Semillas de chia Insumo,Semillas de chia Insumo,Día de la Madre,29
Pedregal,MEX,,16 PEDREGAL,1507,Mezcla Pancakes Tradicionales Liquida,Mezcla Pancakes Tradicionales Liquida,Día de la Madre,16900
Pedregal,MEX,,16 PEDREGAL,1505,Mezcla Pancakes Avena Liquida,Mezcla Pancakes Avena Liquida,Día de la Madre,5940
Pedregal,MEX,,16 PEDREGAL,5444,Chilaquiles verdes toppings default,Chilaquiles verdes toppings default,Día de la Madre,12
Pedregal,MEX,,16 PEDREGAL,5809,Pancakes Tradicionales Nuevos,Pancakes Tradicionales Nuevos,Día de la Madre,17
Pedregal,MEX,,16 PEDREGAL,2189,Tarjeta Dia de las Madres.🌷,Tarjeta Dia de las Madres.🌷,Día de la Madre,19
Pedregal,MEX,,16 PEDREGAL,6403,Pancakes de Cajeta y Plátano. 🆕,Pancakes de Cajeta y Plátano. 🆕,Día de la Madre,15
Pedregal,MEX,,16 PEDREGAL,6218,Croissant de Frutos Rojos,Croissant de Frutos Rojos,Día de la Madre,2
Pedregal,MEX,,16 PEDREGAL,1288,Chorizo Insumo,Chorizo Insumo,Día de la Madre,1440
Pedregal,MEX,,16 PEDREGAL,1471,Frijol Refrito,Frijol Refrito,Día de la Madre,3300
Pedregal,MEX,,16 PEDREGAL,1532,Arroz Blanco Cocido,Arroz Blanco Cocido,Día de la Madre,4040
Pedregal,MEX,,16 PEDREGAL,6204,Salsa Verde UND 🆕,Salsa Verde UND 🆕,Día de la Madre,142
Pedregal,MEX,,16 PEDREGAL,6205,Salsa Roja UND 🆕,Salsa Roja UND 🆕,Día de la Madre,92
Pedregal,MEX,,16 PEDREGAL,1434,Tocineta,Tocineta,Día de la Madre,966
Pedregal,MEX,,16 PEDREGAL,1245,Almendra Fileteada Insumo,Almendra Fileteada Insumo,Día de la Madre,780
Pedregal,MEX,,16 PEDREGAL,1304,Croissant Grande,Croissant Grande,Día de la Madre,5
Pedregal,MEX,,16 PEDREGAL,1430,Tapa Bowl Kraft Chico,Tapa Bowl Kraft Chico,Día de la Madre,85
Pedregal,MEX,,16 PEDREGAL,1266,Bowl Kraft Chico,Bowl Kraft Chico,Día de la Madre,85
Pedregal,MEX,,16 PEDREGAL,1431,Tapa Bowl Kraft Grande,Tapa Bowl Kraft Grande,Día de la Madre,159
Pedregal,MEX,,16 PEDREGAL,1267,Bowl Kraft Grande,Bowl Kraft Grande,Día de la Madre,161
Pedregal,MEX,,16 PEDREGAL,1395,Porta Hamburguesa,Porta Hamburguesa,Día de la Madre,26
Pedregal,MEX,,16 PEDREGAL,1271,Caja Lounch,Caja Lounch,Día de la Madre,17
Pedregal,MEX,,16 PEDREGAL,1419,servilletas,servilletas,Día de la Madre,410
Pedregal,MEX,,16 PEDREGAL,1669,Bowl Sopa,Bowl Sopa,Día de la Madre,41
Pedregal,MEX,,16 PEDREGAL,1670,Tapa Bowl Sopa,Tapa Bowl Sopa,Día de la Madre,41
Pedregal,MEX,,16 PEDREGAL,1311,Espinaca,Espinaca,Día de la Madre,560
Pedregal,MEX,,16 PEDREGAL,2381,Jitomate Saladed,Jitomate Saladed,Día de la Madre,3500
Pedregal,MEX,,16 PEDREGAL,1289,Cilantro Insumo,Cilantro Insumo,Día de la Madre,112
Pedregal,MEX,,16 PEDREGAL,1276,Cebolla Blanca Insumo,Cebolla Blanca Insumo,Día de la Madre,2660
Pedregal,MEX,,16 PEDREGAL,1249,Arandano fresco Insumo,Arandano fresco Insumo,Día de la Madre,560
Pedregal,MEX,,16 PEDREGAL,1257,Banano Criollo Insumo,Banano Criollo Insumo,Día de la Madre,1440
Pedregal,MEX,,16 PEDREGAL,1312,Fresa Insumo,Fresa Insumo,Día de la Madre,2812
Pedregal,MEX,,16 PEDREGAL,1391,Pina Miel Insumo,Pina Miel Insumo,Día de la Madre,1750
Pedregal,MEX,,16 PEDREGAL,1374,Papaya Maradol Insumo,Papaya Maradol Insumo,Día de la Madre,1750
Pedregal,MEX,,16 PEDREGAL,5319,Frosting Queso Crema y Yogurt,Frosting Queso Crema y Yogurt,Día de la Madre,600
Pedregal,MEX,,16 PEDREGAL,1303,Crema acida,Crema acida,Día de la Madre,2250
Pedregal,MEX,,16 PEDREGAL,5392,"Salsa ""Del Barça""","Salsa ""Del Barça""",Día de la Madre,630
Pedregal,MEX,,16 PEDREGAL,3055,Salsa Burger con Jalapeño,Salsa Burger con Jalapeño,Día de la Madre,820
Pedregal,MEX,,16 PEDREGAL,1362,Miel de maple,Miel de maple,Día de la Madre,5220
Pedregal,MEX,,16 PEDREGAL,1836,Arrachera insumo,Arrachera insumo,Día de la Madre,4510
Pedregal,MEX,,16 PEDREGAL,1491,Totopos,Totopos,Día de la Madre,16200
Pedregal,MEX,,16 PEDREGAL,1511,Salsa Frutos Rojos,Salsa Frutos Rojos,Día de la Madre,160
Pedregal,MEX,,16 PEDREGAL,1039,Jugo de Naranja,Jugo de Naranja,Día de la Madre,58
Pedregal,MEX,,16 PEDREGAL,1117,Porcion de Fruta,Porcion de Fruta,Día de la Madre,10
Pedregal,MEX,,16 PEDREGAL,1493,Guacamole,Guacamole,Día de la Madre,2950
Pedregal,MEX,,16 PEDREGAL,3058,Mezcla mantequilla y aceite,Mezcla mantequilla y aceite,Día de la Madre,640
Pedregal,MEX,,16 PEDREGAL,1503,Avena Preparada,Avena Preparada,Día de la Madre,1620
Pedregal,MEX,,16 PEDREGAL,1516,Pico de Gallo Produccion,Pico de Gallo Produccion,Día de la Madre,680
Pedregal,MEX,,16 PEDREGAL,1515,Yogurt Griego Preparado,Yogurt Griego Preparado,Día de la Madre,720
Pedregal,MEX,,16 PEDREGAL,1504,Granola Produccion,Granola Produccion,Día de la Madre,140
Pedregal,MEX,,16 PEDREGAL,1401,Queso Mozzarella,Queso Mozzarella,Día de la Madre,5640
Pedregal,MEX,,16 PEDREGAL,2738,Queso Panela,Queso Panela,Día de la Madre,851
Pedregal,MEX,,16 PEDREGAL,2540,Pan de Papa Fasfu 100 gr,Pan de Papa Fasfu 100 gr,Día de la Madre,24
Pedregal,MEX,,16 PEDREGAL,1272,Cajeta Insumo,Cajeta Insumo,Día de la Madre,640
Pedregal,MEX,,16 PEDREGAL,1327,Jamon De Cerdo Insumo,Jamon De Cerdo Insumo,Día de la Madre,760
Pedregal,MEX,,16 PEDREGAL,1321,Hashbrown McCain,Hashbrown McCain,Día de la Madre,910
Pedregal,MEX,,16 PEDREGAL,2187,Tarjeta Especial Insumo,Tarjeta Especial Insumo,Día de la Madre,19
Pedregal,MEX,,16 PEDREGAL,1418,Semillas de chia Insumo,Semillas de chia Insumo,Día de la Madre,16
Del Valle,MEX,,12 DEL VALLE,1507,Mezcla Pancakes Tradicionales Liquida,Mezcla Pancakes Tradicionales Liquida,Día de la Madre,39780
Del Valle,MEX,,12 DEL VALLE,1505,Mezcla Pancakes Avena Liquida,Mezcla Pancakes Avena Liquida,Día de la Madre,14040
Del Valle,MEX,,12 DEL VALLE,5444,Chilaquiles verdes toppings default,Chilaquiles verdes toppings default,Día de la Madre,28
Del Valle,MEX,,12 DEL VALLE,5809,Pancakes Tradicionales Nuevos,Pancakes Tradicionales Nuevos,Día de la Madre,42
Del Valle,MEX,,12 DEL VALLE,2189,Tarjeta Dia de las Madres.🌷,Tarjeta Dia de las Madres.🌷,Día de la Madre,46
Del Valle,MEX,,12 DEL VALLE,6403,Pancakes de Cajeta y Plátano. 🆕,Pancakes de Cajeta y Plátano. 🆕,Día de la Madre,35
Del Valle,MEX,,12 DEL VALLE,6218,Croissant de Frutos Rojos,Croissant de Frutos Rojos,Día de la Madre,7
Del Valle,MEX,,12 DEL VALLE,1288,Chorizo Insumo,Chorizo Insumo,Día de la Madre,1680
Del Valle,MEX,,12 DEL VALLE,1471,Frijol Refrito,Frijol Refrito,Día de la Madre,5340
Del Valle,MEX,,12 DEL VALLE,1532,Arroz Blanco Cocido,Arroz Blanco Cocido,Día de la Madre,7680
Del Valle,MEX,,12 DEL VALLE,6204,Salsa Verde UND 🆕,Salsa Verde UND 🆕,Día de la Madre,149
Del Valle,MEX,,12 DEL VALLE,6205,Salsa Roja UND 🆕,Salsa Roja UND 🆕,Día de la Madre,62
Del Valle,MEX,,12 DEL VALLE,1434,Tocineta,Tocineta,Día de la Madre,1134
Del Valle,MEX,,12 DEL VALLE,1245,Almendra Fileteada Insumo,Almendra Fileteada Insumo,Día de la Madre,1455
Del Valle,MEX,,12 DEL VALLE,1304,Croissant Grande,Croissant Grande,Día de la Madre,11
Del Valle,MEX,,12 DEL VALLE,1430,Tapa Bowl Kraft Chico,Tapa Bowl Kraft Chico,Día de la Madre,158
Del Valle,MEX,,12 DEL VALLE,1266,Bowl Kraft Chico,Bowl Kraft Chico,Día de la Madre,156
Del Valle,MEX,,12 DEL VALLE,1431,Tapa Bowl Kraft Grande,Tapa Bowl Kraft Grande,Día de la Madre,262
Del Valle,MEX,,12 DEL VALLE,1267,Bowl Kraft Grande,Bowl Kraft Grande,Día de la Madre,262
Del Valle,MEX,,12 DEL VALLE,1395,Porta Hamburguesa,Porta Hamburguesa,Día de la Madre,28
Del Valle,MEX,,12 DEL VALLE,1271,Caja Lounch,Caja Lounch,Día de la Madre,30
Del Valle,MEX,,12 DEL VALLE,1419,servilletas,servilletas,Día de la Madre,670
Del Valle,MEX,,12 DEL VALLE,1669,Bowl Sopa,Bowl Sopa,Día de la Madre,38
Del Valle,MEX,,12 DEL VALLE,1670,Tapa Bowl Sopa,Tapa Bowl Sopa,Día de la Madre,38
Del Valle,MEX,,12 DEL VALLE,1311,Espinaca,Espinaca,Día de la Madre,1030
Del Valle,MEX,,12 DEL VALLE,2381,Jitomate Saladed,Jitomate Saladed,Día de la Madre,5880
Del Valle,MEX,,12 DEL VALLE,1289,Cilantro Insumo,Cilantro Insumo,Día de la Madre,207
Del Valle,MEX,,12 DEL VALLE,1276,Cebolla Blanca Insumo,Cebolla Blanca Insumo,Día de la Madre,4300
Del Valle,MEX,,12 DEL VALLE,1249,Arandano fresco Insumo,Arandano fresco Insumo,Día de la Madre,1320
Del Valle,MEX,,12 DEL VALLE,1257,Banano Criollo Insumo,Banano Criollo Insumo,Día de la Madre,2952
Del Valle,MEX,,12 DEL VALLE,1312,Fresa Insumo,Fresa Insumo,Día de la Madre,3219
Del Valle,MEX,,12 DEL VALLE,1391,Pina Miel Insumo,Pina Miel Insumo,Día de la Madre,1050
Del Valle,MEX,,12 DEL VALLE,1374,Papaya Maradol Insumo,Papaya Maradol Insumo,Día de la Madre,1050
Del Valle,MEX,,12 DEL VALLE,5319,Frosting Queso Crema y Yogurt,Frosting Queso Crema y Yogurt,Día de la Madre,1320
Del Valle,MEX,,12 DEL VALLE,1303,Crema acida,Crema acida,Día de la Madre,3420
Del Valle,MEX,,12 DEL VALLE,5392,"Salsa ""Del Barça""","Salsa ""Del Barça""",Día de la Madre,1110
Del Valle,MEX,,12 DEL VALLE,3055,Salsa Burger con Jalapeño,Salsa Burger con Jalapeño,Día de la Madre,1100
Del Valle,MEX,,12 DEL VALLE,1362,Miel de maple,Miel de maple,Día de la Madre,12360
Del Valle,MEX,,12 DEL VALLE,1836,Arrachera insumo,Arrachera insumo,Día de la Madre,7810
Del Valle,MEX,,12 DEL VALLE,1491,Totopos,Totopos,Día de la Madre,15000
Del Valle,MEX,,12 DEL VALLE,1511,Salsa Frutos Rojos,Salsa Frutos Rojos,Día de la Madre,320
Del Valle,MEX,,12 DEL VALLE,1039,Jugo de Naranja,Jugo de Naranja,Día de la Madre,123
Del Valle,MEX,,12 DEL VALLE,1117,Porcion de Fruta,Porcion de Fruta,Día de la Madre,14
Del Valle,MEX,,12 DEL VALLE,1493,Guacamole,Guacamole,Día de la Madre,4800
Del Valle,MEX,,12 DEL VALLE,3058,Mezcla mantequilla y aceite,Mezcla mantequilla y aceite,Día de la Madre,890
Del Valle,MEX,,12 DEL VALLE,1503,Avena Preparada,Avena Preparada,Día de la Madre,1980
Del Valle,MEX,,12 DEL VALLE,1516,Pico de Gallo Produccion,Pico de Gallo Produccion,Día de la Madre,1440
Del Valle,MEX,,12 DEL VALLE,1515,Yogurt Griego Preparado,Yogurt Griego Preparado,Día de la Madre,1260
Del Valle,MEX,,12 DEL VALLE,1504,Granola Produccion,Granola Produccion,Día de la Madre,245
Del Valle,MEX,,12 DEL VALLE,1401,Queso Mozzarella,Queso Mozzarella,Día de la Madre,8760
Del Valle,MEX,,12 DEL VALLE,2738,Queso Panela,Queso Panela,Día de la Madre,1334
Del Valle,MEX,,12 DEL VALLE,2540,Pan de Papa Fasfu 100 gr,Pan de Papa Fasfu 100 gr,Día de la Madre,33
Del Valle,MEX,,12 DEL VALLE,1272,Cajeta Insumo,Cajeta Insumo,Día de la Madre,1520
Del Valle,MEX,,12 DEL VALLE,1327,Jamon De Cerdo Insumo,Jamon De Cerdo Insumo,Día de la Madre,1260
Del Valle,MEX,,12 DEL VALLE,1321,Hashbrown McCain,Hashbrown McCain,Día de la Madre,1950
Del Valle,MEX,,12 DEL VALLE,2187,Tarjeta Especial Insumo,Tarjeta Especial Insumo,Día de la Madre,46
Del Valle,MEX,,12 DEL VALLE,1418,Semillas de chia Insumo,Semillas de chia Insumo,Día de la Madre,27
Polanco,MEX,,03 POLANCO,1507,Mezcla Pancakes Tradicionales Liquida,Mezcla Pancakes Tradicionales Liquida,Día de la Madre,69940
Polanco,MEX,,03 POLANCO,1505,Mezcla Pancakes Avena Liquida,Mezcla Pancakes Avena Liquida,Día de la Madre,27540
Polanco,MEX,,03 POLANCO,5444,Chilaquiles verdes toppings default,Chilaquiles verdes toppings default,Día de la Madre,49
Polanco,MEX,,03 POLANCO,5809,Pancakes Tradicionales Nuevos,Pancakes Tradicionales Nuevos,Día de la Madre,77
Polanco,MEX,,03 POLANCO,2189,Tarjeta Dia de las Madres.🌷,Tarjeta Dia de las Madres.🌷,Día de la Madre,84
Polanco,MEX,,03 POLANCO,6403,Pancakes de Cajeta y Plátano. 🆕,Pancakes de Cajeta y Plátano. 🆕,Día de la Madre,63
Polanco,MEX,,03 POLANCO,6218,Croissant de Frutos Rojos,Croissant de Frutos Rojos,Día de la Madre,12
Polanco,MEX,,03 POLANCO,1288,Chorizo Insumo,Chorizo Insumo,Día de la Madre,3600
Polanco,MEX,,03 POLANCO,1471,Frijol Refrito,Frijol Refrito,Día de la Madre,10740
Polanco,MEX,,03 POLANCO,1532,Arroz Blanco Cocido,Arroz Blanco Cocido,Día de la Madre,14160
Polanco,MEX,,03 POLANCO,6204,Salsa Verde UND 🆕,Salsa Verde UND 🆕,Día de la Madre,372
Polanco,MEX,,03 POLANCO,6205,Salsa Roja UND 🆕,Salsa Roja UND 🆕,Día de la Madre,213
Polanco,MEX,,03 POLANCO,1434,Tocineta,Tocineta,Día de la Madre,2814
Polanco,MEX,,03 POLANCO,1245,Almendra Fileteada Insumo,Almendra Fileteada Insumo,Día de la Madre,3135
Polanco,MEX,,03 POLANCO,1304,Croissant Grande,Croissant Grande,Día de la Madre,23
Polanco,MEX,,03 POLANCO,1430,Tapa Bowl Kraft Chico,Tapa Bowl Kraft Chico,Día de la Madre,335
Polanco,MEX,,03 POLANCO,1266,Bowl Kraft Chico,Bowl Kraft Chico,Día de la Madre,332
Polanco,MEX,,03 POLANCO,1431,Tapa Bowl Kraft Grande,Tapa Bowl Kraft Grande,Día de la Madre,566
Polanco,MEX,,03 POLANCO,1267,Bowl Kraft Grande,Bowl Kraft Grande,Día de la Madre,568
Polanco,MEX,,03 POLANCO,1395,Porta Hamburguesa,Porta Hamburguesa,Día de la Madre,64
Polanco,MEX,,03 POLANCO,1271,Caja Lounch,Caja Lounch,Día de la Madre,73
Polanco,MEX,,03 POLANCO,1419,servilletas,servilletas,Día de la Madre,1401
Polanco,MEX,,03 POLANCO,1669,Bowl Sopa,Bowl Sopa,Día de la Madre,101
Polanco,MEX,,03 POLANCO,1670,Tapa Bowl Sopa,Tapa Bowl Sopa,Día de la Madre,101
Polanco,MEX,,03 POLANCO,1311,Espinaca,Espinaca,Día de la Madre,2230
Polanco,MEX,,03 POLANCO,2381,Jitomate Saladed,Jitomate Saladed,Día de la Madre,13860
Polanco,MEX,,03 POLANCO,1289,Cilantro Insumo,Cilantro Insumo,Día de la Madre,450
Polanco,MEX,,03 POLANCO,1276,Cebolla Blanca Insumo,Cebolla Blanca Insumo,Día de la Madre,8440
Polanco,MEX,,03 POLANCO,1249,Arandano fresco Insumo,Arandano fresco Insumo,Día de la Madre,2460
Polanco,MEX,,03 POLANCO,1257,Banano Criollo Insumo,Banano Criollo Insumo,Día de la Madre,6696
Polanco,MEX,,03 POLANCO,1312,Fresa Insumo,Fresa Insumo,Día de la Madre,8029
Polanco,MEX,,03 POLANCO,1391,Pina Miel Insumo,Pina Miel Insumo,Día de la Madre,3570
Polanco,MEX,,03 POLANCO,1374,Papaya Maradol Insumo,Papaya Maradol Insumo,Día de la Madre,3570
Polanco,MEX,,03 POLANCO,5319,Frosting Queso Crema y Yogurt,Frosting Queso Crema y Yogurt,Día de la Madre,2320
Polanco,MEX,,03 POLANCO,1303,Crema acida,Crema acida,Día de la Madre,7830
Polanco,MEX,,03 POLANCO,5392,"Salsa ""Del Barça""","Salsa ""Del Barça""",Día de la Madre,1830
Polanco,MEX,,03 POLANCO,3055,Salsa Burger con Jalapeño,Salsa Burger con Jalapeño,Día de la Madre,2180
Polanco,MEX,,03 POLANCO,1362,Miel de maple,Miel de maple,Día de la Madre,22530
Polanco,MEX,,03 POLANCO,1836,Arrachera insumo,Arrachera insumo,Día de la Madre,14960
Polanco,MEX,,03 POLANCO,1491,Totopos,Totopos,Día de la Madre,41200
Polanco,MEX,,03 POLANCO,1511,Salsa Frutos Rojos,Salsa Frutos Rojos,Día de la Madre,400
Polanco,MEX,,03 POLANCO,1039,Jugo de Naranja,Jugo de Naranja,Día de la Madre,246
Polanco,MEX,,03 POLANCO,1117,Porcion de Fruta,Porcion de Fruta,Día de la Madre,38
Polanco,MEX,,03 POLANCO,1493,Guacamole,Guacamole,Día de la Madre,9650
Polanco,MEX,,03 POLANCO,3058,Mezcla mantequilla y aceite,Mezcla mantequilla y aceite,Día de la Madre,1700
Polanco,MEX,,03 POLANCO,1503,Avena Preparada,Avena Preparada,Día de la Madre,6300
Polanco,MEX,,03 POLANCO,1516,Pico de Gallo Produccion,Pico de Gallo Produccion,Día de la Madre,3320
Polanco,MEX,,03 POLANCO,1515,Yogurt Griego Preparado,Yogurt Griego Preparado,Día de la Madre,2700
Polanco,MEX,,03 POLANCO,1504,Granola Produccion,Granola Produccion,Día de la Madre,595
Polanco,MEX,,03 POLANCO,1401,Queso Mozzarella,Queso Mozzarella,Día de la Madre,19800
Polanco,MEX,,03 POLANCO,2738,Queso Panela,Queso Panela,Día de la Madre,3013
Polanco,MEX,,03 POLANCO,2540,Pan de Papa Fasfu 100 gr,Pan de Papa Fasfu 100 gr,Día de la Madre,66
Polanco,MEX,,03 POLANCO,1272,Cajeta Insumo,Cajeta Insumo,Día de la Madre,2760
Polanco,MEX,,03 POLANCO,1327,Jamon De Cerdo Insumo,Jamon De Cerdo Insumo,Día de la Madre,3780
Polanco,MEX,,03 POLANCO,1321,Hashbrown McCain,Hashbrown McCain,Día de la Madre,3900
Polanco,MEX,,03 POLANCO,2187,Tarjeta Especial Insumo,Tarjeta Especial Insumo,Día de la Madre,84
Polanco,MEX,,03 POLANCO,1418,Semillas de chia Insumo,Semillas de chia Insumo,Día de la Madre,70
San Angel,MEX,,02 SAN ANGEL,1507,Mezcla Pancakes Tradicionales Liquida,Mezcla Pancakes Tradicionales Liquida,Día de la Madre,19500
San Angel,MEX,,02 SAN ANGEL,1505,Mezcla Pancakes Avena Liquida,Mezcla Pancakes Avena Liquida,Día de la Madre,8370
San Angel,MEX,,02 SAN ANGEL,5444,Chilaquiles verdes toppings default,Chilaquiles verdes toppings default,Día de la Madre,13
San Angel,MEX,,02 SAN ANGEL,5809,Pancakes Tradicionales Nuevos,Pancakes Tradicionales Nuevos,Día de la Madre,20
San Angel,MEX,,02 SAN ANGEL,2189,Tarjeta Dia de las Madres.🌷,Tarjeta Dia de las Madres.🌷,Día de la Madre,21
San Angel,MEX,,02 SAN ANGEL,6403,Pancakes de Cajeta y Plátano. 🆕,Pancakes de Cajeta y Plátano. 🆕,Día de la Madre,16
San Angel,MEX,,02 SAN ANGEL,6218,Croissant de Frutos Rojos,Croissant de Frutos Rojos,Día de la Madre,3
San Angel,MEX,,02 SAN ANGEL,1288,Chorizo Insumo,Chorizo Insumo,Día de la Madre,1360
San Angel,MEX,,02 SAN ANGEL,1471,Frijol Refrito,Frijol Refrito,Día de la Madre,4080
San Angel,MEX,,02 SAN ANGEL,1532,Arroz Blanco Cocido,Arroz Blanco Cocido,Día de la Madre,5480
San Angel,MEX,,02 SAN ANGEL,6204,Salsa Verde UND 🆕,Salsa Verde UND 🆕,Día de la Madre,144
San Angel,MEX,,02 SAN ANGEL,6205,Salsa Roja UND 🆕,Salsa Roja UND 🆕,Día de la Madre,63
San Angel,MEX,,02 SAN ANGEL,1434,Tocineta,Tocineta,Día de la Madre,1092
San Angel,MEX,,02 SAN ANGEL,1245,Almendra Fileteada Insumo,Almendra Fileteada Insumo,Día de la Madre,1275
San Angel,MEX,,02 SAN ANGEL,1304,Croissant Grande,Croissant Grande,Día de la Madre,9
San Angel,MEX,,02 SAN ANGEL,1430,Tapa Bowl Kraft Chico,Tapa Bowl Kraft Chico,Día de la Madre,131
San Angel,MEX,,02 SAN ANGEL,1266,Bowl Kraft Chico,Bowl Kraft Chico,Día de la Madre,130
San Angel,MEX,,02 SAN ANGEL,1431,Tapa Bowl Kraft Grande,Tapa Bowl Kraft Grande,Día de la Madre,185
San Angel,MEX,,02 SAN ANGEL,1267,Bowl Kraft Grande,Bowl Kraft Grande,Día de la Madre,185
San Angel,MEX,,02 SAN ANGEL,1395,Porta Hamburguesa,Porta Hamburguesa,Día de la Madre,24
San Angel,MEX,,02 SAN ANGEL,1271,Caja Lounch,Caja Lounch,Día de la Madre,24
San Angel,MEX,,02 SAN ANGEL,1419,servilletas,servilletas,Día de la Madre,523
San Angel,MEX,,02 SAN ANGEL,1669,Bowl Sopa,Bowl Sopa,Día de la Madre,39
San Angel,MEX,,02 SAN ANGEL,1670,Tapa Bowl Sopa,Tapa Bowl Sopa,Día de la Madre,39
San Angel,MEX,,02 SAN ANGEL,1311,Espinaca,Espinaca,Día de la Madre,820
San Angel,MEX,,02 SAN ANGEL,2381,Jitomate Saladed,Jitomate Saladed,Día de la Madre,5285
San Angel,MEX,,02 SAN ANGEL,1289,Cilantro Insumo,Cilantro Insumo,Día de la Madre,146
San Angel,MEX,,02 SAN ANGEL,1276,Cebolla Blanca Insumo,Cebolla Blanca Insumo,Día de la Madre,3580
San Angel,MEX,,02 SAN ANGEL,1249,Arandano fresco Insumo,Arandano fresco Insumo,Día de la Madre,760
San Angel,MEX,,02 SAN ANGEL,1257,Banano Criollo Insumo,Banano Criollo Insumo,Día de la Madre,2448
San Angel,MEX,,02 SAN ANGEL,1312,Fresa Insumo,Fresa Insumo,Día de la Madre,3256
San Angel,MEX,,02 SAN ANGEL,1391,Pina Miel Insumo,Pina Miel Insumo,Día de la Madre,1330
San Angel,MEX,,02 SAN ANGEL,1374,Papaya Maradol Insumo,Papaya Maradol Insumo,Día de la Madre,1330
San Angel,MEX,,02 SAN ANGEL,5319,Frosting Queso Crema y Yogurt,Frosting Queso Crema y Yogurt,Día de la Madre,640
San Angel,MEX,,02 SAN ANGEL,1303,Crema acida,Crema acida,Día de la Madre,2550
San Angel,MEX,,02 SAN ANGEL,5392,"Salsa ""Del Barça""","Salsa ""Del Barça""",Día de la Madre,840
San Angel,MEX,,02 SAN ANGEL,3055,Salsa Burger con Jalapeño,Salsa Burger con Jalapeño,Día de la Madre,920
San Angel,MEX,,02 SAN ANGEL,1362,Miel de maple,Miel de maple,Día de la Madre,6270
San Angel,MEX,,02 SAN ANGEL,1836,Arrachera insumo,Arrachera insumo,Día de la Madre,6490
San Angel,MEX,,02 SAN ANGEL,1491,Totopos,Totopos,Día de la Madre,15300
San Angel,MEX,,02 SAN ANGEL,1511,Salsa Frutos Rojos,Salsa Frutos Rojos,Día de la Madre,160
San Angel,MEX,,02 SAN ANGEL,1039,Jugo de Naranja,Jugo de Naranja,Día de la Madre,80
San Angel,MEX,,02 SAN ANGEL,1117,Porcion de Fruta,Porcion de Fruta,Día de la Madre,14
San Angel,MEX,,02 SAN ANGEL,1493,Guacamole,Guacamole,Día de la Madre,3700
San Angel,MEX,,02 SAN ANGEL,3058,Mezcla mantequilla y aceite,Mezcla mantequilla y aceite,Día de la Madre,790
San Angel,MEX,,02 SAN ANGEL,1503,Avena Preparada,Avena Preparada,Día de la Madre,2700
San Angel,MEX,,02 SAN ANGEL,1516,Pico de Gallo Produccion,Pico de Gallo Produccion,Día de la Madre,1040
San Angel,MEX,,02 SAN ANGEL,1515,Yogurt Griego Preparado,Yogurt Griego Preparado,Día de la Madre,1620
San Angel,MEX,,02 SAN ANGEL,1504,Granola Produccion,Granola Produccion,Día de la Madre,315
San Angel,MEX,,02 SAN ANGEL,1401,Queso Mozzarella,Queso Mozzarella,Día de la Madre,6660
San Angel,MEX,,02 SAN ANGEL,2738,Queso Panela,Queso Panela,Día de la Madre,989
San Angel,MEX,,02 SAN ANGEL,2540,Pan de Papa Fasfu 100 gr,Pan de Papa Fasfu 100 gr,Día de la Madre,27
San Angel,MEX,,02 SAN ANGEL,1272,Cajeta Insumo,Cajeta Insumo,Día de la Madre,800
San Angel,MEX,,02 SAN ANGEL,1327,Jamon De Cerdo Insumo,Jamon De Cerdo Insumo,Día de la Madre,980
San Angel,MEX,,02 SAN ANGEL,1321,Hashbrown McCain,Hashbrown McCain,Día de la Madre,1560
San Angel,MEX,,02 SAN ANGEL,2187,Tarjeta Especial Insumo,Tarjeta Especial Insumo,Día de la Madre,21
San Angel,MEX,,02 SAN ANGEL,1418,Semillas de chia Insumo,Semillas de chia Insumo,Día de la Madre,31
SantaFe,MEX,,04 SANTA FE,1507,Mezcla Pancakes Tradicionales Liquida,Mezcla Pancakes Tradicionales Liquida,Día de la Madre,26260
SantaFe,MEX,,04 SANTA FE,1505,Mezcla Pancakes Avena Liquida,Mezcla Pancakes Avena Liquida,Día de la Madre,10260
SantaFe,MEX,,04 SANTA FE,5444,Chilaquiles verdes toppings default,Chilaquiles verdes toppings default,Día de la Madre,19
SantaFe,MEX,,04 SANTA FE,5809,Pancakes Tradicionales Nuevos,Pancakes Tradicionales Nuevos,Día de la Madre,30
SantaFe,MEX,,04 SANTA FE,2189,Tarjeta Dia de las Madres.🌷,Tarjeta Dia de las Madres.🌷,Día de la Madre,32
SantaFe,MEX,,04 SANTA FE,6403,Pancakes de Cajeta y Plátano. 🆕,Pancakes de Cajeta y Plátano. 🆕,Día de la Madre,24
SantaFe,MEX,,04 SANTA FE,6218,Croissant de Frutos Rojos,Croissant de Frutos Rojos,Día de la Madre,5
SantaFe,MEX,,04 SANTA FE,1288,Chorizo Insumo,Chorizo Insumo,Día de la Madre,1520
SantaFe,MEX,,04 SANTA FE,1471,Frijol Refrito,Frijol Refrito,Día de la Madre,4440
SantaFe,MEX,,04 SANTA FE,1532,Arroz Blanco Cocido,Arroz Blanco Cocido,Día de la Madre,5600
SantaFe,MEX,,04 SANTA FE,6204,Salsa Verde UND 🆕,Salsa Verde UND 🆕,Día de la Madre,122
SantaFe,MEX,,04 SANTA FE,6205,Salsa Roja UND 🆕,Salsa Roja UND 🆕,Día de la Madre,66
SantaFe,MEX,,04 SANTA FE,1434,Tocineta,Tocineta,Día de la Madre,924
SantaFe,MEX,,04 SANTA FE,1245,Almendra Fileteada Insumo,Almendra Fileteada Insumo,Día de la Madre,900
SantaFe,MEX,,04 SANTA FE,1304,Croissant Grande,Croissant Grande,Día de la Madre,9
SantaFe,MEX,,04 SANTA FE,1430,Tapa Bowl Kraft Chico,Tapa Bowl Kraft Chico,Día de la Madre,122
SantaFe,MEX,,04 SANTA FE,1266,Bowl Kraft Chico,Bowl Kraft Chico,Día de la Madre,122
SantaFe,MEX,,04 SANTA FE,1431,Tapa Bowl Kraft Grande,Tapa Bowl Kraft Grande,Día de la Madre,205
SantaFe,MEX,,04 SANTA FE,1267,Bowl Kraft Grande,Bowl Kraft Grande,Día de la Madre,205
SantaFe,MEX,,04 SANTA FE,1395,Porta Hamburguesa,Porta Hamburguesa,Día de la Madre,20
SantaFe,MEX,,04 SANTA FE,1271,Caja Lounch,Caja Lounch,Día de la Madre,23
SantaFe,MEX,,04 SANTA FE,1419,servilletas,servilletas,Día de la Madre,526
SantaFe,MEX,,04 SANTA FE,1669,Bowl Sopa,Bowl Sopa,Día de la Madre,40
SantaFe,MEX,,04 SANTA FE,1670,Tapa Bowl Sopa,Tapa Bowl Sopa,Día de la Madre,40
SantaFe,MEX,,04 SANTA FE,1311,Espinaca,Espinaca,Día de la Madre,660
SantaFe,MEX,,04 SANTA FE,2381,Jitomate Saladed,Jitomate Saladed,Día de la Madre,4165
SantaFe,MEX,,04 SANTA FE,1289,Cilantro Insumo,Cilantro Insumo,Día de la Madre,156
SantaFe,MEX,,04 SANTA FE,1276,Cebolla Blanca Insumo,Cebolla Blanca Insumo,Día de la Madre,3200
SantaFe,MEX,,04 SANTA FE,1249,Arandano fresco Insumo,Arandano fresco Insumo,Día de la Madre,900
SantaFe,MEX,,04 SANTA FE,1257,Banano Criollo Insumo,Banano Criollo Insumo,Día de la Madre,1980
SantaFe,MEX,,04 SANTA FE,1312,Fresa Insumo,Fresa Insumo,Día de la Madre,2368
SantaFe,MEX,,04 SANTA FE,1391,Pina Miel Insumo,Pina Miel Insumo,Día de la Madre,1260
SantaFe,MEX,,04 SANTA FE,1374,Papaya Maradol Insumo,Papaya Maradol Insumo,Día de la Madre,1260
SantaFe,MEX,,04 SANTA FE,5319,Frosting Queso Crema y Yogurt,Frosting Queso Crema y Yogurt,Día de la Madre,960
SantaFe,MEX,,04 SANTA FE,1303,Crema acida,Crema acida,Día de la Madre,2820
SantaFe,MEX,,04 SANTA FE,5392,"Salsa ""Del Barça""","Salsa ""Del Barça""",Día de la Madre,840
SantaFe,MEX,,04 SANTA FE,3055,Salsa Burger con Jalapeño,Salsa Burger con Jalapeño,Día de la Madre,920
SantaFe,MEX,,04 SANTA FE,1362,Miel de maple,Miel de maple,Día de la Madre,8340
SantaFe,MEX,,04 SANTA FE,1836,Arrachera insumo,Arrachera insumo,Día de la Madre,5940
SantaFe,MEX,,04 SANTA FE,1491,Totopos,Totopos,Día de la Madre,14100
SantaFe,MEX,,04 SANTA FE,1511,Salsa Frutos Rojos,Salsa Frutos Rojos,Día de la Madre,200
SantaFe,MEX,,04 SANTA FE,1039,Jugo de Naranja,Jugo de Naranja,Día de la Madre,95
SantaFe,MEX,,04 SANTA FE,1117,Porcion de Fruta,Porcion de Fruta,Día de la Madre,12
SantaFe,MEX,,04 SANTA FE,1493,Guacamole,Guacamole,Día de la Madre,3700
SantaFe,MEX,,04 SANTA FE,3058,Mezcla mantequilla y aceite,Mezcla mantequilla y aceite,Día de la Madre,660
SantaFe,MEX,,04 SANTA FE,1503,Avena Preparada,Avena Preparada,Día de la Madre,1080
SantaFe,MEX,,04 SANTA FE,1516,Pico de Gallo Produccion,Pico de Gallo Produccion,Día de la Madre,960
SantaFe,MEX,,04 SANTA FE,1515,Yogurt Griego Preparado,Yogurt Griego Preparado,Día de la Madre,1440
SantaFe,MEX,,04 SANTA FE,1504,Granola Produccion,Granola Produccion,Día de la Madre,280
SantaFe,MEX,,04 SANTA FE,1401,Queso Mozzarella,Queso Mozzarella,Día de la Madre,7020
SantaFe,MEX,,04 SANTA FE,2738,Queso Panela,Queso Panela,Día de la Madre,1150
SantaFe,MEX,,04 SANTA FE,2540,Pan de Papa Fasfu 100 gr,Pan de Papa Fasfu 100 gr,Día de la Madre,25
SantaFe,MEX,,04 SANTA FE,1272,Cajeta Insumo,Cajeta Insumo,Día de la Madre,1080
SantaFe,MEX,,04 SANTA FE,1327,Jamon De Cerdo Insumo,Jamon De Cerdo Insumo,Día de la Madre,980
SantaFe,MEX,,04 SANTA FE,1321,Hashbrown McCain,Hashbrown McCain,Día de la Madre,3510
SantaFe,MEX,,04 SANTA FE,2187,Tarjeta Especial Insumo,Tarjeta Especial Insumo,Día de la Madre,32
SantaFe,MEX,,04 SANTA FE,1418,Semillas de chia Insumo,Semillas de chia Insumo,Día de la Madre,23
Satelite,MEX,,06 SATELITE,1507,Mezcla Pancakes Tradicionales Liquida,Mezcla Pancakes Tradicionales Liquida,Día de la Madre,19760
Satelite,MEX,,06 SATELITE,1505,Mezcla Pancakes Avena Liquida,Mezcla Pancakes Avena Liquida,Día de la Madre,7560
Satelite,MEX,,06 SATELITE,5444,Chilaquiles verdes toppings default,Chilaquiles verdes toppings default,Día de la Madre,14
Satelite,MEX,,06 SATELITE,5809,Pancakes Tradicionales Nuevos,Pancakes Tradicionales Nuevos,Día de la Madre,21
Satelite,MEX,,06 SATELITE,2189,Tarjeta Dia de las Madres.🌷,Tarjeta Dia de las Madres.🌷,Día de la Madre,23
Satelite,MEX,,06 SATELITE,6403,Pancakes de Cajeta y Plátano. 🆕,Pancakes de Cajeta y Plátano. 🆕,Día de la Madre,18
Satelite,MEX,,06 SATELITE,6218,Croissant de Frutos Rojos,Croissant de Frutos Rojos,Día de la Madre,4
Satelite,MEX,,06 SATELITE,1288,Chorizo Insumo,Chorizo Insumo,Día de la Madre,1760
Satelite,MEX,,06 SATELITE,1471,Frijol Refrito,Frijol Refrito,Día de la Madre,4380
Satelite,MEX,,06 SATELITE,1532,Arroz Blanco Cocido,Arroz Blanco Cocido,Día de la Madre,5160
Satelite,MEX,,06 SATELITE,6204,Salsa Verde UND 🆕,Salsa Verde UND 🆕,Día de la Madre,136
Satelite,MEX,,06 SATELITE,6205,Salsa Roja UND 🆕,Salsa Roja UND 🆕,Día de la Madre,87
Satelite,MEX,,06 SATELITE,1434,Tocineta,Tocineta,Día de la Madre,924
Satelite,MEX,,06 SATELITE,1245,Almendra Fileteada Insumo,Almendra Fileteada Insumo,Día de la Madre,630
Satelite,MEX,,06 SATELITE,1304,Croissant Grande,Croissant Grande,Día de la Madre,8
Satelite,MEX,,06 SATELITE,1430,Tapa Bowl Kraft Chico,Tapa Bowl Kraft Chico,Día de la Madre,89
Satelite,MEX,,06 SATELITE,1266,Bowl Kraft Chico,Bowl Kraft Chico,Día de la Madre,88
Satelite,MEX,,06 SATELITE,1431,Tapa Bowl Kraft Grande,Tapa Bowl Kraft Grande,Día de la Madre,168
Satelite,MEX,,06 SATELITE,1267,Bowl Kraft Grande,Bowl Kraft Grande,Día de la Madre,169
Satelite,MEX,,06 SATELITE,1395,Porta Hamburguesa,Porta Hamburguesa,Día de la Madre,23
Satelite,MEX,,06 SATELITE,1271,Caja Lounch,Caja Lounch,Día de la Madre,20
Satelite,MEX,,06 SATELITE,1419,servilletas,servilletas,Día de la Madre,435
Satelite,MEX,,06 SATELITE,1669,Bowl Sopa,Bowl Sopa,Día de la Madre,34
Satelite,MEX,,06 SATELITE,1670,Tapa Bowl Sopa,Tapa Bowl Sopa,Día de la Madre,34
Satelite,MEX,,06 SATELITE,1311,Espinaca,Espinaca,Día de la Madre,600
Satelite,MEX,,06 SATELITE,2381,Jitomate Saladed,Jitomate Saladed,Día de la Madre,3535
Satelite,MEX,,06 SATELITE,1289,Cilantro Insumo,Cilantro Insumo,Día de la Madre,116
Satelite,MEX,,06 SATELITE,1276,Cebolla Blanca Insumo,Cebolla Blanca Insumo,Día de la Madre,2160
Satelite,MEX,,06 SATELITE,1249,Arandano fresco Insumo,Arandano fresco Insumo,Día de la Madre,700
Satelite,MEX,,06 SATELITE,1257,Banano Criollo Insumo,Banano Criollo Insumo,Día de la Madre,1584
Satelite,MEX,,06 SATELITE,1312,Fresa Insumo,Fresa Insumo,Día de la Madre,2035
Satelite,MEX,,06 SATELITE,1391,Pina Miel Insumo,Pina Miel Insumo,Día de la Madre,1260
Satelite,MEX,,06 SATELITE,1374,Papaya Maradol Insumo,Papaya Maradol Insumo,Día de la Madre,1260
Satelite,MEX,,06 SATELITE,5319,Frosting Queso Crema y Yogurt,Frosting Queso Crema y Yogurt,Día de la Madre,680
Satelite,MEX,,06 SATELITE,1303,Crema acida,Crema acida,Día de la Madre,2400
Satelite,MEX,,06 SATELITE,5392,"Salsa ""Del Barça""","Salsa ""Del Barça""",Día de la Madre,900
Satelite,MEX,,06 SATELITE,3055,Salsa Burger con Jalapeño,Salsa Burger con Jalapeño,Día de la Madre,700
Satelite,MEX,,06 SATELITE,1362,Miel de maple,Miel de maple,Día de la Madre,6180
Satelite,MEX,,06 SATELITE,1836,Arrachera insumo,Arrachera insumo,Día de la Madre,5610
Satelite,MEX,,06 SATELITE,1491,Totopos,Totopos,Día de la Madre,14800
Satelite,MEX,,06 SATELITE,1511,Salsa Frutos Rojos,Salsa Frutos Rojos,Día de la Madre,200
Satelite,MEX,,06 SATELITE,1039,Jugo de Naranja,Jugo de Naranja,Día de la Madre,66
Satelite,MEX,,06 SATELITE,1117,Porcion de Fruta,Porcion de Fruta,Día de la Madre,10
Satelite,MEX,,06 SATELITE,1493,Guacamole,Guacamole,Día de la Madre,3900
Satelite,MEX,,06 SATELITE,3058,Mezcla mantequilla y aceite,Mezcla mantequilla y aceite,Día de la Madre,500
Satelite,MEX,,06 SATELITE,1503,Avena Preparada,Avena Preparada,Día de la Madre,720
Satelite,MEX,,06 SATELITE,1516,Pico de Gallo Produccion,Pico de Gallo Produccion,Día de la Madre,800
Satelite,MEX,,06 SATELITE,1515,Yogurt Griego Preparado,Yogurt Griego Preparado,Día de la Madre,1260
Satelite,MEX,,06 SATELITE,1504,Granola Produccion,Granola Produccion,Día de la Madre,245
Satelite,MEX,,06 SATELITE,1401,Queso Mozzarella,Queso Mozzarella,Día de la Madre,6780
Satelite,MEX,,06 SATELITE,2738,Queso Panela,Queso Panela,Día de la Madre,920
Satelite,MEX,,06 SATELITE,2540,Pan de Papa Fasfu 100 gr,Pan de Papa Fasfu 100 gr,Día de la Madre,21
Satelite,MEX,,06 SATELITE,1272,Cajeta Insumo,Cajeta Insumo,Día de la Madre,800
Satelite,MEX,,06 SATELITE,1327,Jamon De Cerdo Insumo,Jamon De Cerdo Insumo,Día de la Madre,880
Satelite,MEX,,06 SATELITE,1321,Hashbrown McCain,Hashbrown McCain,Día de la Madre,910
Satelite,MEX,,06 SATELITE,2187,Tarjeta Especial Insumo,Tarjeta Especial Insumo,Día de la Madre,23
Satelite,MEX,,06 SATELITE,1418,Semillas de chia Insumo,Semillas de chia Insumo,Día de la Madre,21
Ciudad Judicial,MEX,,26 CIUDAD JUDICIAL,1507,Mezcla Pancakes Tradicionales Liquida,Mezcla Pancakes Tradicionales Liquida,Día de la Madre,19240
Ciudad Judicial,MEX,,26 CIUDAD JUDICIAL,1505,Mezcla Pancakes Avena Liquida,Mezcla Pancakes Avena Liquida,Día de la Madre,7020
Ciudad Judicial,MEX,,26 CIUDAD JUDICIAL,5444,Chilaquiles verdes toppings default,Chilaquiles verdes toppings default,Día de la Madre,14
Ciudad Judicial,MEX,,26 CIUDAD JUDICIAL,5809,Pancakes Tradicionales Nuevos,Pancakes Tradicionales Nuevos,Día de la Madre,21
Ciudad Judicial,MEX,,26 CIUDAD JUDICIAL,2189,Tarjeta Dia de las Madres.🌷,Tarjeta Dia de las Madres.🌷,Día de la Madre,23
Ciudad Judicial,MEX,,26 CIUDAD JUDICIAL,6403,Pancakes de Cajeta y Plátano. 🆕,Pancakes de Cajeta y Plátano. 🆕,Día de la Madre,17
Ciudad Judicial,MEX,,26 CIUDAD JUDICIAL,6218,Croissant de Frutos Rojos,Croissant de Frutos Rojos,Día de la Madre,3
Ciudad Judicial,MEX,,26 CIUDAD JUDICIAL,1288,Chorizo Insumo,Chorizo Insumo,Día de la Madre,960
Ciudad Judicial,MEX,,26 CIUDAD JUDICIAL,1471,Frijol Refrito,Frijol Refrito,Día de la Madre,3120
Ciudad Judicial,MEX,,26 CIUDAD JUDICIAL,1532,Arroz Blanco Cocido,Arroz Blanco Cocido,Día de la Madre,4200
Ciudad Judicial,MEX,,26 CIUDAD JUDICIAL,6204,Salsa Verde UND 🆕,Salsa Verde UND 🆕,Día de la Madre,93
Ciudad Judicial,MEX,,26 CIUDAD JUDICIAL,6205,Salsa Roja UND 🆕,Salsa Roja UND 🆕,Día de la Madre,62
Ciudad Judicial,MEX,,26 CIUDAD JUDICIAL,1434,Tocineta,Tocineta,Día de la Madre,588
Ciudad Judicial,MEX,,26 CIUDAD JUDICIAL,1245,Almendra Fileteada Insumo,Almendra Fileteada Insumo,Día de la Madre,780
Ciudad Judicial,MEX,,26 CIUDAD JUDICIAL,1304,Croissant Grande,Croissant Grande,Día de la Madre,7
Ciudad Judicial,MEX,,26 CIUDAD JUDICIAL,1430,Tapa Bowl Kraft Chico,Tapa Bowl Kraft Chico,Día de la Madre,77
Ciudad Judicial,MEX,,26 CIUDAD JUDICIAL,1266,Bowl Kraft Chico,Bowl Kraft Chico,Día de la Madre,76
Ciudad Judicial,MEX,,26 CIUDAD JUDICIAL,1431,Tapa Bowl Kraft Grande,Tapa Bowl Kraft Grande,Día de la Madre,147
Ciudad Judicial,MEX,,26 CIUDAD JUDICIAL,1267,Bowl Kraft Grande,Bowl Kraft Grande,Día de la Madre,147
Ciudad Judicial,MEX,,26 CIUDAD JUDICIAL,1395,Porta Hamburguesa,Porta Hamburguesa,Día de la Madre,9
Ciudad Judicial,MEX,,26 CIUDAD JUDICIAL,1271,Caja Lounch,Caja Lounch,Día de la Madre,14
Ciudad Judicial,MEX,,26 CIUDAD JUDICIAL,1419,servilletas,servilletas,Día de la Madre,365
Ciudad Judicial,MEX,,26 CIUDAD JUDICIAL,1669,Bowl Sopa,Bowl Sopa,Día de la Madre,27
Ciudad Judicial,MEX,,26 CIUDAD JUDICIAL,1670,Tapa Bowl Sopa,Tapa Bowl Sopa,Día de la Madre,27
Ciudad Judicial,MEX,,26 CIUDAD JUDICIAL,1311,Espinaca,Espinaca,Día de la Madre,390
Ciudad Judicial,MEX,,26 CIUDAD JUDICIAL,2381,Jitomate Saladed,Jitomate Saladed,Día de la Madre,3115
Ciudad Judicial,MEX,,26 CIUDAD JUDICIAL,1289,Cilantro Insumo,Cilantro Insumo,Día de la Madre,115
Ciudad Judicial,MEX,,26 CIUDAD JUDICIAL,1276,Cebolla Blanca Insumo,Cebolla Blanca Insumo,Día de la Madre,2220
Ciudad Judicial,MEX,,26 CIUDAD JUDICIAL,1249,Arandano fresco Insumo,Arandano fresco Insumo,Día de la Madre,680
Ciudad Judicial,MEX,,26 CIUDAD JUDICIAL,1257,Banano Criollo Insumo,Banano Criollo Insumo,Día de la Madre,1512
Ciudad Judicial,MEX,,26 CIUDAD JUDICIAL,1312,Fresa Insumo,Fresa Insumo,Día de la Madre,1517
Ciudad Judicial,MEX,,26 CIUDAD JUDICIAL,1391,Pina Miel Insumo,Pina Miel Insumo,Día de la Madre,630
Ciudad Judicial,MEX,,26 CIUDAD JUDICIAL,1374,Papaya Maradol Insumo,Papaya Maradol Insumo,Día de la Madre,630
Ciudad Judicial,MEX,,26 CIUDAD JUDICIAL,5319,Frosting Queso Crema y Yogurt,Frosting Queso Crema y Yogurt,Día de la Madre,640
Ciudad Judicial,MEX,,26 CIUDAD JUDICIAL,1303,Crema acida,Crema acida,Día de la Madre,2010
Ciudad Judicial,MEX,,26 CIUDAD JUDICIAL,5392,"Salsa ""Del Barça""","Salsa ""Del Barça""",Día de la Madre,810
Ciudad Judicial,MEX,,26 CIUDAD JUDICIAL,3055,Salsa Burger con Jalapeño,Salsa Burger con Jalapeño,Día de la Madre,340
Ciudad Judicial,MEX,,26 CIUDAD JUDICIAL,1362,Miel de maple,Miel de maple,Día de la Madre,5940
Ciudad Judicial,MEX,,26 CIUDAD JUDICIAL,1836,Arrachera insumo,Arrachera insumo,Día de la Madre,5060
Ciudad Judicial,MEX,,26 CIUDAD JUDICIAL,1491,Totopos,Totopos,Día de la Madre,11900
Ciudad Judicial,MEX,,26 CIUDAD JUDICIAL,1511,Salsa Frutos Rojos,Salsa Frutos Rojos,Día de la Madre,160
Ciudad Judicial,MEX,,26 CIUDAD JUDICIAL,1039,Jugo de Naranja,Jugo de Naranja,Día de la Madre,62
Ciudad Judicial,MEX,,26 CIUDAD JUDICIAL,1117,Porcion de Fruta,Porcion de Fruta,Día de la Madre,7
Ciudad Judicial,MEX,,26 CIUDAD JUDICIAL,1493,Guacamole,Guacamole,Día de la Madre,2850
Ciudad Judicial,MEX,,26 CIUDAD JUDICIAL,3058,Mezcla mantequilla y aceite,Mezcla mantequilla y aceite,Día de la Madre,330
Ciudad Judicial,MEX,,26 CIUDAD JUDICIAL,1503,Avena Preparada,Avena Preparada,Día de la Madre,1440
Ciudad Judicial,MEX,,26 CIUDAD JUDICIAL,1516,Pico de Gallo Produccion,Pico de Gallo Produccion,Día de la Madre,560
Ciudad Judicial,MEX,,26 CIUDAD JUDICIAL,1515,Yogurt Griego Preparado,Yogurt Griego Preparado,Día de la Madre,1260
Ciudad Judicial,MEX,,26 CIUDAD JUDICIAL,1504,Granola Produccion,Granola Produccion,Día de la Madre,245
Ciudad Judicial,MEX,,26 CIUDAD JUDICIAL,1401,Queso Mozzarella,Queso Mozzarella,Día de la Madre,4380
Ciudad Judicial,MEX,,26 CIUDAD JUDICIAL,2738,Queso Panela,Queso Panela,Día de la Madre,828
Ciudad Judicial,MEX,,26 CIUDAD JUDICIAL,2540,Pan de Papa Fasfu 100 gr,Pan de Papa Fasfu 100 gr,Día de la Madre,11
Ciudad Judicial,MEX,,26 CIUDAD JUDICIAL,1272,Cajeta Insumo,Cajeta Insumo,Día de la Madre,800
Ciudad Judicial,MEX,,26 CIUDAD JUDICIAL,1327,Jamon De Cerdo Insumo,Jamon De Cerdo Insumo,Día de la Madre,400
Ciudad Judicial,MEX,,26 CIUDAD JUDICIAL,1321,Hashbrown McCain,Hashbrown McCain,Día de la Madre,650
Ciudad Judicial,MEX,,26 CIUDAD JUDICIAL,2187,Tarjeta Especial Insumo,Tarjeta Especial Insumo,Día de la Madre,23
Ciudad Judicial,MEX,,26 CIUDAD JUDICIAL,1418,Semillas de chia Insumo,Semillas de chia Insumo,Día de la Madre,21
Volcanes,MEX,,41 VOLCANES,1507,Mezcla Pancakes Tradicionales Liquida,Mezcla Pancakes Tradicionales Liquida,Día de la Madre,7800
Volcanes,MEX,,41 VOLCANES,1505,Mezcla Pancakes Avena Liquida,Mezcla Pancakes Avena Liquida,Día de la Madre,3780
Volcanes,MEX,,41 VOLCANES,5444,Chilaquiles verdes toppings default,Chilaquiles verdes toppings default,Día de la Madre,6
Volcanes,MEX,,41 VOLCANES,5809,Pancakes Tradicionales Nuevos,Pancakes Tradicionales Nuevos,Día de la Madre,7
Volcanes,MEX,,41 VOLCANES,2189,Tarjeta Dia de las Madres.🌷,Tarjeta Dia de las Madres.🌷,Día de la Madre,7
Volcanes,MEX,,41 VOLCANES,6403,Pancakes de Cajeta y Plátano. 🆕,Pancakes de Cajeta y Plátano. 🆕,Día de la Madre,5
Volcanes,MEX,,41 VOLCANES,6218,Croissant de Frutos Rojos,Croissant de Frutos Rojos,Día de la Madre,1
Volcanes,MEX,,41 VOLCANES,1288,Chorizo Insumo,Chorizo Insumo,Día de la Madre,1200
Volcanes,MEX,,41 VOLCANES,1471,Frijol Refrito,Frijol Refrito,Día de la Madre,4020
Volcanes,MEX,,41 VOLCANES,1532,Arroz Blanco Cocido,Arroz Blanco Cocido,Día de la Madre,5880
Volcanes,MEX,,41 VOLCANES,6204,Salsa Verde UND 🆕,Salsa Verde UND 🆕,Día de la Madre,83
Volcanes,MEX,,41 VOLCANES,6205,Salsa Roja UND 🆕,Salsa Roja UND 🆕,Día de la Madre,65
Volcanes,MEX,,41 VOLCANES,1434,Tocineta,Tocineta,Día de la Madre,924
Volcanes,MEX,,41 VOLCANES,1245,Almendra Fileteada Insumo,Almendra Fileteada Insumo,Día de la Madre,915
Volcanes,MEX,,41 VOLCANES,1304,Croissant Grande,Croissant Grande,Día de la Madre,6
Volcanes,MEX,,41 VOLCANES,1430,Tapa Bowl Kraft Chico,Tapa Bowl Kraft Chico,Día de la Madre,116
Volcanes,MEX,,41 VOLCANES,1266,Bowl Kraft Chico,Bowl Kraft Chico,Día de la Madre,115
Volcanes,MEX,,41 VOLCANES,1431,Tapa Bowl Kraft Grande,Tapa Bowl Kraft Grande,Día de la Madre,100
Volcanes,MEX,,41 VOLCANES,1267,Bowl Kraft Grande,Bowl Kraft Grande,Día de la Madre,101
Volcanes,MEX,,41 VOLCANES,1395,Porta Hamburguesa,Porta Hamburguesa,Día de la Madre,26
Volcanes,MEX,,41 VOLCANES,1271,Caja Lounch,Caja Lounch,Día de la Madre,15
Volcanes,MEX,,41 VOLCANES,1419,servilletas,servilletas,Día de la Madre,412
Volcanes,MEX,,41 VOLCANES,1669,Bowl Sopa,Bowl Sopa,Día de la Madre,33
Volcanes,MEX,,41 VOLCANES,1670,Tapa Bowl Sopa,Tapa Bowl Sopa,Día de la Madre,33
Volcanes,MEX,,41 VOLCANES,1311,Espinaca,Espinaca,Día de la Madre,640
Volcanes,MEX,,41 VOLCANES,2381,Jitomate Saladed,Jitomate Saladed,Día de la Madre,4725
Volcanes,MEX,,41 VOLCANES,1289,Cilantro Insumo,Cilantro Insumo,Día de la Madre,140
Volcanes,MEX,,41 VOLCANES,1276,Cebolla Blanca Insumo,Cebolla Blanca Insumo,Día de la Madre,3320
Volcanes,MEX,,41 VOLCANES,1249,Arandano fresco Insumo,Arandano fresco Insumo,Día de la Madre,360
Volcanes,MEX,,41 VOLCANES,1257,Banano Criollo Insumo,Banano Criollo Insumo,Día de la Madre,1188
Volcanes,MEX,,41 VOLCANES,1312,Fresa Insumo,Fresa Insumo,Día de la Madre,1443
Volcanes,MEX,,41 VOLCANES,1391,Pina Miel Insumo,Pina Miel Insumo,Día de la Madre,490
Volcanes,MEX,,41 VOLCANES,1374,Papaya Maradol Insumo,Papaya Maradol Insumo,Día de la Madre,490
Volcanes,MEX,,41 VOLCANES,5319,Frosting Queso Crema y Yogurt,Frosting Queso Crema y Yogurt,Día de la Madre,280
Volcanes,MEX,,41 VOLCANES,1303,Crema acida,Crema acida,Día de la Madre,2460
Volcanes,MEX,,41 VOLCANES,5392,"Salsa ""Del Barça""","Salsa ""Del Barça""",Día de la Madre,810
Volcanes,MEX,,41 VOLCANES,3055,Salsa Burger con Jalapeño,Salsa Burger con Jalapeño,Día de la Madre,800
Volcanes,MEX,,41 VOLCANES,1362,Miel de maple,Miel de maple,Día de la Madre,2640
Volcanes,MEX,,41 VOLCANES,1836,Arrachera insumo,Arrachera insumo,Día de la Madre,6270
Volcanes,MEX,,41 VOLCANES,1491,Totopos,Totopos,Día de la Madre,11200
Volcanes,MEX,,41 VOLCANES,1511,Salsa Frutos Rojos,Salsa Frutos Rojos,Día de la Madre,160
Volcanes,MEX,,41 VOLCANES,1039,Jugo de Naranja,Jugo de Naranja,Día de la Madre,36
Volcanes,MEX,,41 VOLCANES,1117,Porcion de Fruta,Porcion de Fruta,Día de la Madre,7
Volcanes,MEX,,41 VOLCANES,1493,Guacamole,Guacamole,Día de la Madre,3500
Volcanes,MEX,,41 VOLCANES,3058,Mezcla mantequilla y aceite,Mezcla mantequilla y aceite,Día de la Madre,630
Volcanes,MEX,,41 VOLCANES,1503,Avena Preparada,Avena Preparada,Día de la Madre,1080
Volcanes,MEX,,41 VOLCANES,1516,Pico de Gallo Produccion,Pico de Gallo Produccion,Día de la Madre,960
Volcanes,MEX,,41 VOLCANES,1515,Yogurt Griego Preparado,Yogurt Griego Preparado,Día de la Madre,1080
Volcanes,MEX,,41 VOLCANES,1504,Granola Produccion,Granola Produccion,Día de la Madre,175
Volcanes,MEX,,41 VOLCANES,1401,Queso Mozzarella,Queso Mozzarella,Día de la Madre,5700
Volcanes,MEX,,41 VOLCANES,2738,Queso Panela,Queso Panela,Día de la Madre,943
Volcanes,MEX,,41 VOLCANES,2540,Pan de Papa Fasfu 100 gr,Pan de Papa Fasfu 100 gr,Día de la Madre,19
Volcanes,MEX,,41 VOLCANES,1272,Cajeta Insumo,Cajeta Insumo,Día de la Madre,360
Volcanes,MEX,,41 VOLCANES,1327,Jamon De Cerdo Insumo,Jamon De Cerdo Insumo,Día de la Madre,640
Volcanes,MEX,,41 VOLCANES,1321,Hashbrown McCain,Hashbrown McCain,Día de la Madre,910
Volcanes,MEX,,41 VOLCANES,2187,Tarjeta Especial Insumo,Tarjeta Especial Insumo,Día de la Madre,7
Volcanes,MEX,,41 VOLCANES,1418,Semillas de chia Insumo,Semillas de chia Insumo,Día de la Madre,23
Montejo,MEX,,31 MONTEJO,1507,Mezcla Pancakes Tradicionales Liquida,Mezcla Pancakes Tradicionales Liquida,Día de la Madre,13520
Montejo,MEX,,31 MONTEJO,1505,Mezcla Pancakes Avena Liquida,Mezcla Pancakes Avena Liquida,Día de la Madre,5670
Montejo,MEX,,31 MONTEJO,5444,Chilaquiles verdes toppings default,Chilaquiles verdes toppings default,Día de la Madre,9
Montejo,MEX,,31 MONTEJO,5809,Pancakes Tradicionales Nuevos,Pancakes Tradicionales Nuevos,Día de la Madre,14
Montejo,MEX,,31 MONTEJO,2189,Tarjeta Dia de las Madres.🌷,Tarjeta Dia de las Madres.🌷,Día de la Madre,14
Montejo,MEX,,31 MONTEJO,6403,Pancakes de Cajeta y Plátano. 🆕,Pancakes de Cajeta y Plátano. 🆕,Día de la Madre,11
Montejo,MEX,,31 MONTEJO,6218,Croissant de Frutos Rojos,Croissant de Frutos Rojos,Día de la Madre,2
Montejo,MEX,,31 MONTEJO,1288,Chorizo Insumo,Chorizo Insumo,Día de la Madre,2160
Montejo,MEX,,31 MONTEJO,1471,Frijol Refrito,Frijol Refrito,Día de la Madre,6000
Montejo,MEX,,31 MONTEJO,1532,Arroz Blanco Cocido,Arroz Blanco Cocido,Día de la Madre,7800
Montejo,MEX,,31 MONTEJO,6204,Salsa Verde UND 🆕,Salsa Verde UND 🆕,Día de la Madre,135
Montejo,MEX,,31 MONTEJO,6205,Salsa Roja UND 🆕,Salsa Roja UND 🆕,Día de la Madre,79
Montejo,MEX,,31 MONTEJO,1434,Tocineta,Tocineta,Día de la Madre,966
Montejo,MEX,,31 MONTEJO,1245,Almendra Fileteada Insumo,Almendra Fileteada Insumo,Día de la Madre,765
Montejo,MEX,,31 MONTEJO,1304,Croissant Grande,Croissant Grande,Día de la Madre,6
Montejo,MEX,,31 MONTEJO,1430,Tapa Bowl Kraft Chico,Tapa Bowl Kraft Chico,Día de la Madre,102
Montejo,MEX,,31 MONTEJO,1266,Bowl Kraft Chico,Bowl Kraft Chico,Día de la Madre,101
Montejo,MEX,,31 MONTEJO,1431,Tapa Bowl Kraft Grande,Tapa Bowl Kraft Grande,Día de la Madre,132
Montejo,MEX,,31 MONTEJO,1267,Bowl Kraft Grande,Bowl Kraft Grande,Día de la Madre,132
Montejo,MEX,,31 MONTEJO,1395,Porta Hamburguesa,Porta Hamburguesa,Día de la Madre,27
Montejo,MEX,,31 MONTEJO,1271,Caja Lounch,Caja Lounch,Día de la Madre,17
Montejo,MEX,,31 MONTEJO,1419,servilletas,servilletas,Día de la Madre,493
Montejo,MEX,,31 MONTEJO,1669,Bowl Sopa,Bowl Sopa,Día de la Madre,36
Montejo,MEX,,31 MONTEJO,1670,Tapa Bowl Sopa,Tapa Bowl Sopa,Día de la Madre,36
Montejo,MEX,,31 MONTEJO,1311,Espinaca,Espinaca,Día de la Madre,580
Montejo,MEX,,31 MONTEJO,2381,Jitomate Saladed,Jitomate Saladed,Día de la Madre,5075
Montejo,MEX,,31 MONTEJO,1289,Cilantro Insumo,Cilantro Insumo,Día de la Madre,169
Montejo,MEX,,31 MONTEJO,1276,Cebolla Blanca Insumo,Cebolla Blanca Insumo,Día de la Madre,3580
Montejo,MEX,,31 MONTEJO,1249,Arandano fresco Insumo,Arandano fresco Insumo,Día de la Madre,480
Montejo,MEX,,31 MONTEJO,1257,Banano Criollo Insumo,Banano Criollo Insumo,Día de la Madre,1368
Montejo,MEX,,31 MONTEJO,1312,Fresa Insumo,Fresa Insumo,Día de la Madre,1332
Montejo,MEX,,31 MONTEJO,1391,Pina Miel Insumo,Pina Miel Insumo,Día de la Madre,560
Montejo,MEX,,31 MONTEJO,1374,Papaya Maradol Insumo,Papaya Maradol Insumo,Día de la Madre,560
Montejo,MEX,,31 MONTEJO,5319,Frosting Queso Crema y Yogurt,Frosting Queso Crema y Yogurt,Día de la Madre,440
Montejo,MEX,,31 MONTEJO,1303,Crema acida,Crema acida,Día de la Madre,2700
Montejo,MEX,,31 MONTEJO,5392,"Salsa ""Del Barça""","Salsa ""Del Barça""",Día de la Madre,1530
Montejo,MEX,,31 MONTEJO,3055,Salsa Burger con Jalapeño,Salsa Burger con Jalapeño,Día de la Madre,720
Montejo,MEX,,31 MONTEJO,1362,Miel de maple,Miel de maple,Día de la Madre,4380
Montejo,MEX,,31 MONTEJO,1836,Arrachera insumo,Arrachera insumo,Día de la Madre,9020
Montejo,MEX,,31 MONTEJO,1491,Totopos,Totopos,Día de la Madre,13800
Montejo,MEX,,31 MONTEJO,1511,Salsa Frutos Rojos,Salsa Frutos Rojos,Día de la Madre,120
Montejo,MEX,,31 MONTEJO,1039,Jugo de Naranja,Jugo de Naranja,Día de la Madre,52
Montejo,MEX,,31 MONTEJO,1117,Porcion de Fruta,Porcion de Fruta,Día de la Madre,12
Montejo,MEX,,31 MONTEJO,1493,Guacamole,Guacamole,Día de la Madre,5650
Montejo,MEX,,31 MONTEJO,3058,Mezcla mantequilla y aceite,Mezcla mantequilla y aceite,Día de la Madre,570
Montejo,MEX,,31 MONTEJO,1503,Avena Preparada,Avena Preparada,Día de la Madre,1080
Montejo,MEX,,31 MONTEJO,1516,Pico de Gallo Produccion,Pico de Gallo Produccion,Día de la Madre,920
Montejo,MEX,,31 MONTEJO,1515,Yogurt Griego Preparado,Yogurt Griego Preparado,Día de la Madre,540
Montejo,MEX,,31 MONTEJO,1504,Granola Produccion,Granola Produccion,Día de la Madre,140
Montejo,MEX,,31 MONTEJO,1401,Queso Mozzarella,Queso Mozzarella,Día de la Madre,8910
Montejo,MEX,,31 MONTEJO,2738,Queso Panela,Queso Panela,Día de la Madre,1058
Montejo,MEX,,31 MONTEJO,2540,Pan de Papa Fasfu 100 gr,Pan de Papa Fasfu 100 gr,Día de la Madre,19
Montejo,MEX,,31 MONTEJO,1272,Cajeta Insumo,Cajeta Insumo,Día de la Madre,560
Montejo,MEX,,31 MONTEJO,1327,Jamon De Cerdo Insumo,Jamon De Cerdo Insumo,Día de la Madre,680
Montejo,MEX,,31 MONTEJO,1321,Hashbrown McCain,Hashbrown McCain,Día de la Madre,1560
Montejo,MEX,,31 MONTEJO,2187,Tarjeta Especial Insumo,Tarjeta Especial Insumo,Día de la Madre,14
Montejo,MEX,,31 MONTEJO,1418,Semillas de chia Insumo,Semillas de chia Insumo,Día de la Madre,11
Canek,MEX,,37 CANEK,1507,Mezcla Pancakes Tradicionales Liquida,Mezcla Pancakes Tradicionales Liquida,Día de la Madre,5980
Canek,MEX,,37 CANEK,1505,Mezcla Pancakes Avena Liquida,Mezcla Pancakes Avena Liquida,Día de la Madre,2160
Canek,MEX,,37 CANEK,5444,Chilaquiles verdes toppings default,Chilaquiles verdes toppings default,Día de la Madre,3
Canek,MEX,,37 CANEK,5809,Pancakes Tradicionales Nuevos,Pancakes Tradicionales Nuevos,Día de la Madre,5
Canek,MEX,,37 CANEK,2189,Tarjeta Dia de las Madres.🌷,Tarjeta Dia de las Madres.🌷,Día de la Madre,3
Canek,MEX,,37 CANEK,6403,Pancakes de Cajeta y Plátano. 🆕,Pancakes de Cajeta y Plátano. 🆕,Día de la Madre,3
Canek,MEX,,37 CANEK,6218,Croissant de Frutos Rojos,Croissant de Frutos Rojos,Día de la Madre,1
Canek,MEX,,37 CANEK,1288,Chorizo Insumo,Chorizo Insumo,Día de la Madre,880
Canek,MEX,,37 CANEK,1471,Frijol Refrito,Frijol Refrito,Día de la Madre,3900
Canek,MEX,,37 CANEK,1532,Arroz Blanco Cocido,Arroz Blanco Cocido,Día de la Madre,5360
Canek,MEX,,37 CANEK,6204,Salsa Verde UND 🆕,Salsa Verde UND 🆕,Día de la Madre,101
Canek,MEX,,37 CANEK,6205,Salsa Roja UND 🆕,Salsa Roja UND 🆕,Día de la Madre,74
Canek,MEX,,37 CANEK,1434,Tocineta,Tocineta,Día de la Madre,798
Canek,MEX,,37 CANEK,1245,Almendra Fileteada Insumo,Almendra Fileteada Insumo,Día de la Madre,435
Canek,MEX,,37 CANEK,1304,Croissant Grande,Croissant Grande,Día de la Madre,3
Canek,MEX,,37 CANEK,1430,Tapa Bowl Kraft Chico,Tapa Bowl Kraft Chico,Día de la Madre,73
Canek,MEX,,37 CANEK,1266,Bowl Kraft Chico,Bowl Kraft Chico,Día de la Madre,73
Canek,MEX,,37 CANEK,1431,Tapa Bowl Kraft Grande,Tapa Bowl Kraft Grande,Día de la Madre,90
Canek,MEX,,37 CANEK,1267,Bowl Kraft Grande,Bowl Kraft Grande,Día de la Madre,90
Canek,MEX,,37 CANEK,1395,Porta Hamburguesa,Porta Hamburguesa,Día de la Madre,22
Canek,MEX,,37 CANEK,1271,Caja Lounch,Caja Lounch,Día de la Madre,11
Canek,MEX,,37 CANEK,1419,servilletas,servilletas,Día de la Madre,344
Canek,MEX,,37 CANEK,1669,Bowl Sopa,Bowl Sopa,Día de la Madre,25
Canek,MEX,,37 CANEK,1670,Tapa Bowl Sopa,Tapa Bowl Sopa,Día de la Madre,25
Canek,MEX,,37 CANEK,1311,Espinaca,Espinaca,Día de la Madre,350
Canek,MEX,,37 CANEK,2381,Jitomate Saladed,Jitomate Saladed,Día de la Madre,3605
Canek,MEX,,37 CANEK,1289,Cilantro Insumo,Cilantro Insumo,Día de la Madre,123
Canek,MEX,,37 CANEK,1276,Cebolla Blanca Insumo,Cebolla Blanca Insumo,Día de la Madre,3300
Canek,MEX,,37 CANEK,1249,Arandano fresco Insumo,Arandano fresco Insumo,Día de la Madre,260
Canek,MEX,,37 CANEK,1257,Banano Criollo Insumo,Banano Criollo Insumo,Día de la Madre,720
Canek,MEX,,37 CANEK,1312,Fresa Insumo,Fresa Insumo,Día de la Madre,1110
Canek,MEX,,37 CANEK,1391,Pina Miel Insumo,Pina Miel Insumo,Día de la Madre,560
Canek,MEX,,37 CANEK,1374,Papaya Maradol Insumo,Papaya Maradol Insumo,Día de la Madre,560
Canek,MEX,,37 CANEK,5319,Frosting Queso Crema y Yogurt,Frosting Queso Crema y Yogurt,Día de la Madre,280
Canek,MEX,,37 CANEK,1303,Crema acida,Crema acida,Día de la Madre,1770
Canek,MEX,,37 CANEK,5392,"Salsa ""Del Barça""","Salsa ""Del Barça""",Día de la Madre,1230
Canek,MEX,,37 CANEK,3055,Salsa Burger con Jalapeño,Salsa Burger con Jalapeño,Día de la Madre,600
Canek,MEX,,37 CANEK,1362,Miel de maple,Miel de maple,Día de la Madre,1800
Canek,MEX,,37 CANEK,1836,Arrachera insumo,Arrachera insumo,Día de la Madre,6380
Canek,MEX,,37 CANEK,1491,Totopos,Totopos,Día de la Madre,11900
Canek,MEX,,37 CANEK,1511,Salsa Frutos Rojos,Salsa Frutos Rojos,Día de la Madre,120
Canek,MEX,,37 CANEK,1039,Jugo de Naranja,Jugo de Naranja,Día de la Madre,20
Canek,MEX,,37 CANEK,1117,Porcion de Fruta,Porcion de Fruta,Día de la Madre,7
Canek,MEX,,37 CANEK,1493,Guacamole,Guacamole,Día de la Madre,3550
Canek,MEX,,37 CANEK,3058,Mezcla mantequilla y aceite,Mezcla mantequilla y aceite,Día de la Madre,480
Canek,MEX,,37 CANEK,1503,Avena Preparada,Avena Preparada,Día de la Madre,720
Canek,MEX,,37 CANEK,1516,Pico de Gallo Produccion,Pico de Gallo Produccion,Día de la Madre,920
Canek,MEX,,37 CANEK,1515,Yogurt Griego Preparado,Yogurt Griego Preparado,Día de la Madre,540
Canek,MEX,,37 CANEK,1504,Granola Produccion,Granola Produccion,Día de la Madre,105
Canek,MEX,,37 CANEK,1401,Queso Mozzarella,Queso Mozzarella,Día de la Madre,4500
Canek,MEX,,37 CANEK,2738,Queso Panela,Queso Panela,Día de la Madre,736
Canek,MEX,,37 CANEK,2540,Pan de Papa Fasfu 100 gr,Pan de Papa Fasfu 100 gr,Día de la Madre,12
Canek,MEX,,37 CANEK,1272,Cajeta Insumo,Cajeta Insumo,Día de la Madre,240
Canek,MEX,,37 CANEK,1327,Jamon De Cerdo Insumo,Jamon De Cerdo Insumo,Día de la Madre,560
Canek,MEX,,37 CANEK,1321,Hashbrown McCain,Hashbrown McCain,Día de la Madre,390
Canek,MEX,,37 CANEK,2187,Tarjeta Especial Insumo,Tarjeta Especial Insumo,Día de la Madre,3
Canek,MEX,,37 CANEK,1418,Semillas de chia Insumo,Semillas de chia Insumo,Día de la Madre,9
