day,week_day_name,country,city,brand,kitchen,provider,orders,gmv_nac,gmv_usd
46146.0,7.Sunday,COL,Barranquilla,01 AVOCALIA,32 BARRANQUILLA,DiDi,2.0,84100.0,21.03
46146.0,7.Sunday,COL,Barranquilla,01 AVOCALIA,32 BARRANQUILLA,Rappi,49.0,2356300.0,589.08
46146.0,7.Sunday,COL,Barranquilla,02 BOTTANIKO,32 BARRANQUILLA,DiDi,1.0,12900.0,3.23
46146.0,7.Sunday,COL,Barranquilla,02 BOTTANIKO,32 BARRANQUILLA,Rappi,1.0,61000.0,15.25
46146.0,7.Sunday,COL,Barranquilla,03 BRUNCH & MUNCH,32 BARRANQUILLA,DiDi,2.0,82600.0,20.65
46146.0,7.Sunday,COL,Barranquilla,03 BRUNCH & MUNCH,32 BARRANQUILLA,Rappi,29.0,1854700.0,463.68
46146.0,7.Sunday,COL,Barranquilla,04 BURRITOS & CO,32 BARRANQUILLA,DiDi,4.0,102500.0,25.63
46146.0,7.Sunday,COL,Barranquilla,04 BURRITOS & CO,32 BARRANQUILLA,Rappi,11.0,439500.0,109.88
46146.0,7.Sunday,COL,Barranquilla,05 CACEROLA,32 BARRANQUILLA,DiDi,1.0,12900.0,3.23
46146.0,7.Sunday,COL,Barranquilla,07 LA CUADRA,32 BARRANQUILLA,DiDi,8.0,397000.0,99.25
46146.0,7.Sunday,COL,Barranquilla,07 LA CUADRA,32 BARRANQUILLA,Rappi,29.0,1795300.0,448.83
46146.0,7.Sunday,COL,Barranquilla,110 MR BEAST BURGER,32 BARRANQUILLA,DiDi,18.0,904000.0,226.0
46146.0,7.Sunday,COL,Barranquilla,110 MR BEAST BURGER,32 BARRANQUILLA,Rappi,7.0,374900.0,93.73
46146.0,7.Sunday,COL,Barranquilla,117 LA PANQUEQUERIA,32 BARRANQUILLA,Rappi,7.0,316600.0,79.15
46146.0,7.Sunday,COL,Barranquilla,26 ALMUERZO DE LA CA,32 BARRANQUILLA,DiDi,3.0,87000.0,21.75
46146.0,7.Sunday,COL,Barranquilla,26 ALMUERZO DE LA CA,32 BARRANQUILLA,Rappi,2.0,51700.0,12.93
46146.0,7.Sunday,COL,Barranquilla,33 LA CUADRA DESAYUN,32 BARRANQUILLA,Rappi,1.0,24500.0,6.13
46146.0,7.Sunday,COL,Barranquilla,35 BRUNCH CLUB,32 BARRANQUILLA,DiDi,2.0,85500.0,21.38
46146.0,7.Sunday,COL,Barranquilla,352 BURRITOS & CO TU,32 BARRANQUILLA,Rappi,2.0,136700.0,34.18
46146.0,7.Sunday,COL,Barranquilla,353 LA CUADRA TURBO,32 BARRANQUILLA,Rappi,2.0,82300.0,20.58
46146.0,7.Sunday,COL,Barranquilla,359 GREEN HOUSE,32 BARRANQUILLA,DiDi,4.0,115000.0,28.75
46146.0,7.Sunday,COL,Barranquilla,359 GREEN HOUSE,32 BARRANQUILLA,Rappi,36.0,1529500.0,382.38
46146.0,7.Sunday,COL,Barranquilla,362 ÑAMGUCHERIA,32 BARRANQUILLA,DiDi,2.0,80000.0,20.0
46146.0,7.Sunday,COL,Barranquilla,362 ÑAMGUCHERIA,32 BARRANQUILLA,Rappi,11.0,615600.0,153.9
46146.0,7.Sunday,COL,Barranquilla,366 HOUSE OF SALADS,32 BARRANQUILLA,DiDi,3.0,110200.0,27.55
46146.0,7.Sunday,COL,Barranquilla,366 HOUSE OF SALADS,32 BARRANQUILLA,Rappi,4.0,135800.0,33.95
46146.0,7.Sunday,COL,Barranquilla,370 MONTEVERDE,32 BARRANQUILLA,Rappi,1.0,38900.0,9.73
46146.0,7.Sunday,COL,Barranquilla,380 BREAKFAST CLUB,32 BARRANQUILLA,DiDi,1.0,52400.0,13.1
46146.0,7.Sunday,COL,Barranquilla,380 BREAKFAST CLUB,32 BARRANQUILLA,Rappi,16.0,691800.0,172.95
46146.0,7.Sunday,COL,Barranquilla,381 DESAYU LA ABUELA,32 BARRANQUILLA,DiDi,7.0,324700.0,81.18
46146.0,7.Sunday,COL,Barranquilla,381 DESAYU LA ABUELA,32 BARRANQUILLA,Rappi,24.0,1448000.0,362.0
46146.0,7.Sunday,COL,Barranquilla,382 ALBA VEGE TURBO,32 BARRANQUILLA,Rappi,1.0,64900.0,16.23
46146.0,7.Sunday,COL,Barranquilla,386 LA CASA MEXICANA,32 BARRANQUILLA,DiDi,3.0,146200.0,36.55
46146.0,7.Sunday,COL,Barranquilla,386 LA CASA MEXICANA,32 BARRANQUILLA,Rappi,4.0,230500.0,57.63
46146.0,7.Sunday,COL,Barranquilla,387 THE EGG SPOT,32 BARRANQUILLA,DiDi,1.0,16500.0,4.13
46146.0,7.Sunday,COL,Barranquilla,387 THE EGG SPOT,32 BARRANQUILLA,Rappi,3.0,172900.0,43.23
46146.0,7.Sunday,COL,Barranquilla,388 FOODHUB,32 BARRANQUILLA,Rappi,1.0,57600.0,14.4
46146.0,7.Sunday,COL,Barranquilla,392 HONEST FOOD,32 BARRANQUILLA,Rappi,2.0,75000.0,18.75
46146.0,7.Sunday,COL,Barranquilla,392 MONTEVERDE TURB,32 BARRANQUILLA,Rappi,2.0,54400.0,13.6
46146.0,7.Sunday,COL,Barranquilla,393 EL EJECUTIVO,32 BARRANQUILLA,DiDi,1.0,37900.0,9.48
46146.0,7.Sunday,COL,Barranquilla,394 COCINA CONSCIENT,32 BARRANQUILLA,Rappi,1.0,56800.0,14.2
46146.0,7.Sunday,COL,Barranquilla,403 HONEST FOOD TURBO,32 BARRANQUILLA,Rappi,4.0,130000.0,32.5
46146.0,7.Sunday,COL,Barranquilla,405 BREAKFACLUB TURBO,32 BARRANQUILLA,Rappi,2.0,72400.0,18.1
46146.0,7.Sunday,COL,Barranquilla,420 DESGRANADOS & CO,32 BARRANQUILLA,Rappi,5.0,236800.0,59.2
46146.0,7.Sunday,COL,Barranquilla,423 DESAY TIERRITURB,32 BARRANQUILLA,Rappi,1.0,25900.0,6.48
46146.0,7.Sunday,COL,Barranquilla,429 SEÑOR BURRI TURB,32 BARRANQUILLA,Rappi,2.0,128100.0,32.03
46146.0,7.Sunday,COL,Barranquilla,44 SELVATIKO,32 BARRANQUILLA,DiDi,1.0,21900.0,5.48
46146.0,7.Sunday,COL,Barranquilla,448 DESAY COLOMBIANO,32 BARRANQUILLA,Rappi,1.0,31800.0,7.95
46146.0,7.Sunday,COL,Barranquilla,54 FOODOLOGY,32 BARRANQUILLA,Rappi,2.0,74700.0,18.68
46146.0,7.Sunday,COL,Barranquilla,57 PRET SANDWICH BIS,32 BARRANQUILLA,Rappi,3.0,89800.0,22.45
46146.0,7.Sunday,COL,Barranquilla,58 ALBA VEGETARIAN,32 BARRANQUILLA,DiDi,1.0,90900.0,22.73
46146.0,7.Sunday,COL,Barranquilla,58 ALBA VEGETARIAN,32 BARRANQUILLA,Rappi,4.0,116900.0,29.23
46146.0,7.Sunday,COL,Barranquilla,59 DEMBOW,32 BARRANQUILLA,Rappi,1.0,12900.0,3.23
46146.0,7.Sunday,COL,Barranquilla,66 MAÑANERO DIARIO,32 BARRANQUILLA,Rappi,3.0,209500.0,52.38
46146.0,7.Sunday,COL,Barranquilla,72 VICIO,32 BARRANQUILLA,Rappi,1.0,65500.0,16.38
46146.0,7.Sunday,COL,Barranquilla,82 CINNABON,32 BARRANQUILLA,DiDi,3.0,62300.0,15.58
46146.0,7.Sunday,COL,Barranquilla,82 CINNABON,32 BARRANQUILLA,Rappi,14.0,351800.0,87.95
46146.0,7.Sunday,COL,Barranquilla,83 SANDUCHES EL JEFE,32 BARRANQUILLA,DiDi,1.0,24400.0,6.1
46146.0,7.Sunday,COL,Barranquilla,83 SANDUCHES EL JEFE,32 BARRANQUILLA,Rappi,4.0,214400.0,53.6
46146.0,7.Sunday,COL,Barranquilla,88 CINNABON TURBO,32 BARRANQUILLA,Rappi,2.0,64700.0,16.18
46146.0,7.Sunday,COL,Barranquilla,93 SAN JERONIMO TURB,32 BARRANQUILLA,Rappi,2.0,57500.0,14.38
46146.0,7.Sunday,COL,Bogotá,01 AVOCALIA,01 USAQUEN,DiDi,2.0,163700.0,40.93
46146.0,7.Sunday,COL,Bogotá,01 AVOCALIA,01 USAQUEN,Rappi,27.0,1366500.0,341.63
46146.0,7.Sunday,COL,Bogotá,01 AVOCALIA,02 PARQUE 93,DiDi,1.0,66800.0,16.7
46146.0,7.Sunday,COL,Bogotá,01 AVOCALIA,02 PARQUE 93,Rappi,29.0,1405000.0,351.25
46146.0,7.Sunday,COL,Bogotá,01 AVOCALIA,03 CHAPINERO,FoodologyPOS,1.0,39800.0,9.95
46146.0,7.Sunday,COL,Bogotá,01 AVOCALIA,03 CHAPINERO,Rappi,34.0,1862600.0,465.65
46146.0,7.Sunday,COL,Bogotá,01 AVOCALIA,06 COLINA,Rappi,34.0,1750900.0,437.73
46146.0,7.Sunday,COL,Bogotá,01 AVOCALIA,08 ANDES,Rappi,16.0,731600.0,182.9
46146.0,7.Sunday,COL,Bogotá,01 AVOCALIA,13 CHIA,Rappi,10.0,379400.0,94.85
46146.0,7.Sunday,COL,Bogotá,01 AVOCALIA,15 ENGATIVA,Rappi,17.0,854300.0,213.58
46146.0,7.Sunday,COL,Bogotá,01 AVOCALIA,36 VILLA DEL PRADO,Rappi,13.0,920700.0,230.18
46146.0,7.Sunday,COL,Bogotá,01 AVOCALIA,38 KENNEDY,DiDi,1.0,79800.0,19.95
46146.0,7.Sunday,COL,Bogotá,01 AVOCALIA,38 KENNEDY,Rappi,8.0,508300.0,127.08
46146.0,7.Sunday,COL,Bogotá,01 AVOCALIA,45 VERAGUAS,Rappi,3.0,127700.0,31.93
46146.0,7.Sunday,COL,Bogotá,01 AVOCALIA,50 CHICO,FoodologyPOS,12.0,319700.0,79.93
46146.0,7.Sunday,COL,Bogotá,01 AVOCALIA,50 CHICO,Rappi,6.0,339400.0,84.85
46146.0,7.Sunday,COL,Bogotá,01 AVOCALIA,65 CALLE 109,FoodologyPOS,7.0,598701.0,149.68
46146.0,7.Sunday,COL,Bogotá,01 AVOCALIA,65 CALLE 109,Rappi,32.0,1799700.0,449.93
46146.0,7.Sunday,COL,Bogotá,02 BOTTANIKO,01 USAQUEN,Rappi,1.0,66800.0,16.7
46146.0,7.Sunday,COL,Bogotá,02 BOTTANIKO,08 ANDES,DiDi,1.0,20000.0,5.0
46146.0,7.Sunday,COL,Bogotá,02 BOTTANIKO,36 VILLA DEL PRADO,Rappi,1.0,32700.0,8.18
46146.0,7.Sunday,COL,Bogotá,02 BOTTANIKO,38 KENNEDY,Rappi,1.0,53700.0,13.43
46146.0,7.Sunday,COL,Bogotá,03 BRUNCH & MUNCH,01 USAQUEN,DiDi,1.0,87200.0,21.8
46146.0,7.Sunday,COL,Bogotá,03 BRUNCH & MUNCH,01 USAQUEN,Rappi,15.0,1303100.0,325.78
46146.0,7.Sunday,COL,Bogotá,03 BRUNCH & MUNCH,02 PARQUE 93,Rappi,17.0,1055300.0,263.83
46146.0,7.Sunday,COL,Bogotá,03 BRUNCH & MUNCH,03 CHAPINERO,DiDi,2.0,72200.0,18.05
46146.0,7.Sunday,COL,Bogotá,03 BRUNCH & MUNCH,03 CHAPINERO,Rappi,20.0,1140900.0,285.23
46146.0,7.Sunday,COL,Bogotá,03 BRUNCH & MUNCH,06 COLINA,DiDi,1.0,52200.0,13.05
46146.0,7.Sunday,COL,Bogotá,03 BRUNCH & MUNCH,06 COLINA,Rappi,24.0,2094900.0,523.73
46146.0,7.Sunday,COL,Bogotá,03 BRUNCH & MUNCH,08 ANDES,DiDi,1.0,53400.0,13.35
46146.0,7.Sunday,COL,Bogotá,03 BRUNCH & MUNCH,08 ANDES,Rappi,12.0,555200.0,138.8
46146.0,7.Sunday,COL,Bogotá,03 BRUNCH & MUNCH,13 CHIA,Rappi,3.0,226200.0,56.55
46146.0,7.Sunday,COL,Bogotá,03 BRUNCH & MUNCH,15 ENGATIVA,DiDi,1.0,47700.0,11.93
46146.0,7.Sunday,COL,Bogotá,03 BRUNCH & MUNCH,15 ENGATIVA,Rappi,14.0,907300.0,226.83
46146.0,7.Sunday,COL,Bogotá,03 BRUNCH & MUNCH,36 VILLA DEL PRADO,Rappi,10.0,735700.0,183.93
46146.0,7.Sunday,COL,Bogotá,03 BRUNCH & MUNCH,38 KENNEDY,DiDi,1.0,51700.0,12.93
46146.0,7.Sunday,COL,Bogotá,03 BRUNCH & MUNCH,38 KENNEDY,Rappi,17.0,1308000.0,327.0
46146.0,7.Sunday,COL,Bogotá,03 BRUNCH & MUNCH,45 VERAGUAS,DiDi,1.0,30700.0,7.68
46146.0,7.Sunday,COL,Bogotá,03 BRUNCH & MUNCH,45 VERAGUAS,FoodologyPOS,1.0,94600.0,23.65
46146.0,7.Sunday,COL,Bogotá,03 BRUNCH & MUNCH,45 VERAGUAS,Rappi,7.0,529500.0,132.38
46146.0,7.Sunday,COL,Bogotá,03 BRUNCH & MUNCH,50 CHICO,Rappi,15.0,995200.0,248.8
46146.0,7.Sunday,COL,Bogotá,03 BRUNCH & MUNCH,65 CALLE 109,Rappi,16.0,1259800.0,314.95
46146.0,7.Sunday,COL,Bogotá,04 BURRITOS & CO,01 USAQUEN,DiDi,6.0,472100.0,118.03
46146.0,7.Sunday,COL,Bogotá,04 BURRITOS & CO,01 USAQUEN,Rappi,8.0,336300.0,84.08
46146.0,7.Sunday,COL,Bogotá,04 BURRITOS & CO,02 PARQUE 93,DiDi,1.0,45700.0,11.43
46146.0,7.Sunday,COL,Bogotá,04 BURRITOS & CO,02 PARQUE 93,Rappi,12.0,817600.0,204.4
46146.0,7.Sunday,COL,Bogotá,04 BURRITOS & CO,03 CHAPINERO,DiDi,8.0,349500.0,87.38
46146.0,7.Sunday,COL,Bogotá,04 BURRITOS & CO,03 CHAPINERO,Rappi,16.0,926600.0,231.65
46146.0,7.Sunday,COL,Bogotá,04 BURRITOS & CO,06 COLINA,DiDi,4.0,392500.0,98.13
46146.0,7.Sunday,COL,Bogotá,04 BURRITOS & CO,06 COLINA,Rappi,10.0,752200.0,188.05
46146.0,7.Sunday,COL,Bogotá,04 BURRITOS & CO,08 ANDES,DiDi,10.0,551500.0,137.88
46146.0,7.Sunday,COL,Bogotá,04 BURRITOS & CO,08 ANDES,Rappi,14.0,679000.0,169.75
46146.0,7.Sunday,COL,Bogotá,04 BURRITOS & CO,13 CHIA,DiDi,5.0,313800.0,78.45
46146.0,7.Sunday,COL,Bogotá,04 BURRITOS & CO,13 CHIA,Rappi,18.0,1255300.0,313.83
46146.0,7.Sunday,COL,Bogotá,04 BURRITOS & CO,15 ENGATIVA,DiDi,7.0,323000.0,80.75
46146.0,7.Sunday,COL,Bogotá,04 BURRITOS & CO,15 ENGATIVA,Rappi,4.0,231500.0,57.88
46146.0,7.Sunday,COL,Bogotá,04 BURRITOS & CO,36 VILLA DEL PRADO,DiDi,8.0,420100.0,105.03
46146.0,7.Sunday,COL,Bogotá,04 BURRITOS & CO,36 VILLA DEL PRADO,Rappi,7.0,665900.0,166.48
46146.0,7.Sunday,COL,Bogotá,04 BURRITOS & CO,38 KENNEDY,DiDi,4.0,200400.0,50.1
46146.0,7.Sunday,COL,Bogotá,04 BURRITOS & CO,38 KENNEDY,Rappi,8.0,495400.0,123.85
46146.0,7.Sunday,COL,Bogotá,04 BURRITOS & CO,45 VERAGUAS,DiDi,6.0,374400.0,93.6
46146.0,7.Sunday,COL,Bogotá,04 BURRITOS & CO,45 VERAGUAS,Rappi,6.0,296100.0,74.03
46146.0,7.Sunday,COL,Bogotá,04 BURRITOS & CO,65 CALLE 109,Rappi,11.0,744400.0,186.1
46146.0,7.Sunday,COL,Bogotá,05 CACEROLA,36 VILLA DEL PRADO,DiDi,2.0,71500.0,17.88
46146.0,7.Sunday,COL,Bogotá,07 LA CUADRA,01 USAQUEN,DiDi,3.0,151900.0,37.98
46146.0,7.Sunday,COL,Bogotá,07 LA CUADRA,01 USAQUEN,Rappi,6.0,529500.0,132.38
46146.0,7.Sunday,COL,Bogotá,07 LA CUADRA,02 PARQUE 93,DiDi,4.0,206400.0,51.6
46146.0,7.Sunday,COL,Bogotá,07 LA CUADRA,02 PARQUE 93,Rappi,9.0,571600.0,142.9
46146.0,7.Sunday,COL,Bogotá,07 LA CUADRA,03 CHAPINERO,DiDi,5.0,207800.0,51.95
46146.0,7.Sunday,COL,Bogotá,07 LA CUADRA,03 CHAPINERO,Rappi,7.0,456300.0,114.08
46146.0,7.Sunday,COL,Bogotá,07 LA CUADRA,06 COLINA,DiDi,7.0,599600.0,149.9
46146.0,7.Sunday,COL,Bogotá,07 LA CUADRA,06 COLINA,Rappi,11.0,744800.0,186.2
46146.0,7.Sunday,COL,Bogotá,07 LA CUADRA,08 ANDES,DiDi,8.0,439900.0,109.98
46146.0,7.Sunday,COL,Bogotá,07 LA CUADRA,08 ANDES,Rappi,5.0,283400.0,70.85
46146.0,7.Sunday,COL,Bogotá,07 LA CUADRA,13 CHIA,DiDi,4.0,196300.0,49.08
46146.0,7.Sunday,COL,Bogotá,07 LA CUADRA,13 CHIA,Rappi,3.0,184400.0,46.1
46146.0,7.Sunday,COL,Bogotá,07 LA CUADRA,15 ENGATIVA,DiDi,2.0,81000.0,20.25
46146.0,7.Sunday,COL,Bogotá,07 LA CUADRA,15 ENGATIVA,Rappi,13.0,859300.0,214.83
46146.0,7.Sunday,COL,Bogotá,07 LA CUADRA,36 VILLA DEL PRADO,DiDi,9.0,586200.0,146.55
46146.0,7.Sunday,COL,Bogotá,07 LA CUADRA,36 VILLA DEL PRADO,Rappi,6.0,509700.0,127.43
46146.0,7.Sunday,COL,Bogotá,07 LA CUADRA,38 KENNEDY,DiDi,1.0,35500.0,8.88
46146.0,7.Sunday,COL,Bogotá,07 LA CUADRA,38 KENNEDY,Rappi,4.0,304900.0,76.23
46146.0,7.Sunday,COL,Bogotá,07 LA CUADRA,45 VERAGUAS,DiDi,6.0,494100.0,123.53
46146.0,7.Sunday,COL,Bogotá,07 LA CUADRA,45 VERAGUAS,Rappi,5.0,310400.0,77.6
46146.0,7.Sunday,COL,Bogotá,07 LA CUADRA,65 CALLE 109,DiDi,7.0,325400.0,81.35
46146.0,7.Sunday,COL,Bogotá,07 LA CUADRA,65 CALLE 109,Rappi,6.0,324700.0,81.18
46146.0,7.Sunday,COL,Bogotá,110 MR BEAST BURGER,01 USAQUEN,DiDi,20.0,1372100.0,343.03
46146.0,7.Sunday,COL,Bogotá,110 MR BEAST BURGER,01 USAQUEN,Rappi,2.0,143400.0,35.85
46146.0,7.Sunday,COL,Bogotá,110 MR BEAST BURGER,02 PARQUE 93,DiDi,23.0,1291300.0,322.83
46146.0,7.Sunday,COL,Bogotá,110 MR BEAST BURGER,02 PARQUE 93,Rappi,8.0,414300.0,103.58
46146.0,7.Sunday,COL,Bogotá,110 MR BEAST BURGER,03 CHAPINERO,DiDi,17.0,925300.0,231.33
46146.0,7.Sunday,COL,Bogotá,110 MR BEAST BURGER,03 CHAPINERO,Rappi,2.0,77400.0,19.35
46146.0,7.Sunday,COL,Bogotá,110 MR BEAST BURGER,06 COLINA,DiDi,15.0,708900.0,177.23
46146.0,7.Sunday,COL,Bogotá,110 MR BEAST BURGER,06 COLINA,Rappi,9.0,566300.0,141.58
46146.0,7.Sunday,COL,Bogotá,110 MR BEAST BURGER,08 ANDES,DiDi,15.0,960900.0,240.23
46146.0,7.Sunday,COL,Bogotá,110 MR BEAST BURGER,08 ANDES,Rappi,10.0,728100.0,182.03
46146.0,7.Sunday,COL,Bogotá,110 MR BEAST BURGER,13 CHIA,DiDi,14.0,808800.0,202.2
46146.0,7.Sunday,COL,Bogotá,110 MR BEAST BURGER,13 CHIA,Rappi,3.0,302000.0,75.5
46146.0,7.Sunday,COL,Bogotá,110 MR BEAST BURGER,15 ENGATIVA,DiDi,30.0,1633900.0,408.48
46146.0,7.Sunday,COL,Bogotá,110 MR BEAST BURGER,15 ENGATIVA,Rappi,8.0,539600.0,134.9
46146.0,7.Sunday,COL,Bogotá,110 MR BEAST BURGER,36 VILLA DEL PRADO,DiDi,22.0,1268700.0,317.18
46146.0,7.Sunday,COL,Bogotá,110 MR BEAST BURGER,36 VILLA DEL PRADO,Rappi,9.0,619300.0,154.83
46146.0,7.Sunday,COL,Bogotá,110 MR BEAST BURGER,38 KENNEDY,DiDi,30.0,1748200.0,437.05
46146.0,7.Sunday,COL,Bogotá,110 MR BEAST BURGER,38 KENNEDY,Rappi,4.0,166700.0,41.68
46146.0,7.Sunday,COL,Bogotá,110 MR BEAST BURGER,45 VERAGUAS,DiDi,16.0,1042500.0,260.63
46146.0,7.Sunday,COL,Bogotá,110 MR BEAST BURGER,45 VERAGUAS,Rappi,4.0,318100.0,79.53
46146.0,7.Sunday,COL,Bogotá,110 MR BEAST BURGER,65 CALLE 109,DiDi,2.0,75000.0,18.75
46146.0,7.Sunday,COL,Bogotá,110 MR BEAST BURGER,65 CALLE 109,Rappi,7.0,587500.0,146.88
46146.0,7.Sunday,COL,Bogotá,1117 ALMZ LA CASA TU,38 KENNEDY,Rappi,1.0,44300.0,11.08
46146.0,7.Sunday,COL,Bogotá,113 QUE CHICKEN,01 USAQUEN,Rappi,2.0,209700.0,52.43
46146.0,7.Sunday,COL,Bogotá,113 QUE CHICKEN,02 PARQUE 93,Rappi,1.0,43900.0,10.98
46146.0,7.Sunday,COL,Bogotá,113 QUE CHICKEN,08 ANDES,Rappi,1.0,92800.0,23.2
46146.0,7.Sunday,COL,Bogotá,113 QUE CHICKEN,38 KENNEDY,Rappi,1.0,54500.0,13.63
46146.0,7.Sunday,COL,Bogotá,114 MR BEAST TURBO,01 USAQUEN,Rappi,1.0,37500.0,9.38
46146.0,7.Sunday,COL,Bogotá,114 MR BEAST TURBO,38 KENNEDY,Rappi,13.0,787200.0,196.8
46146.0,7.Sunday,COL,Bogotá,114 MR BEAST TURBO,65 CALLE 109,Rappi,8.0,512600.0,128.15
46146.0,7.Sunday,COL,Bogotá,116 AVOCALIA DESAYUN,50 CHICO,Rappi,1.0,34400.0,8.6
46146.0,7.Sunday,COL,Bogotá,117 LA PANQUEQUERIA,01 USAQUEN,Rappi,1.0,20900.0,5.23
46146.0,7.Sunday,COL,Bogotá,117 LA PANQUEQUERIA,02 PARQUE 93,DiDi,1.0,18900.0,4.73
46146.0,7.Sunday,COL,Bogotá,117 LA PANQUEQUERIA,02 PARQUE 93,Rappi,4.0,195100.0,48.78
46146.0,7.Sunday,COL,Bogotá,117 LA PANQUEQUERIA,03 CHAPINERO,DiDi,2.0,72300.0,18.08
46146.0,7.Sunday,COL,Bogotá,117 LA PANQUEQUERIA,03 CHAPINERO,Rappi,4.0,120300.0,30.08
46146.0,7.Sunday,COL,Bogotá,117 LA PANQUEQUERIA,06 COLINA,Rappi,5.0,216500.0,54.13
46146.0,7.Sunday,COL,Bogotá,117 LA PANQUEQUERIA,08 ANDES,Rappi,2.0,79900.0,19.98
46146.0,7.Sunday,COL,Bogotá,117 LA PANQUEQUERIA,15 ENGATIVA,DiDi,3.0,154400.0,38.6
46146.0,7.Sunday,COL,Bogotá,117 LA PANQUEQUERIA,15 ENGATIVA,Rappi,3.0,119000.0,29.75
46146.0,7.Sunday,COL,Bogotá,117 LA PANQUEQUERIA,36 VILLA DEL PRADO,Rappi,1.0,53300.0,13.33
46146.0,7.Sunday,COL,Bogotá,117 LA PANQUEQUERIA,38 KENNEDY,Rappi,1.0,50800.0,12.7
46146.0,7.Sunday,COL,Bogotá,117 LA PANQUEQUERIA,45 VERAGUAS,DiDi,1.0,85400.0,21.35
46146.0,7.Sunday,COL,Bogotá,117 LA PANQUEQUERIA,45 VERAGUAS,Rappi,1.0,43000.0,10.75
46146.0,7.Sunday,COL,Bogotá,117 LA PANQUEQUERIA,50 CHICO,Rappi,1.0,127400.0,31.85
46146.0,7.Sunday,COL,Bogotá,117 LA PANQUEQUERIA,65 CALLE 109,Rappi,1.0,34500.0,8.63
46146.0,7.Sunday,COL,Bogotá,14 BURGER LANE,03 CHAPINERO,DiDi,1.0,25900.0,6.48
46146.0,7.Sunday,COL,Bogotá,205 FROST,03 CHAPINERO,Rappi,1.0,12900.0,3.23
46146.0,7.Sunday,COL,Bogotá,205 FROST,15 ENGATIVA,DiDi,1.0,37400.0,9.35
46146.0,7.Sunday,COL,Bogotá,205 FROST,36 VILLA DEL PRADO,Rappi,1.0,30900.0,7.73
46146.0,7.Sunday,COL,Bogotá,205 FROST,45 VERAGUAS,Rappi,1.0,25900.0,6.48
46146.0,7.Sunday,COL,Bogotá,26 ALMUERZO DE LA CA,01 USAQUEN,DiDi,5.0,180500.0,45.13
46146.0,7.Sunday,COL,Bogotá,26 ALMUERZO DE LA CA,01 USAQUEN,Rappi,1.0,43800.0,10.95
46146.0,7.Sunday,COL,Bogotá,26 ALMUERZO DE LA CA,02 PARQUE 93,DiDi,5.0,146100.0,36.53
46146.0,7.Sunday,COL,Bogotá,26 ALMUERZO DE LA CA,03 CHAPINERO,DiDi,1.0,20900.0,5.23
46146.0,7.Sunday,COL,Bogotá,26 ALMUERZO DE LA CA,06 COLINA,DiDi,2.0,73900.0,18.48
46146.0,7.Sunday,COL,Bogotá,26 ALMUERZO DE LA CA,08 ANDES,DiDi,3.0,67500.0,16.88
46146.0,7.Sunday,COL,Bogotá,26 ALMUERZO DE LA CA,13 CHIA,DiDi,3.0,71600.0,17.9
46146.0,7.Sunday,COL,Bogotá,26 ALMUERZO DE LA CA,15 ENGATIVA,DiDi,1.0,20900.0,5.23
46146.0,7.Sunday,COL,Bogotá,26 ALMUERZO DE LA CA,15 ENGATIVA,Rappi,1.0,23900.0,5.98
46146.0,7.Sunday,COL,Bogotá,26 ALMUERZO DE LA CA,36 VILLA DEL PRADO,DiDi,3.0,84500.0,21.13
46146.0,7.Sunday,COL,Bogotá,26 ALMUERZO DE LA CA,38 KENNEDY,DiDi,1.0,20900.0,5.23
46146.0,7.Sunday,COL,Bogotá,26 ALMUERZO DE LA CA,38 KENNEDY,Rappi,1.0,22800.0,5.7
46146.0,7.Sunday,COL,Bogotá,26 ALMUERZO DE LA CA,45 VERAGUAS,DiDi,1.0,22900.0,5.73
46146.0,7.Sunday,COL,Bogotá,26 ALMUERZO DE LA CA,65 CALLE 109,DiDi,1.0,20900.0,5.23
46146.0,7.Sunday,COL,Bogotá,27 DESAYUNO MI TIERR,03 CHAPINERO,Rappi,3.0,220900.0,55.23
46146.0,7.Sunday,COL,Bogotá,27 DESAYUNO MI TIERR,15 ENGATIVA,DiDi,1.0,38800.0,9.7
46146.0,7.Sunday,COL,Bogotá,27 DESAYUNO MI TIERR,15 ENGATIVA,Rappi,1.0,62000.0,15.5
46146.0,7.Sunday,COL,Bogotá,27 DESAYUNO MI TIERR,36 VILLA DEL PRADO,DiDi,2.0,90000.0,22.5
46146.0,7.Sunday,COL,Bogotá,27 DESAYUNO MI TIERR,38 KENNEDY,DiDi,1.0,12900.0,3.23
46146.0,7.Sunday,COL,Bogotá,29 SEÑOR BURRITO,03 CHAPINERO,Rappi,1.0,60800.0,15.2
46146.0,7.Sunday,COL,Bogotá,29 SEÑOR BURRITO,06 COLINA,Rappi,1.0,32800.0,8.2
46146.0,7.Sunday,COL,Bogotá,29 SEÑOR BURRITO,08 ANDES,DiDi,1.0,12900.0,3.23
46146.0,7.Sunday,COL,Bogotá,29 SEÑOR BURRITO,13 CHIA,DiDi,1.0,84400.0,21.1
46146.0,7.Sunday,COL,Bogotá,29 SEÑOR BURRITO,38 KENNEDY,DiDi,1.0,14900.0,3.73
46146.0,7.Sunday,COL,Bogotá,29 SEÑOR BURRITO,65 CALLE 109,Rappi,1.0,23500.0,5.88
46146.0,7.Sunday,COL,Bogotá,33 LA CUADRA DESAYUN,01 USAQUEN,Rappi,1.0,22400.0,5.6
46146.0,7.Sunday,COL,Bogotá,33 LA CUADRA DESAYUN,36 VILLA DEL PRADO,Rappi,1.0,19900.0,4.98
46146.0,7.Sunday,COL,Bogotá,35 BRUNCH CLUB,01 USAQUEN,DiDi,2.0,67600.0,16.9
46146.0,7.Sunday,COL,Bogotá,35 BRUNCH CLUB,02 PARQUE 93,DiDi,3.0,95100.0,23.78
46146.0,7.Sunday,COL,Bogotá,35 BRUNCH CLUB,03 CHAPINERO,DiDi,1.0,36400.0,9.1
46146.0,7.Sunday,COL,Bogotá,35 BRUNCH CLUB,06 COLINA,DiDi,1.0,41500.0,10.38
46146.0,7.Sunday,COL,Bogotá,35 BRUNCH CLUB,08 ANDES,DiDi,5.0,159000.0,39.75
46146.0,7.Sunday,COL,Bogotá,35 BRUNCH CLUB,15 ENGATIVA,DiDi,2.0,73500.0,18.38
46146.0,7.Sunday,COL,Bogotá,35 BRUNCH CLUB,36 VILLA DEL PRADO,DiDi,2.0,86000.0,21.5
46146.0,7.Sunday,COL,Bogotá,35 BRUNCH CLUB,45 VERAGUAS,DiDi,2.0,95000.0,23.75
46146.0,7.Sunday,COL,Bogotá,351 LA FOLIE,01 USAQUEN,Rappi,2.0,80300.0,20.08
46146.0,7.Sunday,COL,Bogotá,351 LA FOLIE,06 COLINA,Rappi,1.0,46900.0,11.73
46146.0,7.Sunday,COL,Bogotá,351 LA FOLIE,15 ENGATIVA,Rappi,1.0,26900.0,6.73
46146.0,7.Sunday,COL,Bogotá,352 BURRITOS & CO TU,01 USAQUEN,Rappi,11.0,684600.0,171.15
46146.0,7.Sunday,COL,Bogotá,352 BURRITOS & CO TU,03 CHAPINERO,Rappi,6.0,170900.0,42.73
46146.0,7.Sunday,COL,Bogotá,352 BURRITOS & CO TU,06 COLINA,Rappi,10.0,766700.0,191.68
46146.0,7.Sunday,COL,Bogotá,352 BURRITOS & CO TU,08 ANDES,Rappi,14.0,685900.0,171.48
46146.0,7.Sunday,COL,Bogotá,352 BURRITOS & CO TU,36 VILLA DEL PRADO,Rappi,14.0,729100.0,182.28
46146.0,7.Sunday,COL,Bogotá,352 BURRITOS & CO TU,38 KENNEDY,Rappi,4.0,320500.0,80.13
46146.0,7.Sunday,COL,Bogotá,353 LA CUADRA TURBO,01 USAQUEN,Rappi,8.0,407400.0,101.85
46146.0,7.Sunday,COL,Bogotá,353 LA CUADRA TURBO,03 CHAPINERO,Rappi,3.0,171200.0,42.8
46146.0,7.Sunday,COL,Bogotá,353 LA CUADRA TURBO,06 COLINA,Rappi,1.0,32900.0,8.23
46146.0,7.Sunday,COL,Bogotá,353 LA CUADRA TURBO,08 ANDES,Rappi,16.0,968900.0,242.23
46146.0,7.Sunday,COL,Bogotá,353 LA CUADRA TURBO,38 KENNEDY,Rappi,4.0,288600.0,72.15
46146.0,7.Sunday,COL,Bogotá,356 EL JEFE TURBO,01 USAQUEN,Rappi,1.0,91600.0,22.9
46146.0,7.Sunday,COL,Bogotá,359 GREEN HOUSE,01 USAQUEN,DiDi,2.0,53400.0,13.35
46146.0,7.Sunday,COL,Bogotá,359 GREEN HOUSE,01 USAQUEN,Rappi,7.0,384800.0,96.2
46146.0,7.Sunday,COL,Bogotá,359 GREEN HOUSE,02 PARQUE 93,DiDi,4.0,180200.0,45.05
46146.0,7.Sunday,COL,Bogotá,359 GREEN HOUSE,02 PARQUE 93,Rappi,4.0,249700.0,62.43
46146.0,7.Sunday,COL,Bogotá,359 GREEN HOUSE,03 CHAPINERO,DiDi,7.0,367200.0,91.8
46146.0,7.Sunday,COL,Bogotá,359 GREEN HOUSE,03 CHAPINERO,Rappi,5.0,189400.0,47.35
46146.0,7.Sunday,COL,Bogotá,359 GREEN HOUSE,06 COLINA,DiDi,1.0,103300.0,25.83
46146.0,7.Sunday,COL,Bogotá,359 GREEN HOUSE,06 COLINA,Rappi,2.0,53300.0,13.33
46146.0,7.Sunday,COL,Bogotá,359 GREEN HOUSE,08 ANDES,Rappi,2.0,72300.0,18.08
46146.0,7.Sunday,COL,Bogotá,359 GREEN HOUSE,13 CHIA,DiDi,3.0,85300.0,21.33
46146.0,7.Sunday,COL,Bogotá,359 GREEN HOUSE,13 CHIA,Rappi,2.0,115500.0,28.88
46146.0,7.Sunday,COL,Bogotá,359 GREEN HOUSE,15 ENGATIVA,DiDi,2.0,52300.0,13.08
46146.0,7.Sunday,COL,Bogotá,359 GREEN HOUSE,15 ENGATIVA,Rappi,3.0,283400.0,70.85
46146.0,7.Sunday,COL,Bogotá,359 GREEN HOUSE,36 VILLA DEL PRADO,DiDi,7.0,364500.0,91.13
46146.0,7.Sunday,COL,Bogotá,359 GREEN HOUSE,36 VILLA DEL PRADO,Rappi,5.0,268200.0,67.05
46146.0,7.Sunday,COL,Bogotá,359 GREEN HOUSE,38 KENNEDY,DiDi,3.0,145100.0,36.28
46146.0,7.Sunday,COL,Bogotá,359 GREEN HOUSE,38 KENNEDY,Rappi,1.0,54400.0,13.6
46146.0,7.Sunday,COL,Bogotá,359 GREEN HOUSE,45 VERAGUAS,DiDi,2.0,72300.0,18.08
46146.0,7.Sunday,COL,Bogotá,359 GREEN HOUSE,45 VERAGUAS,Rappi,3.0,112700.0,28.18
46146.0,7.Sunday,COL,Bogotá,359 GREEN HOUSE,65 CALLE 109,DiDi,3.0,108600.0,27.15
46146.0,7.Sunday,COL,Bogotá,359 GREEN HOUSE,65 CALLE 109,Rappi,4.0,162300.0,40.58
46146.0,7.Sunday,COL,Bogotá,362 ÑAMGUCHERIA,01 USAQUEN,DiDi,3.0,205500.0,51.38
46146.0,7.Sunday,COL,Bogotá,362 ÑAMGUCHERIA,01 USAQUEN,Rappi,18.0,945100.0,236.28
46146.0,7.Sunday,COL,Bogotá,362 ÑAMGUCHERIA,02 PARQUE 93,DiDi,3.0,120500.0,30.13
46146.0,7.Sunday,COL,Bogotá,362 ÑAMGUCHERIA,02 PARQUE 93,Rappi,18.0,1180700.0,295.18
46146.0,7.Sunday,COL,Bogotá,362 ÑAMGUCHERIA,03 CHAPINERO,DiDi,3.0,91300.0,22.83
46146.0,7.Sunday,COL,Bogotá,362 ÑAMGUCHERIA,03 CHAPINERO,Rappi,23.0,1173600.0,293.4
46146.0,7.Sunday,COL,Bogotá,362 ÑAMGUCHERIA,06 COLINA,DiDi,5.0,335500.0,83.88
46146.0,7.Sunday,COL,Bogotá,362 ÑAMGUCHERIA,06 COLINA,Rappi,27.0,1470700.0,367.68
46146.0,7.Sunday,COL,Bogotá,362 ÑAMGUCHERIA,08 ANDES,DiDi,3.0,131400.0,32.85
46146.0,7.Sunday,COL,Bogotá,362 ÑAMGUCHERIA,08 ANDES,Rappi,12.0,669200.0,167.3
46146.0,7.Sunday,COL,Bogotá,362 ÑAMGUCHERIA,13 CHIA,DiDi,3.0,208400.0,52.1
46146.0,7.Sunday,COL,Bogotá,362 ÑAMGUCHERIA,13 CHIA,Rappi,10.0,667200.0,166.8
46146.0,7.Sunday,COL,Bogotá,362 ÑAMGUCHERIA,15 ENGATIVA,DiDi,7.0,381400.0,95.35
46146.0,7.Sunday,COL,Bogotá,362 ÑAMGUCHERIA,15 ENGATIVA,Rappi,23.0,1461400.0,365.35
46146.0,7.Sunday,COL,Bogotá,362 ÑAMGUCHERIA,36 VILLA DEL PRADO,DiDi,2.0,67400.0,16.85
46146.0,7.Sunday,COL,Bogotá,362 ÑAMGUCHERIA,36 VILLA DEL PRADO,Rappi,19.0,881800.0,220.45
46146.0,7.Sunday,COL,Bogotá,362 ÑAMGUCHERIA,38 KENNEDY,DiDi,5.0,239100.0,59.78
46146.0,7.Sunday,COL,Bogotá,362 ÑAMGUCHERIA,38 KENNEDY,Rappi,10.0,517500.0,129.38
46146.0,7.Sunday,COL,Bogotá,362 ÑAMGUCHERIA,45 VERAGUAS,DiDi,1.0,80000.0,20.0
46146.0,7.Sunday,COL,Bogotá,362 ÑAMGUCHERIA,45 VERAGUAS,Rappi,7.0,383500.0,95.88
46146.0,7.Sunday,COL,Bogotá,362 ÑAMGUCHERIA,50 CHICO,Rappi,1.0,95600.0,23.9
46146.0,7.Sunday,COL,Bogotá,362 ÑAMGUCHERIA,65 CALLE 109,DiDi,2.0,106900.0,26.73
46146.0,7.Sunday,COL,Bogotá,362 ÑAMGUCHERIA,65 CALLE 109,Rappi,10.0,460100.0,115.03
46146.0,7.Sunday,COL,Bogotá,363 GREEN HOUSE TURB,01 USAQUEN,Rappi,7.0,308000.0,77.0
46146.0,7.Sunday,COL,Bogotá,363 GREEN HOUSE TURB,36 VILLA DEL PRADO,Rappi,4.0,329500.0,82.38
46146.0,7.Sunday,COL,Bogotá,363 GREEN HOUSE TURB,38 KENNEDY,Rappi,5.0,231800.0,57.95
46146.0,7.Sunday,COL,Bogotá,366 HOUSE OF SALADS,01 USAQUEN,Rappi,3.0,134200.0,33.55
46146.0,7.Sunday,COL,Bogotá,366 HOUSE OF SALADS,02 PARQUE 93,Rappi,1.0,81300.0,20.33
46146.0,7.Sunday,COL,Bogotá,366 HOUSE OF SALADS,03 CHAPINERO,DiDi,1.0,17900.0,4.48
46146.0,7.Sunday,COL,Bogotá,366 HOUSE OF SALADS,03 CHAPINERO,Rappi,2.0,93700.0,23.43
46146.0,7.Sunday,COL,Bogotá,366 HOUSE OF SALADS,06 COLINA,DiDi,1.0,39900.0,9.98
46146.0,7.Sunday,COL,Bogotá,366 HOUSE OF SALADS,06 COLINA,Rappi,2.0,76900.0,19.23
46146.0,7.Sunday,COL,Bogotá,366 HOUSE OF SALADS,08 ANDES,Rappi,4.0,164000.0,41.0
46146.0,7.Sunday,COL,Bogotá,366 HOUSE OF SALADS,13 CHIA,Rappi,1.0,43900.0,10.98
46146.0,7.Sunday,COL,Bogotá,366 HOUSE OF SALADS,15 ENGATIVA,Rappi,1.0,53400.0,13.35
46146.0,7.Sunday,COL,Bogotá,369 ÑAMGUCHERIA TURB,08 ANDES,Rappi,3.0,107100.0,26.78
46146.0,7.Sunday,COL,Bogotá,369 ÑAMGUCHERIA TURB,50 CHICO,Rappi,1.0,41500.0,10.38
46146.0,7.Sunday,COL,Bogotá,370 MONTEVERDE,02 PARQUE 93,DiDi,1.0,61400.0,15.35
46146.0,7.Sunday,COL,Bogotá,370 MONTEVERDE,02 PARQUE 93,Rappi,2.0,66900.0,16.73
46146.0,7.Sunday,COL,Bogotá,370 MONTEVERDE,03 CHAPINERO,Rappi,1.0,43000.0,10.75
46146.0,7.Sunday,COL,Bogotá,370 MONTEVERDE,13 CHIA,Rappi,1.0,135100.0,33.78
46146.0,7.Sunday,COL,Bogotá,370 MONTEVERDE,36 VILLA DEL PRADO,Rappi,3.0,108900.0,27.23
46146.0,7.Sunday,COL,Bogotá,373 HOUSE OF BURGERS,08 ANDES,Rappi,1.0,21900.0,5.48
46146.0,7.Sunday,COL,Bogotá,380 BREAKFAST CLUB,01 USAQUEN,Rappi,9.0,829700.0,207.43
46146.0,7.Sunday,COL,Bogotá,380 BREAKFAST CLUB,02 PARQUE 93,Rappi,5.0,248300.0,62.08
46146.0,7.Sunday,COL,Bogotá,380 BREAKFAST CLUB,03 CHAPINERO,DiDi,2.0,147100.0,36.78
46146.0,7.Sunday,COL,Bogotá,380 BREAKFAST CLUB,03 CHAPINERO,Rappi,18.0,1261000.0,315.25
46146.0,7.Sunday,COL,Bogotá,380 BREAKFAST CLUB,06 COLINA,Rappi,7.0,494100.0,123.53
46146.0,7.Sunday,COL,Bogotá,380 BREAKFAST CLUB,08 ANDES,DiDi,1.0,29700.0,7.43
46146.0,7.Sunday,COL,Bogotá,380 BREAKFAST CLUB,08 ANDES,Rappi,3.0,222500.0,55.63
46146.0,7.Sunday,COL,Bogotá,380 BREAKFAST CLUB,13 CHIA,Rappi,5.0,252300.0,63.08
46146.0,7.Sunday,COL,Bogotá,380 BREAKFAST CLUB,15 ENGATIVA,Rappi,1.0,71300.0,17.83
46146.0,7.Sunday,COL,Bogotá,380 BREAKFAST CLUB,36 VILLA DEL PRADO,DiDi,1.0,80200.0,20.05
46146.0,7.Sunday,COL,Bogotá,380 BREAKFAST CLUB,36 VILLA DEL PRADO,Rappi,3.0,196200.0,49.05
46146.0,7.Sunday,COL,Bogotá,380 BREAKFAST CLUB,38 KENNEDY,DiDi,1.0,94600.0,23.65
46146.0,7.Sunday,COL,Bogotá,380 BREAKFAST CLUB,38 KENNEDY,Rappi,2.0,207800.0,51.95
46146.0,7.Sunday,COL,Bogotá,380 BREAKFAST CLUB,45 VERAGUAS,Rappi,2.0,107900.0,26.98
46146.0,7.Sunday,COL,Bogotá,380 BREAKFAST CLUB,50 CHICO,Rappi,4.0,341900.0,85.48
46146.0,7.Sunday,COL,Bogotá,380 BREAKFAST CLUB,65 CALLE 109,Rappi,2.0,134700.0,33.68
46146.0,7.Sunday,COL,Bogotá,381 DESAYU LA ABUELA,01 USAQUEN,DiDi,2.0,58300.0,14.58
46146.0,7.Sunday,COL,Bogotá,381 DESAYU LA ABUELA,01 USAQUEN,Rappi,10.0,668100.0,167.03
46146.0,7.Sunday,COL,Bogotá,381 DESAYU LA ABUELA,02 PARQUE 93,DiDi,2.0,88300.0,22.08
46146.0,7.Sunday,COL,Bogotá,381 DESAYU LA ABUELA,02 PARQUE 93,Rappi,10.0,715000.0,178.75
46146.0,7.Sunday,COL,Bogotá,381 DESAYU LA ABUELA,03 CHAPINERO,DiDi,6.0,318500.0,79.63
46146.0,7.Sunday,COL,Bogotá,381 DESAYU LA ABUELA,03 CHAPINERO,Rappi,7.0,562800.0,140.7
46146.0,7.Sunday,COL,Bogotá,381 DESAYU LA ABUELA,06 COLINA,DiDi,2.0,242900.0,60.73
46146.0,7.Sunday,COL,Bogotá,381 DESAYU LA ABUELA,06 COLINA,Rappi,12.0,942200.0,235.55
46146.0,7.Sunday,COL,Bogotá,381 DESAYU LA ABUELA,08 ANDES,DiDi,3.0,166700.0,41.68
46146.0,7.Sunday,COL,Bogotá,381 DESAYU LA ABUELA,08 ANDES,Rappi,9.0,623000.0,155.75
46146.0,7.Sunday,COL,Bogotá,381 DESAYU LA ABUELA,13 CHIA,DiDi,3.0,166600.0,41.65
46146.0,7.Sunday,COL,Bogotá,381 DESAYU LA ABUELA,13 CHIA,Rappi,3.0,313200.0,78.3
46146.0,7.Sunday,COL,Bogotá,381 DESAYU LA ABUELA,15 ENGATIVA,Rappi,8.0,690200.0,172.55
46146.0,7.Sunday,COL,Bogotá,381 DESAYU LA ABUELA,36 VILLA DEL PRADO,DiDi,5.0,302100.0,75.53
46146.0,7.Sunday,COL,Bogotá,381 DESAYU LA ABUELA,36 VILLA DEL PRADO,Rappi,7.0,486100.0,121.53
46146.0,7.Sunday,COL,Bogotá,381 DESAYU LA ABUELA,38 KENNEDY,DiDi,3.0,229400.0,57.35
46146.0,7.Sunday,COL,Bogotá,381 DESAYU LA ABUELA,38 KENNEDY,Rappi,5.0,457800.0,114.45
46146.0,7.Sunday,COL,Bogotá,381 DESAYU LA ABUELA,45 VERAGUAS,DiDi,4.0,235400.0,58.85
46146.0,7.Sunday,COL,Bogotá,381 DESAYU LA ABUELA,45 VERAGUAS,Rappi,5.0,348900.0,87.23
46146.0,7.Sunday,COL,Bogotá,381 DESAYU LA ABUELA,50 CHICO,DiDi,1.0,68700.0,17.18
46146.0,7.Sunday,COL,Bogotá,381 DESAYU LA ABUELA,50 CHICO,Rappi,6.0,484800.0,121.2
46146.0,7.Sunday,COL,Bogotá,381 DESAYU LA ABUELA,65 CALLE 109,DiDi,1.0,138900.0,34.73
46146.0,7.Sunday,COL,Bogotá,381 DESAYU LA ABUELA,65 CALLE 109,Rappi,8.0,502700.0,125.68
46146.0,7.Sunday,COL,Bogotá,382 ALBA VEGE TURBO,03 CHAPINERO,Rappi,1.0,59400.0,14.85
46146.0,7.Sunday,COL,Bogotá,385 MAÑANERO TURBO,01 USAQUEN,Rappi,1.0,89000.0,22.25
46146.0,7.Sunday,COL,Bogotá,385 MAÑANERO TURBO,06 COLINA,Rappi,1.0,48400.0,12.1
46146.0,7.Sunday,COL,Bogotá,386 LA CASA MEXICANA,01 USAQUEN,DiDi,2.0,208900.0,52.23
46146.0,7.Sunday,COL,Bogotá,386 LA CASA MEXICANA,02 PARQUE 93,DiDi,2.0,128600.0,32.15
46146.0,7.Sunday,COL,Bogotá,386 LA CASA MEXICANA,02 PARQUE 93,Rappi,2.0,81900.0,20.48
46146.0,7.Sunday,COL,Bogotá,386 LA CASA MEXICANA,03 CHAPINERO,DiDi,3.0,125000.0,31.25
46146.0,7.Sunday,COL,Bogotá,386 LA CASA MEXICANA,03 CHAPINERO,Rappi,5.0,273200.0,68.3
46146.0,7.Sunday,COL,Bogotá,386 LA CASA MEXICANA,06 COLINA,DiDi,1.0,57800.0,14.45
46146.0,7.Sunday,COL,Bogotá,386 LA CASA MEXICANA,06 COLINA,Rappi,1.0,28800.0,7.2
46146.0,7.Sunday,COL,Bogotá,386 LA CASA MEXICANA,08 ANDES,DiDi,1.0,22500.0,5.63
46146.0,7.Sunday,COL,Bogotá,386 LA CASA MEXICANA,08 ANDES,Rappi,1.0,31800.0,7.95
46146.0,7.Sunday,COL,Bogotá,386 LA CASA MEXICANA,15 ENGATIVA,Rappi,5.0,247900.0,61.98
46146.0,7.Sunday,COL,Bogotá,386 LA CASA MEXICANA,36 VILLA DEL PRADO,DiDi,1.0,28900.0,7.23
46146.0,7.Sunday,COL,Bogotá,386 LA CASA MEXICANA,36 VILLA DEL PRADO,Rappi,2.0,113500.0,28.38
46146.0,7.Sunday,COL,Bogotá,386 LA CASA MEXICANA,38 KENNEDY,DiDi,1.0,82700.0,20.68
46146.0,7.Sunday,COL,Bogotá,386 LA CASA MEXICANA,45 VERAGUAS,DiDi,1.0,90500.0,22.63
46146.0,7.Sunday,COL,Bogotá,386 LA CASA MEXICANA,65 CALLE 109,DiDi,3.0,134000.0,33.5
46146.0,7.Sunday,COL,Bogotá,386 LA CASA MEXICANA,65 CALLE 109,Rappi,1.0,21900.0,5.48
46146.0,7.Sunday,COL,Bogotá,387 THE EGG SPOT,01 USAQUEN,Rappi,1.0,25900.0,6.48
46146.0,7.Sunday,COL,Bogotá,387 THE EGG SPOT,02 PARQUE 93,Rappi,1.0,43400.0,10.85
46146.0,7.Sunday,COL,Bogotá,387 THE EGG SPOT,03 CHAPINERO,Rappi,1.0,38900.0,9.73
46146.0,7.Sunday,COL,Bogotá,387 THE EGG SPOT,06 COLINA,Rappi,1.0,82300.0,20.58
46146.0,7.Sunday,COL,Bogotá,387 THE EGG SPOT,36 VILLA DEL PRADO,Rappi,1.0,30500.0,7.63
46146.0,7.Sunday,COL,Bogotá,387 THE EGG SPOT,50 CHICO,Rappi,1.0,82400.0,20.6
46146.0,7.Sunday,COL,Bogotá,387 THE EGG SPOT,65 CALLE 109,Rappi,1.0,69300.0,17.33
46146.0,7.Sunday,COL,Bogotá,388 FOODHUB,02 PARQUE 93,Rappi,1.0,26800.0,6.7
46146.0,7.Sunday,COL,Bogotá,388 FOODHUB,15 ENGATIVA,Rappi,1.0,24900.0,6.23
46146.0,7.Sunday,COL,Bogotá,388 FOODHUB,45 VERAGUAS,DiDi,1.0,44800.0,11.2
46146.0,7.Sunday,COL,Bogotá,392 HONEST FOOD,01 USAQUEN,Rappi,3.0,194000.0,48.5
46146.0,7.Sunday,COL,Bogotá,392 HONEST FOOD,03 CHAPINERO,Rappi,4.0,163900.0,40.98
46146.0,7.Sunday,COL,Bogotá,392 HONEST FOOD,06 COLINA,Rappi,4.0,179900.0,44.98
46146.0,7.Sunday,COL,Bogotá,392 HONEST FOOD,36 VILLA DEL PRADO,Rappi,1.0,36500.0,9.13
46146.0,7.Sunday,COL,Bogotá,392 HONEST FOOD,38 KENNEDY,DiDi,1.0,62000.0,15.5
46146.0,7.Sunday,COL,Bogotá,392 HONEST FOOD,45 VERAGUAS,Rappi,2.0,68300.0,17.08
46146.0,7.Sunday,COL,Bogotá,392 HONEST FOOD,65 CALLE 109,Rappi,1.0,79400.0,19.85
46146.0,7.Sunday,COL,Bogotá,392 MONTEVERDE TURB,01 USAQUEN,Rappi,2.0,138500.0,34.63
46146.0,7.Sunday,COL,Bogotá,392 MONTEVERDE TURB,03 CHAPINERO,Rappi,9.0,398500.0,99.63
46146.0,7.Sunday,COL,Bogotá,392 MONTEVERDE TURB,06 COLINA,Rappi,4.0,205000.0,51.25
46146.0,7.Sunday,COL,Bogotá,392 MONTEVERDE TURB,08 ANDES,Rappi,2.0,46800.0,11.7
46146.0,7.Sunday,COL,Bogotá,392 MONTEVERDE TURB,36 VILLA DEL PRADO,Rappi,2.0,73400.0,18.35
46146.0,7.Sunday,COL,Bogotá,392 MONTEVERDE TURB,38 KENNEDY,Rappi,2.0,71400.0,17.85
46146.0,7.Sunday,COL,Bogotá,393 EL EJECUTIVO,03 CHAPINERO,DiDi,1.0,33400.0,8.35
46146.0,7.Sunday,COL,Bogotá,393 EL EJECUTIVO,03 CHAPINERO,Rappi,1.0,74900.0,18.73
46146.0,7.Sunday,COL,Bogotá,393 EL EJECUTIVO,08 ANDES,Rappi,1.0,35500.0,8.88
46146.0,7.Sunday,COL,Bogotá,393 EL EJECUTIVO,13 CHIA,DiDi,1.0,28900.0,7.23
46146.0,7.Sunday,COL,Bogotá,393 EL EJECUTIVO,13 CHIA,Rappi,1.0,98200.0,24.55
46146.0,7.Sunday,COL,Bogotá,393 HOUSEBURGER TURB,36 VILLA DEL PRADO,Rappi,3.0,169200.0,42.3
46146.0,7.Sunday,COL,Bogotá,394 COCINA CONSCIENT,01 USAQUEN,Rappi,1.0,65000.0,16.25
46146.0,7.Sunday,COL,Bogotá,394 COCINA CONSCIENT,02 PARQUE 93,Rappi,2.0,150600.0,37.65
46146.0,7.Sunday,COL,Bogotá,394 COCINA CONSCIENT,06 COLINA,DiDi,1.0,31500.0,7.88
46146.0,7.Sunday,COL,Bogotá,394 COCINA CONSCIENT,13 CHIA,DiDi,1.0,31500.0,7.88
46146.0,7.Sunday,COL,Bogotá,394 COCINA CONSCIENT,13 CHIA,Rappi,1.0,36500.0,9.13
46146.0,7.Sunday,COL,Bogotá,394 COCINA CONSCIENT,15 ENGATIVA,Rappi,3.0,163900.0,40.98
46146.0,7.Sunday,COL,Bogotá,395 BISTRO - TURBO,36 VILLA DEL PRADO,Rappi,2.0,88700.0,22.18
46146.0,7.Sunday,COL,Bogotá,396 NUMA MEDITERRAN,01 USAQUEN,Rappi,1.0,49800.0,12.45
46146.0,7.Sunday,COL,Bogotá,396 NUMA MEDITERRAN,02 PARQUE 93,DiDi,2.0,67700.0,16.93
46146.0,7.Sunday,COL,Bogotá,396 NUMA MEDITERRAN,03 CHAPINERO,DiDi,1.0,24900.0,6.23
46146.0,7.Sunday,COL,Bogotá,396 NUMA MEDITERRAN,06 COLINA,DiDi,1.0,24900.0,6.23
46146.0,7.Sunday,COL,Bogotá,396 NUMA MEDITERRAN,15 ENGATIVA,DiDi,1.0,15500.0,3.88
46146.0,7.Sunday,COL,Bogotá,401 BURRITOS PASE,67 PLAZA CLARO COURT,FoodologyPOS,6.0,179700.0,44.93
46146.0,7.Sunday,COL,Bogotá,401 BURRITOS PASE,67 PLAZA CLARO COURT,Rappi,3.0,235500.0,58.88
46146.0,7.Sunday,COL,Bogotá,401 DESA ABUELA TURBO,08 ANDES,Rappi,1.0,36800.0,9.2
46146.0,7.Sunday,COL,Bogotá,402 EJECUT TRAD TURBO,03 CHAPINERO,Rappi,1.0,31500.0,7.88
46146.0,7.Sunday,COL,Bogotá,402 LA CUADRA PASE,67 PLAZA CLARO COURT,FoodologyPOS,14.0,464700.0,116.18
46146.0,7.Sunday,COL,Bogotá,402 LA CUADRA PASE,67 PLAZA CLARO COURT,Rappi,0.0,0.0,0.0
46146.0,7.Sunday,COL,Bogotá,403 HONEST FOOD TURBO,01 USAQUEN,Rappi,1.0,64000.0,16.0
46146.0,7.Sunday,COL,Bogotá,403 HONEST FOOD TURBO,03 CHAPINERO,Rappi,2.0,85300.0,21.33
46146.0,7.Sunday,COL,Bogotá,403 HONEST FOOD TURBO,06 COLINA,Rappi,1.0,63000.0,15.75
46146.0,7.Sunday,COL,Bogotá,403 HONEST FOOD TURBO,36 VILLA DEL PRADO,Rappi,1.0,29500.0,7.38
46146.0,7.Sunday,COL,Bogotá,405 BREAKFACLUB TURBO,01 USAQUEN,Rappi,3.0,128600.0,32.15
46146.0,7.Sunday,COL,Bogotá,405 BREAKFACLUB TURBO,02 PARQUE 93,Rappi,1.0,37800.0,9.45
46146.0,7.Sunday,COL,Bogotá,405 BREAKFACLUB TURBO,06 COLINA,Rappi,1.0,35500.0,8.88
46146.0,7.Sunday,COL,Bogotá,405 BREAKFACLUB TURBO,36 VILLA DEL PRADO,Rappi,4.0,216000.0,54.0
46146.0,7.Sunday,COL,Bogotá,405 BREAKFACLUB TURBO,38 KENNEDY,Rappi,2.0,110900.0,27.73
46146.0,7.Sunday,COL,Bogotá,405 BREAKFACLUB TURBO,65 CALLE 109,Rappi,1.0,53400.0,13.35
46146.0,7.Sunday,COL,Bogotá,406 ALMZ LA CASA PAS,67 PLAZA CLARO COURT,Rappi,1.0,22900.0,5.73
46146.0,7.Sunday,COL,Bogotá,409 THE EGG SPOT TU,36 VILLA DEL PRADO,Rappi,3.0,205400.0,51.35
46146.0,7.Sunday,COL,Bogotá,411 DORIT LOC BY DOR,01 USAQUEN,Rappi,2.0,67800.0,16.95
46146.0,7.Sunday,COL,Bogotá,411 DORIT LOC BY DOR,02 PARQUE 93,Rappi,0.0,0.0,0.0
46146.0,7.Sunday,COL,Bogotá,411 DORIT LOC BY DOR,03 CHAPINERO,Rappi,0.0,0.0,0.0
46146.0,7.Sunday,COL,Bogotá,411 DORIT LOC BY DOR,08 ANDES,Rappi,2.0,58800.0,14.7
46146.0,7.Sunday,COL,Bogotá,411 DORIT LOC BY DOR,38 KENNEDY,Rappi,0.0,0.0,0.0
46146.0,7.Sunday,COL,Bogotá,419 CASA ARABE,01 USAQUEN,Rappi,2.0,154300.0,38.58
46146.0,7.Sunday,COL,Bogotá,419 CASA ARABE,03 CHAPINERO,Rappi,2.0,71400.0,17.85
46146.0,7.Sunday,COL,Bogotá,419 CASA ARABE,06 COLINA,Rappi,1.0,26900.0,6.73
46146.0,7.Sunday,COL,Bogotá,419 CASA ARABE,36 VILLA DEL PRADO,Rappi,3.0,297700.0,74.43
46146.0,7.Sunday,COL,Bogotá,420 DESGRANADOS & CO,01 USAQUEN,Rappi,1.0,45900.0,11.48
46146.0,7.Sunday,COL,Bogotá,420 DESGRANADOS & CO,02 PARQUE 93,Rappi,3.0,113700.0,28.43
46146.0,7.Sunday,COL,Bogotá,420 DESGRANADOS & CO,03 CHAPINERO,Rappi,1.0,50400.0,12.6
46146.0,7.Sunday,COL,Bogotá,420 DESGRANADOS & CO,06 COLINA,Rappi,1.0,31900.0,7.98
46146.0,7.Sunday,COL,Bogotá,420 DESGRANADOS & CO,08 ANDES,Rappi,2.0,134200.0,33.55
46146.0,7.Sunday,COL,Bogotá,420 DESGRANADOS & CO,13 CHIA,Rappi,1.0,38400.0,9.6
46146.0,7.Sunday,COL,Bogotá,420 DESGRANADOS & CO,15 ENGATIVA,Rappi,1.0,44800.0,11.2
46146.0,7.Sunday,COL,Bogotá,420 DESGRANADOS & CO,36 VILLA DEL PRADO,Rappi,1.0,44900.0,11.23
46146.0,7.Sunday,COL,Bogotá,420 DESGRANADOS & CO,38 KENNEDY,Rappi,1.0,54400.0,13.6
46146.0,7.Sunday,COL,Bogotá,423 DESAY TIERRITURB,06 COLINA,Rappi,2.0,124100.0,31.03
46146.0,7.Sunday,COL,Bogotá,423 DESAY TIERRITURB,65 CALLE 109,Rappi,2.0,142200.0,35.55
46146.0,7.Sunday,COL,Bogotá,424 DORITO LOCO TURB,03 CHAPINERO,Rappi,1.0,35900.0,8.98
46146.0,7.Sunday,COL,Bogotá,424 DORITO LOCO TURB,08 ANDES,Rappi,1.0,38900.0,9.73
46146.0,7.Sunday,COL,Bogotá,425 LA CASA MEXITURB,01 USAQUEN,Rappi,1.0,28900.0,7.23
46146.0,7.Sunday,COL,Bogotá,425 LA CASA MEXITURB,36 VILLA DEL PRADO,Rappi,1.0,21900.0,5.48
46146.0,7.Sunday,COL,Bogotá,425 LA CASA MEXITURB,38 KENNEDY,Rappi,2.0,67700.0,16.93
46146.0,7.Sunday,COL,Bogotá,425 LA CASA MEXITURB,65 CALLE 109,Rappi,1.0,28900.0,7.23
46146.0,7.Sunday,COL,Bogotá,428 SELVATIKO TURBO,36 VILLA DEL PRADO,Rappi,1.0,46400.0,11.6
46146.0,7.Sunday,COL,Bogotá,429 SEÑOR BURRI TURB,02 PARQUE 93,Rappi,2.0,84000.0,21.0
46146.0,7.Sunday,COL,Bogotá,429 SEÑOR BURRI TURB,06 COLINA,Rappi,1.0,17500.0,4.38
46146.0,7.Sunday,COL,Bogotá,429 SEÑOR BURRI TURB,08 ANDES,Rappi,2.0,63200.0,15.8
46146.0,7.Sunday,COL,Bogotá,429 SEÑOR BURRI TURB,38 KENNEDY,Rappi,1.0,39800.0,9.95
46146.0,7.Sunday,COL,Bogotá,429 SEÑOR BURRI TURB,65 CALLE 109,Rappi,2.0,76000.0,19.0
46146.0,7.Sunday,COL,Bogotá,44 SELVATIKO,01 USAQUEN,DiDi,1.0,46800.0,11.7
46146.0,7.Sunday,COL,Bogotá,44 SELVATIKO,02 PARQUE 93,Rappi,1.0,39900.0,9.98
46146.0,7.Sunday,COL,Bogotá,44 SELVATIKO,03 CHAPINERO,DiDi,1.0,12900.0,3.23
46146.0,7.Sunday,COL,Bogotá,44 SELVATIKO,15 ENGATIVA,DiDi,1.0,33800.0,8.45
46146.0,7.Sunday,COL,Bogotá,44 SELVATIKO,65 CALLE 109,Rappi,1.0,38000.0,9.5
46146.0,7.Sunday,COL,Bogotá,448 DESAY COLOMBIANO,01 USAQUEN,Rappi,5.0,156200.0,39.05
46146.0,7.Sunday,COL,Bogotá,448 DESAY COLOMBIANO,02 PARQUE 93,Rappi,7.0,253400.0,63.35
46146.0,7.Sunday,COL,Bogotá,448 DESAY COLOMBIANO,03 CHAPINERO,Rappi,3.0,86100.0,21.53
46146.0,7.Sunday,COL,Bogotá,448 DESAY COLOMBIANO,06 COLINA,Rappi,3.0,107300.0,26.83
46146.0,7.Sunday,COL,Bogotá,448 DESAY COLOMBIANO,08 ANDES,Rappi,3.0,133300.0,33.33
46146.0,7.Sunday,COL,Bogotá,448 DESAY COLOMBIANO,15 ENGATIVA,Rappi,2.0,116300.0,29.08
46146.0,7.Sunday,COL,Bogotá,448 DESAY COLOMBIANO,45 VERAGUAS,Rappi,1.0,59600.0,14.9
46146.0,7.Sunday,COL,Bogotá,448 DESAY COLOMBIANO,50 CHICO,Rappi,1.0,84500.0,21.13
46146.0,7.Sunday,COL,Bogotá,448 DESAY COLOMBIANO,65 CALLE 109,Rappi,1.0,29400.0,7.35
46146.0,7.Sunday,COL,Bogotá,54 FOODOLOGY,06 COLINA,Rappi,1.0,29700.0,7.43
46146.0,7.Sunday,COL,Bogotá,54 FOODOLOGY,08 ANDES,DiDi,1.0,35800.0,8.95
46146.0,7.Sunday,COL,Bogotá,54 FOODOLOGY,13 CHIA,Rappi,1.0,76500.0,19.13
46146.0,7.Sunday,COL,Bogotá,54 FOODOLOGY,15 ENGATIVA,DiDi,1.0,51200.0,12.8
46146.0,7.Sunday,COL,Bogotá,54 FOODOLOGY,36 VILLA DEL PRADO,Rappi,2.0,86300.0,21.58
46146.0,7.Sunday,COL,Bogotá,54 FOODOLOGY,38 KENNEDY,DiDi,1.0,21800.0,5.45
46146.0,7.Sunday,COL,Bogotá,57 PRET SANDWICH BIS,01 USAQUEN,Rappi,1.0,22000.0,5.5
46146.0,7.Sunday,COL,Bogotá,57 PRET SANDWICH BIS,02 PARQUE 93,Rappi,4.0,103800.0,25.95
46146.0,7.Sunday,COL,Bogotá,57 PRET SANDWICH BIS,03 CHAPINERO,Rappi,2.0,60400.0,15.1
46146.0,7.Sunday,COL,Bogotá,57 PRET SANDWICH BIS,06 COLINA,Rappi,1.0,52700.0,13.18
46146.0,7.Sunday,COL,Bogotá,57 PRET SANDWICH BIS,65 CALLE 109,Rappi,3.0,147700.0,36.93
46146.0,7.Sunday,COL,Bogotá,58 ALBA VEGETARIAN,03 CHAPINERO,Rappi,2.0,92300.0,23.08
46146.0,7.Sunday,COL,Bogotá,58 ALBA VEGETARIAN,06 COLINA,DiDi,1.0,33400.0,8.35
46146.0,7.Sunday,COL,Bogotá,58 ALBA VEGETARIAN,08 ANDES,DiDi,2.0,76900.0,19.23
46146.0,7.Sunday,COL,Bogotá,58 ALBA VEGETARIAN,08 ANDES,Rappi,1.0,58800.0,14.7
46146.0,7.Sunday,COL,Bogotá,58 ALBA VEGETARIAN,15 ENGATIVA,DiDi,6.0,232200.0,58.05
46146.0,7.Sunday,COL,Bogotá,58 ALBA VEGETARIAN,15 ENGATIVA,Rappi,1.0,38400.0,9.6
46146.0,7.Sunday,COL,Bogotá,58 ALBA VEGETARIAN,36 VILLA DEL PRADO,DiDi,2.0,92900.0,23.23
46146.0,7.Sunday,COL,Bogotá,58 ALBA VEGETARIAN,36 VILLA DEL PRADO,Rappi,3.0,119300.0,29.83
46146.0,7.Sunday,COL,Bogotá,58 ALBA VEGETARIAN,38 KENNEDY,DiDi,2.0,59400.0,14.85
46146.0,7.Sunday,COL,Bogotá,58 ALBA VEGETARIAN,38 KENNEDY,Rappi,1.0,17900.0,4.48
46146.0,7.Sunday,COL,Bogotá,58 ALBA VEGETARIAN,45 VERAGUAS,DiDi,1.0,38800.0,9.7
46146.0,7.Sunday,COL,Bogotá,58 ALBA VEGETARIAN,65 CALLE 109,Rappi,1.0,12900.0,3.23
46146.0,7.Sunday,COL,Bogotá,59 DEMBOW,03 CHAPINERO,Rappi,1.0,87400.0,21.85
46146.0,7.Sunday,COL,Bogotá,59 DEMBOW,06 COLINA,DiDi,1.0,21000.0,5.25
46146.0,7.Sunday,COL,Bogotá,59 DEMBOW,38 KENNEDY,Rappi,1.0,88800.0,22.2
46146.0,7.Sunday,COL,Bogotá,59 DEMBOW,45 VERAGUAS,Rappi,1.0,47000.0,11.75
46146.0,7.Sunday,COL,Bogotá,65 SAN JERONIMO HELA,02 PARQUE 93,Rappi,1.0,38700.0,9.68
46146.0,7.Sunday,COL,Bogotá,65 SAN JERONIMO HELA,03 CHAPINERO,Rappi,1.0,12900.0,3.23
46146.0,7.Sunday,COL,Bogotá,65 SAN JERONIMO HELA,36 VILLA DEL PRADO,Rappi,1.0,12900.0,3.23
46146.0,7.Sunday,COL,Bogotá,70 BURRITO CANTINA,03 CHAPINERO,Rappi,1.0,14900.0,3.73
46146.0,7.Sunday,COL,Bogotá,70 BURRITO CANTINA,13 CHIA,Rappi,3.0,108100.0,27.03
46146.0,7.Sunday,COL,Bogotá,72 VICIO,08 ANDES,DiDi,1.0,46900.0,11.73
46146.0,7.Sunday,COL,Bogotá,72 VICIO,13 CHIA,DiDi,1.0,46900.0,11.73
46146.0,7.Sunday,COL,Bogotá,72 VICIO,15 ENGATIVA,DiDi,1.0,46900.0,11.73
46146.0,7.Sunday,COL,Bogotá,72 VICIO,38 KENNEDY,DiDi,1.0,46900.0,11.73
46146.0,7.Sunday,COL,Bogotá,73 ACPM CORRIENTAZO,08 ANDES,Rappi,1.0,23900.0,5.98
46146.0,7.Sunday,COL,Bogotá,82 CINNABON,01 USAQUEN,DiDi,1.0,53600.0,13.4
46146.0,7.Sunday,COL,Bogotá,82 CINNABON,01 USAQUEN,Rappi,9.0,305700.0,76.43
46146.0,7.Sunday,COL,Bogotá,82 CINNABON,03 CHAPINERO,Justo,1.0,40900.0,10.23
46146.0,7.Sunday,COL,Bogotá,82 CINNABON,03 CHAPINERO,Rappi,14.0,672000.0,168.0
46146.0,7.Sunday,COL,Bogotá,82 CINNABON,13 CHIA,DiDi,1.0,15500.0,3.88
46146.0,7.Sunday,COL,Bogotá,82 CINNABON,13 CHIA,Rappi,8.0,165400.0,41.35
46146.0,7.Sunday,COL,Bogotá,82 CINNABON,15 ENGATIVA,DiDi,5.0,109000.0,27.25
46146.0,7.Sunday,COL,Bogotá,82 CINNABON,15 ENGATIVA,Rappi,4.0,163800.0,40.95
46146.0,7.Sunday,COL,Bogotá,82 CINNABON,36 VILLA DEL PRADO,DiDi,4.0,69200.0,17.3
46146.0,7.Sunday,COL,Bogotá,82 CINNABON,36 VILLA DEL PRADO,Justo,1.0,69900.0,17.48
46146.0,7.Sunday,COL,Bogotá,82 CINNABON,36 VILLA DEL PRADO,Rappi,15.0,608600.0,152.15
46146.0,7.Sunday,COL,Bogotá,82 CINNABON,45 VERAGUAS,DiDi,2.0,101700.0,25.43
46146.0,7.Sunday,COL,Bogotá,82 CINNABON,45 VERAGUAS,Rappi,8.0,276000.0,69.0
46146.0,7.Sunday,COL,Bogotá,82 CINNABON,65 CALLE 109,Rappi,12.0,433500.0,108.38
46146.0,7.Sunday,COL,Bogotá,83 SANDUCHES EL JEFE,01 USAQUEN,DiDi,1.0,28900.0,7.23
46146.0,7.Sunday,COL,Bogotá,83 SANDUCHES EL JEFE,01 USAQUEN,Rappi,3.0,164500.0,41.13
46146.0,7.Sunday,COL,Bogotá,83 SANDUCHES EL JEFE,02 PARQUE 93,DiDi,1.0,33400.0,8.35
46146.0,7.Sunday,COL,Bogotá,83 SANDUCHES EL JEFE,02 PARQUE 93,Rappi,1.0,97800.0,24.45
46146.0,7.Sunday,COL,Bogotá,83 SANDUCHES EL JEFE,03 CHAPINERO,DiDi,2.0,70500.0,17.63
46146.0,7.Sunday,COL,Bogotá,83 SANDUCHES EL JEFE,03 CHAPINERO,Rappi,2.0,68800.0,17.2
46146.0,7.Sunday,COL,Bogotá,83 SANDUCHES EL JEFE,06 COLINA,DiDi,1.0,42500.0,10.63
46146.0,7.Sunday,COL,Bogotá,83 SANDUCHES EL JEFE,06 COLINA,Rappi,2.0,134400.0,33.6
46146.0,7.Sunday,COL,Bogotá,83 SANDUCHES EL JEFE,08 ANDES,DiDi,1.0,25500.0,6.38
46146.0,7.Sunday,COL,Bogotá,83 SANDUCHES EL JEFE,13 CHIA,Rappi,1.0,138000.0,34.5
46146.0,7.Sunday,COL,Bogotá,84 CINNABON PASE,39 SALVIO,FoodologyPOS,41.0,1122900.0,280.73
46146.0,7.Sunday,COL,Bogotá,84 CINNABON PASE,39 SALVIO,Rappi,2.0,71700.0,17.93
46146.0,7.Sunday,COL,Bogotá,84 CINNABON PASE,50 CHICO,DiDi,1.0,29900.0,7.48
46146.0,7.Sunday,COL,Bogotá,84 CINNABON PASE,55 TITAN,FoodologyPOS,74.0,1569800.0,392.45
46146.0,7.Sunday,COL,Bogotá,84 CINNABON PASE,55 TITAN,Rappi,4.0,120800.0,30.2
46146.0,7.Sunday,COL,Bogotá,84 CINNABON PASE,56 SANTAFE BOG,FoodologyPOS,71.0,1784000.0,446.0
46146.0,7.Sunday,COL,Bogotá,84 CINNABON PASE,56 SANTAFE BOG,Rappi,2.0,90800.0,22.7
46146.0,7.Sunday,COL,Bogotá,84 CINNABON PASE,61 CHICO CINNABON,FoodologyPOS,4.0,103200.0,25.8
46146.0,7.Sunday,COL,Bogotá,84 CINNABON PASE,66 PLAZA CLARO CINNA,FoodologyPOS,51.0,1227900.0,306.98
46146.0,7.Sunday,COL,Bogotá,84 CINNABON PASE,66 PLAZA CLARO CINNA,Rappi,6.0,271500.0,67.88
46146.0,7.Sunday,COL,Bogotá,86 FROST TURBO,01 USAQUEN,Rappi,2.0,38700.0,9.68
46146.0,7.Sunday,COL,Bogotá,86 FROST TURBO,02 PARQUE 93,Rappi,1.0,43800.0,10.95
46146.0,7.Sunday,COL,Bogotá,86 FROST TURBO,03 CHAPINERO,Rappi,4.0,75500.0,18.88
46146.0,7.Sunday,COL,Bogotá,86 FROST TURBO,06 COLINA,Rappi,3.0,80600.0,20.15
46146.0,7.Sunday,COL,Bogotá,86 FROST TURBO,08 ANDES,Rappi,2.0,49700.0,12.43
46146.0,7.Sunday,COL,Bogotá,86 FROST TURBO,36 VILLA DEL PRADO,Rappi,2.0,51800.0,12.95
46146.0,7.Sunday,COL,Bogotá,86 FROST TURBO,38 KENNEDY,Rappi,1.0,12900.0,3.23
46146.0,7.Sunday,COL,Bogotá,86 FROST TURBO,65 CALLE 109,Rappi,1.0,77400.0,19.35
46146.0,7.Sunday,COL,Bogotá,87 VICIO TURBO,01 USAQUEN,Rappi,1.0,49500.0,12.38
46146.0,7.Sunday,COL,Bogotá,87 VICIO TURBO,06 COLINA,Rappi,2.0,71300.0,17.83
46146.0,7.Sunday,COL,Bogotá,87 VICIO TURBO,36 VILLA DEL PRADO,Rappi,2.0,80400.0,20.1
46146.0,7.Sunday,COL,Bogotá,88 CINNABON TURBO,01 USAQUEN,Rappi,9.0,330400.0,82.6
46146.0,7.Sunday,COL,Bogotá,88 CINNABON TURBO,36 VILLA DEL PRADO,Rappi,10.0,285800.0,71.45
46146.0,7.Sunday,COL,Bogotá,88 CINNABON TURBO,50 CHICO,Rappi,4.0,109300.0,27.33
46146.0,7.Sunday,COL,Bogotá,88 CINNABON TURBO,65 CALLE 109,Rappi,11.0,418200.0,104.55
46146.0,7.Sunday,COL,Bogotá,90 AVOCALIA TURBO,01 USAQUEN,Rappi,13.0,522400.0,130.6
46146.0,7.Sunday,COL,Bogotá,90 AVOCALIA TURBO,03 CHAPINERO,Rappi,5.0,205000.0,51.25
46146.0,7.Sunday,COL,Bogotá,90 AVOCALIA TURBO,06 COLINA,Rappi,3.0,105800.0,26.45
46146.0,7.Sunday,COL,Bogotá,90 AVOCALIA TURBO,08 ANDES,Rappi,1.0,41800.0,10.45
46146.0,7.Sunday,COL,Bogotá,90 AVOCALIA TURBO,36 VILLA DEL PRADO,Rappi,6.0,182700.0,45.68
46146.0,7.Sunday,COL,Bogotá,90 AVOCALIA TURBO,38 KENNEDY,Rappi,4.0,134700.0,33.68
46146.0,7.Sunday,COL,Bogotá,90 AVOCALIA TURBO,50 CHICO,Rappi,14.0,643300.0,160.83
46146.0,7.Sunday,COL,Bogotá,90 AVOCALIA TURBO,65 CALLE 109,Rappi,7.0,282400.0,70.6
46146.0,7.Sunday,COL,Bogotá,92 BRUNCH&MUNCH TURB,01 USAQUEN,Rappi,3.0,192600.0,48.15
46146.0,7.Sunday,COL,Bogotá,92 BRUNCH&MUNCH TURB,02 PARQUE 93,Rappi,1.0,53300.0,13.33
46146.0,7.Sunday,COL,Bogotá,92 BRUNCH&MUNCH TURB,03 CHAPINERO,Rappi,1.0,71700.0,17.93
46146.0,7.Sunday,COL,Bogotá,92 BRUNCH&MUNCH TURB,08 ANDES,Rappi,1.0,44800.0,11.2
46146.0,7.Sunday,COL,Bogotá,92 BRUNCH&MUNCH TURB,38 KENNEDY,Rappi,1.0,42300.0,10.58
46146.0,7.Sunday,COL,Bogotá,92 BRUNCH&MUNCH TURB,50 CHICO,Rappi,4.0,457700.0,114.43
46146.0,7.Sunday,COL,Bogotá,92 BRUNCH&MUNCH TURB,65 CALLE 109,Rappi,13.0,710200.0,177.55
46146.0,7.Sunday,COL,Bogotá,93 SAN JERONIMO TURB,01 USAQUEN,Rappi,6.0,161000.0,40.25
46146.0,7.Sunday,COL,Bogotá,93 SAN JERONIMO TURB,02 PARQUE 93,Rappi,6.0,161000.0,40.25
46146.0,7.Sunday,COL,Bogotá,93 SAN JERONIMO TURB,03 CHAPINERO,Rappi,4.0,103500.0,25.88
46146.0,7.Sunday,COL,Bogotá,93 SAN JERONIMO TURB,06 COLINA,Rappi,4.0,115000.0,28.75
46146.0,7.Sunday,COL,Bogotá,93 SAN JERONIMO TURB,36 VILLA DEL PRADO,Rappi,4.0,138000.0,34.5
46146.0,7.Sunday,COL,Bogotá,93 SAN JERONIMO TURB,38 KENNEDY,Rappi,2.0,46000.0,11.5
46146.0,7.Sunday,COL,Bucaramanga,01 AVOCALIA,42 CABECERA,DiDi,3.0,141600.0,35.4
46146.0,7.Sunday,COL,Bucaramanga,01 AVOCALIA,42 CABECERA,Rappi,18.0,867600.0,216.9
46146.0,7.Sunday,COL,Bucaramanga,02 BOTTANIKO,42 CABECERA,Rappi,1.0,60000.0,15.0
46146.0,7.Sunday,COL,Bucaramanga,03 BRUNCH & MUNCH,42 CABECERA,DiDi,2.0,83600.0,20.9
46146.0,7.Sunday,COL,Bucaramanga,03 BRUNCH & MUNCH,42 CABECERA,Rappi,16.0,944800.0,236.2
46146.0,7.Sunday,COL,Bucaramanga,04 BURRITOS & CO,42 CABECERA,DiDi,12.0,441800.0,110.45
46146.0,7.Sunday,COL,Bucaramanga,04 BURRITOS & CO,42 CABECERA,Rappi,15.0,677500.0,169.38
46146.0,7.Sunday,COL,Bucaramanga,05 CACEROLA,42 CABECERA,DiDi,1.0,25800.0,6.45
46146.0,7.Sunday,COL,Bucaramanga,07 LA CUADRA,42 CABECERA,DiDi,11.0,514700.0,128.68
46146.0,7.Sunday,COL,Bucaramanga,07 LA CUADRA,42 CABECERA,Rappi,15.0,762500.0,190.63
46146.0,7.Sunday,COL,Bucaramanga,110 MR BEAST BURGER,42 CABECERA,DiDi,18.0,931700.0,232.93
46146.0,7.Sunday,COL,Bucaramanga,110 MR BEAST BURGER,42 CABECERA,Rappi,4.0,234900.0,58.73
46146.0,7.Sunday,COL,Bucaramanga,1120 FOODOLOGY TUR,42 CABECERA,Rappi,1.0,56000.0,14.0
46146.0,7.Sunday,COL,Bucaramanga,113 QUE CHICKEN,42 CABECERA,Rappi,1.0,46400.0,11.6
46146.0,7.Sunday,COL,Bucaramanga,117 LA PANQUEQUERIA,42 CABECERA,Rappi,3.0,99800.0,24.95
46146.0,7.Sunday,COL,Bucaramanga,26 ALMUERZO DE LA CA,42 CABECERA,DiDi,17.0,457900.0,114.48
46146.0,7.Sunday,COL,Bucaramanga,26 ALMUERZO DE LA CA,42 CABECERA,Rappi,3.0,86100.0,21.53
46146.0,7.Sunday,COL,Bucaramanga,27 DESAYUNO MI TIERR,42 CABECERA,DiDi,1.0,45000.0,11.25
46146.0,7.Sunday,COL,Bucaramanga,35 BRUNCH CLUB,42 CABECERA,DiDi,2.0,92100.0,23.03
46146.0,7.Sunday,COL,Bucaramanga,352 BURRITOS & CO TU,42 CABECERA,Rappi,13.0,685300.0,171.33
46146.0,7.Sunday,COL,Bucaramanga,353 LA CUADRA TURBO,42 CABECERA,Rappi,19.0,974200.0,243.55
46146.0,7.Sunday,COL,Bucaramanga,359 GREEN HOUSE,42 CABECERA,Rappi,4.0,156400.0,39.1
46146.0,7.Sunday,COL,Bucaramanga,362 ÑAMGUCHERIA,42 CABECERA,DiDi,6.0,218400.0,54.6
46146.0,7.Sunday,COL,Bucaramanga,362 ÑAMGUCHERIA,42 CABECERA,Rappi,10.0,402300.0,100.58
46146.0,7.Sunday,COL,Bucaramanga,363 GREEN HOUSE TURB,42 CABECERA,Rappi,9.0,351600.0,87.9
46146.0,7.Sunday,COL,Bucaramanga,370 MONTEVERDE,42 CABECERA,Rappi,2.0,91800.0,22.95
46146.0,7.Sunday,COL,Bucaramanga,380 BREAKFAST CLUB,42 CABECERA,Rappi,8.0,550500.0,137.63
46146.0,7.Sunday,COL,Bucaramanga,381 DESAYU LA ABUELA,42 CABECERA,DiDi,7.0,303000.0,75.75
46146.0,7.Sunday,COL,Bucaramanga,381 DESAYU LA ABUELA,42 CABECERA,Rappi,13.0,797600.0,199.4
46146.0,7.Sunday,COL,Bucaramanga,385 MAÑANERO TURBO,42 CABECERA,Rappi,1.0,27900.0,6.98
46146.0,7.Sunday,COL,Bucaramanga,386 LA CASA MEXICANA,42 CABECERA,DiDi,5.0,196000.0,49.0
46146.0,7.Sunday,COL,Bucaramanga,386 LA CASA MEXICANA,42 CABECERA,Rappi,2.0,87700.0,21.93
46146.0,7.Sunday,COL,Bucaramanga,392 HONEST FOOD,42 CABECERA,Rappi,1.0,29500.0,7.38
46146.0,7.Sunday,COL,Bucaramanga,392 MONTEVERDE TURB,42 CABECERA,Rappi,2.0,64500.0,16.13
46146.0,7.Sunday,COL,Bucaramanga,393 EL EJECUTIVO,42 CABECERA,DiDi,4.0,163300.0,40.83
46146.0,7.Sunday,COL,Bucaramanga,393 EL EJECUTIVO,42 CABECERA,Rappi,3.0,124500.0,31.13
46146.0,7.Sunday,COL,Bucaramanga,394 COCINA CONSCIENT,42 CABECERA,Rappi,2.0,110800.0,27.7
46146.0,7.Sunday,COL,Bucaramanga,401 DESA ABUELA TURBO,42 CABECERA,Rappi,1.0,22900.0,5.73
46146.0,7.Sunday,COL,Bucaramanga,402 EJECUT TRAD TURBO,42 CABECERA,Rappi,1.0,28500.0,7.13
46146.0,7.Sunday,COL,Bucaramanga,403 HONEST FOOD TURBO,42 CABECERA,Rappi,2.0,93500.0,23.38
46146.0,7.Sunday,COL,Bucaramanga,405 BREAKFACLUB TURBO,42 CABECERA,Rappi,1.0,32500.0,8.13
46146.0,7.Sunday,COL,Bucaramanga,409 THE EGG SPOT TU,42 CABECERA,Rappi,3.0,143900.0,35.98
46146.0,7.Sunday,COL,Bucaramanga,420 DESGRANADOS & CO,42 CABECERA,Rappi,6.0,359700.0,89.93
46146.0,7.Sunday,COL,Bucaramanga,423 DESAY TIERRITURB,42 CABECERA,Rappi,1.0,25900.0,6.48
46146.0,7.Sunday,COL,Bucaramanga,428 SELVATIKO TURBO,42 CABECERA,Rappi,1.0,23900.0,5.98
46146.0,7.Sunday,COL,Bucaramanga,429 SEÑOR BURRI TURB,42 CABECERA,Rappi,2.0,69700.0,17.43
46146.0,7.Sunday,COL,Bucaramanga,44 SELVATIKO,42 CABECERA,Rappi,1.0,28900.0,7.23
46146.0,7.Sunday,COL,Bucaramanga,448 DESAY COLOMBIANO,42 CABECERA,Rappi,2.0,41800.0,10.45
46146.0,7.Sunday,COL,Bucaramanga,54 FOODOLOGY,42 CABECERA,Rappi,1.0,21500.0,5.38
46146.0,7.Sunday,COL,Bucaramanga,57 PRET SANDWICH BIS,42 CABECERA,Rappi,1.0,67800.0,16.95
46146.0,7.Sunday,COL,Bucaramanga,58 ALBA VEGETARIAN,42 CABECERA,DiDi,1.0,40400.0,10.1
46146.0,7.Sunday,COL,Bucaramanga,58 ALBA VEGETARIAN,42 CABECERA,Rappi,1.0,17900.0,4.48
46146.0,7.Sunday,COL,Bucaramanga,59 DEMBOW,42 CABECERA,Rappi,1.0,47400.0,11.85
46146.0,7.Sunday,COL,Bucaramanga,70 BURRITO CANTINA,42 CABECERA,Rappi,1.0,79500.0,19.88
46146.0,7.Sunday,COL,Bucaramanga,72 VICIO,42 CABECERA,Rappi,2.0,99000.0,24.75
46146.0,7.Sunday,COL,Bucaramanga,73 ACPM CORRIENTAZO,42 CABECERA,Rappi,2.0,46300.0,11.58
46146.0,7.Sunday,COL,Bucaramanga,82 CINNABON,42 CABECERA,DiDi,2.0,96600.0,24.15
46146.0,7.Sunday,COL,Bucaramanga,82 CINNABON,42 CABECERA,Rappi,9.0,250900.0,62.73
46146.0,7.Sunday,COL,Bucaramanga,83 SANDUCHES EL JEFE,42 CABECERA,DiDi,1.0,25500.0,6.38
46146.0,7.Sunday,COL,Bucaramanga,88 CINNABON TURBO,42 CABECERA,Rappi,2.0,75800.0,18.95
46146.0,7.Sunday,COL,Bucaramanga,90 AVOCALIA TURBO,42 CABECERA,Rappi,6.0,214600.0,53.65
46146.0,7.Sunday,COL,Bucaramanga,92 BRUNCH&MUNCH TURB,42 CABECERA,Rappi,1.0,59400.0,14.85
46146.0,7.Sunday,COL,Cali,01 AVOCALIA,22 SANTA MONICA,Rappi,23.0,1056400.0,264.1
46146.0,7.Sunday,COL,Cali,01 AVOCALIA,24 SAN FERNANDO,Rappi,17.0,764400.0,191.1
46146.0,7.Sunday,COL,Cali,01 AVOCALIA,46 INGENIO,Rappi,18.0,1058800.0,264.7
46146.0,7.Sunday,COL,Cali,02 BOTTANIKO,22 SANTA MONICA,DiDi,1.0,31400.0,7.85
46146.0,7.Sunday,COL,Cali,03 BRUNCH & MUNCH,22 SANTA MONICA,DiDi,1.0,25900.0,6.48
46146.0,7.Sunday,COL,Cali,03 BRUNCH & MUNCH,22 SANTA MONICA,Rappi,17.0,1095600.0,273.9
46146.0,7.Sunday,COL,Cali,03 BRUNCH & MUNCH,24 SAN FERNANDO,Rappi,19.0,1561400.0,390.35
46146.0,7.Sunday,COL,Cali,03 BRUNCH & MUNCH,46 INGENIO,Rappi,16.0,986600.0,246.65
46146.0,7.Sunday,COL,Cali,04 BURRITOS & CO,22 SANTA MONICA,DiDi,2.0,45800.0,11.45
46146.0,7.Sunday,COL,Cali,04 BURRITOS & CO,22 SANTA MONICA,Rappi,10.0,539900.0,134.98
46146.0,7.Sunday,COL,Cali,04 BURRITOS & CO,24 SAN FERNANDO,DiDi,2.0,124400.0,31.1
46146.0,7.Sunday,COL,Cali,04 BURRITOS & CO,24 SAN FERNANDO,Rappi,10.0,435600.0,108.9
46146.0,7.Sunday,COL,Cali,04 BURRITOS & CO,46 INGENIO,DiDi,8.0,454200.0,113.55
46146.0,7.Sunday,COL,Cali,04 BURRITOS & CO,46 INGENIO,Rappi,4.0,196300.0,49.08
46146.0,7.Sunday,COL,Cali,07 LA CUADRA,22 SANTA MONICA,DiDi,7.0,489900.0,122.48
46146.0,7.Sunday,COL,Cali,07 LA CUADRA,22 SANTA MONICA,Rappi,8.0,453900.0,113.48
46146.0,7.Sunday,COL,Cali,07 LA CUADRA,24 SAN FERNANDO,DiDi,10.0,593100.0,148.28
46146.0,7.Sunday,COL,Cali,07 LA CUADRA,24 SAN FERNANDO,Rappi,10.0,786200.0,196.55
46146.0,7.Sunday,COL,Cali,07 LA CUADRA,46 INGENIO,DiDi,14.0,767400.0,191.85
46146.0,7.Sunday,COL,Cali,07 LA CUADRA,46 INGENIO,Rappi,16.0,1064300.0,266.08
46146.0,7.Sunday,COL,Cali,110 MR BEAST BURGER,22 SANTA MONICA,DiDi,7.0,342300.0,85.58
46146.0,7.Sunday,COL,Cali,110 MR BEAST BURGER,22 SANTA MONICA,Rappi,1.0,39900.0,9.98
46146.0,7.Sunday,COL,Cali,110 MR BEAST BURGER,24 SAN FERNANDO,DiDi,10.0,382200.0,95.55
46146.0,7.Sunday,COL,Cali,110 MR BEAST BURGER,24 SAN FERNANDO,Rappi,2.0,119700.0,29.93
46146.0,7.Sunday,COL,Cali,110 MR BEAST BURGER,46 INGENIO,DiDi,27.0,1366500.0,341.63
46146.0,7.Sunday,COL,Cali,110 MR BEAST BURGER,46 INGENIO,Rappi,9.0,395600.0,98.9
46146.0,7.Sunday,COL,Cali,1120 FOODOLOGY TUR,22 SANTA MONICA,Rappi,4.0,137800.0,34.45
46146.0,7.Sunday,COL,Cali,113 QUE CHICKEN,24 SAN FERNANDO,Rappi,1.0,10900.0,2.73
46146.0,7.Sunday,COL,Cali,117 LA PANQUEQUERIA,22 SANTA MONICA,DiDi,1.0,34500.0,8.63
46146.0,7.Sunday,COL,Cali,117 LA PANQUEQUERIA,22 SANTA MONICA,Rappi,1.0,21500.0,5.38
46146.0,7.Sunday,COL,Cali,117 LA PANQUEQUERIA,24 SAN FERNANDO,DiDi,1.0,47400.0,11.85
46146.0,7.Sunday,COL,Cali,14 BURGER LANE,46 INGENIO,DiDi,1.0,66300.0,16.58
46146.0,7.Sunday,COL,Cali,205 FROST,24 SAN FERNANDO,DiDi,1.0,24500.0,6.13
46146.0,7.Sunday,COL,Cali,205 FROST,24 SAN FERNANDO,Rappi,1.0,12900.0,3.23
46146.0,7.Sunday,COL,Cali,26 ALMUERZO DE LA CA,22 SANTA MONICA,DiDi,3.0,82400.0,20.6
46146.0,7.Sunday,COL,Cali,26 ALMUERZO DE LA CA,22 SANTA MONICA,Rappi,3.0,91600.0,22.9
46146.0,7.Sunday,COL,Cali,26 ALMUERZO DE LA CA,24 SAN FERNANDO,DiDi,3.0,75000.0,18.75
46146.0,7.Sunday,COL,Cali,26 ALMUERZO DE LA CA,46 INGENIO,DiDi,6.0,151700.0,37.93
46146.0,7.Sunday,COL,Cali,26 ALMUERZO DE LA CA,46 INGENIO,Rappi,4.0,134300.0,33.58
46146.0,7.Sunday,COL,Cali,27 DESAYUNO MI TIERR,24 SAN FERNANDO,Rappi,1.0,35000.0,8.75
46146.0,7.Sunday,COL,Cali,29 SEÑOR BURRITO,24 SAN FERNANDO,DiDi,1.0,31800.0,7.95
46146.0,7.Sunday,COL,Cali,29 SEÑOR BURRITO,24 SAN FERNANDO,Rappi,1.0,18900.0,4.73
46146.0,7.Sunday,COL,Cali,29 SEÑOR BURRITO,46 INGENIO,Rappi,1.0,17500.0,4.38
46146.0,7.Sunday,COL,Cali,35 BRUNCH CLUB,22 SANTA MONICA,DiDi,1.0,35800.0,8.95
46146.0,7.Sunday,COL,Cali,35 BRUNCH CLUB,24 SAN FERNANDO,DiDi,1.0,52800.0,13.2
46146.0,7.Sunday,COL,Cali,352 BURRITOS & CO TU,22 SANTA MONICA,Rappi,2.0,46800.0,11.7
46146.0,7.Sunday,COL,Cali,352 BURRITOS & CO TU,24 SAN FERNANDO,Rappi,8.0,341000.0,85.25
46146.0,7.Sunday,COL,Cali,353 LA CUADRA TURBO,22 SANTA MONICA,Rappi,1.0,40800.0,10.2
46146.0,7.Sunday,COL,Cali,353 LA CUADRA TURBO,24 SAN FERNANDO,Rappi,4.0,164600.0,41.15
46146.0,7.Sunday,COL,Cali,359 GREEN HOUSE,22 SANTA MONICA,DiDi,1.0,22500.0,5.63
46146.0,7.Sunday,COL,Cali,359 GREEN HOUSE,22 SANTA MONICA,Rappi,3.0,163300.0,40.83
46146.0,7.Sunday,COL,Cali,359 GREEN HOUSE,24 SAN FERNANDO,DiDi,3.0,76200.0,19.05
46146.0,7.Sunday,COL,Cali,359 GREEN HOUSE,24 SAN FERNANDO,Rappi,3.0,141500.0,35.38
46146.0,7.Sunday,COL,Cali,359 GREEN HOUSE,46 INGENIO,DiDi,2.0,77600.0,19.4
46146.0,7.Sunday,COL,Cali,359 GREEN HOUSE,46 INGENIO,Rappi,8.0,333700.0,83.43
46146.0,7.Sunday,COL,Cali,362 ÑAMGUCHERIA,22 SANTA MONICA,Rappi,5.0,249300.0,62.33
46146.0,7.Sunday,COL,Cali,362 ÑAMGUCHERIA,24 SAN FERNANDO,Rappi,2.0,52400.0,13.1
46146.0,7.Sunday,COL,Cali,362 ÑAMGUCHERIA,46 INGENIO,Rappi,9.0,633400.0,158.35
46146.0,7.Sunday,COL,Cali,363 GREEN HOUSE TURB,24 SAN FERNANDO,Rappi,4.0,200100.0,50.03
46146.0,7.Sunday,COL,Cali,366 HOUSE OF SALADS,22 SANTA MONICA,DiDi,1.0,65200.0,16.3
46146.0,7.Sunday,COL,Cali,366 HOUSE OF SALADS,46 INGENIO,Rappi,2.0,108800.0,27.2
46146.0,7.Sunday,COL,Cali,370 MONTEVERDE,24 SAN FERNANDO,Rappi,2.0,85200.0,21.3
46146.0,7.Sunday,COL,Cali,370 MONTEVERDE,46 INGENIO,Rappi,1.0,58400.0,14.6
46146.0,7.Sunday,COL,Cali,373 HOUSE OF BURGERS,22 SANTA MONICA,Rappi,2.0,82600.0,20.65
46146.0,7.Sunday,COL,Cali,380 BREAKFAST CLUB,22 SANTA MONICA,DiDi,1.0,47800.0,11.95
46146.0,7.Sunday,COL,Cali,380 BREAKFAST CLUB,22 SANTA MONICA,Rappi,2.0,179900.0,44.98
46146.0,7.Sunday,COL,Cali,380 BREAKFAST CLUB,24 SAN FERNANDO,Rappi,3.0,254100.0,63.53
46146.0,7.Sunday,COL,Cali,380 BREAKFAST CLUB,46 INGENIO,DiDi,1.0,26800.0,6.7
46146.0,7.Sunday,COL,Cali,380 BREAKFAST CLUB,46 INGENIO,Rappi,6.0,437500.0,109.38
46146.0,7.Sunday,COL,Cali,381 DESAYU LA ABUELA,22 SANTA MONICA,DiDi,1.0,36800.0,9.2
46146.0,7.Sunday,COL,Cali,381 DESAYU LA ABUELA,22 SANTA MONICA,Rappi,12.0,705900.0,176.48
46146.0,7.Sunday,COL,Cali,381 DESAYU LA ABUELA,24 SAN FERNANDO,DiDi,3.0,215700.0,53.93
46146.0,7.Sunday,COL,Cali,381 DESAYU LA ABUELA,24 SAN FERNANDO,Rappi,10.0,583200.0,145.8
46146.0,7.Sunday,COL,Cali,381 DESAYU LA ABUELA,46 INGENIO,DiDi,2.0,109200.0,27.3
46146.0,7.Sunday,COL,Cali,381 DESAYU LA ABUELA,46 INGENIO,Rappi,6.0,528400.0,132.1
46146.0,7.Sunday,COL,Cali,386 LA CASA MEXICANA,22 SANTA MONICA,DiDi,3.0,86600.0,21.65
46146.0,7.Sunday,COL,Cali,386 LA CASA MEXICANA,22 SANTA MONICA,Rappi,2.0,78200.0,19.55
46146.0,7.Sunday,COL,Cali,386 LA CASA MEXICANA,24 SAN FERNANDO,DiDi,4.0,176200.0,44.05
46146.0,7.Sunday,COL,Cali,386 LA CASA MEXICANA,24 SAN FERNANDO,Rappi,1.0,29400.0,7.35
46146.0,7.Sunday,COL,Cali,386 LA CASA MEXICANA,46 INGENIO,DiDi,6.0,315000.0,78.75
46146.0,7.Sunday,COL,Cali,386 LA CASA MEXICANA,46 INGENIO,Rappi,4.0,196000.0,49.0
46146.0,7.Sunday,COL,Cali,387 THE EGG SPOT,22 SANTA MONICA,DiDi,1.0,26900.0,6.73
46146.0,7.Sunday,COL,Cali,387 THE EGG SPOT,46 INGENIO,Rappi,2.0,158400.0,39.6
46146.0,7.Sunday,COL,Cali,388 FOODHUB,46 INGENIO,DiDi,1.0,39500.0,9.88
46146.0,7.Sunday,COL,Cali,392 HONEST FOOD,24 SAN FERNANDO,Rappi,3.0,159300.0,39.83
46146.0,7.Sunday,COL,Cali,392 HONEST FOOD,46 INGENIO,Rappi,3.0,178400.0,44.6
46146.0,7.Sunday,COL,Cali,393 EL EJECUTIVO,22 SANTA MONICA,DiDi,3.0,124600.0,31.15
46146.0,7.Sunday,COL,Cali,393 EL EJECUTIVO,24 SAN FERNANDO,DiDi,1.0,37900.0,9.48
46146.0,7.Sunday,COL,Cali,394 COCINA CONSCIENT,22 SANTA MONICA,Rappi,1.0,48700.0,12.18
46146.0,7.Sunday,COL,Cali,394 COCINA CONSCIENT,24 SAN FERNANDO,Rappi,1.0,71000.0,17.75
46146.0,7.Sunday,COL,Cali,394 COCINA CONSCIENT,46 INGENIO,Rappi,2.0,78500.0,19.63
46146.0,7.Sunday,COL,Cali,401 DESA ABUELA TURBO,22 SANTA MONICA,Rappi,1.0,45400.0,11.35
46146.0,7.Sunday,COL,Cali,402 EJECUT TRAD TURBO,24 SAN FERNANDO,Rappi,1.0,40000.0,10.0
46146.0,7.Sunday,COL,Cali,403 HONEST FOOD TURBO,22 SANTA MONICA,Rappi,1.0,78400.0,19.6
46146.0,7.Sunday,COL,Cali,403 HONEST FOOD TURBO,24 SAN FERNANDO,Rappi,1.0,88800.0,22.2
46146.0,7.Sunday,COL,Cali,409 THE EGG SPOT TU,24 SAN FERNANDO,Rappi,1.0,34500.0,8.63
46146.0,7.Sunday,COL,Cali,420 DESGRANADOS & CO,22 SANTA MONICA,Rappi,1.0,78000.0,19.5
46146.0,7.Sunday,COL,Cali,420 DESGRANADOS & CO,24 SAN FERNANDO,Rappi,1.0,28900.0,7.23
46146.0,7.Sunday,COL,Cali,420 DESGRANADOS & CO,46 INGENIO,Rappi,3.0,123300.0,30.83
46146.0,7.Sunday,COL,Cali,425 LA CASA MEXITURB,24 SAN FERNANDO,Rappi,1.0,57400.0,14.35
46146.0,7.Sunday,COL,Cali,428 SELVATIKO TURBO,24 SAN FERNANDO,Rappi,2.0,82500.0,20.63
46146.0,7.Sunday,COL,Cali,44 SELVATIKO,22 SANTA MONICA,DiDi,1.0,10500.0,2.63
46146.0,7.Sunday,COL,Cali,44 SELVATIKO,22 SANTA MONICA,Rappi,1.0,31900.0,7.98
46146.0,7.Sunday,COL,Cali,448 DESAY COLOMBIANO,24 SAN FERNANDO,Rappi,1.0,21900.0,5.48
46146.0,7.Sunday,COL,Cali,448 DESAY COLOMBIANO,46 INGENIO,Rappi,2.0,62200.0,15.55
46146.0,7.Sunday,COL,Cali,54 FOODOLOGY,22 SANTA MONICA,Rappi,1.0,65700.0,16.43
46146.0,7.Sunday,COL,Cali,54 FOODOLOGY,24 SAN FERNANDO,DiDi,1.0,30800.0,7.7
46146.0,7.Sunday,COL,Cali,57 PRET SANDWICH BIS,46 INGENIO,Rappi,1.0,19400.0,4.85
46146.0,7.Sunday,COL,Cali,58 ALBA VEGETARIAN,24 SAN FERNANDO,DiDi,2.0,113000.0,28.25
46146.0,7.Sunday,COL,Cali,58 ALBA VEGETARIAN,24 SAN FERNANDO,Rappi,4.0,182600.0,45.65
46146.0,7.Sunday,COL,Cali,65 SAN JERONIMO HELA,22 SANTA MONICA,Rappi,1.0,38700.0,9.68
46146.0,7.Sunday,COL,Cali,70 BURRITO CANTINA,24 SAN FERNANDO,Rappi,1.0,50700.0,12.68
46146.0,7.Sunday,COL,Cali,73 ACPM CORRIENTAZO,46 INGENIO,Rappi,1.0,23900.0,5.98
46146.0,7.Sunday,COL,Cali,82 CINNABON,22 SANTA MONICA,DiDi,2.0,38300.0,9.58
46146.0,7.Sunday,COL,Cali,82 CINNABON,22 SANTA MONICA,Rappi,3.0,109100.0,27.28
46146.0,7.Sunday,COL,Cali,82 CINNABON,24 SAN FERNANDO,Rappi,4.0,151100.0,37.78
46146.0,7.Sunday,COL,Cali,82 CINNABON,46 INGENIO,Rappi,4.0,118700.0,29.68
46146.0,7.Sunday,COL,Cali,83 SANDUCHES EL JEFE,22 SANTA MONICA,DiDi,2.0,74500.0,18.63
46146.0,7.Sunday,COL,Cali,83 SANDUCHES EL JEFE,24 SAN FERNANDO,DiDi,1.0,25500.0,6.38
46146.0,7.Sunday,COL,Cali,83 SANDUCHES EL JEFE,24 SAN FERNANDO,Rappi,1.0,53800.0,13.45
46146.0,7.Sunday,COL,Cali,88 CINNABON TURBO,24 SAN FERNANDO,Rappi,2.0,66400.0,16.6
46146.0,7.Sunday,COL,Cali,90 AVOCALIA TURBO,24 SAN FERNANDO,Rappi,1.0,31900.0,7.98
46146.0,7.Sunday,COL,Cali,93 SAN JERONIMO TURB,22 SANTA MONICA,Rappi,1.0,34500.0,8.63
46146.0,7.Sunday,COL,Cartagena,01 AVOCALIA,33 CARTAGENA,Rappi,37.0,2006000.0,501.5
46146.0,7.Sunday,COL,Cartagena,03 BRUNCH & MUNCH,33 CARTAGENA,Rappi,19.0,1385600.0,346.4
46146.0,7.Sunday,COL,Cartagena,04 BURRITOS & CO,33 CARTAGENA,DiDi,2.0,113800.0,28.45
46146.0,7.Sunday,COL,Cartagena,04 BURRITOS & CO,33 CARTAGENA,Rappi,7.0,558500.0,139.63
46146.0,7.Sunday,COL,Cartagena,07 LA CUADRA,33 CARTAGENA,DiDi,2.0,125300.0,31.33
46146.0,7.Sunday,COL,Cartagena,07 LA CUADRA,33 CARTAGENA,Rappi,19.0,1454100.0,363.53
46146.0,7.Sunday,COL,Cartagena,110 MR BEAST BURGER,33 CARTAGENA,DiDi,5.0,191500.0,47.88
46146.0,7.Sunday,COL,Cartagena,110 MR BEAST BURGER,33 CARTAGENA,Rappi,3.0,95300.0,23.83
46146.0,7.Sunday,COL,Cartagena,1120 FOODOLOGY TUR,33 CARTAGENA,Rappi,1.0,44900.0,11.23
46146.0,7.Sunday,COL,Cartagena,113 QUE CHICKEN,33 CARTAGENA,Rappi,2.0,87800.0,21.95
46146.0,7.Sunday,COL,Cartagena,114 MR BEAST TURBO,33 CARTAGENA,Rappi,6.0,314600.0,78.65
46146.0,7.Sunday,COL,Cartagena,117 LA PANQUEQUERIA,33 CARTAGENA,Rappi,2.0,134900.0,33.73
46146.0,7.Sunday,COL,Cartagena,205 FROST,33 CARTAGENA,Rappi,1.0,12900.0,3.23
46146.0,7.Sunday,COL,Cartagena,26 ALMUERZO DE LA CA,33 CARTAGENA,DiDi,1.0,27800.0,6.95
46146.0,7.Sunday,COL,Cartagena,26 ALMUERZO DE LA CA,33 CARTAGENA,Rappi,1.0,22500.0,5.63
46146.0,7.Sunday,COL,Cartagena,29 SEÑOR BURRITO,33 CARTAGENA,DiDi,1.0,129600.0,32.4
46146.0,7.Sunday,COL,Cartagena,29 SEÑOR BURRITO,33 CARTAGENA,Rappi,1.0,115600.0,28.9
46146.0,7.Sunday,COL,Cartagena,352 BURRITOS & CO TU,33 CARTAGENA,Rappi,8.0,358000.0,89.5
46146.0,7.Sunday,COL,Cartagena,353 LA CUADRA TURBO,33 CARTAGENA,Rappi,8.0,574900.0,143.73
46146.0,7.Sunday,COL,Cartagena,359 GREEN HOUSE,33 CARTAGENA,Rappi,5.0,175300.0,43.83
46146.0,7.Sunday,COL,Cartagena,362 ÑAMGUCHERIA,33 CARTAGENA,DiDi,1.0,23900.0,5.98
46146.0,7.Sunday,COL,Cartagena,362 ÑAMGUCHERIA,33 CARTAGENA,Rappi,5.0,162600.0,40.65
46146.0,7.Sunday,COL,Cartagena,363 GREEN HOUSE TURB,33 CARTAGENA,Rappi,6.0,257700.0,64.43
46146.0,7.Sunday,COL,Cartagena,366 HOUSE OF SALADS,33 CARTAGENA,Rappi,2.0,66400.0,16.6
46146.0,7.Sunday,COL,Cartagena,369 ÑAMGUCHERIA TURB,33 CARTAGENA,Rappi,1.0,43500.0,10.88
46146.0,7.Sunday,COL,Cartagena,370 MONTEVERDE,33 CARTAGENA,DiDi,1.0,21900.0,5.48
46146.0,7.Sunday,COL,Cartagena,370 MONTEVERDE,33 CARTAGENA,Rappi,1.0,47300.0,11.83
46146.0,7.Sunday,COL,Cartagena,380 BREAKFAST CLUB,33 CARTAGENA,Rappi,11.0,708200.0,177.05
46146.0,7.Sunday,COL,Cartagena,381 DESAYU LA ABUELA,33 CARTAGENA,DiDi,2.0,164600.0,41.15
46146.0,7.Sunday,COL,Cartagena,381 DESAYU LA ABUELA,33 CARTAGENA,Rappi,20.0,1301600.0,325.4
46146.0,7.Sunday,COL,Cartagena,386 LA CASA MEXICANA,33 CARTAGENA,DiDi,3.0,122300.0,30.58
46146.0,7.Sunday,COL,Cartagena,386 LA CASA MEXICANA,33 CARTAGENA,Rappi,1.0,77600.0,19.4
46146.0,7.Sunday,COL,Cartagena,387 THE EGG SPOT,33 CARTAGENA,Rappi,1.0,69000.0,17.25
46146.0,7.Sunday,COL,Cartagena,392 HONEST FOOD,33 CARTAGENA,DiDi,1.0,35500.0,8.88
46146.0,7.Sunday,COL,Cartagena,392 HONEST FOOD,33 CARTAGENA,Rappi,1.0,29500.0,7.38
46146.0,7.Sunday,COL,Cartagena,392 MONTEVERDE TURB,33 CARTAGENA,Rappi,1.0,38900.0,9.73
46146.0,7.Sunday,COL,Cartagena,393 EL EJECUTIVO,33 CARTAGENA,DiDi,6.0,315900.0,78.98
46146.0,7.Sunday,COL,Cartagena,393 EL EJECUTIVO,33 CARTAGENA,Rappi,1.0,73900.0,18.48
46146.0,7.Sunday,COL,Cartagena,393 HOUSEBURGER TURB,33 CARTAGENA,Rappi,1.0,48700.0,12.18
46146.0,7.Sunday,COL,Cartagena,402 EJECUT TRAD TURBO,33 CARTAGENA,Rappi,2.0,62700.0,15.68
46146.0,7.Sunday,COL,Cartagena,403 HONEST FOOD TURBO,33 CARTAGENA,Rappi,1.0,12900.0,3.23
46146.0,7.Sunday,COL,Cartagena,413 HOUSE SALAD TURB,33 CARTAGENA,Rappi,4.0,113200.0,28.3
46146.0,7.Sunday,COL,Cartagena,420 DESGRANADOS & CO,33 CARTAGENA,Rappi,2.0,75300.0,18.83
46146.0,7.Sunday,COL,Cartagena,425 LA CASA MEXITURB,33 CARTAGENA,Rappi,1.0,35600.0,8.9
46146.0,7.Sunday,COL,Cartagena,66 MAÑANERO DIARIO,33 CARTAGENA,Rappi,1.0,25900.0,6.48
46146.0,7.Sunday,COL,Cartagena,70 BURRITO CANTINA,33 CARTAGENA,Rappi,1.0,21800.0,5.45
46146.0,7.Sunday,COL,Cartagena,82 CINNABON,33 CARTAGENA,Rappi,4.0,113800.0,28.45
46146.0,7.Sunday,COL,Cartagena,83 SANDUCHES EL JEFE,33 CARTAGENA,DiDi,1.0,253800.0,63.45
46146.0,7.Sunday,COL,Cartagena,90 AVOCALIA TURBO,33 CARTAGENA,Rappi,2.0,106300.0,26.58
46146.0,7.Sunday,COL,Cartagena,92 BRUNCH&MUNCH TURB,33 CARTAGENA,Rappi,3.0,133500.0,33.38
46146.0,7.Sunday,COL,Cartagena,93 SAN JERONIMO TURB,33 CARTAGENA,Rappi,1.0,54900.0,13.73
46146.0,7.Sunday,COL,Medellín,01 AVOCALIA,11 MANILA,DiDi,1.0,59800.0,14.95
46146.0,7.Sunday,COL,Medellín,01 AVOCALIA,11 MANILA,Rappi,26.0,1370800.0,342.7
46146.0,7.Sunday,COL,Medellín,01 AVOCALIA,12 LAURELES,DiDi,1.0,21800.0,5.45
46146.0,7.Sunday,COL,Medellín,01 AVOCALIA,12 LAURELES,Rappi,21.0,1028000.0,257.0
46146.0,7.Sunday,COL,Medellín,01 AVOCALIA,14 ENVIGADO,Rappi,13.0,642800.0,160.7
46146.0,7.Sunday,COL,Medellín,01 AVOCALIA,18 BELLO,Rappi,6.0,271200.0,67.8
46146.0,7.Sunday,COL,Medellín,01 AVOCALIA,29 ITAGUI,Rappi,14.0,843300.0,210.83
46146.0,7.Sunday,COL,Medellín,02 BOTTANIKO,12 LAURELES,DiDi,1.0,17400.0,4.35
46146.0,7.Sunday,COL,Medellín,02 BOTTANIKO,14 ENVIGADO,DiDi,1.0,17500.0,4.38
46146.0,7.Sunday,COL,Medellín,02 BOTTANIKO,14 ENVIGADO,Rappi,1.0,31900.0,7.98
46146.0,7.Sunday,COL,Medellín,02 BOTTANIKO,29 ITAGUI,DiDi,2.0,102000.0,25.5
46146.0,7.Sunday,COL,Medellín,03 BRUNCH & MUNCH,11 MANILA,DiDi,4.0,165700.0,41.43
46146.0,7.Sunday,COL,Medellín,03 BRUNCH & MUNCH,11 MANILA,Rappi,36.0,2372900.0,593.23
46146.0,7.Sunday,COL,Medellín,03 BRUNCH & MUNCH,12 LAURELES,DiDi,3.0,106500.0,26.63
46146.0,7.Sunday,COL,Medellín,03 BRUNCH & MUNCH,12 LAURELES,Rappi,23.0,1814100.0,453.53
46146.0,7.Sunday,COL,Medellín,03 BRUNCH & MUNCH,14 ENVIGADO,DiDi,5.0,187700.0,46.93
46146.0,7.Sunday,COL,Medellín,03 BRUNCH & MUNCH,14 ENVIGADO,Rappi,37.0,2676100.0,669.03
46146.0,7.Sunday,COL,Medellín,03 BRUNCH & MUNCH,18 BELLO,DiDi,2.0,67100.0,16.78
46146.0,7.Sunday,COL,Medellín,03 BRUNCH & MUNCH,18 BELLO,Rappi,9.0,490500.0,122.63
46146.0,7.Sunday,COL,Medellín,03 BRUNCH & MUNCH,29 ITAGUI,DiDi,1.0,69200.0,17.3
46146.0,7.Sunday,COL,Medellín,03 BRUNCH & MUNCH,29 ITAGUI,Rappi,14.0,763700.0,190.93
46146.0,7.Sunday,COL,Medellín,04 BURRITOS & CO,11 MANILA,DiDi,4.0,253300.0,63.33
46146.0,7.Sunday,COL,Medellín,04 BURRITOS & CO,11 MANILA,Rappi,17.0,979500.0,244.88
46146.0,7.Sunday,COL,Medellín,04 BURRITOS & CO,12 LAURELES,DiDi,13.0,783100.0,195.78
46146.0,7.Sunday,COL,Medellín,04 BURRITOS & CO,12 LAURELES,Rappi,25.0,1336700.0,334.18
46146.0,7.Sunday,COL,Medellín,04 BURRITOS & CO,14 ENVIGADO,DiDi,10.0,526500.0,131.63
46146.0,7.Sunday,COL,Medellín,04 BURRITOS & CO,14 ENVIGADO,Rappi,3.0,129400.0,32.35
46146.0,7.Sunday,COL,Medellín,04 BURRITOS & CO,18 BELLO,DiDi,14.0,891400.0,222.85
46146.0,7.Sunday,COL,Medellín,04 BURRITOS & CO,18 BELLO,Rappi,3.0,184500.0,46.13
46146.0,7.Sunday,COL,Medellín,04 BURRITOS & CO,29 ITAGUI,DiDi,7.0,407000.0,101.75
46146.0,7.Sunday,COL,Medellín,04 BURRITOS & CO,29 ITAGUI,Rappi,7.0,452000.0,113.0
46146.0,7.Sunday,COL,Medellín,07 LA CUADRA,11 MANILA,DiDi,3.0,230800.0,57.7
46146.0,7.Sunday,COL,Medellín,07 LA CUADRA,11 MANILA,Rappi,10.0,675500.0,168.88
46146.0,7.Sunday,COL,Medellín,07 LA CUADRA,12 LAURELES,DiDi,6.0,366300.0,91.58
46146.0,7.Sunday,COL,Medellín,07 LA CUADRA,12 LAURELES,Rappi,16.0,1028700.0,257.18
46146.0,7.Sunday,COL,Medellín,07 LA CUADRA,14 ENVIGADO,DiDi,8.0,575600.0,143.9
46146.0,7.Sunday,COL,Medellín,07 LA CUADRA,14 ENVIGADO,Rappi,6.0,404300.0,101.08
46146.0,7.Sunday,COL,Medellín,07 LA CUADRA,18 BELLO,DiDi,2.0,76300.0,19.08
46146.0,7.Sunday,COL,Medellín,07 LA CUADRA,18 BELLO,Rappi,4.0,452400.0,113.1
46146.0,7.Sunday,COL,Medellín,07 LA CUADRA,29 ITAGUI,DiDi,5.0,408700.0,102.18
46146.0,7.Sunday,COL,Medellín,07 LA CUADRA,29 ITAGUI,Rappi,2.0,151800.0,37.95
46146.0,7.Sunday,COL,Medellín,110 MR BEAST BURGER,11 MANILA,DiDi,8.0,382400.0,95.6
46146.0,7.Sunday,COL,Medellín,110 MR BEAST BURGER,11 MANILA,Rappi,3.0,175600.0,43.9
46146.0,7.Sunday,COL,Medellín,110 MR BEAST BURGER,12 LAURELES,DiDi,15.0,611800.0,152.95
46146.0,7.Sunday,COL,Medellín,110 MR BEAST BURGER,12 LAURELES,Rappi,3.0,136600.0,34.15
46146.0,7.Sunday,COL,Medellín,110 MR BEAST BURGER,14 ENVIGADO,DiDi,14.0,616200.0,154.05
46146.0,7.Sunday,COL,Medellín,110 MR BEAST BURGER,14 ENVIGADO,Rappi,2.0,104300.0,26.08
46146.0,7.Sunday,COL,Medellín,110 MR BEAST BURGER,18 BELLO,DiDi,2.0,75000.0,18.75
46146.0,7.Sunday,COL,Medellín,110 MR BEAST BURGER,18 BELLO,Rappi,1.0,37500.0,9.38
46146.0,7.Sunday,COL,Medellín,110 MR BEAST BURGER,29 ITAGUI,DiDi,9.0,381000.0,95.25
46146.0,7.Sunday,COL,Medellín,110 MR BEAST BURGER,29 ITAGUI,Rappi,6.0,333700.0,83.43
46146.0,7.Sunday,COL,Medellín,113 QUE CHICKEN,11 MANILA,Rappi,1.0,45400.0,11.35
46146.0,7.Sunday,COL,Medellín,113 QUE CHICKEN,14 ENVIGADO,Rappi,1.0,65700.0,16.43
46146.0,7.Sunday,COL,Medellín,113 QUE CHICKEN,29 ITAGUI,Rappi,1.0,43900.0,10.98
46146.0,7.Sunday,COL,Medellín,114 MR BEAST TURBO,12 LAURELES,Rappi,5.0,225600.0,56.4
46146.0,7.Sunday,COL,Medellín,117 LA PANQUEQUERIA,11 MANILA,Rappi,8.0,348100.0,87.03
46146.0,7.Sunday,COL,Medellín,117 LA PANQUEQUERIA,12 LAURELES,Rappi,6.0,316300.0,79.08
46146.0,7.Sunday,COL,Medellín,117 LA PANQUEQUERIA,14 ENVIGADO,DiDi,1.0,34500.0,8.63
46146.0,7.Sunday,COL,Medellín,117 LA PANQUEQUERIA,14 ENVIGADO,Rappi,2.0,105800.0,26.45
46146.0,7.Sunday,COL,Medellín,117 LA PANQUEQUERIA,29 ITAGUI,Rappi,2.0,87800.0,21.95
46146.0,7.Sunday,COL,Medellín,14 BURGER LANE,18 BELLO,DiDi,1.0,40400.0,10.1
46146.0,7.Sunday,COL,Medellín,205 FROST,11 MANILA,Rappi,1.0,25900.0,6.48
46146.0,7.Sunday,COL,Medellín,205 FROST,12 LAURELES,Rappi,1.0,25800.0,6.45
46146.0,7.Sunday,COL,Medellín,205 FROST,14 ENVIGADO,Rappi,3.0,93600.0,23.4
46146.0,7.Sunday,COL,Medellín,26 ALMUERZO DE LA CA,11 MANILA,DiDi,6.0,126300.0,31.58
46146.0,7.Sunday,COL,Medellín,26 ALMUERZO DE LA CA,11 MANILA,Rappi,1.0,21900.0,5.48
46146.0,7.Sunday,COL,Medellín,26 ALMUERZO DE LA CA,12 LAURELES,DiDi,9.0,279600.0,69.9
46146.0,7.Sunday,COL,Medellín,26 ALMUERZO DE LA CA,12 LAURELES,Rappi,1.0,21900.0,5.48
46146.0,7.Sunday,COL,Medellín,26 ALMUERZO DE LA CA,14 ENVIGADO,DiDi,3.0,132900.0,33.23
46146.0,7.Sunday,COL,Medellín,26 ALMUERZO DE LA CA,18 BELLO,DiDi,3.0,169200.0,42.3
46146.0,7.Sunday,COL,Medellín,26 ALMUERZO DE LA CA,18 BELLO,Rappi,1.0,65700.0,16.43
46146.0,7.Sunday,COL,Medellín,26 ALMUERZO DE LA CA,29 ITAGUI,DiDi,2.0,62700.0,15.68
46146.0,7.Sunday,COL,Medellín,26 ALMUERZO DE LA CA,29 ITAGUI,Rappi,1.0,30400.0,7.6
46146.0,7.Sunday,COL,Medellín,27 DESAYUNO MI TIERR,11 MANILA,Rappi,2.0,84600.0,21.15
46146.0,7.Sunday,COL,Medellín,27 DESAYUNO MI TIERR,12 LAURELES,DiDi,1.0,82600.0,20.65
46146.0,7.Sunday,COL,Medellín,27 DESAYUNO MI TIERR,14 ENVIGADO,DiDi,1.0,32400.0,8.1
46146.0,7.Sunday,COL,Medellín,27 DESAYUNO MI TIERR,18 BELLO,DiDi,1.0,56800.0,14.2
46146.0,7.Sunday,COL,Medellín,29 SEÑOR BURRITO,11 MANILA,Rappi,2.0,77300.0,19.33
46146.0,7.Sunday,COL,Medellín,29 SEÑOR BURRITO,12 LAURELES,DiDi,1.0,33900.0,8.48
46146.0,7.Sunday,COL,Medellín,29 SEÑOR BURRITO,14 ENVIGADO,DiDi,2.0,42200.0,10.55
46146.0,7.Sunday,COL,Medellín,29 SEÑOR BURRITO,14 ENVIGADO,Rappi,1.0,118600.0,29.65
46146.0,7.Sunday,COL,Medellín,29 SEÑOR BURRITO,18 BELLO,DiDi,2.0,121700.0,30.43
46146.0,7.Sunday,COL,Medellín,33 LA CUADRA DESAYUN,11 MANILA,Rappi,1.0,72600.0,18.15
46146.0,7.Sunday,COL,Medellín,35 BRUNCH CLUB,11 MANILA,DiDi,1.0,72600.0,18.15
46146.0,7.Sunday,COL,Medellín,35 BRUNCH CLUB,14 ENVIGADO,DiDi,1.0,51800.0,12.95
46146.0,7.Sunday,COL,Medellín,35 BRUNCH CLUB,18 BELLO,DiDi,1.0,47700.0,11.93
46146.0,7.Sunday,COL,Medellín,352 BURRITOS & CO TU,11 MANILA,Rappi,29.0,1470400.0,367.6
46146.0,7.Sunday,COL,Medellín,352 BURRITOS & CO TU,12 LAURELES,Rappi,30.0,1407700.0,351.93
46146.0,7.Sunday,COL,Medellín,353 LA CUADRA TURBO,11 MANILA,Rappi,13.0,729000.0,182.25
46146.0,7.Sunday,COL,Medellín,353 LA CUADRA TURBO,12 LAURELES,Rappi,12.0,825200.0,206.3
46146.0,7.Sunday,COL,Medellín,356 EL JEFE TURBO,11 MANILA,Rappi,2.0,118200.0,29.55
46146.0,7.Sunday,COL,Medellín,356 EL JEFE TURBO,12 LAURELES,Rappi,1.0,91300.0,22.83
46146.0,7.Sunday,COL,Medellín,359 GREEN HOUSE,11 MANILA,Rappi,8.0,394100.0,98.53
46146.0,7.Sunday,COL,Medellín,359 GREEN HOUSE,12 LAURELES,DiDi,13.0,561700.0,140.43
46146.0,7.Sunday,COL,Medellín,359 GREEN HOUSE,12 LAURELES,Rappi,19.0,985400.0,246.35
46146.0,7.Sunday,COL,Medellín,359 GREEN HOUSE,14 ENVIGADO,DiDi,2.0,88700.0,22.18
46146.0,7.Sunday,COL,Medellín,359 GREEN HOUSE,14 ENVIGADO,Rappi,6.0,285100.0,71.28
46146.0,7.Sunday,COL,Medellín,359 GREEN HOUSE,18 BELLO,DiDi,1.0,23900.0,5.98
46146.0,7.Sunday,COL,Medellín,359 GREEN HOUSE,18 BELLO,Rappi,2.0,85300.0,21.33
46146.0,7.Sunday,COL,Medellín,359 GREEN HOUSE,29 ITAGUI,DiDi,1.0,41400.0,10.35
46146.0,7.Sunday,COL,Medellín,359 GREEN HOUSE,29 ITAGUI,Rappi,4.0,220200.0,55.05
46146.0,7.Sunday,COL,Medellín,362 ÑAMGUCHERIA,11 MANILA,DiDi,2.0,59000.0,14.75
46146.0,7.Sunday,COL,Medellín,362 ÑAMGUCHERIA,11 MANILA,Rappi,8.0,404800.0,101.2
46146.0,7.Sunday,COL,Medellín,362 ÑAMGUCHERIA,12 LAURELES,DiDi,1.0,58000.0,14.5
46146.0,7.Sunday,COL,Medellín,362 ÑAMGUCHERIA,12 LAURELES,Rappi,9.0,387200.0,96.8
46146.0,7.Sunday,COL,Medellín,362 ÑAMGUCHERIA,14 ENVIGADO,DiDi,5.0,286200.0,71.55
46146.0,7.Sunday,COL,Medellín,362 ÑAMGUCHERIA,14 ENVIGADO,Rappi,7.0,397500.0,99.38
46146.0,7.Sunday,COL,Medellín,362 ÑAMGUCHERIA,18 BELLO,DiDi,1.0,85000.0,21.25
46146.0,7.Sunday,COL,Medellín,362 ÑAMGUCHERIA,29 ITAGUI,DiDi,3.0,180900.0,45.23
46146.0,7.Sunday,COL,Medellín,362 ÑAMGUCHERIA,29 ITAGUI,Rappi,1.0,47800.0,11.95
46146.0,7.Sunday,COL,Medellín,363 GREEN HOUSE TURB,12 LAURELES,Rappi,8.0,316000.0,79.0
46146.0,7.Sunday,COL,Medellín,366 HOUSE OF SALADS,11 MANILA,DiDi,2.0,123200.0,30.8
46146.0,7.Sunday,COL,Medellín,366 HOUSE OF SALADS,11 MANILA,Rappi,4.0,210900.0,52.73
46146.0,7.Sunday,COL,Medellín,366 HOUSE OF SALADS,12 LAURELES,DiDi,6.0,286700.0,71.68
46146.0,7.Sunday,COL,Medellín,366 HOUSE OF SALADS,12 LAURELES,Rappi,1.0,25900.0,6.48
46146.0,7.Sunday,COL,Medellín,366 HOUSE OF SALADS,14 ENVIGADO,Rappi,4.0,170500.0,42.63
46146.0,7.Sunday,COL,Medellín,366 HOUSE OF SALADS,18 BELLO,DiDi,3.0,129200.0,32.3
46146.0,7.Sunday,COL,Medellín,366 HOUSE OF SALADS,18 BELLO,Rappi,1.0,83800.0,20.95
46146.0,7.Sunday,COL,Medellín,369 ÑAMGUCHERIA TURB,11 MANILA,Rappi,4.0,274600.0,68.65
46146.0,7.Sunday,COL,Medellín,369 ÑAMGUCHERIA TURB,12 LAURELES,Rappi,2.0,126500.0,31.63
46146.0,7.Sunday,COL,Medellín,370 MONTEVERDE,11 MANILA,Rappi,2.0,64700.0,16.18
46146.0,7.Sunday,COL,Medellín,370 MONTEVERDE,12 LAURELES,DiDi,1.0,67600.0,16.9
46146.0,7.Sunday,COL,Medellín,370 MONTEVERDE,12 LAURELES,Rappi,2.0,139600.0,34.9
46146.0,7.Sunday,COL,Medellín,370 MONTEVERDE,14 ENVIGADO,Rappi,1.0,48400.0,12.1
46146.0,7.Sunday,COL,Medellín,370 MONTEVERDE,18 BELLO,Rappi,2.0,75700.0,18.93
46146.0,7.Sunday,COL,Medellín,370 MONTEVERDE,29 ITAGUI,Rappi,3.0,116200.0,29.05
46146.0,7.Sunday,COL,Medellín,373 HOUSE OF BURGERS,11 MANILA,Rappi,1.0,99400.0,24.85
46146.0,7.Sunday,COL,Medellín,373 HOUSE OF BURGERS,12 LAURELES,Rappi,2.0,50800.0,12.7
46146.0,7.Sunday,COL,Medellín,380 BREAKFAST CLUB,11 MANILA,Rappi,15.0,1176500.0,294.13
46146.0,7.Sunday,COL,Medellín,380 BREAKFAST CLUB,12 LAURELES,DiDi,3.0,150100.0,37.53
46146.0,7.Sunday,COL,Medellín,380 BREAKFAST CLUB,14 ENVIGADO,Rappi,17.0,1223300.0,305.83
46146.0,7.Sunday,COL,Medellín,380 BREAKFAST CLUB,18 BELLO,DiDi,3.0,104000.0,26.0
46146.0,7.Sunday,COL,Medellín,380 BREAKFAST CLUB,18 BELLO,Rappi,3.0,166200.0,41.55
46146.0,7.Sunday,COL,Medellín,380 BREAKFAST CLUB,29 ITAGUI,DiDi,2.0,164100.0,41.03
46146.0,7.Sunday,COL,Medellín,380 BREAKFAST CLUB,29 ITAGUI,Rappi,2.0,82700.0,20.68
46146.0,7.Sunday,COL,Medellín,381 DESAYU LA ABUELA,11 MANILA,DiDi,2.0,107200.0,26.8
46146.0,7.Sunday,COL,Medellín,381 DESAYU LA ABUELA,11 MANILA,Rappi,27.0,1994400.0,498.6
46146.0,7.Sunday,COL,Medellín,381 DESAYU LA ABUELA,12 LAURELES,DiDi,3.0,249100.0,62.28
46146.0,7.Sunday,COL,Medellín,381 DESAYU LA ABUELA,12 LAURELES,Rappi,38.0,2768100.0,692.03
46146.0,7.Sunday,COL,Medellín,381 DESAYU LA ABUELA,14 ENVIGADO,DiDi,10.0,598800.0,149.7
46146.0,7.Sunday,COL,Medellín,381 DESAYU LA ABUELA,14 ENVIGADO,Rappi,15.0,880900.0,220.23
46146.0,7.Sunday,COL,Medellín,381 DESAYU LA ABUELA,18 BELLO,DiDi,2.0,156000.0,39.0
46146.0,7.Sunday,COL,Medellín,381 DESAYU LA ABUELA,18 BELLO,Rappi,4.0,317300.0,79.33
46146.0,7.Sunday,COL,Medellín,381 DESAYU LA ABUELA,29 ITAGUI,DiDi,1.0,68700.0,17.18
46146.0,7.Sunday,COL,Medellín,381 DESAYU LA ABUELA,29 ITAGUI,Rappi,14.0,1083900.0,270.98
46146.0,7.Sunday,COL,Medellín,382 ALBA VEGE TURBO,12 LAURELES,Rappi,1.0,16900.0,4.23
46146.0,7.Sunday,COL,Medellín,385 MAÑANERO TURBO,11 MANILA,Rappi,1.0,64400.0,16.1
46146.0,7.Sunday,COL,Medellín,386 LA CASA MEXICANA,11 MANILA,DiDi,3.0,141400.0,35.35
46146.0,7.Sunday,COL,Medellín,386 LA CASA MEXICANA,11 MANILA,Rappi,5.0,213200.0,53.3
46146.0,7.Sunday,COL,Medellín,386 LA CASA MEXICANA,12 LAURELES,DiDi,8.0,354400.0,88.6
46146.0,7.Sunday,COL,Medellín,386 LA CASA MEXICANA,12 LAURELES,Rappi,6.0,355500.0,88.88
46146.0,7.Sunday,COL,Medellín,386 LA CASA MEXICANA,14 ENVIGADO,DiDi,3.0,99600.0,24.9
46146.0,7.Sunday,COL,Medellín,386 LA CASA MEXICANA,14 ENVIGADO,Rappi,2.0,91600.0,22.9
46146.0,7.Sunday,COL,Medellín,386 LA CASA MEXICANA,18 BELLO,DiDi,8.0,358000.0,89.5
46146.0,7.Sunday,COL,Medellín,386 LA CASA MEXICANA,18 BELLO,Rappi,2.0,125400.0,31.35
46146.0,7.Sunday,COL,Medellín,386 LA CASA MEXICANA,29 ITAGUI,DiDi,5.0,173800.0,43.45
46146.0,7.Sunday,COL,Medellín,386 LA CASA MEXICANA,29 ITAGUI,Rappi,5.0,282600.0,70.65
46146.0,7.Sunday,COL,Medellín,387 THE EGG SPOT,11 MANILA,Rappi,3.0,240700.0,60.18
46146.0,7.Sunday,COL,Medellín,387 THE EGG SPOT,12 LAURELES,Rappi,2.0,94400.0,23.6
46146.0,7.Sunday,COL,Medellín,387 THE EGG SPOT,14 ENVIGADO,Rappi,3.0,261300.0,65.33
46146.0,7.Sunday,COL,Medellín,387 THE EGG SPOT,18 BELLO,Rappi,1.0,26900.0,6.73
46146.0,7.Sunday,COL,Medellín,388 FOODHUB,14 ENVIGADO,Rappi,1.0,25900.0,6.48
46146.0,7.Sunday,COL,Medellín,388 FOODHUB,29 ITAGUI,Rappi,1.0,116000.0,29.0
46146.0,7.Sunday,COL,Medellín,392 HONEST FOOD,11 MANILA,DiDi,2.0,174300.0,43.58
46146.0,7.Sunday,COL,Medellín,392 HONEST FOOD,11 MANILA,Rappi,6.0,328400.0,82.1
46146.0,7.Sunday,COL,Medellín,392 HONEST FOOD,12 LAURELES,DiDi,2.0,122100.0,30.53
46146.0,7.Sunday,COL,Medellín,392 HONEST FOOD,12 LAURELES,Rappi,1.0,29500.0,7.38
46146.0,7.Sunday,COL,Medellín,392 HONEST FOOD,14 ENVIGADO,DiDi,2.0,81800.0,20.45
46146.0,7.Sunday,COL,Medellín,392 HONEST FOOD,14 ENVIGADO,Rappi,1.0,57500.0,14.38
46146.0,7.Sunday,COL,Medellín,392 HONEST FOOD,29 ITAGUI,Rappi,2.0,123500.0,30.88
46146.0,7.Sunday,COL,Medellín,392 MONTEVERDE TURB,11 MANILA,Rappi,6.0,334200.0,83.55
46146.0,7.Sunday,COL,Medellín,392 MONTEVERDE TURB,12 LAURELES,Rappi,5.0,241400.0,60.35
46146.0,7.Sunday,COL,Medellín,393 EL EJECUTIVO,12 LAURELES,Rappi,2.0,114800.0,28.7
46146.0,7.Sunday,COL,Medellín,393 EL EJECUTIVO,29 ITAGUI,Rappi,1.0,100700.0,25.18
46146.0,7.Sunday,COL,Medellín,393 HOUSEBURGER TURB,11 MANILA,Rappi,2.0,60700.0,15.18
46146.0,7.Sunday,COL,Medellín,393 HOUSEBURGER TURB,12 LAURELES,Rappi,1.0,8900.0,2.23
46146.0,7.Sunday,COL,Medellín,394 COCINA CONSCIENT,11 MANILA,DiDi,1.0,31900.0,7.98
46146.0,7.Sunday,COL,Medellín,394 COCINA CONSCIENT,12 LAURELES,Rappi,1.0,88900.0,22.23
46146.0,7.Sunday,COL,Medellín,394 COCINA CONSCIENT,14 ENVIGADO,Rappi,1.0,28500.0,7.13
46146.0,7.Sunday,COL,Medellín,395 BISTRO - TURBO,11 MANILA,Rappi,2.0,56300.0,14.08
46146.0,7.Sunday,COL,Medellín,395 BISTRO - TURBO,12 LAURELES,Rappi,2.0,37800.0,9.45
46146.0,7.Sunday,COL,Medellín,401 DESA ABUELA TURBO,11 MANILA,Rappi,1.0,57300.0,14.33
46146.0,7.Sunday,COL,Medellín,402 EJECUT TRAD TURBO,11 MANILA,Rappi,4.0,247700.0,61.93
46146.0,7.Sunday,COL,Medellín,402 EJECUT TRAD TURBO,12 LAURELES,Rappi,1.0,54400.0,13.6
46146.0,7.Sunday,COL,Medellín,403 HONEST FOOD TURBO,11 MANILA,Rappi,3.0,168500.0,42.13
46146.0,7.Sunday,COL,Medellín,403 HONEST FOOD TURBO,12 LAURELES,Rappi,1.0,71000.0,17.75
46146.0,7.Sunday,COL,Medellín,405 BREAKFACLUB TURBO,11 MANILA,Rappi,8.0,475000.0,118.75
46146.0,7.Sunday,COL,Medellín,405 BREAKFACLUB TURBO,12 LAURELES,Rappi,5.0,263800.0,65.95
46146.0,7.Sunday,COL,Medellín,409 THE EGG SPOT TU,11 MANILA,Rappi,1.0,52800.0,13.2
46146.0,7.Sunday,COL,Medellín,409 THE EGG SPOT TU,12 LAURELES,Rappi,9.0,417300.0,104.33
46146.0,7.Sunday,COL,Medellín,420 DESGRANADOS & CO,29 ITAGUI,Rappi,1.0,46800.0,11.7
46146.0,7.Sunday,COL,Medellín,423 DESAY TIERRITURB,11 MANILA,Rappi,2.0,141100.0,35.28
46146.0,7.Sunday,COL,Medellín,425 LA CASA MEXITURB,11 MANILA,Rappi,3.0,178400.0,44.6
46146.0,7.Sunday,COL,Medellín,425 LA CASA MEXITURB,12 LAURELES,Rappi,2.0,55700.0,13.93
46146.0,7.Sunday,COL,Medellín,428 SELVATIKO TURBO,11 MANILA,Rappi,1.0,147400.0,36.85
46146.0,7.Sunday,COL,Medellín,429 SEÑOR BURRI TURB,11 MANILA,Rappi,3.0,65300.0,16.33
46146.0,7.Sunday,COL,Medellín,429 SEÑOR BURRI TURB,12 LAURELES,Rappi,4.0,122500.0,30.63
46146.0,7.Sunday,COL,Medellín,44 SELVATIKO,12 LAURELES,Rappi,2.0,82700.0,20.68
46146.0,7.Sunday,COL,Medellín,44 SELVATIKO,14 ENVIGADO,DiDi,1.0,32400.0,8.1
46146.0,7.Sunday,COL,Medellín,44 SELVATIKO,18 BELLO,DiDi,1.0,38400.0,9.6
46146.0,7.Sunday,COL,Medellín,44 SELVATIKO,18 BELLO,Rappi,2.0,105600.0,26.4
46146.0,7.Sunday,COL,Medellín,448 DESAY COLOMBIANO,12 LAURELES,Rappi,1.0,21900.0,5.48
46146.0,7.Sunday,COL,Medellín,448 DESAY COLOMBIANO,14 ENVIGADO,Rappi,5.0,228500.0,57.13
46146.0,7.Sunday,COL,Medellín,448 DESAY COLOMBIANO,18 BELLO,Rappi,1.0,31800.0,7.95
46146.0,7.Sunday,COL,Medellín,448 DESAY COLOMBIANO,29 ITAGUI,Rappi,2.0,62700.0,15.68
46146.0,7.Sunday,COL,Medellín,54 FOODOLOGY,11 MANILA,Rappi,1.0,132000.0,33.0
46146.0,7.Sunday,COL,Medellín,54 FOODOLOGY,29 ITAGUI,DiDi,1.0,15500.0,3.88
46146.0,7.Sunday,COL,Medellín,57 PRET SANDWICH BIS,11 MANILA,Rappi,1.0,130900.0,32.73
46146.0,7.Sunday,COL,Medellín,57 PRET SANDWICH BIS,12 LAURELES,Rappi,2.0,62900.0,15.73
46146.0,7.Sunday,COL,Medellín,58 ALBA VEGETARIAN,12 LAURELES,DiDi,4.0,301200.0,75.3
46146.0,7.Sunday,COL,Medellín,58 ALBA VEGETARIAN,12 LAURELES,Rappi,1.0,22900.0,5.73
46146.0,7.Sunday,COL,Medellín,58 ALBA VEGETARIAN,14 ENVIGADO,DiDi,4.0,235500.0,58.88
46146.0,7.Sunday,COL,Medellín,58 ALBA VEGETARIAN,18 BELLO,DiDi,2.0,142000.0,35.5
46146.0,7.Sunday,COL,Medellín,58 ALBA VEGETARIAN,29 ITAGUI,DiDi,2.0,67200.0,16.8
46146.0,7.Sunday,COL,Medellín,58 ALBA VEGETARIAN,29 ITAGUI,Rappi,1.0,25800.0,6.45
46146.0,7.Sunday,COL,Medellín,59 DEMBOW,29 ITAGUI,DiDi,1.0,10500.0,2.63
46146.0,7.Sunday,COL,Medellín,59 DEMBOW,29 ITAGUI,Rappi,2.0,89200.0,22.3
46146.0,7.Sunday,COL,Medellín,65 SAN JERONIMO HELA,14 ENVIGADO,Rappi,1.0,38700.0,9.68
46146.0,7.Sunday,COL,Medellín,66 MAÑANERO DIARIO,11 MANILA,Rappi,1.0,69500.0,17.38
46146.0,7.Sunday,COL,Medellín,66 MAÑANERO DIARIO,14 ENVIGADO,Rappi,1.0,59700.0,14.93
46146.0,7.Sunday,COL,Medellín,70 BURRITO CANTINA,14 ENVIGADO,Rappi,1.0,19900.0,4.98
46146.0,7.Sunday,COL,Medellín,70 BURRITO CANTINA,18 BELLO,Rappi,1.0,27900.0,6.98
46146.0,7.Sunday,COL,Medellín,70 BURRITO CANTINA,29 ITAGUI,Rappi,1.0,93300.0,23.33
46146.0,7.Sunday,COL,Medellín,72 VICIO,11 MANILA,Rappi,3.0,202100.0,50.53
46146.0,7.Sunday,COL,Medellín,72 VICIO,12 LAURELES,Rappi,1.0,30900.0,7.73
46146.0,7.Sunday,COL,Medellín,72 VICIO,14 ENVIGADO,Rappi,1.0,54500.0,13.63
46146.0,7.Sunday,COL,Medellín,73 ACPM CORRIENTAZO,14 ENVIGADO,Rappi,2.0,57300.0,14.33
46146.0,7.Sunday,COL,Medellín,82 CINNABON,11 MANILA,DiDi,3.0,118100.0,29.53
46146.0,7.Sunday,COL,Medellín,82 CINNABON,11 MANILA,Rappi,11.0,373400.0,93.35
46146.0,7.Sunday,COL,Medellín,82 CINNABON,12 LAURELES,Rappi,23.0,715500.0,178.88
46146.0,7.Sunday,COL,Medellín,82 CINNABON,14 ENVIGADO,DiDi,4.0,184000.0,46.0
46146.0,7.Sunday,COL,Medellín,82 CINNABON,14 ENVIGADO,Rappi,10.0,390900.0,97.73
46146.0,7.Sunday,COL,Medellín,82 CINNABON,18 BELLO,Rappi,2.0,48300.0,12.08
46146.0,7.Sunday,COL,Medellín,82 CINNABON,29 ITAGUI,DiDi,3.0,156800.0,39.2
46146.0,7.Sunday,COL,Medellín,82 CINNABON,29 ITAGUI,Rappi,7.0,188800.0,47.2
46146.0,7.Sunday,COL,Medellín,83 SANDUCHES EL JEFE,11 MANILA,Rappi,4.0,159300.0,39.83
46146.0,7.Sunday,COL,Medellín,83 SANDUCHES EL JEFE,12 LAURELES,DiDi,4.0,231200.0,57.8
46146.0,7.Sunday,COL,Medellín,83 SANDUCHES EL JEFE,12 LAURELES,Rappi,2.0,102300.0,25.58
46146.0,7.Sunday,COL,Medellín,83 SANDUCHES EL JEFE,14 ENVIGADO,Rappi,1.0,26900.0,6.73
46146.0,7.Sunday,COL,Medellín,83 SANDUCHES EL JEFE,18 BELLO,Rappi,1.0,26900.0,6.73
46146.0,7.Sunday,COL,Medellín,83 SANDUCHES EL JEFE,29 ITAGUI,DiDi,2.0,134200.0,33.55
46146.0,7.Sunday,COL,Medellín,83 SANDUCHES EL JEFE,29 ITAGUI,Rappi,1.0,55400.0,13.85
46146.0,7.Sunday,COL,Medellín,84 CINNABON PASE,57 SANTAFE MED,FoodologyPOS,38.0,691800.0,172.95
46146.0,7.Sunday,COL,Medellín,84 CINNABON PASE,57 SANTAFE MED,Rappi,4.0,75400.0,18.85
46146.0,7.Sunday,COL,Medellín,84 CINNABON PASE,58 VIVA MED,FoodologyPOS,56.0,1114700.0,278.68
46146.0,7.Sunday,COL,Medellín,86 FROST TURBO,11 MANILA,Rappi,5.0,153100.0,38.28
46146.0,7.Sunday,COL,Medellín,86 FROST TURBO,12 LAURELES,Rappi,2.0,62500.0,15.63
46146.0,7.Sunday,COL,Medellín,87 VICIO TURBO,11 MANILA,Rappi,1.0,57000.0,14.25
46146.0,7.Sunday,COL,Medellín,87 VICIO TURBO,12 LAURELES,Rappi,3.0,63600.0,15.9
46146.0,7.Sunday,COL,Medellín,88 CINNABON TURBO,11 MANILA,Rappi,13.0,423900.0,105.98
46146.0,7.Sunday,COL,Medellín,88 CINNABON TURBO,12 LAURELES,Rappi,13.0,363800.0,90.95
46146.0,7.Sunday,COL,Medellín,90 AVOCALIA TURBO,11 MANILA,Rappi,28.0,1550400.0,387.6
46146.0,7.Sunday,COL,Medellín,90 AVOCALIA TURBO,12 LAURELES,Rappi,12.0,568200.0,142.05
46146.0,7.Sunday,COL,Medellín,92 BRUNCH&MUNCH TURB,11 MANILA,Rappi,9.0,263800.0,65.95
46146.0,7.Sunday,COL,Medellín,92 BRUNCH&MUNCH TURB,12 LAURELES,Rappi,7.0,357400.0,89.35
46146.0,7.Sunday,COL,Medellín,93 SAN JERONIMO TURB,11 MANILA,Rappi,2.0,57500.0,14.38
46146.0,7.Sunday,COL,Medellín,93 SAN JERONIMO TURB,12 LAURELES,Rappi,3.0,69000.0,17.25
46146.0,7.Sunday,COL,Pereira,01 AVOCALIA,28 PEREIRA,Rappi,21.0,933700.0,233.43
46146.0,7.Sunday,COL,Pereira,03 BRUNCH & MUNCH,28 PEREIRA,Rappi,9.0,643600.0,160.9
46146.0,7.Sunday,COL,Pereira,04 BURRITOS & CO,28 PEREIRA,Rappi,8.0,560100.0,140.03
46146.0,7.Sunday,COL,Pereira,07 LA CUADRA,28 PEREIRA,Rappi,15.0,901900.0,225.48
46146.0,7.Sunday,COL,Pereira,110 MR BEAST BURGER,28 PEREIRA,FoodologyPOS,1.0,37400.0,9.35
46146.0,7.Sunday,COL,Pereira,110 MR BEAST BURGER,28 PEREIRA,Rappi,3.0,213700.0,53.43
46146.0,7.Sunday,COL,Pereira,117 LA PANQUEQUERIA,28 PEREIRA,Rappi,1.0,72300.0,18.08
46146.0,7.Sunday,COL,Pereira,26 ALMUERZO DE LA CA,28 PEREIRA,Rappi,2.0,65600.0,16.4
46146.0,7.Sunday,COL,Pereira,29 SEÑOR BURRITO,28 PEREIRA,Rappi,1.0,61900.0,15.48
46146.0,7.Sunday,COL,Pereira,359 GREEN HOUSE,28 PEREIRA,Rappi,4.0,165500.0,41.38
46146.0,7.Sunday,COL,Pereira,362 ÑAMGUCHERIA,28 PEREIRA,Rappi,7.0,309200.0,77.3
46146.0,7.Sunday,COL,Pereira,366 HOUSE OF SALADS,28 PEREIRA,Rappi,3.0,118600.0,29.65
46146.0,7.Sunday,COL,Pereira,370 MONTEVERDE,28 PEREIRA,Rappi,1.0,25900.0,6.48
46146.0,7.Sunday,COL,Pereira,373 HOUSE OF BURGERS,28 PEREIRA,Rappi,1.0,53800.0,13.45
46146.0,7.Sunday,COL,Pereira,380 BREAKFAST CLUB,28 PEREIRA,Rappi,7.0,344800.0,86.2
46146.0,7.Sunday,COL,Pereira,381 DESAYU LA ABUELA,28 PEREIRA,Rappi,16.0,796900.0,199.23
46146.0,7.Sunday,COL,Pereira,386 LA CASA MEXICANA,28 PEREIRA,Rappi,7.0,284400.0,71.1
46146.0,7.Sunday,COL,Pereira,388 FOODHUB,28 PEREIRA,Rappi,1.0,44900.0,11.23
46146.0,7.Sunday,COL,Pereira,392 HONEST FOOD,28 PEREIRA,Rappi,4.0,236600.0,59.15
46146.0,7.Sunday,COL,Pereira,394 COCINA CONSCIENT,28 PEREIRA,Rappi,2.0,92300.0,23.08
46146.0,7.Sunday,COL,Pereira,420 DESGRANADOS & CO,28 PEREIRA,Rappi,8.0,521100.0,130.28
46146.0,7.Sunday,COL,Pereira,44 SELVATIKO,28 PEREIRA,Rappi,1.0,25800.0,6.45
46146.0,7.Sunday,COL,Pereira,448 DESAY COLOMBIANO,28 PEREIRA,Rappi,2.0,70600.0,17.65
46146.0,7.Sunday,COL,Pereira,54 FOODOLOGY,28 PEREIRA,Rappi,1.0,95900.0,23.98
46146.0,7.Sunday,COL,Pereira,58 ALBA VEGETARIAN,28 PEREIRA,Rappi,2.0,160900.0,40.23
46146.0,7.Sunday,COL,Pereira,72 VICIO,28 PEREIRA,Rappi,2.0,102200.0,25.55
46146.0,7.Sunday,COL,Pereira,82 CINNABON,28 PEREIRA,Rappi,6.0,219000.0,54.75
46360.0,7.Sunday,COL,Barranquilla,01 AVOCALIA,32 BARRANQUILLA,DiDi,2.0,107100.0,26.78
46360.0,7.Sunday,COL,Barranquilla,01 AVOCALIA,32 BARRANQUILLA,Rappi,46.0,1974600.0,493.65
46360.0,7.Sunday,COL,Barranquilla,03 BRUNCH & MUNCH,32 BARRANQUILLA,DiDi,1.0,44400.0,11.1
46360.0,7.Sunday,COL,Barranquilla,03 BRUNCH & MUNCH,32 BARRANQUILLA,FoodologyPOS,1.0,133000.0,33.25
46360.0,7.Sunday,COL,Barranquilla,03 BRUNCH & MUNCH,32 BARRANQUILLA,Rappi,23.0,1572400.0,393.1
46360.0,7.Sunday,COL,Barranquilla,04 BURRITOS & CO,32 BARRANQUILLA,DiDi,6.0,447600.0,111.9
46360.0,7.Sunday,COL,Barranquilla,04 BURRITOS & CO,32 BARRANQUILLA,Rappi,24.0,1155800.0,288.95
46360.0,7.Sunday,COL,Barranquilla,05 CACEROLA,32 BARRANQUILLA,DiDi,1.0,76000.0,19.0
46360.0,7.Sunday,COL,Barranquilla,07 LA CUADRA,32 BARRANQUILLA,DiDi,15.0,862600.0,215.65
46360.0,7.Sunday,COL,Barranquilla,07 LA CUADRA,32 BARRANQUILLA,Rappi,32.0,2205100.0,551.28
46360.0,7.Sunday,COL,Barranquilla,110 MR BEAST BURGER,32 BARRANQUILLA,DiDi,41.0,1878700.0,469.68
46360.0,7.Sunday,COL,Barranquilla,110 MR BEAST BURGER,32 BARRANQUILLA,Rappi,11.0,771400.0,192.85
46360.0,7.Sunday,COL,Barranquilla,1117 ALMZ LA CASA TU,32 BARRANQUILLA,Rappi,1.0,23900.0,5.98
46360.0,7.Sunday,COL,Barranquilla,1118 DEMBOW TUR,32 BARRANQUILLA,Rappi,2.0,162000.0,40.5
46360.0,7.Sunday,COL,Barranquilla,113 QUE CHICKEN,32 BARRANQUILLA,Rappi,1.0,43900.0,10.98
46360.0,7.Sunday,COL,Barranquilla,117 LA PANQUEQUERIA,32 BARRANQUILLA,Rappi,7.0,202400.0,50.6
46360.0,7.Sunday,COL,Barranquilla,14 BURGER LANE,32 BARRANQUILLA,Rappi,1.0,39900.0,9.98
46360.0,7.Sunday,COL,Barranquilla,205 FROST,32 BARRANQUILLA,Rappi,1.0,25900.0,6.48
46360.0,7.Sunday,COL,Barranquilla,26 ALMUERZO DE LA CA,32 BARRANQUILLA,DiDi,13.0,368700.0,92.18
46360.0,7.Sunday,COL,Barranquilla,26 ALMUERZO DE LA CA,32 BARRANQUILLA,Rappi,7.0,250700.0,62.68
46360.0,7.Sunday,COL,Barranquilla,29 SEÑOR BURRITO,32 BARRANQUILLA,DiDi,1.0,80800.0,20.2
46360.0,7.Sunday,COL,Barranquilla,35 BRUNCH CLUB,32 BARRANQUILLA,DiDi,1.0,18900.0,4.73
46360.0,7.Sunday,COL,Barranquilla,352 BURRITOS & CO TU,32 BARRANQUILLA,Rappi,6.0,194100.0,48.53
46360.0,7.Sunday,COL,Barranquilla,359 GREEN HOUSE,32 BARRANQUILLA,DiDi,11.0,448400.0,112.1
46360.0,7.Sunday,COL,Barranquilla,359 GREEN HOUSE,32 BARRANQUILLA,Rappi,39.0,1453300.0,363.33
46360.0,7.Sunday,COL,Barranquilla,362 ÑAMGUCHERIA,32 BARRANQUILLA,DiDi,2.0,65400.0,16.35
46360.0,7.Sunday,COL,Barranquilla,362 ÑAMGUCHERIA,32 BARRANQUILLA,Rappi,58.0,1987700.0,496.93
46360.0,7.Sunday,COL,Barranquilla,366 HOUSE OF SALADS,32 BARRANQUILLA,DiDi,1.0,26900.0,6.73
46360.0,7.Sunday,COL,Barranquilla,366 HOUSE OF SALADS,32 BARRANQUILLA,Rappi,9.0,450800.0,112.7
46360.0,7.Sunday,COL,Barranquilla,370 MONTEVERDE,32 BARRANQUILLA,Rappi,2.0,92500.0,23.13
46360.0,7.Sunday,COL,Barranquilla,380 BREAKFAST CLUB,32 BARRANQUILLA,DiDi,3.0,109200.0,27.3
46360.0,7.Sunday,COL,Barranquilla,380 BREAKFAST CLUB,32 BARRANQUILLA,Rappi,19.0,1227600.0,306.9
46360.0,7.Sunday,COL,Barranquilla,381 DESAYU LA ABUELA,32 BARRANQUILLA,DiDi,8.0,417100.0,104.28
46360.0,7.Sunday,COL,Barranquilla,381 DESAYU LA ABUELA,32 BARRANQUILLA,Rappi,38.0,2174400.0,543.6
46360.0,7.Sunday,COL,Barranquilla,383 BOTTANIKO TURBO,32 BARRANQUILLA,Rappi,1.0,31900.0,7.98
46360.0,7.Sunday,COL,Barranquilla,386 LA CASA MEXICANA,32 BARRANQUILLA,DiDi,1.0,47800.0,11.95
46360.0,7.Sunday,COL,Barranquilla,386 LA CASA MEXICANA,32 BARRANQUILLA,Rappi,3.0,108100.0,27.03
46360.0,7.Sunday,COL,Barranquilla,387 THE EGG SPOT,32 BARRANQUILLA,Rappi,3.0,62800.0,15.7
46360.0,7.Sunday,COL,Barranquilla,388 FOODHUB,32 BARRANQUILLA,DiDi,1.0,42900.0,10.73
46360.0,7.Sunday,COL,Barranquilla,388 FOODHUB,32 BARRANQUILLA,Rappi,1.0,107900.0,26.98
46360.0,7.Sunday,COL,Barranquilla,392 HONEST FOOD,32 BARRANQUILLA,Rappi,6.0,290600.0,72.65
46360.0,7.Sunday,COL,Barranquilla,392 MONTEVERDE TURB,32 BARRANQUILLA,Rappi,4.0,185300.0,46.33
46360.0,7.Sunday,COL,Barranquilla,393 EL EJECUTIVO,32 BARRANQUILLA,DiDi,1.0,24900.0,6.23
46360.0,7.Sunday,COL,Barranquilla,393 EL EJECUTIVO,32 BARRANQUILLA,Rappi,2.0,83300.0,20.83
46360.0,7.Sunday,COL,Barranquilla,394 COCINA CONSCIENT,32 BARRANQUILLA,DiDi,1.0,23900.0,5.98
46360.0,7.Sunday,COL,Barranquilla,394 COCINA CONSCIENT,32 BARRANQUILLA,Rappi,3.0,142000.0,35.5
46360.0,7.Sunday,COL,Barranquilla,397 CACEROLA - TURBO,32 BARRANQUILLA,Rappi,3.0,195200.0,48.8
46360.0,7.Sunday,COL,Barranquilla,401 DESA ABUELA TURBO,32 BARRANQUILLA,Rappi,6.0,470700.0,117.68
46360.0,7.Sunday,COL,Barranquilla,403 HONEST FOOD TURBO,32 BARRANQUILLA,Rappi,3.0,137900.0,34.48
46360.0,7.Sunday,COL,Barranquilla,405 BREAKFACLUB TURBO,32 BARRANQUILLA,Rappi,1.0,34500.0,8.63
46360.0,7.Sunday,COL,Barranquilla,413 HOUSE SALAD TURB,32 BARRANQUILLA,Rappi,5.0,180000.0,45.0
46360.0,7.Sunday,COL,Barranquilla,428 SELVATIKO TURBO,32 BARRANQUILLA,Rappi,1.0,47800.0,11.95
46360.0,7.Sunday,COL,Barranquilla,429 SEÑOR BURRI TURB,32 BARRANQUILLA,Rappi,2.0,42900.0,10.73
46360.0,7.Sunday,COL,Barranquilla,431 DESGRA & CO TURB,32 BARRANQUILLA,Rappi,1.0,53900.0,13.48
46360.0,7.Sunday,COL,Barranquilla,448 DESAY COLOMBIANO,32 BARRANQUILLA,Rappi,1.0,19900.0,4.98
46360.0,7.Sunday,COL,Barranquilla,54 FOODOLOGY,32 BARRANQUILLA,DiDi,1.0,20900.0,5.23
46360.0,7.Sunday,COL,Barranquilla,54 FOODOLOGY,32 BARRANQUILLA,Rappi,2.0,59400.0,14.85
46360.0,7.Sunday,COL,Barranquilla,57 PRET SANDWICH BIS,32 BARRANQUILLA,Rappi,2.0,90300.0,22.58
46360.0,7.Sunday,COL,Barranquilla,58 ALBA VEGETARIAN,32 BARRANQUILLA,DiDi,1.0,24400.0,6.1
46360.0,7.Sunday,COL,Barranquilla,58 ALBA VEGETARIAN,32 BARRANQUILLA,Rappi,2.0,65100.0,16.28
46360.0,7.Sunday,COL,Barranquilla,70 BURRITO CANTINA,32 BARRANQUILLA,Rappi,2.0,53800.0,13.45
46360.0,7.Sunday,COL,Barranquilla,73 ACPM CORRIENTAZO,32 BARRANQUILLA,Rappi,1.0,21900.0,5.48
46360.0,7.Sunday,COL,Barranquilla,82 CINNABON,32 BARRANQUILLA,DiDi,3.0,38300.0,9.58
46360.0,7.Sunday,COL,Barranquilla,82 CINNABON,32 BARRANQUILLA,Rappi,19.0,619600.0,154.9
46360.0,7.Sunday,COL,Barranquilla,83 SANDUCHES EL JEFE,32 BARRANQUILLA,DiDi,1.0,25500.0,6.38
46360.0,7.Sunday,COL,Barranquilla,83 SANDUCHES EL JEFE,32 BARRANQUILLA,Rappi,2.0,103100.0,25.78
46360.0,7.Sunday,COL,Barranquilla,88 CINNABON TURBO,32 BARRANQUILLA,Rappi,4.0,63500.0,15.88
46360.0,7.Sunday,COL,Barranquilla,93 SAN JERONIMO TURB,32 BARRANQUILLA,Rappi,1.0,149500.0,37.38
46360.0,7.Sunday,COL,Bogotá,01 AVOCALIA,01 USAQUEN,Rappi,17.0,781800.0,195.45
46360.0,7.Sunday,COL,Bogotá,01 AVOCALIA,02 PARQUE 93,Rappi,18.0,956700.0,239.18
46360.0,7.Sunday,COL,Bogotá,01 AVOCALIA,03 CHAPINERO,DiDi,2.0,135800.0,33.95
46360.0,7.Sunday,COL,Bogotá,01 AVOCALIA,03 CHAPINERO,Rappi,35.0,1871000.0,467.75
46360.0,7.Sunday,COL,Bogotá,01 AVOCALIA,06 COLINA,Rappi,32.0,1671400.0,417.85
46360.0,7.Sunday,COL,Bogotá,01 AVOCALIA,08 ANDES,Rappi,16.0,682700.0,170.68
46360.0,7.Sunday,COL,Bogotá,01 AVOCALIA,13 CHIA,Rappi,9.0,423400.0,105.85
46360.0,7.Sunday,COL,Bogotá,01 AVOCALIA,15 ENGATIVA,DiDi,1.0,19900.0,4.98
46360.0,7.Sunday,COL,Bogotá,01 AVOCALIA,15 ENGATIVA,Rappi,14.0,681900.0,170.48
46360.0,7.Sunday,COL,Bogotá,01 AVOCALIA,36 VILLA DEL PRADO,DiDi,2.0,114500.0,28.63
46360.0,7.Sunday,COL,Bogotá,01 AVOCALIA,36 VILLA DEL PRADO,Rappi,19.0,963400.0,240.85
46360.0,7.Sunday,COL,Bogotá,01 AVOCALIA,38 KENNEDY,Rappi,3.0,197000.0,49.25
46360.0,7.Sunday,COL,Bogotá,01 AVOCALIA,45 VERAGUAS,Rappi,5.0,240500.0,60.13
46360.0,7.Sunday,COL,Bogotá,01 AVOCALIA,50 CHICO,FoodologyPOS,19.0,958100.0,239.53
46360.0,7.Sunday,COL,Bogotá,01 AVOCALIA,50 CHICO,Rappi,1.0,80800.0,20.2
46360.0,7.Sunday,COL,Bogotá,01 AVOCALIA,65 CALLE 109,FoodologyPOS,27.0,2285804.0,571.45
46360.0,7.Sunday,COL,Bogotá,01 AVOCALIA,65 CALLE 109,Rappi,19.0,854000.0,213.5
46360.0,7.Sunday,COL,Bogotá,02 BOTTANIKO,03 CHAPINERO,DiDi,2.0,50400.0,12.6
46360.0,7.Sunday,COL,Bogotá,02 BOTTANIKO,06 COLINA,Rappi,1.0,62600.0,15.65
46360.0,7.Sunday,COL,Bogotá,02 BOTTANIKO,38 KENNEDY,DiDi,1.0,12900.0,3.23
46360.0,7.Sunday,COL,Bogotá,02 BOTTANIKO,65 CALLE 109,Rappi,1.0,18900.0,4.73
46360.0,7.Sunday,COL,Bogotá,03 BRUNCH & MUNCH,01 USAQUEN,DiDi,4.0,151800.0,37.95
46360.0,7.Sunday,COL,Bogotá,03 BRUNCH & MUNCH,01 USAQUEN,Rappi,14.0,897800.0,224.45
46360.0,7.Sunday,COL,Bogotá,03 BRUNCH & MUNCH,02 PARQUE 93,DiDi,3.0,142000.0,35.5
46360.0,7.Sunday,COL,Bogotá,03 BRUNCH & MUNCH,02 PARQUE 93,Rappi,20.0,1574000.0,393.5
46360.0,7.Sunday,COL,Bogotá,03 BRUNCH & MUNCH,03 CHAPINERO,DiDi,4.0,340500.0,85.13
46360.0,7.Sunday,COL,Bogotá,03 BRUNCH & MUNCH,03 CHAPINERO,Rappi,32.0,1659300.0,414.83
46360.0,7.Sunday,COL,Bogotá,03 BRUNCH & MUNCH,06 COLINA,DiDi,2.0,106800.0,26.7
46360.0,7.Sunday,COL,Bogotá,03 BRUNCH & MUNCH,06 COLINA,Rappi,11.0,590500.0,147.63
46360.0,7.Sunday,COL,Bogotá,03 BRUNCH & MUNCH,07 SALITRE,Rappi,0.0,0.0,0.0
46360.0,7.Sunday,COL,Bogotá,03 BRUNCH & MUNCH,08 ANDES,DiDi,1.0,85600.0,21.4
46360.0,7.Sunday,COL,Bogotá,03 BRUNCH & MUNCH,08 ANDES,Rappi,11.0,421100.0,105.28
46360.0,7.Sunday,COL,Bogotá,03 BRUNCH & MUNCH,13 CHIA,Rappi,2.0,92400.0,23.1
46360.0,7.Sunday,COL,Bogotá,03 BRUNCH & MUNCH,15 ENGATIVA,DiDi,1.0,26900.0,6.73
46360.0,7.Sunday,COL,Bogotá,03 BRUNCH & MUNCH,15 ENGATIVA,Rappi,13.0,837100.0,209.28
46360.0,7.Sunday,COL,Bogotá,03 BRUNCH & MUNCH,16 SUBA,Rappi,0.0,0.0,0.0
46360.0,7.Sunday,COL,Bogotá,03 BRUNCH & MUNCH,35 FONTIBON,Rappi,0.0,0.0,0.0
46360.0,7.Sunday,COL,Bogotá,03 BRUNCH & MUNCH,36 VILLA DEL PRADO,Rappi,13.0,724200.0,181.05
46360.0,7.Sunday,COL,Bogotá,03 BRUNCH & MUNCH,38 KENNEDY,DiDi,2.0,166600.0,41.65
46360.0,7.Sunday,COL,Bogotá,03 BRUNCH & MUNCH,38 KENNEDY,Rappi,9.0,764700.0,191.18
46360.0,7.Sunday,COL,Bogotá,03 BRUNCH & MUNCH,45 VERAGUAS,Rappi,7.0,525400.0,131.35
46360.0,7.Sunday,COL,Bogotá,03 BRUNCH & MUNCH,50 CHICO,Rappi,9.0,671100.0,167.78
46360.0,7.Sunday,COL,Bogotá,03 BRUNCH & MUNCH,65 CALLE 109,Rappi,23.0,1284300.0,321.08
46360.0,7.Sunday,COL,Bogotá,04 BURRITOS & CO,01 USAQUEN,DiDi,1.0,22900.0,5.73
46360.0,7.Sunday,COL,Bogotá,04 BURRITOS & CO,01 USAQUEN,Rappi,8.0,372900.0,93.23
46360.0,7.Sunday,COL,Bogotá,04 BURRITOS & CO,02 PARQUE 93,DiDi,1.0,98700.0,24.68
46360.0,7.Sunday,COL,Bogotá,04 BURRITOS & CO,02 PARQUE 93,Rappi,13.0,852500.0,213.13
46360.0,7.Sunday,COL,Bogotá,04 BURRITOS & CO,03 CHAPINERO,DiDi,8.0,542700.0,135.68
46360.0,7.Sunday,COL,Bogotá,04 BURRITOS & CO,03 CHAPINERO,Rappi,27.0,2004400.0,501.1
46360.0,7.Sunday,COL,Bogotá,04 BURRITOS & CO,06 COLINA,Justo,1.0,51100.0,12.78
46360.0,7.Sunday,COL,Bogotá,04 BURRITOS & CO,06 COLINA,Rappi,9.0,676600.0,169.15
46360.0,7.Sunday,COL,Bogotá,04 BURRITOS & CO,08 ANDES,DiDi,3.0,133300.0,33.33
46360.0,7.Sunday,COL,Bogotá,04 BURRITOS & CO,08 ANDES,Rappi,8.0,348900.0,87.23
46360.0,7.Sunday,COL,Bogotá,04 BURRITOS & CO,13 CHIA,DiDi,3.0,174900.0,43.73
46360.0,7.Sunday,COL,Bogotá,04 BURRITOS & CO,13 CHIA,Rappi,9.0,438100.0,109.53
46360.0,7.Sunday,COL,Bogotá,04 BURRITOS & CO,15 ENGATIVA,DiDi,7.0,482100.0,120.53
46360.0,7.Sunday,COL,Bogotá,04 BURRITOS & CO,15 ENGATIVA,Rappi,4.0,291800.0,72.95
46360.0,7.Sunday,COL,Bogotá,04 BURRITOS & CO,36 VILLA DEL PRADO,DiDi,6.0,569600.0,142.4
46360.0,7.Sunday,COL,Bogotá,04 BURRITOS & CO,36 VILLA DEL PRADO,Rappi,10.0,687200.0,171.8
46360.0,7.Sunday,COL,Bogotá,04 BURRITOS & CO,38 KENNEDY,DiDi,7.0,867700.0,216.93
46360.0,7.Sunday,COL,Bogotá,04 BURRITOS & CO,38 KENNEDY,Rappi,11.0,719400.0,179.85
46360.0,7.Sunday,COL,Bogotá,04 BURRITOS & CO,45 VERAGUAS,DiDi,5.0,265400.0,66.35
46360.0,7.Sunday,COL,Bogotá,04 BURRITOS & CO,45 VERAGUAS,Rappi,5.0,337700.0,84.43
46360.0,7.Sunday,COL,Bogotá,07 LA CUADRA,01 USAQUEN,DiDi,2.0,86400.0,21.6
46360.0,7.Sunday,COL,Bogotá,07 LA CUADRA,01 USAQUEN,Rappi,7.0,439000.0,109.75
46360.0,7.Sunday,COL,Bogotá,07 LA CUADRA,02 PARQUE 93,DiDi,1.0,50300.0,12.58
46360.0,7.Sunday,COL,Bogotá,07 LA CUADRA,02 PARQUE 93,Rappi,6.0,452500.0,113.13
46360.0,7.Sunday,COL,Bogotá,07 LA CUADRA,03 CHAPINERO,DiDi,9.0,407000.0,101.75
46360.0,7.Sunday,COL,Bogotá,07 LA CUADRA,03 CHAPINERO,Rappi,9.0,671700.0,167.93
46360.0,7.Sunday,COL,Bogotá,07 LA CUADRA,06 COLINA,DiDi,4.0,242700.0,60.68
46360.0,7.Sunday,COL,Bogotá,07 LA CUADRA,06 COLINA,Rappi,7.0,423300.0,105.83
46360.0,7.Sunday,COL,Bogotá,07 LA CUADRA,08 ANDES,DiDi,10.0,585100.0,146.28
46360.0,7.Sunday,COL,Bogotá,07 LA CUADRA,08 ANDES,Rappi,8.0,626500.0,156.63
46360.0,7.Sunday,COL,Bogotá,07 LA CUADRA,13 CHIA,DiDi,7.0,438800.0,109.7
46360.0,7.Sunday,COL,Bogotá,07 LA CUADRA,13 CHIA,Rappi,4.0,227800.0,56.95
46360.0,7.Sunday,COL,Bogotá,07 LA CUADRA,15 ENGATIVA,DiDi,4.0,203300.0,50.83
46360.0,7.Sunday,COL,Bogotá,07 LA CUADRA,15 ENGATIVA,Rappi,6.0,389200.0,97.3
46360.0,7.Sunday,COL,Bogotá,07 LA CUADRA,36 VILLA DEL PRADO,DiDi,1.0,35500.0,8.88
46360.0,7.Sunday,COL,Bogotá,07 LA CUADRA,36 VILLA DEL PRADO,Rappi,5.0,332400.0,83.1
46360.0,7.Sunday,COL,Bogotá,07 LA CUADRA,38 KENNEDY,Rappi,2.0,151800.0,37.95
46360.0,7.Sunday,COL,Bogotá,07 LA CUADRA,45 VERAGUAS,DiDi,4.0,177600.0,44.4
46360.0,7.Sunday,COL,Bogotá,07 LA CUADRA,45 VERAGUAS,Rappi,1.0,107300.0,26.83
46360.0,7.Sunday,COL,Bogotá,07 LA CUADRA,65 CALLE 109,DiDi,6.0,420400.0,105.1
46360.0,7.Sunday,COL,Bogotá,07 LA CUADRA,65 CALLE 109,Rappi,13.0,871400.0,217.85
46360.0,7.Sunday,COL,Bogotá,110 MR BEAST BURGER,01 USAQUEN,DiDi,27.0,1439500.0,359.88
46360.0,7.Sunday,COL,Bogotá,110 MR BEAST BURGER,01 USAQUEN,Rappi,3.0,265300.0,66.33
46360.0,7.Sunday,COL,Bogotá,110 MR BEAST BURGER,02 PARQUE 93,DiDi,39.0,2032000.0,508.0
46360.0,7.Sunday,COL,Bogotá,110 MR BEAST BURGER,02 PARQUE 93,Rappi,5.0,295100.0,73.78
46360.0,7.Sunday,COL,Bogotá,110 MR BEAST BURGER,03 CHAPINERO,DiDi,42.0,2146700.0,536.68
46360.0,7.Sunday,COL,Bogotá,110 MR BEAST BURGER,03 CHAPINERO,Rappi,8.0,371600.0,92.9
46360.0,7.Sunday,COL,Bogotá,110 MR BEAST BURGER,06 COLINA,DiDi,28.0,1491400.0,372.85
46360.0,7.Sunday,COL,Bogotá,110 MR BEAST BURGER,06 COLINA,Rappi,6.0,313400.0,78.35
46360.0,7.Sunday,COL,Bogotá,110 MR BEAST BURGER,08 ANDES,DiDi,35.0,1721100.0,430.28
46360.0,7.Sunday,COL,Bogotá,110 MR BEAST BURGER,08 ANDES,Rappi,3.0,161100.0,40.28
46360.0,7.Sunday,COL,Bogotá,110 MR BEAST BURGER,13 CHIA,DiDi,24.0,1336300.0,334.08
46360.0,7.Sunday,COL,Bogotá,110 MR BEAST BURGER,13 CHIA,Rappi,2.0,129200.0,32.3
46360.0,7.Sunday,COL,Bogotá,110 MR BEAST BURGER,15 ENGATIVA,DiDi,36.0,1946400.0,486.6
46360.0,7.Sunday,COL,Bogotá,110 MR BEAST BURGER,15 ENGATIVA,Rappi,10.0,650600.0,162.65
46360.0,7.Sunday,COL,Bogotá,110 MR BEAST BURGER,36 VILLA DEL PRADO,DiDi,31.0,1577100.0,394.28
46360.0,7.Sunday,COL,Bogotá,110 MR BEAST BURGER,36 VILLA DEL PRADO,Rappi,13.0,775500.0,193.88
46360.0,7.Sunday,COL,Bogotá,110 MR BEAST BURGER,38 KENNEDY,DiDi,42.0,2417300.0,604.33
46360.0,7.Sunday,COL,Bogotá,110 MR BEAST BURGER,38 KENNEDY,Rappi,5.0,330900.0,82.73
46360.0,7.Sunday,COL,Bogotá,110 MR BEAST BURGER,45 VERAGUAS,DiDi,17.0,1027400.0,256.85
46360.0,7.Sunday,COL,Bogotá,110 MR BEAST BURGER,45 VERAGUAS,Rappi,4.0,289800.0,72.45
46360.0,7.Sunday,COL,Bogotá,110 MR BEAST BURGER,65 CALLE 109,DiDi,10.0,704600.0,176.15
46360.0,7.Sunday,COL,Bogotá,110 MR BEAST BURGER,65 CALLE 109,Rappi,5.0,383900.0,95.98
46360.0,7.Sunday,COL,Bogotá,1117 ALMZ LA CASA TU,01 USAQUEN,Rappi,1.0,71600.0,17.9
46360.0,7.Sunday,COL,Bogotá,1117 ALMZ LA CASA TU,02 PARQUE 93,Rappi,1.0,26800.0,6.7
46360.0,7.Sunday,COL,Bogotá,1117 ALMZ LA CASA TU,03 CHAPINERO,Rappi,1.0,55500.0,13.88
46360.0,7.Sunday,COL,Bogotá,1117 ALMZ LA CASA TU,06 COLINA,Rappi,1.0,21500.0,5.38
46360.0,7.Sunday,COL,Bogotá,1120 FOODOLOGY TUR,02 PARQUE 93,Rappi,1.0,42800.0,10.7
46360.0,7.Sunday,COL,Bogotá,1120 FOODOLOGY TUR,38 KENNEDY,Rappi,1.0,40300.0,10.08
46360.0,7.Sunday,COL,Bogotá,113 QUE CHICKEN,02 PARQUE 93,Rappi,3.0,165700.0,41.43
46360.0,7.Sunday,COL,Bogotá,113 QUE CHICKEN,06 COLINA,Rappi,2.0,101200.0,25.3
46360.0,7.Sunday,COL,Bogotá,113 QUE CHICKEN,08 ANDES,Rappi,2.0,85800.0,21.45
46360.0,7.Sunday,COL,Bogotá,113 QUE CHICKEN,13 CHIA,Rappi,1.0,43900.0,10.98
46360.0,7.Sunday,COL,Bogotá,113 QUE CHICKEN,15 ENGATIVA,Rappi,1.0,54800.0,13.7
46360.0,7.Sunday,COL,Bogotá,113 QUE CHICKEN,36 VILLA DEL PRADO,Rappi,2.0,87800.0,21.95
46360.0,7.Sunday,COL,Bogotá,113 QUE CHICKEN,45 VERAGUAS,Rappi,1.0,41900.0,10.48
46360.0,7.Sunday,COL,Bogotá,114 MR BEAST TURBO,08 ANDES,Rappi,7.0,322700.0,80.68
46360.0,7.Sunday,COL,Bogotá,114 MR BEAST TURBO,38 KENNEDY,Rappi,9.0,506600.0,126.65
46360.0,7.Sunday,COL,Bogotá,114 MR BEAST TURBO,65 CALLE 109,Rappi,3.0,159600.0,39.9
46360.0,7.Sunday,COL,Bogotá,116 AVOCALIA DESAYUN,50 CHICO,DiDi,1.0,38800.0,9.7
46360.0,7.Sunday,COL,Bogotá,116 AVOCALIA DESAYUN,65 CALLE 109,Rappi,1.0,45300.0,11.33
46360.0,7.Sunday,COL,Bogotá,117 LA PANQUEQUERIA,01 USAQUEN,Rappi,5.0,232600.0,58.15
46360.0,7.Sunday,COL,Bogotá,117 LA PANQUEQUERIA,02 PARQUE 93,Rappi,2.0,172900.0,43.23
46360.0,7.Sunday,COL,Bogotá,117 LA PANQUEQUERIA,03 CHAPINERO,Rappi,2.0,128300.0,32.08
46360.0,7.Sunday,COL,Bogotá,117 LA PANQUEQUERIA,06 COLINA,Rappi,3.0,138500.0,34.63
46360.0,7.Sunday,COL,Bogotá,117 LA PANQUEQUERIA,08 ANDES,DiDi,1.0,69000.0,17.25
46360.0,7.Sunday,COL,Bogotá,117 LA PANQUEQUERIA,08 ANDES,Rappi,4.0,143600.0,35.9
46360.0,7.Sunday,COL,Bogotá,117 LA PANQUEQUERIA,15 ENGATIVA,Rappi,3.0,193700.0,48.43
46360.0,7.Sunday,COL,Bogotá,117 LA PANQUEQUERIA,36 VILLA DEL PRADO,Rappi,1.0,43000.0,10.75
46360.0,7.Sunday,COL,Bogotá,117 LA PANQUEQUERIA,38 KENNEDY,DiDi,1.0,25900.0,6.48
46360.0,7.Sunday,COL,Bogotá,117 LA PANQUEQUERIA,38 KENNEDY,Rappi,1.0,79900.0,19.98
46360.0,7.Sunday,COL,Bogotá,117 LA PANQUEQUERIA,45 VERAGUAS,DiDi,1.0,44800.0,11.2
46360.0,7.Sunday,COL,Bogotá,117 LA PANQUEQUERIA,45 VERAGUAS,Rappi,3.0,116300.0,29.08
46360.0,7.Sunday,COL,Bogotá,117 LA PANQUEQUERIA,50 CHICO,Rappi,2.0,93200.0,23.3
46360.0,7.Sunday,COL,Bogotá,117 LA PANQUEQUERIA,65 CALLE 109,Rappi,3.0,97800.0,24.45
46360.0,7.Sunday,COL,Bogotá,14 BURGER LANE,01 USAQUEN,DiDi,1.0,47400.0,11.85
46360.0,7.Sunday,COL,Bogotá,205 FROST,02 PARQUE 93,Rappi,1.0,25800.0,6.45
46360.0,7.Sunday,COL,Bogotá,205 FROST,06 COLINA,Rappi,1.0,25900.0,6.48
46360.0,7.Sunday,COL,Bogotá,205 FROST,08 ANDES,Rappi,1.0,25900.0,6.48
46360.0,7.Sunday,COL,Bogotá,205 FROST,38 KENNEDY,DiDi,1.0,29500.0,7.38
46360.0,7.Sunday,COL,Bogotá,26 ALMUERZO DE LA CA,01 USAQUEN,DiDi,3.0,146100.0,36.53
46360.0,7.Sunday,COL,Bogotá,26 ALMUERZO DE LA CA,02 PARQUE 93,DiDi,1.0,21900.0,5.48
46360.0,7.Sunday,COL,Bogotá,26 ALMUERZO DE LA CA,03 CHAPINERO,DiDi,6.0,171800.0,42.95
46360.0,7.Sunday,COL,Bogotá,26 ALMUERZO DE LA CA,06 COLINA,DiDi,1.0,21900.0,5.48
46360.0,7.Sunday,COL,Bogotá,26 ALMUERZO DE LA CA,08 ANDES,DiDi,5.0,126300.0,31.58
46360.0,7.Sunday,COL,Bogotá,26 ALMUERZO DE LA CA,13 CHIA,DiDi,1.0,21900.0,5.48
46360.0,7.Sunday,COL,Bogotá,26 ALMUERZO DE LA CA,13 CHIA,Rappi,1.0,21900.0,5.48
46360.0,7.Sunday,COL,Bogotá,26 ALMUERZO DE LA CA,36 VILLA DEL PRADO,DiDi,5.0,141900.0,35.48
46360.0,7.Sunday,COL,Bogotá,26 ALMUERZO DE LA CA,36 VILLA DEL PRADO,Rappi,3.0,65700.0,16.43
46360.0,7.Sunday,COL,Bogotá,26 ALMUERZO DE LA CA,38 KENNEDY,DiDi,3.0,110400.0,27.6
46360.0,7.Sunday,COL,Bogotá,27 DESAYUNO MI TIERR,02 PARQUE 93,DiDi,1.0,88400.0,22.1
46360.0,7.Sunday,COL,Bogotá,27 DESAYUNO MI TIERR,06 COLINA,Rappi,1.0,36800.0,9.2
46360.0,7.Sunday,COL,Bogotá,27 DESAYUNO MI TIERR,08 ANDES,DiDi,1.0,33400.0,8.35
46360.0,7.Sunday,COL,Bogotá,29 SEÑOR BURRITO,03 CHAPINERO,DiDi,2.0,119900.0,29.98
46360.0,7.Sunday,COL,Bogotá,29 SEÑOR BURRITO,03 CHAPINERO,Rappi,1.0,18900.0,4.73
46360.0,7.Sunday,COL,Bogotá,29 SEÑOR BURRITO,06 COLINA,Rappi,1.0,14900.0,3.73
46360.0,7.Sunday,COL,Bogotá,29 SEÑOR BURRITO,08 ANDES,DiDi,3.0,113100.0,28.28
46360.0,7.Sunday,COL,Bogotá,29 SEÑOR BURRITO,13 CHIA,DiDi,1.0,48900.0,12.23
46360.0,7.Sunday,COL,Bogotá,29 SEÑOR BURRITO,15 ENGATIVA,Rappi,1.0,13900.0,3.48
46360.0,7.Sunday,COL,Bogotá,29 SEÑOR BURRITO,36 VILLA DEL PRADO,DiDi,1.0,12900.0,3.23
46360.0,7.Sunday,COL,Bogotá,29 SEÑOR BURRITO,38 KENNEDY,DiDi,1.0,41800.0,10.45
46360.0,7.Sunday,COL,Bogotá,29 SEÑOR BURRITO,45 VERAGUAS,DiDi,1.0,61900.0,15.48
46360.0,7.Sunday,COL,Bogotá,33 LA CUADRA DESAYUN,65 CALLE 109,Rappi,2.0,56300.0,14.08
46360.0,7.Sunday,COL,Bogotá,35 BRUNCH CLUB,02 PARQUE 93,DiDi,2.0,60700.0,15.18
46360.0,7.Sunday,COL,Bogotá,35 BRUNCH CLUB,06 COLINA,DiDi,1.0,74900.0,18.73
46360.0,7.Sunday,COL,Bogotá,35 BRUNCH CLUB,08 ANDES,DiDi,2.0,71600.0,17.9
46360.0,7.Sunday,COL,Bogotá,35 BRUNCH CLUB,13 CHIA,DiDi,2.0,51800.0,12.95
46360.0,7.Sunday,COL,Bogotá,35 BRUNCH CLUB,15 ENGATIVA,DiDi,1.0,100300.0,25.08
46360.0,7.Sunday,COL,Bogotá,35 BRUNCH CLUB,38 KENNEDY,DiDi,3.0,168200.0,42.05
46360.0,7.Sunday,COL,Bogotá,35 BRUNCH CLUB,45 VERAGUAS,DiDi,2.0,62200.0,15.55
46360.0,7.Sunday,COL,Bogotá,351 LA FOLIE,01 USAQUEN,Rappi,1.0,46900.0,11.73
46360.0,7.Sunday,COL,Bogotá,351 LA FOLIE,06 COLINA,Rappi,1.0,46900.0,11.73
46360.0,7.Sunday,COL,Bogotá,351 LA FOLIE,15 ENGATIVA,Rappi,1.0,23800.0,5.95
46360.0,7.Sunday,COL,Bogotá,351 LA FOLIE,36 VILLA DEL PRADO,Rappi,1.0,26900.0,6.73
46360.0,7.Sunday,COL,Bogotá,352 BURRITOS & CO TU,01 USAQUEN,Rappi,14.0,705000.0,176.25
46360.0,7.Sunday,COL,Bogotá,352 BURRITOS & CO TU,02 PARQUE 93,Rappi,2.0,61700.0,15.43
46360.0,7.Sunday,COL,Bogotá,352 BURRITOS & CO TU,03 CHAPINERO,Rappi,13.0,586700.0,146.68
46360.0,7.Sunday,COL,Bogotá,352 BURRITOS & CO TU,06 COLINA,Rappi,10.0,487500.0,121.88
46360.0,7.Sunday,COL,Bogotá,352 BURRITOS & CO TU,08 ANDES,Rappi,18.0,656800.0,164.2
46360.0,7.Sunday,COL,Bogotá,352 BURRITOS & CO TU,36 VILLA DEL PRADO,Rappi,17.0,809900.0,202.48
46360.0,7.Sunday,COL,Bogotá,352 BURRITOS & CO TU,38 KENNEDY,Rappi,4.0,199000.0,49.75
46360.0,7.Sunday,COL,Bogotá,352 BURRITOS & CO TU,50 CHICO,Rappi,1.0,19900.0,4.98
46360.0,7.Sunday,COL,Bogotá,353 LA CUADRA TURBO,01 USAQUEN,Rappi,7.0,418800.0,104.7
46360.0,7.Sunday,COL,Bogotá,353 LA CUADRA TURBO,03 CHAPINERO,Rappi,4.0,195600.0,48.9
46360.0,7.Sunday,COL,Bogotá,353 LA CUADRA TURBO,08 ANDES,Rappi,11.0,622600.0,155.65
46360.0,7.Sunday,COL,Bogotá,353 LA CUADRA TURBO,38 KENNEDY,Rappi,5.0,451200.0,112.8
46360.0,7.Sunday,COL,Bogotá,359 GREEN HOUSE,01 USAQUEN,DiDi,7.0,349100.0,87.28
46360.0,7.Sunday,COL,Bogotá,359 GREEN HOUSE,01 USAQUEN,Rappi,3.0,130000.0,32.5
46360.0,7.Sunday,COL,Bogotá,359 GREEN HOUSE,02 PARQUE 93,DiDi,5.0,158800.0,39.7
46360.0,7.Sunday,COL,Bogotá,359 GREEN HOUSE,02 PARQUE 93,Rappi,13.0,521200.0,130.3
46360.0,7.Sunday,COL,Bogotá,359 GREEN HOUSE,03 CHAPINERO,DiDi,6.0,245300.0,61.33
46360.0,7.Sunday,COL,Bogotá,359 GREEN HOUSE,03 CHAPINERO,Rappi,20.0,1046300.0,261.58
46360.0,7.Sunday,COL,Bogotá,359 GREEN HOUSE,06 COLINA,DiDi,3.0,124600.0,31.15
46360.0,7.Sunday,COL,Bogotá,359 GREEN HOUSE,06 COLINA,Rappi,12.0,442100.0,110.53
46360.0,7.Sunday,COL,Bogotá,359 GREEN HOUSE,08 ANDES,DiDi,1.0,40500.0,10.13
46360.0,7.Sunday,COL,Bogotá,359 GREEN HOUSE,08 ANDES,Rappi,4.0,188500.0,47.13
46360.0,7.Sunday,COL,Bogotá,359 GREEN HOUSE,13 CHIA,DiDi,1.0,79800.0,19.95
46360.0,7.Sunday,COL,Bogotá,359 GREEN HOUSE,13 CHIA,Rappi,8.0,336400.0,84.1
46360.0,7.Sunday,COL,Bogotá,359 GREEN HOUSE,15 ENGATIVA,DiDi,4.0,132200.0,33.05
46360.0,7.Sunday,COL,Bogotá,359 GREEN HOUSE,15 ENGATIVA,Rappi,4.0,146000.0,36.5
46360.0,7.Sunday,COL,Bogotá,359 GREEN HOUSE,36 VILLA DEL PRADO,DiDi,6.0,246100.0,61.53
46360.0,7.Sunday,COL,Bogotá,359 GREEN HOUSE,36 VILLA DEL PRADO,Rappi,7.0,260000.0,65.0
46360.0,7.Sunday,COL,Bogotá,359 GREEN HOUSE,38 KENNEDY,DiDi,4.0,191700.0,47.93
46360.0,7.Sunday,COL,Bogotá,359 GREEN HOUSE,45 VERAGUAS,DiDi,1.0,41800.0,10.45
46360.0,7.Sunday,COL,Bogotá,359 GREEN HOUSE,45 VERAGUAS,Rappi,5.0,220500.0,55.13
46360.0,7.Sunday,COL,Bogotá,359 GREEN HOUSE,65 CALLE 109,DiDi,2.0,131500.0,32.88
46360.0,7.Sunday,COL,Bogotá,359 GREEN HOUSE,65 CALLE 109,Rappi,9.0,349800.0,87.45
46360.0,7.Sunday,COL,Bogotá,362 ÑAMGUCHERIA,01 USAQUEN,DiDi,4.0,237300.0,59.33
46360.0,7.Sunday,COL,Bogotá,362 ÑAMGUCHERIA,01 USAQUEN,Rappi,70.0,2490800.0,622.7
46360.0,7.Sunday,COL,Bogotá,362 ÑAMGUCHERIA,02 PARQUE 93,DiDi,3.0,165300.0,41.33
46360.0,7.Sunday,COL,Bogotá,362 ÑAMGUCHERIA,02 PARQUE 93,Rappi,22.0,843900.0,210.98
46360.0,7.Sunday,COL,Bogotá,362 ÑAMGUCHERIA,03 CHAPINERO,DiDi,4.0,209700.0,52.43
46360.0,7.Sunday,COL,Bogotá,362 ÑAMGUCHERIA,03 CHAPINERO,Rappi,72.0,2882400.0,720.6
46360.0,7.Sunday,COL,Bogotá,362 ÑAMGUCHERIA,06 COLINA,Rappi,10.0,485300.0,121.33
46360.0,7.Sunday,COL,Bogotá,362 ÑAMGUCHERIA,13 CHIA,Rappi,0.0,0.0,0.0
46360.0,7.Sunday,COL,Bogotá,362 ÑAMGUCHERIA,15 ENGATIVA,Rappi,9.0,458300.0,114.58
46360.0,7.Sunday,COL,Bogotá,362 ÑAMGUCHERIA,36 VILLA DEL PRADO,Rappi,11.0,389600.0,97.4
46360.0,7.Sunday,COL,Bogotá,362 ÑAMGUCHERIA,38 KENNEDY,Rappi,35.0,1453200.0,363.3
46360.0,7.Sunday,COL,Bogotá,362 ÑAMGUCHERIA,45 VERAGUAS,DiDi,1.0,43500.0,10.88
46360.0,7.Sunday,COL,Bogotá,362 ÑAMGUCHERIA,45 VERAGUAS,Rappi,23.0,802600.0,200.65
46360.0,7.Sunday,COL,Bogotá,362 ÑAMGUCHERIA,50 CHICO,Rappi,0.0,0.0,0.0
46360.0,7.Sunday,COL,Bogotá,362 ÑAMGUCHERIA,65 CALLE 109,DiDi,1.0,23900.0,5.98
46360.0,7.Sunday,COL,Bogotá,362 ÑAMGUCHERIA,65 CALLE 109,Rappi,46.0,1560300.0,390.08
46360.0,7.Sunday,COL,Bogotá,363 GREEN HOUSE TURB,01 USAQUEN,Rappi,6.0,234500.0,58.63
46360.0,7.Sunday,COL,Bogotá,363 GREEN HOUSE TURB,03 CHAPINERO,Rappi,2.0,110200.0,27.55
46360.0,7.Sunday,COL,Bogotá,363 GREEN HOUSE TURB,36 VILLA DEL PRADO,Rappi,1.0,38800.0,9.7
46360.0,7.Sunday,COL,Bogotá,363 GREEN HOUSE TURB,38 KENNEDY,Rappi,2.0,44800.0,11.2
46360.0,7.Sunday,COL,Bogotá,366 HOUSE OF SALADS,01 USAQUEN,Rappi,1.0,34800.0,8.7
46360.0,7.Sunday,COL,Bogotá,366 HOUSE OF SALADS,02 PARQUE 93,Rappi,2.0,57300.0,14.33
46360.0,7.Sunday,COL,Bogotá,366 HOUSE OF SALADS,03 CHAPINERO,Rappi,3.0,236700.0,59.18
46360.0,7.Sunday,COL,Bogotá,366 HOUSE OF SALADS,15 ENGATIVA,Rappi,3.0,210900.0,52.73
46360.0,7.Sunday,COL,Bogotá,366 HOUSE OF SALADS,36 VILLA DEL PRADO,Rappi,2.0,65400.0,16.35
46360.0,7.Sunday,COL,Bogotá,369 ÑAMGUCHERIA TURB,01 USAQUEN,Rappi,3.0,108900.0,27.23
46360.0,7.Sunday,COL,Bogotá,370 MONTEVERDE,01 USAQUEN,DiDi,1.0,35800.0,8.95
46360.0,7.Sunday,COL,Bogotá,370 MONTEVERDE,01 USAQUEN,Rappi,3.0,163200.0,40.8
46360.0,7.Sunday,COL,Bogotá,370 MONTEVERDE,02 PARQUE 93,Rappi,1.0,26900.0,6.73
46360.0,7.Sunday,COL,Bogotá,370 MONTEVERDE,03 CHAPINERO,Rappi,1.0,51500.0,12.88
46360.0,7.Sunday,COL,Bogotá,370 MONTEVERDE,06 COLINA,DiDi,1.0,65400.0,16.35
46360.0,7.Sunday,COL,Bogotá,370 MONTEVERDE,06 COLINA,Rappi,2.0,58500.0,14.63
46360.0,7.Sunday,COL,Bogotá,370 MONTEVERDE,15 ENGATIVA,Rappi,2.0,106800.0,26.7
46360.0,7.Sunday,COL,Bogotá,370 MONTEVERDE,36 VILLA DEL PRADO,Rappi,3.0,113900.0,28.48
46360.0,7.Sunday,COL,Bogotá,373 HOUSE OF BURGERS,08 ANDES,Rappi,1.0,60600.0,15.15
46360.0,7.Sunday,COL,Bogotá,380 BREAKFAST CLUB,01 USAQUEN,DiDi,1.0,105500.0,26.38
46360.0,7.Sunday,COL,Bogotá,380 BREAKFAST CLUB,01 USAQUEN,Rappi,1.0,45400.0,11.35
46360.0,7.Sunday,COL,Bogotá,380 BREAKFAST CLUB,02 PARQUE 93,Rappi,11.0,759200.0,189.8
46360.0,7.Sunday,COL,Bogotá,380 BREAKFAST CLUB,03 CHAPINERO,DiDi,1.0,62900.0,15.73
46360.0,7.Sunday,COL,Bogotá,380 BREAKFAST CLUB,03 CHAPINERO,Rappi,14.0,964100.0,241.03
46360.0,7.Sunday,COL,Bogotá,380 BREAKFAST CLUB,06 COLINA,Rappi,5.0,344200.0,86.05
46360.0,7.Sunday,COL,Bogotá,380 BREAKFAST CLUB,08 ANDES,DiDi,1.0,28900.0,7.23
46360.0,7.Sunday,COL,Bogotá,380 BREAKFAST CLUB,08 ANDES,Rappi,9.0,621800.0,155.45
46360.0,7.Sunday,COL,Bogotá,380 BREAKFAST CLUB,13 CHIA,Rappi,2.0,107900.0,26.98
46360.0,7.Sunday,COL,Bogotá,380 BREAKFAST CLUB,15 ENGATIVA,DiDi,1.0,28900.0,7.23
46360.0,7.Sunday,COL,Bogotá,380 BREAKFAST CLUB,15 ENGATIVA,Rappi,4.0,257300.0,64.33
46360.0,7.Sunday,COL,Bogotá,380 BREAKFAST CLUB,36 VILLA DEL PRADO,DiDi,1.0,45400.0,11.35
46360.0,7.Sunday,COL,Bogotá,380 BREAKFAST CLUB,36 VILLA DEL PRADO,Rappi,2.0,106700.0,26.68
46360.0,7.Sunday,COL,Bogotá,380 BREAKFAST CLUB,45 VERAGUAS,Rappi,5.0,255500.0,63.88
46360.0,7.Sunday,COL,Bogotá,380 BREAKFAST CLUB,50 CHICO,Rappi,9.0,532200.0,133.05
46360.0,7.Sunday,COL,Bogotá,380 BREAKFAST CLUB,65 CALLE 109,Rappi,7.0,430800.0,107.7
46360.0,7.Sunday,COL,Bogotá,381 DESAYU LA ABUELA,01 USAQUEN,DiDi,1.0,70800.0,17.7
46360.0,7.Sunday,COL,Bogotá,381 DESAYU LA ABUELA,01 USAQUEN,Rappi,16.0,1171000.0,292.75
46360.0,7.Sunday,COL,Bogotá,381 DESAYU LA ABUELA,02 PARQUE 93,DiDi,1.0,69000.0,17.25
46360.0,7.Sunday,COL,Bogotá,381 DESAYU LA ABUELA,02 PARQUE 93,Rappi,19.0,1297100.0,324.28
46360.0,7.Sunday,COL,Bogotá,381 DESAYU LA ABUELA,03 CHAPINERO,DiDi,11.0,755000.0,188.75
46360.0,7.Sunday,COL,Bogotá,381 DESAYU LA ABUELA,03 CHAPINERO,Rappi,26.0,1742100.0,435.53
46360.0,7.Sunday,COL,Bogotá,381 DESAYU LA ABUELA,06 COLINA,DiDi,2.0,116500.0,29.13
46360.0,7.Sunday,COL,Bogotá,381 DESAYU LA ABUELA,06 COLINA,Rappi,23.0,1628100.0,407.03
46360.0,7.Sunday,COL,Bogotá,381 DESAYU LA ABUELA,08 ANDES,DiDi,3.0,197300.0,49.33
46360.0,7.Sunday,COL,Bogotá,381 DESAYU LA ABUELA,08 ANDES,Rappi,7.0,606000.0,151.5
46360.0,7.Sunday,COL,Bogotá,381 DESAYU LA ABUELA,13 CHIA,DiDi,3.0,133200.0,33.3
46360.0,7.Sunday,COL,Bogotá,381 DESAYU LA ABUELA,13 CHIA,Rappi,1.0,35800.0,8.95
46360.0,7.Sunday,COL,Bogotá,381 DESAYU LA ABUELA,15 ENGATIVA,DiDi,3.0,103200.0,25.8
46360.0,7.Sunday,COL,Bogotá,381 DESAYU LA ABUELA,15 ENGATIVA,Rappi,7.0,603400.0,150.85
46360.0,7.Sunday,COL,Bogotá,381 DESAYU LA ABUELA,36 VILLA DEL PRADO,Rappi,11.0,986900.0,246.73
46360.0,7.Sunday,COL,Bogotá,381 DESAYU LA ABUELA,38 KENNEDY,DiDi,6.0,496200.0,124.05
46360.0,7.Sunday,COL,Bogotá,381 DESAYU LA ABUELA,38 KENNEDY,Rappi,7.0,666100.0,166.53
46360.0,7.Sunday,COL,Bogotá,381 DESAYU LA ABUELA,45 VERAGUAS,DiDi,4.0,264700.0,66.18
46360.0,7.Sunday,COL,Bogotá,381 DESAYU LA ABUELA,45 VERAGUAS,Rappi,9.0,551100.0,137.78
46360.0,7.Sunday,COL,Bogotá,381 DESAYU LA ABUELA,50 CHICO,DiDi,1.0,53300.0,13.33
46360.0,7.Sunday,COL,Bogotá,381 DESAYU LA ABUELA,50 CHICO,Rappi,14.0,774700.0,193.68
46360.0,7.Sunday,COL,Bogotá,381 DESAYU LA ABUELA,65 CALLE 109,DiDi,5.0,254000.0,63.5
46360.0,7.Sunday,COL,Bogotá,381 DESAYU LA ABUELA,65 CALLE 109,Rappi,14.0,936700.0,234.18
46360.0,7.Sunday,COL,Bogotá,382 ALBA VEGE TURBO,06 COLINA,Rappi,1.0,37500.0,9.38
46360.0,7.Sunday,COL,Bogotá,382 ALBA VEGE TURBO,38 KENNEDY,Rappi,1.0,21900.0,5.48
46360.0,7.Sunday,COL,Bogotá,383 BOTTANIKO TURBO,38 KENNEDY,Rappi,1.0,32000.0,8.0
46360.0,7.Sunday,COL,Bogotá,383 BOTTANIKO TURBO,65 CALLE 109,Rappi,1.0,24500.0,6.13
46360.0,7.Sunday,COL,Bogotá,385 MAÑANERO TURBO,01 USAQUEN,Rappi,2.0,85400.0,21.35
46360.0,7.Sunday,COL,Bogotá,386 LA CASA MEXICANA,01 USAQUEN,Rappi,4.0,161300.0,40.33
46360.0,7.Sunday,COL,Bogotá,386 LA CASA MEXICANA,02 PARQUE 93,DiDi,3.0,134500.0,33.63
46360.0,7.Sunday,COL,Bogotá,386 LA CASA MEXICANA,02 PARQUE 93,Rappi,2.0,44800.0,11.2
46360.0,7.Sunday,COL,Bogotá,386 LA CASA MEXICANA,08 ANDES,DiDi,2.0,126300.0,31.58
46360.0,7.Sunday,COL,Bogotá,386 LA CASA MEXICANA,08 ANDES,Rappi,2.0,84200.0,21.05
46360.0,7.Sunday,COL,Bogotá,386 LA CASA MEXICANA,13 CHIA,DiDi,2.0,108400.0,27.1
46360.0,7.Sunday,COL,Bogotá,386 LA CASA MEXICANA,13 CHIA,Rappi,3.0,190300.0,47.58
46360.0,7.Sunday,COL,Bogotá,386 LA CASA MEXICANA,15 ENGATIVA,DiDi,1.0,38800.0,9.7
46360.0,7.Sunday,COL,Bogotá,386 LA CASA MEXICANA,36 VILLA DEL PRADO,Rappi,1.0,88600.0,22.15
46360.0,7.Sunday,COL,Bogotá,386 LA CASA MEXICANA,45 VERAGUAS,DiDi,4.0,145400.0,36.35
46360.0,7.Sunday,COL,Bogotá,386 LA CASA MEXICANA,65 CALLE 109,Rappi,4.0,142000.0,35.5
46360.0,7.Sunday,COL,Bogotá,387 THE EGG SPOT,01 USAQUEN,Rappi,2.0,86800.0,21.7
46360.0,7.Sunday,COL,Bogotá,387 THE EGG SPOT,02 PARQUE 93,DiDi,1.0,43400.0,10.85
46360.0,7.Sunday,COL,Bogotá,387 THE EGG SPOT,02 PARQUE 93,Rappi,2.0,146600.0,36.65
46360.0,7.Sunday,COL,Bogotá,387 THE EGG SPOT,03 CHAPINERO,Rappi,3.0,126900.0,31.73
46360.0,7.Sunday,COL,Bogotá,387 THE EGG SPOT,36 VILLA DEL PRADO,Rappi,1.0,75700.0,18.93
46360.0,7.Sunday,COL,Bogotá,387 THE EGG SPOT,50 CHICO,Rappi,1.0,94300.0,23.58
46360.0,7.Sunday,COL,Bogotá,387 THE EGG SPOT,65 CALLE 109,Rappi,5.0,279500.0,69.88
46360.0,7.Sunday,COL,Bogotá,388 FOODHUB,01 USAQUEN,DiDi,1.0,142300.0,35.58
46360.0,7.Sunday,COL,Bogotá,388 FOODHUB,08 ANDES,DiDi,1.0,92900.0,23.23
46360.0,7.Sunday,COL,Bogotá,388 FOODHUB,38 KENNEDY,DiDi,1.0,39500.0,9.88
46360.0,7.Sunday,COL,Bogotá,392 HONEST FOOD,01 USAQUEN,Rappi,2.0,66000.0,16.5
46360.0,7.Sunday,COL,Bogotá,392 HONEST FOOD,02 PARQUE 93,Rappi,4.0,315800.0,78.95
46360.0,7.Sunday,COL,Bogotá,392 HONEST FOOD,03 CHAPINERO,Rappi,6.0,357400.0,89.35
46360.0,7.Sunday,COL,Bogotá,392 HONEST FOOD,06 COLINA,Rappi,2.0,145400.0,36.35
46360.0,7.Sunday,COL,Bogotá,392 HONEST FOOD,08 ANDES,Rappi,4.0,191300.0,47.83
46360.0,7.Sunday,COL,Bogotá,392 HONEST FOOD,13 CHIA,Rappi,4.0,380900.0,95.23
46360.0,7.Sunday,COL,Bogotá,392 HONEST FOOD,36 VILLA DEL PRADO,Rappi,1.0,35500.0,8.88
46360.0,7.Sunday,COL,Bogotá,392 HONEST FOOD,38 KENNEDY,Rappi,1.0,146500.0,36.63
46360.0,7.Sunday,COL,Bogotá,392 HONEST FOOD,65 CALLE 109,Rappi,4.0,136000.0,34.0
46360.0,7.Sunday,COL,Bogotá,392 MONTEVERDE TURB,01 USAQUEN,Rappi,5.0,152000.0,38.0
46360.0,7.Sunday,COL,Bogotá,392 MONTEVERDE TURB,03 CHAPINERO,Rappi,6.0,222700.0,55.68
46360.0,7.Sunday,COL,Bogotá,392 MONTEVERDE TURB,08 ANDES,Rappi,1.0,38900.0,9.73
46360.0,7.Sunday,COL,Bogotá,393 EL EJECUTIVO,01 USAQUEN,DiDi,1.0,29400.0,7.35
46360.0,7.Sunday,COL,Bogotá,393 EL EJECUTIVO,03 CHAPINERO,DiDi,1.0,46900.0,11.73
46360.0,7.Sunday,COL,Bogotá,393 EL EJECUTIVO,13 CHIA,DiDi,1.0,31400.0,7.85
46360.0,7.Sunday,COL,Bogotá,393 EL EJECUTIVO,15 ENGATIVA,DiDi,1.0,28900.0,7.23
46360.0,7.Sunday,COL,Bogotá,393 EL EJECUTIVO,65 CALLE 109,Rappi,1.0,37500.0,9.38
46360.0,7.Sunday,COL,Bogotá,394 COCINA CONSCIENT,02 PARQUE 93,Rappi,1.0,39900.0,9.98
46360.0,7.Sunday,COL,Bogotá,394 COCINA CONSCIENT,03 CHAPINERO,Rappi,2.0,68400.0,17.1
46360.0,7.Sunday,COL,Bogotá,394 COCINA CONSCIENT,13 CHIA,Rappi,2.0,83200.0,20.8
46360.0,7.Sunday,COL,Bogotá,394 COCINA CONSCIENT,15 ENGATIVA,Rappi,2.0,159100.0,39.78
46360.0,7.Sunday,COL,Bogotá,394 COCINA CONSCIENT,45 VERAGUAS,Rappi,2.0,98000.0,24.5
46360.0,7.Sunday,COL,Bogotá,395 BISTRO - TURBO,36 VILLA DEL PRADO,Rappi,1.0,46900.0,11.73
46360.0,7.Sunday,COL,Bogotá,396 NUMA MEDITERRAN,03 CHAPINERO,DiDi,3.0,300600.0,75.15
46360.0,7.Sunday,COL,Bogotá,396 NUMA MEDITERRAN,03 CHAPINERO,Rappi,1.0,24900.0,6.23
46360.0,7.Sunday,COL,Bogotá,396 NUMA MEDITERRAN,06 COLINA,Rappi,3.0,36700.0,9.18
46360.0,7.Sunday,COL,Bogotá,396 NUMA MEDITERRAN,15 ENGATIVA,DiDi,1.0,29900.0,7.48
46360.0,7.Sunday,COL,Bogotá,396 NUMA MEDITERRAN,45 VERAGUAS,DiDi,2.0,64700.0,16.18
46360.0,7.Sunday,COL,Bogotá,397 CACEROLA - TURBO,03 CHAPINERO,Rappi,3.0,186600.0,46.65
46360.0,7.Sunday,COL,Bogotá,397 CACEROLA - TURBO,36 VILLA DEL PRADO,Rappi,2.0,107700.0,26.93
46360.0,7.Sunday,COL,Bogotá,401 BURRITOS PASE,67 PLAZA CLARO COURT,FoodologyPOS,14.0,505100.0,126.28
46360.0,7.Sunday,COL,Bogotá,401 BURRITOS PASE,67 PLAZA CLARO COURT,Rappi,2.0,101200.0,25.3
46360.0,7.Sunday,COL,Bogotá,401 DESA ABUELA TURBO,06 COLINA,Rappi,1.0,47800.0,11.95
46360.0,7.Sunday,COL,Bogotá,401 DESA ABUELA TURBO,08 ANDES,Rappi,2.0,128700.0,32.18
46360.0,7.Sunday,COL,Bogotá,401 DESA ABUELA TURBO,36 VILLA DEL PRADO,Rappi,1.0,96400.0,24.1
46360.0,7.Sunday,COL,Bogotá,401 DESA ABUELA TURBO,38 KENNEDY,Rappi,1.0,35400.0,8.85
46360.0,7.Sunday,COL,Bogotá,401 DESA ABUELA TURBO,50 CHICO,Rappi,1.0,72100.0,18.03
46360.0,7.Sunday,COL,Bogotá,402 LA CUADRA PASE,67 PLAZA CLARO COURT,FoodologyPOS,23.0,858100.0,214.53
46360.0,7.Sunday,COL,Bogotá,402 LA CUADRA PASE,67 PLAZA CLARO COURT,Rappi,0.0,0.0,0.0
46360.0,7.Sunday,COL,Bogotá,403 HONEST FOOD TURBO,03 CHAPINERO,Rappi,1.0,37000.0,9.25
46360.0,7.Sunday,COL,Bogotá,403 HONEST FOOD TURBO,08 ANDES,Rappi,1.0,29500.0,7.38
46360.0,7.Sunday,COL,Bogotá,405 BREAKFACLUB TURBO,01 USAQUEN,Rappi,7.0,472900.0,118.23
46360.0,7.Sunday,COL,Bogotá,405 BREAKFACLUB TURBO,03 CHAPINERO,Rappi,2.0,102700.0,25.68
46360.0,7.Sunday,COL,Bogotá,405 BREAKFACLUB TURBO,36 VILLA DEL PRADO,Rappi,4.0,250700.0,62.68
46360.0,7.Sunday,COL,Bogotá,405 BREAKFACLUB TURBO,38 KENNEDY,Rappi,1.0,33600.0,8.4
46360.0,7.Sunday,COL,Bogotá,405 BREAKFACLUB TURBO,50 CHICO,Rappi,2.0,152700.0,38.18
46360.0,7.Sunday,COL,Bogotá,409 THE EGG SPOT TU,01 USAQUEN,Rappi,1.0,17500.0,4.38
46360.0,7.Sunday,COL,Bogotá,411 DORIT LOC BY DOR,01 USAQUEN,Rappi,0.0,0.0,0.0
46360.0,7.Sunday,COL,Bogotá,411 DORIT LOC BY DOR,02 PARQUE 93,Rappi,0.0,0.0,0.0
46360.0,7.Sunday,COL,Bogotá,411 DORIT LOC BY DOR,03 CHAPINERO,Rappi,0.0,0.0,0.0
46360.0,7.Sunday,COL,Bogotá,411 DORIT LOC BY DOR,08 ANDES,Rappi,0.0,0.0,0.0
46360.0,7.Sunday,COL,Bogotá,411 DORIT LOC BY DOR,36 VILLA DEL PRADO,Rappi,0.0,0.0,0.0
46360.0,7.Sunday,COL,Bogotá,411 DORIT LOC BY DOR,38 KENNEDY,Rappi,0.0,0.0,0.0
46360.0,7.Sunday,COL,Bogotá,411 DORIT LOC BY DOR,45 VERAGUAS,Rappi,0.0,0.0,0.0
46360.0,7.Sunday,COL,Bogotá,413 HOUSE SALAD TURB,02 PARQUE 93,Rappi,1.0,38900.0,9.73
46360.0,7.Sunday,COL,Bogotá,413 HOUSE SALAD TURB,06 COLINA,Rappi,1.0,61600.0,15.4
46360.0,7.Sunday,COL,Bogotá,413 HOUSE SALAD TURB,08 ANDES,Rappi,4.0,142700.0,35.68
46360.0,7.Sunday,COL,Bogotá,413 HOUSE SALAD TURB,36 VILLA DEL PRADO,Rappi,1.0,32700.0,8.18
46360.0,7.Sunday,COL,Bogotá,419 CASA ARABE,03 CHAPINERO,Rappi,1.0,26900.0,6.73
46360.0,7.Sunday,COL,Bogotá,419 CASA ARABE,65 CALLE 109,Rappi,1.0,71700.0,17.93
46360.0,7.Sunday,COL,Bogotá,420 DESGRANADOS & CO,01 USAQUEN,Rappi,2.0,160000.0,40.0
46360.0,7.Sunday,COL,Bogotá,420 DESGRANADOS & CO,02 PARQUE 93,Rappi,2.0,192700.0,48.18
46360.0,7.Sunday,COL,Bogotá,420 DESGRANADOS & CO,13 CHIA,Rappi,2.0,224400.0,56.1
46360.0,7.Sunday,COL,Bogotá,422 BURRIT CANT TURB,08 ANDES,Rappi,1.0,14900.0,3.73
46360.0,7.Sunday,COL,Bogotá,423 DESAY TIERRITURB,03 CHAPINERO,Rappi,1.0,75700.0,18.93
46360.0,7.Sunday,COL,Bogotá,423 DESAY TIERRITURB,08 ANDES,Rappi,2.0,78300.0,19.58
46360.0,7.Sunday,COL,Bogotá,423 DESAY TIERRITURB,36 VILLA DEL PRADO,Rappi,2.0,73000.0,18.25
46360.0,7.Sunday,COL,Bogotá,424 DORITO LOCO TURB,08 ANDES,Rappi,1.0,46400.0,11.6
46360.0,7.Sunday,COL,Bogotá,425 LA CASA MEXITURB,01 USAQUEN,Rappi,1.0,100700.0,25.18
46360.0,7.Sunday,COL,Bogotá,425 LA CASA MEXITURB,03 CHAPINERO,Rappi,1.0,84800.0,21.2
46360.0,7.Sunday,COL,Bogotá,425 LA CASA MEXITURB,06 COLINA,Rappi,1.0,27900.0,6.98
46360.0,7.Sunday,COL,Bogotá,425 LA CASA MEXITURB,38 KENNEDY,Rappi,2.0,90700.0,22.68
46360.0,7.Sunday,COL,Bogotá,425 LA CASA MEXITURB,65 CALLE 109,Rappi,2.0,60300.0,15.08
46360.0,7.Sunday,COL,Bogotá,426 CUADRA DESAYTURB,65 CALLE 109,Rappi,1.0,48300.0,12.08
46360.0,7.Sunday,COL,Bogotá,428 SELVATIKO TURBO,06 COLINA,Rappi,1.0,63300.0,15.83
46360.0,7.Sunday,COL,Bogotá,429 SEÑOR BURRI TURB,02 PARQUE 93,Rappi,3.0,97200.0,24.3
46360.0,7.Sunday,COL,Bogotá,429 SEÑOR BURRI TURB,03 CHAPINERO,Rappi,2.0,50700.0,12.68
46360.0,7.Sunday,COL,Bogotá,429 SEÑOR BURRI TURB,08 ANDES,Rappi,1.0,94900.0,23.73
46360.0,7.Sunday,COL,Bogotá,429 SEÑOR BURRI TURB,36 VILLA DEL PRADO,Rappi,1.0,18900.0,4.73
46360.0,7.Sunday,COL,Bogotá,429 SEÑOR BURRI TURB,65 CALLE 109,Rappi,1.0,17500.0,4.38
46360.0,7.Sunday,COL,Bogotá,430 CASA ARABE TURBO,03 CHAPINERO,Rappi,1.0,43800.0,10.95
46360.0,7.Sunday,COL,Bogotá,430 CASA ARABE TURBO,38 KENNEDY,Rappi,1.0,45600.0,11.4
46360.0,7.Sunday,COL,Bogotá,430 CASA ARABE TURBO,65 CALLE 109,Rappi,1.0,15500.0,3.88
46360.0,7.Sunday,COL,Bogotá,431 DESGRA & CO TURB,02 PARQUE 93,Rappi,1.0,33900.0,8.48
46360.0,7.Sunday,COL,Bogotá,431 DESGRA & CO TURB,03 CHAPINERO,Rappi,1.0,19900.0,4.98
46360.0,7.Sunday,COL,Bogotá,431 DESGRA & CO TURB,65 CALLE 109,Rappi,1.0,33900.0,8.48
46360.0,7.Sunday,COL,Bogotá,44 SELVATIKO,01 USAQUEN,Rappi,1.0,145500.0,36.38
46360.0,7.Sunday,COL,Bogotá,44 SELVATIKO,08 ANDES,DiDi,1.0,23400.0,5.85
46360.0,7.Sunday,COL,Bogotá,448 DESAY COLOMBIANO,01 USAQUEN,Rappi,3.0,113000.0,28.25
46360.0,7.Sunday,COL,Bogotá,448 DESAY COLOMBIANO,02 PARQUE 93,Rappi,1.0,85400.0,21.35
46360.0,7.Sunday,COL,Bogotá,448 DESAY COLOMBIANO,03 CHAPINERO,Rappi,3.0,149000.0,37.25
46360.0,7.Sunday,COL,Bogotá,448 DESAY COLOMBIANO,08 ANDES,Rappi,1.0,83200.0,20.8
46360.0,7.Sunday,COL,Bogotá,448 DESAY COLOMBIANO,13 CHIA,Rappi,1.0,17900.0,4.48
46360.0,7.Sunday,COL,Bogotá,448 DESAY COLOMBIANO,15 ENGATIVA,Rappi,1.0,42700.0,10.68
46360.0,7.Sunday,COL,Bogotá,448 DESAY COLOMBIANO,36 VILLA DEL PRADO,Rappi,3.0,144200.0,36.05
46360.0,7.Sunday,COL,Bogotá,448 DESAY COLOMBIANO,38 KENNEDY,Rappi,1.0,39800.0,9.95
46360.0,7.Sunday,COL,Bogotá,448 DESAY COLOMBIANO,45 VERAGUAS,Rappi,1.0,39800.0,9.95
46360.0,7.Sunday,COL,Bogotá,448 DESAY COLOMBIANO,50 CHICO,Rappi,1.0,29400.0,7.35
46360.0,7.Sunday,COL,Bogotá,448 DESAY COLOMBIANO,65 CALLE 109,Rappi,1.0,29800.0,7.45
46360.0,7.Sunday,COL,Bogotá,54 FOODOLOGY,01 USAQUEN,DiDi,1.0,19800.0,4.95
46360.0,7.Sunday,COL,Bogotá,54 FOODOLOGY,03 CHAPINERO,Rappi,1.0,73600.0,18.4
46360.0,7.Sunday,COL,Bogotá,54 FOODOLOGY,06 COLINA,DiDi,1.0,41600.0,10.4
46360.0,7.Sunday,COL,Bogotá,54 FOODOLOGY,06 COLINA,Rappi,1.0,53600.0,13.4
46360.0,7.Sunday,COL,Bogotá,54 FOODOLOGY,08 ANDES,Rappi,1.0,68800.0,17.2
46360.0,7.Sunday,COL,Bogotá,54 FOODOLOGY,13 CHIA,Rappi,1.0,25900.0,6.48
46360.0,7.Sunday,COL,Bogotá,54 FOODOLOGY,36 VILLA DEL PRADO,Rappi,2.0,88000.0,22.0
46360.0,7.Sunday,COL,Bogotá,54 FOODOLOGY,38 KENNEDY,Rappi,1.0,25900.0,6.48
46360.0,7.Sunday,COL,Bogotá,54 FOODOLOGY,45 VERAGUAS,DiDi,1.0,17900.0,4.48
46360.0,7.Sunday,COL,Bogotá,54 FOODOLOGY,65 CALLE 109,Rappi,1.0,53500.0,13.38
46360.0,7.Sunday,COL,Bogotá,57 PRET SANDWICH BIS,01 USAQUEN,Rappi,1.0,28900.0,7.23
46360.0,7.Sunday,COL,Bogotá,57 PRET SANDWICH BIS,02 PARQUE 93,Rappi,1.0,28900.0,7.23
46360.0,7.Sunday,COL,Bogotá,57 PRET SANDWICH BIS,03 CHAPINERO,Rappi,1.0,49400.0,12.35
46360.0,7.Sunday,COL,Bogotá,58 ALBA VEGETARIAN,01 USAQUEN,DiDi,1.0,37500.0,9.38
46360.0,7.Sunday,COL,Bogotá,58 ALBA VEGETARIAN,02 PARQUE 93,DiDi,5.0,189600.0,47.4
46360.0,7.Sunday,COL,Bogotá,58 ALBA VEGETARIAN,02 PARQUE 93,Rappi,1.0,22900.0,5.73
46360.0,7.Sunday,COL,Bogotá,58 ALBA VEGETARIAN,03 CHAPINERO,Rappi,2.0,110400.0,27.6
46360.0,7.Sunday,COL,Bogotá,58 ALBA VEGETARIAN,06 COLINA,Rappi,2.0,74000.0,18.5
46360.0,7.Sunday,COL,Bogotá,58 ALBA VEGETARIAN,08 ANDES,DiDi,2.0,91900.0,22.98
46360.0,7.Sunday,COL,Bogotá,58 ALBA VEGETARIAN,13 CHIA,DiDi,1.0,25800.0,6.45
46360.0,7.Sunday,COL,Bogotá,58 ALBA VEGETARIAN,15 ENGATIVA,DiDi,2.0,92700.0,23.18
46360.0,7.Sunday,COL,Bogotá,58 ALBA VEGETARIAN,15 ENGATIVA,Rappi,1.0,24900.0,6.23
46360.0,7.Sunday,COL,Bogotá,58 ALBA VEGETARIAN,36 VILLA DEL PRADO,DiDi,1.0,71400.0,17.85
46360.0,7.Sunday,COL,Bogotá,58 ALBA VEGETARIAN,36 VILLA DEL PRADO,Rappi,2.0,86200.0,21.55
46360.0,7.Sunday,COL,Bogotá,58 ALBA VEGETARIAN,38 KENNEDY,DiDi,3.0,178900.0,44.73
46360.0,7.Sunday,COL,Bogotá,58 ALBA VEGETARIAN,45 VERAGUAS,Rappi,1.0,31800.0,7.95
46360.0,7.Sunday,COL,Bogotá,59 DEMBOW,06 COLINA,DiDi,1.0,38700.0,9.68
46360.0,7.Sunday,COL,Bogotá,59 DEMBOW,13 CHIA,Rappi,1.0,53300.0,13.33
46360.0,7.Sunday,COL,Bogotá,65 SAN JERONIMO HELA,01 USAQUEN,Rappi,3.0,116100.0,29.03
46360.0,7.Sunday,COL,Bogotá,65 SAN JERONIMO HELA,06 COLINA,Rappi,1.0,12900.0,3.23
46360.0,7.Sunday,COL,Bogotá,65 SAN JERONIMO HELA,45 VERAGUAS,Rappi,2.0,90300.0,22.58
46360.0,7.Sunday,COL,Bogotá,66 MAÑANERO DIARIO,45 VERAGUAS,Rappi,1.0,43000.0,10.75
46360.0,7.Sunday,COL,Bogotá,70 BURRITO CANTINA,02 PARQUE 93,Rappi,1.0,19900.0,4.98
46360.0,7.Sunday,COL,Bogotá,70 BURRITO CANTINA,03 CHAPINERO,Rappi,1.0,27900.0,6.98
46360.0,7.Sunday,COL,Bogotá,70 BURRITO CANTINA,45 VERAGUAS,Rappi,1.0,25000.0,6.25
46360.0,7.Sunday,COL,Bogotá,72 VICIO,02 PARQUE 93,Rappi,1.0,49500.0,12.38
46360.0,7.Sunday,COL,Bogotá,72 VICIO,08 ANDES,Rappi,1.0,30900.0,7.73
46360.0,7.Sunday,COL,Bogotá,72 VICIO,13 CHIA,Rappi,1.0,80400.0,20.1
46360.0,7.Sunday,COL,Bogotá,73 ACPM CORRIENTAZO,03 CHAPINERO,Rappi,1.0,43800.0,10.95
46360.0,7.Sunday,COL,Bogotá,82 CINNABON,01 USAQUEN,DiDi,2.0,74900.0,18.73
46360.0,7.Sunday,COL,Bogotá,82 CINNABON,01 USAQUEN,Rappi,11.0,437500.0,109.38
46360.0,7.Sunday,COL,Bogotá,82 CINNABON,03 CHAPINERO,DiDi,1.0,29900.0,7.48
46360.0,7.Sunday,COL,Bogotá,82 CINNABON,03 CHAPINERO,FoodologyPOS,1.0,16900.0,4.23
46360.0,7.Sunday,COL,Bogotá,82 CINNABON,03 CHAPINERO,Rappi,7.0,304800.0,76.2
46360.0,7.Sunday,COL,Bogotá,82 CINNABON,13 CHIA,DiDi,1.0,11500.0,2.88
46360.0,7.Sunday,COL,Bogotá,82 CINNABON,13 CHIA,Rappi,12.0,398600.0,99.65
46360.0,7.Sunday,COL,Bogotá,82 CINNABON,15 ENGATIVA,DiDi,2.0,90300.0,22.58
46360.0,7.Sunday,COL,Bogotá,82 CINNABON,15 ENGATIVA,Rappi,2.0,173800.0,43.45
46360.0,7.Sunday,COL,Bogotá,82 CINNABON,36 VILLA DEL PRADO,DiDi,2.0,81800.0,20.45
46360.0,7.Sunday,COL,Bogotá,82 CINNABON,36 VILLA DEL PRADO,Rappi,13.0,610900.0,152.73
46360.0,7.Sunday,COL,Bogotá,82 CINNABON,45 VERAGUAS,DiDi,2.0,46900.0,11.73
46360.0,7.Sunday,COL,Bogotá,82 CINNABON,45 VERAGUAS,Rappi,8.0,187800.0,46.95
46360.0,7.Sunday,COL,Bogotá,82 CINNABON,65 CALLE 109,Rappi,11.0,370400.0,92.6
46360.0,7.Sunday,COL,Bogotá,83 SANDUCHES EL JEFE,01 USAQUEN,DiDi,1.0,39900.0,9.98
46360.0,7.Sunday,COL,Bogotá,83 SANDUCHES EL JEFE,01 USAQUEN,Rappi,2.0,108300.0,27.08
46360.0,7.Sunday,COL,Bogotá,83 SANDUCHES EL JEFE,02 PARQUE 93,Rappi,2.0,107600.0,26.9
46360.0,7.Sunday,COL,Bogotá,83 SANDUCHES EL JEFE,03 CHAPINERO,DiDi,2.0,126900.0,31.73
46360.0,7.Sunday,COL,Bogotá,83 SANDUCHES EL JEFE,03 CHAPINERO,Rappi,2.0,95800.0,23.95
46360.0,7.Sunday,COL,Bogotá,83 SANDUCHES EL JEFE,15 ENGATIVA,Rappi,1.0,38000.0,9.5
46360.0,7.Sunday,COL,Bogotá,83 SANDUCHES EL JEFE,36 VILLA DEL PRADO,Rappi,1.0,44500.0,11.13
46360.0,7.Sunday,COL,Bogotá,83 SANDUCHES EL JEFE,38 KENNEDY,DiDi,2.0,123000.0,30.75
46360.0,7.Sunday,COL,Bogotá,83 SANDUCHES EL JEFE,45 VERAGUAS,DiDi,1.0,49900.0,12.48
46360.0,7.Sunday,COL,Bogotá,83 SANDUCHES EL JEFE,45 VERAGUAS,Rappi,2.0,121500.0,30.38
46360.0,7.Sunday,COL,Bogotá,84 CINNABON PASE,39 SALVIO,FoodologyPOS,45.0,933700.0,233.43
46360.0,7.Sunday,COL,Bogotá,84 CINNABON PASE,39 SALVIO,Rappi,2.0,73300.0,18.33
46360.0,7.Sunday,COL,Bogotá,84 CINNABON PASE,55 TITAN,FoodologyPOS,81.0,1702700.0,425.68
46360.0,7.Sunday,COL,Bogotá,84 CINNABON PASE,55 TITAN,Rappi,5.0,200700.0,50.18
46360.0,7.Sunday,COL,Bogotá,84 CINNABON PASE,56 SANTAFE BOG,DiDi,3.0,94200.0,23.55
46360.0,7.Sunday,COL,Bogotá,84 CINNABON PASE,56 SANTAFE BOG,FoodologyPOS,92.0,2196700.0,549.18
46360.0,7.Sunday,COL,Bogotá,84 CINNABON PASE,56 SANTAFE BOG,Rappi,4.0,125800.0,31.45
46360.0,7.Sunday,COL,Bogotá,84 CINNABON PASE,61 CHICO CINNABON,FoodologyPOS,7.0,175300.0,43.83
46360.0,7.Sunday,COL,Bogotá,84 CINNABON PASE,61 CHICO CINNABON,Rappi,1.0,11500.0,2.88
46360.0,7.Sunday,COL,Bogotá,84 CINNABON PASE,66 PLAZA CLARO CINNA,FoodologyPOS,57.0,1308500.0,327.13
46360.0,7.Sunday,COL,Bogotá,84 CINNABON PASE,66 PLAZA CLARO CINNA,Rappi,9.0,223100.0,55.78
46360.0,7.Sunday,COL,Bogotá,86 FROST TURBO,03 CHAPINERO,Rappi,7.0,201600.0,50.4
46360.0,7.Sunday,COL,Bogotá,86 FROST TURBO,06 COLINA,Rappi,4.0,142200.0,35.55
46360.0,7.Sunday,COL,Bogotá,86 FROST TURBO,08 ANDES,Rappi,2.0,51800.0,12.95
46360.0,7.Sunday,COL,Bogotá,86 FROST TURBO,38 KENNEDY,Rappi,3.0,80800.0,20.2
46360.0,7.Sunday,COL,Bogotá,87 VICIO TURBO,01 USAQUEN,Rappi,1.0,30900.0,7.73
46360.0,7.Sunday,COL,Bogotá,87 VICIO TURBO,08 ANDES,Rappi,1.0,43600.0,10.9
46360.0,7.Sunday,COL,Bogotá,88 CINNABON TURBO,01 USAQUEN,Rappi,6.0,230100.0,57.53
46360.0,7.Sunday,COL,Bogotá,88 CINNABON TURBO,36 VILLA DEL PRADO,Rappi,4.0,148800.0,37.2
46360.0,7.Sunday,COL,Bogotá,88 CINNABON TURBO,50 CHICO,Rappi,1.0,29900.0,7.48
46360.0,7.Sunday,COL,Bogotá,88 CINNABON TURBO,65 CALLE 109,Rappi,6.0,176400.0,44.1
46360.0,7.Sunday,COL,Bogotá,90 AVOCALIA TURBO,01 USAQUEN,Rappi,18.0,743700.0,185.93
46360.0,7.Sunday,COL,Bogotá,90 AVOCALIA TURBO,03 CHAPINERO,Rappi,9.0,303200.0,75.8
46360.0,7.Sunday,COL,Bogotá,90 AVOCALIA TURBO,08 ANDES,Rappi,4.0,197300.0,49.33
46360.0,7.Sunday,COL,Bogotá,90 AVOCALIA TURBO,36 VILLA DEL PRADO,Rappi,4.0,212100.0,53.03
46360.0,7.Sunday,COL,Bogotá,90 AVOCALIA TURBO,38 KENNEDY,Rappi,5.0,188400.0,47.1
46360.0,7.Sunday,COL,Bogotá,90 AVOCALIA TURBO,50 CHICO,Rappi,4.0,209500.0,52.38
46360.0,7.Sunday,COL,Bogotá,90 AVOCALIA TURBO,65 CALLE 109,Rappi,4.0,167000.0,41.75
46360.0,7.Sunday,COL,Bogotá,92 BRUNCH&MUNCH TURB,01 USAQUEN,Rappi,5.0,258200.0,64.55
46360.0,7.Sunday,COL,Bogotá,92 BRUNCH&MUNCH TURB,03 CHAPINERO,Rappi,3.0,306300.0,76.58
46360.0,7.Sunday,COL,Bogotá,92 BRUNCH&MUNCH TURB,08 ANDES,Rappi,5.0,253600.0,63.4
46360.0,7.Sunday,COL,Bogotá,92 BRUNCH&MUNCH TURB,50 CHICO,Rappi,4.0,248800.0,62.2
46360.0,7.Sunday,COL,Bogotá,92 BRUNCH&MUNCH TURB,65 CALLE 109,Rappi,8.0,651800.0,162.95
46360.0,7.Sunday,COL,Bogotá,93 SAN JERONIMO TURB,01 USAQUEN,Rappi,10.0,414000.0,103.5
46360.0,7.Sunday,COL,Bogotá,93 SAN JERONIMO TURB,02 PARQUE 93,Rappi,6.0,218500.0,54.63
46360.0,7.Sunday,COL,Bogotá,93 SAN JERONIMO TURB,03 CHAPINERO,Rappi,12.0,368000.0,92.0
46360.0,7.Sunday,COL,Bogotá,93 SAN JERONIMO TURB,06 COLINA,Rappi,2.0,92000.0,23.0
46360.0,7.Sunday,COL,Bogotá,93 SAN JERONIMO TURB,36 VILLA DEL PRADO,Rappi,2.0,80500.0,20.13
46360.0,7.Sunday,COL,Bogotá,93 SAN JERONIMO TURB,38 KENNEDY,Rappi,2.0,69000.0,17.25
46360.0,7.Sunday,COL,Bucaramanga,01 AVOCALIA,42 CABECERA,Rappi,9.0,479800.0,119.95
46360.0,7.Sunday,COL,Bucaramanga,02 BOTTANIKO,42 CABECERA,Rappi,1.0,49600.0,12.4
46360.0,7.Sunday,COL,Bucaramanga,03 BRUNCH & MUNCH,42 CABECERA,DiDi,1.0,26900.0,6.73
46360.0,7.Sunday,COL,Bucaramanga,03 BRUNCH & MUNCH,42 CABECERA,Rappi,17.0,940700.0,235.18
46360.0,7.Sunday,COL,Bucaramanga,04 BURRITOS & CO,42 CABECERA,DiDi,16.0,851100.0,212.78
46360.0,7.Sunday,COL,Bucaramanga,04 BURRITOS & CO,42 CABECERA,Rappi,6.0,144900.0,36.23
46360.0,7.Sunday,COL,Bucaramanga,05 CACEROLA,42 CABECERA,DiDi,1.0,24500.0,6.13
46360.0,7.Sunday,COL,Bucaramanga,07 LA CUADRA,42 CABECERA,DiDi,21.0,1146700.0,286.68
46360.0,7.Sunday,COL,Bucaramanga,07 LA CUADRA,42 CABECERA,FoodologyPOS,1.0,34500.0,8.63
46360.0,7.Sunday,COL,Bucaramanga,07 LA CUADRA,42 CABECERA,Rappi,12.0,803600.0,200.9
46360.0,7.Sunday,COL,Bucaramanga,110 MR BEAST BURGER,42 CABECERA,DiDi,26.0,1059600.0,264.9
46360.0,7.Sunday,COL,Bucaramanga,110 MR BEAST BURGER,42 CABECERA,Rappi,4.0,165200.0,41.3
46360.0,7.Sunday,COL,Bucaramanga,1117 ALMZ LA CASA TU,42 CABECERA,Rappi,1.0,23900.0,5.98
46360.0,7.Sunday,COL,Bucaramanga,113 QUE CHICKEN,42 CABECERA,Rappi,1.0,54800.0,13.7
46360.0,7.Sunday,COL,Bucaramanga,26 ALMUERZO DE LA CA,42 CABECERA,DiDi,12.0,339200.0,84.8
46360.0,7.Sunday,COL,Bucaramanga,26 ALMUERZO DE LA CA,42 CABECERA,Rappi,3.0,91400.0,22.85
46360.0,7.Sunday,COL,Bucaramanga,27 DESAYUNO MI TIERR,42 CABECERA,DiDi,1.0,83800.0,20.95
46360.0,7.Sunday,COL,Bucaramanga,29 SEÑOR BURRITO,42 CABECERA,Rappi,1.0,58800.0,14.7
46360.0,7.Sunday,COL,Bucaramanga,35 BRUNCH CLUB,42 CABECERA,DiDi,2.0,60400.0,15.1
46360.0,7.Sunday,COL,Bucaramanga,352 BURRITOS & CO TU,42 CABECERA,Rappi,11.0,577000.0,144.25
46360.0,7.Sunday,COL,Bucaramanga,353 LA CUADRA TURBO,42 CABECERA,Rappi,21.0,1379100.0,344.78
46360.0,7.Sunday,COL,Bucaramanga,356 EL JEFE TURBO,42 CABECERA,Rappi,2.0,81400.0,20.35
46360.0,7.Sunday,COL,Bucaramanga,359 GREEN HOUSE,42 CABECERA,DiDi,2.0,79500.0,19.88
46360.0,7.Sunday,COL,Bucaramanga,359 GREEN HOUSE,42 CABECERA,Rappi,9.0,383100.0,95.78
46360.0,7.Sunday,COL,Bucaramanga,362 ÑAMGUCHERIA,42 CABECERA,Rappi,99.0,2792400.0,698.1
46360.0,7.Sunday,COL,Bucaramanga,363 GREEN HOUSE TURB,42 CABECERA,Rappi,3.0,162500.0,40.63
46360.0,7.Sunday,COL,Bucaramanga,370 MONTEVERDE,42 CABECERA,DiDi,1.0,21500.0,5.38
46360.0,7.Sunday,COL,Bucaramanga,370 MONTEVERDE,42 CABECERA,Rappi,1.0,24900.0,6.23
46360.0,7.Sunday,COL,Bucaramanga,380 BREAKFAST CLUB,42 CABECERA,DiDi,1.0,45600.0,11.4
46360.0,7.Sunday,COL,Bucaramanga,380 BREAKFAST CLUB,42 CABECERA,Rappi,2.0,60400.0,15.1
46360.0,7.Sunday,COL,Bucaramanga,381 DESAYU LA ABUELA,42 CABECERA,DiDi,1.0,51800.0,12.95
46360.0,7.Sunday,COL,Bucaramanga,381 DESAYU LA ABUELA,42 CABECERA,Rappi,13.0,701000.0,175.25
46360.0,7.Sunday,COL,Bucaramanga,383 BOTTANIKO TURBO,42 CABECERA,Rappi,1.0,24500.0,6.13
46360.0,7.Sunday,COL,Bucaramanga,386 LA CASA MEXICANA,42 CABECERA,DiDi,6.0,141300.0,35.33
46360.0,7.Sunday,COL,Bucaramanga,386 LA CASA MEXICANA,42 CABECERA,Rappi,6.0,294400.0,73.6
46360.0,7.Sunday,COL,Bucaramanga,392 HONEST FOOD,42 CABECERA,Rappi,5.0,235900.0,58.98
46360.0,7.Sunday,COL,Bucaramanga,392 MONTEVERDE TURB,42 CABECERA,Rappi,3.0,163600.0,40.9
46360.0,7.Sunday,COL,Bucaramanga,393 EL EJECUTIVO,42 CABECERA,DiDi,4.0,145600.0,36.4
46360.0,7.Sunday,COL,Bucaramanga,393 EL EJECUTIVO,42 CABECERA,Rappi,2.0,80700.0,20.18
46360.0,7.Sunday,COL,Bucaramanga,393 HOUSEBURGER TURB,42 CABECERA,Rappi,1.0,72800.0,18.2
46360.0,7.Sunday,COL,Bucaramanga,394 COCINA CONSCIENT,42 CABECERA,Rappi,1.0,140400.0,35.1
46360.0,7.Sunday,COL,Bucaramanga,395 BISTRO - TURBO,42 CABECERA,Rappi,1.0,20500.0,5.13
46360.0,7.Sunday,COL,Bucaramanga,402 EJECUT TRAD TURBO,42 CABECERA,Rappi,2.0,64000.0,16.0
46360.0,7.Sunday,COL,Bucaramanga,403 HONEST FOOD TURBO,42 CABECERA,Rappi,2.0,80800.0,20.2
46360.0,7.Sunday,COL,Bucaramanga,420 DESGRANADOS & CO,42 CABECERA,Rappi,3.0,89300.0,22.33
46360.0,7.Sunday,COL,Bucaramanga,421 ACPM CORRI TURBO,42 CABECERA,Rappi,1.0,34800.0,8.7
46360.0,7.Sunday,COL,Bucaramanga,425 LA CASA MEXITURB,42 CABECERA,Rappi,3.0,97100.0,24.28
46360.0,7.Sunday,COL,Bucaramanga,428 SELVATIKO TURBO,42 CABECERA,Rappi,1.0,18500.0,4.63
46360.0,7.Sunday,COL,Bucaramanga,431 DESGRA & CO TURB,42 CABECERA,Rappi,1.0,33900.0,8.48
46360.0,7.Sunday,COL,Bucaramanga,448 DESAY COLOMBIANO,42 CABECERA,Rappi,4.0,77600.0,19.4
46360.0,7.Sunday,COL,Bucaramanga,54 FOODOLOGY,42 CABECERA,DiDi,1.0,23800.0,5.95
46360.0,7.Sunday,COL,Bucaramanga,57 PRET SANDWICH BIS,42 CABECERA,Rappi,2.0,75300.0,18.83
46360.0,7.Sunday,COL,Bucaramanga,58 ALBA VEGETARIAN,42 CABECERA,DiDi,1.0,30500.0,7.63
46360.0,7.Sunday,COL,Bucaramanga,58 ALBA VEGETARIAN,42 CABECERA,Rappi,2.0,79600.0,19.9
46360.0,7.Sunday,COL,Bucaramanga,70 BURRITO CANTINA,42 CABECERA,Rappi,3.0,118100.0,29.53
46360.0,7.Sunday,COL,Bucaramanga,73 ACPM CORRIENTAZO,42 CABECERA,Rappi,3.0,113900.0,28.48
46360.0,7.Sunday,COL,Bucaramanga,82 CINNABON,42 CABECERA,Rappi,6.0,203900.0,50.98
46360.0,7.Sunday,COL,Bucaramanga,83 SANDUCHES EL JEFE,42 CABECERA,DiDi,2.0,106500.0,26.63
46360.0,7.Sunday,COL,Bucaramanga,83 SANDUCHES EL JEFE,42 CABECERA,Rappi,2.0,163300.0,40.83
46360.0,7.Sunday,COL,Bucaramanga,86 FROST TURBO,42 CABECERA,Rappi,3.0,51600.0,12.9
46360.0,7.Sunday,COL,Bucaramanga,88 CINNABON TURBO,42 CABECERA,Rappi,1.0,37900.0,9.48
46360.0,7.Sunday,COL,Bucaramanga,90 AVOCALIA TURBO,42 CABECERA,Rappi,10.0,451300.0,112.83
46360.0,7.Sunday,COL,Bucaramanga,92 BRUNCH&MUNCH TURB,42 CABECERA,Rappi,2.0,36700.0,9.18
46360.0,7.Sunday,COL,Bucaramanga,93 SAN JERONIMO TURB,42 CABECERA,Rappi,3.0,184000.0,46.0
46360.0,7.Sunday,COL,Cali,01 AVOCALIA,22 SANTA MONICA,Rappi,14.0,814400.0,203.6
46360.0,7.Sunday,COL,Cali,01 AVOCALIA,24 SAN FERNANDO,DiDi,1.0,28900.0,7.23
46360.0,7.Sunday,COL,Cali,01 AVOCALIA,24 SAN FERNANDO,Rappi,9.0,612700.0,153.18
46360.0,7.Sunday,COL,Cali,01 AVOCALIA,46 INGENIO,DiDi,1.0,25900.0,6.48
46360.0,7.Sunday,COL,Cali,01 AVOCALIA,46 INGENIO,Rappi,22.0,1095800.0,273.95
46360.0,7.Sunday,COL,Cali,02 BOTTANIKO,46 INGENIO,DiDi,1.0,48000.0,12.0
46360.0,7.Sunday,COL,Cali,03 BRUNCH & MUNCH,22 SANTA MONICA,Rappi,24.0,1349000.0,337.25
46360.0,7.Sunday,COL,Cali,03 BRUNCH & MUNCH,24 SAN FERNANDO,DiDi,1.0,89600.0,22.4
46360.0,7.Sunday,COL,Cali,03 BRUNCH & MUNCH,24 SAN FERNANDO,Rappi,13.0,821800.0,205.45
46360.0,7.Sunday,COL,Cali,03 BRUNCH & MUNCH,46 INGENIO,Rappi,23.0,1696000.0,424.0
46360.0,7.Sunday,COL,Cali,04 BURRITOS & CO,22 SANTA MONICA,DiDi,5.0,141300.0,35.33
46360.0,7.Sunday,COL,Cali,04 BURRITOS & CO,22 SANTA MONICA,Rappi,9.0,441300.0,110.33
46360.0,7.Sunday,COL,Cali,04 BURRITOS & CO,24 SAN FERNANDO,DiDi,4.0,310400.0,77.6
46360.0,7.Sunday,COL,Cali,04 BURRITOS & CO,24 SAN FERNANDO,Rappi,11.0,341600.0,85.4
46360.0,7.Sunday,COL,Cali,04 BURRITOS & CO,46 INGENIO,DiDi,6.0,449800.0,112.45
46360.0,7.Sunday,COL,Cali,04 BURRITOS & CO,46 INGENIO,Rappi,2.0,50800.0,12.7
46360.0,7.Sunday,COL,Cali,07 LA CUADRA,22 SANTA MONICA,DiDi,5.0,344100.0,86.03
46360.0,7.Sunday,COL,Cali,07 LA CUADRA,22 SANTA MONICA,Rappi,6.0,455600.0,113.9
46360.0,7.Sunday,COL,Cali,07 LA CUADRA,24 SAN FERNANDO,DiDi,8.0,448300.0,112.08
46360.0,7.Sunday,COL,Cali,07 LA CUADRA,24 SAN FERNANDO,Rappi,6.0,551000.0,137.75
46360.0,7.Sunday,COL,Cali,07 LA CUADRA,46 INGENIO,DiDi,11.0,930800.0,232.7
46360.0,7.Sunday,COL,Cali,07 LA CUADRA,46 INGENIO,Rappi,28.0,1917600.0,479.4
46360.0,7.Sunday,COL,Cali,110 MR BEAST BURGER,22 SANTA MONICA,DiDi,8.0,432900.0,108.23
46360.0,7.Sunday,COL,Cali,110 MR BEAST BURGER,22 SANTA MONICA,Rappi,6.0,321900.0,80.48
46360.0,7.Sunday,COL,Cali,110 MR BEAST BURGER,24 SAN FERNANDO,DiDi,21.0,941400.0,235.35
46360.0,7.Sunday,COL,Cali,110 MR BEAST BURGER,24 SAN FERNANDO,Rappi,1.0,38000.0,9.5
46360.0,7.Sunday,COL,Cali,110 MR BEAST BURGER,46 INGENIO,DiDi,42.0,2221900.0,555.48
46360.0,7.Sunday,COL,Cali,110 MR BEAST BURGER,46 INGENIO,Rappi,5.0,224000.0,56.0
46360.0,7.Sunday,COL,Cali,1117 ALMZ LA CASA TU,22 SANTA MONICA,Rappi,2.0,53200.0,13.3
46360.0,7.Sunday,COL,Cali,113 QUE CHICKEN,24 SAN FERNANDO,Rappi,1.0,36500.0,9.13
46360.0,7.Sunday,COL,Cali,117 LA PANQUEQUERIA,22 SANTA MONICA,DiDi,1.0,48700.0,12.18
46360.0,7.Sunday,COL,Cali,117 LA PANQUEQUERIA,24 SAN FERNANDO,Rappi,1.0,82500.0,20.63
46360.0,7.Sunday,COL,Cali,117 LA PANQUEQUERIA,46 INGENIO,Rappi,1.0,38400.0,9.6
46360.0,7.Sunday,COL,Cali,13 THE CRUNCH,22 SANTA MONICA,Rappi,1.0,12900.0,3.23
46360.0,7.Sunday,COL,Cali,13 THE CRUNCH,46 INGENIO,Rappi,2.0,23800.0,5.95
46360.0,7.Sunday,COL,Cali,205 FROST,22 SANTA MONICA,Rappi,1.0,12900.0,3.23
46360.0,7.Sunday,COL,Cali,205 FROST,24 SAN FERNANDO,DiDi,1.0,31400.0,7.85
46360.0,7.Sunday,COL,Cali,205 FROST,46 INGENIO,Rappi,1.0,99000.0,24.75
46360.0,7.Sunday,COL,Cali,26 ALMUERZO DE LA CA,22 SANTA MONICA,DiDi,3.0,160800.0,40.2
46360.0,7.Sunday,COL,Cali,26 ALMUERZO DE LA CA,22 SANTA MONICA,Rappi,4.0,184800.0,46.2
46360.0,7.Sunday,COL,Cali,26 ALMUERZO DE LA CA,24 SAN FERNANDO,DiDi,1.0,21900.0,5.48
46360.0,7.Sunday,COL,Cali,26 ALMUERZO DE LA CA,24 SAN FERNANDO,Rappi,1.0,21900.0,5.48
46360.0,7.Sunday,COL,Cali,26 ALMUERZO DE LA CA,46 INGENIO,DiDi,10.0,252600.0,63.15
46360.0,7.Sunday,COL,Cali,26 ALMUERZO DE LA CA,46 INGENIO,Rappi,5.0,167700.0,41.93
46360.0,7.Sunday,COL,Cali,27 DESAYUNO MI TIERR,22 SANTA MONICA,DiDi,1.0,45300.0,11.33
46360.0,7.Sunday,COL,Cali,29 SEÑOR BURRITO,46 INGENIO,DiDi,1.0,18900.0,4.73
46360.0,7.Sunday,COL,Cali,35 BRUNCH CLUB,24 SAN FERNANDO,DiDi,1.0,22900.0,5.73
46360.0,7.Sunday,COL,Cali,35 BRUNCH CLUB,46 INGENIO,DiDi,2.0,37800.0,9.45
46360.0,7.Sunday,COL,Cali,352 BURRITOS & CO TU,24 SAN FERNANDO,Rappi,4.0,150300.0,37.58
46360.0,7.Sunday,COL,Cali,353 LA CUADRA TURBO,22 SANTA MONICA,Rappi,1.0,32900.0,8.23
46360.0,7.Sunday,COL,Cali,353 LA CUADRA TURBO,24 SAN FERNANDO,Rappi,4.0,290000.0,72.5
46360.0,7.Sunday,COL,Cali,359 GREEN HOUSE,22 SANTA MONICA,Rappi,1.0,58900.0,14.73
46360.0,7.Sunday,COL,Cali,359 GREEN HOUSE,24 SAN FERNANDO,DiDi,2.0,67300.0,16.83
46360.0,7.Sunday,COL,Cali,359 GREEN HOUSE,24 SAN FERNANDO,Rappi,8.0,399500.0,99.88
46360.0,7.Sunday,COL,Cali,359 GREEN HOUSE,46 INGENIO,Rappi,5.0,189200.0,47.3
46360.0,7.Sunday,COL,Cali,362 ÑAMGUCHERIA,22 SANTA MONICA,DiDi,1.0,41500.0,10.38
46360.0,7.Sunday,COL,Cali,362 ÑAMGUCHERIA,22 SANTA MONICA,Rappi,6.0,226700.0,56.68
46360.0,7.Sunday,COL,Cali,363 GREEN HOUSE TURB,24 SAN FERNANDO,Rappi,5.0,176600.0,44.15
46360.0,7.Sunday,COL,Cali,366 HOUSE OF SALADS,22 SANTA MONICA,Rappi,2.0,81200.0,20.3
46360.0,7.Sunday,COL,Cali,366 HOUSE OF SALADS,24 SAN FERNANDO,DiDi,1.0,38900.0,9.73
46360.0,7.Sunday,COL,Cali,366 HOUSE OF SALADS,46 INGENIO,Rappi,1.0,55800.0,13.95
46360.0,7.Sunday,COL,Cali,370 MONTEVERDE,24 SAN FERNANDO,DiDi,1.0,25500.0,6.38
46360.0,7.Sunday,COL,Cali,370 MONTEVERDE,46 INGENIO,Rappi,2.0,61400.0,15.35
46360.0,7.Sunday,COL,Cali,373 HOUSE OF BURGERS,46 INGENIO,Rappi,1.0,26900.0,6.73
46360.0,7.Sunday,COL,Cali,380 BREAKFAST CLUB,22 SANTA MONICA,DiDi,1.0,45400.0,11.35
46360.0,7.Sunday,COL,Cali,380 BREAKFAST CLUB,22 SANTA MONICA,Rappi,10.0,750000.0,187.5
46360.0,7.Sunday,COL,Cali,380 BREAKFAST CLUB,24 SAN FERNANDO,Rappi,7.0,644200.0,161.05
46360.0,7.Sunday,COL,Cali,380 BREAKFAST CLUB,46 INGENIO,DiDi,2.0,97500.0,24.38
46360.0,7.Sunday,COL,Cali,380 BREAKFAST CLUB,46 INGENIO,Rappi,11.0,685600.0,171.4
46360.0,7.Sunday,COL,Cali,381 DESAYU LA ABUELA,22 SANTA MONICA,DiDi,3.0,179700.0,44.93
46360.0,7.Sunday,COL,Cali,381 DESAYU LA ABUELA,22 SANTA MONICA,Rappi,3.0,212100.0,53.03
46360.0,7.Sunday,COL,Cali,381 DESAYU LA ABUELA,24 SAN FERNANDO,DiDi,4.0,207100.0,51.78
46360.0,7.Sunday,COL,Cali,381 DESAYU LA ABUELA,24 SAN FERNANDO,Rappi,13.0,718800.0,179.7
46360.0,7.Sunday,COL,Cali,381 DESAYU LA ABUELA,46 INGENIO,DiDi,4.0,218000.0,54.5
46360.0,7.Sunday,COL,Cali,381 DESAYU LA ABUELA,46 INGENIO,Rappi,11.0,758900.0,189.73
46360.0,7.Sunday,COL,Cali,386 LA CASA MEXICANA,22 SANTA MONICA,DiDi,1.0,26500.0,6.63
46360.0,7.Sunday,COL,Cali,386 LA CASA MEXICANA,22 SANTA MONICA,Rappi,1.0,28900.0,7.23
46360.0,7.Sunday,COL,Cali,386 LA CASA MEXICANA,24 SAN FERNANDO,DiDi,3.0,147200.0,36.8
46360.0,7.Sunday,COL,Cali,386 LA CASA MEXICANA,24 SAN FERNANDO,Rappi,3.0,155400.0,38.85
46360.0,7.Sunday,COL,Cali,386 LA CASA MEXICANA,46 INGENIO,DiDi,3.0,179000.0,44.75
46360.0,7.Sunday,COL,Cali,386 LA CASA MEXICANA,46 INGENIO,Rappi,5.0,183800.0,45.95
46360.0,7.Sunday,COL,Cali,387 THE EGG SPOT,24 SAN FERNANDO,Rappi,1.0,59400.0,14.85
46360.0,7.Sunday,COL,Cali,387 THE EGG SPOT,46 INGENIO,Rappi,1.0,60400.0,15.1
46360.0,7.Sunday,COL,Cali,388 FOODHUB,24 SAN FERNANDO,Rappi,1.0,101500.0,25.38
46360.0,7.Sunday,COL,Cali,392 HONEST FOOD,22 SANTA MONICA,Rappi,3.0,107900.0,26.98
46360.0,7.Sunday,COL,Cali,392 HONEST FOOD,24 SAN FERNANDO,Rappi,1.0,39500.0,9.88
46360.0,7.Sunday,COL,Cali,392 HONEST FOOD,46 INGENIO,Rappi,2.0,163000.0,40.75
46360.0,7.Sunday,COL,Cali,392 MONTEVERDE TURB,22 SANTA MONICA,Rappi,1.0,46500.0,11.63
46360.0,7.Sunday,COL,Cali,392 MONTEVERDE TURB,24 SAN FERNANDO,Rappi,1.0,39900.0,9.98
46360.0,7.Sunday,COL,Cali,393 EL EJECUTIVO,22 SANTA MONICA,DiDi,3.0,112600.0,28.15
46360.0,7.Sunday,COL,Cali,393 EL EJECUTIVO,24 SAN FERNANDO,Rappi,1.0,20900.0,5.23
46360.0,7.Sunday,COL,Cali,402 EJECUT TRAD TURBO,24 SAN FERNANDO,Rappi,2.0,112300.0,28.08
46360.0,7.Sunday,COL,Cali,403 HONEST FOOD TURBO,24 SAN FERNANDO,Rappi,2.0,92300.0,23.08
46360.0,7.Sunday,COL,Cali,405 BREAKFACLUB TURBO,22 SANTA MONICA,Rappi,2.0,87300.0,21.83
46360.0,7.Sunday,COL,Cali,413 HOUSE SALAD TURB,22 SANTA MONICA,Rappi,2.0,68400.0,17.1
46360.0,7.Sunday,COL,Cali,420 DESGRANADOS & CO,24 SAN FERNANDO,Rappi,2.0,171600.0,42.9
46360.0,7.Sunday,COL,Cali,423 DESAY TIERRITURB,22 SANTA MONICA,Rappi,1.0,63700.0,15.93
46360.0,7.Sunday,COL,Cali,429 SEÑOR BURRI TURB,24 SAN FERNANDO,Rappi,1.0,63800.0,15.95
46360.0,7.Sunday,COL,Cali,431 DESGRA & CO TURB,22 SANTA MONICA,Rappi,1.0,41400.0,10.35
46360.0,7.Sunday,COL,Cali,44 SELVATIKO,24 SAN FERNANDO,Rappi,1.0,63800.0,15.95
46360.0,7.Sunday,COL,Cali,448 DESAY COLOMBIANO,22 SANTA MONICA,Rappi,1.0,49700.0,12.43
46360.0,7.Sunday,COL,Cali,448 DESAY COLOMBIANO,24 SAN FERNANDO,Rappi,2.0,71200.0,17.8
46360.0,7.Sunday,COL,Cali,448 DESAY COLOMBIANO,46 INGENIO,Rappi,2.0,98500.0,24.63
46360.0,7.Sunday,COL,Cali,54 FOODOLOGY,22 SANTA MONICA,Rappi,1.0,76300.0,19.08
46360.0,7.Sunday,COL,Cali,57 PRET SANDWICH BIS,22 SANTA MONICA,Rappi,2.0,74900.0,18.73
46360.0,7.Sunday,COL,Cali,58 ALBA VEGETARIAN,22 SANTA MONICA,Rappi,3.0,112200.0,28.05
46360.0,7.Sunday,COL,Cali,58 ALBA VEGETARIAN,24 SAN FERNANDO,DiDi,3.0,169700.0,42.43
46360.0,7.Sunday,COL,Cali,58 ALBA VEGETARIAN,24 SAN FERNANDO,Rappi,1.0,25000.0,6.25
46360.0,7.Sunday,COL,Cali,66 MAÑANERO DIARIO,22 SANTA MONICA,Rappi,1.0,25800.0,6.45
46360.0,7.Sunday,COL,Cali,66 MAÑANERO DIARIO,24 SAN FERNANDO,Rappi,1.0,17900.0,4.48
46360.0,7.Sunday,COL,Cali,66 MAÑANERO DIARIO,46 INGENIO,Rappi,1.0,52000.0,13.0
46360.0,7.Sunday,COL,Cali,72 VICIO,22 SANTA MONICA,Rappi,1.0,21800.0,5.45
46360.0,7.Sunday,COL,Cali,82 CINNABON,24 SAN FERNANDO,DiDi,3.0,105700.0,26.43
46360.0,7.Sunday,COL,Cali,82 CINNABON,24 SAN FERNANDO,Rappi,4.0,180100.0,45.03
46360.0,7.Sunday,COL,Cali,82 CINNABON,46 INGENIO,Rappi,9.0,207600.0,51.9
46360.0,7.Sunday,COL,Cali,83 SANDUCHES EL JEFE,22 SANTA MONICA,DiDi,1.0,105300.0,26.33
46360.0,7.Sunday,COL,Cali,83 SANDUCHES EL JEFE,22 SANTA MONICA,Rappi,1.0,31000.0,7.75
46360.0,7.Sunday,COL,Cali,88 CINNABON TURBO,24 SAN FERNANDO,Rappi,1.0,13900.0,3.48
46360.0,7.Sunday,COL,Cali,90 AVOCALIA TURBO,22 SANTA MONICA,Rappi,1.0,39500.0,9.88
46360.0,7.Sunday,COL,Cali,93 SAN JERONIMO TURB,22 SANTA MONICA,Rappi,1.0,34500.0,8.63
46360.0,7.Sunday,COL,Cartagena,01 AVOCALIA,33 CARTAGENA,Rappi,19.0,1200100.0,300.03
46360.0,7.Sunday,COL,Cartagena,03 BRUNCH & MUNCH,33 CARTAGENA,Rappi,15.0,817700.0,204.43
46360.0,7.Sunday,COL,Cartagena,04 BURRITOS & CO,33 CARTAGENA,Rappi,6.0,169100.0,42.28
46360.0,7.Sunday,COL,Cartagena,05 CACEROLA,33 CARTAGENA,DiDi,1.0,24500.0,6.13
46360.0,7.Sunday,COL,Cartagena,07 LA CUADRA,33 CARTAGENA,DiDi,2.0,117500.0,29.38
46360.0,7.Sunday,COL,Cartagena,07 LA CUADRA,33 CARTAGENA,Rappi,18.0,994700.0,248.68
46360.0,7.Sunday,COL,Cartagena,110 MR BEAST BURGER,33 CARTAGENA,DiDi,9.0,417300.0,104.33
46360.0,7.Sunday,COL,Cartagena,110 MR BEAST BURGER,33 CARTAGENA,Rappi,6.0,287100.0,71.78
46360.0,7.Sunday,COL,Cartagena,1117 ALMZ LA CASA TU,33 CARTAGENA,Rappi,1.0,23900.0,5.98
46360.0,7.Sunday,COL,Cartagena,1120 FOODOLOGY TUR,33 CARTAGENA,Rappi,1.0,34500.0,8.63
46360.0,7.Sunday,COL,Cartagena,113 QUE CHICKEN,33 CARTAGENA,Rappi,1.0,41900.0,10.48
46360.0,7.Sunday,COL,Cartagena,114 MR BEAST TURBO,33 CARTAGENA,Rappi,8.0,444900.0,111.23
46360.0,7.Sunday,COL,Cartagena,117 LA PANQUEQUERIA,33 CARTAGENA,Rappi,7.0,265800.0,66.45
46360.0,7.Sunday,COL,Cartagena,26 ALMUERZO DE LA CA,33 CARTAGENA,DiDi,3.0,120100.0,30.03
46360.0,7.Sunday,COL,Cartagena,26 ALMUERZO DE LA CA,33 CARTAGENA,Rappi,1.0,50200.0,12.55
46360.0,7.Sunday,COL,Cartagena,27 DESAYUNO MI TIERR,33 CARTAGENA,Rappi,1.0,118000.0,29.5
46360.0,7.Sunday,COL,Cartagena,33 LA CUADRA DESAYUN,33 CARTAGENA,Rappi,1.0,33400.0,8.35
46360.0,7.Sunday,COL,Cartagena,352 BURRITOS & CO TU,33 CARTAGENA,Rappi,5.0,244900.0,61.23
46360.0,7.Sunday,COL,Cartagena,353 LA CUADRA TURBO,33 CARTAGENA,Rappi,3.0,220000.0,55.0
46360.0,7.Sunday,COL,Cartagena,359 GREEN HOUSE,33 CARTAGENA,Rappi,13.0,544900.0,136.23
46360.0,7.Sunday,COL,Cartagena,363 GREEN HOUSE TURB,33 CARTAGENA,Rappi,5.0,191800.0,47.95
46360.0,7.Sunday,COL,Cartagena,369 ÑAMGUCHERIA TURB,33 CARTAGENA,Rappi,1.0,41500.0,10.38
46360.0,7.Sunday,COL,Cartagena,373 HOUSE OF BURGERS,33 CARTAGENA,Rappi,4.0,337100.0,84.28
46360.0,7.Sunday,COL,Cartagena,380 BREAKFAST CLUB,33 CARTAGENA,Rappi,12.0,856700.0,214.18
46360.0,7.Sunday,COL,Cartagena,381 DESAYU LA ABUELA,33 CARTAGENA,DiDi,3.0,213800.0,53.45
46360.0,7.Sunday,COL,Cartagena,381 DESAYU LA ABUELA,33 CARTAGENA,Rappi,17.0,1093600.0,273.4
46360.0,7.Sunday,COL,Cartagena,382 ALBA VEGE TURBO,33 CARTAGENA,Rappi,1.0,21900.0,5.48
46360.0,7.Sunday,COL,Cartagena,386 LA CASA MEXICANA,33 CARTAGENA,DiDi,2.0,89700.0,22.43
46360.0,7.Sunday,COL,Cartagena,386 LA CASA MEXICANA,33 CARTAGENA,Rappi,4.0,203700.0,50.93
46360.0,7.Sunday,COL,Cartagena,387 THE EGG SPOT,33 CARTAGENA,Rappi,2.0,65000.0,16.25
46360.0,7.Sunday,COL,Cartagena,392 HONEST FOOD,33 CARTAGENA,Rappi,2.0,82400.0,20.6
46360.0,7.Sunday,COL,Cartagena,393 EL EJECUTIVO,33 CARTAGENA,DiDi,4.0,230300.0,57.58
46360.0,7.Sunday,COL,Cartagena,397 CACEROLA - TURBO,33 CARTAGENA,Rappi,1.0,45600.0,11.4
46360.0,7.Sunday,COL,Cartagena,402 EJECUT TRAD TURBO,33 CARTAGENA,Rappi,1.0,28500.0,7.13
46360.0,7.Sunday,COL,Cartagena,403 HONEST FOOD TURBO,33 CARTAGENA,Rappi,3.0,132100.0,33.03
46360.0,7.Sunday,COL,Cartagena,422 BURRIT CANT TURB,33 CARTAGENA,Rappi,1.0,20900.0,5.23
46360.0,7.Sunday,COL,Cartagena,425 LA CASA MEXITURB,33 CARTAGENA,Rappi,2.0,118600.0,29.65
46360.0,7.Sunday,COL,Cartagena,448 DESAY COLOMBIANO,33 CARTAGENA,Rappi,1.0,18900.0,4.73
46360.0,7.Sunday,COL,Cartagena,58 ALBA VEGETARIAN,33 CARTAGENA,DiDi,1.0,41400.0,10.35
46360.0,7.Sunday,COL,Cartagena,66 MAÑANERO DIARIO,33 CARTAGENA,Rappi,1.0,33400.0,8.35
46360.0,7.Sunday,COL,Cartagena,82 CINNABON,33 CARTAGENA,Rappi,6.0,234000.0,58.5
46360.0,7.Sunday,COL,Cartagena,90 AVOCALIA TURBO,33 CARTAGENA,Rappi,5.0,223200.0,55.8
46360.0,7.Sunday,COL,Cartagena,92 BRUNCH&MUNCH TURB,33 CARTAGENA,Rappi,2.0,81600.0,20.4
46360.0,7.Sunday,COL,Cartagena,93 SAN JERONIMO TURB,33 CARTAGENA,Rappi,1.0,46000.0,11.5
46360.0,7.Sunday,COL,Medellín,01 AVOCALIA,11 MANILA,Rappi,20.0,1239600.0,309.9
46360.0,7.Sunday,COL,Medellín,01 AVOCALIA,12 LAURELES,DiDi,3.0,164600.0,41.15
46360.0,7.Sunday,COL,Medellín,01 AVOCALIA,12 LAURELES,Rappi,13.0,673400.0,168.35
46360.0,7.Sunday,COL,Medellín,01 AVOCALIA,14 ENVIGADO,DiDi,4.0,214900.0,53.73
46360.0,7.Sunday,COL,Medellín,01 AVOCALIA,14 ENVIGADO,Rappi,18.0,705300.0,176.33
46360.0,7.Sunday,COL,Medellín,01 AVOCALIA,18 BELLO,DiDi,2.0,106800.0,26.7
46360.0,7.Sunday,COL,Medellín,01 AVOCALIA,18 BELLO,Rappi,6.0,238000.0,59.5
46360.0,7.Sunday,COL,Medellín,01 AVOCALIA,29 ITAGUI,Rappi,14.0,737000.0,184.25
46360.0,7.Sunday,COL,Medellín,02 BOTTANIKO,12 LAURELES,Rappi,1.0,24500.0,6.13
46360.0,7.Sunday,COL,Medellín,02 BOTTANIKO,14 ENVIGADO,Rappi,1.0,70700.0,17.68
46360.0,7.Sunday,COL,Medellín,03 BRUNCH & MUNCH,11 MANILA,DiDi,3.0,131100.0,32.78
46360.0,7.Sunday,COL,Medellín,03 BRUNCH & MUNCH,11 MANILA,Justo,1.0,57200.0,14.3
46360.0,7.Sunday,COL,Medellín,03 BRUNCH & MUNCH,11 MANILA,Rappi,40.0,2883300.0,720.83
46360.0,7.Sunday,COL,Medellín,03 BRUNCH & MUNCH,12 LAURELES,DiDi,6.0,332700.0,83.18
46360.0,7.Sunday,COL,Medellín,03 BRUNCH & MUNCH,12 LAURELES,FoodologyPOS,1.0,75900.0,18.98
46360.0,7.Sunday,COL,Medellín,03 BRUNCH & MUNCH,12 LAURELES,Rappi,34.0,2296400.0,574.1
46360.0,7.Sunday,COL,Medellín,03 BRUNCH & MUNCH,14 ENVIGADO,DiDi,3.0,243200.0,60.8
46360.0,7.Sunday,COL,Medellín,03 BRUNCH & MUNCH,14 ENVIGADO,Rappi,30.0,1767600.0,441.9
46360.0,7.Sunday,COL,Medellín,03 BRUNCH & MUNCH,18 BELLO,DiDi,1.0,78900.0,19.73
46360.0,7.Sunday,COL,Medellín,03 BRUNCH & MUNCH,18 BELLO,Rappi,12.0,630300.0,157.58
46360.0,7.Sunday,COL,Medellín,03 BRUNCH & MUNCH,19 LLANOGRANDE,Rappi,0.0,0.0,0.0
46360.0,7.Sunday,COL,Medellín,03 BRUNCH & MUNCH,29 ITAGUI,DiDi,1.0,42700.0,10.68
46360.0,7.Sunday,COL,Medellín,03 BRUNCH & MUNCH,29 ITAGUI,FoodologyPOS,1.0,47600.0,11.9
46360.0,7.Sunday,COL,Medellín,03 BRUNCH & MUNCH,29 ITAGUI,Rappi,11.0,630900.0,157.73
46360.0,7.Sunday,COL,Medellín,04 BURRITOS & CO,11 MANILA,DiDi,9.0,495400.0,123.85
46360.0,7.Sunday,COL,Medellín,04 BURRITOS & CO,11 MANILA,Rappi,25.0,1221200.0,305.3
46360.0,7.Sunday,COL,Medellín,04 BURRITOS & CO,12 LAURELES,DiDi,17.0,1089100.0,272.28
46360.0,7.Sunday,COL,Medellín,04 BURRITOS & CO,12 LAURELES,Rappi,13.0,678700.0,169.68
46360.0,7.Sunday,COL,Medellín,04 BURRITOS & CO,14 ENVIGADO,DiDi,9.0,950200.0,237.55
46360.0,7.Sunday,COL,Medellín,04 BURRITOS & CO,14 ENVIGADO,Rappi,12.0,778900.0,194.73
46360.0,7.Sunday,COL,Medellín,04 BURRITOS & CO,18 BELLO,DiDi,10.0,644600.0,161.15
46360.0,7.Sunday,COL,Medellín,04 BURRITOS & CO,18 BELLO,Rappi,1.0,45800.0,11.45
46360.0,7.Sunday,COL,Medellín,04 BURRITOS & CO,29 ITAGUI,DiDi,4.0,387600.0,96.9
46360.0,7.Sunday,COL,Medellín,04 BURRITOS & CO,29 ITAGUI,Rappi,5.0,300200.0,75.05
46360.0,7.Sunday,COL,Medellín,07 LA CUADRA,11 MANILA,DiDi,9.0,505600.0,126.4
46360.0,7.Sunday,COL,Medellín,07 LA CUADRA,11 MANILA,Rappi,11.0,877000.0,219.25
46360.0,7.Sunday,COL,Medellín,07 LA CUADRA,12 LAURELES,DiDi,5.0,364800.0,91.2
46360.0,7.Sunday,COL,Medellín,07 LA CUADRA,12 LAURELES,Rappi,14.0,957000.0,239.25
46360.0,7.Sunday,COL,Medellín,07 LA CUADRA,14 ENVIGADO,DiDi,5.0,378800.0,94.7
46360.0,7.Sunday,COL,Medellín,07 LA CUADRA,14 ENVIGADO,Rappi,9.0,598000.0,149.5
46360.0,7.Sunday,COL,Medellín,07 LA CUADRA,18 BELLO,DiDi,2.0,165200.0,41.3
46360.0,7.Sunday,COL,Medellín,07 LA CUADRA,18 BELLO,Rappi,1.0,77900.0,19.48
46360.0,7.Sunday,COL,Medellín,07 LA CUADRA,29 ITAGUI,DiDi,1.0,49000.0,12.25
46360.0,7.Sunday,COL,Medellín,07 LA CUADRA,29 ITAGUI,Rappi,5.0,457800.0,114.45
46360.0,7.Sunday,COL,Medellín,110 MR BEAST BURGER,11 MANILA,DiDi,16.0,810600.0,202.65
46360.0,7.Sunday,COL,Medellín,110 MR BEAST BURGER,11 MANILA,Rappi,8.0,474500.0,118.63
46360.0,7.Sunday,COL,Medellín,110 MR BEAST BURGER,12 LAURELES,DiDi,24.0,1308300.0,327.08
46360.0,7.Sunday,COL,Medellín,110 MR BEAST BURGER,12 LAURELES,Rappi,2.0,77400.0,19.35
46360.0,7.Sunday,COL,Medellín,110 MR BEAST BURGER,14 ENVIGADO,DiDi,21.0,1347500.0,336.88
46360.0,7.Sunday,COL,Medellín,110 MR BEAST BURGER,14 ENVIGADO,Rappi,2.0,108900.0,27.23
46360.0,7.Sunday,COL,Medellín,110 MR BEAST BURGER,18 BELLO,DiDi,10.0,605100.0,151.28
46360.0,7.Sunday,COL,Medellín,110 MR BEAST BURGER,18 BELLO,Rappi,2.0,68200.0,17.05
46360.0,7.Sunday,COL,Medellín,110 MR BEAST BURGER,29 ITAGUI,DiDi,15.0,804100.0,201.03
46360.0,7.Sunday,COL,Medellín,110 MR BEAST BURGER,29 ITAGUI,Rappi,1.0,105700.0,26.43
46360.0,7.Sunday,COL,Medellín,1117 ALMZ LA CASA TU,11 MANILA,Rappi,1.0,42000.0,10.5
46360.0,7.Sunday,COL,Medellín,1118 DEMBOW TUR,11 MANILA,Rappi,7.0,301500.0,75.38
46360.0,7.Sunday,COL,Medellín,1118 DEMBOW TUR,12 LAURELES,Rappi,1.0,55300.0,13.83
46360.0,7.Sunday,COL,Medellín,113 QUE CHICKEN,11 MANILA,Rappi,1.0,83800.0,20.95
46360.0,7.Sunday,COL,Medellín,114 MR BEAST TURBO,12 LAURELES,Rappi,10.0,523600.0,130.9
46360.0,7.Sunday,COL,Medellín,117 LA PANQUEQUERIA,11 MANILA,Rappi,3.0,187500.0,46.88
46360.0,7.Sunday,COL,Medellín,117 LA PANQUEQUERIA,12 LAURELES,DiDi,1.0,25800.0,6.45
46360.0,7.Sunday,COL,Medellín,117 LA PANQUEQUERIA,12 LAURELES,Rappi,5.0,185100.0,46.28
46360.0,7.Sunday,COL,Medellín,117 LA PANQUEQUERIA,14 ENVIGADO,DiDi,2.0,69300.0,17.33
46360.0,7.Sunday,COL,Medellín,117 LA PANQUEQUERIA,14 ENVIGADO,Rappi,4.0,176800.0,44.2
46360.0,7.Sunday,COL,Medellín,117 LA PANQUEQUERIA,18 BELLO,Rappi,1.0,69000.0,17.25
46360.0,7.Sunday,COL,Medellín,117 LA PANQUEQUERIA,29 ITAGUI,Rappi,1.0,53300.0,13.33
46360.0,7.Sunday,COL,Medellín,14 BURGER LANE,11 MANILA,DiDi,1.0,79800.0,19.95
46360.0,7.Sunday,COL,Medellín,14 BURGER LANE,29 ITAGUI,Rappi,1.0,58800.0,14.7
46360.0,7.Sunday,COL,Medellín,205 FROST,12 LAURELES,DiDi,2.0,37400.0,9.35
46360.0,7.Sunday,COL,Medellín,205 FROST,18 BELLO,DiDi,2.0,73500.0,18.38
46360.0,7.Sunday,COL,Medellín,205 FROST,18 BELLO,Rappi,1.0,12900.0,3.23
46360.0,7.Sunday,COL,Medellín,205 FROST,29 ITAGUI,Rappi,3.0,132200.0,33.05
46360.0,7.Sunday,COL,Medellín,26 ALMUERZO DE LA CA,11 MANILA,DiDi,2.0,68600.0,17.15
46360.0,7.Sunday,COL,Medellín,26 ALMUERZO DE LA CA,12 LAURELES,DiDi,8.0,308500.0,77.13
46360.0,7.Sunday,COL,Medellín,26 ALMUERZO DE LA CA,12 LAURELES,Rappi,1.0,45000.0,11.25
46360.0,7.Sunday,COL,Medellín,26 ALMUERZO DE LA CA,14 ENVIGADO,DiDi,2.0,87600.0,21.9
46360.0,7.Sunday,COL,Medellín,26 ALMUERZO DE LA CA,14 ENVIGADO,Rappi,3.0,99300.0,24.83
46360.0,7.Sunday,COL,Medellín,26 ALMUERZO DE LA CA,18 BELLO,DiDi,2.0,68600.0,17.15
46360.0,7.Sunday,COL,Medellín,26 ALMUERZO DE LA CA,29 ITAGUI,DiDi,2.0,51100.0,12.78
46360.0,7.Sunday,COL,Medellín,27 DESAYUNO MI TIERR,29 ITAGUI,DiDi,1.0,19800.0,4.95
46360.0,7.Sunday,COL,Medellín,29 SEÑOR BURRITO,11 MANILA,DiDi,1.0,50100.0,12.53
46360.0,7.Sunday,COL,Medellín,29 SEÑOR BURRITO,12 LAURELES,DiDi,2.0,79800.0,19.95
46360.0,7.Sunday,COL,Medellín,29 SEÑOR BURRITO,12 LAURELES,Rappi,1.0,98900.0,24.73
46360.0,7.Sunday,COL,Medellín,29 SEÑOR BURRITO,14 ENVIGADO,DiDi,1.0,70800.0,17.7
46360.0,7.Sunday,COL,Medellín,29 SEÑOR BURRITO,18 BELLO,DiDi,1.0,40700.0,10.18
46360.0,7.Sunday,COL,Medellín,29 SEÑOR BURRITO,29 ITAGUI,DiDi,2.0,128200.0,32.05
46360.0,7.Sunday,COL,Medellín,29 SEÑOR BURRITO,29 ITAGUI,Rappi,1.0,22500.0,5.63
46360.0,7.Sunday,COL,Medellín,33 LA CUADRA DESAYUN,11 MANILA,Rappi,2.0,84000.0,21.0
46360.0,7.Sunday,COL,Medellín,33 LA CUADRA DESAYUN,12 LAURELES,Rappi,1.0,38000.0,9.5
46360.0,7.Sunday,COL,Medellín,35 BRUNCH CLUB,11 MANILA,DiDi,2.0,116900.0,29.23
46360.0,7.Sunday,COL,Medellín,35 BRUNCH CLUB,12 LAURELES,DiDi,3.0,209300.0,52.33
46360.0,7.Sunday,COL,Medellín,35 BRUNCH CLUB,14 ENVIGADO,DiDi,1.0,21500.0,5.38
46360.0,7.Sunday,COL,Medellín,352 BURRITOS & CO TU,11 MANILA,Rappi,19.0,843200.0,210.8
46360.0,7.Sunday,COL,Medellín,352 BURRITOS & CO TU,12 LAURELES,Rappi,15.0,837700.0,209.43
46360.0,7.Sunday,COL,Medellín,353 LA CUADRA TURBO,11 MANILA,Rappi,9.0,674900.0,168.73
46360.0,7.Sunday,COL,Medellín,353 LA CUADRA TURBO,12 LAURELES,Rappi,7.0,565800.0,141.45
46360.0,7.Sunday,COL,Medellín,356 EL JEFE TURBO,11 MANILA,Rappi,3.0,220400.0,55.1
46360.0,7.Sunday,COL,Medellín,356 EL JEFE TURBO,12 LAURELES,Rappi,1.0,45700.0,11.43
46360.0,7.Sunday,COL,Medellín,359 GREEN HOUSE,11 MANILA,DiDi,4.0,186600.0,46.65
46360.0,7.Sunday,COL,Medellín,359 GREEN HOUSE,11 MANILA,Rappi,7.0,391300.0,97.83
46360.0,7.Sunday,COL,Medellín,359 GREEN HOUSE,12 LAURELES,DiDi,14.0,586100.0,146.53
46360.0,7.Sunday,COL,Medellín,359 GREEN HOUSE,12 LAURELES,Rappi,13.0,660700.0,165.18
46360.0,7.Sunday,COL,Medellín,359 GREEN HOUSE,14 ENVIGADO,DiDi,12.0,442300.0,110.58
46360.0,7.Sunday,COL,Medellín,359 GREEN HOUSE,14 ENVIGADO,Rappi,6.0,329500.0,82.38
46360.0,7.Sunday,COL,Medellín,359 GREEN HOUSE,18 BELLO,DiDi,3.0,170100.0,42.53
46360.0,7.Sunday,COL,Medellín,359 GREEN HOUSE,18 BELLO,Rappi,3.0,147600.0,36.9
46360.0,7.Sunday,COL,Medellín,359 GREEN HOUSE,29 ITAGUI,DiDi,3.0,175300.0,43.83
46360.0,7.Sunday,COL,Medellín,359 GREEN HOUSE,29 ITAGUI,Rappi,4.0,230100.0,57.53
46360.0,7.Sunday,COL,Medellín,362 ÑAMGUCHERIA,11 MANILA,Rappi,37.0,1325400.0,331.35
46360.0,7.Sunday,COL,Medellín,362 ÑAMGUCHERIA,12 LAURELES,DiDi,3.0,129500.0,32.38
46360.0,7.Sunday,COL,Medellín,362 ÑAMGUCHERIA,12 LAURELES,Rappi,69.0,2478300.0,619.58
46360.0,7.Sunday,COL,Medellín,362 ÑAMGUCHERIA,14 ENVIGADO,DiDi,2.0,67400.0,16.85
46360.0,7.Sunday,COL,Medellín,362 ÑAMGUCHERIA,14 ENVIGADO,Rappi,42.0,1500400.0,375.1
46360.0,7.Sunday,COL,Medellín,362 ÑAMGUCHERIA,18 BELLO,DiDi,2.0,76300.0,19.08
46360.0,7.Sunday,COL,Medellín,362 ÑAMGUCHERIA,18 BELLO,Rappi,18.0,653100.0,163.28
46360.0,7.Sunday,COL,Medellín,362 ÑAMGUCHERIA,29 ITAGUI,Rappi,23.0,703700.0,175.93
46360.0,7.Sunday,COL,Medellín,363 GREEN HOUSE TURB,12 LAURELES,Rappi,7.0,346100.0,86.53
46360.0,7.Sunday,COL,Medellín,366 HOUSE OF SALADS,11 MANILA,Rappi,2.0,144200.0,36.05
46360.0,7.Sunday,COL,Medellín,366 HOUSE OF SALADS,12 LAURELES,DiDi,1.0,36700.0,9.18
46360.0,7.Sunday,COL,Medellín,366 HOUSE OF SALADS,12 LAURELES,Rappi,2.0,92600.0,23.15
46360.0,7.Sunday,COL,Medellín,366 HOUSE OF SALADS,14 ENVIGADO,DiDi,1.0,34500.0,8.63
46360.0,7.Sunday,COL,Medellín,366 HOUSE OF SALADS,18 BELLO,DiDi,1.0,28900.0,7.23
46360.0,7.Sunday,COL,Medellín,366 HOUSE OF SALADS,29 ITAGUI,DiDi,1.0,46900.0,11.73
46360.0,7.Sunday,COL,Medellín,369 ÑAMGUCHERIA TURB,12 LAURELES,Rappi,4.0,221400.0,55.35
46360.0,7.Sunday,COL,Medellín,370 MONTEVERDE,11 MANILA,Rappi,3.0,138200.0,34.55
46360.0,7.Sunday,COL,Medellín,370 MONTEVERDE,12 LAURELES,Rappi,2.0,74800.0,18.7
46360.0,7.Sunday,COL,Medellín,370 MONTEVERDE,14 ENVIGADO,DiDi,2.0,61400.0,15.35
46360.0,7.Sunday,COL,Medellín,370 MONTEVERDE,14 ENVIGADO,Rappi,2.0,124300.0,31.08
46360.0,7.Sunday,COL,Medellín,370 MONTEVERDE,29 ITAGUI,Rappi,1.0,57400.0,14.35
46360.0,7.Sunday,COL,Medellín,373 HOUSE OF BURGERS,11 MANILA,Rappi,1.0,48700.0,12.18
46360.0,7.Sunday,COL,Medellín,380 BREAKFAST CLUB,11 MANILA,DiDi,3.0,198800.0,49.7
46360.0,7.Sunday,COL,Medellín,380 BREAKFAST CLUB,11 MANILA,Rappi,21.0,2205700.0,551.43
46360.0,7.Sunday,COL,Medellín,380 BREAKFAST CLUB,12 LAURELES,DiDi,1.0,28900.0,7.23
46360.0,7.Sunday,COL,Medellín,380 BREAKFAST CLUB,14 ENVIGADO,DiDi,2.0,179100.0,44.78
46360.0,7.Sunday,COL,Medellín,380 BREAKFAST CLUB,14 ENVIGADO,Rappi,13.0,850200.0,212.55
46360.0,7.Sunday,COL,Medellín,380 BREAKFAST CLUB,18 BELLO,DiDi,1.0,31800.0,7.95
46360.0,7.Sunday,COL,Medellín,380 BREAKFAST CLUB,18 BELLO,Rappi,6.0,457400.0,114.35
46360.0,7.Sunday,COL,Medellín,380 BREAKFAST CLUB,29 ITAGUI,Rappi,5.0,361000.0,90.25
46360.0,7.Sunday,COL,Medellín,381 DESAYU LA ABUELA,11 MANILA,DiDi,1.0,82000.0,20.5
46360.0,7.Sunday,COL,Medellín,381 DESAYU LA ABUELA,11 MANILA,Rappi,34.0,2853400.0,713.35
46360.0,7.Sunday,COL,Medellín,381 DESAYU LA ABUELA,12 LAURELES,DiDi,4.0,213300.0,53.33
46360.0,7.Sunday,COL,Medellín,381 DESAYU LA ABUELA,12 LAURELES,Rappi,37.0,2304300.0,576.08
46360.0,7.Sunday,COL,Medellín,381 DESAYU LA ABUELA,14 ENVIGADO,DiDi,9.0,431600.0,107.9
46360.0,7.Sunday,COL,Medellín,381 DESAYU LA ABUELA,14 ENVIGADO,Rappi,24.0,1918500.0,479.63
46360.0,7.Sunday,COL,Medellín,381 DESAYU LA ABUELA,18 BELLO,DiDi,2.0,125400.0,31.35
46360.0,7.Sunday,COL,Medellín,381 DESAYU LA ABUELA,18 BELLO,Rappi,7.0,503500.0,125.88
46360.0,7.Sunday,COL,Medellín,381 DESAYU LA ABUELA,29 ITAGUI,DiDi,2.0,105500.0,26.38
46360.0,7.Sunday,COL,Medellín,381 DESAYU LA ABUELA,29 ITAGUI,Rappi,7.0,581600.0,145.4
46360.0,7.Sunday,COL,Medellín,383 BOTTANIKO TURBO,11 MANILA,Rappi,1.0,41800.0,10.45
46360.0,7.Sunday,COL,Medellín,385 MAÑANERO TURBO,12 LAURELES,Rappi,1.0,19900.0,4.98
46360.0,7.Sunday,COL,Medellín,386 LA CASA MEXICANA,11 MANILA,DiDi,11.0,426100.0,106.53
46360.0,7.Sunday,COL,Medellín,386 LA CASA MEXICANA,11 MANILA,Rappi,2.0,245600.0,61.4
46360.0,7.Sunday,COL,Medellín,386 LA CASA MEXICANA,12 LAURELES,DiDi,7.0,220500.0,55.13
46360.0,7.Sunday,COL,Medellín,386 LA CASA MEXICANA,12 LAURELES,Rappi,7.0,278000.0,69.5
46360.0,7.Sunday,COL,Medellín,386 LA CASA MEXICANA,14 ENVIGADO,DiDi,5.0,232000.0,58.0
46360.0,7.Sunday,COL,Medellín,386 LA CASA MEXICANA,14 ENVIGADO,Rappi,2.0,91600.0,22.9
46360.0,7.Sunday,COL,Medellín,386 LA CASA MEXICANA,18 BELLO,DiDi,7.0,429400.0,107.35
46360.0,7.Sunday,COL,Medellín,386 LA CASA MEXICANA,18 BELLO,Rappi,3.0,126400.0,31.6
46360.0,7.Sunday,COL,Medellín,386 LA CASA MEXICANA,29 ITAGUI,DiDi,5.0,206100.0,51.53
46360.0,7.Sunday,COL,Medellín,386 LA CASA MEXICANA,29 ITAGUI,Rappi,2.0,83600.0,20.9
46360.0,7.Sunday,COL,Medellín,387 THE EGG SPOT,11 MANILA,Rappi,3.0,175700.0,43.93
46360.0,7.Sunday,COL,Medellín,387 THE EGG SPOT,12 LAURELES,Rappi,2.0,69500.0,17.38
46360.0,7.Sunday,COL,Medellín,387 THE EGG SPOT,14 ENVIGADO,Rappi,2.0,74200.0,18.55
46360.0,7.Sunday,COL,Medellín,388 FOODHUB,12 LAURELES,Rappi,1.0,34500.0,8.63
46360.0,7.Sunday,COL,Medellín,388 FOODHUB,29 ITAGUI,DiDi,1.0,25800.0,6.45
46360.0,7.Sunday,COL,Medellín,392 HONEST FOOD,11 MANILA,DiDi,1.0,123200.0,30.8
46360.0,7.Sunday,COL,Medellín,392 HONEST FOOD,11 MANILA,Rappi,1.0,71000.0,17.75
46360.0,7.Sunday,COL,Medellín,392 HONEST FOOD,12 LAURELES,Rappi,1.0,66500.0,16.63
46360.0,7.Sunday,COL,Medellín,392 HONEST FOOD,14 ENVIGADO,Rappi,1.0,45900.0,11.48
46360.0,7.Sunday,COL,Medellín,392 MONTEVERDE TURB,11 MANILA,Rappi,4.0,193600.0,48.4
46360.0,7.Sunday,COL,Medellín,392 MONTEVERDE TURB,12 LAURELES,Rappi,5.0,201500.0,50.38
46360.0,7.Sunday,COL,Medellín,393 EL EJECUTIVO,11 MANILA,DiDi,1.0,26900.0,6.73
46360.0,7.Sunday,COL,Medellín,393 EL EJECUTIVO,11 MANILA,Rappi,1.0,70200.0,17.55
46360.0,7.Sunday,COL,Medellín,393 EL EJECUTIVO,12 LAURELES,DiDi,3.0,145600.0,36.4
46360.0,7.Sunday,COL,Medellín,393 EL EJECUTIVO,12 LAURELES,Rappi,3.0,90500.0,22.63
46360.0,7.Sunday,COL,Medellín,393 EL EJECUTIVO,14 ENVIGADO,DiDi,1.0,99700.0,24.93
46360.0,7.Sunday,COL,Medellín,393 HOUSEBURGER TURB,11 MANILA,Rappi,2.0,84600.0,21.15
46360.0,7.Sunday,COL,Medellín,394 COCINA CONSCIENT,12 LAURELES,Rappi,1.0,40400.0,10.1
46360.0,7.Sunday,COL,Medellín,394 COCINA CONSCIENT,14 ENVIGADO,Rappi,1.0,51500.0,12.88
46360.0,7.Sunday,COL,Medellín,394 COCINA CONSCIENT,18 BELLO,Rappi,1.0,65000.0,16.25
46360.0,7.Sunday,COL,Medellín,394 COCINA CONSCIENT,29 ITAGUI,Rappi,1.0,122600.0,30.65
46360.0,7.Sunday,COL,Medellín,395 BISTRO - TURBO,12 LAURELES,Rappi,2.0,46800.0,11.7
46360.0,7.Sunday,COL,Medellín,397 CACEROLA - TURBO,11 MANILA,Rappi,1.0,33400.0,8.35
46360.0,7.Sunday,COL,Medellín,397 CACEROLA - TURBO,12 LAURELES,Rappi,3.0,224300.0,56.08
46360.0,7.Sunday,COL,Medellín,401 DESA ABUELA TURBO,11 MANILA,Rappi,2.0,107700.0,26.93
46360.0,7.Sunday,COL,Medellín,401 DESA ABUELA TURBO,12 LAURELES,Rappi,1.0,26900.0,6.73
46360.0,7.Sunday,COL,Medellín,402 EJECUT TRAD TURBO,12 LAURELES,Rappi,3.0,119300.0,29.83
46360.0,7.Sunday,COL,Medellín,403 HONEST FOOD TURBO,11 MANILA,Rappi,4.0,383900.0,95.98
46360.0,7.Sunday,COL,Medellín,403 HONEST FOOD TURBO,12 LAURELES,Rappi,4.0,211400.0,52.85
46360.0,7.Sunday,COL,Medellín,405 BREAKFACLUB TURBO,11 MANILA,Rappi,4.0,267500.0,66.88
46360.0,7.Sunday,COL,Medellín,405 BREAKFACLUB TURBO,12 LAURELES,Rappi,2.0,75700.0,18.93
46360.0,7.Sunday,COL,Medellín,409 THE EGG SPOT TU,11 MANILA,Rappi,4.0,239300.0,59.83
46360.0,7.Sunday,COL,Medellín,409 THE EGG SPOT TU,12 LAURELES,Rappi,2.0,79700.0,19.93
46360.0,7.Sunday,COL,Medellín,411 DORIT LOC BY DOR,11 MANILA,Rappi,0.0,0.0,0.0
46360.0,7.Sunday,COL,Medellín,413 HOUSE SALAD TURB,11 MANILA,Rappi,6.0,315600.0,78.9
46360.0,7.Sunday,COL,Medellín,420 DESGRANADOS & CO,11 MANILA,Rappi,1.0,53900.0,13.48
46360.0,7.Sunday,COL,Medellín,420 DESGRANADOS & CO,12 LAURELES,Rappi,1.0,80000.0,20.0
46360.0,7.Sunday,COL,Medellín,420 DESGRANADOS & CO,14 ENVIGADO,Rappi,1.0,42500.0,10.63
46360.0,7.Sunday,COL,Medellín,420 DESGRANADOS & CO,29 ITAGUI,Rappi,2.0,119600.0,29.9
46360.0,7.Sunday,COL,Medellín,421 ACPM CORRI TURBO,11 MANILA,Rappi,1.0,34800.0,8.7
46360.0,7.Sunday,COL,Medellín,422 BURRIT CANT TURB,12 LAURELES,Rappi,1.0,49300.0,12.33
46360.0,7.Sunday,COL,Medellín,423 DESAY TIERRITURB,11 MANILA,Rappi,1.0,25900.0,6.48
46360.0,7.Sunday,COL,Medellín,425 LA CASA MEXITURB,11 MANILA,Rappi,2.0,115400.0,28.85
46360.0,7.Sunday,COL,Medellín,425 LA CASA MEXITURB,12 LAURELES,Rappi,2.0,58800.0,14.7
46360.0,7.Sunday,COL,Medellín,429 SEÑOR BURRI TURB,11 MANILA,Rappi,2.0,75700.0,18.93
46360.0,7.Sunday,COL,Medellín,429 SEÑOR BURRI TURB,12 LAURELES,Rappi,2.0,92200.0,23.05
46360.0,7.Sunday,COL,Medellín,431 DESGRA & CO TURB,11 MANILA,Rappi,4.0,224600.0,56.15
46360.0,7.Sunday,COL,Medellín,431 DESGRA & CO TURB,12 LAURELES,Rappi,2.0,53800.0,13.45
46360.0,7.Sunday,COL,Medellín,44 SELVATIKO,12 LAURELES,DiDi,1.0,38900.0,9.73
46360.0,7.Sunday,COL,Medellín,44 SELVATIKO,12 LAURELES,Rappi,1.0,65000.0,16.25
46360.0,7.Sunday,COL,Medellín,44 SELVATIKO,14 ENVIGADO,DiDi,1.0,85300.0,21.33
46360.0,7.Sunday,COL,Medellín,448 DESAY COLOMBIANO,11 MANILA,Rappi,3.0,98000.0,24.5
46360.0,7.Sunday,COL,Medellín,448 DESAY COLOMBIANO,12 LAURELES,Rappi,2.0,76500.0,19.13
46360.0,7.Sunday,COL,Medellín,448 DESAY COLOMBIANO,14 ENVIGADO,Rappi,1.0,64700.0,16.18
46360.0,7.Sunday,COL,Medellín,448 DESAY COLOMBIANO,29 ITAGUI,Rappi,1.0,43800.0,10.95
46360.0,7.Sunday,COL,Medellín,54 FOODOLOGY,11 MANILA,DiDi,1.0,43900.0,10.98
46360.0,7.Sunday,COL,Medellín,54 FOODOLOGY,12 LAURELES,DiDi,1.0,71600.0,17.9
46360.0,7.Sunday,COL,Medellín,54 FOODOLOGY,12 LAURELES,Rappi,1.0,83600.0,20.9
46360.0,7.Sunday,COL,Medellín,54 FOODOLOGY,14 ENVIGADO,Rappi,1.0,155500.0,38.88
46360.0,7.Sunday,COL,Medellín,54 FOODOLOGY,18 BELLO,DiDi,1.0,35700.0,8.93
46360.0,7.Sunday,COL,Medellín,54 FOODOLOGY,18 BELLO,Rappi,1.0,89600.0,22.4
46360.0,7.Sunday,COL,Medellín,57 PRET SANDWICH BIS,14 ENVIGADO,Rappi,2.0,47000.0,11.75
46360.0,7.Sunday,COL,Medellín,57 PRET SANDWICH BIS,29 ITAGUI,Rappi,1.0,115300.0,28.83
46360.0,7.Sunday,COL,Medellín,58 ALBA VEGETARIAN,11 MANILA,DiDi,4.0,333000.0,83.25
46360.0,7.Sunday,COL,Medellín,58 ALBA VEGETARIAN,12 LAURELES,DiDi,1.0,35500.0,8.88
46360.0,7.Sunday,COL,Medellín,58 ALBA VEGETARIAN,12 LAURELES,Rappi,2.0,98400.0,24.6
46360.0,7.Sunday,COL,Medellín,58 ALBA VEGETARIAN,14 ENVIGADO,Rappi,1.0,22900.0,5.73
46360.0,7.Sunday,COL,Medellín,58 ALBA VEGETARIAN,18 BELLO,DiDi,2.0,85200.0,21.3
46360.0,7.Sunday,COL,Medellín,59 DEMBOW,12 LAURELES,Rappi,1.0,51900.0,12.98
46360.0,7.Sunday,COL,Medellín,59 DEMBOW,14 ENVIGADO,Rappi,1.0,38900.0,9.73
46360.0,7.Sunday,COL,Medellín,66 MAÑANERO DIARIO,12 LAURELES,Rappi,2.0,65200.0,16.3
46360.0,7.Sunday,COL,Medellín,70 BURRITO CANTINA,18 BELLO,Rappi,1.0,27900.0,6.98
46360.0,7.Sunday,COL,Medellín,72 VICIO,12 LAURELES,DiDi,2.0,103000.0,25.75
46360.0,7.Sunday,COL,Medellín,72 VICIO,14 ENVIGADO,Rappi,1.0,49500.0,12.38
46360.0,7.Sunday,COL,Medellín,72 VICIO,18 BELLO,DiDi,1.0,46900.0,11.73
46360.0,7.Sunday,COL,Medellín,72 VICIO,18 BELLO,Rappi,1.0,49500.0,12.38
46360.0,7.Sunday,COL,Medellín,72 VICIO,29 ITAGUI,Rappi,1.0,41800.0,10.45
46360.0,7.Sunday,COL,Medellín,82 CINNABON,11 MANILA,DiDi,4.0,157600.0,39.4
46360.0,7.Sunday,COL,Medellín,82 CINNABON,11 MANILA,Justo,1.0,37900.0,9.48
46360.0,7.Sunday,COL,Medellín,82 CINNABON,11 MANILA,Rappi,8.0,269400.0,67.35
46360.0,7.Sunday,COL,Medellín,82 CINNABON,12 LAURELES,Justo,1.0,37900.0,9.48
46360.0,7.Sunday,COL,Medellín,82 CINNABON,12 LAURELES,Rappi,20.0,627600.0,156.9
46360.0,7.Sunday,COL,Medellín,82 CINNABON,14 ENVIGADO,DiDi,3.0,69800.0,17.45
46360.0,7.Sunday,COL,Medellín,82 CINNABON,14 ENVIGADO,Rappi,8.0,258700.0,64.68
46360.0,7.Sunday,COL,Medellín,82 CINNABON,18 BELLO,Rappi,2.0,83300.0,20.83
46360.0,7.Sunday,COL,Medellín,82 CINNABON,29 ITAGUI,Rappi,8.0,230800.0,57.7
46360.0,7.Sunday,COL,Medellín,83 SANDUCHES EL JEFE,11 MANILA,DiDi,2.0,169300.0,42.33
46360.0,7.Sunday,COL,Medellín,83 SANDUCHES EL JEFE,11 MANILA,Rappi,5.0,211200.0,52.8
46360.0,7.Sunday,COL,Medellín,83 SANDUCHES EL JEFE,12 LAURELES,DiDi,2.0,54400.0,13.6
46360.0,7.Sunday,COL,Medellín,83 SANDUCHES EL JEFE,12 LAURELES,Rappi,5.0,196700.0,49.18
46360.0,7.Sunday,COL,Medellín,83 SANDUCHES EL JEFE,14 ENVIGADO,DiDi,1.0,25500.0,6.38
46360.0,7.Sunday,COL,Medellín,83 SANDUCHES EL JEFE,14 ENVIGADO,Rappi,2.0,95800.0,23.95
46360.0,7.Sunday,COL,Medellín,83 SANDUCHES EL JEFE,29 ITAGUI,Rappi,1.0,51800.0,12.95
46360.0,7.Sunday,COL,Medellín,84 CINNABON PASE,57 SANTAFE MED,DiDi,1.0,17000.0,4.25
46360.0,7.Sunday,COL,Medellín,84 CINNABON PASE,57 SANTAFE MED,FoodologyPOS,45.0,878400.0,219.6
46360.0,7.Sunday,COL,Medellín,84 CINNABON PASE,57 SANTAFE MED,Rappi,3.0,137400.0,34.35
46360.0,7.Sunday,COL,Medellín,84 CINNABON PASE,58 VIVA MED,FoodologyPOS,55.0,978100.0,244.53
46360.0,7.Sunday,COL,Medellín,84 CINNABON PASE,58 VIVA MED,Rappi,2.0,109300.0,27.33
46360.0,7.Sunday,COL,Medellín,86 FROST TURBO,11 MANILA,Rappi,4.0,110300.0,27.58
46360.0,7.Sunday,COL,Medellín,87 VICIO TURBO,11 MANILA,Rappi,3.0,111300.0,27.83
46360.0,7.Sunday,COL,Medellín,88 CINNABON TURBO,11 MANILA,Rappi,14.0,473800.0,118.45
46360.0,7.Sunday,COL,Medellín,88 CINNABON TURBO,12 LAURELES,Rappi,9.0,278400.0,69.6
46360.0,7.Sunday,COL,Medellín,90 AVOCALIA TURBO,11 MANILA,Rappi,34.0,1830900.0,457.73
46360.0,7.Sunday,COL,Medellín,90 AVOCALIA TURBO,12 LAURELES,Rappi,13.0,818200.0,204.55
46360.0,7.Sunday,COL,Medellín,92 BRUNCH&MUNCH TURB,11 MANILA,Rappi,17.0,1247400.0,311.85
46360.0,7.Sunday,COL,Medellín,92 BRUNCH&MUNCH TURB,12 LAURELES,Rappi,18.0,1192100.0,298.03
46360.0,7.Sunday,COL,Medellín,93 SAN JERONIMO TURB,11 MANILA,Rappi,5.0,184000.0,46.0
46360.0,7.Sunday,COL,Medellín,93 SAN JERONIMO TURB,12 LAURELES,Rappi,3.0,126500.0,31.63
46360.0,7.Sunday,COL,Pereira,01 AVOCALIA,28 PEREIRA,Rappi,12.0,530600.0,132.65
46360.0,7.Sunday,COL,Pereira,03 BRUNCH & MUNCH,28 PEREIRA,Rappi,9.0,595000.0,148.75
46360.0,7.Sunday,COL,Pereira,04 BURRITOS & CO,28 PEREIRA,Rappi,2.0,75600.0,18.9
46360.0,7.Sunday,COL,Pereira,07 LA CUADRA,28 PEREIRA,Rappi,19.0,1120800.0,280.2
46360.0,7.Sunday,COL,Pereira,110 MR BEAST BURGER,28 PEREIRA,Rappi,8.0,300600.0,75.15
46360.0,7.Sunday,COL,Pereira,113 QUE CHICKEN,28 PEREIRA,Rappi,1.0,15500.0,3.88
46360.0,7.Sunday,COL,Pereira,26 ALMUERZO DE LA CA,28 PEREIRA,Rappi,2.0,43800.0,10.95
46360.0,7.Sunday,COL,Pereira,27 DESAYUNO MI TIERR,28 PEREIRA,Rappi,1.0,89800.0,22.45
46360.0,7.Sunday,COL,Pereira,33 LA CUADRA DESAYUN,28 PEREIRA,Rappi,1.0,44300.0,11.08
46360.0,7.Sunday,COL,Pereira,359 GREEN HOUSE,28 PEREIRA,Rappi,5.0,197000.0,49.25
46360.0,7.Sunday,COL,Pereira,362 ÑAMGUCHERIA,28 PEREIRA,Rappi,13.0,710400.0,177.6
46360.0,7.Sunday,COL,Pereira,366 HOUSE OF SALADS,28 PEREIRA,Rappi,3.0,125700.0,31.43
46360.0,7.Sunday,COL,Pereira,373 HOUSE OF BURGERS,28 PEREIRA,Rappi,2.0,107600.0,26.9
46360.0,7.Sunday,COL,Pereira,380 BREAKFAST CLUB,28 PEREIRA,Rappi,2.0,138400.0,34.6
46360.0,7.Sunday,COL,Pereira,381 DESAYU LA ABUELA,28 PEREIRA,Rappi,19.0,1062800.0,265.7
46360.0,7.Sunday,COL,Pereira,386 LA CASA MEXICANA,28 PEREIRA,Rappi,3.0,158200.0,39.55
46360.0,7.Sunday,COL,Pereira,388 FOODHUB,28 PEREIRA,Rappi,1.0,27800.0,6.95
46360.0,7.Sunday,COL,Pereira,392 HONEST FOOD,28 PEREIRA,Rappi,2.0,72400.0,18.1
46360.0,7.Sunday,COL,Pereira,394 COCINA CONSCIENT,28 PEREIRA,Rappi,1.0,32900.0,8.23
46360.0,7.Sunday,COL,Pereira,448 DESAY COLOMBIANO,28 PEREIRA,Rappi,2.0,63700.0,15.93
46360.0,7.Sunday,COL,Pereira,58 ALBA VEGETARIAN,28 PEREIRA,Rappi,1.0,24900.0,6.23
46360.0,7.Sunday,COL,Pereira,59 DEMBOW,28 PEREIRA,Rappi,2.0,136500.0,34.13
46360.0,7.Sunday,COL,Pereira,66 MAÑANERO DIARIO,28 PEREIRA,Rappi,1.0,19900.0,4.98
46360.0,7.Sunday,COL,Pereira,70 BURRITO CANTINA,28 PEREIRA,Rappi,1.0,60900.0,15.23
46360.0,7.Sunday,COL,Pereira,72 VICIO,28 PEREIRA,Rappi,1.0,49500.0,12.38
46360.0,7.Sunday,COL,Pereira,73 ACPM CORRIENTAZO,28 PEREIRA,Rappi,1.0,24300.0,6.08
46360.0,7.Sunday,COL,Pereira,82 CINNABON,28 PEREIRA,Rappi,3.0,79800.0,19.95
46360.0,7.Sunday,COL,Pereira,83 SANDUCHES EL JEFE,28 PEREIRA,Rappi,1.0,46000.0,11.5
19/04/2026,7.Sunday,COL,Barranquilla,01 AVOCALIA,32 BARRANQUILLA,DiDi,1.0,28900.0,7.23
19/04/2026,7.Sunday,COL,Barranquilla,01 AVOCALIA,32 BARRANQUILLA,Rappi,32.0,1552300.0,388.08
19/04/2026,7.Sunday,COL,Barranquilla,02 BOTTANIKO,32 BARRANQUILLA,Rappi,2.0,86700.0,21.68
19/04/2026,7.Sunday,COL,Barranquilla,03 BRUNCH & MUNCH,32 BARRANQUILLA,DiDi,2.0,64600.0,16.15
19/04/2026,7.Sunday,COL,Barranquilla,03 BRUNCH & MUNCH,32 BARRANQUILLA,Rappi,21.0,1345600.0,336.4
19/04/2026,7.Sunday,COL,Barranquilla,03 BRUNCH & MUNCH,34 BAQ SUR,Rappi,0.0,0.0,0.0
19/04/2026,7.Sunday,COL,Barranquilla,04 BURRITOS & CO,32 BARRANQUILLA,DiDi,5.0,210400.0,52.6
19/04/2026,7.Sunday,COL,Barranquilla,04 BURRITOS & CO,32 BARRANQUILLA,Rappi,14.0,437900.0,109.48
19/04/2026,7.Sunday,COL,Barranquilla,07 LA CUADRA,32 BARRANQUILLA,DiDi,16.0,942300.0,235.58
19/04/2026,7.Sunday,COL,Barranquilla,07 LA CUADRA,32 BARRANQUILLA,Rappi,24.0,1373800.0,343.45
19/04/2026,7.Sunday,COL,Barranquilla,110 MR BEAST BURGER,32 BARRANQUILLA,DiDi,24.0,1141700.0,285.43
19/04/2026,7.Sunday,COL,Barranquilla,110 MR BEAST BURGER,32 BARRANQUILLA,Rappi,13.0,590600.0,147.65
19/04/2026,7.Sunday,COL,Barranquilla,1118 DEMBOW TUR,32 BARRANQUILLA,Rappi,1.0,9900.0,2.48
19/04/2026,7.Sunday,COL,Barranquilla,117 LA PANQUEQUERIA,32 BARRANQUILLA,Rappi,6.0,295700.0,73.93
19/04/2026,7.Sunday,COL,Barranquilla,26 ALMUERZO DE LA CA,32 BARRANQUILLA,DiDi,4.0,87600.0,21.9
19/04/2026,7.Sunday,COL,Barranquilla,26 ALMUERZO DE LA CA,32 BARRANQUILLA,Rappi,2.0,114200.0,28.55
19/04/2026,7.Sunday,COL,Barranquilla,29 SEÑOR BURRITO,32 BARRANQUILLA,Rappi,1.0,28900.0,7.23
19/04/2026,7.Sunday,COL,Barranquilla,33 LA CUADRA DESAYUN,32 BARRANQUILLA,Rappi,1.0,38200.0,9.55
19/04/2026,7.Sunday,COL,Barranquilla,352 BURRITOS & CO TU,32 BARRANQUILLA,Rappi,20.0,855000.0,213.75
19/04/2026,7.Sunday,COL,Barranquilla,353 LA CUADRA TURBO,32 BARRANQUILLA,Rappi,3.0,245200.0,61.3
19/04/2026,7.Sunday,COL,Barranquilla,359 GREEN HOUSE,32 BARRANQUILLA,DiDi,12.0,409400.0,102.35
19/04/2026,7.Sunday,COL,Barranquilla,359 GREEN HOUSE,32 BARRANQUILLA,Rappi,38.0,1505800.0,376.45
19/04/2026,7.Sunday,COL,Barranquilla,362 ÑAMGUCHERIA,32 BARRANQUILLA,DiDi,1.0,41500.0,10.38
19/04/2026,7.Sunday,COL,Barranquilla,362 ÑAMGUCHERIA,32 BARRANQUILLA,Rappi,9.0,391600.0,97.9
19/04/2026,7.Sunday,COL,Barranquilla,366 HOUSE OF SALADS,32 BARRANQUILLA,DiDi,1.0,25900.0,6.48
19/04/2026,7.Sunday,COL,Barranquilla,366 HOUSE OF SALADS,32 BARRANQUILLA,Rappi,2.0,81400.0,20.35
19/04/2026,7.Sunday,COL,Barranquilla,370 MONTEVERDE,32 BARRANQUILLA,DiDi,1.0,59900.0,14.98
19/04/2026,7.Sunday,COL,Barranquilla,370 MONTEVERDE,32 BARRANQUILLA,Rappi,3.0,144000.0,36.0
19/04/2026,7.Sunday,COL,Barranquilla,380 BREAKFAST CLUB,32 BARRANQUILLA,Rappi,19.0,1046400.0,261.6
19/04/2026,7.Sunday,COL,Barranquilla,381 DESAYU LA ABUELA,32 BARRANQUILLA,DiDi,3.0,104200.0,26.05
19/04/2026,7.Sunday,COL,Barranquilla,381 DESAYU LA ABUELA,32 BARRANQUILLA,Rappi,41.0,2838200.0,709.55
19/04/2026,7.Sunday,COL,Barranquilla,386 LA CASA MEXICANA,32 BARRANQUILLA,DiDi,1.0,54700.0,13.68
19/04/2026,7.Sunday,COL,Barranquilla,386 LA CASA MEXICANA,32 BARRANQUILLA,Rappi,1.0,57700.0,14.43
19/04/2026,7.Sunday,COL,Barranquilla,387 THE EGG SPOT,32 BARRANQUILLA,Rappi,3.0,124700.0,31.18
19/04/2026,7.Sunday,COL,Barranquilla,388 FOODHUB,32 BARRANQUILLA,Rappi,1.0,107400.0,26.85
19/04/2026,7.Sunday,COL,Barranquilla,392 HONEST FOOD,32 BARRANQUILLA,DiDi,1.0,79800.0,19.95
19/04/2026,7.Sunday,COL,Barranquilla,392 HONEST FOOD,32 BARRANQUILLA,Rappi,5.0,230700.0,57.68
19/04/2026,7.Sunday,COL,Barranquilla,392 MONTEVERDE TURB,32 BARRANQUILLA,Rappi,1.0,41800.0,10.45
19/04/2026,7.Sunday,COL,Barranquilla,394 COCINA CONSCIENT,32 BARRANQUILLA,Rappi,1.0,65400.0,16.35
19/04/2026,7.Sunday,COL,Barranquilla,397 CACEROLA - TURBO,32 BARRANQUILLA,Rappi,6.0,388400.0,97.1
19/04/2026,7.Sunday,COL,Barranquilla,402 EJECUT TRAD TURBO,32 BARRANQUILLA,Rappi,1.0,20900.0,5.23
19/04/2026,7.Sunday,COL,Barranquilla,403 HONEST FOOD TURBO,32 BARRANQUILLA,Rappi,1.0,46400.0,11.6
19/04/2026,7.Sunday,COL,Barranquilla,405 BREAKFACLUB TURBO,32 BARRANQUILLA,Rappi,1.0,36800.0,9.2
19/04/2026,7.Sunday,COL,Barranquilla,413 HOUSE SALAD TURB,32 BARRANQUILLA,Rappi,2.0,72300.0,18.08
19/04/2026,7.Sunday,COL,Barranquilla,420 DESGRANADOS & CO,32 BARRANQUILLA,Rappi,1.0,53900.0,13.48
19/04/2026,7.Sunday,COL,Barranquilla,421 ACPM CORRI TURBO,32 BARRANQUILLA,Rappi,2.0,47800.0,11.95
19/04/2026,7.Sunday,COL,Barranquilla,429 SEÑOR BURRI TURB,32 BARRANQUILLA,Rappi,2.0,74200.0,18.55
19/04/2026,7.Sunday,COL,Barranquilla,431 DESGRA & CO TURB,32 BARRANQUILLA,Rappi,2.0,86400.0,21.6
19/04/2026,7.Sunday,COL,Barranquilla,448 DESAY COLOMBIANO,32 BARRANQUILLA,Rappi,9.0,347400.0,86.85
19/04/2026,7.Sunday,COL,Barranquilla,54 FOODOLOGY,32 BARRANQUILLA,Rappi,2.0,54400.0,13.6
19/04/2026,7.Sunday,COL,Barranquilla,57 PRET SANDWICH BIS,32 BARRANQUILLA,Rappi,3.0,113200.0,28.3
19/04/2026,7.Sunday,COL,Barranquilla,58 ALBA VEGETARIAN,32 BARRANQUILLA,Rappi,2.0,54200.0,13.55
19/04/2026,7.Sunday,COL,Barranquilla,70 BURRITO CANTINA,32 BARRANQUILLA,Rappi,1.0,36300.0,9.08
19/04/2026,7.Sunday,COL,Barranquilla,73 ACPM CORRIENTAZO,32 BARRANQUILLA,Rappi,1.0,23900.0,5.98
19/04/2026,7.Sunday,COL,Barranquilla,82 CINNABON,32 BARRANQUILLA,DiDi,1.0,16500.0,4.13
19/04/2026,7.Sunday,COL,Barranquilla,82 CINNABON,32 BARRANQUILLA,Rappi,19.0,658100.0,164.53
19/04/2026,7.Sunday,COL,Barranquilla,83 SANDUCHES EL JEFE,32 BARRANQUILLA,DiDi,2.0,130900.0,32.73
19/04/2026,7.Sunday,COL,Barranquilla,83 SANDUCHES EL JEFE,32 BARRANQUILLA,Rappi,1.0,37800.0,9.45
19/04/2026,7.Sunday,COL,Barranquilla,86 FROST TURBO,32 BARRANQUILLA,Rappi,2.0,49600.0,12.4
19/04/2026,7.Sunday,COL,Barranquilla,87 VICIO TURBO,32 BARRANQUILLA,Rappi,1.0,49500.0,12.38
19/04/2026,7.Sunday,COL,Barranquilla,88 CINNABON TURBO,32 BARRANQUILLA,Rappi,7.0,257900.0,64.48
19/04/2026,7.Sunday,COL,Barranquilla,93 SAN JERONIMO TURB,32 BARRANQUILLA,Rappi,5.0,195500.0,48.88
19/04/2026,7.Sunday,COL,Bogotá,01 AVOCALIA,01 USAQUEN,Rappi,12.0,724600.0,181.15
19/04/2026,7.Sunday,COL,Bogotá,01 AVOCALIA,02 PARQUE 93,DiDi,1.0,33500.0,8.38
19/04/2026,7.Sunday,COL,Bogotá,01 AVOCALIA,02 PARQUE 93,Rappi,26.0,1480400.0,370.1
19/04/2026,7.Sunday,COL,Bogotá,01 AVOCALIA,03 CHAPINERO,Rappi,19.0,988700.0,247.18
19/04/2026,7.Sunday,COL,Bogotá,01 AVOCALIA,06 COLINA,Rappi,12.0,548200.0,137.05
19/04/2026,7.Sunday,COL,Bogotá,01 AVOCALIA,08 ANDES,DiDi,2.0,66400.0,16.6
19/04/2026,7.Sunday,COL,Bogotá,01 AVOCALIA,08 ANDES,Rappi,9.0,480300.0,120.08
19/04/2026,7.Sunday,COL,Bogotá,01 AVOCALIA,13 CHIA,FoodologyPOS,2.0,132800.0,33.2
19/04/2026,7.Sunday,COL,Bogotá,01 AVOCALIA,13 CHIA,Rappi,12.0,726500.0,181.63
19/04/2026,7.Sunday,COL,Bogotá,01 AVOCALIA,15 ENGATIVA,Rappi,7.0,481500.0,120.38
19/04/2026,7.Sunday,COL,Bogotá,01 AVOCALIA,36 VILLA DEL PRADO,DiDi,1.0,73000.0,18.25
19/04/2026,7.Sunday,COL,Bogotá,01 AVOCALIA,36 VILLA DEL PRADO,Rappi,10.0,755600.0,188.9
19/04/2026,7.Sunday,COL,Bogotá,01 AVOCALIA,38 KENNEDY,DiDi,1.0,131300.0,32.83
19/04/2026,7.Sunday,COL,Bogotá,01 AVOCALIA,38 KENNEDY,Rappi,1.0,75000.0,18.75
19/04/2026,7.Sunday,COL,Bogotá,01 AVOCALIA,45 VERAGUAS,Rappi,4.0,205600.0,51.4
19/04/2026,7.Sunday,COL,Bogotá,01 AVOCALIA,50 CHICO,FoodologyPOS,15.0,713000.0,178.25
19/04/2026,7.Sunday,COL,Bogotá,01 AVOCALIA,50 CHICO,Rappi,2.0,95000.0,23.75
19/04/2026,7.Sunday,COL,Bogotá,01 AVOCALIA,65 CALLE 109,FoodologyPOS,14.0,998802.0,249.7
19/04/2026,7.Sunday,COL,Bogotá,01 AVOCALIA,65 CALLE 109,Rappi,22.0,1139900.0,284.98
19/04/2026,7.Sunday,COL,Bogotá,02 BOTTANIKO,03 CHAPINERO,DiDi,1.0,44300.0,11.08
19/04/2026,7.Sunday,COL,Bogotá,02 BOTTANIKO,06 COLINA,DiDi,1.0,43500.0,10.88
19/04/2026,7.Sunday,COL,Bogotá,02 BOTTANIKO,08 ANDES,Rappi,1.0,48300.0,12.08
19/04/2026,7.Sunday,COL,Bogotá,02 BOTTANIKO,45 VERAGUAS,DiDi,1.0,84200.0,21.05
19/04/2026,7.Sunday,COL,Bogotá,03 BRUNCH & MUNCH,01 USAQUEN,DiDi,2.0,65200.0,16.3
19/04/2026,7.Sunday,COL,Bogotá,03 BRUNCH & MUNCH,01 USAQUEN,Rappi,27.0,1650200.0,412.55
19/04/2026,7.Sunday,COL,Bogotá,03 BRUNCH & MUNCH,02 PARQUE 93,DiDi,1.0,44800.0,11.2
19/04/2026,7.Sunday,COL,Bogotá,03 BRUNCH & MUNCH,02 PARQUE 93,Rappi,18.0,1080800.0,270.2
19/04/2026,7.Sunday,COL,Bogotá,03 BRUNCH & MUNCH,03 CHAPINERO,DiDi,2.0,103600.0,25.9
19/04/2026,7.Sunday,COL,Bogotá,03 BRUNCH & MUNCH,03 CHAPINERO,Rappi,29.0,2396700.0,599.18
19/04/2026,7.Sunday,COL,Bogotá,03 BRUNCH & MUNCH,06 COLINA,Rappi,16.0,1048700.0,262.18
19/04/2026,7.Sunday,COL,Bogotá,03 BRUNCH & MUNCH,08 ANDES,Rappi,9.0,597000.0,149.25
19/04/2026,7.Sunday,COL,Bogotá,03 BRUNCH & MUNCH,13 CHIA,DiDi,1.0,25900.0,6.48
19/04/2026,7.Sunday,COL,Bogotá,03 BRUNCH & MUNCH,13 CHIA,Rappi,11.0,864500.0,216.13
19/04/2026,7.Sunday,COL,Bogotá,03 BRUNCH & MUNCH,15 ENGATIVA,Rappi,16.0,1387900.0,346.98
19/04/2026,7.Sunday,COL,Bogotá,03 BRUNCH & MUNCH,16 SUBA,Rappi,0.0,0.0,0.0
19/04/2026,7.Sunday,COL,Bogotá,03 BRUNCH & MUNCH,35 FONTIBON,Rappi,0.0,0.0,0.0
19/04/2026,7.Sunday,COL,Bogotá,03 BRUNCH & MUNCH,36 VILLA DEL PRADO,Rappi,10.0,826800.0,206.7
19/04/2026,7.Sunday,COL,Bogotá,03 BRUNCH & MUNCH,38 KENNEDY,DiDi,2.0,140000.0,35.0
19/04/2026,7.Sunday,COL,Bogotá,03 BRUNCH & MUNCH,38 KENNEDY,Rappi,13.0,712100.0,178.03
19/04/2026,7.Sunday,COL,Bogotá,03 BRUNCH & MUNCH,45 VERAGUAS,DiDi,2.0,71600.0,17.9
19/04/2026,7.Sunday,COL,Bogotá,03 BRUNCH & MUNCH,45 VERAGUAS,Rappi,3.0,212000.0,53.0
19/04/2026,7.Sunday,COL,Bogotá,03 BRUNCH & MUNCH,50 CHICO,Rappi,10.0,848900.0,212.23
19/04/2026,7.Sunday,COL,Bogotá,03 BRUNCH & MUNCH,65 CALLE 109,Rappi,11.0,663100.0,165.78
19/04/2026,7.Sunday,COL,Bogotá,04 BURRITOS & CO,01 USAQUEN,DiDi,6.0,508900.0,127.23
19/04/2026,7.Sunday,COL,Bogotá,04 BURRITOS & CO,01 USAQUEN,Rappi,13.0,724400.0,181.1
19/04/2026,7.Sunday,COL,Bogotá,04 BURRITOS & CO,02 PARQUE 93,DiDi,4.0,358800.0,89.7
19/04/2026,7.Sunday,COL,Bogotá,04 BURRITOS & CO,02 PARQUE 93,Rappi,12.0,809100.0,202.28
19/04/2026,7.Sunday,COL,Bogotá,04 BURRITOS & CO,03 CHAPINERO,DiDi,5.0,236900.0,59.23
19/04/2026,7.Sunday,COL,Bogotá,04 BURRITOS & CO,03 CHAPINERO,Rappi,16.0,867600.0,216.9
19/04/2026,7.Sunday,COL,Bogotá,04 BURRITOS & CO,06 COLINA,DiDi,7.0,344100.0,86.03
19/04/2026,7.Sunday,COL,Bogotá,04 BURRITOS & CO,06 COLINA,Rappi,5.0,232300.0,58.08
19/04/2026,7.Sunday,COL,Bogotá,04 BURRITOS & CO,08 ANDES,DiDi,8.0,476600.0,119.15
19/04/2026,7.Sunday,COL,Bogotá,04 BURRITOS & CO,08 ANDES,Rappi,9.0,605200.0,151.3
19/04/2026,7.Sunday,COL,Bogotá,04 BURRITOS & CO,13 CHIA,DiDi,4.0,331500.0,82.88
19/04/2026,7.Sunday,COL,Bogotá,04 BURRITOS & CO,13 CHIA,Rappi,6.0,468200.0,117.05
19/04/2026,7.Sunday,COL,Bogotá,04 BURRITOS & CO,15 ENGATIVA,DiDi,4.0,276400.0,69.1
19/04/2026,7.Sunday,COL,Bogotá,04 BURRITOS & CO,15 ENGATIVA,Rappi,12.0,561300.0,140.33
19/04/2026,7.Sunday,COL,Bogotá,04 BURRITOS & CO,36 VILLA DEL PRADO,DiDi,4.0,303600.0,75.9
19/04/2026,7.Sunday,COL,Bogotá,04 BURRITOS & CO,36 VILLA DEL PRADO,Rappi,7.0,600900.0,150.23
19/04/2026,7.Sunday,COL,Bogotá,04 BURRITOS & CO,38 KENNEDY,DiDi,5.0,343100.0,85.78
19/04/2026,7.Sunday,COL,Bogotá,04 BURRITOS & CO,38 KENNEDY,Rappi,3.0,218600.0,54.65
19/04/2026,7.Sunday,COL,Bogotá,04 BURRITOS & CO,45 VERAGUAS,DiDi,8.0,639600.0,159.9
19/04/2026,7.Sunday,COL,Bogotá,04 BURRITOS & CO,45 VERAGUAS,Rappi,6.0,434900.0,108.73
19/04/2026,7.Sunday,COL,Bogotá,05 CACEROLA,02 PARQUE 93,DiDi,1.0,212800.0,53.2
19/04/2026,7.Sunday,COL,Bogotá,05 CACEROLA,45 VERAGUAS,DiDi,1.0,122600.0,30.65
19/04/2026,7.Sunday,COL,Bogotá,07 LA CUADRA,01 USAQUEN,DiDi,2.0,113000.0,28.25
19/04/2026,7.Sunday,COL,Bogotá,07 LA CUADRA,01 USAQUEN,Rappi,3.0,166200.0,41.55
19/04/2026,7.Sunday,COL,Bogotá,07 LA CUADRA,02 PARQUE 93,DiDi,6.0,314900.0,78.73
19/04/2026,7.Sunday,COL,Bogotá,07 LA CUADRA,02 PARQUE 93,Rappi,17.0,1024500.0,256.13
19/04/2026,7.Sunday,COL,Bogotá,07 LA CUADRA,03 CHAPINERO,DiDi,11.0,644600.0,161.15
19/04/2026,7.Sunday,COL,Bogotá,07 LA CUADRA,03 CHAPINERO,Rappi,11.0,597500.0,149.38
19/04/2026,7.Sunday,COL,Bogotá,07 LA CUADRA,06 COLINA,DiDi,6.0,319900.0,79.98
19/04/2026,7.Sunday,COL,Bogotá,07 LA CUADRA,06 COLINA,Rappi,1.0,26900.0,6.73
19/04/2026,7.Sunday,COL,Bogotá,07 LA CUADRA,08 ANDES,DiDi,4.0,217400.0,54.35
19/04/2026,7.Sunday,COL,Bogotá,07 LA CUADRA,08 ANDES,Rappi,8.0,379700.0,94.93
19/04/2026,7.Sunday,COL,Bogotá,07 LA CUADRA,13 CHIA,DiDi,6.0,353300.0,88.33
19/04/2026,7.Sunday,COL,Bogotá,07 LA CUADRA,13 CHIA,Rappi,5.0,415700.0,103.93
19/04/2026,7.Sunday,COL,Bogotá,07 LA CUADRA,15 ENGATIVA,DiDi,2.0,118500.0,29.63
19/04/2026,7.Sunday,COL,Bogotá,07 LA CUADRA,15 ENGATIVA,Rappi,6.0,512100.0,128.03
19/04/2026,7.Sunday,COL,Bogotá,07 LA CUADRA,36 VILLA DEL PRADO,DiDi,5.0,205300.0,51.33
19/04/2026,7.Sunday,COL,Bogotá,07 LA CUADRA,36 VILLA DEL PRADO,Rappi,6.0,494700.0,123.68
19/04/2026,7.Sunday,COL,Bogotá,07 LA CUADRA,38 KENNEDY,DiDi,1.0,41500.0,10.38
19/04/2026,7.Sunday,COL,Bogotá,07 LA CUADRA,38 KENNEDY,Rappi,2.0,86800.0,21.7
19/04/2026,7.Sunday,COL,Bogotá,07 LA CUADRA,45 VERAGUAS,DiDi,3.0,189000.0,47.25
19/04/2026,7.Sunday,COL,Bogotá,07 LA CUADRA,45 VERAGUAS,Rappi,1.0,75900.0,18.98
19/04/2026,7.Sunday,COL,Bogotá,07 LA CUADRA,65 CALLE 109,DiDi,6.0,313800.0,78.45
19/04/2026,7.Sunday,COL,Bogotá,07 LA CUADRA,65 CALLE 109,Rappi,5.0,287800.0,71.95
19/04/2026,7.Sunday,COL,Bogotá,110 MR BEAST BURGER,01 USAQUEN,DiDi,21.0,934800.0,233.7
19/04/2026,7.Sunday,COL,Bogotá,110 MR BEAST BURGER,01 USAQUEN,Rappi,6.0,530900.0,132.73
19/04/2026,7.Sunday,COL,Bogotá,110 MR BEAST BURGER,02 PARQUE 93,DiDi,45.0,2219900.0,554.98
19/04/2026,7.Sunday,COL,Bogotá,110 MR BEAST BURGER,02 PARQUE 93,Rappi,6.0,305600.0,76.4
19/04/2026,7.Sunday,COL,Bogotá,110 MR BEAST BURGER,03 CHAPINERO,DiDi,50.0,2709700.0,677.43
19/04/2026,7.Sunday,COL,Bogotá,110 MR BEAST BURGER,03 CHAPINERO,Rappi,14.0,734300.0,183.58
19/04/2026,7.Sunday,COL,Bogotá,110 MR BEAST BURGER,06 COLINA,DiDi,28.0,1703500.0,425.88
19/04/2026,7.Sunday,COL,Bogotá,110 MR BEAST BURGER,06 COLINA,Rappi,7.0,440800.0,110.2
19/04/2026,7.Sunday,COL,Bogotá,110 MR BEAST BURGER,08 ANDES,DiDi,31.0,1718400.0,429.6
19/04/2026,7.Sunday,COL,Bogotá,110 MR BEAST BURGER,08 ANDES,Rappi,4.0,263900.0,65.98
19/04/2026,7.Sunday,COL,Bogotá,110 MR BEAST BURGER,13 CHIA,DiDi,38.0,2080200.0,520.05
19/04/2026,7.Sunday,COL,Bogotá,110 MR BEAST BURGER,13 CHIA,Rappi,5.0,258200.0,64.55
19/04/2026,7.Sunday,COL,Bogotá,110 MR BEAST BURGER,15 ENGATIVA,DiDi,27.0,1542800.0,385.7
19/04/2026,7.Sunday,COL,Bogotá,110 MR BEAST BURGER,15 ENGATIVA,Rappi,5.0,340400.0,85.1
19/04/2026,7.Sunday,COL,Bogotá,110 MR BEAST BURGER,36 VILLA DEL PRADO,DiDi,30.0,1605100.0,401.28
19/04/2026,7.Sunday,COL,Bogotá,110 MR BEAST BURGER,36 VILLA DEL PRADO,Rappi,5.0,440100.0,110.03
19/04/2026,7.Sunday,COL,Bogotá,110 MR BEAST BURGER,38 KENNEDY,DiDi,41.0,2269200.0,567.3
19/04/2026,7.Sunday,COL,Bogotá,110 MR BEAST BURGER,38 KENNEDY,Rappi,2.0,120300.0,30.08
19/04/2026,7.Sunday,COL,Bogotá,110 MR BEAST BURGER,45 VERAGUAS,DiDi,20.0,1075700.0,268.93
19/04/2026,7.Sunday,COL,Bogotá,110 MR BEAST BURGER,45 VERAGUAS,Rappi,4.0,364300.0,91.08
19/04/2026,7.Sunday,COL,Bogotá,110 MR BEAST BURGER,65 CALLE 109,DiDi,11.0,510400.0,127.6
19/04/2026,7.Sunday,COL,Bogotá,110 MR BEAST BURGER,65 CALLE 109,Rappi,8.0,558500.0,139.63
19/04/2026,7.Sunday,COL,Bogotá,1117 ALMZ LA CASA TU,01 USAQUEN,Rappi,1.0,31400.0,7.85
19/04/2026,7.Sunday,COL,Bogotá,1117 ALMZ LA CASA TU,02 PARQUE 93,Rappi,4.0,175100.0,43.78
19/04/2026,7.Sunday,COL,Bogotá,1117 ALMZ LA CASA TU,03 CHAPINERO,Rappi,1.0,63000.0,15.75
19/04/2026,7.Sunday,COL,Bogotá,1117 ALMZ LA CASA TU,06 COLINA,Rappi,1.0,46400.0,11.6
19/04/2026,7.Sunday,COL,Bogotá,1118 DEMBOW TUR,01 USAQUEN,Rappi,2.0,88900.0,22.23
19/04/2026,7.Sunday,COL,Bogotá,1118 DEMBOW TUR,02 PARQUE 93,Rappi,1.0,55900.0,13.98
19/04/2026,7.Sunday,COL,Bogotá,1118 DEMBOW TUR,06 COLINA,Rappi,3.0,266400.0,66.6
19/04/2026,7.Sunday,COL,Bogotá,1118 DEMBOW TUR,65 CALLE 109,Rappi,1.0,37500.0,9.38
19/04/2026,7.Sunday,COL,Bogotá,1120 FOODOLOGY TUR,01 USAQUEN,Rappi,1.0,24900.0,6.23
19/04/2026,7.Sunday,COL,Bogotá,1120 FOODOLOGY TUR,08 ANDES,Rappi,1.0,82300.0,20.58
19/04/2026,7.Sunday,COL,Bogotá,1120 FOODOLOGY TUR,65 CALLE 109,Rappi,1.0,32600.0,8.15
19/04/2026,7.Sunday,COL,Bogotá,113 QUE CHICKEN,01 USAQUEN,Rappi,2.0,192900.0,48.23
19/04/2026,7.Sunday,COL,Bogotá,113 QUE CHICKEN,02 PARQUE 93,Rappi,1.0,43900.0,10.98
19/04/2026,7.Sunday,COL,Bogotá,113 QUE CHICKEN,36 VILLA DEL PRADO,Rappi,1.0,139200.0,34.8
19/04/2026,7.Sunday,COL,Bogotá,114 MR BEAST TURBO,08 ANDES,Rappi,17.0,939400.0,234.85
19/04/2026,7.Sunday,COL,Bogotá,114 MR BEAST TURBO,36 VILLA DEL PRADO,Rappi,1.0,25900.0,6.48
19/04/2026,7.Sunday,COL,Bogotá,114 MR BEAST TURBO,38 KENNEDY,Rappi,16.0,888800.0,222.2
19/04/2026,7.Sunday,COL,Bogotá,114 MR BEAST TURBO,65 CALLE 109,Rappi,2.0,220900.0,55.23
19/04/2026,7.Sunday,COL,Bogotá,116 AVOCALIA DESAYUN,50 CHICO,Rappi,2.0,110200.0,27.55
19/04/2026,7.Sunday,COL,Bogotá,117 LA PANQUEQUERIA,01 USAQUEN,DiDi,1.0,51600.0,12.9
19/04/2026,7.Sunday,COL,Bogotá,117 LA PANQUEQUERIA,01 USAQUEN,Rappi,1.0,23800.0,5.95
19/04/2026,7.Sunday,COL,Bogotá,117 LA PANQUEQUERIA,02 PARQUE 93,Rappi,1.0,52300.0,13.08
19/04/2026,7.Sunday,COL,Bogotá,117 LA PANQUEQUERIA,03 CHAPINERO,Rappi,1.0,85700.0,21.43
19/04/2026,7.Sunday,COL,Bogotá,117 LA PANQUEQUERIA,06 COLINA,Rappi,1.0,58400.0,14.6
19/04/2026,7.Sunday,COL,Bogotá,117 LA PANQUEQUERIA,08 ANDES,Rappi,2.0,73900.0,18.48
19/04/2026,7.Sunday,COL,Bogotá,117 LA PANQUEQUERIA,36 VILLA DEL PRADO,Rappi,1.0,134200.0,33.55
19/04/2026,7.Sunday,COL,Bogotá,117 LA PANQUEQUERIA,38 KENNEDY,Rappi,2.0,82600.0,20.65
19/04/2026,7.Sunday,COL,Bogotá,117 LA PANQUEQUERIA,45 VERAGUAS,Rappi,1.0,77500.0,19.38
19/04/2026,7.Sunday,COL,Bogotá,117 LA PANQUEQUERIA,50 CHICO,Rappi,3.0,171500.0,42.88
19/04/2026,7.Sunday,COL,Bogotá,14 BURGER LANE,01 USAQUEN,DiDi,2.0,93300.0,23.33
19/04/2026,7.Sunday,COL,Bogotá,14 BURGER LANE,08 ANDES,DiDi,1.0,39900.0,9.98
19/04/2026,7.Sunday,COL,Bogotá,205 FROST,13 CHIA,Rappi,1.0,77400.0,19.35
19/04/2026,7.Sunday,COL,Bogotá,205 FROST,38 KENNEDY,DiDi,1.0,46900.0,11.73
19/04/2026,7.Sunday,COL,Bogotá,205 FROST,38 KENNEDY,Rappi,1.0,62500.0,15.63
19/04/2026,7.Sunday,COL,Bogotá,205 FROST,45 VERAGUAS,DiDi,1.0,12900.0,3.23
19/04/2026,7.Sunday,COL,Bogotá,26 ALMUERZO DE LA CA,01 USAQUEN,DiDi,2.0,44400.0,11.1
19/04/2026,7.Sunday,COL,Bogotá,26 ALMUERZO DE LA CA,02 PARQUE 93,DiDi,4.0,116000.0,29.0
19/04/2026,7.Sunday,COL,Bogotá,26 ALMUERZO DE LA CA,03 CHAPINERO,DiDi,5.0,154700.0,38.68
19/04/2026,7.Sunday,COL,Bogotá,26 ALMUERZO DE LA CA,03 CHAPINERO,Rappi,1.0,31800.0,7.95
19/04/2026,7.Sunday,COL,Bogotá,26 ALMUERZO DE LA CA,06 COLINA,DiDi,3.0,87600.0,21.9
19/04/2026,7.Sunday,COL,Bogotá,26 ALMUERZO DE LA CA,08 ANDES,DiDi,7.0,186000.0,46.5
19/04/2026,7.Sunday,COL,Bogotá,26 ALMUERZO DE LA CA,13 CHIA,DiDi,4.0,95500.0,23.88
19/04/2026,7.Sunday,COL,Bogotá,26 ALMUERZO DE LA CA,15 ENGATIVA,DiDi,1.0,22500.0,5.63
19/04/2026,7.Sunday,COL,Bogotá,26 ALMUERZO DE LA CA,36 VILLA DEL PRADO,DiDi,4.0,156000.0,39.0
19/04/2026,7.Sunday,COL,Bogotá,26 ALMUERZO DE LA CA,45 VERAGUAS,DiDi,2.0,133200.0,33.3
19/04/2026,7.Sunday,COL,Bogotá,26 ALMUERZO DE LA CA,65 CALLE 109,DiDi,2.0,45800.0,11.45
19/04/2026,7.Sunday,COL,Bogotá,27 DESAYUNO MI TIERR,02 PARQUE 93,DiDi,1.0,72100.0,18.03
19/04/2026,7.Sunday,COL,Bogotá,27 DESAYUNO MI TIERR,13 CHIA,Rappi,1.0,37900.0,9.48
19/04/2026,7.Sunday,COL,Bogotá,27 DESAYUNO MI TIERR,15 ENGATIVA,DiDi,1.0,72700.0,18.18
19/04/2026,7.Sunday,COL,Bogotá,27 DESAYUNO MI TIERR,36 VILLA DEL PRADO,DiDi,1.0,39800.0,9.95
19/04/2026,7.Sunday,COL,Bogotá,27 DESAYUNO MI TIERR,45 VERAGUAS,DiDi,2.0,80400.0,20.1
19/04/2026,7.Sunday,COL,Bogotá,27 DESAYUNO MI TIERR,65 CALLE 109,Rappi,1.0,17900.0,4.48
19/04/2026,7.Sunday,COL,Bogotá,29 SEÑOR BURRITO,01 USAQUEN,DiDi,1.0,65700.0,16.43
19/04/2026,7.Sunday,COL,Bogotá,29 SEÑOR BURRITO,01 USAQUEN,Rappi,1.0,22500.0,5.63
19/04/2026,7.Sunday,COL,Bogotá,29 SEÑOR BURRITO,06 COLINA,Rappi,1.0,14900.0,3.73
19/04/2026,7.Sunday,COL,Bogotá,29 SEÑOR BURRITO,08 ANDES,DiDi,1.0,61900.0,15.48
19/04/2026,7.Sunday,COL,Bogotá,29 SEÑOR BURRITO,36 VILLA DEL PRADO,DiDi,1.0,85800.0,21.45
19/04/2026,7.Sunday,COL,Bogotá,29 SEÑOR BURRITO,38 KENNEDY,DiDi,2.0,76700.0,19.18
19/04/2026,7.Sunday,COL,Bogotá,29 SEÑOR BURRITO,65 CALLE 109,Rappi,1.0,20500.0,5.13
19/04/2026,7.Sunday,COL,Bogotá,35 BRUNCH CLUB,01 USAQUEN,DiDi,3.0,160300.0,40.08
19/04/2026,7.Sunday,COL,Bogotá,35 BRUNCH CLUB,02 PARQUE 93,DiDi,1.0,119800.0,29.95
19/04/2026,7.Sunday,COL,Bogotá,35 BRUNCH CLUB,03 CHAPINERO,DiDi,3.0,81900.0,20.48
19/04/2026,7.Sunday,COL,Bogotá,35 BRUNCH CLUB,08 ANDES,DiDi,3.0,97000.0,24.25
19/04/2026,7.Sunday,COL,Bogotá,35 BRUNCH CLUB,13 CHIA,DiDi,1.0,66600.0,16.65
19/04/2026,7.Sunday,COL,Bogotá,35 BRUNCH CLUB,15 ENGATIVA,DiDi,1.0,25800.0,6.45
19/04/2026,7.Sunday,COL,Bogotá,35 BRUNCH CLUB,36 VILLA DEL PRADO,DiDi,3.0,82400.0,20.6
19/04/2026,7.Sunday,COL,Bogotá,35 BRUNCH CLUB,38 KENNEDY,DiDi,1.0,29800.0,7.45
19/04/2026,7.Sunday,COL,Bogotá,35 BRUNCH CLUB,45 VERAGUAS,DiDi,1.0,45800.0,11.45
19/04/2026,7.Sunday,COL,Bogotá,351 LA FOLIE,06 COLINA,Rappi,1.0,26900.0,6.73
19/04/2026,7.Sunday,COL,Bogotá,351 LA FOLIE,36 VILLA DEL PRADO,Rappi,1.0,46900.0,11.73
19/04/2026,7.Sunday,COL,Bogotá,352 BURRITOS & CO TU,01 USAQUEN,Rappi,28.0,1318100.0,329.53
19/04/2026,7.Sunday,COL,Bogotá,352 BURRITOS & CO TU,02 PARQUE 93,Rappi,5.0,312800.0,78.2
19/04/2026,7.Sunday,COL,Bogotá,352 BURRITOS & CO TU,03 CHAPINERO,Rappi,19.0,1020400.0,255.1
19/04/2026,7.Sunday,COL,Bogotá,352 BURRITOS & CO TU,06 COLINA,Rappi,17.0,1000100.0,250.03
19/04/2026,7.Sunday,COL,Bogotá,352 BURRITOS & CO TU,08 ANDES,Rappi,33.0,1717400.0,429.35
19/04/2026,7.Sunday,COL,Bogotá,352 BURRITOS & CO TU,36 VILLA DEL PRADO,Rappi,13.0,823800.0,205.95
19/04/2026,7.Sunday,COL,Bogotá,352 BURRITOS & CO TU,38 KENNEDY,Rappi,18.0,1508900.0,377.23
19/04/2026,7.Sunday,COL,Bogotá,353 LA CUADRA TURBO,01 USAQUEN,Rappi,14.0,900400.0,225.1
19/04/2026,7.Sunday,COL,Bogotá,353 LA CUADRA TURBO,02 PARQUE 93,Rappi,2.0,161700.0,40.43
19/04/2026,7.Sunday,COL,Bogotá,353 LA CUADRA TURBO,03 CHAPINERO,Rappi,14.0,755400.0,188.85
19/04/2026,7.Sunday,COL,Bogotá,353 LA CUADRA TURBO,08 ANDES,Rappi,34.0,2132700.0,533.18
19/04/2026,7.Sunday,COL,Bogotá,353 LA CUADRA TURBO,36 VILLA DEL PRADO,Rappi,3.0,187600.0,46.9
19/04/2026,7.Sunday,COL,Bogotá,353 LA CUADRA TURBO,38 KENNEDY,Rappi,12.0,838700.0,209.68
19/04/2026,7.Sunday,COL,Bogotá,356 EL JEFE TURBO,01 USAQUEN,Rappi,2.0,147300.0,36.83
19/04/2026,7.Sunday,COL,Bogotá,359 GREEN HOUSE,01 USAQUEN,DiDi,1.0,54400.0,13.6
19/04/2026,7.Sunday,COL,Bogotá,359 GREEN HOUSE,01 USAQUEN,Rappi,2.0,128400.0,32.1
19/04/2026,7.Sunday,COL,Bogotá,359 GREEN HOUSE,02 PARQUE 93,DiDi,7.0,217700.0,54.43
19/04/2026,7.Sunday,COL,Bogotá,359 GREEN HOUSE,02 PARQUE 93,Rappi,7.0,333500.0,83.38
19/04/2026,7.Sunday,COL,Bogotá,359 GREEN HOUSE,03 CHAPINERO,DiDi,11.0,330000.0,82.5
19/04/2026,7.Sunday,COL,Bogotá,359 GREEN HOUSE,03 CHAPINERO,Rappi,7.0,418900.0,104.73
19/04/2026,7.Sunday,COL,Bogotá,359 GREEN HOUSE,06 COLINA,DiDi,2.0,74800.0,18.7
19/04/2026,7.Sunday,COL,Bogotá,359 GREEN HOUSE,06 COLINA,Rappi,4.0,207500.0,51.88
19/04/2026,7.Sunday,COL,Bogotá,359 GREEN HOUSE,08 ANDES,DiDi,3.0,146100.0,36.53
19/04/2026,7.Sunday,COL,Bogotá,359 GREEN HOUSE,08 ANDES,Rappi,11.0,565600.0,141.4
19/04/2026,7.Sunday,COL,Bogotá,359 GREEN HOUSE,13 CHIA,DiDi,4.0,142100.0,35.53
19/04/2026,7.Sunday,COL,Bogotá,359 GREEN HOUSE,13 CHIA,Rappi,7.0,281500.0,70.38
19/04/2026,7.Sunday,COL,Bogotá,359 GREEN HOUSE,15 ENGATIVA,DiDi,4.0,147100.0,36.78
19/04/2026,7.Sunday,COL,Bogotá,359 GREEN HOUSE,15 ENGATIVA,Rappi,1.0,113300.0,28.33
19/04/2026,7.Sunday,COL,Bogotá,359 GREEN HOUSE,36 VILLA DEL PRADO,DiDi,6.0,376200.0,94.05
19/04/2026,7.Sunday,COL,Bogotá,359 GREEN HOUSE,36 VILLA DEL PRADO,Rappi,4.0,205100.0,51.28
19/04/2026,7.Sunday,COL,Bogotá,359 GREEN HOUSE,38 KENNEDY,DiDi,4.0,248600.0,62.15
19/04/2026,7.Sunday,COL,Bogotá,359 GREEN HOUSE,38 KENNEDY,Rappi,1.0,57900.0,14.48
19/04/2026,7.Sunday,COL,Bogotá,359 GREEN HOUSE,45 VERAGUAS,DiDi,3.0,162300.0,40.58
19/04/2026,7.Sunday,COL,Bogotá,359 GREEN HOUSE,45 VERAGUAS,Rappi,3.0,109200.0,27.3
19/04/2026,7.Sunday,COL,Bogotá,359 GREEN HOUSE,65 CALLE 109,DiDi,4.0,262400.0,65.6
19/04/2026,7.Sunday,COL,Bogotá,359 GREEN HOUSE,65 CALLE 109,Rappi,9.0,319900.0,79.98
19/04/2026,7.Sunday,COL,Bogotá,361 CINNABON PASETUR,61 CHICO CINNABON,Rappi,10.0,350700.0,87.68
19/04/2026,7.Sunday,COL,Bogotá,362 ÑAMGUCHERIA,01 USAQUEN,DiDi,2.0,64400.0,16.1
19/04/2026,7.Sunday,COL,Bogotá,362 ÑAMGUCHERIA,01 USAQUEN,Rappi,14.0,791300.0,197.83
19/04/2026,7.Sunday,COL,Bogotá,362 ÑAMGUCHERIA,02 PARQUE 93,DiDi,1.0,87000.0,21.75
19/04/2026,7.Sunday,COL,Bogotá,362 ÑAMGUCHERIA,02 PARQUE 93,Rappi,10.0,494800.0,123.7
19/04/2026,7.Sunday,COL,Bogotá,362 ÑAMGUCHERIA,03 CHAPINERO,DiDi,10.0,546500.0,136.63
19/04/2026,7.Sunday,COL,Bogotá,362 ÑAMGUCHERIA,03 CHAPINERO,Rappi,22.0,1010500.0,252.63
19/04/2026,7.Sunday,COL,Bogotá,362 ÑAMGUCHERIA,06 COLINA,DiDi,5.0,220400.0,55.1
19/04/2026,7.Sunday,COL,Bogotá,362 ÑAMGUCHERIA,06 COLINA,Rappi,15.0,730100.0,182.53
19/04/2026,7.Sunday,COL,Bogotá,362 ÑAMGUCHERIA,08 ANDES,DiDi,3.0,115500.0,28.88
19/04/2026,7.Sunday,COL,Bogotá,362 ÑAMGUCHERIA,08 ANDES,Rappi,14.0,805500.0,201.38
19/04/2026,7.Sunday,COL,Bogotá,362 ÑAMGUCHERIA,13 CHIA,DiDi,1.0,23900.0,5.98
19/04/2026,7.Sunday,COL,Bogotá,362 ÑAMGUCHERIA,13 CHIA,Rappi,5.0,347900.0,86.98
19/04/2026,7.Sunday,COL,Bogotá,362 ÑAMGUCHERIA,15 ENGATIVA,DiDi,2.0,146300.0,36.58
19/04/2026,7.Sunday,COL,Bogotá,362 ÑAMGUCHERIA,15 ENGATIVA,Rappi,9.0,588100.0,147.03
19/04/2026,7.Sunday,COL,Bogotá,362 ÑAMGUCHERIA,36 VILLA DEL PRADO,DiDi,3.0,223100.0,55.78
19/04/2026,7.Sunday,COL,Bogotá,362 ÑAMGUCHERIA,36 VILLA DEL PRADO,Rappi,17.0,928900.0,232.23
19/04/2026,7.Sunday,COL,Bogotá,362 ÑAMGUCHERIA,38 KENNEDY,DiDi,1.0,41500.0,10.38
19/04/2026,7.Sunday,COL,Bogotá,362 ÑAMGUCHERIA,38 KENNEDY,Rappi,4.0,243700.0,60.93
19/04/2026,7.Sunday,COL,Bogotá,362 ÑAMGUCHERIA,45 VERAGUAS,Rappi,1.0,87000.0,21.75
19/04/2026,7.Sunday,COL,Bogotá,362 ÑAMGUCHERIA,50 CHICO,Rappi,0.0,0.0,0.0
19/04/2026,7.Sunday,COL,Bogotá,362 ÑAMGUCHERIA,65 CALLE 109,DiDi,4.0,162300.0,40.58
19/04/2026,7.Sunday,COL,Bogotá,362 ÑAMGUCHERIA,65 CALLE 109,Rappi,12.0,613200.0,153.3
19/04/2026,7.Sunday,COL,Bogotá,363 GREEN HOUSE TURB,01 USAQUEN,Rappi,11.0,389800.0,97.45
19/04/2026,7.Sunday,COL,Bogotá,363 GREEN HOUSE TURB,03 CHAPINERO,Rappi,5.0,257300.0,64.33
19/04/2026,7.Sunday,COL,Bogotá,363 GREEN HOUSE TURB,36 VILLA DEL PRADO,Rappi,3.0,134500.0,33.63
19/04/2026,7.Sunday,COL,Bogotá,363 GREEN HOUSE TURB,38 KENNEDY,Rappi,7.0,333300.0,83.33
19/04/2026,7.Sunday,COL,Bogotá,366 HOUSE OF SALADS,01 USAQUEN,Rappi,2.0,140300.0,35.08
19/04/2026,7.Sunday,COL,Bogotá,366 HOUSE OF SALADS,02 PARQUE 93,Rappi,1.0,54800.0,13.7
19/04/2026,7.Sunday,COL,Bogotá,366 HOUSE OF SALADS,03 CHAPINERO,Rappi,2.0,121400.0,30.35
19/04/2026,7.Sunday,COL,Bogotá,366 HOUSE OF SALADS,06 COLINA,Rappi,2.0,104300.0,26.08
19/04/2026,7.Sunday,COL,Bogotá,366 HOUSE OF SALADS,65 CALLE 109,Rappi,1.0,26400.0,6.6
19/04/2026,7.Sunday,COL,Bogotá,369 ÑAMGUCHERIA TURB,01 USAQUEN,Rappi,3.0,152400.0,38.1
19/04/2026,7.Sunday,COL,Bogotá,369 ÑAMGUCHERIA TURB,08 ANDES,Rappi,1.0,42500.0,10.63
19/04/2026,7.Sunday,COL,Bogotá,369 ÑAMGUCHERIA TURB,38 KENNEDY,Rappi,1.0,119000.0,29.75
19/04/2026,7.Sunday,COL,Bogotá,369 ÑAMGUCHERIA TURB,50 CHICO,Rappi,4.0,160400.0,40.1
19/04/2026,7.Sunday,COL,Bogotá,370 MONTEVERDE,01 USAQUEN,Rappi,1.0,78300.0,19.58
19/04/2026,7.Sunday,COL,Bogotá,370 MONTEVERDE,02 PARQUE 93,DiDi,1.0,36900.0,9.23
19/04/2026,7.Sunday,COL,Bogotá,370 MONTEVERDE,06 COLINA,DiDi,1.0,45800.0,11.45
19/04/2026,7.Sunday,COL,Bogotá,370 MONTEVERDE,06 COLINA,Rappi,3.0,130500.0,32.63
19/04/2026,7.Sunday,COL,Bogotá,370 MONTEVERDE,08 ANDES,Rappi,1.0,28500.0,7.13
19/04/2026,7.Sunday,COL,Bogotá,370 MONTEVERDE,15 ENGATIVA,Rappi,1.0,62400.0,15.6
19/04/2026,7.Sunday,COL,Bogotá,373 HOUSE OF BURGERS,03 CHAPINERO,Rappi,1.0,44900.0,11.23
19/04/2026,7.Sunday,COL,Bogotá,380 BREAKFAST CLUB,01 USAQUEN,Rappi,1.0,73300.0,18.33
19/04/2026,7.Sunday,COL,Bogotá,380 BREAKFAST CLUB,02 PARQUE 93,Rappi,3.0,229400.0,57.35
19/04/2026,7.Sunday,COL,Bogotá,380 BREAKFAST CLUB,03 CHAPINERO,DiDi,3.0,118900.0,29.73
19/04/2026,7.Sunday,COL,Bogotá,380 BREAKFAST CLUB,03 CHAPINERO,Rappi,9.0,427600.0,106.9
19/04/2026,7.Sunday,COL,Bogotá,380 BREAKFAST CLUB,06 COLINA,DiDi,1.0,42200.0,10.55
19/04/2026,7.Sunday,COL,Bogotá,380 BREAKFAST CLUB,06 COLINA,Rappi,3.0,310700.0,77.68
19/04/2026,7.Sunday,COL,Bogotá,380 BREAKFAST CLUB,08 ANDES,Rappi,2.0,145400.0,36.35
19/04/2026,7.Sunday,COL,Bogotá,380 BREAKFAST CLUB,13 CHIA,Rappi,3.0,125700.0,31.43
19/04/2026,7.Sunday,COL,Bogotá,380 BREAKFAST CLUB,15 ENGATIVA,DiDi,2.0,155100.0,38.78
19/04/2026,7.Sunday,COL,Bogotá,380 BREAKFAST CLUB,15 ENGATIVA,Rappi,2.0,155300.0,38.83
19/04/2026,7.Sunday,COL,Bogotá,380 BREAKFAST CLUB,36 VILLA DEL PRADO,DiDi,2.0,132400.0,33.1
19/04/2026,7.Sunday,COL,Bogotá,380 BREAKFAST CLUB,36 VILLA DEL PRADO,Rappi,3.0,207900.0,51.98
19/04/2026,7.Sunday,COL,Bogotá,380 BREAKFAST CLUB,38 KENNEDY,DiDi,1.0,60400.0,15.1
19/04/2026,7.Sunday,COL,Bogotá,380 BREAKFAST CLUB,38 KENNEDY,Rappi,1.0,78800.0,19.7
19/04/2026,7.Sunday,COL,Bogotá,380 BREAKFAST CLUB,45 VERAGUAS,Rappi,2.0,132400.0,33.1
19/04/2026,7.Sunday,COL,Bogotá,380 BREAKFAST CLUB,50 CHICO,Rappi,8.0,466100.0,116.53
19/04/2026,7.Sunday,COL,Bogotá,380 BREAKFAST CLUB,65 CALLE 109,Rappi,2.0,136300.0,34.08
19/04/2026,7.Sunday,COL,Bogotá,381 DESAYU LA ABUELA,01 USAQUEN,Rappi,14.0,834600.0,208.65
19/04/2026,7.Sunday,COL,Bogotá,381 DESAYU LA ABUELA,02 PARQUE 93,DiDi,5.0,311700.0,77.93
19/04/2026,7.Sunday,COL,Bogotá,381 DESAYU LA ABUELA,02 PARQUE 93,Rappi,6.0,315800.0,78.95
19/04/2026,7.Sunday,COL,Bogotá,381 DESAYU LA ABUELA,03 CHAPINERO,DiDi,10.0,743900.0,185.98
19/04/2026,7.Sunday,COL,Bogotá,381 DESAYU LA ABUELA,03 CHAPINERO,Rappi,15.0,996700.0,249.18
19/04/2026,7.Sunday,COL,Bogotá,381 DESAYU LA ABUELA,06 COLINA,DiDi,3.0,115000.0,28.75
19/04/2026,7.Sunday,COL,Bogotá,381 DESAYU LA ABUELA,06 COLINA,Rappi,9.0,664300.0,166.08
19/04/2026,7.Sunday,COL,Bogotá,381 DESAYU LA ABUELA,08 ANDES,DiDi,3.0,227300.0,56.83
19/04/2026,7.Sunday,COL,Bogotá,381 DESAYU LA ABUELA,08 ANDES,Rappi,10.0,550600.0,137.65
19/04/2026,7.Sunday,COL,Bogotá,381 DESAYU LA ABUELA,13 CHIA,DiDi,1.0,27900.0,6.98
19/04/2026,7.Sunday,COL,Bogotá,381 DESAYU LA ABUELA,13 CHIA,Rappi,10.0,1028400.0,257.1
19/04/2026,7.Sunday,COL,Bogotá,381 DESAYU LA ABUELA,15 ENGATIVA,DiDi,1.0,43800.0,10.95
19/04/2026,7.Sunday,COL,Bogotá,381 DESAYU LA ABUELA,15 ENGATIVA,Rappi,11.0,674500.0,168.63
19/04/2026,7.Sunday,COL,Bogotá,381 DESAYU LA ABUELA,36 VILLA DEL PRADO,DiDi,2.0,106200.0,26.55
19/04/2026,7.Sunday,COL,Bogotá,381 DESAYU LA ABUELA,36 VILLA DEL PRADO,Rappi,10.0,969200.0,242.3
19/04/2026,7.Sunday,COL,Bogotá,381 DESAYU LA ABUELA,38 KENNEDY,DiDi,3.0,129500.0,32.38
19/04/2026,7.Sunday,COL,Bogotá,381 DESAYU LA ABUELA,38 KENNEDY,Rappi,6.0,383700.0,95.93
19/04/2026,7.Sunday,COL,Bogotá,381 DESAYU LA ABUELA,45 VERAGUAS,DiDi,3.0,177900.0,44.48
19/04/2026,7.Sunday,COL,Bogotá,381 DESAYU LA ABUELA,45 VERAGUAS,Rappi,4.0,381400.0,95.35
19/04/2026,7.Sunday,COL,Bogotá,381 DESAYU LA ABUELA,50 CHICO,Rappi,7.0,560600.0,140.15
19/04/2026,7.Sunday,COL,Bogotá,381 DESAYU LA ABUELA,65 CALLE 109,DiDi,3.0,174100.0,43.53
19/04/2026,7.Sunday,COL,Bogotá,381 DESAYU LA ABUELA,65 CALLE 109,Rappi,6.0,424000.0,106.0
19/04/2026,7.Sunday,COL,Bogotá,382 ALBA VEGE TURBO,03 CHAPINERO,Rappi,3.0,121800.0,30.45
19/04/2026,7.Sunday,COL,Bogotá,382 ALBA VEGE TURBO,08 ANDES,Rappi,1.0,73700.0,18.43
19/04/2026,7.Sunday,COL,Bogotá,382 ALBA VEGE TURBO,36 VILLA DEL PRADO,Rappi,1.0,43800.0,10.95
19/04/2026,7.Sunday,COL,Bogotá,382 ALBA VEGE TURBO,38 KENNEDY,Rappi,1.0,16900.0,4.23
19/04/2026,7.Sunday,COL,Bogotá,382 ALBA VEGE TURBO,65 CALLE 109,Rappi,1.0,16900.0,4.23
19/04/2026,7.Sunday,COL,Bogotá,383 BOTTANIKO TURBO,65 CALLE 109,Rappi,1.0,49000.0,12.25
19/04/2026,7.Sunday,COL,Bogotá,385 MAÑANERO TURBO,03 CHAPINERO,Rappi,2.0,300000.0,75.0
19/04/2026,7.Sunday,COL,Bogotá,385 MAÑANERO TURBO,08 ANDES,Rappi,2.0,100400.0,25.1
19/04/2026,7.Sunday,COL,Bogotá,385 MAÑANERO TURBO,50 CHICO,Rappi,2.0,228200.0,57.05
19/04/2026,7.Sunday,COL,Bogotá,386 LA CASA MEXICANA,01 USAQUEN,Rappi,4.0,324700.0,81.18
19/04/2026,7.Sunday,COL,Bogotá,386 LA CASA MEXICANA,02 PARQUE 93,DiDi,1.0,21900.0,5.48
19/04/2026,7.Sunday,COL,Bogotá,386 LA CASA MEXICANA,02 PARQUE 93,Rappi,2.0,152200.0,38.05
19/04/2026,7.Sunday,COL,Bogotá,386 LA CASA MEXICANA,03 CHAPINERO,DiDi,3.0,121800.0,30.45
19/04/2026,7.Sunday,COL,Bogotá,386 LA CASA MEXICANA,03 CHAPINERO,Rappi,5.0,284300.0,71.08
19/04/2026,7.Sunday,COL,Bogotá,386 LA CASA MEXICANA,06 COLINA,DiDi,1.0,29400.0,7.35
19/04/2026,7.Sunday,COL,Bogotá,386 LA CASA MEXICANA,08 ANDES,DiDi,6.0,185200.0,46.3
19/04/2026,7.Sunday,COL,Bogotá,386 LA CASA MEXICANA,08 ANDES,Rappi,1.0,25900.0,6.48
19/04/2026,7.Sunday,COL,Bogotá,386 LA CASA MEXICANA,13 CHIA,DiDi,3.0,104500.0,26.13
19/04/2026,7.Sunday,COL,Bogotá,386 LA CASA MEXICANA,13 CHIA,Rappi,6.0,401800.0,100.45
19/04/2026,7.Sunday,COL,Bogotá,386 LA CASA MEXICANA,15 ENGATIVA,DiDi,2.0,70700.0,17.68
19/04/2026,7.Sunday,COL,Bogotá,386 LA CASA MEXICANA,15 ENGATIVA,Rappi,2.0,108700.0,27.18
19/04/2026,7.Sunday,COL,Bogotá,386 LA CASA MEXICANA,36 VILLA DEL PRADO,Rappi,3.0,270100.0,67.53
19/04/2026,7.Sunday,COL,Bogotá,386 LA CASA MEXICANA,38 KENNEDY,Rappi,1.0,57800.0,14.45
19/04/2026,7.Sunday,COL,Bogotá,386 LA CASA MEXICANA,45 VERAGUAS,DiDi,2.0,76700.0,19.18
19/04/2026,7.Sunday,COL,Bogotá,386 LA CASA MEXICANA,45 VERAGUAS,Rappi,3.0,251900.0,62.98
19/04/2026,7.Sunday,COL,Bogotá,386 LA CASA MEXICANA,65 CALLE 109,DiDi,1.0,28900.0,7.23
19/04/2026,7.Sunday,COL,Bogotá,386 LA CASA MEXICANA,65 CALLE 109,Rappi,1.0,50800.0,12.7
19/04/2026,7.Sunday,COL,Bogotá,387 THE EGG SPOT,02 PARQUE 93,DiDi,2.0,82700.0,20.68
19/04/2026,7.Sunday,COL,Bogotá,387 THE EGG SPOT,02 PARQUE 93,Rappi,1.0,43400.0,10.85
19/04/2026,7.Sunday,COL,Bogotá,387 THE EGG SPOT,03 CHAPINERO,DiDi,1.0,49900.0,12.48
19/04/2026,7.Sunday,COL,Bogotá,387 THE EGG SPOT,03 CHAPINERO,Rappi,1.0,45400.0,11.35
19/04/2026,7.Sunday,COL,Bogotá,387 THE EGG SPOT,06 COLINA,Rappi,1.0,88700.0,22.18
19/04/2026,7.Sunday,COL,Bogotá,387 THE EGG SPOT,13 CHIA,Rappi,1.0,106900.0,26.73
19/04/2026,7.Sunday,COL,Bogotá,387 THE EGG SPOT,15 ENGATIVA,Rappi,1.0,60400.0,15.1
19/04/2026,7.Sunday,COL,Bogotá,387 THE EGG SPOT,38 KENNEDY,Rappi,1.0,78500.0,19.63
19/04/2026,7.Sunday,COL,Bogotá,387 THE EGG SPOT,45 VERAGUAS,Rappi,1.0,72600.0,18.15
19/04/2026,7.Sunday,COL,Bogotá,387 THE EGG SPOT,65 CALLE 109,Rappi,2.0,79200.0,19.8
19/04/2026,7.Sunday,COL,Bogotá,388 FOODHUB,06 COLINA,DiDi,1.0,29900.0,7.48
19/04/2026,7.Sunday,COL,Bogotá,388 FOODHUB,08 ANDES,Rappi,1.0,97500.0,24.38
19/04/2026,7.Sunday,COL,Bogotá,388 FOODHUB,15 ENGATIVA,DiDi,1.0,19900.0,4.98
19/04/2026,7.Sunday,COL,Bogotá,388 FOODHUB,36 VILLA DEL PRADO,Rappi,2.0,106700.0,26.68
19/04/2026,7.Sunday,COL,Bogotá,388 FOODHUB,45 VERAGUAS,Rappi,1.0,39500.0,9.88
19/04/2026,7.Sunday,COL,Bogotá,388 FOODHUB,65 CALLE 109,DiDi,1.0,36400.0,9.1
19/04/2026,7.Sunday,COL,Bogotá,388 FOODHUB,65 CALLE 109,Rappi,1.0,24900.0,6.23
19/04/2026,7.Sunday,COL,Bogotá,392 HONEST FOOD,01 USAQUEN,Rappi,3.0,154700.0,38.68
19/04/2026,7.Sunday,COL,Bogotá,392 HONEST FOOD,02 PARQUE 93,Rappi,1.0,35500.0,8.88
19/04/2026,7.Sunday,COL,Bogotá,392 HONEST FOOD,03 CHAPINERO,Rappi,7.0,368600.0,92.15
19/04/2026,7.Sunday,COL,Bogotá,392 HONEST FOOD,06 COLINA,Rappi,1.0,29500.0,7.38
19/04/2026,7.Sunday,COL,Bogotá,392 HONEST FOOD,13 CHIA,Rappi,2.0,215100.0,53.78
19/04/2026,7.Sunday,COL,Bogotá,392 HONEST FOOD,15 ENGATIVA,Rappi,1.0,42900.0,10.73
19/04/2026,7.Sunday,COL,Bogotá,392 HONEST FOOD,36 VILLA DEL PRADO,Rappi,1.0,42900.0,10.73
19/04/2026,7.Sunday,COL,Bogotá,392 HONEST FOOD,38 KENNEDY,Rappi,1.0,67000.0,16.75
19/04/2026,7.Sunday,COL,Bogotá,392 HONEST FOOD,45 VERAGUAS,Rappi,2.0,99400.0,24.85
19/04/2026,7.Sunday,COL,Bogotá,392 HONEST FOOD,65 CALLE 109,Rappi,3.0,163000.0,40.75
19/04/2026,7.Sunday,COL,Bogotá,392 MONTEVERDE TURB,03 CHAPINERO,Rappi,8.0,371100.0,92.78
19/04/2026,7.Sunday,COL,Bogotá,392 MONTEVERDE TURB,06 COLINA,Rappi,1.0,65600.0,16.4
19/04/2026,7.Sunday,COL,Bogotá,392 MONTEVERDE TURB,08 ANDES,Rappi,3.0,197600.0,49.4
19/04/2026,7.Sunday,COL,Bogotá,392 MONTEVERDE TURB,36 VILLA DEL PRADO,Rappi,6.0,195800.0,48.95
19/04/2026,7.Sunday,COL,Bogotá,392 MONTEVERDE TURB,38 KENNEDY,Rappi,2.0,93000.0,23.25
19/04/2026,7.Sunday,COL,Bogotá,392 MONTEVERDE TURB,65 CALLE 109,Rappi,2.0,124700.0,31.18
19/04/2026,7.Sunday,COL,Bogotá,393 EL EJECUTIVO,02 PARQUE 93,DiDi,1.0,90700.0,22.68
19/04/2026,7.Sunday,COL,Bogotá,393 EL EJECUTIVO,08 ANDES,DiDi,1.0,34300.0,8.58
19/04/2026,7.Sunday,COL,Bogotá,393 EL EJECUTIVO,13 CHIA,Rappi,1.0,46900.0,11.73
19/04/2026,7.Sunday,COL,Bogotá,393 EL EJECUTIVO,15 ENGATIVA,Rappi,1.0,86800.0,21.7
19/04/2026,7.Sunday,COL,Bogotá,393 EL EJECUTIVO,38 KENNEDY,DiDi,1.0,28900.0,7.23
19/04/2026,7.Sunday,COL,Bogotá,393 EL EJECUTIVO,45 VERAGUAS,Rappi,1.0,93800.0,23.45
19/04/2026,7.Sunday,COL,Bogotá,393 EL EJECUTIVO,65 CALLE 109,DiDi,1.0,37900.0,9.48
19/04/2026,7.Sunday,COL,Bogotá,393 EL EJECUTIVO,65 CALLE 109,Rappi,2.0,71300.0,17.83
19/04/2026,7.Sunday,COL,Bogotá,394 COCINA CONSCIENT,01 USAQUEN,Rappi,1.0,32900.0,8.23
19/04/2026,7.Sunday,COL,Bogotá,394 COCINA CONSCIENT,02 PARQUE 93,DiDi,1.0,97800.0,24.45
19/04/2026,7.Sunday,COL,Bogotá,394 COCINA CONSCIENT,13 CHIA,Rappi,1.0,45900.0,11.48
19/04/2026,7.Sunday,COL,Bogotá,394 COCINA CONSCIENT,15 ENGATIVA,DiDi,1.0,24900.0,6.23
19/04/2026,7.Sunday,COL,Bogotá,394 COCINA CONSCIENT,65 CALLE 109,Rappi,1.0,36500.0,9.13
19/04/2026,7.Sunday,COL,Bogotá,395 BISTRO - TURBO,06 COLINA,Rappi,1.0,52300.0,13.08
19/04/2026,7.Sunday,COL,Bogotá,396 NUMA MEDITERRAN,01 USAQUEN,DiDi,1.0,24900.0,6.23
19/04/2026,7.Sunday,COL,Bogotá,396 NUMA MEDITERRAN,02 PARQUE 93,DiDi,1.0,26400.0,6.6
19/04/2026,7.Sunday,COL,Bogotá,396 NUMA MEDITERRAN,03 CHAPINERO,DiDi,1.0,27900.0,6.98
19/04/2026,7.Sunday,COL,Bogotá,396 NUMA MEDITERRAN,13 CHIA,DiDi,1.0,24900.0,6.23
19/04/2026,7.Sunday,COL,Bogotá,396 NUMA MEDITERRAN,13 CHIA,Rappi,1.0,80800.0,20.2
19/04/2026,7.Sunday,COL,Bogotá,396 NUMA MEDITERRAN,45 VERAGUAS,DiDi,1.0,24900.0,6.23
19/04/2026,7.Sunday,COL,Bogotá,397 CACEROLA - TURBO,03 CHAPINERO,Rappi,8.0,380700.0,95.18
19/04/2026,7.Sunday,COL,Bogotá,397 CACEROLA - TURBO,06 COLINA,Rappi,2.0,71200.0,17.8
19/04/2026,7.Sunday,COL,Bogotá,397 CACEROLA - TURBO,08 ANDES,Rappi,3.0,351300.0,87.83
19/04/2026,7.Sunday,COL,Bogotá,397 CACEROLA - TURBO,36 VILLA DEL PRADO,Rappi,2.0,103000.0,25.75
19/04/2026,7.Sunday,COL,Bogotá,397 CACEROLA - TURBO,38 KENNEDY,Rappi,1.0,60300.0,15.08
19/04/2026,7.Sunday,COL,Bogotá,397 CACEROLA - TURBO,50 CHICO,Rappi,2.0,79800.0,19.95
19/04/2026,7.Sunday,COL,Bogotá,401 BURRITOS PASE,67 PLAZA CLARO COURT,FoodologyPOS,11.0,262400.0,65.6
19/04/2026,7.Sunday,COL,Bogotá,401 BURRITOS PASE,67 PLAZA CLARO COURT,Rappi,2.0,101500.0,25.38
19/04/2026,7.Sunday,COL,Bogotá,401 DESA ABUELA TURBO,06 COLINA,Rappi,1.0,27800.0,6.95
19/04/2026,7.Sunday,COL,Bogotá,401 DESA ABUELA TURBO,08 ANDES,Rappi,1.0,229000.0,57.25
19/04/2026,7.Sunday,COL,Bogotá,401 DESA ABUELA TURBO,38 KENNEDY,Rappi,1.0,21800.0,5.45
19/04/2026,7.Sunday,COL,Bogotá,401 DESA ABUELA TURBO,50 CHICO,Rappi,1.0,49800.0,12.45
19/04/2026,7.Sunday,COL,Bogotá,402 EJECUT TRAD TURBO,01 USAQUEN,Rappi,1.0,96800.0,24.2
19/04/2026,7.Sunday,COL,Bogotá,402 EJECUT TRAD TURBO,36 VILLA DEL PRADO,Rappi,1.0,61700.0,15.43
19/04/2026,7.Sunday,COL,Bogotá,402 LA CUADRA PASE,67 PLAZA CLARO COURT,FoodologyPOS,15.0,392609.0,98.15
19/04/2026,7.Sunday,COL,Bogotá,402 LA CUADRA PASE,67 PLAZA CLARO COURT,Rappi,4.0,253400.0,63.35
19/04/2026,7.Sunday,COL,Bogotá,403 HONEST FOOD TURBO,01 USAQUEN,Rappi,2.0,130000.0,32.5
19/04/2026,7.Sunday,COL,Bogotá,403 HONEST FOOD TURBO,02 PARQUE 93,Rappi,1.0,35500.0,8.88
19/04/2026,7.Sunday,COL,Bogotá,403 HONEST FOOD TURBO,03 CHAPINERO,Rappi,2.0,59000.0,14.75
19/04/2026,7.Sunday,COL,Bogotá,403 HONEST FOOD TURBO,08 ANDES,Rappi,1.0,59000.0,14.75
19/04/2026,7.Sunday,COL,Bogotá,403 HONEST FOOD TURBO,36 VILLA DEL PRADO,Rappi,3.0,137400.0,34.35
19/04/2026,7.Sunday,COL,Bogotá,403 HONEST FOOD TURBO,65 CALLE 109,Rappi,2.0,101900.0,25.48
19/04/2026,7.Sunday,COL,Bogotá,405 BREAKFACLUB TURBO,01 USAQUEN,Rappi,5.0,351100.0,87.78
19/04/2026,7.Sunday,COL,Bogotá,405 BREAKFACLUB TURBO,03 CHAPINERO,Rappi,1.0,71700.0,17.93
19/04/2026,7.Sunday,COL,Bogotá,405 BREAKFACLUB TURBO,08 ANDES,Rappi,1.0,38900.0,9.73
19/04/2026,7.Sunday,COL,Bogotá,405 BREAKFACLUB TURBO,36 VILLA DEL PRADO,Rappi,6.0,360800.0,90.2
19/04/2026,7.Sunday,COL,Bogotá,405 BREAKFACLUB TURBO,50 CHICO,Rappi,1.0,27000.0,6.75
19/04/2026,7.Sunday,COL,Bogotá,411 DORIT LOC BY DOR,01 USAQUEN,Rappi,1.0,58800.0,14.7
19/04/2026,7.Sunday,COL,Bogotá,411 DORIT LOC BY DOR,02 PARQUE 93,Rappi,1.0,36800.0,9.2
19/04/2026,7.Sunday,COL,Bogotá,411 DORIT LOC BY DOR,03 CHAPINERO,Rappi,0.0,0.0,0.0
19/04/2026,7.Sunday,COL,Bogotá,411 DORIT LOC BY DOR,08 ANDES,Rappi,0.0,0.0,0.0
19/04/2026,7.Sunday,COL,Bogotá,411 DORIT LOC BY DOR,36 VILLA DEL PRADO,Rappi,0.0,0.0,0.0
19/04/2026,7.Sunday,COL,Bogotá,411 DORIT LOC BY DOR,38 KENNEDY,Rappi,0.0,0.0,0.0
19/04/2026,7.Sunday,COL,Bogotá,411 DORIT LOC BY DOR,45 VERAGUAS,Rappi,0.0,0.0,0.0
19/04/2026,7.Sunday,COL,Bogotá,411 DORIT LOC BY DOR,50 CHICO,Rappi,0.0,0.0,0.0
19/04/2026,7.Sunday,COL,Bogotá,413 HOUSE SALAD TURB,01 USAQUEN,Rappi,1.0,28900.0,7.23
19/04/2026,7.Sunday,COL,Bogotá,413 HOUSE SALAD TURB,02 PARQUE 93,Rappi,6.0,181800.0,45.45
19/04/2026,7.Sunday,COL,Bogotá,413 HOUSE SALAD TURB,03 CHAPINERO,Rappi,3.0,123500.0,30.88
19/04/2026,7.Sunday,COL,Bogotá,413 HOUSE SALAD TURB,08 ANDES,Rappi,1.0,41900.0,10.48
19/04/2026,7.Sunday,COL,Bogotá,413 HOUSE SALAD TURB,36 VILLA DEL PRADO,Rappi,3.0,127100.0,31.78
19/04/2026,7.Sunday,COL,Bogotá,420 DESGRANADOS & CO,01 USAQUEN,Rappi,2.0,177100.0,44.28
19/04/2026,7.Sunday,COL,Bogotá,420 DESGRANADOS & CO,03 CHAPINERO,Rappi,1.0,42500.0,10.63
19/04/2026,7.Sunday,COL,Bogotá,420 DESGRANADOS & CO,13 CHIA,Rappi,2.0,152600.0,38.15
19/04/2026,7.Sunday,COL,Bogotá,420 DESGRANADOS & CO,38 KENNEDY,Rappi,1.0,19900.0,4.98
19/04/2026,7.Sunday,COL,Bogotá,420 DESGRANADOS & CO,65 CALLE 109,Rappi,2.0,133400.0,33.35
19/04/2026,7.Sunday,COL,Bogotá,421 ACPM CORRI TURBO,02 PARQUE 93,Rappi,1.0,23900.0,5.98
19/04/2026,7.Sunday,COL,Bogotá,421 ACPM CORRI TURBO,03 CHAPINERO,Rappi,2.0,65600.0,16.4
19/04/2026,7.Sunday,COL,Bogotá,421 ACPM CORRI TURBO,36 VILLA DEL PRADO,Rappi,2.0,52300.0,13.08
19/04/2026,7.Sunday,COL,Bogotá,422 BURRIT CANT TURB,02 PARQUE 93,Rappi,1.0,27900.0,6.98
19/04/2026,7.Sunday,COL,Bogotá,422 BURRIT CANT TURB,03 CHAPINERO,Rappi,1.0,32700.0,8.18
19/04/2026,7.Sunday,COL,Bogotá,422 BURRIT CANT TURB,08 ANDES,Rappi,4.0,151000.0,37.75
19/04/2026,7.Sunday,COL,Bogotá,422 BURRIT CANT TURB,36 VILLA DEL PRADO,Rappi,1.0,60900.0,15.23
19/04/2026,7.Sunday,COL,Bogotá,422 BURRIT CANT TURB,38 KENNEDY,Rappi,1.0,33400.0,8.35
19/04/2026,7.Sunday,COL,Bogotá,423 DESAY TIERRITURB,06 COLINA,Rappi,1.0,61200.0,15.3
19/04/2026,7.Sunday,COL,Bogotá,423 DESAY TIERRITURB,38 KENNEDY,Rappi,1.0,70800.0,17.7
19/04/2026,7.Sunday,COL,Bogotá,423 DESAY TIERRITURB,50 CHICO,Rappi,1.0,63800.0,15.95
19/04/2026,7.Sunday,COL,Bogotá,424 DORITO LOCO TURB,03 CHAPINERO,Rappi,2.0,101500.0,25.38
19/04/2026,7.Sunday,COL,Bogotá,424 DORITO LOCO TURB,38 KENNEDY,Rappi,2.0,74700.0,18.68
19/04/2026,7.Sunday,COL,Bogotá,425 LA CASA MEXITURB,01 USAQUEN,Rappi,2.0,128300.0,32.08
19/04/2026,7.Sunday,COL,Bogotá,425 LA CASA MEXITURB,02 PARQUE 93,Rappi,1.0,43800.0,10.95
19/04/2026,7.Sunday,COL,Bogotá,425 LA CASA MEXITURB,06 COLINA,Rappi,2.0,68300.0,17.08
19/04/2026,7.Sunday,COL,Bogotá,425 LA CASA MEXITURB,08 ANDES,Rappi,5.0,165000.0,41.25
19/04/2026,7.Sunday,COL,Bogotá,425 LA CASA MEXITURB,36 VILLA DEL PRADO,Rappi,2.0,99800.0,24.95
19/04/2026,7.Sunday,COL,Bogotá,425 LA CASA MEXITURB,38 KENNEDY,Rappi,3.0,212400.0,53.1
19/04/2026,7.Sunday,COL,Bogotá,425 LA CASA MEXITURB,65 CALLE 109,Rappi,1.0,57700.0,14.43
19/04/2026,7.Sunday,COL,Bogotá,426 CUADRA DESAYTURB,36 VILLA DEL PRADO,Rappi,1.0,14400.0,3.6
19/04/2026,7.Sunday,COL,Bogotá,426 CUADRA DESAYTURB,65 CALLE 109,Rappi,1.0,58900.0,14.73
19/04/2026,7.Sunday,COL,Bogotá,428 SELVATIKO TURBO,50 CHICO,Rappi,1.0,75400.0,18.85
19/04/2026,7.Sunday,COL,Bogotá,429 SEÑOR BURRI TURB,01 USAQUEN,Rappi,3.0,145000.0,36.25
19/04/2026,7.Sunday,COL,Bogotá,429 SEÑOR BURRI TURB,02 PARQUE 93,Rappi,2.0,106800.0,26.7
19/04/2026,7.Sunday,COL,Bogotá,429 SEÑOR BURRI TURB,08 ANDES,Rappi,4.0,111200.0,27.8
19/04/2026,7.Sunday,COL,Bogotá,430 CASA ARABE TURBO,02 PARQUE 93,Rappi,5.0,199800.0,49.95
19/04/2026,7.Sunday,COL,Bogotá,430 CASA ARABE TURBO,03 CHAPINERO,Rappi,3.0,105000.0,26.25
19/04/2026,7.Sunday,COL,Bogotá,430 CASA ARABE TURBO,65 CALLE 109,Rappi,3.0,223300.0,55.83
19/04/2026,7.Sunday,COL,Bogotá,431 DESGRA & CO TURB,02 PARQUE 93,Rappi,1.0,65300.0,16.33
19/04/2026,7.Sunday,COL,Bogotá,431 DESGRA & CO TURB,03 CHAPINERO,Rappi,2.0,91800.0,22.95
19/04/2026,7.Sunday,COL,Bogotá,431 DESGRA & CO TURB,06 COLINA,Rappi,3.0,152300.0,38.08
19/04/2026,7.Sunday,COL,Bogotá,431 DESGRA & CO TURB,08 ANDES,Rappi,1.0,29900.0,7.48
19/04/2026,7.Sunday,COL,Bogotá,431 DESGRA & CO TURB,36 VILLA DEL PRADO,Rappi,4.0,192400.0,48.1
19/04/2026,7.Sunday,COL,Bogotá,431 DESGRA & CO TURB,65 CALLE 109,Rappi,1.0,33900.0,8.48
19/04/2026,7.Sunday,COL,Bogotá,44 SELVATIKO,38 KENNEDY,DiDi,1.0,29800.0,7.45
19/04/2026,7.Sunday,COL,Bogotá,448 DESAY COLOMBIANO,03 CHAPINERO,Rappi,4.0,121800.0,30.45
19/04/2026,7.Sunday,COL,Bogotá,448 DESAY COLOMBIANO,06 COLINA,Rappi,1.0,25800.0,6.45
19/04/2026,7.Sunday,COL,Bogotá,448 DESAY COLOMBIANO,13 CHIA,Rappi,2.0,56700.0,14.18
19/04/2026,7.Sunday,COL,Bogotá,448 DESAY COLOMBIANO,36 VILLA DEL PRADO,Rappi,1.0,65800.0,16.45
19/04/2026,7.Sunday,COL,Bogotá,448 DESAY COLOMBIANO,38 KENNEDY,Rappi,1.0,19900.0,4.98
19/04/2026,7.Sunday,COL,Bogotá,448 DESAY COLOMBIANO,45 VERAGUAS,Rappi,2.0,93200.0,23.3
19/04/2026,7.Sunday,COL,Bogotá,54 FOODOLOGY,01 USAQUEN,DiDi,1.0,25900.0,6.48
19/04/2026,7.Sunday,COL,Bogotá,54 FOODOLOGY,02 PARQUE 93,DiDi,1.0,26800.0,6.7
19/04/2026,7.Sunday,COL,Bogotá,54 FOODOLOGY,02 PARQUE 93,Rappi,1.0,46000.0,11.5
19/04/2026,7.Sunday,COL,Bogotá,54 FOODOLOGY,03 CHAPINERO,Rappi,1.0,54800.0,13.7
19/04/2026,7.Sunday,COL,Bogotá,54 FOODOLOGY,06 COLINA,DiDi,1.0,20900.0,5.23
19/04/2026,7.Sunday,COL,Bogotá,54 FOODOLOGY,13 CHIA,Rappi,1.0,45800.0,11.45
19/04/2026,7.Sunday,COL,Bogotá,54 FOODOLOGY,38 KENNEDY,Rappi,1.0,42300.0,10.58
19/04/2026,7.Sunday,COL,Bogotá,54 FOODOLOGY,65 CALLE 109,Rappi,1.0,85800.0,21.45
19/04/2026,7.Sunday,COL,Bogotá,57 PRET SANDWICH BIS,01 USAQUEN,Rappi,1.0,29500.0,7.38
19/04/2026,7.Sunday,COL,Bogotá,57 PRET SANDWICH BIS,08 ANDES,Rappi,1.0,63200.0,15.8
19/04/2026,7.Sunday,COL,Bogotá,57 PRET SANDWICH BIS,15 ENGATIVA,Rappi,1.0,58400.0,14.6
19/04/2026,7.Sunday,COL,Bogotá,57 PRET SANDWICH BIS,36 VILLA DEL PRADO,Rappi,2.0,120700.0,30.18
19/04/2026,7.Sunday,COL,Bogotá,58 ALBA VEGETARIAN,02 PARQUE 93,DiDi,2.0,66300.0,16.58
19/04/2026,7.Sunday,COL,Bogotá,58 ALBA VEGETARIAN,03 CHAPINERO,DiDi,3.0,103700.0,25.93
19/04/2026,7.Sunday,COL,Bogotá,58 ALBA VEGETARIAN,03 CHAPINERO,Rappi,1.0,109500.0,27.38
19/04/2026,7.Sunday,COL,Bogotá,58 ALBA VEGETARIAN,08 ANDES,DiDi,1.0,25800.0,6.45
19/04/2026,7.Sunday,COL,Bogotá,58 ALBA VEGETARIAN,13 CHIA,Rappi,1.0,17900.0,4.48
19/04/2026,7.Sunday,COL,Bogotá,58 ALBA VEGETARIAN,15 ENGATIVA,DiDi,1.0,16900.0,4.23
19/04/2026,7.Sunday,COL,Bogotá,58 ALBA VEGETARIAN,36 VILLA DEL PRADO,DiDi,1.0,37500.0,9.38
19/04/2026,7.Sunday,COL,Bogotá,58 ALBA VEGETARIAN,36 VILLA DEL PRADO,Rappi,1.0,82500.0,20.63
19/04/2026,7.Sunday,COL,Bogotá,58 ALBA VEGETARIAN,38 KENNEDY,DiDi,3.0,119600.0,29.9
19/04/2026,7.Sunday,COL,Bogotá,58 ALBA VEGETARIAN,45 VERAGUAS,DiDi,1.0,37500.0,9.38
19/04/2026,7.Sunday,COL,Bogotá,58 ALBA VEGETARIAN,45 VERAGUAS,Rappi,1.0,22900.0,5.73
19/04/2026,7.Sunday,COL,Bogotá,58 ALBA VEGETARIAN,65 CALLE 109,DiDi,1.0,66200.0,16.55
19/04/2026,7.Sunday,COL,Bogotá,58 ALBA VEGETARIAN,65 CALLE 109,Rappi,2.0,95700.0,23.93
19/04/2026,7.Sunday,COL,Bogotá,59 DEMBOW,02 PARQUE 93,Rappi,3.0,146200.0,36.55
19/04/2026,7.Sunday,COL,Bogotá,59 DEMBOW,03 CHAPINERO,Rappi,2.0,148200.0,37.05
19/04/2026,7.Sunday,COL,Bogotá,59 DEMBOW,06 COLINA,Rappi,1.0,45400.0,11.35
19/04/2026,7.Sunday,COL,Bogotá,59 DEMBOW,08 ANDES,Rappi,1.0,89800.0,22.45
19/04/2026,7.Sunday,COL,Bogotá,59 DEMBOW,13 CHIA,Rappi,1.0,43000.0,10.75
19/04/2026,7.Sunday,COL,Bogotá,59 DEMBOW,15 ENGATIVA,Rappi,1.0,33800.0,8.45
19/04/2026,7.Sunday,COL,Bogotá,59 DEMBOW,36 VILLA DEL PRADO,Rappi,1.0,34400.0,8.6
19/04/2026,7.Sunday,COL,Bogotá,65 SAN JERONIMO HELA,02 PARQUE 93,Rappi,1.0,12900.0,3.23
19/04/2026,7.Sunday,COL,Bogotá,65 SAN JERONIMO HELA,08 ANDES,DiDi,1.0,50000.0,12.5
19/04/2026,7.Sunday,COL,Bogotá,65 SAN JERONIMO HELA,15 ENGATIVA,Rappi,1.0,51600.0,12.9
19/04/2026,7.Sunday,COL,Bogotá,66 MAÑANERO DIARIO,02 PARQUE 93,Rappi,2.0,95100.0,23.78
19/04/2026,7.Sunday,COL,Bogotá,66 MAÑANERO DIARIO,03 CHAPINERO,Rappi,1.0,29200.0,7.3
19/04/2026,7.Sunday,COL,Bogotá,70 BURRITO CANTINA,01 USAQUEN,Rappi,1.0,94600.0,23.65
19/04/2026,7.Sunday,COL,Bogotá,70 BURRITO CANTINA,38 KENNEDY,Rappi,1.0,36500.0,9.13
19/04/2026,7.Sunday,COL,Bogotá,72 VICIO,02 PARQUE 93,DiDi,1.0,29500.0,7.38
19/04/2026,7.Sunday,COL,Bogotá,72 VICIO,06 COLINA,DiDi,1.0,46900.0,11.73
19/04/2026,7.Sunday,COL,Bogotá,72 VICIO,08 ANDES,Rappi,1.0,10900.0,2.73
19/04/2026,7.Sunday,COL,Bogotá,72 VICIO,13 CHIA,Rappi,1.0,49500.0,12.38
19/04/2026,7.Sunday,COL,Bogotá,72 VICIO,36 VILLA DEL PRADO,Rappi,1.0,30900.0,7.73
19/04/2026,7.Sunday,COL,Bogotá,72 VICIO,38 KENNEDY,Rappi,1.0,49500.0,12.38
19/04/2026,7.Sunday,COL,Bogotá,82 CINNABON,01 USAQUEN,DiDi,3.0,89700.0,22.43
19/04/2026,7.Sunday,COL,Bogotá,82 CINNABON,01 USAQUEN,Rappi,6.0,192900.0,48.23
19/04/2026,7.Sunday,COL,Bogotá,82 CINNABON,03 CHAPINERO,DiDi,1.0,23400.0,5.85
19/04/2026,7.Sunday,COL,Bogotá,82 CINNABON,03 CHAPINERO,Justo,3.0,145500.0,36.38
19/04/2026,7.Sunday,COL,Bogotá,82 CINNABON,03 CHAPINERO,Rappi,22.0,658400.0,164.6
19/04/2026,7.Sunday,COL,Bogotá,82 CINNABON,13 CHIA,DiDi,2.0,38300.0,9.58
19/04/2026,7.Sunday,COL,Bogotá,82 CINNABON,13 CHIA,Rappi,14.0,469100.0,117.28
19/04/2026,7.Sunday,COL,Bogotá,82 CINNABON,15 ENGATIVA,DiDi,3.0,105600.0,26.4
19/04/2026,7.Sunday,COL,Bogotá,82 CINNABON,15 ENGATIVA,FoodologyPOS,1.0,50900.0,12.73
19/04/2026,7.Sunday,COL,Bogotá,82 CINNABON,15 ENGATIVA,Rappi,4.0,99100.0,24.78
19/04/2026,7.Sunday,COL,Bogotá,82 CINNABON,36 VILLA DEL PRADO,DiDi,2.0,38300.0,9.58
19/04/2026,7.Sunday,COL,Bogotá,82 CINNABON,36 VILLA DEL PRADO,Justo,1.0,37000.0,9.25
19/04/2026,7.Sunday,COL,Bogotá,82 CINNABON,36 VILLA DEL PRADO,Rappi,14.0,601100.0,150.28
19/04/2026,7.Sunday,COL,Bogotá,82 CINNABON,45 VERAGUAS,DiDi,1.0,30400.0,7.6
19/04/2026,7.Sunday,COL,Bogotá,82 CINNABON,45 VERAGUAS,Justo,1.0,75800.0,18.95
19/04/2026,7.Sunday,COL,Bogotá,82 CINNABON,45 VERAGUAS,Rappi,3.0,83200.0,20.8
19/04/2026,7.Sunday,COL,Bogotá,82 CINNABON,65 CALLE 109,Rappi,10.0,300600.0,75.15
19/04/2026,7.Sunday,COL,Bogotá,83 SANDUCHES EL JEFE,01 USAQUEN,DiDi,1.0,51000.0,12.75
19/04/2026,7.Sunday,COL,Bogotá,83 SANDUCHES EL JEFE,02 PARQUE 93,DiDi,1.0,52800.0,13.2
19/04/2026,7.Sunday,COL,Bogotá,83 SANDUCHES EL JEFE,02 PARQUE 93,Rappi,1.0,30500.0,7.63
19/04/2026,7.Sunday,COL,Bogotá,83 SANDUCHES EL JEFE,06 COLINA,DiDi,1.0,39900.0,9.98
19/04/2026,7.Sunday,COL,Bogotá,83 SANDUCHES EL JEFE,08 ANDES,Rappi,1.0,46500.0,11.63
19/04/2026,7.Sunday,COL,Bogotá,83 SANDUCHES EL JEFE,13 CHIA,DiDi,5.0,267400.0,66.85
19/04/2026,7.Sunday,COL,Bogotá,83 SANDUCHES EL JEFE,15 ENGATIVA,DiDi,3.0,111900.0,27.98
19/04/2026,7.Sunday,COL,Bogotá,83 SANDUCHES EL JEFE,38 KENNEDY,DiDi,1.0,122300.0,30.58
19/04/2026,7.Sunday,COL,Bogotá,84 CINNABON PASE,39 SALVIO,FoodologyPOS,48.0,1147400.0,286.85
19/04/2026,7.Sunday,COL,Bogotá,84 CINNABON PASE,39 SALVIO,Rappi,6.0,238200.0,59.55
19/04/2026,7.Sunday,COL,Bogotá,84 CINNABON PASE,55 TITAN,DiDi,2.0,31800.0,7.95
19/04/2026,7.Sunday,COL,Bogotá,84 CINNABON PASE,55 TITAN,FoodologyPOS,76.0,1798300.0,449.58
19/04/2026,7.Sunday,COL,Bogotá,84 CINNABON PASE,55 TITAN,Rappi,1.0,16900.0,4.23
19/04/2026,7.Sunday,COL,Bogotá,84 CINNABON PASE,56 SANTAFE BOG,DiDi,2.0,45900.0,11.48
19/04/2026,7.Sunday,COL,Bogotá,84 CINNABON PASE,56 SANTAFE BOG,FoodologyPOS,114.0,2578800.0,644.7
19/04/2026,7.Sunday,COL,Bogotá,84 CINNABON PASE,56 SANTAFE BOG,Rappi,8.0,267600.0,66.9
19/04/2026,7.Sunday,COL,Bogotá,84 CINNABON PASE,61 CHICO CINNABON,FoodologyPOS,6.0,101300.0,25.33
19/04/2026,7.Sunday,COL,Bogotá,84 CINNABON PASE,66 PLAZA CLARO CINNA,FoodologyPOS,59.0,1324400.0,331.1
19/04/2026,7.Sunday,COL,Bogotá,84 CINNABON PASE,66 PLAZA CLARO CINNA,Rappi,8.0,249000.0,62.25
19/04/2026,7.Sunday,COL,Bogotá,86 FROST TURBO,01 USAQUEN,Rappi,4.0,113400.0,28.35
19/04/2026,7.Sunday,COL,Bogotá,86 FROST TURBO,02 PARQUE 93,Rappi,2.0,49700.0,12.43
19/04/2026,7.Sunday,COL,Bogotá,86 FROST TURBO,03 CHAPINERO,Rappi,5.0,138000.0,34.5
19/04/2026,7.Sunday,COL,Bogotá,86 FROST TURBO,06 COLINA,Rappi,1.0,25800.0,6.45
19/04/2026,7.Sunday,COL,Bogotá,86 FROST TURBO,08 ANDES,Rappi,2.0,64600.0,16.15
19/04/2026,7.Sunday,COL,Bogotá,86 FROST TURBO,36 VILLA DEL PRADO,Rappi,7.0,238500.0,59.63
19/04/2026,7.Sunday,COL,Bogotá,86 FROST TURBO,38 KENNEDY,Rappi,1.0,25800.0,6.45
19/04/2026,7.Sunday,COL,Bogotá,86 FROST TURBO,50 CHICO,Rappi,3.0,75500.0,18.88
19/04/2026,7.Sunday,COL,Bogotá,86 FROST TURBO,65 CALLE 109,Rappi,2.0,99100.0,24.78
19/04/2026,7.Sunday,COL,Bogotá,87 VICIO TURBO,01 USAQUEN,Rappi,1.0,32700.0,8.18
19/04/2026,7.Sunday,COL,Bogotá,87 VICIO TURBO,02 PARQUE 93,Rappi,2.0,71300.0,17.83
19/04/2026,7.Sunday,COL,Bogotá,87 VICIO TURBO,03 CHAPINERO,Rappi,1.0,60400.0,15.1
19/04/2026,7.Sunday,COL,Bogotá,87 VICIO TURBO,06 COLINA,Rappi,2.0,61800.0,15.45
19/04/2026,7.Sunday,COL,Bogotá,87 VICIO TURBO,08 ANDES,Rappi,1.0,49500.0,12.38
19/04/2026,7.Sunday,COL,Bogotá,87 VICIO TURBO,36 VILLA DEL PRADO,Rappi,2.0,61800.0,15.45
19/04/2026,7.Sunday,COL,Bogotá,88 CINNABON TURBO,01 USAQUEN,Rappi,14.0,450800.0,112.7
19/04/2026,7.Sunday,COL,Bogotá,88 CINNABON TURBO,03 CHAPINERO,Rappi,4.0,147200.0,36.8
19/04/2026,7.Sunday,COL,Bogotá,88 CINNABON TURBO,36 VILLA DEL PRADO,Rappi,19.0,658600.0,164.65
19/04/2026,7.Sunday,COL,Bogotá,88 CINNABON TURBO,65 CALLE 109,Rappi,16.0,528800.0,132.2
19/04/2026,7.Sunday,COL,Bogotá,90 AVOCALIA TURBO,01 USAQUEN,Rappi,22.0,1212300.0,303.08
19/04/2026,7.Sunday,COL,Bogotá,90 AVOCALIA TURBO,03 CHAPINERO,Rappi,22.0,1344500.0,336.13
19/04/2026,7.Sunday,COL,Bogotá,90 AVOCALIA TURBO,06 COLINA,Rappi,4.0,241900.0,60.48
19/04/2026,7.Sunday,COL,Bogotá,90 AVOCALIA TURBO,08 ANDES,Rappi,8.0,302500.0,75.63
19/04/2026,7.Sunday,COL,Bogotá,90 AVOCALIA TURBO,36 VILLA DEL PRADO,Rappi,9.0,470200.0,117.55
19/04/2026,7.Sunday,COL,Bogotá,90 AVOCALIA TURBO,38 KENNEDY,Rappi,10.0,588000.0,147.0
19/04/2026,7.Sunday,COL,Bogotá,90 AVOCALIA TURBO,50 CHICO,Rappi,13.0,582700.0,145.68
19/04/2026,7.Sunday,COL,Bogotá,90 AVOCALIA TURBO,65 CALLE 109,Rappi,14.0,660900.0,165.23
19/04/2026,7.Sunday,COL,Bogotá,92 BRUNCH&MUNCH TURB,01 USAQUEN,Rappi,6.0,317600.0,79.4
19/04/2026,7.Sunday,COL,Bogotá,92 BRUNCH&MUNCH TURB,03 CHAPINERO,Rappi,3.0,164000.0,41.0
19/04/2026,7.Sunday,COL,Bogotá,92 BRUNCH&MUNCH TURB,08 ANDES,Rappi,11.0,684800.0,171.2
19/04/2026,7.Sunday,COL,Bogotá,92 BRUNCH&MUNCH TURB,36 VILLA DEL PRADO,Rappi,2.0,92400.0,23.1
19/04/2026,7.Sunday,COL,Bogotá,92 BRUNCH&MUNCH TURB,50 CHICO,Rappi,0.0,0.0,0.0
19/04/2026,7.Sunday,COL,Bogotá,92 BRUNCH&MUNCH TURB,65 CALLE 109,Rappi,12.0,714000.0,178.5
19/04/2026,7.Sunday,COL,Bogotá,93 SAN JERONIMO TURB,01 USAQUEN,Rappi,12.0,287500.0,71.88
19/04/2026,7.Sunday,COL,Bogotá,93 SAN JERONIMO TURB,02 PARQUE 93,Rappi,12.0,494500.0,123.63
19/04/2026,7.Sunday,COL,Bogotá,93 SAN JERONIMO TURB,03 CHAPINERO,Rappi,3.0,92000.0,23.0
19/04/2026,7.Sunday,COL,Bogotá,93 SAN JERONIMO TURB,06 COLINA,Rappi,9.0,425500.0,106.38
19/04/2026,7.Sunday,COL,Bogotá,93 SAN JERONIMO TURB,08 ANDES,Rappi,4.0,103500.0,25.88
19/04/2026,7.Sunday,COL,Bogotá,93 SAN JERONIMO TURB,36 VILLA DEL PRADO,Rappi,11.0,540500.0,135.13
19/04/2026,7.Sunday,COL,Bogotá,93 SAN JERONIMO TURB,38 KENNEDY,Rappi,7.0,241500.0,60.38
19/04/2026,7.Sunday,COL,Bucaramanga,01 AVOCALIA,42 CABECERA,DiDi,1.0,37500.0,9.38
19/04/2026,7.Sunday,COL,Bucaramanga,01 AVOCALIA,42 CABECERA,Rappi,10.0,500900.0,125.23
19/04/2026,7.Sunday,COL,Bucaramanga,03 BRUNCH & MUNCH,42 CABECERA,Rappi,16.0,1012800.0,253.2
19/04/2026,7.Sunday,COL,Bucaramanga,03 BRUNCH & MUNCH,43 RUITOQUE,Rappi,0.0,0.0,0.0
19/04/2026,7.Sunday,COL,Bucaramanga,04 BURRITOS & CO,42 CABECERA,DiDi,11.0,671500.0,167.88
19/04/2026,7.Sunday,COL,Bucaramanga,04 BURRITOS & CO,42 CABECERA,Rappi,5.0,183000.0,45.75
19/04/2026,7.Sunday,COL,Bucaramanga,07 LA CUADRA,42 CABECERA,DiDi,20.0,1077400.0,269.35
19/04/2026,7.Sunday,COL,Bucaramanga,07 LA CUADRA,42 CABECERA,FoodologyPOS,2.0,38000.0,9.5
19/04/2026,7.Sunday,COL,Bucaramanga,07 LA CUADRA,42 CABECERA,Rappi,13.0,901800.0,225.45
19/04/2026,7.Sunday,COL,Bucaramanga,110 MR BEAST BURGER,42 CABECERA,DiDi,30.0,1371600.0,342.9
19/04/2026,7.Sunday,COL,Bucaramanga,110 MR BEAST BURGER,42 CABECERA,Rappi,4.0,199300.0,49.83
19/04/2026,7.Sunday,COL,Bucaramanga,1118 DEMBOW TUR,42 CABECERA,Rappi,2.0,49400.0,12.35
19/04/2026,7.Sunday,COL,Bucaramanga,1120 FOODOLOGY TUR,42 CABECERA,Rappi,1.0,90800.0,22.7
19/04/2026,7.Sunday,COL,Bucaramanga,114 MR BEAST TURBO,42 CABECERA,Rappi,1.0,41500.0,10.38
19/04/2026,7.Sunday,COL,Bucaramanga,117 LA PANQUEQUERIA,42 CABECERA,Rappi,3.0,148500.0,37.13
19/04/2026,7.Sunday,COL,Bucaramanga,205 FROST,42 CABECERA,DiDi,1.0,24500.0,6.13
19/04/2026,7.Sunday,COL,Bucaramanga,205 FROST,42 CABECERA,Rappi,1.0,43800.0,10.95
19/04/2026,7.Sunday,COL,Bucaramanga,26 ALMUERZO DE LA CA,42 CABECERA,DiDi,16.0,479700.0,119.93
19/04/2026,7.Sunday,COL,Bucaramanga,26 ALMUERZO DE LA CA,42 CABECERA,Rappi,3.0,89500.0,22.38
19/04/2026,7.Sunday,COL,Bucaramanga,27 DESAYUNO MI TIERR,42 CABECERA,DiDi,1.0,25800.0,6.45
19/04/2026,7.Sunday,COL,Bucaramanga,29 SEÑOR BURRITO,42 CABECERA,DiDi,1.0,37800.0,9.45
19/04/2026,7.Sunday,COL,Bucaramanga,29 SEÑOR BURRITO,42 CABECERA,Rappi,1.0,25400.0,6.35
19/04/2026,7.Sunday,COL,Bucaramanga,35 BRUNCH CLUB,42 CABECERA,DiDi,1.0,51800.0,12.95
19/04/2026,7.Sunday,COL,Bucaramanga,352 BURRITOS & CO TU,42 CABECERA,Rappi,23.0,1512300.0,378.08
19/04/2026,7.Sunday,COL,Bucaramanga,353 LA CUADRA TURBO,42 CABECERA,Rappi,21.0,1549000.0,387.25
19/04/2026,7.Sunday,COL,Bucaramanga,356 EL JEFE TURBO,42 CABECERA,Rappi,1.0,54800.0,13.7
19/04/2026,7.Sunday,COL,Bucaramanga,359 GREEN HOUSE,42 CABECERA,DiDi,3.0,91200.0,22.8
19/04/2026,7.Sunday,COL,Bucaramanga,359 GREEN HOUSE,42 CABECERA,Rappi,3.0,146000.0,36.5
19/04/2026,7.Sunday,COL,Bucaramanga,362 ÑAMGUCHERIA,42 CABECERA,Rappi,9.0,338700.0,84.68
19/04/2026,7.Sunday,COL,Bucaramanga,363 GREEN HOUSE TURB,42 CABECERA,Rappi,5.0,239200.0,59.8
19/04/2026,7.Sunday,COL,Bucaramanga,366 HOUSE OF SALADS,42 CABECERA,DiDi,1.0,39900.0,9.98
19/04/2026,7.Sunday,COL,Bucaramanga,373 HOUSE OF BURGERS,42 CABECERA,Rappi,1.0,49700.0,12.43
19/04/2026,7.Sunday,COL,Bucaramanga,380 BREAKFAST CLUB,42 CABECERA,DiDi,3.0,95600.0,23.9
19/04/2026,7.Sunday,COL,Bucaramanga,380 BREAKFAST CLUB,42 CABECERA,Rappi,7.0,469100.0,117.28
19/04/2026,7.Sunday,COL,Bucaramanga,381 DESAYU LA ABUELA,42 CABECERA,DiDi,4.0,164900.0,41.23
19/04/2026,7.Sunday,COL,Bucaramanga,381 DESAYU LA ABUELA,42 CABECERA,Rappi,20.0,1335800.0,333.95
19/04/2026,7.Sunday,COL,Bucaramanga,385 MAÑANERO TURBO,42 CABECERA,Rappi,3.0,133500.0,33.38
19/04/2026,7.Sunday,COL,Bucaramanga,386 LA CASA MEXICANA,42 CABECERA,DiDi,7.0,222000.0,55.5
19/04/2026,7.Sunday,COL,Bucaramanga,386 LA CASA MEXICANA,42 CABECERA,Rappi,5.0,201000.0,50.25
19/04/2026,7.Sunday,COL,Bucaramanga,387 THE EGG SPOT,42 CABECERA,DiDi,1.0,92800.0,23.2
19/04/2026,7.Sunday,COL,Bucaramanga,388 FOODHUB,42 CABECERA,Rappi,1.0,36400.0,9.1
19/04/2026,7.Sunday,COL,Bucaramanga,392 HONEST FOOD,42 CABECERA,Rappi,1.0,42900.0,10.73
19/04/2026,7.Sunday,COL,Bucaramanga,392 MONTEVERDE TURB,42 CABECERA,Rappi,6.0,211800.0,52.95
19/04/2026,7.Sunday,COL,Bucaramanga,393 EL EJECUTIVO,42 CABECERA,Rappi,2.0,59700.0,14.93
19/04/2026,7.Sunday,COL,Bucaramanga,393 HOUSEBURGER TURB,42 CABECERA,Rappi,1.0,16900.0,4.23
19/04/2026,7.Sunday,COL,Bucaramanga,402 EJECUT TRAD TURBO,42 CABECERA,Rappi,3.0,152800.0,38.2
19/04/2026,7.Sunday,COL,Bucaramanga,403 HONEST FOOD TURBO,42 CABECERA,Rappi,2.0,72500.0,18.13
19/04/2026,7.Sunday,COL,Bucaramanga,405 BREAKFACLUB TURBO,42 CABECERA,Rappi,2.0,54300.0,13.58
19/04/2026,7.Sunday,COL,Bucaramanga,409 THE EGG SPOT TU,42 CABECERA,Rappi,1.0,69000.0,17.25
19/04/2026,7.Sunday,COL,Bucaramanga,420 DESGRANADOS & CO,42 CABECERA,Rappi,1.0,45900.0,11.48
19/04/2026,7.Sunday,COL,Bucaramanga,422 BURRIT CANT TURB,42 CABECERA,Rappi,1.0,84300.0,21.08
19/04/2026,7.Sunday,COL,Bucaramanga,425 LA CASA MEXITURB,42 CABECERA,Rappi,2.0,59800.0,14.95
19/04/2026,7.Sunday,COL,Bucaramanga,426 CUADRA DESAYTURB,42 CABECERA,Rappi,1.0,64800.0,16.2
19/04/2026,7.Sunday,COL,Bucaramanga,429 SEÑOR BURRI TURB,42 CABECERA,Rappi,2.0,85100.0,21.28
19/04/2026,7.Sunday,COL,Bucaramanga,431 DESGRA & CO TURB,42 CABECERA,Rappi,2.0,135600.0,33.9
19/04/2026,7.Sunday,COL,Bucaramanga,448 DESAY COLOMBIANO,42 CABECERA,Rappi,3.0,129300.0,32.33
19/04/2026,7.Sunday,COL,Bucaramanga,54 FOODOLOGY,42 CABECERA,DiDi,1.0,34500.0,8.63
19/04/2026,7.Sunday,COL,Bucaramanga,54 FOODOLOGY,42 CABECERA,Rappi,3.0,190000.0,47.5
19/04/2026,7.Sunday,COL,Bucaramanga,57 PRET SANDWICH BIS,42 CABECERA,Rappi,4.0,172700.0,43.18
19/04/2026,7.Sunday,COL,Bucaramanga,58 ALBA VEGETARIAN,42 CABECERA,DiDi,1.0,37500.0,9.38
19/04/2026,7.Sunday,COL,Bucaramanga,59 DEMBOW,42 CABECERA,Rappi,1.0,47400.0,11.85
19/04/2026,7.Sunday,COL,Bucaramanga,66 MAÑANERO DIARIO,42 CABECERA,Rappi,2.0,177900.0,44.48
19/04/2026,7.Sunday,COL,Bucaramanga,70 BURRITO CANTINA,42 CABECERA,Rappi,1.0,19900.0,4.98
19/04/2026,7.Sunday,COL,Bucaramanga,72 VICIO,42 CABECERA,Rappi,1.0,32700.0,8.18
19/04/2026,7.Sunday,COL,Bucaramanga,73 ACPM CORRIENTAZO,42 CABECERA,Rappi,1.0,49200.0,12.3
19/04/2026,7.Sunday,COL,Bucaramanga,82 CINNABON,42 CABECERA,DiDi,1.0,11500.0,2.88
19/04/2026,7.Sunday,COL,Bucaramanga,82 CINNABON,42 CABECERA,Rappi,6.0,239800.0,59.95
19/04/2026,7.Sunday,COL,Bucaramanga,83 SANDUCHES EL JEFE,42 CABECERA,Rappi,3.0,141400.0,35.35
19/04/2026,7.Sunday,COL,Bucaramanga,86 FROST TURBO,42 CABECERA,Rappi,1.0,25800.0,6.45
19/04/2026,7.Sunday,COL,Bucaramanga,88 CINNABON TURBO,42 CABECERA,Rappi,2.0,63300.0,15.83
19/04/2026,7.Sunday,COL,Bucaramanga,90 AVOCALIA TURBO,42 CABECERA,Rappi,13.0,671000.0,167.75
19/04/2026,7.Sunday,COL,Bucaramanga,92 BRUNCH&MUNCH TURB,42 CABECERA,Rappi,4.0,201700.0,50.43
19/04/2026,7.Sunday,COL,Bucaramanga,93 SAN JERONIMO TURB,42 CABECERA,Rappi,1.0,57500.0,14.38
19/04/2026,7.Sunday,COL,Cali,01 AVOCALIA,22 SANTA MONICA,Rappi,9.0,547700.0,136.93
19/04/2026,7.Sunday,COL,Cali,01 AVOCALIA,24 SAN FERNANDO,Rappi,5.0,291800.0,72.95
19/04/2026,7.Sunday,COL,Cali,01 AVOCALIA,46 INGENIO,Rappi,12.0,609100.0,152.28
19/04/2026,7.Sunday,COL,Cali,03 BRUNCH & MUNCH,22 SANTA MONICA,Rappi,13.0,1105300.0,276.33
19/04/2026,7.Sunday,COL,Cali,03 BRUNCH & MUNCH,24 SAN FERNANDO,DiDi,1.0,63300.0,15.83
19/04/2026,7.Sunday,COL,Cali,03 BRUNCH & MUNCH,24 SAN FERNANDO,Rappi,21.0,1566600.0,391.65
19/04/2026,7.Sunday,COL,Cali,03 BRUNCH & MUNCH,46 INGENIO,DiDi,2.0,98300.0,24.58
19/04/2026,7.Sunday,COL,Cali,03 BRUNCH & MUNCH,46 INGENIO,FoodologyPOS,1.0,890500.0,222.63
19/04/2026,7.Sunday,COL,Cali,03 BRUNCH & MUNCH,46 INGENIO,Rappi,10.0,511800.0,127.95
19/04/2026,7.Sunday,COL,Cali,04 BURRITOS & CO,22 SANTA MONICA,DiDi,1.0,38800.0,9.7
19/04/2026,7.Sunday,COL,Cali,04 BURRITOS & CO,22 SANTA MONICA,Rappi,9.0,495400.0,123.85
19/04/2026,7.Sunday,COL,Cali,04 BURRITOS & CO,24 SAN FERNANDO,DiDi,5.0,351300.0,87.83
19/04/2026,7.Sunday,COL,Cali,04 BURRITOS & CO,24 SAN FERNANDO,Rappi,9.0,446000.0,111.5
19/04/2026,7.Sunday,COL,Cali,04 BURRITOS & CO,46 INGENIO,DiDi,3.0,216600.0,54.15
19/04/2026,7.Sunday,COL,Cali,04 BURRITOS & CO,46 INGENIO,Rappi,6.0,516800.0,129.2
19/04/2026,7.Sunday,COL,Cali,07 LA CUADRA,22 SANTA MONICA,DiDi,6.0,376000.0,94.0
19/04/2026,7.Sunday,COL,Cali,07 LA CUADRA,22 SANTA MONICA,Rappi,9.0,471900.0,117.98
19/04/2026,7.Sunday,COL,Cali,07 LA CUADRA,24 SAN FERNANDO,DiDi,3.0,362400.0,90.6
19/04/2026,7.Sunday,COL,Cali,07 LA CUADRA,24 SAN FERNANDO,Rappi,12.0,679300.0,169.83
19/04/2026,7.Sunday,COL,Cali,07 LA CUADRA,46 INGENIO,DiDi,10.0,538300.0,134.58
19/04/2026,7.Sunday,COL,Cali,07 LA CUADRA,46 INGENIO,Rappi,27.0,1789200.0,447.3
19/04/2026,7.Sunday,COL,Cali,110 MR BEAST BURGER,22 SANTA MONICA,DiDi,9.0,429400.0,107.35
19/04/2026,7.Sunday,COL,Cali,110 MR BEAST BURGER,22 SANTA MONICA,Rappi,5.0,289800.0,72.45
19/04/2026,7.Sunday,COL,Cali,110 MR BEAST BURGER,24 SAN FERNANDO,DiDi,11.0,616200.0,154.05
19/04/2026,7.Sunday,COL,Cali,110 MR BEAST BURGER,24 SAN FERNANDO,Rappi,5.0,278600.0,69.65
19/04/2026,7.Sunday,COL,Cali,110 MR BEAST BURGER,46 INGENIO,DiDi,33.0,1951200.0,487.8
19/04/2026,7.Sunday,COL,Cali,110 MR BEAST BURGER,46 INGENIO,Rappi,7.0,396500.0,99.13
19/04/2026,7.Sunday,COL,Cali,1117 ALMZ LA CASA TU,22 SANTA MONICA,Rappi,3.0,148100.0,37.03
19/04/2026,7.Sunday,COL,Cali,1117 ALMZ LA CASA TU,24 SAN FERNANDO,Rappi,1.0,33800.0,8.45
19/04/2026,7.Sunday,COL,Cali,113 QUE CHICKEN,46 INGENIO,Rappi,1.0,129700.0,32.43
19/04/2026,7.Sunday,COL,Cali,117 LA PANQUEQUERIA,22 SANTA MONICA,Rappi,2.0,76900.0,19.23
19/04/2026,7.Sunday,COL,Cali,117 LA PANQUEQUERIA,24 SAN FERNANDO,DiDi,1.0,31700.0,7.93
19/04/2026,7.Sunday,COL,Cali,117 LA PANQUEQUERIA,46 INGENIO,Rappi,2.0,44800.0,11.2
19/04/2026,7.Sunday,COL,Cali,14 BURGER LANE,46 INGENIO,DiDi,1.0,38900.0,9.73
19/04/2026,7.Sunday,COL,Cali,26 ALMUERZO DE LA CA,22 SANTA MONICA,DiDi,7.0,173700.0,43.43
19/04/2026,7.Sunday,COL,Cali,26 ALMUERZO DE LA CA,22 SANTA MONICA,Rappi,1.0,87600.0,21.9
19/04/2026,7.Sunday,COL,Cali,26 ALMUERZO DE LA CA,24 SAN FERNANDO,DiDi,1.0,22800.0,5.7
19/04/2026,7.Sunday,COL,Cali,26 ALMUERZO DE LA CA,24 SAN FERNANDO,Rappi,3.0,120700.0,30.18
19/04/2026,7.Sunday,COL,Cali,26 ALMUERZO DE LA CA,46 INGENIO,DiDi,2.0,93600.0,23.4
19/04/2026,7.Sunday,COL,Cali,26 ALMUERZO DE LA CA,46 INGENIO,Rappi,6.0,216500.0,54.13
19/04/2026,7.Sunday,COL,Cali,29 SEÑOR BURRITO,22 SANTA MONICA,DiDi,1.0,15900.0,3.98
19/04/2026,7.Sunday,COL,Cali,29 SEÑOR BURRITO,24 SAN FERNANDO,DiDi,1.0,25400.0,6.35
19/04/2026,7.Sunday,COL,Cali,35 BRUNCH CLUB,46 INGENIO,DiDi,2.0,107700.0,26.93
19/04/2026,7.Sunday,COL,Cali,352 BURRITOS & CO TU,24 SAN FERNANDO,Rappi,3.0,210700.0,52.68
19/04/2026,7.Sunday,COL,Cali,353 LA CUADRA TURBO,22 SANTA MONICA,Rappi,2.0,158900.0,39.73
19/04/2026,7.Sunday,COL,Cali,353 LA CUADRA TURBO,24 SAN FERNANDO,Rappi,7.0,520400.0,130.1
19/04/2026,7.Sunday,COL,Cali,359 GREEN HOUSE,22 SANTA MONICA,DiDi,4.0,111300.0,27.83
19/04/2026,7.Sunday,COL,Cali,359 GREEN HOUSE,22 SANTA MONICA,Rappi,3.0,96800.0,24.2
19/04/2026,7.Sunday,COL,Cali,359 GREEN HOUSE,24 SAN FERNANDO,DiDi,1.0,44000.0,11.0
19/04/2026,7.Sunday,COL,Cali,359 GREEN HOUSE,24 SAN FERNANDO,Rappi,6.0,210600.0,52.65
19/04/2026,7.Sunday,COL,Cali,359 GREEN HOUSE,46 INGENIO,DiDi,4.0,125700.0,31.43
19/04/2026,7.Sunday,COL,Cali,359 GREEN HOUSE,46 INGENIO,Rappi,8.0,310800.0,77.7
19/04/2026,7.Sunday,COL,Cali,362 ÑAMGUCHERIA,22 SANTA MONICA,Rappi,1.0,43500.0,10.88
19/04/2026,7.Sunday,COL,Cali,362 ÑAMGUCHERIA,24 SAN FERNANDO,Rappi,4.0,254900.0,63.73
19/04/2026,7.Sunday,COL,Cali,362 ÑAMGUCHERIA,46 INGENIO,DiDi,1.0,41500.0,10.38
19/04/2026,7.Sunday,COL,Cali,362 ÑAMGUCHERIA,46 INGENIO,Rappi,7.0,455700.0,113.93
19/04/2026,7.Sunday,COL,Cali,363 GREEN HOUSE TURB,24 SAN FERNANDO,Rappi,2.0,91300.0,22.83
19/04/2026,7.Sunday,COL,Cali,366 HOUSE OF SALADS,22 SANTA MONICA,Rappi,1.0,38900.0,9.73
19/04/2026,7.Sunday,COL,Cali,366 HOUSE OF SALADS,24 SAN FERNANDO,Rappi,1.0,55000.0,13.75
19/04/2026,7.Sunday,COL,Cali,366 HOUSE OF SALADS,46 INGENIO,Rappi,1.0,27500.0,6.88
19/04/2026,7.Sunday,COL,Cali,370 MONTEVERDE,22 SANTA MONICA,DiDi,1.0,39900.0,9.98
19/04/2026,7.Sunday,COL,Cali,370 MONTEVERDE,46 INGENIO,DiDi,1.0,42800.0,10.7
19/04/2026,7.Sunday,COL,Cali,373 HOUSE OF BURGERS,46 INGENIO,Rappi,2.0,103500.0,25.88
19/04/2026,7.Sunday,COL,Cali,380 BREAKFAST CLUB,22 SANTA MONICA,Rappi,7.0,369700.0,92.43
19/04/2026,7.Sunday,COL,Cali,380 BREAKFAST CLUB,24 SAN FERNANDO,DiDi,2.0,63400.0,15.85
19/04/2026,7.Sunday,COL,Cali,380 BREAKFAST CLUB,24 SAN FERNANDO,Rappi,11.0,687100.0,171.78
19/04/2026,7.Sunday,COL,Cali,380 BREAKFAST CLUB,46 INGENIO,Rappi,16.0,986000.0,246.5
19/04/2026,7.Sunday,COL,Cali,381 DESAYU LA ABUELA,22 SANTA MONICA,DiDi,2.0,144800.0,36.2
19/04/2026,7.Sunday,COL,Cali,381 DESAYU LA ABUELA,22 SANTA MONICA,Rappi,11.0,687200.0,171.8
19/04/2026,7.Sunday,COL,Cali,381 DESAYU LA ABUELA,24 SAN FERNANDO,DiDi,3.0,233600.0,58.4
19/04/2026,7.Sunday,COL,Cali,381 DESAYU LA ABUELA,24 SAN FERNANDO,Rappi,10.0,701800.0,175.45
19/04/2026,7.Sunday,COL,Cali,381 DESAYU LA ABUELA,46 INGENIO,DiDi,2.0,120700.0,30.18
19/04/2026,7.Sunday,COL,Cali,381 DESAYU LA ABUELA,46 INGENIO,Rappi,18.0,1102400.0,275.6
19/04/2026,7.Sunday,COL,Cali,385 MAÑANERO TURBO,24 SAN FERNANDO,Rappi,1.0,37800.0,9.45
19/04/2026,7.Sunday,COL,Cali,386 LA CASA MEXICANA,22 SANTA MONICA,DiDi,1.0,29900.0,7.48
19/04/2026,7.Sunday,COL,Cali,386 LA CASA MEXICANA,22 SANTA MONICA,Rappi,2.0,70700.0,17.68
19/04/2026,7.Sunday,COL,Cali,386 LA CASA MEXICANA,24 SAN FERNANDO,DiDi,1.0,21900.0,5.48
19/04/2026,7.Sunday,COL,Cali,386 LA CASA MEXICANA,24 SAN FERNANDO,Rappi,4.0,190000.0,47.5
19/04/2026,7.Sunday,COL,Cali,386 LA CASA MEXICANA,46 INGENIO,DiDi,5.0,173300.0,43.33
19/04/2026,7.Sunday,COL,Cali,386 LA CASA MEXICANA,46 INGENIO,Rappi,4.0,167400.0,41.85
19/04/2026,7.Sunday,COL,Cali,387 THE EGG SPOT,22 SANTA MONICA,Rappi,2.0,188900.0,47.23
19/04/2026,7.Sunday,COL,Cali,387 THE EGG SPOT,24 SAN FERNANDO,Rappi,1.0,33000.0,8.25
19/04/2026,7.Sunday,COL,Cali,387 THE EGG SPOT,46 INGENIO,Rappi,1.0,44900.0,11.23
19/04/2026,7.Sunday,COL,Cali,388 FOODHUB,22 SANTA MONICA,DiDi,2.0,76600.0,19.15
19/04/2026,7.Sunday,COL,Cali,388 FOODHUB,22 SANTA MONICA,Rappi,1.0,102500.0,25.63
19/04/2026,7.Sunday,COL,Cali,388 FOODHUB,46 INGENIO,DiDi,1.0,25900.0,6.48
19/04/2026,7.Sunday,COL,Cali,392 HONEST FOOD,22 SANTA MONICA,Rappi,2.0,134900.0,33.73
19/04/2026,7.Sunday,COL,Cali,392 HONEST FOOD,46 INGENIO,Rappi,3.0,171600.0,42.9
19/04/2026,7.Sunday,COL,Cali,392 MONTEVERDE TURB,24 SAN FERNANDO,Rappi,5.0,207400.0,51.85
19/04/2026,7.Sunday,COL,Cali,393 EL EJECUTIVO,22 SANTA MONICA,Rappi,2.0,110400.0,27.6
19/04/2026,7.Sunday,COL,Cali,393 EL EJECUTIVO,46 INGENIO,Rappi,1.0,41900.0,10.48
19/04/2026,7.Sunday,COL,Cali,394 COCINA CONSCIENT,46 INGENIO,DiDi,2.0,79800.0,19.95
19/04/2026,7.Sunday,COL,Cali,394 COCINA CONSCIENT,46 INGENIO,Rappi,1.0,78400.0,19.6
19/04/2026,7.Sunday,COL,Cali,401 DESA ABUELA TURBO,22 SANTA MONICA,Rappi,1.0,34500.0,8.63
19/04/2026,7.Sunday,COL,Cali,405 BREAKFACLUB TURBO,22 SANTA MONICA,Rappi,2.0,96600.0,24.15
19/04/2026,7.Sunday,COL,Cali,405 BREAKFACLUB TURBO,24 SAN FERNANDO,Rappi,1.0,34500.0,8.63
19/04/2026,7.Sunday,COL,Cali,413 HOUSE SALAD TURB,22 SANTA MONICA,Rappi,2.0,127700.0,31.93
19/04/2026,7.Sunday,COL,Cali,420 DESGRANADOS & CO,22 SANTA MONICA,Rappi,2.0,121700.0,30.43
19/04/2026,7.Sunday,COL,Cali,420 DESGRANADOS & CO,24 SAN FERNANDO,Rappi,1.0,51800.0,12.95
19/04/2026,7.Sunday,COL,Cali,420 DESGRANADOS & CO,46 INGENIO,Rappi,2.0,122500.0,30.63
19/04/2026,7.Sunday,COL,Cali,421 ACPM CORRI TURBO,22 SANTA MONICA,Rappi,2.0,71700.0,17.93
19/04/2026,7.Sunday,COL,Cali,423 DESAY TIERRITURB,24 SAN FERNANDO,Rappi,1.0,38400.0,9.6
19/04/2026,7.Sunday,COL,Cali,426 CUADRA DESAYTURB,24 SAN FERNANDO,Rappi,1.0,34700.0,8.68
19/04/2026,7.Sunday,COL,Cali,429 SEÑOR BURRI TURB,24 SAN FERNANDO,Rappi,2.0,39800.0,9.95
19/04/2026,7.Sunday,COL,Cali,431 DESGRA & CO TURB,22 SANTA MONICA,Rappi,2.0,62800.0,15.7
19/04/2026,7.Sunday,COL,Cali,431 DESGRA & CO TURB,24 SAN FERNANDO,Rappi,1.0,33900.0,8.48
19/04/2026,7.Sunday,COL,Cali,448 DESAY COLOMBIANO,22 SANTA MONICA,Rappi,1.0,54700.0,13.68
19/04/2026,7.Sunday,COL,Cali,448 DESAY COLOMBIANO,24 SAN FERNANDO,Rappi,2.0,81000.0,20.25
19/04/2026,7.Sunday,COL,Cali,448 DESAY COLOMBIANO,46 INGENIO,Rappi,1.0,41800.0,10.45
19/04/2026,7.Sunday,COL,Cali,54 FOODOLOGY,22 SANTA MONICA,Rappi,2.0,137900.0,34.48
19/04/2026,7.Sunday,COL,Cali,57 PRET SANDWICH BIS,46 INGENIO,Rappi,1.0,30500.0,7.63
19/04/2026,7.Sunday,COL,Cali,58 ALBA VEGETARIAN,24 SAN FERNANDO,DiDi,1.0,30800.0,7.7
19/04/2026,7.Sunday,COL,Cali,58 ALBA VEGETARIAN,24 SAN FERNANDO,Rappi,1.0,30400.0,7.6
19/04/2026,7.Sunday,COL,Cali,59 DEMBOW,22 SANTA MONICA,Rappi,1.0,44900.0,11.23
19/04/2026,7.Sunday,COL,Cali,72 VICIO,24 SAN FERNANDO,Rappi,1.0,41800.0,10.45
19/04/2026,7.Sunday,COL,Cali,72 VICIO,46 INGENIO,Rappi,2.0,71300.0,17.83
19/04/2026,7.Sunday,COL,Cali,73 ACPM CORRIENTAZO,46 INGENIO,Rappi,1.0,23900.0,5.98
19/04/2026,7.Sunday,COL,Cali,82 CINNABON,22 SANTA MONICA,DiDi,1.0,11500.0,2.88
19/04/2026,7.Sunday,COL,Cali,82 CINNABON,22 SANTA MONICA,Rappi,2.0,68300.0,17.08
19/04/2026,7.Sunday,COL,Cali,82 CINNABON,24 SAN FERNANDO,DiDi,1.0,20500.0,5.13
19/04/2026,7.Sunday,COL,Cali,82 CINNABON,24 SAN FERNANDO,Rappi,3.0,113800.0,28.45
19/04/2026,7.Sunday,COL,Cali,82 CINNABON,46 INGENIO,Rappi,12.0,374400.0,93.6
19/04/2026,7.Sunday,COL,Cali,83 SANDUCHES EL JEFE,22 SANTA MONICA,DiDi,1.0,25500.0,6.38
19/04/2026,7.Sunday,COL,Cali,83 SANDUCHES EL JEFE,22 SANTA MONICA,Rappi,1.0,34400.0,8.6
19/04/2026,7.Sunday,COL,Cali,83 SANDUCHES EL JEFE,24 SAN FERNANDO,DiDi,2.0,94300.0,23.58
19/04/2026,7.Sunday,COL,Cali,83 SANDUCHES EL JEFE,24 SAN FERNANDO,Rappi,1.0,89000.0,22.25
19/04/2026,7.Sunday,COL,Cali,83 SANDUCHES EL JEFE,46 INGENIO,DiDi,3.0,142500.0,35.63
19/04/2026,7.Sunday,COL,Cali,83 SANDUCHES EL JEFE,46 INGENIO,Rappi,1.0,26900.0,6.73
19/04/2026,7.Sunday,COL,Cali,87 VICIO TURBO,24 SAN FERNANDO,Rappi,1.0,49500.0,12.38
19/04/2026,7.Sunday,COL,Cali,90 AVOCALIA TURBO,22 SANTA MONICA,Rappi,2.0,62700.0,15.68
19/04/2026,7.Sunday,COL,Cali,90 AVOCALIA TURBO,24 SAN FERNANDO,Rappi,3.0,126500.0,31.63
19/04/2026,7.Sunday,COL,Cartagena,01 AVOCALIA,33 CARTAGENA,DiDi,1.0,56400.0,14.1
19/04/2026,7.Sunday,COL,Cartagena,01 AVOCALIA,33 CARTAGENA,Rappi,19.0,899800.0,224.95
19/04/2026,7.Sunday,COL,Cartagena,03 BRUNCH & MUNCH,33 CARTAGENA,DiDi,1.0,29700.0,7.43
19/04/2026,7.Sunday,COL,Cartagena,03 BRUNCH & MUNCH,33 CARTAGENA,Rappi,19.0,1379100.0,344.78
19/04/2026,7.Sunday,COL,Cartagena,04 BURRITOS & CO,33 CARTAGENA,Rappi,5.0,330100.0,82.53
19/04/2026,7.Sunday,COL,Cartagena,07 LA CUADRA,33 CARTAGENA,DiDi,1.0,41500.0,10.38
19/04/2026,7.Sunday,COL,Cartagena,07 LA CUADRA,33 CARTAGENA,Rappi,18.0,1095600.0,273.9
19/04/2026,7.Sunday,COL,Cartagena,110 MR BEAST BURGER,33 CARTAGENA,DiDi,8.0,381400.0,95.35
19/04/2026,7.Sunday,COL,Cartagena,110 MR BEAST BURGER,33 CARTAGENA,Rappi,3.0,152200.0,38.05
19/04/2026,7.Sunday,COL,Cartagena,1117 ALMZ LA CASA TU,33 CARTAGENA,Rappi,2.0,98800.0,24.7
19/04/2026,7.Sunday,COL,Cartagena,114 MR BEAST TURBO,33 CARTAGENA,Rappi,6.0,212100.0,53.03
19/04/2026,7.Sunday,COL,Cartagena,117 LA PANQUEQUERIA,33 CARTAGENA,Rappi,1.0,47400.0,11.85
19/04/2026,7.Sunday,COL,Cartagena,26 ALMUERZO DE LA CA,33 CARTAGENA,DiDi,3.0,90500.0,22.63
19/04/2026,7.Sunday,COL,Cartagena,26 ALMUERZO DE LA CA,33 CARTAGENA,Rappi,2.0,110400.0,27.6
19/04/2026,7.Sunday,COL,Cartagena,27 DESAYUNO MI TIERR,33 CARTAGENA,Rappi,2.0,92200.0,23.05
19/04/2026,7.Sunday,COL,Cartagena,29 SEÑOR BURRITO,33 CARTAGENA,DiDi,1.0,97200.0,24.3
19/04/2026,7.Sunday,COL,Cartagena,29 SEÑOR BURRITO,33 CARTAGENA,Rappi,1.0,29800.0,7.45
19/04/2026,7.Sunday,COL,Cartagena,352 BURRITOS & CO TU,33 CARTAGENA,Rappi,3.0,111500.0,27.88
19/04/2026,7.Sunday,COL,Cartagena,353 LA CUADRA TURBO,33 CARTAGENA,Rappi,3.0,234000.0,58.5
19/04/2026,7.Sunday,COL,Cartagena,359 GREEN HOUSE,33 CARTAGENA,Rappi,10.0,427200.0,106.8
19/04/2026,7.Sunday,COL,Cartagena,362 ÑAMGUCHERIA,33 CARTAGENA,Rappi,12.0,522500.0,130.63
19/04/2026,7.Sunday,COL,Cartagena,363 GREEN HOUSE TURB,33 CARTAGENA,Rappi,7.0,372000.0,93.0
19/04/2026,7.Sunday,COL,Cartagena,373 HOUSE OF BURGERS,33 CARTAGENA,Rappi,1.0,161400.0,40.35
19/04/2026,7.Sunday,COL,Cartagena,380 BREAKFAST CLUB,33 CARTAGENA,Rappi,8.0,607400.0,151.85
19/04/2026,7.Sunday,COL,Cartagena,381 DESAYU LA ABUELA,33 CARTAGENA,Rappi,17.0,1432200.0,358.05
19/04/2026,7.Sunday,COL,Cartagena,382 ALBA VEGE TURBO,33 CARTAGENA,Rappi,1.0,55200.0,13.8
19/04/2026,7.Sunday,COL,Cartagena,386 LA CASA MEXICANA,33 CARTAGENA,DiDi,1.0,104600.0,26.15
19/04/2026,7.Sunday,COL,Cartagena,387 THE EGG SPOT,33 CARTAGENA,Rappi,1.0,57400.0,14.35
19/04/2026,7.Sunday,COL,Cartagena,392 HONEST FOOD,33 CARTAGENA,Rappi,4.0,255400.0,63.85
19/04/2026,7.Sunday,COL,Cartagena,392 MONTEVERDE TURB,33 CARTAGENA,Rappi,2.0,82200.0,20.55
19/04/2026,7.Sunday,COL,Cartagena,393 EL EJECUTIVO,33 CARTAGENA,Rappi,2.0,99600.0,24.9
19/04/2026,7.Sunday,COL,Cartagena,393 HOUSEBURGER TURB,33 CARTAGENA,Rappi,2.0,128300.0,32.08
19/04/2026,7.Sunday,COL,Cartagena,394 COCINA CONSCIENT,33 CARTAGENA,DiDi,1.0,23900.0,5.98
19/04/2026,7.Sunday,COL,Cartagena,396 NUMA MEDITERRAN,33 CARTAGENA,Rappi,1.0,33800.0,8.45
19/04/2026,7.Sunday,COL,Cartagena,402 EJECUT TRAD TURBO,33 CARTAGENA,Rappi,1.0,28500.0,7.13
19/04/2026,7.Sunday,COL,Cartagena,403 HONEST FOOD TURBO,33 CARTAGENA,Rappi,2.0,106500.0,26.63
19/04/2026,7.Sunday,COL,Cartagena,413 HOUSE SALAD TURB,33 CARTAGENA,Rappi,1.0,33400.0,8.35
19/04/2026,7.Sunday,COL,Cartagena,420 DESGRANADOS & CO,33 CARTAGENA,Rappi,1.0,85900.0,21.48
19/04/2026,7.Sunday,COL,Cartagena,421 ACPM CORRI TURBO,33 CARTAGENA,Rappi,1.0,63400.0,15.85
19/04/2026,7.Sunday,COL,Cartagena,422 BURRIT CANT TURB,33 CARTAGENA,Rappi,1.0,30800.0,7.7
19/04/2026,7.Sunday,COL,Cartagena,425 LA CASA MEXITURB,33 CARTAGENA,Rappi,3.0,114600.0,28.65
19/04/2026,7.Sunday,COL,Cartagena,429 SEÑOR BURRI TURB,33 CARTAGENA,Rappi,1.0,42900.0,10.73
19/04/2026,7.Sunday,COL,Cartagena,448 DESAY COLOMBIANO,33 CARTAGENA,Rappi,1.0,52600.0,13.15
19/04/2026,7.Sunday,COL,Cartagena,58 ALBA VEGETARIAN,33 CARTAGENA,DiDi,1.0,97300.0,24.33
19/04/2026,7.Sunday,COL,Cartagena,72 VICIO,33 CARTAGENA,Rappi,1.0,45900.0,11.48
19/04/2026,7.Sunday,COL,Cartagena,82 CINNABON,33 CARTAGENA,Rappi,5.0,217100.0,54.28
19/04/2026,7.Sunday,COL,Cartagena,83 SANDUCHES EL JEFE,33 CARTAGENA,Rappi,2.0,140900.0,35.23
19/04/2026,7.Sunday,COL,Cartagena,90 AVOCALIA TURBO,33 CARTAGENA,Rappi,4.0,173400.0,43.35
19/04/2026,7.Sunday,COL,Cartagena,93 SAN JERONIMO TURB,33 CARTAGENA,Rappi,1.0,46000.0,11.5
19/04/2026,7.Sunday,COL,Medellín,01 AVOCALIA,11 MANILA,DiDi,1.0,58000.0,14.5
19/04/2026,7.Sunday,COL,Medellín,01 AVOCALIA,11 MANILA,Rappi,19.0,798200.0,199.55
19/04/2026,7.Sunday,COL,Medellín,01 AVOCALIA,12 LAURELES,DiDi,1.0,96800.0,24.2
19/04/2026,7.Sunday,COL,Medellín,01 AVOCALIA,12 LAURELES,Rappi,17.0,837100.0,209.28
19/04/2026,7.Sunday,COL,Medellín,01 AVOCALIA,14 ENVIGADO,Rappi,9.0,563700.0,140.93
19/04/2026,7.Sunday,COL,Medellín,01 AVOCALIA,18 BELLO,DiDi,2.0,83900.0,20.98
19/04/2026,7.Sunday,COL,Medellín,01 AVOCALIA,18 BELLO,FoodologyPOS,1.0,124500.0,31.13
19/04/2026,7.Sunday,COL,Medellín,01 AVOCALIA,18 BELLO,Rappi,5.0,251100.0,62.78
19/04/2026,7.Sunday,COL,Medellín,01 AVOCALIA,29 ITAGUI,Rappi,10.0,502000.0,125.5
19/04/2026,7.Sunday,COL,Medellín,02 BOTTANIKO,12 LAURELES,Rappi,1.0,78700.0,19.68
19/04/2026,7.Sunday,COL,Medellín,03 BRUNCH & MUNCH,11 MANILA,DiDi,3.0,193400.0,48.35
19/04/2026,7.Sunday,COL,Medellín,03 BRUNCH & MUNCH,11 MANILA,Rappi,51.0,4168500.0,1042.13
19/04/2026,7.Sunday,COL,Medellín,03 BRUNCH & MUNCH,12 LAURELES,DiDi,2.0,108900.0,27.23
19/04/2026,7.Sunday,COL,Medellín,03 BRUNCH & MUNCH,12 LAURELES,Rappi,38.0,2396200.0,599.05
19/04/2026,7.Sunday,COL,Medellín,03 BRUNCH & MUNCH,14 ENVIGADO,DiDi,2.0,65000.0,16.25
19/04/2026,7.Sunday,COL,Medellín,03 BRUNCH & MUNCH,14 ENVIGADO,Rappi,33.0,2215100.0,553.78
19/04/2026,7.Sunday,COL,Medellín,03 BRUNCH & MUNCH,18 BELLO,DiDi,3.0,256500.0,64.13
19/04/2026,7.Sunday,COL,Medellín,03 BRUNCH & MUNCH,18 BELLO,Rappi,7.0,395300.0,98.83
19/04/2026,7.Sunday,COL,Medellín,03 BRUNCH & MUNCH,19 LLANOGRANDE,Rappi,0.0,0.0,0.0
19/04/2026,7.Sunday,COL,Medellín,03 BRUNCH & MUNCH,29 ITAGUI,DiDi,2.0,73900.0,18.48
19/04/2026,7.Sunday,COL,Medellín,03 BRUNCH & MUNCH,29 ITAGUI,Rappi,12.0,846000.0,211.5
19/04/2026,7.Sunday,COL,Medellín,04 BURRITOS & CO,11 MANILA,DiDi,6.0,472200.0,118.05
19/04/2026,7.Sunday,COL,Medellín,04 BURRITOS & CO,11 MANILA,Rappi,11.0,534500.0,133.63
19/04/2026,7.Sunday,COL,Medellín,04 BURRITOS & CO,12 LAURELES,DiDi,13.0,945200.0,236.3
19/04/2026,7.Sunday,COL,Medellín,04 BURRITOS & CO,12 LAURELES,Rappi,16.0,884100.0,221.03
19/04/2026,7.Sunday,COL,Medellín,04 BURRITOS & CO,14 ENVIGADO,DiDi,9.0,636300.0,159.08
19/04/2026,7.Sunday,COL,Medellín,04 BURRITOS & CO,14 ENVIGADO,Rappi,5.0,212300.0,53.08
19/04/2026,7.Sunday,COL,Medellín,04 BURRITOS & CO,18 BELLO,DiDi,8.0,557600.0,139.4
19/04/2026,7.Sunday,COL,Medellín,04 BURRITOS & CO,18 BELLO,Rappi,4.0,170200.0,42.55
19/04/2026,7.Sunday,COL,Medellín,04 BURRITOS & CO,29 ITAGUI,DiDi,9.0,650500.0,162.63
19/04/2026,7.Sunday,COL,Medellín,04 BURRITOS & CO,29 ITAGUI,Rappi,8.0,529600.0,132.4
19/04/2026,7.Sunday,COL,Medellín,07 LA CUADRA,11 MANILA,DiDi,4.0,223900.0,55.98
19/04/2026,7.Sunday,COL,Medellín,07 LA CUADRA,11 MANILA,Rappi,4.0,173300.0,43.33
19/04/2026,7.Sunday,COL,Medellín,07 LA CUADRA,12 LAURELES,DiDi,9.0,500500.0,125.13
19/04/2026,7.Sunday,COL,Medellín,07 LA CUADRA,12 LAURELES,Rappi,12.0,735800.0,183.95
19/04/2026,7.Sunday,COL,Medellín,07 LA CUADRA,14 ENVIGADO,DiDi,11.0,731600.0,182.9
19/04/2026,7.Sunday,COL,Medellín,07 LA CUADRA,14 ENVIGADO,Rappi,6.0,369600.0,92.4
19/04/2026,7.Sunday,COL,Medellín,07 LA CUADRA,18 BELLO,DiDi,6.0,345400.0,86.35
19/04/2026,7.Sunday,COL,Medellín,07 LA CUADRA,18 BELLO,Rappi,4.0,276600.0,69.15
19/04/2026,7.Sunday,COL,Medellín,07 LA CUADRA,29 ITAGUI,DiDi,3.0,245300.0,61.33
19/04/2026,7.Sunday,COL,Medellín,07 LA CUADRA,29 ITAGUI,Justo,1.0,39800.0,9.95
19/04/2026,7.Sunday,COL,Medellín,07 LA CUADRA,29 ITAGUI,Rappi,8.0,552600.0,138.15
19/04/2026,7.Sunday,COL,Medellín,110 MR BEAST BURGER,11 MANILA,DiDi,14.0,680200.0,170.05
19/04/2026,7.Sunday,COL,Medellín,110 MR BEAST BURGER,11 MANILA,Rappi,3.0,206400.0,51.6
19/04/2026,7.Sunday,COL,Medellín,110 MR BEAST BURGER,12 LAURELES,DiDi,32.0,1517200.0,379.3
19/04/2026,7.Sunday,COL,Medellín,110 MR BEAST BURGER,12 LAURELES,Rappi,6.0,437000.0,109.25
19/04/2026,7.Sunday,COL,Medellín,110 MR BEAST BURGER,14 ENVIGADO,DiDi,16.0,833200.0,208.3
19/04/2026,7.Sunday,COL,Medellín,110 MR BEAST BURGER,14 ENVIGADO,Rappi,2.0,123800.0,30.95
19/04/2026,7.Sunday,COL,Medellín,110 MR BEAST BURGER,18 BELLO,DiDi,9.0,508000.0,127.0
19/04/2026,7.Sunday,COL,Medellín,110 MR BEAST BURGER,18 BELLO,Rappi,1.0,79800.0,19.95
19/04/2026,7.Sunday,COL,Medellín,110 MR BEAST BURGER,29 ITAGUI,DiDi,13.0,719200.0,179.8
19/04/2026,7.Sunday,COL,Medellín,110 MR BEAST BURGER,29 ITAGUI,Rappi,6.0,315800.0,78.95
19/04/2026,7.Sunday,COL,Medellín,1117 ALMZ LA CASA TU,11 MANILA,Rappi,1.0,23900.0,5.98
19/04/2026,7.Sunday,COL,Medellín,1117 ALMZ LA CASA TU,12 LAURELES,Rappi,2.0,56300.0,14.08
19/04/2026,7.Sunday,COL,Medellín,1118 DEMBOW TUR,11 MANILA,Rappi,5.0,324700.0,81.18
19/04/2026,7.Sunday,COL,Medellín,1118 DEMBOW TUR,12 LAURELES,Rappi,2.0,156400.0,39.1
19/04/2026,7.Sunday,COL,Medellín,1120 FOODOLOGY TUR,11 MANILA,Rappi,1.0,21900.0,5.48
19/04/2026,7.Sunday,COL,Medellín,114 MR BEAST TURBO,12 LAURELES,Rappi,10.0,570500.0,142.63
19/04/2026,7.Sunday,COL,Medellín,117 LA PANQUEQUERIA,11 MANILA,Rappi,4.0,240800.0,60.2
19/04/2026,7.Sunday,COL,Medellín,117 LA PANQUEQUERIA,12 LAURELES,DiDi,1.0,23900.0,5.98
19/04/2026,7.Sunday,COL,Medellín,117 LA PANQUEQUERIA,12 LAURELES,Rappi,4.0,222700.0,55.68
19/04/2026,7.Sunday,COL,Medellín,117 LA PANQUEQUERIA,14 ENVIGADO,Rappi,2.0,146200.0,36.55
19/04/2026,7.Sunday,COL,Medellín,117 LA PANQUEQUERIA,18 BELLO,DiDi,3.0,101400.0,25.35
19/04/2026,7.Sunday,COL,Medellín,117 LA PANQUEQUERIA,18 BELLO,Rappi,1.0,30800.0,7.7
19/04/2026,7.Sunday,COL,Medellín,14 BURGER LANE,29 ITAGUI,Rappi,1.0,39900.0,9.98
19/04/2026,7.Sunday,COL,Medellín,205 FROST,11 MANILA,DiDi,2.0,25800.0,6.45
19/04/2026,7.Sunday,COL,Medellín,205 FROST,11 MANILA,Rappi,1.0,30900.0,7.73
19/04/2026,7.Sunday,COL,Medellín,205 FROST,12 LAURELES,Rappi,2.0,36800.0,9.2
19/04/2026,7.Sunday,COL,Medellín,205 FROST,14 ENVIGADO,Rappi,1.0,36800.0,9.2
19/04/2026,7.Sunday,COL,Medellín,205 FROST,29 ITAGUI,Rappi,2.0,56800.0,14.2
19/04/2026,7.Sunday,COL,Medellín,26 ALMUERZO DE LA CA,11 MANILA,DiDi,3.0,131400.0,32.85
19/04/2026,7.Sunday,COL,Medellín,26 ALMUERZO DE LA CA,12 LAURELES,DiDi,7.0,242500.0,60.63
19/04/2026,7.Sunday,COL,Medellín,26 ALMUERZO DE LA CA,12 LAURELES,Rappi,1.0,21900.0,5.48
19/04/2026,7.Sunday,COL,Medellín,26 ALMUERZO DE LA CA,14 ENVIGADO,DiDi,7.0,277100.0,69.28
19/04/2026,7.Sunday,COL,Medellín,26 ALMUERZO DE LA CA,18 BELLO,DiDi,3.0,90100.0,22.53
19/04/2026,7.Sunday,COL,Medellín,26 ALMUERZO DE LA CA,29 ITAGUI,DiDi,3.0,89100.0,22.28
19/04/2026,7.Sunday,COL,Medellín,26 ALMUERZO DE LA CA,29 ITAGUI,Rappi,1.0,21900.0,5.48
19/04/2026,7.Sunday,COL,Medellín,27 DESAYUNO MI TIERR,14 ENVIGADO,Rappi,1.0,114600.0,28.65
19/04/2026,7.Sunday,COL,Medellín,29 SEÑOR BURRITO,11 MANILA,DiDi,2.0,76100.0,19.03
19/04/2026,7.Sunday,COL,Medellín,29 SEÑOR BURRITO,14 ENVIGADO,DiDi,2.0,120700.0,30.18
19/04/2026,7.Sunday,COL,Medellín,29 SEÑOR BURRITO,18 BELLO,DiDi,1.0,17800.0,4.45
19/04/2026,7.Sunday,COL,Medellín,29 SEÑOR BURRITO,18 BELLO,Rappi,1.0,37800.0,9.45
19/04/2026,7.Sunday,COL,Medellín,29 SEÑOR BURRITO,29 ITAGUI,DiDi,1.0,61900.0,15.48
19/04/2026,7.Sunday,COL,Medellín,29 SEÑOR BURRITO,29 ITAGUI,Rappi,1.0,23500.0,5.88
19/04/2026,7.Sunday,COL,Medellín,33 LA CUADRA DESAYUN,18 BELLO,Rappi,1.0,23900.0,5.98
19/04/2026,7.Sunday,COL,Medellín,35 BRUNCH CLUB,11 MANILA,DiDi,4.0,231700.0,57.93
19/04/2026,7.Sunday,COL,Medellín,35 BRUNCH CLUB,12 LAURELES,DiDi,2.0,89300.0,22.33
19/04/2026,7.Sunday,COL,Medellín,35 BRUNCH CLUB,14 ENVIGADO,DiDi,1.0,45800.0,11.45
19/04/2026,7.Sunday,COL,Medellín,35 BRUNCH CLUB,18 BELLO,DiDi,2.0,67800.0,16.95
19/04/2026,7.Sunday,COL,Medellín,35 BRUNCH CLUB,29 ITAGUI,DiDi,2.0,145800.0,36.45
19/04/2026,7.Sunday,COL,Medellín,352 BURRITOS & CO TU,11 MANILA,Rappi,29.0,1530500.0,382.63
19/04/2026,7.Sunday,COL,Medellín,352 BURRITOS & CO TU,12 LAURELES,Rappi,18.0,890200.0,222.55
19/04/2026,7.Sunday,COL,Medellín,353 LA CUADRA TURBO,11 MANILA,Rappi,11.0,789900.0,197.48
19/04/2026,7.Sunday,COL,Medellín,353 LA CUADRA TURBO,12 LAURELES,Rappi,6.0,440700.0,110.18
19/04/2026,7.Sunday,COL,Medellín,356 EL JEFE TURBO,11 MANILA,Rappi,4.0,165500.0,41.38
19/04/2026,7.Sunday,COL,Medellín,356 EL JEFE TURBO,12 LAURELES,Rappi,2.0,68000.0,17.0
19/04/2026,7.Sunday,COL,Medellín,359 GREEN HOUSE,11 MANILA,DiDi,10.0,327700.0,81.93
19/04/2026,7.Sunday,COL,Medellín,359 GREEN HOUSE,11 MANILA,Rappi,8.0,435200.0,108.8
19/04/2026,7.Sunday,COL,Medellín,359 GREEN HOUSE,12 LAURELES,DiDi,16.0,689000.0,172.25
19/04/2026,7.Sunday,COL,Medellín,359 GREEN HOUSE,12 LAURELES,Rappi,17.0,797400.0,199.35
19/04/2026,7.Sunday,COL,Medellín,359 GREEN HOUSE,14 ENVIGADO,DiDi,10.0,472400.0,118.1
19/04/2026,7.Sunday,COL,Medellín,359 GREEN HOUSE,14 ENVIGADO,Rappi,9.0,412000.0,103.0
19/04/2026,7.Sunday,COL,Medellín,359 GREEN HOUSE,18 BELLO,DiDi,5.0,187500.0,46.88
19/04/2026,7.Sunday,COL,Medellín,359 GREEN HOUSE,18 BELLO,Rappi,5.0,233900.0,58.48
19/04/2026,7.Sunday,COL,Medellín,359 GREEN HOUSE,29 ITAGUI,DiDi,7.0,310100.0,77.53
19/04/2026,7.Sunday,COL,Medellín,359 GREEN HOUSE,29 ITAGUI,Rappi,5.0,186700.0,46.68
19/04/2026,7.Sunday,COL,Medellín,362 ÑAMGUCHERIA,11 MANILA,Rappi,7.0,373000.0,93.25
19/04/2026,7.Sunday,COL,Medellín,362 ÑAMGUCHERIA,12 LAURELES,DiDi,3.0,88300.0,22.08
19/04/2026,7.Sunday,COL,Medellín,362 ÑAMGUCHERIA,12 LAURELES,Rappi,3.0,159900.0,39.98
19/04/2026,7.Sunday,COL,Medellín,362 ÑAMGUCHERIA,14 ENVIGADO,DiDi,2.0,129400.0,32.35
19/04/2026,7.Sunday,COL,Medellín,362 ÑAMGUCHERIA,14 ENVIGADO,Rappi,7.0,444700.0,111.18
19/04/2026,7.Sunday,COL,Medellín,362 ÑAMGUCHERIA,18 BELLO,DiDi,1.0,52400.0,13.1
19/04/2026,7.Sunday,COL,Medellín,362 ÑAMGUCHERIA,18 BELLO,Rappi,2.0,174800.0,43.7
19/04/2026,7.Sunday,COL,Medellín,362 ÑAMGUCHERIA,29 ITAGUI,DiDi,1.0,32800.0,8.2
19/04/2026,7.Sunday,COL,Medellín,362 ÑAMGUCHERIA,29 ITAGUI,Rappi,2.0,118700.0,29.68
19/04/2026,7.Sunday,COL,Medellín,363 GREEN HOUSE TURB,12 LAURELES,Rappi,12.0,400200.0,100.05
19/04/2026,7.Sunday,COL,Medellín,366 HOUSE OF SALADS,11 MANILA,Rappi,4.0,299100.0,74.78
19/04/2026,7.Sunday,COL,Medellín,366 HOUSE OF SALADS,12 LAURELES,DiDi,2.0,89300.0,22.33
19/04/2026,7.Sunday,COL,Medellín,366 HOUSE OF SALADS,12 LAURELES,Rappi,1.0,38900.0,9.73
19/04/2026,7.Sunday,COL,Medellín,366 HOUSE OF SALADS,14 ENVIGADO,Rappi,2.0,78400.0,19.6
19/04/2026,7.Sunday,COL,Medellín,366 HOUSE OF SALADS,29 ITAGUI,Rappi,1.0,38900.0,9.73
19/04/2026,7.Sunday,COL,Medellín,369 ÑAMGUCHERIA TURB,11 MANILA,Rappi,2.0,71000.0,17.75
19/04/2026,7.Sunday,COL,Medellín,369 ÑAMGUCHERIA TURB,12 LAURELES,Rappi,3.0,113500.0,28.38
19/04/2026,7.Sunday,COL,Medellín,370 MONTEVERDE,18 BELLO,DiDi,1.0,27500.0,6.88
19/04/2026,7.Sunday,COL,Medellín,370 MONTEVERDE,18 BELLO,Rappi,1.0,22900.0,5.73
19/04/2026,7.Sunday,COL,Medellín,370 MONTEVERDE,29 ITAGUI,DiDi,2.0,227900.0,56.98
19/04/2026,7.Sunday,COL,Medellín,373 HOUSE OF BURGERS,12 LAURELES,Rappi,1.0,16900.0,4.23
19/04/2026,7.Sunday,COL,Medellín,380 BREAKFAST CLUB,11 MANILA,DiDi,3.0,153700.0,38.43
19/04/2026,7.Sunday,COL,Medellín,380 BREAKFAST CLUB,11 MANILA,Rappi,23.0,1555000.0,388.75
19/04/2026,7.Sunday,COL,Medellín,380 BREAKFAST CLUB,12 LAURELES,DiDi,5.0,237800.0,59.45
19/04/2026,7.Sunday,COL,Medellín,380 BREAKFAST CLUB,14 ENVIGADO,DiDi,1.0,65900.0,16.48
19/04/2026,7.Sunday,COL,Medellín,380 BREAKFAST CLUB,14 ENVIGADO,Rappi,11.0,865900.0,216.48
19/04/2026,7.Sunday,COL,Medellín,380 BREAKFAST CLUB,18 BELLO,DiDi,2.0,115000.0,28.75
19/04/2026,7.Sunday,COL,Medellín,380 BREAKFAST CLUB,18 BELLO,Rappi,3.0,165000.0,41.25
19/04/2026,7.Sunday,COL,Medellín,380 BREAKFAST CLUB,29 ITAGUI,DiDi,1.0,77100.0,19.28
19/04/2026,7.Sunday,COL,Medellín,380 BREAKFAST CLUB,29 ITAGUI,Rappi,4.0,292600.0,73.15
19/04/2026,7.Sunday,COL,Medellín,381 DESAYU LA ABUELA,11 MANILA,DiDi,6.0,413200.0,103.3
19/04/2026,7.Sunday,COL,Medellín,381 DESAYU LA ABUELA,11 MANILA,Rappi,31.0,2662300.0,665.58
19/04/2026,7.Sunday,COL,Medellín,381 DESAYU LA ABUELA,12 LAURELES,DiDi,5.0,441000.0,110.25
19/04/2026,7.Sunday,COL,Medellín,381 DESAYU LA ABUELA,12 LAURELES,Rappi,47.0,3117800.0,779.45
19/04/2026,7.Sunday,COL,Medellín,381 DESAYU LA ABUELA,14 ENVIGADO,DiDi,15.0,915200.0,228.8
19/04/2026,7.Sunday,COL,Medellín,381 DESAYU LA ABUELA,14 ENVIGADO,Rappi,25.0,1952400.0,488.1
19/04/2026,7.Sunday,COL,Medellín,381 DESAYU LA ABUELA,18 BELLO,Rappi,6.0,419700.0,104.93
19/04/2026,7.Sunday,COL,Medellín,381 DESAYU LA ABUELA,29 ITAGUI,DiDi,4.0,203000.0,50.75
19/04/2026,7.Sunday,COL,Medellín,381 DESAYU LA ABUELA,29 ITAGUI,Rappi,7.0,301800.0,75.45
19/04/2026,7.Sunday,COL,Medellín,386 LA CASA MEXICANA,11 MANILA,DiDi,4.0,173900.0,43.48
19/04/2026,7.Sunday,COL,Medellín,386 LA CASA MEXICANA,11 MANILA,Rappi,5.0,273900.0,68.48
19/04/2026,7.Sunday,COL,Medellín,386 LA CASA MEXICANA,12 LAURELES,DiDi,3.0,123300.0,30.83
19/04/2026,7.Sunday,COL,Medellín,386 LA CASA MEXICANA,12 LAURELES,Rappi,3.0,208200.0,52.05
19/04/2026,7.Sunday,COL,Medellín,386 LA CASA MEXICANA,14 ENVIGADO,DiDi,11.0,669600.0,167.4
19/04/2026,7.Sunday,COL,Medellín,386 LA CASA MEXICANA,14 ENVIGADO,Rappi,3.0,185900.0,46.48
19/04/2026,7.Sunday,COL,Medellín,386 LA CASA MEXICANA,18 BELLO,DiDi,2.0,156500.0,39.13
19/04/2026,7.Sunday,COL,Medellín,386 LA CASA MEXICANA,18 BELLO,Rappi,1.0,53800.0,13.45
19/04/2026,7.Sunday,COL,Medellín,386 LA CASA MEXICANA,29 ITAGUI,DiDi,7.0,383500.0,95.88
19/04/2026,7.Sunday,COL,Medellín,386 LA CASA MEXICANA,29 ITAGUI,Rappi,2.0,114600.0,28.65
19/04/2026,7.Sunday,COL,Medellín,387 THE EGG SPOT,11 MANILA,Rappi,1.0,28400.0,7.1
19/04/2026,7.Sunday,COL,Medellín,387 THE EGG SPOT,12 LAURELES,Rappi,4.0,161600.0,40.4
19/04/2026,7.Sunday,COL,Medellín,387 THE EGG SPOT,14 ENVIGADO,Rappi,1.0,44900.0,11.23
19/04/2026,7.Sunday,COL,Medellín,387 THE EGG SPOT,29 ITAGUI,Rappi,2.0,111500.0,27.88
19/04/2026,7.Sunday,COL,Medellín,388 FOODHUB,12 LAURELES,Rappi,1.0,100700.0,25.18
19/04/2026,7.Sunday,COL,Medellín,388 FOODHUB,29 ITAGUI,Rappi,1.0,29400.0,7.35
19/04/2026,7.Sunday,COL,Medellín,392 HONEST FOOD,11 MANILA,Rappi,1.0,42900.0,10.73
19/04/2026,7.Sunday,COL,Medellín,392 HONEST FOOD,12 LAURELES,Rappi,1.0,57000.0,14.25
19/04/2026,7.Sunday,COL,Medellín,392 HONEST FOOD,14 ENVIGADO,Rappi,2.0,87500.0,21.88
19/04/2026,7.Sunday,COL,Medellín,392 HONEST FOOD,18 BELLO,DiDi,1.0,75400.0,18.85
19/04/2026,7.Sunday,COL,Medellín,392 HONEST FOOD,29 ITAGUI,Rappi,3.0,133900.0,33.48
19/04/2026,7.Sunday,COL,Medellín,392 MONTEVERDE TURB,11 MANILA,Rappi,8.0,280900.0,70.23
19/04/2026,7.Sunday,COL,Medellín,392 MONTEVERDE TURB,12 LAURELES,Rappi,4.0,166800.0,41.7
19/04/2026,7.Sunday,COL,Medellín,393 EL EJECUTIVO,11 MANILA,DiDi,2.0,55800.0,13.95
19/04/2026,7.Sunday,COL,Medellín,393 EL EJECUTIVO,12 LAURELES,Rappi,1.0,25900.0,6.48
19/04/2026,7.Sunday,COL,Medellín,393 EL EJECUTIVO,14 ENVIGADO,DiDi,1.0,34400.0,8.6
19/04/2026,7.Sunday,COL,Medellín,393 EL EJECUTIVO,18 BELLO,DiDi,1.0,28900.0,7.23
19/04/2026,7.Sunday,COL,Medellín,393 EL EJECUTIVO,18 BELLO,Rappi,1.0,35500.0,8.88
19/04/2026,7.Sunday,COL,Medellín,393 EL EJECUTIVO,29 ITAGUI,Rappi,1.0,84900.0,21.23
19/04/2026,7.Sunday,COL,Medellín,393 HOUSEBURGER TURB,11 MANILA,Rappi,2.0,116500.0,29.13
19/04/2026,7.Sunday,COL,Medellín,393 HOUSEBURGER TURB,12 LAURELES,Rappi,2.0,99600.0,24.9
19/04/2026,7.Sunday,COL,Medellín,394 COCINA CONSCIENT,11 MANILA,Rappi,2.0,76700.0,19.18
19/04/2026,7.Sunday,COL,Medellín,394 COCINA CONSCIENT,14 ENVIGADO,Rappi,1.0,86800.0,21.7
19/04/2026,7.Sunday,COL,Medellín,394 COCINA CONSCIENT,29 ITAGUI,DiDi,2.0,137700.0,34.43
19/04/2026,7.Sunday,COL,Medellín,395 BISTRO - TURBO,12 LAURELES,Rappi,1.0,80600.0,20.15
19/04/2026,7.Sunday,COL,Medellín,396 NUMA MEDITERRAN,12 LAURELES,Rappi,1.0,27900.0,6.98
19/04/2026,7.Sunday,COL,Medellín,397 CACEROLA - TURBO,12 LAURELES,Rappi,2.0,66900.0,16.73
19/04/2026,7.Sunday,COL,Medellín,401 DESA ABUELA TURBO,11 MANILA,Rappi,2.0,105800.0,26.45
19/04/2026,7.Sunday,COL,Medellín,401 DESA ABUELA TURBO,12 LAURELES,Rappi,3.0,101200.0,25.3
19/04/2026,7.Sunday,COL,Medellín,402 EJECUT TRAD TURBO,11 MANILA,Rappi,1.0,28500.0,7.13
19/04/2026,7.Sunday,COL,Medellín,403 HONEST FOOD TURBO,11 MANILA,Rappi,3.0,320000.0,80.0
19/04/2026,7.Sunday,COL,Medellín,403 HONEST FOOD TURBO,12 LAURELES,Rappi,4.0,193300.0,48.33
19/04/2026,7.Sunday,COL,Medellín,405 BREAKFACLUB TURBO,11 MANILA,Rappi,3.0,109200.0,27.3
19/04/2026,7.Sunday,COL,Medellín,405 BREAKFACLUB TURBO,12 LAURELES,Rappi,1.0,61400.0,15.35
19/04/2026,7.Sunday,COL,Medellín,409 THE EGG SPOT TU,11 MANILA,Rappi,4.0,197600.0,49.4
19/04/2026,7.Sunday,COL,Medellín,409 THE EGG SPOT TU,12 LAURELES,Rappi,6.0,216500.0,54.13
19/04/2026,7.Sunday,COL,Medellín,413 HOUSE SALAD TURB,11 MANILA,Rappi,4.0,140100.0,35.03
19/04/2026,7.Sunday,COL,Medellín,413 HOUSE SALAD TURB,12 LAURELES,Rappi,1.0,22500.0,5.63
19/04/2026,7.Sunday,COL,Medellín,419 CASA ARABE,11 MANILA,Rappi,1.0,166200.0,41.55
19/04/2026,7.Sunday,COL,Medellín,419 CASA ARABE,12 LAURELES,Rappi,1.0,34400.0,8.6
19/04/2026,7.Sunday,COL,Medellín,420 DESGRANADOS & CO,18 BELLO,Rappi,1.0,44800.0,11.2
19/04/2026,7.Sunday,COL,Medellín,420 DESGRANADOS & CO,29 ITAGUI,Rappi,1.0,33900.0,8.48
19/04/2026,7.Sunday,COL,Medellín,422 BURRIT CANT TURB,12 LAURELES,Rappi,1.0,24800.0,6.2
19/04/2026,7.Sunday,COL,Medellín,423 DESAY TIERRITURB,12 LAURELES,Rappi,3.0,135500.0,33.88
19/04/2026,7.Sunday,COL,Medellín,425 LA CASA MEXITURB,12 LAURELES,Rappi,1.0,19900.0,4.98
19/04/2026,7.Sunday,COL,Medellín,426 CUADRA DESAYTURB,11 MANILA,Rappi,1.0,111700.0,27.93
19/04/2026,7.Sunday,COL,Medellín,428 SELVATIKO TURBO,11 MANILA,Rappi,1.0,32500.0,8.13
19/04/2026,7.Sunday,COL,Medellín,429 SEÑOR BURRI TURB,11 MANILA,Rappi,2.0,71700.0,17.93
19/04/2026,7.Sunday,COL,Medellín,429 SEÑOR BURRI TURB,12 LAURELES,Rappi,1.0,39400.0,9.85
19/04/2026,7.Sunday,COL,Medellín,431 DESGRA & CO TURB,11 MANILA,Rappi,5.0,269800.0,67.45
19/04/2026,7.Sunday,COL,Medellín,431 DESGRA & CO TURB,12 LAURELES,Rappi,3.0,155500.0,38.88
19/04/2026,7.Sunday,COL,Medellín,44 SELVATIKO,12 LAURELES,DiDi,1.0,12900.0,3.23
19/04/2026,7.Sunday,COL,Medellín,44 SELVATIKO,18 BELLO,DiDi,1.0,104800.0,26.2
19/04/2026,7.Sunday,COL,Medellín,448 DESAY COLOMBIANO,11 MANILA,Rappi,3.0,76600.0,19.15
19/04/2026,7.Sunday,COL,Medellín,448 DESAY COLOMBIANO,12 LAURELES,Rappi,2.0,89500.0,22.38
19/04/2026,7.Sunday,COL,Medellín,448 DESAY COLOMBIANO,14 ENVIGADO,Rappi,1.0,28800.0,7.2
19/04/2026,7.Sunday,COL,Medellín,448 DESAY COLOMBIANO,18 BELLO,Rappi,2.0,87600.0,21.9
19/04/2026,7.Sunday,COL,Medellín,448 DESAY COLOMBIANO,29 ITAGUI,Rappi,3.0,87600.0,21.9
19/04/2026,7.Sunday,COL,Medellín,54 FOODOLOGY,11 MANILA,FoodologyPOS,1.0,28900.0,7.23
19/04/2026,7.Sunday,COL,Medellín,54 FOODOLOGY,14 ENVIGADO,Rappi,2.0,127600.0,31.9
19/04/2026,7.Sunday,COL,Medellín,54 FOODOLOGY,29 ITAGUI,Rappi,1.0,20900.0,5.23
19/04/2026,7.Sunday,COL,Medellín,57 PRET SANDWICH BIS,11 MANILA,Rappi,3.0,157000.0,39.25
19/04/2026,7.Sunday,COL,Medellín,57 PRET SANDWICH BIS,12 LAURELES,Rappi,2.0,97600.0,24.4
19/04/2026,7.Sunday,COL,Medellín,57 PRET SANDWICH BIS,18 BELLO,Rappi,1.0,94700.0,23.68
19/04/2026,7.Sunday,COL,Medellín,57 PRET SANDWICH BIS,29 ITAGUI,Rappi,1.0,126200.0,31.55
19/04/2026,7.Sunday,COL,Medellín,58 ALBA VEGETARIAN,11 MANILA,DiDi,4.0,189000.0,47.25
19/04/2026,7.Sunday,COL,Medellín,58 ALBA VEGETARIAN,12 LAURELES,DiDi,1.0,30800.0,7.7
19/04/2026,7.Sunday,COL,Medellín,58 ALBA VEGETARIAN,12 LAURELES,Rappi,2.0,53900.0,13.48
19/04/2026,7.Sunday,COL,Medellín,58 ALBA VEGETARIAN,14 ENVIGADO,DiDi,2.0,94300.0,23.58
19/04/2026,7.Sunday,COL,Medellín,58 ALBA VEGETARIAN,18 BELLO,DiDi,3.0,144600.0,36.15
19/04/2026,7.Sunday,COL,Medellín,58 ALBA VEGETARIAN,29 ITAGUI,DiDi,1.0,20500.0,5.13
19/04/2026,7.Sunday,COL,Medellín,59 DEMBOW,12 LAURELES,Rappi,1.0,38900.0,9.73
19/04/2026,7.Sunday,COL,Medellín,65 SAN JERONIMO HELA,11 MANILA,DiDi,1.0,50000.0,12.5
19/04/2026,7.Sunday,COL,Medellín,65 SAN JERONIMO HELA,11 MANILA,Rappi,1.0,77400.0,19.35
19/04/2026,7.Sunday,COL,Medellín,66 MAÑANERO DIARIO,11 MANILA,Rappi,1.0,83500.0,20.88
19/04/2026,7.Sunday,COL,Medellín,66 MAÑANERO DIARIO,12 LAURELES,Rappi,1.0,70200.0,17.55
19/04/2026,7.Sunday,COL,Medellín,66 MAÑANERO DIARIO,14 ENVIGADO,Rappi,1.0,25900.0,6.48
19/04/2026,7.Sunday,COL,Medellín,66 MAÑANERO DIARIO,18 BELLO,Rappi,1.0,37800.0,9.45
19/04/2026,7.Sunday,COL,Medellín,70 BURRITO CANTINA,29 ITAGUI,Rappi,1.0,27900.0,6.98
19/04/2026,7.Sunday,COL,Medellín,72 VICIO,12 LAURELES,DiDi,1.0,46900.0,11.73
19/04/2026,7.Sunday,COL,Medellín,72 VICIO,18 BELLO,Rappi,1.0,49500.0,12.38
19/04/2026,7.Sunday,COL,Medellín,73 ACPM CORRIENTAZO,12 LAURELES,Rappi,1.0,30400.0,7.6
19/04/2026,7.Sunday,COL,Medellín,82 CINNABON,11 MANILA,DiDi,1.0,13900.0,3.48
19/04/2026,7.Sunday,COL,Medellín,82 CINNABON,11 MANILA,Justo,1.0,25400.0,6.35
19/04/2026,7.Sunday,COL,Medellín,82 CINNABON,11 MANILA,Rappi,8.0,248400.0,62.1
19/04/2026,7.Sunday,COL,Medellín,82 CINNABON,12 LAURELES,FoodologyPOS,1.0,84900.0,21.23
19/04/2026,7.Sunday,COL,Medellín,82 CINNABON,12 LAURELES,Rappi,9.0,200200.0,50.05
19/04/2026,7.Sunday,COL,Medellín,82 CINNABON,14 ENVIGADO,DiDi,3.0,81900.0,20.48
19/04/2026,7.Sunday,COL,Medellín,82 CINNABON,14 ENVIGADO,Rappi,5.0,193900.0,48.48
19/04/2026,7.Sunday,COL,Medellín,82 CINNABON,18 BELLO,Rappi,1.0,13900.0,3.48
19/04/2026,7.Sunday,COL,Medellín,82 CINNABON,29 ITAGUI,DiDi,3.0,110700.0,27.68
19/04/2026,7.Sunday,COL,Medellín,82 CINNABON,29 ITAGUI,Rappi,7.0,238400.0,59.6
19/04/2026,7.Sunday,COL,Medellín,83 SANDUCHES EL JEFE,11 MANILA,Rappi,1.0,57400.0,14.35
19/04/2026,7.Sunday,COL,Medellín,83 SANDUCHES EL JEFE,12 LAURELES,DiDi,2.0,100900.0,25.23
19/04/2026,7.Sunday,COL,Medellín,83 SANDUCHES EL JEFE,12 LAURELES,Rappi,2.0,67300.0,16.83
19/04/2026,7.Sunday,COL,Medellín,83 SANDUCHES EL JEFE,14 ENVIGADO,DiDi,2.0,76500.0,19.13
19/04/2026,7.Sunday,COL,Medellín,83 SANDUCHES EL JEFE,29 ITAGUI,DiDi,1.0,39900.0,9.98
19/04/2026,7.Sunday,COL,Medellín,84 CINNABON PASE,57 SANTAFE MED,DiDi,2.0,83800.0,20.95
19/04/2026,7.Sunday,COL,Medellín,84 CINNABON PASE,57 SANTAFE MED,FoodologyPOS,60.0,1245600.0,311.4
19/04/2026,7.Sunday,COL,Medellín,84 CINNABON PASE,57 SANTAFE MED,Rappi,5.0,184600.0,46.15
19/04/2026,7.Sunday,COL,Medellín,84 CINNABON PASE,58 VIVA MED,FoodologyPOS,48.0,877000.0,219.25
19/04/2026,7.Sunday,COL,Medellín,86 FROST TURBO,11 MANILA,Rappi,5.0,140100.0,35.03
19/04/2026,7.Sunday,COL,Medellín,86 FROST TURBO,12 LAURELES,Rappi,4.0,119400.0,29.85
19/04/2026,7.Sunday,COL,Medellín,87 VICIO TURBO,11 MANILA,Rappi,1.0,21800.0,5.45
19/04/2026,7.Sunday,COL,Medellín,87 VICIO TURBO,12 LAURELES,Rappi,2.0,148500.0,37.13
19/04/2026,7.Sunday,COL,Medellín,88 CINNABON TURBO,11 MANILA,Rappi,14.0,516700.0,129.18
19/04/2026,7.Sunday,COL,Medellín,88 CINNABON TURBO,12 LAURELES,Rappi,5.0,204100.0,51.03
19/04/2026,7.Sunday,COL,Medellín,90 AVOCALIA TURBO,11 MANILA,Rappi,19.0,1044900.0,261.23
19/04/2026,7.Sunday,COL,Medellín,90 AVOCALIA TURBO,12 LAURELES,Rappi,15.0,729200.0,182.3
19/04/2026,7.Sunday,COL,Medellín,92 BRUNCH&MUNCH TURB,11 MANILA,Rappi,16.0,1212700.0,303.18
19/04/2026,7.Sunday,COL,Medellín,92 BRUNCH&MUNCH TURB,12 LAURELES,Rappi,15.0,909100.0,227.28
19/04/2026,7.Sunday,COL,Medellín,93 SAN JERONIMO TURB,11 MANILA,Rappi,5.0,195500.0,48.88
19/04/2026,7.Sunday,COL,Medellín,93 SAN JERONIMO TURB,12 LAURELES,Rappi,1.0,57500.0,14.38
19/04/2026,7.Sunday,COL,Pereira,01 AVOCALIA,28 PEREIRA,Rappi,14.0,663200.0,165.8
19/04/2026,7.Sunday,COL,Pereira,02 BOTTANIKO,28 PEREIRA,Rappi,1.0,10900.0,2.73
19/04/2026,7.Sunday,COL,Pereira,03 BRUNCH & MUNCH,28 PEREIRA,FoodologyPOS,1.0,51800.0,12.95
19/04/2026,7.Sunday,COL,Pereira,03 BRUNCH & MUNCH,28 PEREIRA,Rappi,18.0,1291000.0,322.75
19/04/2026,7.Sunday,COL,Pereira,04 BURRITOS & CO,28 PEREIRA,Rappi,5.0,258500.0,64.63
19/04/2026,7.Sunday,COL,Pereira,07 LA CUADRA,28 PEREIRA,Rappi,9.0,824700.0,206.18
19/04/2026,7.Sunday,COL,Pereira,110 MR BEAST BURGER,28 PEREIRA,Rappi,5.0,290600.0,72.65
19/04/2026,7.Sunday,COL,Pereira,113 QUE CHICKEN,28 PEREIRA,Rappi,1.0,43900.0,10.98
19/04/2026,7.Sunday,COL,Pereira,117 LA PANQUEQUERIA,28 PEREIRA,Rappi,2.0,97100.0,24.28
19/04/2026,7.Sunday,COL,Pereira,205 FROST,28 PEREIRA,Rappi,1.0,12900.0,3.23
19/04/2026,7.Sunday,COL,Pereira,26 ALMUERZO DE LA CA,28 PEREIRA,Rappi,1.0,21900.0,5.48
19/04/2026,7.Sunday,COL,Pereira,359 GREEN HOUSE,28 PEREIRA,Rappi,4.0,125700.0,31.43
19/04/2026,7.Sunday,COL,Pereira,366 HOUSE OF SALADS,28 PEREIRA,Rappi,1.0,22500.0,5.63
19/04/2026,7.Sunday,COL,Pereira,370 MONTEVERDE,28 PEREIRA,Rappi,1.0,49800.0,12.45
19/04/2026,7.Sunday,COL,Pereira,380 BREAKFAST CLUB,28 PEREIRA,Rappi,10.0,559400.0,139.85
19/04/2026,7.Sunday,COL,Pereira,381 DESAYU LA ABUELA,28 PEREIRA,Rappi,16.0,962400.0,240.6
19/04/2026,7.Sunday,COL,Pereira,386 LA CASA MEXICANA,28 PEREIRA,Rappi,2.0,55600.0,13.9
19/04/2026,7.Sunday,COL,Pereira,388 FOODHUB,28 PEREIRA,Rappi,1.0,44900.0,11.23
19/04/2026,7.Sunday,COL,Pereira,392 HONEST FOOD,28 PEREIRA,Rappi,1.0,28500.0,7.13
19/04/2026,7.Sunday,COL,Pereira,393 EL EJECUTIVO,28 PEREIRA,Rappi,1.0,51800.0,12.95
19/04/2026,7.Sunday,COL,Pereira,420 DESGRANADOS & CO,28 PEREIRA,Rappi,5.0,316800.0,79.2
19/04/2026,7.Sunday,COL,Pereira,448 DESAY COLOMBIANO,28 PEREIRA,Rappi,3.0,144200.0,36.05
19/04/2026,7.Sunday,COL,Pereira,57 PRET SANDWICH BIS,28 PEREIRA,Rappi,1.0,50300.0,12.58
19/04/2026,7.Sunday,COL,Pereira,58 ALBA VEGETARIAN,28 PEREIRA,Rappi,1.0,17900.0,4.48
19/04/2026,7.Sunday,COL,Pereira,65 SAN JERONIMO HELA,28 PEREIRA,Rappi,1.0,51600.0,12.9
19/04/2026,7.Sunday,COL,Pereira,70 BURRITO CANTINA,28 PEREIRA,Rappi,1.0,40800.0,10.2
19/04/2026,7.Sunday,COL,Pereira,72 VICIO,28 PEREIRA,Rappi,2.0,80400.0,20.1
19/04/2026,7.Sunday,COL,Pereira,82 CINNABON,28 PEREIRA,Rappi,7.0,168700.0,42.18
19/04/2026,7.Sunday,COL,Santa Marta,03 BRUNCH & MUNCH,44 SANTA MARTA,Rappi,0.0,0.0,0.0
26/04/2026,7.Sunday,COL,Barranquilla,01 AVOCALIA,32 BARRANQUILLA,DiDi,1.0,84400.0,21.1
26/04/2026,7.Sunday,COL,Barranquilla,01 AVOCALIA,32 BARRANQUILLA,Rappi,28.0,1210500.0,302.63
26/04/2026,7.Sunday,COL,Barranquilla,03 BRUNCH & MUNCH,32 BARRANQUILLA,Rappi,18.0,850200.0,212.55
26/04/2026,7.Sunday,COL,Barranquilla,03 BRUNCH & MUNCH,34 BAQ SUR,Rappi,0.0,0.0,0.0
26/04/2026,7.Sunday,COL,Barranquilla,04 BURRITOS & CO,32 BARRANQUILLA,DiDi,2.0,157600.0,39.4
26/04/2026,7.Sunday,COL,Barranquilla,04 BURRITOS & CO,32 BARRANQUILLA,Rappi,15.0,928000.0,232.0
26/04/2026,7.Sunday,COL,Barranquilla,05 CACEROLA,32 BARRANQUILLA,DiDi,1.0,12900.0,3.23
26/04/2026,7.Sunday,COL,Barranquilla,07 LA CUADRA,32 BARRANQUILLA,DiDi,20.0,1129900.0,282.48
26/04/2026,7.Sunday,COL,Barranquilla,07 LA CUADRA,32 BARRANQUILLA,Rappi,30.0,2238000.0,559.5
26/04/2026,7.Sunday,COL,Barranquilla,110 MR BEAST BURGER,32 BARRANQUILLA,DiDi,24.0,1191300.0,297.83
26/04/2026,7.Sunday,COL,Barranquilla,110 MR BEAST BURGER,32 BARRANQUILLA,Rappi,5.0,238300.0,59.58
26/04/2026,7.Sunday,COL,Barranquilla,1117 ALMZ LA CASA TU,32 BARRANQUILLA,Rappi,1.0,17900.0,4.48
26/04/2026,7.Sunday,COL,Barranquilla,1120 FOODOLOGY TUR,32 BARRANQUILLA,Rappi,1.0,69000.0,17.25
26/04/2026,7.Sunday,COL,Barranquilla,117 LA PANQUEQUERIA,32 BARRANQUILLA,DiDi,1.0,20900.0,5.23
26/04/2026,7.Sunday,COL,Barranquilla,117 LA PANQUEQUERIA,32 BARRANQUILLA,Rappi,2.0,97400.0,24.35
26/04/2026,7.Sunday,COL,Barranquilla,26 ALMUERZO DE LA CA,32 BARRANQUILLA,DiDi,8.0,282100.0,70.53
26/04/2026,7.Sunday,COL,Barranquilla,26 ALMUERZO DE LA CA,32 BARRANQUILLA,Rappi,6.0,173300.0,43.33
26/04/2026,7.Sunday,COL,Barranquilla,29 SEÑOR BURRITO,32 BARRANQUILLA,DiDi,1.0,31800.0,7.95
26/04/2026,7.Sunday,COL,Barranquilla,29 SEÑOR BURRITO,32 BARRANQUILLA,Rappi,2.0,86600.0,21.65
26/04/2026,7.Sunday,COL,Barranquilla,35 BRUNCH CLUB,32 BARRANQUILLA,DiDi,1.0,21500.0,5.38
26/04/2026,7.Sunday,COL,Barranquilla,352 BURRITOS & CO TU,32 BARRANQUILLA,Rappi,8.0,356100.0,89.03
26/04/2026,7.Sunday,COL,Barranquilla,353 LA CUADRA TURBO,32 BARRANQUILLA,Rappi,2.0,237000.0,59.25
26/04/2026,7.Sunday,COL,Barranquilla,359 GREEN HOUSE,32 BARRANQUILLA,DiDi,13.0,399900.0,99.98
26/04/2026,7.Sunday,COL,Barranquilla,359 GREEN HOUSE,32 BARRANQUILLA,Rappi,29.0,1224500.0,306.13
26/04/2026,7.Sunday,COL,Barranquilla,362 ÑAMGUCHERIA,32 BARRANQUILLA,DiDi,3.0,114200.0,28.55
26/04/2026,7.Sunday,COL,Barranquilla,362 ÑAMGUCHERIA,32 BARRANQUILLA,Rappi,4.0,172300.0,43.08
26/04/2026,7.Sunday,COL,Barranquilla,366 HOUSE OF SALADS,32 BARRANQUILLA,Rappi,5.0,158600.0,39.65
26/04/2026,7.Sunday,COL,Barranquilla,370 MONTEVERDE,32 BARRANQUILLA,Rappi,2.0,99200.0,24.8
26/04/2026,7.Sunday,COL,Barranquilla,380 BREAKFAST CLUB,32 BARRANQUILLA,DiDi,2.0,57800.0,14.45
26/04/2026,7.Sunday,COL,Barranquilla,380 BREAKFAST CLUB,32 BARRANQUILLA,Rappi,18.0,1046300.0,261.58
26/04/2026,7.Sunday,COL,Barranquilla,381 DESAYU LA ABUELA,32 BARRANQUILLA,DiDi,18.0,886300.0,221.58
26/04/2026,7.Sunday,COL,Barranquilla,381 DESAYU LA ABUELA,32 BARRANQUILLA,Rappi,34.0,2131900.0,532.98
26/04/2026,7.Sunday,COL,Barranquilla,386 LA CASA MEXICANA,32 BARRANQUILLA,DiDi,3.0,142900.0,35.73
26/04/2026,7.Sunday,COL,Barranquilla,386 LA CASA MEXICANA,32 BARRANQUILLA,Rappi,2.0,53800.0,13.45
26/04/2026,7.Sunday,COL,Barranquilla,387 THE EGG SPOT,32 BARRANQUILLA,DiDi,1.0,23900.0,5.98
26/04/2026,7.Sunday,COL,Barranquilla,387 THE EGG SPOT,32 BARRANQUILLA,Rappi,3.0,117700.0,29.43
26/04/2026,7.Sunday,COL,Barranquilla,392 HONEST FOOD,32 BARRANQUILLA,DiDi,2.0,200300.0,50.08
26/04/2026,7.Sunday,COL,Barranquilla,392 HONEST FOOD,32 BARRANQUILLA,Rappi,2.0,72400.0,18.1
26/04/2026,7.Sunday,COL,Barranquilla,392 MONTEVERDE TURB,32 BARRANQUILLA,Rappi,2.0,85800.0,21.45
26/04/2026,7.Sunday,COL,Barranquilla,393 EL EJECUTIVO,32 BARRANQUILLA,DiDi,1.0,26900.0,6.73
26/04/2026,7.Sunday,COL,Barranquilla,393 EL EJECUTIVO,32 BARRANQUILLA,Rappi,1.0,25900.0,6.48
26/04/2026,7.Sunday,COL,Barranquilla,394 COCINA CONSCIENT,32 BARRANQUILLA,Rappi,1.0,33800.0,8.45
26/04/2026,7.Sunday,COL,Barranquilla,396 NUMA MEDITERRAN,32 BARRANQUILLA,Rappi,1.0,29900.0,7.48
26/04/2026,7.Sunday,COL,Barranquilla,403 HONEST FOOD TURBO,32 BARRANQUILLA,Rappi,1.0,46400.0,11.6
26/04/2026,7.Sunday,COL,Barranquilla,413 HOUSE SALAD TURB,32 BARRANQUILLA,Rappi,3.0,126100.0,31.53
26/04/2026,7.Sunday,COL,Barranquilla,419 CASA ARABE,32 BARRANQUILLA,Rappi,3.0,116600.0,29.15
26/04/2026,7.Sunday,COL,Barranquilla,420 DESGRANADOS & CO,32 BARRANQUILLA,Rappi,6.0,274700.0,68.68
26/04/2026,7.Sunday,COL,Barranquilla,422 BURRIT CANT TURB,32 BARRANQUILLA,Rappi,1.0,43900.0,10.98
26/04/2026,7.Sunday,COL,Barranquilla,44 SELVATIKO,32 BARRANQUILLA,Rappi,1.0,32900.0,8.23
26/04/2026,7.Sunday,COL,Barranquilla,448 DESAY COLOMBIANO,32 BARRANQUILLA,Rappi,8.0,251600.0,62.9
26/04/2026,7.Sunday,COL,Barranquilla,54 FOODOLOGY,32 BARRANQUILLA,Rappi,1.0,86300.0,21.58
26/04/2026,7.Sunday,COL,Barranquilla,57 PRET SANDWICH BIS,32 BARRANQUILLA,Rappi,3.0,123600.0,30.9
26/04/2026,7.Sunday,COL,Barranquilla,58 ALBA VEGETARIAN,32 BARRANQUILLA,DiDi,2.0,54300.0,13.58
26/04/2026,7.Sunday,COL,Barranquilla,58 ALBA VEGETARIAN,32 BARRANQUILLA,Rappi,2.0,79500.0,19.88
26/04/2026,7.Sunday,COL,Barranquilla,59 DEMBOW,32 BARRANQUILLA,Rappi,1.0,126100.0,31.53
26/04/2026,7.Sunday,COL,Barranquilla,65 SAN JERONIMO HELA,32 BARRANQUILLA,Rappi,2.0,37500.0,9.38
26/04/2026,7.Sunday,COL,Barranquilla,70 BURRITO CANTINA,32 BARRANQUILLA,Rappi,1.0,83400.0,20.85
26/04/2026,7.Sunday,COL,Barranquilla,82 CINNABON,32 BARRANQUILLA,DiDi,3.0,64100.0,16.03
26/04/2026,7.Sunday,COL,Barranquilla,82 CINNABON,32 BARRANQUILLA,Rappi,12.0,462400.0,115.6
26/04/2026,7.Sunday,COL,Barranquilla,83 SANDUCHES EL JEFE,32 BARRANQUILLA,DiDi,3.0,162300.0,40.58
26/04/2026,7.Sunday,COL,Barranquilla,83 SANDUCHES EL JEFE,32 BARRANQUILLA,Rappi,5.0,212600.0,53.15
26/04/2026,7.Sunday,COL,Barranquilla,86 FROST TURBO,32 BARRANQUILLA,Rappi,2.0,38700.0,9.68
26/04/2026,7.Sunday,COL,Barranquilla,88 CINNABON TURBO,32 BARRANQUILLA,Rappi,3.0,117700.0,29.43
26/04/2026,7.Sunday,COL,Barranquilla,93 SAN JERONIMO TURB,32 BARRANQUILLA,Rappi,5.0,241500.0,60.38
26/04/2026,7.Sunday,COL,Bogotá,01 AVOCALIA,01 USAQUEN,DiDi,1.0,37500.0,9.38
26/04/2026,7.Sunday,COL,Bogotá,01 AVOCALIA,01 USAQUEN,Rappi,8.0,488000.0,122.0
26/04/2026,7.Sunday,COL,Bogotá,01 AVOCALIA,02 PARQUE 93,DiDi,1.0,57800.0,14.45
26/04/2026,7.Sunday,COL,Bogotá,01 AVOCALIA,02 PARQUE 93,Rappi,10.0,534700.0,133.68
26/04/2026,7.Sunday,COL,Bogotá,01 AVOCALIA,03 CHAPINERO,Rappi,12.0,752900.0,188.23
26/04/2026,7.Sunday,COL,Bogotá,01 AVOCALIA,06 COLINA,DiDi,1.0,82300.0,20.58
26/04/2026,7.Sunday,COL,Bogotá,01 AVOCALIA,06 COLINA,Rappi,18.0,1100100.0,275.03
26/04/2026,7.Sunday,COL,Bogotá,01 AVOCALIA,08 ANDES,DiDi,1.0,37500.0,9.38
26/04/2026,7.Sunday,COL,Bogotá,01 AVOCALIA,08 ANDES,Rappi,9.0,367400.0,91.85
26/04/2026,7.Sunday,COL,Bogotá,01 AVOCALIA,13 CHIA,DiDi,1.0,49900.0,12.48
26/04/2026,7.Sunday,COL,Bogotá,01 AVOCALIA,13 CHIA,Rappi,4.0,277700.0,69.43
26/04/2026,7.Sunday,COL,Bogotá,01 AVOCALIA,15 ENGATIVA,Rappi,5.0,272800.0,68.2
26/04/2026,7.Sunday,COL,Bogotá,01 AVOCALIA,36 VILLA DEL PRADO,Rappi,5.0,207600.0,51.9
26/04/2026,7.Sunday,COL,Bogotá,01 AVOCALIA,38 KENNEDY,Rappi,2.0,87400.0,21.85
26/04/2026,7.Sunday,COL,Bogotá,01 AVOCALIA,45 VERAGUAS,Rappi,6.0,239600.0,59.9
26/04/2026,7.Sunday,COL,Bogotá,01 AVOCALIA,50 CHICO,FoodologyPOS,20.0,891200.0,222.8
26/04/2026,7.Sunday,COL,Bogotá,01 AVOCALIA,50 CHICO,Rappi,5.0,246900.0,61.73
26/04/2026,7.Sunday,COL,Bogotá,01 AVOCALIA,65 CALLE 109,FoodologyPOS,11.0,768801.0,192.2
26/04/2026,7.Sunday,COL,Bogotá,01 AVOCALIA,65 CALLE 109,Rappi,15.0,744900.0,186.23
26/04/2026,7.Sunday,COL,Bogotá,01 AVOCALIA,69 ARRECIFE,Rappi,4.0,165600.0,41.4
26/04/2026,7.Sunday,COL,Bogotá,02 BOTTANIKO,01 USAQUEN,DiDi,1.0,66300.0,16.58
26/04/2026,7.Sunday,COL,Bogotá,02 BOTTANIKO,03 CHAPINERO,Rappi,1.0,51300.0,12.83
26/04/2026,7.Sunday,COL,Bogotá,03 BRUNCH & MUNCH,01 USAQUEN,DiDi,2.0,115800.0,28.95
26/04/2026,7.Sunday,COL,Bogotá,03 BRUNCH & MUNCH,01 USAQUEN,Rappi,16.0,1211300.0,302.83
26/04/2026,7.Sunday,COL,Bogotá,03 BRUNCH & MUNCH,02 PARQUE 93,Rappi,20.0,1091700.0,272.93
26/04/2026,7.Sunday,COL,Bogotá,03 BRUNCH & MUNCH,03 CHAPINERO,Rappi,27.0,1683900.0,420.98
26/04/2026,7.Sunday,COL,Bogotá,03 BRUNCH & MUNCH,06 COLINA,DiDi,4.0,342400.0,85.6
26/04/2026,7.Sunday,COL,Bogotá,03 BRUNCH & MUNCH,06 COLINA,Rappi,16.0,970300.0,242.58
26/04/2026,7.Sunday,COL,Bogotá,03 BRUNCH & MUNCH,08 ANDES,DiDi,5.0,339500.0,84.88
26/04/2026,7.Sunday,COL,Bogotá,03 BRUNCH & MUNCH,08 ANDES,Rappi,6.0,352400.0,88.1
26/04/2026,7.Sunday,COL,Bogotá,03 BRUNCH & MUNCH,13 CHIA,DiDi,1.0,97400.0,24.35
26/04/2026,7.Sunday,COL,Bogotá,03 BRUNCH & MUNCH,13 CHIA,Rappi,9.0,789600.0,197.4
26/04/2026,7.Sunday,COL,Bogotá,03 BRUNCH & MUNCH,15 ENGATIVA,DiDi,2.0,132200.0,33.05
26/04/2026,7.Sunday,COL,Bogotá,03 BRUNCH & MUNCH,15 ENGATIVA,Rappi,13.0,947800.0,236.95
26/04/2026,7.Sunday,COL,Bogotá,03 BRUNCH & MUNCH,35 FONTIBON,Rappi,0.0,0.0,0.0
26/04/2026,7.Sunday,COL,Bogotá,03 BRUNCH & MUNCH,36 VILLA DEL PRADO,Justo,1.0,83700.0,20.93
26/04/2026,7.Sunday,COL,Bogotá,03 BRUNCH & MUNCH,36 VILLA DEL PRADO,Rappi,18.0,1246900.0,311.73
26/04/2026,7.Sunday,COL,Bogotá,03 BRUNCH & MUNCH,38 KENNEDY,DiDi,1.0,19900.0,4.98
26/04/2026,7.Sunday,COL,Bogotá,03 BRUNCH & MUNCH,38 KENNEDY,Rappi,10.0,481200.0,120.3
26/04/2026,7.Sunday,COL,Bogotá,03 BRUNCH & MUNCH,45 VERAGUAS,DiDi,1.0,31000.0,7.75
26/04/2026,7.Sunday,COL,Bogotá,03 BRUNCH & MUNCH,45 VERAGUAS,Rappi,6.0,409200.0,102.3
26/04/2026,7.Sunday,COL,Bogotá,03 BRUNCH & MUNCH,50 CHICO,Rappi,12.0,791300.0,197.83
26/04/2026,7.Sunday,COL,Bogotá,03 BRUNCH & MUNCH,65 CALLE 109,Rappi,18.0,1183800.0,295.95
26/04/2026,7.Sunday,COL,Bogotá,03 BRUNCH & MUNCH,69 ARRECIFE,Rappi,9.0,612800.0,153.2
26/04/2026,7.Sunday,COL,Bogotá,04 BURRITOS & CO,01 USAQUEN,DiDi,4.0,289600.0,72.4
26/04/2026,7.Sunday,COL,Bogotá,04 BURRITOS & CO,01 USAQUEN,Rappi,8.0,274000.0,68.5
26/04/2026,7.Sunday,COL,Bogotá,04 BURRITOS & CO,02 PARQUE 93,DiDi,2.0,233100.0,58.28
26/04/2026,7.Sunday,COL,Bogotá,04 BURRITOS & CO,02 PARQUE 93,Rappi,6.0,376800.0,94.2
26/04/2026,7.Sunday,COL,Bogotá,04 BURRITOS & CO,03 CHAPINERO,DiDi,10.0,667200.0,166.8
26/04/2026,7.Sunday,COL,Bogotá,04 BURRITOS & CO,03 CHAPINERO,Rappi,7.0,316000.0,79.0
26/04/2026,7.Sunday,COL,Bogotá,04 BURRITOS & CO,06 COLINA,DiDi,1.0,22900.0,5.73
26/04/2026,7.Sunday,COL,Bogotá,04 BURRITOS & CO,06 COLINA,Rappi,8.0,553000.0,138.25
26/04/2026,7.Sunday,COL,Bogotá,04 BURRITOS & CO,08 ANDES,DiDi,4.0,157600.0,39.4
26/04/2026,7.Sunday,COL,Bogotá,04 BURRITOS & CO,08 ANDES,Rappi,10.0,581600.0,145.4
26/04/2026,7.Sunday,COL,Bogotá,04 BURRITOS & CO,13 CHIA,DiDi,3.0,150100.0,37.53
26/04/2026,7.Sunday,COL,Bogotá,04 BURRITOS & CO,13 CHIA,Rappi,8.0,342000.0,85.5
26/04/2026,7.Sunday,COL,Bogotá,04 BURRITOS & CO,15 ENGATIVA,DiDi,9.0,676600.0,169.15
26/04/2026,7.Sunday,COL,Bogotá,04 BURRITOS & CO,15 ENGATIVA,Rappi,2.0,91500.0,22.88
26/04/2026,7.Sunday,COL,Bogotá,04 BURRITOS & CO,36 VILLA DEL PRADO,DiDi,6.0,312800.0,78.2
26/04/2026,7.Sunday,COL,Bogotá,04 BURRITOS & CO,36 VILLA DEL PRADO,Rappi,1.0,185800.0,46.45
26/04/2026,7.Sunday,COL,Bogotá,04 BURRITOS & CO,38 KENNEDY,DiDi,5.0,320500.0,80.13
26/04/2026,7.Sunday,COL,Bogotá,04 BURRITOS & CO,38 KENNEDY,Rappi,10.0,503300.0,125.83
26/04/2026,7.Sunday,COL,Bogotá,04 BURRITOS & CO,45 VERAGUAS,DiDi,7.0,611800.0,152.95
26/04/2026,7.Sunday,COL,Bogotá,04 BURRITOS & CO,45 VERAGUAS,Rappi,8.0,452100.0,113.03
26/04/2026,7.Sunday,COL,Bogotá,04 BURRITOS & CO,65 CALLE 109,Rappi,2.0,35000.0,8.75
26/04/2026,7.Sunday,COL,Bogotá,04 BURRITOS & CO,69 ARRECIFE,Rappi,5.0,406000.0,101.5
26/04/2026,7.Sunday,COL,Bogotá,05 CACEROLA,65 CALLE 109,DiDi,1.0,34500.0,8.63
26/04/2026,7.Sunday,COL,Bogotá,07 LA CUADRA,01 USAQUEN,DiDi,8.0,654700.0,163.68
26/04/2026,7.Sunday,COL,Bogotá,07 LA CUADRA,01 USAQUEN,Rappi,2.0,186700.0,46.68
26/04/2026,7.Sunday,COL,Bogotá,07 LA CUADRA,02 PARQUE 93,DiDi,5.0,291100.0,72.78
26/04/2026,7.Sunday,COL,Bogotá,07 LA CUADRA,02 PARQUE 93,Rappi,3.0,148900.0,37.23
26/04/2026,7.Sunday,COL,Bogotá,07 LA CUADRA,03 CHAPINERO,DiDi,9.0,626400.0,156.6
26/04/2026,7.Sunday,COL,Bogotá,07 LA CUADRA,03 CHAPINERO,Rappi,11.0,521100.0,130.28
26/04/2026,7.Sunday,COL,Bogotá,07 LA CUADRA,06 COLINA,DiDi,8.0,512500.0,128.13
26/04/2026,7.Sunday,COL,Bogotá,07 LA CUADRA,06 COLINA,Rappi,2.0,157300.0,39.33
26/04/2026,7.Sunday,COL,Bogotá,07 LA CUADRA,08 ANDES,DiDi,4.0,190800.0,47.7
26/04/2026,7.Sunday,COL,Bogotá,07 LA CUADRA,08 ANDES,Rappi,7.0,523000.0,130.75
26/04/2026,7.Sunday,COL,Bogotá,07 LA CUADRA,13 CHIA,DiDi,11.0,728400.0,182.1
26/04/2026,7.Sunday,COL,Bogotá,07 LA CUADRA,13 CHIA,Rappi,3.0,328300.0,82.08
26/04/2026,7.Sunday,COL,Bogotá,07 LA CUADRA,15 ENGATIVA,DiDi,6.0,458400.0,114.6
26/04/2026,7.Sunday,COL,Bogotá,07 LA CUADRA,15 ENGATIVA,Rappi,4.0,318600.0,79.65
26/04/2026,7.Sunday,COL,Bogotá,07 LA CUADRA,36 VILLA DEL PRADO,DiDi,3.0,220200.0,55.05
26/04/2026,7.Sunday,COL,Bogotá,07 LA CUADRA,36 VILLA DEL PRADO,Rappi,1.0,34500.0,8.63
26/04/2026,7.Sunday,COL,Bogotá,07 LA CUADRA,38 KENNEDY,Rappi,2.0,151800.0,37.95
26/04/2026,7.Sunday,COL,Bogotá,07 LA CUADRA,45 VERAGUAS,DiDi,1.0,98000.0,24.5
26/04/2026,7.Sunday,COL,Bogotá,07 LA CUADRA,45 VERAGUAS,Rappi,3.0,258900.0,64.73
26/04/2026,7.Sunday,COL,Bogotá,07 LA CUADRA,65 CALLE 109,DiDi,5.0,337600.0,84.4
26/04/2026,7.Sunday,COL,Bogotá,07 LA CUADRA,65 CALLE 109,Rappi,5.0,505500.0,126.38
26/04/2026,7.Sunday,COL,Bogotá,07 LA CUADRA,69 ARRECIFE,Rappi,1.0,43900.0,10.98
26/04/2026,7.Sunday,COL,Bogotá,110 MR BEAST BURGER,01 USAQUEN,DiDi,25.0,1405600.0,351.4
26/04/2026,7.Sunday,COL,Bogotá,110 MR BEAST BURGER,01 USAQUEN,Rappi,10.0,727800.0,181.95
26/04/2026,7.Sunday,COL,Bogotá,110 MR BEAST BURGER,02 PARQUE 93,DiDi,46.0,2516700.0,629.18
26/04/2026,7.Sunday,COL,Bogotá,110 MR BEAST BURGER,02 PARQUE 93,Rappi,9.0,566600.0,141.65
26/04/2026,7.Sunday,COL,Bogotá,110 MR BEAST BURGER,03 CHAPINERO,DiDi,51.0,2656900.0,664.23
26/04/2026,7.Sunday,COL,Bogotá,110 MR BEAST BURGER,03 CHAPINERO,Rappi,5.0,324000.0,81.0
26/04/2026,7.Sunday,COL,Bogotá,110 MR BEAST BURGER,06 COLINA,DiDi,29.0,2092300.0,523.08
26/04/2026,7.Sunday,COL,Bogotá,110 MR BEAST BURGER,06 COLINA,Rappi,4.0,243200.0,60.8
26/04/2026,7.Sunday,COL,Bogotá,110 MR BEAST BURGER,08 ANDES,DiDi,32.0,1427100.0,356.78
26/04/2026,7.Sunday,COL,Bogotá,110 MR BEAST BURGER,08 ANDES,Rappi,3.0,184300.0,46.08
26/04/2026,7.Sunday,COL,Bogotá,110 MR BEAST BURGER,13 CHIA,DiDi,32.0,1836400.0,459.1
26/04/2026,7.Sunday,COL,Bogotá,110 MR BEAST BURGER,13 CHIA,Rappi,10.0,769000.0,192.25
26/04/2026,7.Sunday,COL,Bogotá,110 MR BEAST BURGER,15 ENGATIVA,DiDi,38.0,2089900.0,522.48
26/04/2026,7.Sunday,COL,Bogotá,110 MR BEAST BURGER,15 ENGATIVA,Rappi,2.0,86800.0,21.7
26/04/2026,7.Sunday,COL,Bogotá,110 MR BEAST BURGER,36 VILLA DEL PRADO,DiDi,37.0,2133200.0,533.3
26/04/2026,7.Sunday,COL,Bogotá,110 MR BEAST BURGER,36 VILLA DEL PRADO,Rappi,7.0,269200.0,67.3
26/04/2026,7.Sunday,COL,Bogotá,110 MR BEAST BURGER,38 KENNEDY,DiDi,23.0,1177000.0,294.25
26/04/2026,7.Sunday,COL,Bogotá,110 MR BEAST BURGER,38 KENNEDY,Rappi,2.0,89300.0,22.33
26/04/2026,7.Sunday,COL,Bogotá,110 MR BEAST BURGER,45 VERAGUAS,DiDi,24.0,1367700.0,341.93
26/04/2026,7.Sunday,COL,Bogotá,110 MR BEAST BURGER,45 VERAGUAS,Rappi,6.0,443000.0,110.75
26/04/2026,7.Sunday,COL,Bogotá,110 MR BEAST BURGER,65 CALLE 109,DiDi,12.0,550100.0,137.53
26/04/2026,7.Sunday,COL,Bogotá,110 MR BEAST BURGER,65 CALLE 109,Rappi,7.0,298900.0,74.73
26/04/2026,7.Sunday,COL,Bogotá,110 MR BEAST BURGER,69 ARRECIFE,Rappi,4.0,190300.0,47.58
26/04/2026,7.Sunday,COL,Bogotá,1117 ALMZ LA CASA TU,01 USAQUEN,Rappi,1.0,47800.0,11.95
26/04/2026,7.Sunday,COL,Bogotá,1117 ALMZ LA CASA TU,02 PARQUE 93,Rappi,5.0,263200.0,65.8
26/04/2026,7.Sunday,COL,Bogotá,1117 ALMZ LA CASA TU,03 CHAPINERO,Rappi,1.0,57700.0,14.43
26/04/2026,7.Sunday,COL,Bogotá,1117 ALMZ LA CASA TU,06 COLINA,Rappi,1.0,17900.0,4.48
26/04/2026,7.Sunday,COL,Bogotá,1117 ALMZ LA CASA TU,08 ANDES,Rappi,1.0,20800.0,5.2
26/04/2026,7.Sunday,COL,Bogotá,1117 ALMZ LA CASA TU,38 KENNEDY,Rappi,1.0,48600.0,12.15
26/04/2026,7.Sunday,COL,Bogotá,1118 DEMBOW TUR,01 USAQUEN,Rappi,1.0,46000.0,11.5
26/04/2026,7.Sunday,COL,Bogotá,1118 DEMBOW TUR,02 PARQUE 93,Rappi,2.0,93900.0,23.48
26/04/2026,7.Sunday,COL,Bogotá,1118 DEMBOW TUR,06 COLINA,Rappi,6.0,335400.0,83.85
26/04/2026,7.Sunday,COL,Bogotá,1118 DEMBOW TUR,36 VILLA DEL PRADO,Rappi,2.0,140200.0,35.05
26/04/2026,7.Sunday,COL,Bogotá,1118 DEMBOW TUR,38 KENNEDY,Rappi,1.0,74000.0,18.5
26/04/2026,7.Sunday,COL,Bogotá,1118 DEMBOW TUR,65 CALLE 109,Rappi,5.0,260100.0,65.03
26/04/2026,7.Sunday,COL,Bogotá,1120 FOODOLOGY TUR,08 ANDES,Rappi,1.0,27800.0,6.95
26/04/2026,7.Sunday,COL,Bogotá,113 QUE CHICKEN,01 USAQUEN,Rappi,2.0,87800.0,21.95
26/04/2026,7.Sunday,COL,Bogotá,113 QUE CHICKEN,02 PARQUE 93,Rappi,1.0,76400.0,19.1
26/04/2026,7.Sunday,COL,Bogotá,113 QUE CHICKEN,06 COLINA,Rappi,1.0,87800.0,21.95
26/04/2026,7.Sunday,COL,Bogotá,113 QUE CHICKEN,08 ANDES,Rappi,1.0,43900.0,10.98
26/04/2026,7.Sunday,COL,Bogotá,113 QUE CHICKEN,15 ENGATIVA,Rappi,1.0,92800.0,23.2
26/04/2026,7.Sunday,COL,Bogotá,114 MR BEAST TURBO,08 ANDES,Rappi,15.0,724400.0,181.1
26/04/2026,7.Sunday,COL,Bogotá,114 MR BEAST TURBO,36 VILLA DEL PRADO,Rappi,2.0,77400.0,19.35
26/04/2026,7.Sunday,COL,Bogotá,114 MR BEAST TURBO,38 KENNEDY,Rappi,15.0,994100.0,248.53
26/04/2026,7.Sunday,COL,Bogotá,114 MR BEAST TURBO,65 CALLE 109,Rappi,1.0,33500.0,8.38
26/04/2026,7.Sunday,COL,Bogotá,116 AVOCALIA DESAYUN,50 CHICO,DiDi,1.0,41700.0,10.43
26/04/2026,7.Sunday,COL,Bogotá,116 AVOCALIA DESAYUN,50 CHICO,Rappi,3.0,124400.0,31.1
26/04/2026,7.Sunday,COL,Bogotá,116 AVOCALIA DESAYUN,65 CALLE 109,Rappi,1.0,15900.0,3.98
26/04/2026,7.Sunday,COL,Bogotá,116 AVOCALIA DESAYUN,69 ARRECIFE,Rappi,1.0,16900.0,4.23
26/04/2026,7.Sunday,COL,Bogotá,117 LA PANQUEQUERIA,01 USAQUEN,Rappi,3.0,77300.0,19.33
26/04/2026,7.Sunday,COL,Bogotá,117 LA PANQUEQUERIA,03 CHAPINERO,Rappi,9.0,395400.0,98.85
26/04/2026,7.Sunday,COL,Bogotá,117 LA PANQUEQUERIA,06 COLINA,Rappi,4.0,208600.0,52.15
26/04/2026,7.Sunday,COL,Bogotá,117 LA PANQUEQUERIA,08 ANDES,Rappi,3.0,112000.0,28.0
26/04/2026,7.Sunday,COL,Bogotá,117 LA PANQUEQUERIA,15 ENGATIVA,DiDi,1.0,20900.0,5.23
26/04/2026,7.Sunday,COL,Bogotá,117 LA PANQUEQUERIA,15 ENGATIVA,Rappi,3.0,176600.0,44.15
26/04/2026,7.Sunday,COL,Bogotá,117 LA PANQUEQUERIA,36 VILLA DEL PRADO,Rappi,1.0,92900.0,23.23
26/04/2026,7.Sunday,COL,Bogotá,117 LA PANQUEQUERIA,38 KENNEDY,DiDi,1.0,33700.0,8.43
26/04/2026,7.Sunday,COL,Bogotá,117 LA PANQUEQUERIA,38 KENNEDY,Rappi,2.0,97800.0,24.45
26/04/2026,7.Sunday,COL,Bogotá,117 LA PANQUEQUERIA,45 VERAGUAS,DiDi,1.0,36700.0,9.18
26/04/2026,7.Sunday,COL,Bogotá,117 LA PANQUEQUERIA,45 VERAGUAS,Rappi,2.0,62300.0,15.58
26/04/2026,7.Sunday,COL,Bogotá,117 LA PANQUEQUERIA,50 CHICO,Rappi,2.0,91600.0,22.9
26/04/2026,7.Sunday,COL,Bogotá,117 LA PANQUEQUERIA,65 CALLE 109,Rappi,4.0,334200.0,83.55
26/04/2026,7.Sunday,COL,Bogotá,117 LA PANQUEQUERIA,69 ARRECIFE,Rappi,2.0,53300.0,13.33
26/04/2026,7.Sunday,COL,Bogotá,14 BURGER LANE,01 USAQUEN,DiDi,1.0,10900.0,2.73
26/04/2026,7.Sunday,COL,Bogotá,205 FROST,01 USAQUEN,DiDi,1.0,29500.0,7.38
26/04/2026,7.Sunday,COL,Bogotá,205 FROST,02 PARQUE 93,Rappi,1.0,21800.0,5.45
26/04/2026,7.Sunday,COL,Bogotá,205 FROST,03 CHAPINERO,DiDi,1.0,24500.0,6.13
26/04/2026,7.Sunday,COL,Bogotá,205 FROST,13 CHIA,DiDi,1.0,35000.0,8.75
26/04/2026,7.Sunday,COL,Bogotá,205 FROST,13 CHIA,Rappi,1.0,12900.0,3.23
26/04/2026,7.Sunday,COL,Bogotá,205 FROST,15 ENGATIVA,Rappi,1.0,12900.0,3.23
26/04/2026,7.Sunday,COL,Bogotá,205 FROST,36 VILLA DEL PRADO,Rappi,2.0,45600.0,11.4
26/04/2026,7.Sunday,COL,Bogotá,205 FROST,45 VERAGUAS,DiDi,2.0,36300.0,9.08
26/04/2026,7.Sunday,COL,Bogotá,205 FROST,45 VERAGUAS,Rappi,1.0,25900.0,6.48
26/04/2026,7.Sunday,COL,Bogotá,26 ALMUERZO DE LA CA,01 USAQUEN,DiDi,1.0,21900.0,5.48
26/04/2026,7.Sunday,COL,Bogotá,26 ALMUERZO DE LA CA,02 PARQUE 93,DiDi,2.0,70500.0,17.63
26/04/2026,7.Sunday,COL,Bogotá,26 ALMUERZO DE LA CA,02 PARQUE 93,Rappi,1.0,29400.0,7.35
26/04/2026,7.Sunday,COL,Bogotá,26 ALMUERZO DE LA CA,03 CHAPINERO,DiDi,5.0,170500.0,42.63
26/04/2026,7.Sunday,COL,Bogotá,26 ALMUERZO DE LA CA,03 CHAPINERO,Rappi,1.0,30700.0,7.68
26/04/2026,7.Sunday,COL,Bogotá,26 ALMUERZO DE LA CA,08 ANDES,DiDi,1.0,40400.0,10.1
26/04/2026,7.Sunday,COL,Bogotá,26 ALMUERZO DE LA CA,13 CHIA,DiDi,2.0,60000.0,15.0
26/04/2026,7.Sunday,COL,Bogotá,26 ALMUERZO DE LA CA,13 CHIA,Rappi,1.0,24800.0,6.2
26/04/2026,7.Sunday,COL,Bogotá,26 ALMUERZO DE LA CA,15 ENGATIVA,Rappi,1.0,21900.0,5.48
26/04/2026,7.Sunday,COL,Bogotá,26 ALMUERZO DE LA CA,36 VILLA DEL PRADO,DiDi,3.0,108700.0,27.18
26/04/2026,7.Sunday,COL,Bogotá,26 ALMUERZO DE LA CA,38 KENNEDY,DiDi,2.0,65700.0,16.43
26/04/2026,7.Sunday,COL,Bogotá,26 ALMUERZO DE LA CA,38 KENNEDY,Rappi,1.0,43800.0,10.95
26/04/2026,7.Sunday,COL,Bogotá,27 DESAYUNO MI TIERR,02 PARQUE 93,Rappi,1.0,25000.0,6.25
26/04/2026,7.Sunday,COL,Bogotá,27 DESAYUNO MI TIERR,45 VERAGUAS,Rappi,1.0,31900.0,7.98
26/04/2026,7.Sunday,COL,Bogotá,29 SEÑOR BURRITO,06 COLINA,DiDi,1.0,62800.0,15.7
26/04/2026,7.Sunday,COL,Bogotá,29 SEÑOR BURRITO,08 ANDES,DiDi,1.0,61900.0,15.48
26/04/2026,7.Sunday,COL,Bogotá,35 BRUNCH CLUB,01 USAQUEN,DiDi,3.0,91200.0,22.8
26/04/2026,7.Sunday,COL,Bogotá,35 BRUNCH CLUB,02 PARQUE 93,DiDi,2.0,183600.0,45.9
26/04/2026,7.Sunday,COL,Bogotá,35 BRUNCH CLUB,03 CHAPINERO,DiDi,1.0,92300.0,23.08
26/04/2026,7.Sunday,COL,Bogotá,35 BRUNCH CLUB,08 ANDES,DiDi,2.0,73600.0,18.4
26/04/2026,7.Sunday,COL,Bogotá,35 BRUNCH CLUB,13 CHIA,DiDi,1.0,25900.0,6.48
26/04/2026,7.Sunday,COL,Bogotá,35 BRUNCH CLUB,15 ENGATIVA,DiDi,1.0,42400.0,10.6
26/04/2026,7.Sunday,COL,Bogotá,35 BRUNCH CLUB,36 VILLA DEL PRADO,DiDi,1.0,23800.0,5.95
26/04/2026,7.Sunday,COL,Bogotá,35 BRUNCH CLUB,38 KENNEDY,DiDi,3.0,75100.0,18.78
26/04/2026,7.Sunday,COL,Bogotá,35 BRUNCH CLUB,45 VERAGUAS,DiDi,1.0,86600.0,21.65
26/04/2026,7.Sunday,COL,Bogotá,351 LA FOLIE,01 USAQUEN,Rappi,3.0,107200.0,26.8
26/04/2026,7.Sunday,COL,Bogotá,351 LA FOLIE,06 COLINA,Rappi,1.0,23800.0,5.95
26/04/2026,7.Sunday,COL,Bogotá,351 LA FOLIE,15 ENGATIVA,Rappi,1.0,23800.0,5.95
26/04/2026,7.Sunday,COL,Bogotá,351 LA FOLIE,36 VILLA DEL PRADO,Rappi,3.0,94500.0,23.63
26/04/2026,7.Sunday,COL,Bogotá,352 BURRITOS & CO TU,01 USAQUEN,Rappi,33.0,1974500.0,493.63
26/04/2026,7.Sunday,COL,Bogotá,352 BURRITOS & CO TU,02 PARQUE 93,Rappi,4.0,112100.0,28.03
26/04/2026,7.Sunday,COL,Bogotá,352 BURRITOS & CO TU,03 CHAPINERO,Rappi,28.0,1594200.0,398.55
26/04/2026,7.Sunday,COL,Bogotá,352 BURRITOS & CO TU,06 COLINA,Rappi,14.0,1059000.0,264.75
26/04/2026,7.Sunday,COL,Bogotá,352 BURRITOS & CO TU,08 ANDES,Rappi,22.0,1126800.0,281.7
26/04/2026,7.Sunday,COL,Bogotá,352 BURRITOS & CO TU,36 VILLA DEL PRADO,Rappi,23.0,1083300.0,270.83
26/04/2026,7.Sunday,COL,Bogotá,352 BURRITOS & CO TU,38 KENNEDY,Rappi,9.0,654600.0,163.65
26/04/2026,7.Sunday,COL,Bogotá,352 BURRITOS & CO TU,65 CALLE 109,Rappi,1.0,31900.0,7.98
26/04/2026,7.Sunday,COL,Bogotá,353 LA CUADRA TURBO,01 USAQUEN,Rappi,17.0,1246400.0,311.6
26/04/2026,7.Sunday,COL,Bogotá,353 LA CUADRA TURBO,02 PARQUE 93,Rappi,2.0,161400.0,40.35
26/04/2026,7.Sunday,COL,Bogotá,353 LA CUADRA TURBO,03 CHAPINERO,Rappi,18.0,1137300.0,284.33
26/04/2026,7.Sunday,COL,Bogotá,353 LA CUADRA TURBO,08 ANDES,Rappi,23.0,1565000.0,391.25
26/04/2026,7.Sunday,COL,Bogotá,353 LA CUADRA TURBO,36 VILLA DEL PRADO,Rappi,3.0,240500.0,60.13
26/04/2026,7.Sunday,COL,Bogotá,353 LA CUADRA TURBO,38 KENNEDY,Rappi,4.0,194400.0,48.6
26/04/2026,7.Sunday,COL,Bogotá,356 EL JEFE TURBO,36 VILLA DEL PRADO,Rappi,3.0,170900.0,42.73
26/04/2026,7.Sunday,COL,Bogotá,359 GREEN HOUSE,01 USAQUEN,DiDi,4.0,117600.0,29.4
26/04/2026,7.Sunday,COL,Bogotá,359 GREEN HOUSE,01 USAQUEN,Rappi,3.0,206300.0,51.58
26/04/2026,7.Sunday,COL,Bogotá,359 GREEN HOUSE,02 PARQUE 93,DiDi,3.0,92800.0,23.2
26/04/2026,7.Sunday,COL,Bogotá,359 GREEN HOUSE,02 PARQUE 93,Rappi,6.0,263400.0,65.85
26/04/2026,7.Sunday,COL,Bogotá,359 GREEN HOUSE,03 CHAPINERO,DiDi,3.0,99400.0,24.85
26/04/2026,7.Sunday,COL,Bogotá,359 GREEN HOUSE,03 CHAPINERO,Rappi,6.0,286200.0,71.55
26/04/2026,7.Sunday,COL,Bogotá,359 GREEN HOUSE,06 COLINA,DiDi,4.0,136200.0,34.05
26/04/2026,7.Sunday,COL,Bogotá,359 GREEN HOUSE,06 COLINA,Rappi,4.0,226900.0,56.73
26/04/2026,7.Sunday,COL,Bogotá,359 GREEN HOUSE,08 ANDES,DiDi,2.0,116000.0,29.0
26/04/2026,7.Sunday,COL,Bogotá,359 GREEN HOUSE,08 ANDES,Rappi,3.0,120400.0,30.1
26/04/2026,7.Sunday,COL,Bogotá,359 GREEN HOUSE,13 CHIA,DiDi,4.0,131700.0,32.93
26/04/2026,7.Sunday,COL,Bogotá,359 GREEN HOUSE,13 CHIA,Rappi,3.0,122100.0,30.53
26/04/2026,7.Sunday,COL,Bogotá,359 GREEN HOUSE,15 ENGATIVA,DiDi,1.0,22500.0,5.63
26/04/2026,7.Sunday,COL,Bogotá,359 GREEN HOUSE,15 ENGATIVA,Rappi,5.0,302000.0,75.5
26/04/2026,7.Sunday,COL,Bogotá,359 GREEN HOUSE,36 VILLA DEL PRADO,DiDi,6.0,297600.0,74.4
26/04/2026,7.Sunday,COL,Bogotá,359 GREEN HOUSE,36 VILLA DEL PRADO,Rappi,5.0,274200.0,68.55
26/04/2026,7.Sunday,COL,Bogotá,359 GREEN HOUSE,38 KENNEDY,DiDi,2.0,109100.0,27.28
26/04/2026,7.Sunday,COL,Bogotá,359 GREEN HOUSE,45 VERAGUAS,DiDi,1.0,19800.0,4.95
26/04/2026,7.Sunday,COL,Bogotá,359 GREEN HOUSE,50 CHICO,Rappi,2.0,182500.0,45.63
26/04/2026,7.Sunday,COL,Bogotá,359 GREEN HOUSE,65 CALLE 109,DiDi,3.0,77200.0,19.3
26/04/2026,7.Sunday,COL,Bogotá,359 GREEN HOUSE,65 CALLE 109,Rappi,2.0,93300.0,23.33
26/04/2026,7.Sunday,COL,Bogotá,359 GREEN HOUSE,69 ARRECIFE,Rappi,2.0,105200.0,26.3
26/04/2026,7.Sunday,COL,Bogotá,361 CINNABON PASETUR,61 CHICO CINNABON,Rappi,6.0,158200.0,39.55
26/04/2026,7.Sunday,COL,Bogotá,362 ÑAMGUCHERIA,01 USAQUEN,Rappi,12.0,784000.0,196.0
26/04/2026,7.Sunday,COL,Bogotá,362 ÑAMGUCHERIA,02 PARQUE 93,DiDi,3.0,134400.0,33.6
26/04/2026,7.Sunday,COL,Bogotá,362 ÑAMGUCHERIA,02 PARQUE 93,Rappi,7.0,291500.0,72.88
26/04/2026,7.Sunday,COL,Bogotá,362 ÑAMGUCHERIA,03 CHAPINERO,DiDi,5.0,282900.0,70.73
26/04/2026,7.Sunday,COL,Bogotá,362 ÑAMGUCHERIA,03 CHAPINERO,Rappi,14.0,733300.0,183.33
26/04/2026,7.Sunday,COL,Bogotá,362 ÑAMGUCHERIA,06 COLINA,DiDi,8.0,441400.0,110.35
26/04/2026,7.Sunday,COL,Bogotá,362 ÑAMGUCHERIA,06 COLINA,Rappi,5.0,320700.0,80.18
26/04/2026,7.Sunday,COL,Bogotá,362 ÑAMGUCHERIA,08 ANDES,DiDi,5.0,262400.0,65.6
26/04/2026,7.Sunday,COL,Bogotá,362 ÑAMGUCHERIA,08 ANDES,Rappi,6.0,310400.0,77.6
26/04/2026,7.Sunday,COL,Bogotá,362 ÑAMGUCHERIA,13 CHIA,DiDi,4.0,239300.0,59.83
26/04/2026,7.Sunday,COL,Bogotá,362 ÑAMGUCHERIA,13 CHIA,Rappi,6.0,363500.0,90.88
26/04/2026,7.Sunday,COL,Bogotá,362 ÑAMGUCHERIA,15 ENGATIVA,DiDi,1.0,43500.0,10.88
26/04/2026,7.Sunday,COL,Bogotá,362 ÑAMGUCHERIA,15 ENGATIVA,Rappi,4.0,190800.0,47.7
26/04/2026,7.Sunday,COL,Bogotá,362 ÑAMGUCHERIA,36 VILLA DEL PRADO,DiDi,2.0,62400.0,15.6
26/04/2026,7.Sunday,COL,Bogotá,362 ÑAMGUCHERIA,36 VILLA DEL PRADO,Rappi,10.0,592000.0,148.0
26/04/2026,7.Sunday,COL,Bogotá,362 ÑAMGUCHERIA,38 KENNEDY,DiDi,6.0,325000.0,81.25
26/04/2026,7.Sunday,COL,Bogotá,362 ÑAMGUCHERIA,38 KENNEDY,Rappi,4.0,204800.0,51.2
26/04/2026,7.Sunday,COL,Bogotá,362 ÑAMGUCHERIA,45 VERAGUAS,DiDi,1.0,23900.0,5.98
26/04/2026,7.Sunday,COL,Bogotá,362 ÑAMGUCHERIA,45 VERAGUAS,Rappi,5.0,346700.0,86.68
26/04/2026,7.Sunday,COL,Bogotá,362 ÑAMGUCHERIA,50 CHICO,Rappi,2.0,77000.0,19.25
26/04/2026,7.Sunday,COL,Bogotá,362 ÑAMGUCHERIA,65 CALLE 109,DiDi,1.0,85000.0,21.25
26/04/2026,7.Sunday,COL,Bogotá,362 ÑAMGUCHERIA,65 CALLE 109,Rappi,9.0,439400.0,109.85
26/04/2026,7.Sunday,COL,Bogotá,362 ÑAMGUCHERIA,69 ARRECIFE,Rappi,1.0,80000.0,20.0
26/04/2026,7.Sunday,COL,Bogotá,363 GREEN HOUSE TURB,01 USAQUEN,Rappi,8.0,370700.0,92.68
26/04/2026,7.Sunday,COL,Bogotá,363 GREEN HOUSE TURB,03 CHAPINERO,Rappi,5.0,319200.0,79.8
26/04/2026,7.Sunday,COL,Bogotá,363 GREEN HOUSE TURB,36 VILLA DEL PRADO,Rappi,4.0,195700.0,48.93
26/04/2026,7.Sunday,COL,Bogotá,363 GREEN HOUSE TURB,38 KENNEDY,Rappi,2.0,49300.0,12.33
26/04/2026,7.Sunday,COL,Bogotá,366 HOUSE OF SALADS,01 USAQUEN,Rappi,1.0,41900.0,10.48
26/04/2026,7.Sunday,COL,Bogotá,366 HOUSE OF SALADS,03 CHAPINERO,Rappi,1.0,38900.0,9.73
26/04/2026,7.Sunday,COL,Bogotá,366 HOUSE OF SALADS,08 ANDES,Rappi,1.0,27500.0,6.88
26/04/2026,7.Sunday,COL,Bogotá,366 HOUSE OF SALADS,15 ENGATIVA,Rappi,1.0,38900.0,9.73
26/04/2026,7.Sunday,COL,Bogotá,366 HOUSE OF SALADS,36 VILLA DEL PRADO,Rappi,1.0,56400.0,14.1
26/04/2026,7.Sunday,COL,Bogotá,366 HOUSE OF SALADS,38 KENNEDY,Rappi,1.0,36800.0,9.2
26/04/2026,7.Sunday,COL,Bogotá,369 ÑAMGUCHERIA TURB,01 USAQUEN,Rappi,10.0,436800.0,109.2
26/04/2026,7.Sunday,COL,Bogotá,369 ÑAMGUCHERIA TURB,08 ANDES,Rappi,1.0,41500.0,10.38
26/04/2026,7.Sunday,COL,Bogotá,370 MONTEVERDE,06 COLINA,Rappi,2.0,51800.0,12.95
26/04/2026,7.Sunday,COL,Bogotá,370 MONTEVERDE,36 VILLA DEL PRADO,Rappi,1.0,53500.0,13.38
26/04/2026,7.Sunday,COL,Bogotá,373 HOUSE OF BURGERS,13 CHIA,Rappi,2.0,109600.0,27.4
26/04/2026,7.Sunday,COL,Bogotá,373 HOUSE OF BURGERS,45 VERAGUAS,Rappi,1.0,52700.0,13.18
26/04/2026,7.Sunday,COL,Bogotá,380 BREAKFAST CLUB,01 USAQUEN,DiDi,1.0,34500.0,8.63
26/04/2026,7.Sunday,COL,Bogotá,380 BREAKFAST CLUB,01 USAQUEN,Rappi,6.0,368700.0,92.18
26/04/2026,7.Sunday,COL,Bogotá,380 BREAKFAST CLUB,02 PARQUE 93,DiDi,2.0,62600.0,15.65
26/04/2026,7.Sunday,COL,Bogotá,380 BREAKFAST CLUB,02 PARQUE 93,Rappi,5.0,309900.0,77.48
26/04/2026,7.Sunday,COL,Bogotá,380 BREAKFAST CLUB,03 CHAPINERO,DiDi,2.0,65300.0,16.33
26/04/2026,7.Sunday,COL,Bogotá,380 BREAKFAST CLUB,03 CHAPINERO,Rappi,21.0,1284900.0,321.23
26/04/2026,7.Sunday,COL,Bogotá,380 BREAKFAST CLUB,06 COLINA,Rappi,4.0,340200.0,85.05
26/04/2026,7.Sunday,COL,Bogotá,380 BREAKFAST CLUB,08 ANDES,Rappi,2.0,106800.0,26.7
26/04/2026,7.Sunday,COL,Bogotá,380 BREAKFAST CLUB,13 CHIA,Rappi,3.0,228500.0,57.13
26/04/2026,7.Sunday,COL,Bogotá,380 BREAKFAST CLUB,15 ENGATIVA,Rappi,2.0,91600.0,22.9
26/04/2026,7.Sunday,COL,Bogotá,380 BREAKFAST CLUB,36 VILLA DEL PRADO,DiDi,1.0,25900.0,6.48
26/04/2026,7.Sunday,COL,Bogotá,380 BREAKFAST CLUB,36 VILLA DEL PRADO,Rappi,3.0,171000.0,42.75
26/04/2026,7.Sunday,COL,Bogotá,380 BREAKFAST CLUB,38 KENNEDY,DiDi,2.0,88100.0,22.03
26/04/2026,7.Sunday,COL,Bogotá,380 BREAKFAST CLUB,38 KENNEDY,Rappi,1.0,25900.0,6.48
26/04/2026,7.Sunday,COL,Bogotá,380 BREAKFAST CLUB,45 VERAGUAS,Rappi,1.0,144600.0,36.15
26/04/2026,7.Sunday,COL,Bogotá,380 BREAKFAST CLUB,50 CHICO,Rappi,5.0,354500.0,88.63
26/04/2026,7.Sunday,COL,Bogotá,380 BREAKFAST CLUB,65 CALLE 109,Rappi,2.0,332700.0,83.18
26/04/2026,7.Sunday,COL,Bogotá,380 BREAKFAST CLUB,69 ARRECIFE,Rappi,1.0,107900.0,26.98
26/04/2026,7.Sunday,COL,Bogotá,381 DESAYU LA ABUELA,01 USAQUEN,Rappi,19.0,1513300.0,378.33
26/04/2026,7.Sunday,COL,Bogotá,381 DESAYU LA ABUELA,02 PARQUE 93,DiDi,3.0,170000.0,42.5
26/04/2026,7.Sunday,COL,Bogotá,381 DESAYU LA ABUELA,02 PARQUE 93,Rappi,14.0,879500.0,219.88
26/04/2026,7.Sunday,COL,Bogotá,381 DESAYU LA ABUELA,03 CHAPINERO,DiDi,11.0,839900.0,209.98
26/04/2026,7.Sunday,COL,Bogotá,381 DESAYU LA ABUELA,03 CHAPINERO,Rappi,26.0,1662700.0,415.68
26/04/2026,7.Sunday,COL,Bogotá,381 DESAYU LA ABUELA,06 COLINA,DiDi,1.0,51800.0,12.95
26/04/2026,7.Sunday,COL,Bogotá,381 DESAYU LA ABUELA,06 COLINA,Rappi,20.0,1658300.0,414.58
26/04/2026,7.Sunday,COL,Bogotá,381 DESAYU LA ABUELA,08 ANDES,DiDi,2.0,90500.0,22.63
26/04/2026,7.Sunday,COL,Bogotá,381 DESAYU LA ABUELA,08 ANDES,Rappi,9.0,544400.0,136.1
26/04/2026,7.Sunday,COL,Bogotá,381 DESAYU LA ABUELA,13 CHIA,DiDi,3.0,88600.0,22.15
26/04/2026,7.Sunday,COL,Bogotá,381 DESAYU LA ABUELA,13 CHIA,Rappi,4.0,265900.0,66.48
26/04/2026,7.Sunday,COL,Bogotá,381 DESAYU LA ABUELA,15 ENGATIVA,DiDi,5.0,211600.0,52.9
26/04/2026,7.Sunday,COL,Bogotá,381 DESAYU LA ABUELA,15 ENGATIVA,Rappi,4.0,393400.0,98.35
26/04/2026,7.Sunday,COL,Bogotá,381 DESAYU LA ABUELA,36 VILLA DEL PRADO,DiDi,5.0,465200.0,116.3
26/04/2026,7.Sunday,COL,Bogotá,381 DESAYU LA ABUELA,36 VILLA DEL PRADO,Rappi,11.0,746100.0,186.53
26/04/2026,7.Sunday,COL,Bogotá,381 DESAYU LA ABUELA,38 KENNEDY,DiDi,4.0,309700.0,77.43
26/04/2026,7.Sunday,COL,Bogotá,381 DESAYU LA ABUELA,38 KENNEDY,Rappi,4.0,464200.0,116.05
26/04/2026,7.Sunday,COL,Bogotá,381 DESAYU LA ABUELA,45 VERAGUAS,DiDi,7.0,589700.0,147.43
26/04/2026,7.Sunday,COL,Bogotá,381 DESAYU LA ABUELA,45 VERAGUAS,Rappi,7.0,426500.0,106.63
26/04/2026,7.Sunday,COL,Bogotá,381 DESAYU LA ABUELA,50 CHICO,DiDi,1.0,35800.0,8.95
26/04/2026,7.Sunday,COL,Bogotá,381 DESAYU LA ABUELA,50 CHICO,Rappi,14.0,1027800.0,256.95
26/04/2026,7.Sunday,COL,Bogotá,381 DESAYU LA ABUELA,65 CALLE 109,DiDi,1.0,82300.0,20.58
26/04/2026,7.Sunday,COL,Bogotá,381 DESAYU LA ABUELA,65 CALLE 109,Rappi,13.0,1079700.0,269.93
26/04/2026,7.Sunday,COL,Bogotá,381 DESAYU LA ABUELA,69 ARRECIFE,Rappi,1.0,41400.0,10.35
26/04/2026,7.Sunday,COL,Bogotá,382 ALBA VEGE TURBO,03 CHAPINERO,Rappi,2.0,38800.0,9.7
26/04/2026,7.Sunday,COL,Bogotá,382 ALBA VEGE TURBO,65 CALLE 109,Rappi,2.0,59600.0,14.9
26/04/2026,7.Sunday,COL,Bogotá,383 BOTTANIKO TURBO,03 CHAPINERO,Rappi,1.0,28900.0,7.23
26/04/2026,7.Sunday,COL,Bogotá,383 BOTTANIKO TURBO,08 ANDES,Rappi,1.0,28400.0,7.1
26/04/2026,7.Sunday,COL,Bogotá,383 BOTTANIKO TURBO,65 CALLE 109,Rappi,3.0,144000.0,36.0
26/04/2026,7.Sunday,COL,Bogotá,385 MAÑANERO TURBO,01 USAQUEN,Rappi,1.0,22500.0,5.63
26/04/2026,7.Sunday,COL,Bogotá,385 MAÑANERO TURBO,03 CHAPINERO,Rappi,1.0,44300.0,11.08
26/04/2026,7.Sunday,COL,Bogotá,385 MAÑANERO TURBO,08 ANDES,Rappi,1.0,42600.0,10.65
26/04/2026,7.Sunday,COL,Bogotá,386 LA CASA MEXICANA,01 USAQUEN,DiDi,2.0,71200.0,17.8
26/04/2026,7.Sunday,COL,Bogotá,386 LA CASA MEXICANA,01 USAQUEN,Rappi,2.0,95700.0,23.93
26/04/2026,7.Sunday,COL,Bogotá,386 LA CASA MEXICANA,02 PARQUE 93,DiDi,2.0,85700.0,21.43
26/04/2026,7.Sunday,COL,Bogotá,386 LA CASA MEXICANA,02 PARQUE 93,Rappi,1.0,60600.0,15.15
26/04/2026,7.Sunday,COL,Bogotá,386 LA CASA MEXICANA,03 CHAPINERO,DiDi,4.0,232600.0,58.15
26/04/2026,7.Sunday,COL,Bogotá,386 LA CASA MEXICANA,03 CHAPINERO,Rappi,3.0,183900.0,45.98
26/04/2026,7.Sunday,COL,Bogotá,386 LA CASA MEXICANA,06 COLINA,Rappi,1.0,62900.0,15.73
26/04/2026,7.Sunday,COL,Bogotá,386 LA CASA MEXICANA,08 ANDES,DiDi,5.0,182900.0,45.73
26/04/2026,7.Sunday,COL,Bogotá,386 LA CASA MEXICANA,08 ANDES,Rappi,1.0,49800.0,12.45
26/04/2026,7.Sunday,COL,Bogotá,386 LA CASA MEXICANA,13 CHIA,DiDi,5.0,187800.0,46.95
26/04/2026,7.Sunday,COL,Bogotá,386 LA CASA MEXICANA,13 CHIA,Rappi,4.0,185900.0,46.48
26/04/2026,7.Sunday,COL,Bogotá,386 LA CASA MEXICANA,15 ENGATIVA,DiDi,2.0,90600.0,22.65
26/04/2026,7.Sunday,COL,Bogotá,386 LA CASA MEXICANA,15 ENGATIVA,Rappi,1.0,237800.0,59.45
26/04/2026,7.Sunday,COL,Bogotá,386 LA CASA MEXICANA,36 VILLA DEL PRADO,DiDi,1.0,26500.0,6.63
26/04/2026,7.Sunday,COL,Bogotá,386 LA CASA MEXICANA,36 VILLA DEL PRADO,Rappi,1.0,21900.0,5.48
26/04/2026,7.Sunday,COL,Bogotá,386 LA CASA MEXICANA,38 KENNEDY,DiDi,2.0,65700.0,16.43
26/04/2026,7.Sunday,COL,Bogotá,386 LA CASA MEXICANA,38 KENNEDY,Rappi,2.0,69600.0,17.4
26/04/2026,7.Sunday,COL,Bogotá,386 LA CASA MEXICANA,45 VERAGUAS,DiDi,6.0,280400.0,70.1
26/04/2026,7.Sunday,COL,Bogotá,386 LA CASA MEXICANA,45 VERAGUAS,Rappi,2.0,78800.0,19.7
26/04/2026,7.Sunday,COL,Bogotá,386 LA CASA MEXICANA,65 CALLE 109,DiDi,3.0,143500.0,35.88
26/04/2026,7.Sunday,COL,Bogotá,387 THE EGG SPOT,01 USAQUEN,Rappi,1.0,52000.0,13.0
26/04/2026,7.Sunday,COL,Bogotá,387 THE EGG SPOT,02 PARQUE 93,DiDi,2.0,104200.0,26.05
26/04/2026,7.Sunday,COL,Bogotá,387 THE EGG SPOT,02 PARQUE 93,Rappi,1.0,43400.0,10.85
26/04/2026,7.Sunday,COL,Bogotá,387 THE EGG SPOT,03 CHAPINERO,Rappi,1.0,87600.0,21.9
26/04/2026,7.Sunday,COL,Bogotá,387 THE EGG SPOT,06 COLINA,Rappi,1.0,135200.0,33.8
26/04/2026,7.Sunday,COL,Bogotá,387 THE EGG SPOT,08 ANDES,Rappi,1.0,34500.0,8.63
26/04/2026,7.Sunday,COL,Bogotá,387 THE EGG SPOT,13 CHIA,Rappi,2.0,54400.0,13.6
26/04/2026,7.Sunday,COL,Bogotá,387 THE EGG SPOT,36 VILLA DEL PRADO,Rappi,3.0,159500.0,39.88
26/04/2026,7.Sunday,COL,Bogotá,387 THE EGG SPOT,45 VERAGUAS,Rappi,1.0,66300.0,16.58
26/04/2026,7.Sunday,COL,Bogotá,388 FOODHUB,01 USAQUEN,DiDi,1.0,68000.0,17.0
26/04/2026,7.Sunday,COL,Bogotá,388 FOODHUB,03 CHAPINERO,DiDi,1.0,110700.0,27.68
26/04/2026,7.Sunday,COL,Bogotá,388 FOODHUB,38 KENNEDY,DiDi,1.0,16900.0,4.23
26/04/2026,7.Sunday,COL,Bogotá,388 FOODHUB,65 CALLE 109,Rappi,1.0,194300.0,48.58
26/04/2026,7.Sunday,COL,Bogotá,388 FOODHUB,69 ARRECIFE,Rappi,1.0,40700.0,10.18
26/04/2026,7.Sunday,COL,Bogotá,392 HONEST FOOD,01 USAQUEN,Rappi,1.0,42900.0,10.73
26/04/2026,7.Sunday,COL,Bogotá,392 HONEST FOOD,03 CHAPINERO,Rappi,2.0,63000.0,15.75
26/04/2026,7.Sunday,COL,Bogotá,392 HONEST FOOD,06 COLINA,Rappi,1.0,73000.0,18.25
26/04/2026,7.Sunday,COL,Bogotá,392 HONEST FOOD,08 ANDES,Rappi,1.0,29500.0,7.38
26/04/2026,7.Sunday,COL,Bogotá,392 HONEST FOOD,13 CHIA,Rappi,2.0,195400.0,48.85
26/04/2026,7.Sunday,COL,Bogotá,392 HONEST FOOD,15 ENGATIVA,Rappi,1.0,42900.0,10.73
26/04/2026,7.Sunday,COL,Bogotá,392 HONEST FOOD,36 VILLA DEL PRADO,Rappi,1.0,85800.0,21.45
26/04/2026,7.Sunday,COL,Bogotá,392 HONEST FOOD,45 VERAGUAS,Rappi,1.0,173800.0,43.45
26/04/2026,7.Sunday,COL,Bogotá,392 HONEST FOOD,65 CALLE 109,Rappi,1.0,42900.0,10.73
26/04/2026,7.Sunday,COL,Bogotá,392 MONTEVERDE TURB,01 USAQUEN,Rappi,4.0,170100.0,42.53
26/04/2026,7.Sunday,COL,Bogotá,392 MONTEVERDE TURB,03 CHAPINERO,Rappi,11.0,496000.0,124.0
26/04/2026,7.Sunday,COL,Bogotá,392 MONTEVERDE TURB,06 COLINA,Rappi,1.0,28500.0,7.13
26/04/2026,7.Sunday,COL,Bogotá,392 MONTEVERDE TURB,08 ANDES,Rappi,1.0,34800.0,8.7
26/04/2026,7.Sunday,COL,Bogotá,392 MONTEVERDE TURB,36 VILLA DEL PRADO,Rappi,3.0,171300.0,42.83
26/04/2026,7.Sunday,COL,Bogotá,392 MONTEVERDE TURB,38 KENNEDY,Rappi,1.0,38900.0,9.73
26/04/2026,7.Sunday,COL,Bogotá,392 MONTEVERDE TURB,65 CALLE 109,Rappi,1.0,28500.0,7.13
26/04/2026,7.Sunday,COL,Bogotá,393 EL EJECUTIVO,01 USAQUEN,Rappi,2.0,124800.0,31.2
26/04/2026,7.Sunday,COL,Bogotá,393 EL EJECUTIVO,03 CHAPINERO,DiDi,1.0,19900.0,4.98
26/04/2026,7.Sunday,COL,Bogotá,393 EL EJECUTIVO,03 CHAPINERO,Rappi,1.0,29500.0,7.38
26/04/2026,7.Sunday,COL,Bogotá,393 EL EJECUTIVO,08 ANDES,Rappi,1.0,61000.0,15.25
26/04/2026,7.Sunday,COL,Bogotá,393 EL EJECUTIVO,13 CHIA,DiDi,1.0,35900.0,8.98
26/04/2026,7.Sunday,COL,Bogotá,393 EL EJECUTIVO,13 CHIA,Rappi,1.0,30500.0,7.63
26/04/2026,7.Sunday,COL,Bogotá,393 EL EJECUTIVO,36 VILLA DEL PRADO,DiDi,1.0,31400.0,7.85
26/04/2026,7.Sunday,COL,Bogotá,393 EL EJECUTIVO,36 VILLA DEL PRADO,Rappi,2.0,68000.0,17.0
26/04/2026,7.Sunday,COL,Bogotá,393 EL EJECUTIVO,65 CALLE 109,DiDi,1.0,29400.0,7.35
26/04/2026,7.Sunday,COL,Bogotá,393 HOUSEBURGER TURB,01 USAQUEN,Rappi,3.0,157000.0,39.25
26/04/2026,7.Sunday,COL,Bogotá,393 HOUSEBURGER TURB,03 CHAPINERO,Rappi,1.0,32800.0,8.2
26/04/2026,7.Sunday,COL,Bogotá,394 COCINA CONSCIENT,01 USAQUEN,DiDi,1.0,34900.0,8.73
26/04/2026,7.Sunday,COL,Bogotá,394 COCINA CONSCIENT,02 PARQUE 93,DiDi,1.0,31500.0,7.88
26/04/2026,7.Sunday,COL,Bogotá,394 COCINA CONSCIENT,02 PARQUE 93,Rappi,1.0,28500.0,7.13
26/04/2026,7.Sunday,COL,Bogotá,394 COCINA CONSCIENT,06 COLINA,DiDi,1.0,31900.0,7.98
26/04/2026,7.Sunday,COL,Bogotá,394 COCINA CONSCIENT,08 ANDES,DiDi,1.0,25300.0,6.33
26/04/2026,7.Sunday,COL,Bogotá,394 COCINA CONSCIENT,08 ANDES,Rappi,1.0,38900.0,9.73
26/04/2026,7.Sunday,COL,Bogotá,394 COCINA CONSCIENT,13 CHIA,Rappi,1.0,33500.0,8.38
26/04/2026,7.Sunday,COL,Bogotá,394 COCINA CONSCIENT,36 VILLA DEL PRADO,Rappi,1.0,47700.0,11.93
26/04/2026,7.Sunday,COL,Bogotá,395 BISTRO - TURBO,01 USAQUEN,Rappi,2.0,70100.0,17.53
26/04/2026,7.Sunday,COL,Bogotá,395 BISTRO - TURBO,36 VILLA DEL PRADO,Rappi,1.0,43400.0,10.85
26/04/2026,7.Sunday,COL,Bogotá,395 BISTRO - TURBO,50 CHICO,Rappi,1.0,36000.0,9.0
26/04/2026,7.Sunday,COL,Bogotá,395 BISTRO - TURBO,65 CALLE 109,Rappi,2.0,118900.0,29.73
26/04/2026,7.Sunday,COL,Bogotá,396 NUMA MEDITERRAN,03 CHAPINERO,DiDi,3.0,119500.0,29.88
26/04/2026,7.Sunday,COL,Bogotá,396 NUMA MEDITERRAN,15 ENGATIVA,Rappi,1.0,49800.0,12.45
26/04/2026,7.Sunday,COL,Bogotá,397 CACEROLA - TURBO,01 USAQUEN,Rappi,1.0,25900.0,6.48
26/04/2026,7.Sunday,COL,Bogotá,397 CACEROLA - TURBO,03 CHAPINERO,Rappi,1.0,24500.0,6.13
26/04/2026,7.Sunday,COL,Bogotá,397 CACEROLA - TURBO,06 COLINA,Rappi,1.0,106700.0,26.68
26/04/2026,7.Sunday,COL,Bogotá,397 CACEROLA - TURBO,08 ANDES,Rappi,2.0,75300.0,18.83
26/04/2026,7.Sunday,COL,Bogotá,397 CACEROLA - TURBO,36 VILLA DEL PRADO,Rappi,5.0,274400.0,68.6
26/04/2026,7.Sunday,COL,Bogotá,401 BURRITOS PASE,67 PLAZA CLARO COURT,FoodologyPOS,8.0,306404.0,76.6
26/04/2026,7.Sunday,COL,Bogotá,401 BURRITOS PASE,67 PLAZA CLARO COURT,Rappi,0.0,0.0,0.0
26/04/2026,7.Sunday,COL,Bogotá,401 DESA ABUELA TURBO,03 CHAPINERO,Rappi,1.0,124400.0,31.1
26/04/2026,7.Sunday,COL,Bogotá,402 EJECUT TRAD TURBO,36 VILLA DEL PRADO,Rappi,1.0,43400.0,10.85
26/04/2026,7.Sunday,COL,Bogotá,402 LA CUADRA PASE,67 PLAZA CLARO COURT,FoodologyPOS,19.0,622116.0,155.53
26/04/2026,7.Sunday,COL,Bogotá,402 LA CUADRA PASE,67 PLAZA CLARO COURT,Rappi,4.0,373500.0,93.38
26/04/2026,7.Sunday,COL,Bogotá,403 HONEST FOOD TURBO,01 USAQUEN,Rappi,1.0,32500.0,8.13
26/04/2026,7.Sunday,COL,Bogotá,403 HONEST FOOD TURBO,03 CHAPINERO,Rappi,3.0,194100.0,48.53
26/04/2026,7.Sunday,COL,Bogotá,403 HONEST FOOD TURBO,06 COLINA,Rappi,1.0,28500.0,7.13
26/04/2026,7.Sunday,COL,Bogotá,403 HONEST FOOD TURBO,36 VILLA DEL PRADO,Rappi,4.0,263000.0,65.75
26/04/2026,7.Sunday,COL,Bogotá,405 BREAKFACLUB TURBO,01 USAQUEN,Rappi,4.0,248100.0,62.03
26/04/2026,7.Sunday,COL,Bogotá,405 BREAKFACLUB TURBO,03 CHAPINERO,Rappi,1.0,54800.0,13.7
26/04/2026,7.Sunday,COL,Bogotá,405 BREAKFACLUB TURBO,36 VILLA DEL PRADO,Rappi,2.0,59800.0,14.95
26/04/2026,7.Sunday,COL,Bogotá,409 THE EGG SPOT TU,08 ANDES,Rappi,1.0,38900.0,9.73
26/04/2026,7.Sunday,COL,Bogotá,410 NUMA COC MED TU,08 ANDES,Rappi,1.0,54800.0,13.7
26/04/2026,7.Sunday,COL,Bogotá,411 DORIT LOC BY DOR,38 KENNEDY,Rappi,0.0,0.0,0.0
26/04/2026,7.Sunday,COL,Bogotá,413 HOUSE SALAD TURB,01 USAQUEN,Rappi,3.0,119900.0,29.98
26/04/2026,7.Sunday,COL,Bogotá,413 HOUSE SALAD TURB,02 PARQUE 93,Rappi,4.0,161700.0,40.43
26/04/2026,7.Sunday,COL,Bogotá,413 HOUSE SALAD TURB,03 CHAPINERO,Rappi,6.0,224900.0,56.23
26/04/2026,7.Sunday,COL,Bogotá,413 HOUSE SALAD TURB,06 COLINA,Rappi,2.0,84300.0,21.08
26/04/2026,7.Sunday,COL,Bogotá,413 HOUSE SALAD TURB,08 ANDES,Rappi,9.0,574400.0,143.6
26/04/2026,7.Sunday,COL,Bogotá,413 HOUSE SALAD TURB,36 VILLA DEL PRADO,Rappi,1.0,80800.0,20.2
26/04/2026,7.Sunday,COL,Bogotá,419 CASA ARABE,01 USAQUEN,Rappi,1.0,95800.0,23.95
26/04/2026,7.Sunday,COL,Bogotá,419 CASA ARABE,03 CHAPINERO,Rappi,3.0,172100.0,43.03
26/04/2026,7.Sunday,COL,Bogotá,419 CASA ARABE,08 ANDES,Rappi,3.0,222700.0,55.68
26/04/2026,7.Sunday,COL,Bogotá,419 CASA ARABE,13 CHIA,Rappi,1.0,42800.0,10.7
26/04/2026,7.Sunday,COL,Bogotá,419 CASA ARABE,15 ENGATIVA,Rappi,3.0,92200.0,23.05
26/04/2026,7.Sunday,COL,Bogotá,419 CASA ARABE,65 CALLE 109,Rappi,2.0,107700.0,26.93
26/04/2026,7.Sunday,COL,Bogotá,420 DESGRANADOS & CO,03 CHAPINERO,Rappi,2.0,76400.0,19.1
26/04/2026,7.Sunday,COL,Bogotá,420 DESGRANADOS & CO,08 ANDES,Rappi,1.0,33900.0,8.48
26/04/2026,7.Sunday,COL,Bogotá,420 DESGRANADOS & CO,13 CHIA,Rappi,4.0,244600.0,61.15
26/04/2026,7.Sunday,COL,Bogotá,420 DESGRANADOS & CO,45 VERAGUAS,Rappi,1.0,39500.0,9.88
26/04/2026,7.Sunday,COL,Bogotá,420 DESGRANADOS & CO,65 CALLE 109,Rappi,1.0,91800.0,22.95
26/04/2026,7.Sunday,COL,Bogotá,420 DESGRANADOS & CO,69 ARRECIFE,Rappi,1.0,33900.0,8.48
26/04/2026,7.Sunday,COL,Bogotá,421 ACPM CORRI TURBO,01 USAQUEN,Rappi,1.0,23900.0,5.98
26/04/2026,7.Sunday,COL,Bogotá,421 ACPM CORRI TURBO,02 PARQUE 93,Rappi,1.0,18500.0,4.63
26/04/2026,7.Sunday,COL,Bogotá,421 ACPM CORRI TURBO,06 COLINA,Rappi,1.0,69300.0,17.33
26/04/2026,7.Sunday,COL,Bogotá,421 ACPM CORRI TURBO,36 VILLA DEL PRADO,Rappi,1.0,45400.0,11.35
26/04/2026,7.Sunday,COL,Bogotá,421 ACPM CORRI TURBO,38 KENNEDY,Rappi,1.0,23900.0,5.98
26/04/2026,7.Sunday,COL,Bogotá,422 BURRIT CANT TURB,01 USAQUEN,Rappi,1.0,17500.0,4.38
26/04/2026,7.Sunday,COL,Bogotá,422 BURRIT CANT TURB,02 PARQUE 93,Rappi,4.0,119600.0,29.9
26/04/2026,7.Sunday,COL,Bogotá,422 BURRIT CANT TURB,03 CHAPINERO,Rappi,1.0,17500.0,4.38
26/04/2026,7.Sunday,COL,Bogotá,422 BURRIT CANT TURB,08 ANDES,Rappi,1.0,33800.0,8.45
26/04/2026,7.Sunday,COL,Bogotá,422 BURRIT CANT TURB,36 VILLA DEL PRADO,Rappi,1.0,27900.0,6.98
26/04/2026,7.Sunday,COL,Bogotá,424 DORITO LOCO TURB,03 CHAPINERO,Rappi,2.0,100700.0,25.18
26/04/2026,7.Sunday,COL,Bogotá,424 DORITO LOCO TURB,08 ANDES,Rappi,3.0,140100.0,35.03
26/04/2026,7.Sunday,COL,Bogotá,425 LA CASA MEXITURB,01 USAQUEN,Rappi,6.0,346300.0,86.58
26/04/2026,7.Sunday,COL,Bogotá,425 LA CASA MEXITURB,06 COLINA,Rappi,3.0,193400.0,48.35
26/04/2026,7.Sunday,COL,Bogotá,425 LA CASA MEXITURB,08 ANDES,Rappi,3.0,141500.0,35.38
26/04/2026,7.Sunday,COL,Bogotá,425 LA CASA MEXITURB,36 VILLA DEL PRADO,Rappi,1.0,31800.0,7.95
26/04/2026,7.Sunday,COL,Bogotá,426 CUADRA DESAYTURB,08 ANDES,Rappi,1.0,131800.0,32.95
26/04/2026,7.Sunday,COL,Bogotá,426 CUADRA DESAYTURB,65 CALLE 109,Rappi,2.0,161200.0,40.3
26/04/2026,7.Sunday,COL,Bogotá,428 SELVATIKO TURBO,06 COLINA,Rappi,1.0,90200.0,22.55
26/04/2026,7.Sunday,COL,Bogotá,428 SELVATIKO TURBO,08 ANDES,Rappi,1.0,50700.0,12.68
26/04/2026,7.Sunday,COL,Bogotá,428 SELVATIKO TURBO,36 VILLA DEL PRADO,Rappi,1.0,28400.0,7.1
26/04/2026,7.Sunday,COL,Bogotá,429 SEÑOR BURRI TURB,01 USAQUEN,Rappi,1.0,38400.0,9.6
26/04/2026,7.Sunday,COL,Bogotá,429 SEÑOR BURRI TURB,02 PARQUE 93,Rappi,1.0,84400.0,21.1
26/04/2026,7.Sunday,COL,Bogotá,429 SEÑOR BURRI TURB,03 CHAPINERO,Rappi,8.0,299600.0,74.9
26/04/2026,7.Sunday,COL,Bogotá,429 SEÑOR BURRI TURB,06 COLINA,Rappi,2.0,73800.0,18.45
26/04/2026,7.Sunday,COL,Bogotá,429 SEÑOR BURRI TURB,08 ANDES,Rappi,1.0,15900.0,3.98
26/04/2026,7.Sunday,COL,Bogotá,429 SEÑOR BURRI TURB,36 VILLA DEL PRADO,Rappi,2.0,121100.0,30.28
26/04/2026,7.Sunday,COL,Bogotá,430 CASA ARABE TURBO,02 PARQUE 93,Rappi,5.0,275100.0,68.78
26/04/2026,7.Sunday,COL,Bogotá,430 CASA ARABE TURBO,03 CHAPINERO,Rappi,7.0,291400.0,72.85
26/04/2026,7.Sunday,COL,Bogotá,430 CASA ARABE TURBO,08 ANDES,Rappi,2.0,64700.0,16.18
26/04/2026,7.Sunday,COL,Bogotá,430 CASA ARABE TURBO,65 CALLE 109,Rappi,8.0,411200.0,102.8
26/04/2026,7.Sunday,COL,Bogotá,431 DESGRA & CO TURB,01 USAQUEN,Rappi,5.0,209500.0,52.38
26/04/2026,7.Sunday,COL,Bogotá,431 DESGRA & CO TURB,02 PARQUE 93,Rappi,4.0,255300.0,63.83
26/04/2026,7.Sunday,COL,Bogotá,431 DESGRA & CO TURB,03 CHAPINERO,Rappi,15.0,752700.0,188.18
26/04/2026,7.Sunday,COL,Bogotá,431 DESGRA & CO TURB,06 COLINA,Rappi,5.0,290200.0,72.55
26/04/2026,7.Sunday,COL,Bogotá,431 DESGRA & CO TURB,08 ANDES,Rappi,4.0,133600.0,33.4
26/04/2026,7.Sunday,COL,Bogotá,431 DESGRA & CO TURB,36 VILLA DEL PRADO,Rappi,5.0,294100.0,73.53
26/04/2026,7.Sunday,COL,Bogotá,431 DESGRA & CO TURB,65 CALLE 109,Rappi,3.0,176500.0,44.13
26/04/2026,7.Sunday,COL,Bogotá,44 SELVATIKO,03 CHAPINERO,DiDi,2.0,49200.0,12.3
26/04/2026,7.Sunday,COL,Bogotá,44 SELVATIKO,08 ANDES,DiDi,1.0,25800.0,6.45
26/04/2026,7.Sunday,COL,Bogotá,448 DESAY COLOMBIANO,01 USAQUEN,Rappi,1.0,254400.0,63.6
26/04/2026,7.Sunday,COL,Bogotá,448 DESAY COLOMBIANO,02 PARQUE 93,Rappi,6.0,273900.0,68.48
26/04/2026,7.Sunday,COL,Bogotá,448 DESAY COLOMBIANO,03 CHAPINERO,Rappi,7.0,294300.0,73.58
26/04/2026,7.Sunday,COL,Bogotá,448 DESAY COLOMBIANO,06 COLINA,Rappi,1.0,49300.0,12.33
26/04/2026,7.Sunday,COL,Bogotá,448 DESAY COLOMBIANO,08 ANDES,Rappi,2.0,59600.0,14.9
26/04/2026,7.Sunday,COL,Bogotá,448 DESAY COLOMBIANO,13 CHIA,Rappi,4.0,147200.0,36.8
26/04/2026,7.Sunday,COL,Bogotá,448 DESAY COLOMBIANO,15 ENGATIVA,Rappi,4.0,214600.0,53.65
26/04/2026,7.Sunday,COL,Bogotá,448 DESAY COLOMBIANO,36 VILLA DEL PRADO,Rappi,2.0,103900.0,25.98
26/04/2026,7.Sunday,COL,Bogotá,448 DESAY COLOMBIANO,38 KENNEDY,Rappi,2.0,149100.0,37.28
26/04/2026,7.Sunday,COL,Bogotá,448 DESAY COLOMBIANO,45 VERAGUAS,Rappi,2.0,122400.0,30.6
26/04/2026,7.Sunday,COL,Bogotá,448 DESAY COLOMBIANO,65 CALLE 109,Rappi,3.0,108400.0,27.1
26/04/2026,7.Sunday,COL,Bogotá,448 DESAY COLOMBIANO,69 ARRECIFE,Rappi,5.0,238800.0,59.7
26/04/2026,7.Sunday,COL,Bogotá,54 FOODOLOGY,01 USAQUEN,DiDi,1.0,77200.0,19.3
26/04/2026,7.Sunday,COL,Bogotá,54 FOODOLOGY,02 PARQUE 93,DiDi,1.0,50400.0,12.6
26/04/2026,7.Sunday,COL,Bogotá,54 FOODOLOGY,02 PARQUE 93,Rappi,2.0,46800.0,11.7
26/04/2026,7.Sunday,COL,Bogotá,54 FOODOLOGY,06 COLINA,DiDi,1.0,26800.0,6.7
26/04/2026,7.Sunday,COL,Bogotá,54 FOODOLOGY,06 COLINA,Rappi,1.0,51800.0,12.95
26/04/2026,7.Sunday,COL,Bogotá,54 FOODOLOGY,13 CHIA,Rappi,1.0,67700.0,16.93
26/04/2026,7.Sunday,COL,Bogotá,57 PRET SANDWICH BIS,01 USAQUEN,Rappi,3.0,111500.0,27.88
26/04/2026,7.Sunday,COL,Bogotá,57 PRET SANDWICH BIS,02 PARQUE 93,Rappi,1.0,30900.0,7.73
26/04/2026,7.Sunday,COL,Bogotá,57 PRET SANDWICH BIS,03 CHAPINERO,Rappi,3.0,150400.0,37.6
26/04/2026,7.Sunday,COL,Bogotá,57 PRET SANDWICH BIS,06 COLINA,Rappi,1.0,23900.0,5.98
26/04/2026,7.Sunday,COL,Bogotá,57 PRET SANDWICH BIS,36 VILLA DEL PRADO,Rappi,1.0,92600.0,23.15
26/04/2026,7.Sunday,COL,Bogotá,57 PRET SANDWICH BIS,69 ARRECIFE,Rappi,1.0,51400.0,12.85
26/04/2026,7.Sunday,COL,Bogotá,58 ALBA VEGETARIAN,02 PARQUE 93,DiDi,3.0,98000.0,24.5
26/04/2026,7.Sunday,COL,Bogotá,58 ALBA VEGETARIAN,03 CHAPINERO,DiDi,2.0,52400.0,13.1
26/04/2026,7.Sunday,COL,Bogotá,58 ALBA VEGETARIAN,06 COLINA,DiDi,2.0,76900.0,19.23
26/04/2026,7.Sunday,COL,Bogotá,58 ALBA VEGETARIAN,08 ANDES,DiDi,1.0,54400.0,13.6
26/04/2026,7.Sunday,COL,Bogotá,58 ALBA VEGETARIAN,08 ANDES,Rappi,1.0,25000.0,6.25
26/04/2026,7.Sunday,COL,Bogotá,58 ALBA VEGETARIAN,13 CHIA,DiDi,3.0,207800.0,51.95
26/04/2026,7.Sunday,COL,Bogotá,58 ALBA VEGETARIAN,15 ENGATIVA,DiDi,1.0,33800.0,8.45
26/04/2026,7.Sunday,COL,Bogotá,58 ALBA VEGETARIAN,36 VILLA DEL PRADO,Rappi,1.0,46700.0,11.68
26/04/2026,7.Sunday,COL,Bogotá,58 ALBA VEGETARIAN,38 KENNEDY,DiDi,3.0,168900.0,42.23
26/04/2026,7.Sunday,COL,Bogotá,58 ALBA VEGETARIAN,45 VERAGUAS,DiDi,2.0,75000.0,18.75
26/04/2026,7.Sunday,COL,Bogotá,59 DEMBOW,01 USAQUEN,DiDi,1.0,53900.0,13.48
26/04/2026,7.Sunday,COL,Bogotá,59 DEMBOW,45 VERAGUAS,Rappi,1.0,12900.0,3.23
26/04/2026,7.Sunday,COL,Bogotá,65 SAN JERONIMO HELA,02 PARQUE 93,Rappi,3.0,150000.0,37.5
26/04/2026,7.Sunday,COL,Bogotá,65 SAN JERONIMO HELA,36 VILLA DEL PRADO,Rappi,2.0,37500.0,9.38
26/04/2026,7.Sunday,COL,Bogotá,66 MAÑANERO DIARIO,03 CHAPINERO,Rappi,1.0,143800.0,35.95
26/04/2026,7.Sunday,COL,Bogotá,66 MAÑANERO DIARIO,13 CHIA,Rappi,1.0,80000.0,20.0
26/04/2026,7.Sunday,COL,Bogotá,70 BURRITO CANTINA,03 CHAPINERO,Rappi,1.0,21800.0,5.45
26/04/2026,7.Sunday,COL,Bogotá,70 BURRITO CANTINA,06 COLINA,Rappi,1.0,25000.0,6.25
26/04/2026,7.Sunday,COL,Bogotá,70 BURRITO CANTINA,13 CHIA,Rappi,1.0,19900.0,4.98
26/04/2026,7.Sunday,COL,Bogotá,70 BURRITO CANTINA,65 CALLE 109,Rappi,1.0,36500.0,9.13
26/04/2026,7.Sunday,COL,Bogotá,72 VICIO,03 CHAPINERO,DiDi,1.0,29500.0,7.38
26/04/2026,7.Sunday,COL,Bogotá,72 VICIO,06 COLINA,Rappi,1.0,30900.0,7.73
26/04/2026,7.Sunday,COL,Bogotá,72 VICIO,08 ANDES,DiDi,1.0,78400.0,19.6
26/04/2026,7.Sunday,COL,Bogotá,72 VICIO,08 ANDES,Rappi,1.0,49500.0,12.38
26/04/2026,7.Sunday,COL,Bogotá,72 VICIO,36 VILLA DEL PRADO,DiDi,1.0,29500.0,7.38
26/04/2026,7.Sunday,COL,Bogotá,72 VICIO,38 KENNEDY,DiDi,1.0,46900.0,11.73
26/04/2026,7.Sunday,COL,Bogotá,73 ACPM CORRIENTAZO,36 VILLA DEL PRADO,Rappi,1.0,21900.0,5.48
26/04/2026,7.Sunday,COL,Bogotá,82 CINNABON,01 USAQUEN,DiDi,2.0,65200.0,16.3
26/04/2026,7.Sunday,COL,Bogotá,82 CINNABON,01 USAQUEN,Rappi,3.0,137700.0,34.43
26/04/2026,7.Sunday,COL,Bogotá,82 CINNABON,03 CHAPINERO,DiDi,3.0,111300.0,27.83
26/04/2026,7.Sunday,COL,Bogotá,82 CINNABON,03 CHAPINERO,Rappi,9.0,319300.0,79.83
26/04/2026,7.Sunday,COL,Bogotá,82 CINNABON,13 CHIA,DiDi,1.0,15800.0,3.95
26/04/2026,7.Sunday,COL,Bogotá,82 CINNABON,13 CHIA,Rappi,11.0,297300.0,74.33
26/04/2026,7.Sunday,COL,Bogotá,82 CINNABON,15 ENGATIVA,DiDi,1.0,11500.0,2.88
26/04/2026,7.Sunday,COL,Bogotá,82 CINNABON,15 ENGATIVA,Rappi,4.0,144700.0,36.18
26/04/2026,7.Sunday,COL,Bogotá,82 CINNABON,36 VILLA DEL PRADO,DiDi,2.0,44500.0,11.13
26/04/2026,7.Sunday,COL,Bogotá,82 CINNABON,36 VILLA DEL PRADO,Justo,5.0,152300.0,38.08
26/04/2026,7.Sunday,COL,Bogotá,82 CINNABON,36 VILLA DEL PRADO,Rappi,8.0,318400.0,79.6
26/04/2026,7.Sunday,COL,Bogotá,82 CINNABON,38 KENNEDY,Rappi,5.0,261800.0,65.45
26/04/2026,7.Sunday,COL,Bogotá,82 CINNABON,45 VERAGUAS,DiDi,5.0,169500.0,42.38
26/04/2026,7.Sunday,COL,Bogotá,82 CINNABON,45 VERAGUAS,FoodologyPOS,1.0,50900.0,12.73
26/04/2026,7.Sunday,COL,Bogotá,82 CINNABON,45 VERAGUAS,Justo,1.0,49900.0,12.48
26/04/2026,7.Sunday,COL,Bogotá,82 CINNABON,45 VERAGUAS,Rappi,5.0,170800.0,42.7
26/04/2026,7.Sunday,COL,Bogotá,82 CINNABON,65 CALLE 109,Rappi,7.0,226300.0,56.58
26/04/2026,7.Sunday,COL,Bogotá,83 SANDUCHES EL JEFE,01 USAQUEN,DiDi,1.0,51000.0,12.75
26/04/2026,7.Sunday,COL,Bogotá,83 SANDUCHES EL JEFE,01 USAQUEN,Rappi,1.0,26900.0,6.73
26/04/2026,7.Sunday,COL,Bogotá,83 SANDUCHES EL JEFE,02 PARQUE 93,Rappi,1.0,44500.0,11.13
26/04/2026,7.Sunday,COL,Bogotá,83 SANDUCHES EL JEFE,03 CHAPINERO,DiDi,2.0,51000.0,12.75
26/04/2026,7.Sunday,COL,Bogotá,83 SANDUCHES EL JEFE,06 COLINA,DiDi,2.0,90900.0,22.73
26/04/2026,7.Sunday,COL,Bogotá,83 SANDUCHES EL JEFE,06 COLINA,Rappi,1.0,26900.0,6.73
26/04/2026,7.Sunday,COL,Bogotá,83 SANDUCHES EL JEFE,13 CHIA,Rappi,2.0,87900.0,21.98
26/04/2026,7.Sunday,COL,Bogotá,83 SANDUCHES EL JEFE,15 ENGATIVA,DiDi,1.0,25500.0,6.38
26/04/2026,7.Sunday,COL,Bogotá,83 SANDUCHES EL JEFE,15 ENGATIVA,Rappi,1.0,117200.0,29.3
26/04/2026,7.Sunday,COL,Bogotá,83 SANDUCHES EL JEFE,38 KENNEDY,DiDi,1.0,36400.0,9.1
26/04/2026,7.Sunday,COL,Bogotá,83 SANDUCHES EL JEFE,45 VERAGUAS,DiDi,2.0,89400.0,22.35
26/04/2026,7.Sunday,COL,Bogotá,83 SANDUCHES EL JEFE,45 VERAGUAS,Rappi,1.0,37800.0,9.45
26/04/2026,7.Sunday,COL,Bogotá,83 SANDUCHES EL JEFE,65 CALLE 109,DiDi,1.0,39900.0,9.98
26/04/2026,7.Sunday,COL,Bogotá,84 CINNABON PASE,39 SALVIO,FoodologyPOS,40.0,915500.0,228.88
26/04/2026,7.Sunday,COL,Bogotá,84 CINNABON PASE,39 SALVIO,Rappi,1.0,29400.0,7.35
26/04/2026,7.Sunday,COL,Bogotá,84 CINNABON PASE,55 TITAN,FoodologyPOS,87.0,1939800.0,484.95
26/04/2026,7.Sunday,COL,Bogotá,84 CINNABON PASE,55 TITAN,Rappi,3.0,132800.0,33.2
26/04/2026,7.Sunday,COL,Bogotá,84 CINNABON PASE,56 SANTAFE BOG,DiDi,1.0,41800.0,10.45
26/04/2026,7.Sunday,COL,Bogotá,84 CINNABON PASE,56 SANTAFE BOG,FoodologyPOS,98.0,2333900.0,583.48
26/04/2026,7.Sunday,COL,Bogotá,84 CINNABON PASE,61 CHICO CINNABON,FoodologyPOS,4.0,85400.0,21.35
26/04/2026,7.Sunday,COL,Bogotá,84 CINNABON PASE,61 CHICO CINNABON,Rappi,2.0,48400.0,12.1
26/04/2026,7.Sunday,COL,Bogotá,84 CINNABON PASE,66 PLAZA CLARO CINNA,FoodologyPOS,62.0,1334800.0,333.7
26/04/2026,7.Sunday,COL,Bogotá,84 CINNABON PASE,66 PLAZA CLARO CINNA,Rappi,2.0,99400.0,24.85
26/04/2026,7.Sunday,COL,Bogotá,86 FROST TURBO,02 PARQUE 93,Rappi,1.0,75400.0,18.85
26/04/2026,7.Sunday,COL,Bogotá,86 FROST TURBO,03 CHAPINERO,Rappi,10.0,254000.0,63.5
26/04/2026,7.Sunday,COL,Bogotá,86 FROST TURBO,06 COLINA,Rappi,5.0,93500.0,23.38
26/04/2026,7.Sunday,COL,Bogotá,86 FROST TURBO,08 ANDES,Rappi,1.0,42200.0,10.55
26/04/2026,7.Sunday,COL,Bogotá,86 FROST TURBO,36 VILLA DEL PRADO,Rappi,6.0,179800.0,44.95
26/04/2026,7.Sunday,COL,Bogotá,86 FROST TURBO,38 KENNEDY,Rappi,2.0,73400.0,18.35
26/04/2026,7.Sunday,COL,Bogotá,86 FROST TURBO,50 CHICO,Rappi,1.0,25800.0,6.45
26/04/2026,7.Sunday,COL,Bogotá,86 FROST TURBO,65 CALLE 109,Rappi,5.0,206900.0,51.73
26/04/2026,7.Sunday,COL,Bogotá,87 VICIO TURBO,01 USAQUEN,Rappi,2.0,80400.0,20.1
26/04/2026,7.Sunday,COL,Bogotá,87 VICIO TURBO,02 PARQUE 93,Rappi,1.0,30900.0,7.73
26/04/2026,7.Sunday,COL,Bogotá,87 VICIO TURBO,06 COLINA,Rappi,2.0,99000.0,24.75
26/04/2026,7.Sunday,COL,Bogotá,87 VICIO TURBO,36 VILLA DEL PRADO,Rappi,5.0,176700.0,44.18
26/04/2026,7.Sunday,COL,Bogotá,87 VICIO TURBO,38 KENNEDY,Rappi,1.0,30900.0,7.73
26/04/2026,7.Sunday,COL,Bogotá,88 CINNABON TURBO,01 USAQUEN,Rappi,14.0,447500.0,111.88
26/04/2026,7.Sunday,COL,Bogotá,88 CINNABON TURBO,03 CHAPINERO,Rappi,4.0,165400.0,41.35
26/04/2026,7.Sunday,COL,Bogotá,88 CINNABON TURBO,36 VILLA DEL PRADO,Rappi,22.0,754600.0,188.65
26/04/2026,7.Sunday,COL,Bogotá,88 CINNABON TURBO,65 CALLE 109,Rappi,23.0,714100.0,178.53
26/04/2026,7.Sunday,COL,Bogotá,90 AVOCALIA TURBO,01 USAQUEN,Rappi,27.0,1354000.0,338.5
26/04/2026,7.Sunday,COL,Bogotá,90 AVOCALIA TURBO,03 CHAPINERO,Rappi,11.0,530400.0,132.6
26/04/2026,7.Sunday,COL,Bogotá,90 AVOCALIA TURBO,06 COLINA,Rappi,2.0,149700.0,37.43
26/04/2026,7.Sunday,COL,Bogotá,90 AVOCALIA TURBO,08 ANDES,Rappi,16.0,977900.0,244.48
26/04/2026,7.Sunday,COL,Bogotá,90 AVOCALIA TURBO,36 VILLA DEL PRADO,Rappi,9.0,621700.0,155.43
26/04/2026,7.Sunday,COL,Bogotá,90 AVOCALIA TURBO,38 KENNEDY,Rappi,7.0,343900.0,85.98
26/04/2026,7.Sunday,COL,Bogotá,90 AVOCALIA TURBO,50 CHICO,Rappi,11.0,461300.0,115.33
26/04/2026,7.Sunday,COL,Bogotá,90 AVOCALIA TURBO,65 CALLE 109,Rappi,16.0,680100.0,170.03
26/04/2026,7.Sunday,COL,Bogotá,92 BRUNCH&MUNCH TURB,01 USAQUEN,Rappi,5.0,364600.0,91.15
26/04/2026,7.Sunday,COL,Bogotá,92 BRUNCH&MUNCH TURB,03 CHAPINERO,Rappi,5.0,309000.0,77.25
26/04/2026,7.Sunday,COL,Bogotá,92 BRUNCH&MUNCH TURB,08 ANDES,Rappi,4.0,153900.0,38.48
26/04/2026,7.Sunday,COL,Bogotá,92 BRUNCH&MUNCH TURB,36 VILLA DEL PRADO,Rappi,4.0,169300.0,42.33
26/04/2026,7.Sunday,COL,Bogotá,92 BRUNCH&MUNCH TURB,50 CHICO,Rappi,0.0,0.0,0.0
26/04/2026,7.Sunday,COL,Bogotá,92 BRUNCH&MUNCH TURB,65 CALLE 109,Rappi,8.0,487600.0,121.9
26/04/2026,7.Sunday,COL,Bogotá,93 SAN JERONIMO TURB,01 USAQUEN,Rappi,3.0,69000.0,17.25
26/04/2026,7.Sunday,COL,Bogotá,93 SAN JERONIMO TURB,02 PARQUE 93,Rappi,7.0,195500.0,48.88
26/04/2026,7.Sunday,COL,Bogotá,93 SAN JERONIMO TURB,03 CHAPINERO,Rappi,7.0,207000.0,51.75
26/04/2026,7.Sunday,COL,Bogotá,93 SAN JERONIMO TURB,06 COLINA,Rappi,6.0,322000.0,80.5
26/04/2026,7.Sunday,COL,Bogotá,93 SAN JERONIMO TURB,08 ANDES,Rappi,3.0,80500.0,20.13
26/04/2026,7.Sunday,COL,Bogotá,93 SAN JERONIMO TURB,36 VILLA DEL PRADO,Rappi,9.0,299000.0,74.75
26/04/2026,7.Sunday,COL,Bogotá,93 SAN JERONIMO TURB,38 KENNEDY,Rappi,3.0,92000.0,23.0
26/04/2026,7.Sunday,COL,Bucaramanga,01 AVOCALIA,42 CABECERA,DiDi,1.0,33300.0,8.33
26/04/2026,7.Sunday,COL,Bucaramanga,01 AVOCALIA,42 CABECERA,Rappi,9.0,416400.0,104.1
26/04/2026,7.Sunday,COL,Bucaramanga,02 BOTTANIKO,42 CABECERA,DiDi,1.0,20300.0,5.08
26/04/2026,7.Sunday,COL,Bucaramanga,02 BOTTANIKO,42 CABECERA,Rappi,1.0,31900.0,7.98
26/04/2026,7.Sunday,COL,Bucaramanga,03 BRUNCH & MUNCH,42 CABECERA,DiDi,1.0,43800.0,10.95
26/04/2026,7.Sunday,COL,Bucaramanga,03 BRUNCH & MUNCH,42 CABECERA,Rappi,17.0,955400.0,238.85
26/04/2026,7.Sunday,COL,Bucaramanga,03 BRUNCH & MUNCH,43 RUITOQUE,Rappi,0.0,0.0,0.0
26/04/2026,7.Sunday,COL,Bucaramanga,04 BURRITOS & CO,42 CABECERA,DiDi,2.0,143600.0,35.9
26/04/2026,7.Sunday,COL,Bucaramanga,04 BURRITOS & CO,42 CABECERA,Rappi,12.0,448300.0,112.08
26/04/2026,7.Sunday,COL,Bucaramanga,05 CACEROLA,42 CABECERA,DiDi,1.0,22500.0,5.63
26/04/2026,7.Sunday,COL,Bucaramanga,07 LA CUADRA,42 CABECERA,DiDi,12.0,630600.0,157.65
26/04/2026,7.Sunday,COL,Bucaramanga,07 LA CUADRA,42 CABECERA,Rappi,13.0,796400.0,199.1
26/04/2026,7.Sunday,COL,Bucaramanga,110 MR BEAST BURGER,42 CABECERA,DiDi,30.0,1449000.0,362.25
26/04/2026,7.Sunday,COL,Bucaramanga,110 MR BEAST BURGER,42 CABECERA,Rappi,4.0,187700.0,46.93
26/04/2026,7.Sunday,COL,Bucaramanga,1118 DEMBOW TUR,42 CABECERA,Rappi,1.0,61300.0,15.33
26/04/2026,7.Sunday,COL,Bucaramanga,114 MR BEAST TURBO,42 CABECERA,Rappi,1.0,51400.0,12.85
26/04/2026,7.Sunday,COL,Bucaramanga,117 LA PANQUEQUERIA,42 CABECERA,Rappi,1.0,21500.0,5.38
26/04/2026,7.Sunday,COL,Bucaramanga,205 FROST,42 CABECERA,Rappi,3.0,72000.0,18.0
26/04/2026,7.Sunday,COL,Bucaramanga,26 ALMUERZO DE LA CA,42 CABECERA,DiDi,12.0,314200.0,78.55
26/04/2026,7.Sunday,COL,Bucaramanga,26 ALMUERZO DE LA CA,42 CABECERA,Rappi,2.0,74700.0,18.68
26/04/2026,7.Sunday,COL,Bucaramanga,29 SEÑOR BURRITO,42 CABECERA,DiDi,2.0,44300.0,11.08
26/04/2026,7.Sunday,COL,Bucaramanga,35 BRUNCH CLUB,42 CABECERA,DiDi,1.0,23900.0,5.98
26/04/2026,7.Sunday,COL,Bucaramanga,352 BURRITOS & CO TU,42 CABECERA,Rappi,7.0,212900.0,53.23
26/04/2026,7.Sunday,COL,Bucaramanga,353 LA CUADRA TURBO,42 CABECERA,Rappi,13.0,606200.0,151.55
26/04/2026,7.Sunday,COL,Bucaramanga,359 GREEN HOUSE,42 CABECERA,DiDi,5.0,140700.0,35.18
26/04/2026,7.Sunday,COL,Bucaramanga,359 GREEN HOUSE,42 CABECERA,Rappi,7.0,344000.0,86.0
26/04/2026,7.Sunday,COL,Bucaramanga,362 ÑAMGUCHERIA,42 CABECERA,Rappi,7.0,331500.0,82.88
26/04/2026,7.Sunday,COL,Bucaramanga,363 GREEN HOUSE TURB,42 CABECERA,Rappi,4.0,172200.0,43.05
26/04/2026,7.Sunday,COL,Bucaramanga,370 MONTEVERDE,42 CABECERA,Rappi,3.0,96700.0,24.18
26/04/2026,7.Sunday,COL,Bucaramanga,373 HOUSE OF BURGERS,42 CABECERA,Rappi,1.0,26900.0,6.73
26/04/2026,7.Sunday,COL,Bucaramanga,380 BREAKFAST CLUB,42 CABECERA,Rappi,12.0,613100.0,153.28
26/04/2026,7.Sunday,COL,Bucaramanga,381 DESAYU LA ABUELA,42 CABECERA,DiDi,4.0,206100.0,51.53
26/04/2026,7.Sunday,COL,Bucaramanga,381 DESAYU LA ABUELA,42 CABECERA,Rappi,13.0,641900.0,160.48
26/04/2026,7.Sunday,COL,Bucaramanga,386 LA CASA MEXICANA,42 CABECERA,DiDi,7.0,245600.0,61.4
26/04/2026,7.Sunday,COL,Bucaramanga,386 LA CASA MEXICANA,42 CABECERA,Rappi,2.0,114100.0,28.53
26/04/2026,7.Sunday,COL,Bucaramanga,388 FOODHUB,42 CABECERA,Rappi,2.0,115000.0,28.75
26/04/2026,7.Sunday,COL,Bucaramanga,392 HONEST FOOD,42 CABECERA,Rappi,2.0,87900.0,21.98
26/04/2026,7.Sunday,COL,Bucaramanga,392 MONTEVERDE TURB,42 CABECERA,Rappi,2.0,76700.0,19.18
26/04/2026,7.Sunday,COL,Bucaramanga,393 EL EJECUTIVO,42 CABECERA,DiDi,5.0,228300.0,57.08
26/04/2026,7.Sunday,COL,Bucaramanga,393 EL EJECUTIVO,42 CABECERA,Rappi,2.0,90200.0,22.55
26/04/2026,7.Sunday,COL,Bucaramanga,394 COCINA CONSCIENT,42 CABECERA,Rappi,3.0,91900.0,22.98
26/04/2026,7.Sunday,COL,Bucaramanga,402 EJECUT TRAD TURBO,42 CABECERA,Rappi,3.0,67700.0,16.93
26/04/2026,7.Sunday,COL,Bucaramanga,403 HONEST FOOD TURBO,42 CABECERA,Rappi,4.0,251300.0,62.83
26/04/2026,7.Sunday,COL,Bucaramanga,405 BREAKFACLUB TURBO,42 CABECERA,Rappi,1.0,26900.0,6.73
26/04/2026,7.Sunday,COL,Bucaramanga,413 HOUSE SALAD TURB,42 CABECERA,Rappi,1.0,41900.0,10.48
26/04/2026,7.Sunday,COL,Bucaramanga,419 CASA ARABE,42 CABECERA,Rappi,1.0,24900.0,6.23
26/04/2026,7.Sunday,COL,Bucaramanga,420 DESGRANADOS & CO,42 CABECERA,Rappi,2.0,78000.0,19.5
26/04/2026,7.Sunday,COL,Bucaramanga,421 ACPM CORRI TURBO,42 CABECERA,Rappi,2.0,156800.0,39.2
26/04/2026,7.Sunday,COL,Bucaramanga,423 DESAY TIERRITURB,42 CABECERA,Rappi,2.0,91100.0,22.78
26/04/2026,7.Sunday,COL,Bucaramanga,425 LA CASA MEXITURB,42 CABECERA,Rappi,2.0,57300.0,14.33
26/04/2026,7.Sunday,COL,Bucaramanga,429 SEÑOR BURRI TURB,42 CABECERA,Rappi,1.0,30800.0,7.7
26/04/2026,7.Sunday,COL,Bucaramanga,431 DESGRA & CO TURB,42 CABECERA,Rappi,3.0,167500.0,41.88
26/04/2026,7.Sunday,COL,Bucaramanga,448 DESAY COLOMBIANO,42 CABECERA,Rappi,2.0,100400.0,25.1
26/04/2026,7.Sunday,COL,Bucaramanga,54 FOODOLOGY,42 CABECERA,DiDi,1.0,22900.0,5.73
26/04/2026,7.Sunday,COL,Bucaramanga,66 MAÑANERO DIARIO,42 CABECERA,Rappi,1.0,47400.0,11.85
26/04/2026,7.Sunday,COL,Bucaramanga,70 BURRITO CANTINA,42 CABECERA,Rappi,1.0,15900.0,3.98
26/04/2026,7.Sunday,COL,Bucaramanga,72 VICIO,42 CABECERA,Rappi,1.0,10900.0,2.73
26/04/2026,7.Sunday,COL,Bucaramanga,82 CINNABON,42 CABECERA,Rappi,4.0,175200.0,43.8
26/04/2026,7.Sunday,COL,Bucaramanga,83 SANDUCHES EL JEFE,42 CABECERA,DiDi,1.0,51000.0,12.75
26/04/2026,7.Sunday,COL,Bucaramanga,83 SANDUCHES EL JEFE,42 CABECERA,Rappi,2.0,82300.0,20.58
26/04/2026,7.Sunday,COL,Bucaramanga,88 CINNABON TURBO,42 CABECERA,Rappi,2.0,63300.0,15.83
26/04/2026,7.Sunday,COL,Bucaramanga,90 AVOCALIA TURBO,42 CABECERA,Rappi,6.0,185500.0,46.38
26/04/2026,7.Sunday,COL,Bucaramanga,92 BRUNCH&MUNCH TURB,42 CABECERA,Rappi,3.0,109900.0,27.48
26/04/2026,7.Sunday,COL,Bucaramanga,93 SAN JERONIMO TURB,42 CABECERA,Rappi,1.0,23000.0,5.75
26/04/2026,7.Sunday,COL,Cali,01 AVOCALIA,22 SANTA MONICA,DiDi,1.0,28900.0,7.23
26/04/2026,7.Sunday,COL,Cali,01 AVOCALIA,22 SANTA MONICA,Rappi,15.0,911100.0,227.78
26/04/2026,7.Sunday,COL,Cali,01 AVOCALIA,24 SAN FERNANDO,DiDi,3.0,56900.0,14.23
26/04/2026,7.Sunday,COL,Cali,01 AVOCALIA,24 SAN FERNANDO,Rappi,6.0,324800.0,81.2
26/04/2026,7.Sunday,COL,Cali,01 AVOCALIA,46 INGENIO,Rappi,8.0,353500.0,88.38
26/04/2026,7.Sunday,COL,Cali,02 BOTTANIKO,24 SAN FERNANDO,Rappi,1.0,41800.0,10.45
26/04/2026,7.Sunday,COL,Cali,03 BRUNCH & MUNCH,22 SANTA MONICA,DiDi,3.0,122900.0,30.73
26/04/2026,7.Sunday,COL,Cali,03 BRUNCH & MUNCH,22 SANTA MONICA,Rappi,20.0,1341700.0,335.43
26/04/2026,7.Sunday,COL,Cali,03 BRUNCH & MUNCH,24 SAN FERNANDO,DiDi,2.0,65700.0,16.43
26/04/2026,7.Sunday,COL,Cali,03 BRUNCH & MUNCH,24 SAN FERNANDO,Rappi,31.0,2096100.0,524.03
26/04/2026,7.Sunday,COL,Cali,03 BRUNCH & MUNCH,46 INGENIO,FoodologyPOS,1.0,84200.0,21.05
26/04/2026,7.Sunday,COL,Cali,03 BRUNCH & MUNCH,46 INGENIO,Rappi,23.0,1468200.0,367.05
26/04/2026,7.Sunday,COL,Cali,04 BURRITOS & CO,22 SANTA MONICA,DiDi,1.0,33700.0,8.43
26/04/2026,7.Sunday,COL,Cali,04 BURRITOS & CO,22 SANTA MONICA,Rappi,6.0,286100.0,71.53
26/04/2026,7.Sunday,COL,Cali,04 BURRITOS & CO,24 SAN FERNANDO,DiDi,1.0,45400.0,11.35
26/04/2026,7.Sunday,COL,Cali,04 BURRITOS & CO,24 SAN FERNANDO,Rappi,8.0,576500.0,144.13
26/04/2026,7.Sunday,COL,Cali,04 BURRITOS & CO,46 INGENIO,DiDi,5.0,136000.0,34.0
26/04/2026,7.Sunday,COL,Cali,04 BURRITOS & CO,46 INGENIO,Rappi,6.0,184400.0,46.1
26/04/2026,7.Sunday,COL,Cali,05 CACEROLA,46 INGENIO,DiDi,1.0,12900.0,3.23
26/04/2026,7.Sunday,COL,Cali,07 LA CUADRA,22 SANTA MONICA,DiDi,10.0,588600.0,147.15
26/04/2026,7.Sunday,COL,Cali,07 LA CUADRA,22 SANTA MONICA,Rappi,6.0,324900.0,81.23
26/04/2026,7.Sunday,COL,Cali,07 LA CUADRA,24 SAN FERNANDO,DiDi,7.0,402900.0,100.73
26/04/2026,7.Sunday,COL,Cali,07 LA CUADRA,24 SAN FERNANDO,Rappi,9.0,658200.0,164.55
26/04/2026,7.Sunday,COL,Cali,07 LA CUADRA,46 INGENIO,DiDi,8.0,597400.0,149.35
26/04/2026,7.Sunday,COL,Cali,07 LA CUADRA,46 INGENIO,Rappi,15.0,1125800.0,281.45
26/04/2026,7.Sunday,COL,Cali,110 MR BEAST BURGER,22 SANTA MONICA,DiDi,9.0,396700.0,99.18
26/04/2026,7.Sunday,COL,Cali,110 MR BEAST BURGER,22 SANTA MONICA,Rappi,2.0,121900.0,30.48
26/04/2026,7.Sunday,COL,Cali,110 MR BEAST BURGER,24 SAN FERNANDO,DiDi,12.0,461100.0,115.28
26/04/2026,7.Sunday,COL,Cali,110 MR BEAST BURGER,46 INGENIO,DiDi,20.0,952800.0,238.2
26/04/2026,7.Sunday,COL,Cali,110 MR BEAST BURGER,46 INGENIO,Rappi,12.0,550500.0,137.63
26/04/2026,7.Sunday,COL,Cali,1117 ALMZ LA CASA TU,24 SAN FERNANDO,Rappi,1.0,26800.0,6.7
26/04/2026,7.Sunday,COL,Cali,114 MR BEAST TURBO,24 SAN FERNANDO,Rappi,2.0,192300.0,48.08
26/04/2026,7.Sunday,COL,Cali,117 LA PANQUEQUERIA,24 SAN FERNANDO,Rappi,1.0,20900.0,5.23
26/04/2026,7.Sunday,COL,Cali,117 LA PANQUEQUERIA,46 INGENIO,Rappi,5.0,346200.0,86.55
26/04/2026,7.Sunday,COL,Cali,14 BURGER LANE,22 SANTA MONICA,DiDi,1.0,53500.0,13.38
26/04/2026,7.Sunday,COL,Cali,205 FROST,46 INGENIO,Rappi,2.0,25800.0,6.45
26/04/2026,7.Sunday,COL,Cali,26 ALMUERZO DE LA CA,22 SANTA MONICA,DiDi,4.0,113400.0,28.35
26/04/2026,7.Sunday,COL,Cali,26 ALMUERZO DE LA CA,22 SANTA MONICA,Rappi,4.0,111300.0,27.83
26/04/2026,7.Sunday,COL,Cali,26 ALMUERZO DE LA CA,24 SAN FERNANDO,DiDi,2.0,43800.0,10.95
26/04/2026,7.Sunday,COL,Cali,26 ALMUERZO DE LA CA,24 SAN FERNANDO,Rappi,1.0,38900.0,9.73
26/04/2026,7.Sunday,COL,Cali,26 ALMUERZO DE LA CA,46 INGENIO,DiDi,6.0,247000.0,61.75
26/04/2026,7.Sunday,COL,Cali,26 ALMUERZO DE LA CA,46 INGENIO,Rappi,5.0,154200.0,38.55
26/04/2026,7.Sunday,COL,Cali,27 DESAYUNO MI TIERR,24 SAN FERNANDO,DiDi,1.0,27400.0,6.85
26/04/2026,7.Sunday,COL,Cali,29 SEÑOR BURRITO,22 SANTA MONICA,Rappi,1.0,55900.0,13.98
26/04/2026,7.Sunday,COL,Cali,29 SEÑOR BURRITO,46 INGENIO,Rappi,2.0,50900.0,12.73
26/04/2026,7.Sunday,COL,Cali,33 LA CUADRA DESAYUN,24 SAN FERNANDO,Rappi,1.0,79600.0,19.9
26/04/2026,7.Sunday,COL,Cali,35 BRUNCH CLUB,22 SANTA MONICA,DiDi,1.0,18900.0,4.73
26/04/2026,7.Sunday,COL,Cali,35 BRUNCH CLUB,24 SAN FERNANDO,DiDi,1.0,92900.0,23.23
26/04/2026,7.Sunday,COL,Cali,35 BRUNCH CLUB,46 INGENIO,DiDi,1.0,59700.0,14.93
26/04/2026,7.Sunday,COL,Cali,352 BURRITOS & CO TU,24 SAN FERNANDO,Rappi,4.0,157200.0,39.3
26/04/2026,7.Sunday,COL,Cali,353 LA CUADRA TURBO,22 SANTA MONICA,Rappi,1.0,72500.0,18.13
26/04/2026,7.Sunday,COL,Cali,353 LA CUADRA TURBO,24 SAN FERNANDO,Rappi,4.0,265100.0,66.28
26/04/2026,7.Sunday,COL,Cali,359 GREEN HOUSE,22 SANTA MONICA,DiDi,1.0,23900.0,5.98
26/04/2026,7.Sunday,COL,Cali,359 GREEN HOUSE,22 SANTA MONICA,Rappi,1.0,94200.0,23.55
26/04/2026,7.Sunday,COL,Cali,359 GREEN HOUSE,24 SAN FERNANDO,DiDi,1.0,19900.0,4.98
26/04/2026,7.Sunday,COL,Cali,359 GREEN HOUSE,24 SAN FERNANDO,Rappi,4.0,143100.0,35.78
26/04/2026,7.Sunday,COL,Cali,359 GREEN HOUSE,46 INGENIO,DiDi,6.0,189900.0,47.48
26/04/2026,7.Sunday,COL,Cali,359 GREEN HOUSE,46 INGENIO,Rappi,4.0,152300.0,38.08
26/04/2026,7.Sunday,COL,Cali,362 ÑAMGUCHERIA,22 SANTA MONICA,DiDi,1.0,38500.0,9.63
26/04/2026,7.Sunday,COL,Cali,362 ÑAMGUCHERIA,22 SANTA MONICA,Rappi,2.0,92800.0,23.2
26/04/2026,7.Sunday,COL,Cali,362 ÑAMGUCHERIA,24 SAN FERNANDO,DiDi,1.0,38500.0,9.63
26/04/2026,7.Sunday,COL,Cali,362 ÑAMGUCHERIA,24 SAN FERNANDO,Rappi,6.0,338000.0,84.5
26/04/2026,7.Sunday,COL,Cali,362 ÑAMGUCHERIA,46 INGENIO,DiDi,2.0,62400.0,15.6
26/04/2026,7.Sunday,COL,Cali,362 ÑAMGUCHERIA,46 INGENIO,Rappi,3.0,155700.0,38.93
26/04/2026,7.Sunday,COL,Cali,363 GREEN HOUSE TURB,24 SAN FERNANDO,Rappi,2.0,61400.0,15.35
26/04/2026,7.Sunday,COL,Cali,366 HOUSE OF SALADS,22 SANTA MONICA,Rappi,1.0,20900.0,5.23
26/04/2026,7.Sunday,COL,Cali,366 HOUSE OF SALADS,46 INGENIO,DiDi,1.0,18900.0,4.73
26/04/2026,7.Sunday,COL,Cali,366 HOUSE OF SALADS,46 INGENIO,Rappi,3.0,120700.0,30.18
26/04/2026,7.Sunday,COL,Cali,370 MONTEVERDE,22 SANTA MONICA,Rappi,1.0,38900.0,9.73
26/04/2026,7.Sunday,COL,Cali,370 MONTEVERDE,24 SAN FERNANDO,Rappi,1.0,51900.0,12.98
26/04/2026,7.Sunday,COL,Cali,380 BREAKFAST CLUB,22 SANTA MONICA,DiDi,1.0,23900.0,5.98
26/04/2026,7.Sunday,COL,Cali,380 BREAKFAST CLUB,22 SANTA MONICA,Rappi,4.0,281200.0,70.3
26/04/2026,7.Sunday,COL,Cali,380 BREAKFAST CLUB,24 SAN FERNANDO,Rappi,5.0,326800.0,81.7
26/04/2026,7.Sunday,COL,Cali,380 BREAKFAST CLUB,46 INGENIO,DiDi,3.0,113600.0,28.4
26/04/2026,7.Sunday,COL,Cali,380 BREAKFAST CLUB,46 INGENIO,Rappi,5.0,289900.0,72.48
26/04/2026,7.Sunday,COL,Cali,381 DESAYU LA ABUELA,22 SANTA MONICA,DiDi,3.0,159900.0,39.98
26/04/2026,7.Sunday,COL,Cali,381 DESAYU LA ABUELA,22 SANTA MONICA,Rappi,8.0,438800.0,109.7
26/04/2026,7.Sunday,COL,Cali,381 DESAYU LA ABUELA,24 SAN FERNANDO,DiDi,4.0,311100.0,77.78
26/04/2026,7.Sunday,COL,Cali,381 DESAYU LA ABUELA,24 SAN FERNANDO,Rappi,17.0,939500.0,234.88
26/04/2026,7.Sunday,COL,Cali,381 DESAYU LA ABUELA,46 INGENIO,DiDi,6.0,504000.0,126.0
26/04/2026,7.Sunday,COL,Cali,381 DESAYU LA ABUELA,46 INGENIO,Rappi,17.0,1248100.0,312.03
26/04/2026,7.Sunday,COL,Cali,386 LA CASA MEXICANA,22 SANTA MONICA,DiDi,2.0,55800.0,13.95
26/04/2026,7.Sunday,COL,Cali,386 LA CASA MEXICANA,24 SAN FERNANDO,DiDi,1.0,21900.0,5.48
26/04/2026,7.Sunday,COL,Cali,386 LA CASA MEXICANA,24 SAN FERNANDO,Rappi,1.0,32900.0,8.23
26/04/2026,7.Sunday,COL,Cali,386 LA CASA MEXICANA,46 INGENIO,DiDi,4.0,159400.0,39.85
26/04/2026,7.Sunday,COL,Cali,386 LA CASA MEXICANA,46 INGENIO,Rappi,4.0,149400.0,37.35
26/04/2026,7.Sunday,COL,Cali,387 THE EGG SPOT,22 SANTA MONICA,Rappi,1.0,40900.0,10.23
26/04/2026,7.Sunday,COL,Cali,387 THE EGG SPOT,46 INGENIO,Rappi,1.0,72300.0,18.08
26/04/2026,7.Sunday,COL,Cali,392 HONEST FOOD,22 SANTA MONICA,Rappi,1.0,29900.0,7.48
26/04/2026,7.Sunday,COL,Cali,392 HONEST FOOD,24 SAN FERNANDO,Rappi,5.0,243000.0,60.75
26/04/2026,7.Sunday,COL,Cali,392 HONEST FOOD,46 INGENIO,Rappi,7.0,295300.0,73.83
26/04/2026,7.Sunday,COL,Cali,392 MONTEVERDE TURB,24 SAN FERNANDO,Rappi,1.0,47800.0,11.95
26/04/2026,7.Sunday,COL,Cali,393 EL EJECUTIVO,22 SANTA MONICA,Rappi,2.0,75900.0,18.98
26/04/2026,7.Sunday,COL,Cali,394 COCINA CONSCIENT,24 SAN FERNANDO,Rappi,1.0,71000.0,17.75
26/04/2026,7.Sunday,COL,Cali,394 COCINA CONSCIENT,46 INGENIO,Rappi,3.0,120800.0,30.2
26/04/2026,7.Sunday,COL,Cali,395 BISTRO - TURBO,24 SAN FERNANDO,Rappi,2.0,96800.0,24.2
26/04/2026,7.Sunday,COL,Cali,403 HONEST FOOD TURBO,22 SANTA MONICA,Rappi,1.0,106500.0,26.63
26/04/2026,7.Sunday,COL,Cali,420 DESGRANADOS & CO,22 SANTA MONICA,Rappi,2.0,121200.0,30.3
26/04/2026,7.Sunday,COL,Cali,420 DESGRANADOS & CO,24 SAN FERNANDO,Rappi,2.0,83200.0,20.8
26/04/2026,7.Sunday,COL,Cali,420 DESGRANADOS & CO,46 INGENIO,Rappi,1.0,45900.0,11.48
26/04/2026,7.Sunday,COL,Cali,421 ACPM CORRI TURBO,22 SANTA MONICA,Rappi,1.0,47800.0,11.95
26/04/2026,7.Sunday,COL,Cali,425 LA CASA MEXITURB,24 SAN FERNANDO,Rappi,1.0,77700.0,19.43
26/04/2026,7.Sunday,COL,Cali,430 CASA ARABE TURBO,24 SAN FERNANDO,Rappi,1.0,27900.0,6.98
26/04/2026,7.Sunday,COL,Cali,44 SELVATIKO,22 SANTA MONICA,DiDi,1.0,50800.0,12.7
26/04/2026,7.Sunday,COL,Cali,448 DESAY COLOMBIANO,22 SANTA MONICA,Rappi,2.0,53700.0,13.43
26/04/2026,7.Sunday,COL,Cali,448 DESAY COLOMBIANO,24 SAN FERNANDO,Rappi,5.0,218700.0,54.68
26/04/2026,7.Sunday,COL,Cali,448 DESAY COLOMBIANO,46 INGENIO,Rappi,4.0,130700.0,32.68
26/04/2026,7.Sunday,COL,Cali,57 PRET SANDWICH BIS,46 INGENIO,Rappi,1.0,35000.0,8.75
26/04/2026,7.Sunday,COL,Cali,58 ALBA VEGETARIAN,22 SANTA MONICA,Rappi,1.0,63800.0,15.95
26/04/2026,7.Sunday,COL,Cali,58 ALBA VEGETARIAN,24 SAN FERNANDO,DiDi,1.0,37500.0,9.38
26/04/2026,7.Sunday,COL,Cali,58 ALBA VEGETARIAN,46 INGENIO,Rappi,1.0,31800.0,7.95
26/04/2026,7.Sunday,COL,Cali,59 DEMBOW,22 SANTA MONICA,Rappi,1.0,60400.0,15.1
26/04/2026,7.Sunday,COL,Cali,65 SAN JERONIMO HELA,46 INGENIO,Rappi,1.0,12500.0,3.13
26/04/2026,7.Sunday,COL,Cali,66 MAÑANERO DIARIO,46 INGENIO,Rappi,1.0,79700.0,19.93
26/04/2026,7.Sunday,COL,Cali,70 BURRITO CANTINA,22 SANTA MONICA,Rappi,1.0,37400.0,9.35
26/04/2026,7.Sunday,COL,Cali,82 CINNABON,22 SANTA MONICA,Rappi,6.0,293600.0,73.4
26/04/2026,7.Sunday,COL,Cali,82 CINNABON,24 SAN FERNANDO,Rappi,2.0,26800.0,6.7
26/04/2026,7.Sunday,COL,Cali,82 CINNABON,46 INGENIO,FoodologyPOS,1.0,20500.0,5.13
26/04/2026,7.Sunday,COL,Cali,82 CINNABON,46 INGENIO,Rappi,5.0,171600.0,42.9
26/04/2026,7.Sunday,COL,Cali,83 SANDUCHES EL JEFE,24 SAN FERNANDO,DiDi,1.0,28900.0,7.23
26/04/2026,7.Sunday,COL,Cali,83 SANDUCHES EL JEFE,24 SAN FERNANDO,Rappi,2.0,77500.0,19.38
26/04/2026,7.Sunday,COL,Cali,83 SANDUCHES EL JEFE,46 INGENIO,DiDi,1.0,48000.0,12.0
26/04/2026,7.Sunday,COL,Cali,83 SANDUCHES EL JEFE,46 INGENIO,Rappi,3.0,185800.0,46.45
26/04/2026,7.Sunday,COL,Cali,86 FROST TURBO,24 SAN FERNANDO,Rappi,1.0,25800.0,6.45
26/04/2026,7.Sunday,COL,Cali,88 CINNABON TURBO,24 SAN FERNANDO,Rappi,2.0,66700.0,16.68
26/04/2026,7.Sunday,COL,Cali,90 AVOCALIA TURBO,22 SANTA MONICA,Rappi,1.0,47000.0,11.75
26/04/2026,7.Sunday,COL,Cali,90 AVOCALIA TURBO,24 SAN FERNANDO,Rappi,4.0,166300.0,41.58
26/04/2026,7.Sunday,COL,Cali,93 SAN JERONIMO TURB,22 SANTA MONICA,Rappi,1.0,46000.0,11.5
26/04/2026,7.Sunday,COL,Cartagena,01 AVOCALIA,33 CARTAGENA,Rappi,15.0,740700.0,185.18
26/04/2026,7.Sunday,COL,Cartagena,03 BRUNCH & MUNCH,33 CARTAGENA,Rappi,10.0,807600.0,201.9
26/04/2026,7.Sunday,COL,Cartagena,04 BURRITOS & CO,33 CARTAGENA,DiDi,1.0,23900.0,5.98
26/04/2026,7.Sunday,COL,Cartagena,04 BURRITOS & CO,33 CARTAGENA,Rappi,4.0,170200.0,42.55
26/04/2026,7.Sunday,COL,Cartagena,07 LA CUADRA,33 CARTAGENA,DiDi,7.0,305900.0,76.48
26/04/2026,7.Sunday,COL,Cartagena,07 LA CUADRA,33 CARTAGENA,Rappi,12.0,796100.0,199.03
26/04/2026,7.Sunday,COL,Cartagena,110 MR BEAST BURGER,33 CARTAGENA,DiDi,8.0,412500.0,103.13
26/04/2026,7.Sunday,COL,Cartagena,110 MR BEAST BURGER,33 CARTAGENA,Rappi,6.0,273900.0,68.48
26/04/2026,7.Sunday,COL,Cartagena,114 MR BEAST TURBO,33 CARTAGENA,Rappi,4.0,142800.0,35.7
26/04/2026,7.Sunday,COL,Cartagena,117 LA PANQUEQUERIA,33 CARTAGENA,Rappi,3.0,170600.0,42.65
26/04/2026,7.Sunday,COL,Cartagena,26 ALMUERZO DE LA CA,33 CARTAGENA,DiDi,2.0,46700.0,11.68
26/04/2026,7.Sunday,COL,Cartagena,353 LA CUADRA TURBO,33 CARTAGENA,Rappi,2.0,68800.0,17.2
26/04/2026,7.Sunday,COL,Cartagena,359 GREEN HOUSE,33 CARTAGENA,DiDi,5.0,185700.0,46.43
26/04/2026,7.Sunday,COL,Cartagena,359 GREEN HOUSE,33 CARTAGENA,Rappi,9.0,513000.0,128.25
26/04/2026,7.Sunday,COL,Cartagena,362 ÑAMGUCHERIA,33 CARTAGENA,DiDi,1.0,38500.0,9.63
26/04/2026,7.Sunday,COL,Cartagena,362 ÑAMGUCHERIA,33 CARTAGENA,Rappi,2.0,57500.0,14.38
26/04/2026,7.Sunday,COL,Cartagena,363 GREEN HOUSE TURB,33 CARTAGENA,Rappi,4.0,205600.0,51.4
26/04/2026,7.Sunday,COL,Cartagena,366 HOUSE OF SALADS,33 CARTAGENA,Rappi,1.0,41900.0,10.48
26/04/2026,7.Sunday,COL,Cartagena,373 HOUSE OF BURGERS,33 CARTAGENA,Rappi,2.0,43800.0,10.95
26/04/2026,7.Sunday,COL,Cartagena,380 BREAKFAST CLUB,33 CARTAGENA,Rappi,6.0,429100.0,107.28
26/04/2026,7.Sunday,COL,Cartagena,381 DESAYU LA ABUELA,33 CARTAGENA,DiDi,4.0,199000.0,49.75
26/04/2026,7.Sunday,COL,Cartagena,381 DESAYU LA ABUELA,33 CARTAGENA,Rappi,11.0,809700.0,202.43
26/04/2026,7.Sunday,COL,Cartagena,386 LA CASA MEXICANA,33 CARTAGENA,DiDi,4.0,135600.0,33.9
26/04/2026,7.Sunday,COL,Cartagena,386 LA CASA MEXICANA,33 CARTAGENA,Rappi,1.0,99800.0,24.95
26/04/2026,7.Sunday,COL,Cartagena,392 HONEST FOOD,33 CARTAGENA,Rappi,2.0,82400.0,20.6
26/04/2026,7.Sunday,COL,Cartagena,392 MONTEVERDE TURB,33 CARTAGENA,Rappi,2.0,51800.0,12.95
26/04/2026,7.Sunday,COL,Cartagena,393 EL EJECUTIVO,33 CARTAGENA,DiDi,3.0,110700.0,27.68
26/04/2026,7.Sunday,COL,Cartagena,393 HOUSEBURGER TURB,33 CARTAGENA,Rappi,1.0,35800.0,8.95
26/04/2026,7.Sunday,COL,Cartagena,402 EJECUT TRAD TURBO,33 CARTAGENA,Rappi,2.0,98300.0,24.58
26/04/2026,7.Sunday,COL,Cartagena,420 DESGRANADOS & CO,33 CARTAGENA,Rappi,2.0,119300.0,29.83
26/04/2026,7.Sunday,COL,Cartagena,429 SEÑOR BURRI TURB,33 CARTAGENA,Rappi,2.0,115100.0,28.78
26/04/2026,7.Sunday,COL,Cartagena,44 SELVATIKO,33 CARTAGENA,Rappi,1.0,122500.0,30.63
26/04/2026,7.Sunday,COL,Cartagena,448 DESAY COLOMBIANO,33 CARTAGENA,Rappi,2.0,174400.0,43.6
26/04/2026,7.Sunday,COL,Cartagena,58 ALBA VEGETARIAN,33 CARTAGENA,DiDi,1.0,68600.0,17.15
26/04/2026,7.Sunday,COL,Cartagena,66 MAÑANERO DIARIO,33 CARTAGENA,Rappi,1.0,25900.0,6.48
26/04/2026,7.Sunday,COL,Cartagena,82 CINNABON,33 CARTAGENA,Rappi,6.0,214400.0,53.6
26/04/2026,7.Sunday,COL,Cartagena,83 SANDUCHES EL JEFE,33 CARTAGENA,DiDi,2.0,73500.0,18.38
26/04/2026,7.Sunday,COL,Cartagena,83 SANDUCHES EL JEFE,33 CARTAGENA,Rappi,1.0,46000.0,11.5
26/04/2026,7.Sunday,COL,Cartagena,90 AVOCALIA TURBO,33 CARTAGENA,Rappi,4.0,209100.0,52.28
26/04/2026,7.Sunday,COL,Cartagena,92 BRUNCH&MUNCH TURB,33 CARTAGENA,Rappi,1.0,39800.0,9.95
26/04/2026,7.Sunday,COL,Medellín,01 AVOCALIA,11 MANILA,DiDi,1.0,85300.0,21.33
26/04/2026,7.Sunday,COL,Medellín,01 AVOCALIA,11 MANILA,Rappi,14.0,718500.0,179.63
26/04/2026,7.Sunday,COL,Medellín,01 AVOCALIA,12 LAURELES,Rappi,13.0,569200.0,142.3
26/04/2026,7.Sunday,COL,Medellín,01 AVOCALIA,14 ENVIGADO,DiDi,1.0,44400.0,11.1
26/04/2026,7.Sunday,COL,Medellín,01 AVOCALIA,14 ENVIGADO,Justo,1.0,127750.0,31.94
26/04/2026,7.Sunday,COL,Medellín,01 AVOCALIA,14 ENVIGADO,Rappi,12.0,566800.0,141.7
26/04/2026,7.Sunday,COL,Medellín,01 AVOCALIA,18 BELLO,DiDi,3.0,109200.0,27.3
26/04/2026,7.Sunday,COL,Medellín,01 AVOCALIA,18 BELLO,Rappi,4.0,274000.0,68.5
26/04/2026,7.Sunday,COL,Medellín,01 AVOCALIA,29 ITAGUI,Rappi,3.0,317600.0,79.4
26/04/2026,7.Sunday,COL,Medellín,02 BOTTANIKO,11 MANILA,Rappi,1.0,176300.0,44.08
26/04/2026,7.Sunday,COL,Medellín,02 BOTTANIKO,14 ENVIGADO,DiDi,1.0,91900.0,22.98
26/04/2026,7.Sunday,COL,Medellín,03 BRUNCH & MUNCH,11 MANILA,DiDi,3.0,177100.0,44.28
26/04/2026,7.Sunday,COL,Medellín,03 BRUNCH & MUNCH,11 MANILA,Rappi,57.0,4177800.0,1044.45
26/04/2026,7.Sunday,COL,Medellín,03 BRUNCH & MUNCH,12 LAURELES,DiDi,2.0,139800.0,34.95
26/04/2026,7.Sunday,COL,Medellín,03 BRUNCH & MUNCH,12 LAURELES,Rappi,32.0,2037100.0,509.28
26/04/2026,7.Sunday,COL,Medellín,03 BRUNCH & MUNCH,14 ENVIGADO,DiDi,6.0,300300.0,75.08
26/04/2026,7.Sunday,COL,Medellín,03 BRUNCH & MUNCH,14 ENVIGADO,Rappi,32.0,2244800.0,561.2
26/04/2026,7.Sunday,COL,Medellín,03 BRUNCH & MUNCH,18 BELLO,DiDi,2.0,58300.0,14.58
26/04/2026,7.Sunday,COL,Medellín,03 BRUNCH & MUNCH,18 BELLO,Rappi,10.0,736900.0,184.23
26/04/2026,7.Sunday,COL,Medellín,03 BRUNCH & MUNCH,19 LLANOGRANDE,Rappi,0.0,0.0,0.0
26/04/2026,7.Sunday,COL,Medellín,03 BRUNCH & MUNCH,29 ITAGUI,DiDi,2.0,73200.0,18.3
26/04/2026,7.Sunday,COL,Medellín,03 BRUNCH & MUNCH,29 ITAGUI,Rappi,10.0,622900.0,155.73
26/04/2026,7.Sunday,COL,Medellín,04 BURRITOS & CO,11 MANILA,DiDi,8.0,476400.0,119.1
26/04/2026,7.Sunday,COL,Medellín,04 BURRITOS & CO,11 MANILA,Rappi,8.0,332100.0,83.03
26/04/2026,7.Sunday,COL,Medellín,04 BURRITOS & CO,12 LAURELES,DiDi,6.0,547000.0,136.75
26/04/2026,7.Sunday,COL,Medellín,04 BURRITOS & CO,12 LAURELES,Rappi,19.0,1010200.0,252.55
26/04/2026,7.Sunday,COL,Medellín,04 BURRITOS & CO,14 ENVIGADO,DiDi,9.0,584900.0,146.23
26/04/2026,7.Sunday,COL,Medellín,04 BURRITOS & CO,14 ENVIGADO,Rappi,5.0,273500.0,68.38
26/04/2026,7.Sunday,COL,Medellín,04 BURRITOS & CO,18 BELLO,DiDi,5.0,283400.0,70.85
26/04/2026,7.Sunday,COL,Medellín,04 BURRITOS & CO,18 BELLO,Rappi,1.0,92900.0,23.23
26/04/2026,7.Sunday,COL,Medellín,04 BURRITOS & CO,29 ITAGUI,DiDi,8.0,480600.0,120.15
26/04/2026,7.Sunday,COL,Medellín,04 BURRITOS & CO,29 ITAGUI,Rappi,1.0,92900.0,23.23
26/04/2026,7.Sunday,COL,Medellín,07 LA CUADRA,11 MANILA,DiDi,7.0,379800.0,94.95
26/04/2026,7.Sunday,COL,Medellín,07 LA CUADRA,11 MANILA,Rappi,7.0,478900.0,119.73
26/04/2026,7.Sunday,COL,Medellín,07 LA CUADRA,12 LAURELES,DiDi,8.0,732200.0,183.05
26/04/2026,7.Sunday,COL,Medellín,07 LA CUADRA,12 LAURELES,Rappi,12.0,752600.0,188.15
26/04/2026,7.Sunday,COL,Medellín,07 LA CUADRA,14 ENVIGADO,DiDi,3.0,167300.0,41.83
26/04/2026,7.Sunday,COL,Medellín,07 LA CUADRA,14 ENVIGADO,Rappi,7.0,458400.0,114.6
26/04/2026,7.Sunday,COL,Medellín,07 LA CUADRA,18 BELLO,DiDi,2.0,80800.0,20.2
26/04/2026,7.Sunday,COL,Medellín,07 LA CUADRA,18 BELLO,Rappi,5.0,383300.0,95.83
26/04/2026,7.Sunday,COL,Medellín,07 LA CUADRA,29 ITAGUI,DiDi,4.0,239400.0,59.85
26/04/2026,7.Sunday,COL,Medellín,07 LA CUADRA,29 ITAGUI,Rappi,4.0,432300.0,108.08
26/04/2026,7.Sunday,COL,Medellín,110 MR BEAST BURGER,11 MANILA,DiDi,16.0,856500.0,214.13
26/04/2026,7.Sunday,COL,Medellín,110 MR BEAST BURGER,11 MANILA,Rappi,7.0,525300.0,131.33
26/04/2026,7.Sunday,COL,Medellín,110 MR BEAST BURGER,12 LAURELES,DiDi,36.0,1975800.0,493.95
26/04/2026,7.Sunday,COL,Medellín,110 MR BEAST BURGER,12 LAURELES,Rappi,2.0,81400.0,20.35
26/04/2026,7.Sunday,COL,Medellín,110 MR BEAST BURGER,14 ENVIGADO,DiDi,19.0,1080000.0,270.0
26/04/2026,7.Sunday,COL,Medellín,110 MR BEAST BURGER,14 ENVIGADO,Rappi,5.0,266800.0,66.7
26/04/2026,7.Sunday,COL,Medellín,110 MR BEAST BURGER,18 BELLO,DiDi,15.0,771300.0,192.83
26/04/2026,7.Sunday,COL,Medellín,110 MR BEAST BURGER,18 BELLO,Rappi,2.0,176600.0,44.15
26/04/2026,7.Sunday,COL,Medellín,110 MR BEAST BURGER,29 ITAGUI,DiDi,7.0,332300.0,83.08
26/04/2026,7.Sunday,COL,Medellín,110 MR BEAST BURGER,29 ITAGUI,Rappi,4.0,157900.0,39.48
26/04/2026,7.Sunday,COL,Medellín,1117 ALMZ LA CASA TU,11 MANILA,Rappi,4.0,156500.0,39.13
26/04/2026,7.Sunday,COL,Medellín,1117 ALMZ LA CASA TU,12 LAURELES,Rappi,2.0,99100.0,24.78
26/04/2026,7.Sunday,COL,Medellín,1118 DEMBOW TUR,11 MANILA,Rappi,8.0,533700.0,133.43
26/04/2026,7.Sunday,COL,Medellín,1118 DEMBOW TUR,12 LAURELES,Rappi,1.0,45000.0,11.25
26/04/2026,7.Sunday,COL,Medellín,113 QUE CHICKEN,11 MANILA,Rappi,1.0,43900.0,10.98
26/04/2026,7.Sunday,COL,Medellín,114 MR BEAST TURBO,12 LAURELES,Rappi,8.0,563800.0,140.95
26/04/2026,7.Sunday,COL,Medellín,117 LA PANQUEQUERIA,11 MANILA,Rappi,2.0,52400.0,13.1
26/04/2026,7.Sunday,COL,Medellín,117 LA PANQUEQUERIA,12 LAURELES,DiDi,1.0,62200.0,15.55
26/04/2026,7.Sunday,COL,Medellín,117 LA PANQUEQUERIA,12 LAURELES,Rappi,8.0,479300.0,119.83
26/04/2026,7.Sunday,COL,Medellín,117 LA PANQUEQUERIA,18 BELLO,DiDi,1.0,43000.0,10.75
26/04/2026,7.Sunday,COL,Medellín,117 LA PANQUEQUERIA,18 BELLO,Rappi,3.0,144100.0,36.03
26/04/2026,7.Sunday,COL,Medellín,117 LA PANQUEQUERIA,29 ITAGUI,Rappi,1.0,147100.0,36.78
26/04/2026,7.Sunday,COL,Medellín,205 FROST,11 MANILA,Rappi,2.0,51700.0,12.93
26/04/2026,7.Sunday,COL,Medellín,205 FROST,14 ENVIGADO,Rappi,3.0,97100.0,24.28
26/04/2026,7.Sunday,COL,Medellín,26 ALMUERZO DE LA CA,11 MANILA,DiDi,2.0,65700.0,16.43
26/04/2026,7.Sunday,COL,Medellín,26 ALMUERZO DE LA CA,12 LAURELES,DiDi,7.0,215400.0,53.85
26/04/2026,7.Sunday,COL,Medellín,26 ALMUERZO DE LA CA,12 LAURELES,Rappi,5.0,198000.0,49.5
26/04/2026,7.Sunday,COL,Medellín,26 ALMUERZO DE LA CA,14 ENVIGADO,DiDi,1.0,21900.0,5.48
26/04/2026,7.Sunday,COL,Medellín,26 ALMUERZO DE LA CA,18 BELLO,DiDi,2.0,74500.0,18.63
26/04/2026,7.Sunday,COL,Medellín,26 ALMUERZO DE LA CA,29 ITAGUI,DiDi,1.0,21900.0,5.48
26/04/2026,7.Sunday,COL,Medellín,26 ALMUERZO DE LA CA,29 ITAGUI,Rappi,2.0,56700.0,14.18
26/04/2026,7.Sunday,COL,Medellín,27 DESAYUNO MI TIERR,11 MANILA,DiDi,1.0,100900.0,25.23
26/04/2026,7.Sunday,COL,Medellín,27 DESAYUNO MI TIERR,12 LAURELES,DiDi,1.0,12900.0,3.23
26/04/2026,7.Sunday,COL,Medellín,27 DESAYUNO MI TIERR,14 ENVIGADO,DiDi,2.0,84200.0,21.05
26/04/2026,7.Sunday,COL,Medellín,27 DESAYUNO MI TIERR,18 BELLO,Rappi,1.0,22500.0,5.63
26/04/2026,7.Sunday,COL,Medellín,29 SEÑOR BURRITO,12 LAURELES,DiDi,3.0,117800.0,29.45
26/04/2026,7.Sunday,COL,Medellín,29 SEÑOR BURRITO,14 ENVIGADO,DiDi,2.0,83700.0,20.93
26/04/2026,7.Sunday,COL,Medellín,29 SEÑOR BURRITO,18 BELLO,DiDi,2.0,76800.0,19.2
26/04/2026,7.Sunday,COL,Medellín,29 SEÑOR BURRITO,29 ITAGUI,DiDi,3.0,179300.0,44.83
26/04/2026,7.Sunday,COL,Medellín,29 SEÑOR BURRITO,29 ITAGUI,Rappi,2.0,121800.0,30.45
26/04/2026,7.Sunday,COL,Medellín,35 BRUNCH CLUB,14 ENVIGADO,DiDi,2.0,111200.0,27.8
26/04/2026,7.Sunday,COL,Medellín,35 BRUNCH CLUB,18 BELLO,DiDi,1.0,29800.0,7.45
26/04/2026,7.Sunday,COL,Medellín,352 BURRITOS & CO TU,11 MANILA,Rappi,42.0,2216700.0,554.18
26/04/2026,7.Sunday,COL,Medellín,352 BURRITOS & CO TU,12 LAURELES,Rappi,28.0,1648100.0,412.03
26/04/2026,7.Sunday,COL,Medellín,353 LA CUADRA TURBO,11 MANILA,Rappi,21.0,1210900.0,302.73
26/04/2026,7.Sunday,COL,Medellín,353 LA CUADRA TURBO,12 LAURELES,Rappi,11.0,612600.0,153.15
26/04/2026,7.Sunday,COL,Medellín,356 EL JEFE TURBO,11 MANILA,Rappi,5.0,385300.0,96.33
26/04/2026,7.Sunday,COL,Medellín,356 EL JEFE TURBO,12 LAURELES,Rappi,1.0,51800.0,12.95
26/04/2026,7.Sunday,COL,Medellín,359 GREEN HOUSE,11 MANILA,DiDi,6.0,280300.0,70.08
26/04/2026,7.Sunday,COL,Medellín,359 GREEN HOUSE,11 MANILA,Rappi,6.0,319800.0,79.95
26/04/2026,7.Sunday,COL,Medellín,359 GREEN HOUSE,12 LAURELES,DiDi,9.0,346800.0,86.7
26/04/2026,7.Sunday,COL,Medellín,359 GREEN HOUSE,12 LAURELES,Rappi,15.0,619500.0,154.88
26/04/2026,7.Sunday,COL,Medellín,359 GREEN HOUSE,14 ENVIGADO,DiDi,9.0,363100.0,90.78
26/04/2026,7.Sunday,COL,Medellín,359 GREEN HOUSE,14 ENVIGADO,Rappi,4.0,143000.0,35.75
26/04/2026,7.Sunday,COL,Medellín,359 GREEN HOUSE,18 BELLO,DiDi,8.0,355500.0,88.88
26/04/2026,7.Sunday,COL,Medellín,359 GREEN HOUSE,29 ITAGUI,DiDi,1.0,47400.0,11.85
26/04/2026,7.Sunday,COL,Medellín,359 GREEN HOUSE,29 ITAGUI,Rappi,1.0,41700.0,10.43
26/04/2026,7.Sunday,COL,Medellín,362 ÑAMGUCHERIA,11 MANILA,Rappi,8.0,377600.0,94.4
26/04/2026,7.Sunday,COL,Medellín,362 ÑAMGUCHERIA,12 LAURELES,DiDi,3.0,147400.0,36.85
26/04/2026,7.Sunday,COL,Medellín,362 ÑAMGUCHERIA,12 LAURELES,Rappi,5.0,208800.0,52.2
26/04/2026,7.Sunday,COL,Medellín,362 ÑAMGUCHERIA,14 ENVIGADO,DiDi,6.0,304400.0,76.1
26/04/2026,7.Sunday,COL,Medellín,362 ÑAMGUCHERIA,14 ENVIGADO,Rappi,6.0,298500.0,74.63
26/04/2026,7.Sunday,COL,Medellín,362 ÑAMGUCHERIA,18 BELLO,Rappi,3.0,113500.0,28.38
26/04/2026,7.Sunday,COL,Medellín,362 ÑAMGUCHERIA,29 ITAGUI,DiDi,2.0,71300.0,17.83
26/04/2026,7.Sunday,COL,Medellín,362 ÑAMGUCHERIA,29 ITAGUI,Rappi,6.0,426600.0,106.65
26/04/2026,7.Sunday,COL,Medellín,363 GREEN HOUSE TURB,12 LAURELES,Rappi,10.0,384200.0,96.05
26/04/2026,7.Sunday,COL,Medellín,366 HOUSE OF SALADS,12 LAURELES,Rappi,3.0,135600.0,33.9
26/04/2026,7.Sunday,COL,Medellín,366 HOUSE OF SALADS,14 ENVIGADO,Rappi,1.0,41900.0,10.48
26/04/2026,7.Sunday,COL,Medellín,366 HOUSE OF SALADS,18 BELLO,Rappi,3.0,112300.0,28.08
26/04/2026,7.Sunday,COL,Medellín,366 HOUSE OF SALADS,29 ITAGUI,DiDi,1.0,12900.0,3.23
26/04/2026,7.Sunday,COL,Medellín,366 HOUSE OF SALADS,29 ITAGUI,Rappi,2.0,127700.0,31.93
26/04/2026,7.Sunday,COL,Medellín,369 ÑAMGUCHERIA TURB,12 LAURELES,Rappi,6.0,327800.0,81.95
26/04/2026,7.Sunday,COL,Medellín,370 MONTEVERDE,11 MANILA,Rappi,4.0,258000.0,64.5
26/04/2026,7.Sunday,COL,Medellín,370 MONTEVERDE,12 LAURELES,Rappi,3.0,145600.0,36.4
26/04/2026,7.Sunday,COL,Medellín,370 MONTEVERDE,14 ENVIGADO,DiDi,1.0,30400.0,7.6
26/04/2026,7.Sunday,COL,Medellín,370 MONTEVERDE,14 ENVIGADO,Rappi,1.0,71000.0,17.75
26/04/2026,7.Sunday,COL,Medellín,370 MONTEVERDE,18 BELLO,DiDi,1.0,21900.0,5.48
26/04/2026,7.Sunday,COL,Medellín,370 MONTEVERDE,29 ITAGUI,DiDi,1.0,34400.0,8.6
26/04/2026,7.Sunday,COL,Medellín,370 MONTEVERDE,29 ITAGUI,Rappi,2.0,124100.0,31.03
26/04/2026,7.Sunday,COL,Medellín,373 HOUSE OF BURGERS,12 LAURELES,Rappi,1.0,65700.0,16.43
26/04/2026,7.Sunday,COL,Medellín,380 BREAKFAST CLUB,11 MANILA,Rappi,15.0,1181900.0,295.48
26/04/2026,7.Sunday,COL,Medellín,380 BREAKFAST CLUB,12 LAURELES,DiDi,2.0,116900.0,29.23
26/04/2026,7.Sunday,COL,Medellín,380 BREAKFAST CLUB,14 ENVIGADO,DiDi,1.0,57800.0,14.45
26/04/2026,7.Sunday,COL,Medellín,380 BREAKFAST CLUB,14 ENVIGADO,Rappi,7.0,425100.0,106.28
26/04/2026,7.Sunday,COL,Medellín,380 BREAKFAST CLUB,18 BELLO,Rappi,1.0,104100.0,26.03
26/04/2026,7.Sunday,COL,Medellín,380 BREAKFAST CLUB,29 ITAGUI,DiDi,1.0,64500.0,16.13
26/04/2026,7.Sunday,COL,Medellín,380 BREAKFAST CLUB,29 ITAGUI,Rappi,2.0,120900.0,30.23
26/04/2026,7.Sunday,COL,Medellín,381 DESAYU LA ABUELA,11 MANILA,DiDi,5.0,243100.0,60.78
26/04/2026,7.Sunday,COL,Medellín,381 DESAYU LA ABUELA,11 MANILA,Rappi,37.0,3119800.0,779.95
26/04/2026,7.Sunday,COL,Medellín,381 DESAYU LA ABUELA,12 LAURELES,DiDi,12.0,796100.0,199.03
26/04/2026,7.Sunday,COL,Medellín,381 DESAYU LA ABUELA,12 LAURELES,Rappi,45.0,3115000.0,778.75
26/04/2026,7.Sunday,COL,Medellín,381 DESAYU LA ABUELA,14 ENVIGADO,DiDi,10.0,755300.0,188.83
26/04/2026,7.Sunday,COL,Medellín,381 DESAYU LA ABUELA,14 ENVIGADO,Rappi,18.0,1162500.0,290.63
26/04/2026,7.Sunday,COL,Medellín,381 DESAYU LA ABUELA,18 BELLO,DiDi,8.0,589200.0,147.3
26/04/2026,7.Sunday,COL,Medellín,381 DESAYU LA ABUELA,18 BELLO,Rappi,5.0,331300.0,82.83
26/04/2026,7.Sunday,COL,Medellín,381 DESAYU LA ABUELA,29 ITAGUI,DiDi,5.0,353000.0,88.25
26/04/2026,7.Sunday,COL,Medellín,381 DESAYU LA ABUELA,29 ITAGUI,Rappi,8.0,584700.0,146.18
26/04/2026,7.Sunday,COL,Medellín,385 MAÑANERO TURBO,11 MANILA,Rappi,2.0,117000.0,29.25
26/04/2026,7.Sunday,COL,Medellín,385 MAÑANERO TURBO,12 LAURELES,Rappi,1.0,26900.0,6.73
26/04/2026,7.Sunday,COL,Medellín,386 LA CASA MEXICANA,11 MANILA,DiDi,1.0,21900.0,5.48
26/04/2026,7.Sunday,COL,Medellín,386 LA CASA MEXICANA,11 MANILA,Rappi,5.0,252800.0,63.2
26/04/2026,7.Sunday,COL,Medellín,386 LA CASA MEXICANA,12 LAURELES,DiDi,4.0,113500.0,28.38
26/04/2026,7.Sunday,COL,Medellín,386 LA CASA MEXICANA,12 LAURELES,Rappi,1.0,86600.0,21.65
26/04/2026,7.Sunday,COL,Medellín,386 LA CASA MEXICANA,14 ENVIGADO,DiDi,8.0,482100.0,120.53
26/04/2026,7.Sunday,COL,Medellín,386 LA CASA MEXICANA,14 ENVIGADO,Rappi,1.0,20900.0,5.23
26/04/2026,7.Sunday,COL,Medellín,386 LA CASA MEXICANA,18 BELLO,DiDi,5.0,201800.0,50.45
26/04/2026,7.Sunday,COL,Medellín,386 LA CASA MEXICANA,18 BELLO,Rappi,5.0,305800.0,76.45
26/04/2026,7.Sunday,COL,Medellín,386 LA CASA MEXICANA,29 ITAGUI,DiDi,7.0,256700.0,64.18
26/04/2026,7.Sunday,COL,Medellín,386 LA CASA MEXICANA,29 ITAGUI,Rappi,5.0,280900.0,70.23
26/04/2026,7.Sunday,COL,Medellín,387 THE EGG SPOT,11 MANILA,DiDi,1.0,43800.0,10.95
26/04/2026,7.Sunday,COL,Medellín,387 THE EGG SPOT,11 MANILA,Rappi,4.0,424100.0,106.03
26/04/2026,7.Sunday,COL,Medellín,387 THE EGG SPOT,12 LAURELES,DiDi,1.0,46300.0,11.58
26/04/2026,7.Sunday,COL,Medellín,387 THE EGG SPOT,12 LAURELES,Rappi,4.0,255300.0,63.83
26/04/2026,7.Sunday,COL,Medellín,387 THE EGG SPOT,14 ENVIGADO,Rappi,1.0,89000.0,22.25
26/04/2026,7.Sunday,COL,Medellín,387 THE EGG SPOT,29 ITAGUI,Rappi,1.0,54700.0,13.68
26/04/2026,7.Sunday,COL,Medellín,388 FOODHUB,12 LAURELES,Rappi,2.0,222600.0,55.65
26/04/2026,7.Sunday,COL,Medellín,392 HONEST FOOD,11 MANILA,Rappi,1.0,40400.0,10.1
26/04/2026,7.Sunday,COL,Medellín,392 HONEST FOOD,12 LAURELES,DiDi,1.0,87000.0,21.75
26/04/2026,7.Sunday,COL,Medellín,392 HONEST FOOD,12 LAURELES,Rappi,3.0,327200.0,81.8
26/04/2026,7.Sunday,COL,Medellín,392 HONEST FOOD,14 ENVIGADO,Rappi,5.0,318100.0,79.53
26/04/2026,7.Sunday,COL,Medellín,392 MONTEVERDE TURB,11 MANILA,Rappi,7.0,263600.0,65.9
26/04/2026,7.Sunday,COL,Medellín,392 MONTEVERDE TURB,12 LAURELES,Rappi,4.0,155000.0,38.75
26/04/2026,7.Sunday,COL,Medellín,393 EL EJECUTIVO,11 MANILA,DiDi,2.0,96600.0,24.15
26/04/2026,7.Sunday,COL,Medellín,393 EL EJECUTIVO,12 LAURELES,DiDi,1.0,80800.0,20.2
26/04/2026,7.Sunday,COL,Medellín,393 EL EJECUTIVO,12 LAURELES,Rappi,2.0,86100.0,21.53
26/04/2026,7.Sunday,COL,Medellín,393 EL EJECUTIVO,14 ENVIGADO,DiDi,1.0,37900.0,9.48
26/04/2026,7.Sunday,COL,Medellín,393 EL EJECUTIVO,18 BELLO,DiDi,1.0,73300.0,18.33
26/04/2026,7.Sunday,COL,Medellín,393 HOUSEBURGER TURB,11 MANILA,Rappi,1.0,25800.0,6.45
26/04/2026,7.Sunday,COL,Medellín,393 HOUSEBURGER TURB,12 LAURELES,Rappi,2.0,98400.0,24.6
26/04/2026,7.Sunday,COL,Medellín,394 COCINA CONSCIENT,12 LAURELES,Rappi,1.0,41000.0,10.25
26/04/2026,7.Sunday,COL,Medellín,395 BISTRO - TURBO,11 MANILA,Rappi,2.0,50300.0,12.58
26/04/2026,7.Sunday,COL,Medellín,395 BISTRO - TURBO,12 LAURELES,Rappi,1.0,45700.0,11.43
26/04/2026,7.Sunday,COL,Medellín,396 NUMA MEDITERRAN,12 LAURELES,Rappi,1.0,46500.0,11.63
26/04/2026,7.Sunday,COL,Medellín,396 NUMA MEDITERRAN,29 ITAGUI,Rappi,1.0,52800.0,13.2
26/04/2026,7.Sunday,COL,Medellín,397 CACEROLA - TURBO,11 MANILA,Rappi,4.0,230100.0,57.53
26/04/2026,7.Sunday,COL,Medellín,397 CACEROLA - TURBO,12 LAURELES,Rappi,1.0,55000.0,13.75
26/04/2026,7.Sunday,COL,Medellín,401 DESA ABUELA TURBO,11 MANILA,Rappi,9.0,647800.0,161.95
26/04/2026,7.Sunday,COL,Medellín,401 DESA ABUELA TURBO,12 LAURELES,Rappi,1.0,47000.0,11.75
26/04/2026,7.Sunday,COL,Medellín,402 EJECUT TRAD TURBO,11 MANILA,Rappi,2.0,155400.0,38.85
26/04/2026,7.Sunday,COL,Medellín,402 EJECUT TRAD TURBO,12 LAURELES,Rappi,1.0,57800.0,14.45
26/04/2026,7.Sunday,COL,Medellín,403 HONEST FOOD TURBO,11 MANILA,Rappi,4.0,216600.0,54.15
26/04/2026,7.Sunday,COL,Medellín,403 HONEST FOOD TURBO,12 LAURELES,Rappi,3.0,120300.0,30.08
26/04/2026,7.Sunday,COL,Medellín,405 BREAKFACLUB TURBO,11 MANILA,Rappi,6.0,493900.0,123.48
26/04/2026,7.Sunday,COL,Medellín,405 BREAKFACLUB TURBO,12 LAURELES,Rappi,9.0,493700.0,123.43
26/04/2026,7.Sunday,COL,Medellín,409 THE EGG SPOT TU,11 MANILA,Rappi,2.0,95900.0,23.98
26/04/2026,7.Sunday,COL,Medellín,409 THE EGG SPOT TU,12 LAURELES,Rappi,10.0,537600.0,134.4
26/04/2026,7.Sunday,COL,Medellín,413 HOUSE SALAD TURB,11 MANILA,Rappi,4.0,160400.0,40.1
26/04/2026,7.Sunday,COL,Medellín,413 HOUSE SALAD TURB,12 LAURELES,Rappi,1.0,31400.0,7.85
26/04/2026,7.Sunday,COL,Medellín,419 CASA ARABE,12 LAURELES,Rappi,4.0,186900.0,46.73
26/04/2026,7.Sunday,COL,Medellín,419 CASA ARABE,14 ENVIGADO,Rappi,1.0,134700.0,33.68
26/04/2026,7.Sunday,COL,Medellín,420 DESGRANADOS & CO,12 LAURELES,Rappi,2.0,113700.0,28.43
26/04/2026,7.Sunday,COL,Medellín,420 DESGRANADOS & CO,14 ENVIGADO,Rappi,1.0,45900.0,11.48
26/04/2026,7.Sunday,COL,Medellín,421 ACPM CORRI TURBO,11 MANILA,Rappi,9.0,415000.0,103.75
26/04/2026,7.Sunday,COL,Medellín,422 BURRIT CANT TURB,11 MANILA,Rappi,1.0,207100.0,51.78
26/04/2026,7.Sunday,COL,Medellín,422 BURRIT CANT TURB,12 LAURELES,Rappi,1.0,29400.0,7.35
26/04/2026,7.Sunday,COL,Medellín,423 DESAY TIERRITURB,11 MANILA,Rappi,1.0,85500.0,21.38
26/04/2026,7.Sunday,COL,Medellín,425 LA CASA MEXITURB,11 MANILA,Rappi,1.0,77600.0,19.4
26/04/2026,7.Sunday,COL,Medellín,425 LA CASA MEXITURB,12 LAURELES,Rappi,3.0,110700.0,27.68
26/04/2026,7.Sunday,COL,Medellín,426 CUADRA DESAYTURB,11 MANILA,Rappi,2.0,140700.0,35.18
26/04/2026,7.Sunday,COL,Medellín,428 SELVATIKO TURBO,11 MANILA,Rappi,2.0,103200.0,25.8
26/04/2026,7.Sunday,COL,Medellín,428 SELVATIKO TURBO,12 LAURELES,Rappi,1.0,40900.0,10.23
26/04/2026,7.Sunday,COL,Medellín,429 SEÑOR BURRI TURB,11 MANILA,Rappi,5.0,249400.0,62.35
26/04/2026,7.Sunday,COL,Medellín,429 SEÑOR BURRI TURB,12 LAURELES,Rappi,3.0,132600.0,33.15
26/04/2026,7.Sunday,COL,Medellín,431 DESGRA & CO TURB,11 MANILA,Rappi,11.0,585000.0,146.25
26/04/2026,7.Sunday,COL,Medellín,431 DESGRA & CO TURB,12 LAURELES,Rappi,3.0,145600.0,36.4
26/04/2026,7.Sunday,COL,Medellín,44 SELVATIKO,14 ENVIGADO,DiDi,1.0,37900.0,9.48
26/04/2026,7.Sunday,COL,Medellín,448 DESAY COLOMBIANO,11 MANILA,Rappi,9.0,488600.0,122.15
26/04/2026,7.Sunday,COL,Medellín,448 DESAY COLOMBIANO,12 LAURELES,Rappi,13.0,627800.0,156.95
26/04/2026,7.Sunday,COL,Medellín,448 DESAY COLOMBIANO,14 ENVIGADO,Rappi,6.0,244200.0,61.05
26/04/2026,7.Sunday,COL,Medellín,448 DESAY COLOMBIANO,18 BELLO,Rappi,2.0,54700.0,13.68
26/04/2026,7.Sunday,COL,Medellín,448 DESAY COLOMBIANO,29 ITAGUI,Rappi,3.0,76600.0,19.15
26/04/2026,7.Sunday,COL,Medellín,54 FOODOLOGY,12 LAURELES,Rappi,1.0,42400.0,10.6
26/04/2026,7.Sunday,COL,Medellín,54 FOODOLOGY,29 ITAGUI,Rappi,2.0,46800.0,11.7
26/04/2026,7.Sunday,COL,Medellín,57 PRET SANDWICH BIS,11 MANILA,Rappi,1.0,97200.0,24.3
26/04/2026,7.Sunday,COL,Medellín,57 PRET SANDWICH BIS,12 LAURELES,Rappi,4.0,207400.0,51.85
26/04/2026,7.Sunday,COL,Medellín,57 PRET SANDWICH BIS,29 ITAGUI,Rappi,1.0,60700.0,15.18
26/04/2026,7.Sunday,COL,Medellín,58 ALBA VEGETARIAN,11 MANILA,DiDi,1.0,61400.0,15.35
26/04/2026,7.Sunday,COL,Medellín,58 ALBA VEGETARIAN,12 LAURELES,DiDi,1.0,34400.0,8.6
26/04/2026,7.Sunday,COL,Medellín,58 ALBA VEGETARIAN,14 ENVIGADO,DiDi,3.0,180800.0,45.2
26/04/2026,7.Sunday,COL,Medellín,58 ALBA VEGETARIAN,14 ENVIGADO,Rappi,1.0,57600.0,14.4
26/04/2026,7.Sunday,COL,Medellín,58 ALBA VEGETARIAN,18 BELLO,DiDi,1.0,37500.0,9.38
26/04/2026,7.Sunday,COL,Medellín,58 ALBA VEGETARIAN,18 BELLO,Rappi,2.0,117500.0,29.38
26/04/2026,7.Sunday,COL,Medellín,58 ALBA VEGETARIAN,29 ITAGUI,DiDi,1.0,14900.0,3.73
26/04/2026,7.Sunday,COL,Medellín,59 DEMBOW,11 MANILA,DiDi,1.0,49400.0,12.35
26/04/2026,7.Sunday,COL,Medellín,59 DEMBOW,12 LAURELES,DiDi,1.0,83500.0,20.88
26/04/2026,7.Sunday,COL,Medellín,59 DEMBOW,14 ENVIGADO,Rappi,1.0,49400.0,12.35
26/04/2026,7.Sunday,COL,Medellín,66 MAÑANERO DIARIO,12 LAURELES,Rappi,1.0,26900.0,6.73
26/04/2026,7.Sunday,COL,Medellín,66 MAÑANERO DIARIO,18 BELLO,Rappi,1.0,27400.0,6.85
26/04/2026,7.Sunday,COL,Medellín,70 BURRITO CANTINA,18 BELLO,Rappi,1.0,37300.0,9.33
26/04/2026,7.Sunday,COL,Medellín,70 BURRITO CANTINA,29 ITAGUI,Rappi,1.0,74600.0,18.65
26/04/2026,7.Sunday,COL,Medellín,72 VICIO,11 MANILA,Rappi,1.0,76800.0,19.2
26/04/2026,7.Sunday,COL,Medellín,72 VICIO,12 LAURELES,Rappi,1.0,43600.0,10.9
26/04/2026,7.Sunday,COL,Medellín,72 VICIO,18 BELLO,Rappi,2.0,41800.0,10.45
26/04/2026,7.Sunday,COL,Medellín,82 CINNABON,11 MANILA,Rappi,9.0,263300.0,65.83
26/04/2026,7.Sunday,COL,Medellín,82 CINNABON,12 LAURELES,Rappi,4.0,102600.0,25.65
26/04/2026,7.Sunday,COL,Medellín,82 CINNABON,14 ENVIGADO,DiDi,3.0,138000.0,34.5
26/04/2026,7.Sunday,COL,Medellín,82 CINNABON,14 ENVIGADO,Rappi,6.0,183900.0,45.98
26/04/2026,7.Sunday,COL,Medellín,82 CINNABON,18 BELLO,Rappi,4.0,255400.0,63.85
26/04/2026,7.Sunday,COL,Medellín,82 CINNABON,29 ITAGUI,DiDi,2.0,53700.0,13.43
26/04/2026,7.Sunday,COL,Medellín,82 CINNABON,29 ITAGUI,Rappi,5.0,141000.0,35.25
26/04/2026,7.Sunday,COL,Medellín,83 SANDUCHES EL JEFE,11 MANILA,Rappi,1.0,26900.0,6.73
26/04/2026,7.Sunday,COL,Medellín,83 SANDUCHES EL JEFE,12 LAURELES,DiDi,6.0,214900.0,53.73
26/04/2026,7.Sunday,COL,Medellín,83 SANDUCHES EL JEFE,12 LAURELES,Rappi,2.0,79200.0,19.8
26/04/2026,7.Sunday,COL,Medellín,83 SANDUCHES EL JEFE,14 ENVIGADO,Rappi,2.0,79700.0,19.93
26/04/2026,7.Sunday,COL,Medellín,83 SANDUCHES EL JEFE,18 BELLO,DiDi,1.0,44000.0,11.0
26/04/2026,7.Sunday,COL,Medellín,83 SANDUCHES EL JEFE,18 BELLO,Rappi,1.0,53800.0,13.45
26/04/2026,7.Sunday,COL,Medellín,83 SANDUCHES EL JEFE,29 ITAGUI,DiDi,1.0,32000.0,8.0
26/04/2026,7.Sunday,COL,Medellín,84 CINNABON PASE,57 SANTAFE MED,FoodologyPOS,38.0,600500.0,150.13
26/04/2026,7.Sunday,COL,Medellín,84 CINNABON PASE,57 SANTAFE MED,Rappi,2.0,50400.0,12.6
26/04/2026,7.Sunday,COL,Medellín,84 CINNABON PASE,58 VIVA MED,FoodologyPOS,44.0,754200.0,188.55
26/04/2026,7.Sunday,COL,Medellín,84 CINNABON PASE,58 VIVA MED,Rappi,3.0,118000.0,29.5
26/04/2026,7.Sunday,COL,Medellín,86 FROST TURBO,11 MANILA,Rappi,4.0,110200.0,27.55
26/04/2026,7.Sunday,COL,Medellín,86 FROST TURBO,12 LAURELES,Rappi,4.0,154900.0,38.73
26/04/2026,7.Sunday,COL,Medellín,87 VICIO TURBO,11 MANILA,Rappi,3.0,72700.0,18.18
26/04/2026,7.Sunday,COL,Medellín,87 VICIO TURBO,12 LAURELES,Rappi,4.0,159000.0,39.75
26/04/2026,7.Sunday,COL,Medellín,88 CINNABON TURBO,11 MANILA,Rappi,14.0,528600.0,132.15
26/04/2026,7.Sunday,COL,Medellín,88 CINNABON TURBO,12 LAURELES,Rappi,16.0,532800.0,133.2
26/04/2026,7.Sunday,COL,Medellín,90 AVOCALIA TURBO,11 MANILA,Rappi,38.0,2157100.0,539.28
26/04/2026,7.Sunday,COL,Medellín,90 AVOCALIA TURBO,12 LAURELES,Rappi,17.0,956400.0,239.1
26/04/2026,7.Sunday,COL,Medellín,92 BRUNCH&MUNCH TURB,11 MANILA,Rappi,19.0,1355800.0,338.95
26/04/2026,7.Sunday,COL,Medellín,92 BRUNCH&MUNCH TURB,12 LAURELES,Rappi,18.0,1466800.0,366.7
26/04/2026,7.Sunday,COL,Medellín,93 SAN JERONIMO TURB,11 MANILA,Rappi,4.0,230000.0,57.5
26/04/2026,7.Sunday,COL,Medellín,93 SAN JERONIMO TURB,12 LAURELES,Rappi,2.0,69000.0,17.25
26/04/2026,7.Sunday,COL,Pereira,01 AVOCALIA,28 PEREIRA,Rappi,4.0,198200.0,49.55
26/04/2026,7.Sunday,COL,Pereira,03 BRUNCH & MUNCH,28 PEREIRA,Rappi,16.0,868500.0,217.13
26/04/2026,7.Sunday,COL,Pereira,04 BURRITOS & CO,28 PEREIRA,Rappi,8.0,401100.0,100.28
26/04/2026,7.Sunday,COL,Pereira,07 LA CUADRA,28 PEREIRA,Rappi,11.0,746500.0,186.63
26/04/2026,7.Sunday,COL,Pereira,110 MR BEAST BURGER,28 PEREIRA,Rappi,3.0,159600.0,39.9
26/04/2026,7.Sunday,COL,Pereira,117 LA PANQUEQUERIA,28 PEREIRA,Rappi,3.0,196100.0,49.03
26/04/2026,7.Sunday,COL,Pereira,26 ALMUERZO DE LA CA,28 PEREIRA,Rappi,1.0,21900.0,5.48
26/04/2026,7.Sunday,COL,Pereira,29 SEÑOR BURRITO,28 PEREIRA,Rappi,1.0,18900.0,4.73
26/04/2026,7.Sunday,COL,Pereira,33 LA CUADRA DESAYUN,28 PEREIRA,Rappi,2.0,66200.0,16.55
26/04/2026,7.Sunday,COL,Pereira,359 GREEN HOUSE,28 PEREIRA,Rappi,8.0,368000.0,92.0
26/04/2026,7.Sunday,COL,Pereira,362 ÑAMGUCHERIA,28 PEREIRA,Rappi,4.0,206500.0,51.63
26/04/2026,7.Sunday,COL,Pereira,366 HOUSE OF SALADS,28 PEREIRA,Rappi,1.0,25900.0,6.48
26/04/2026,7.Sunday,COL,Pereira,370 MONTEVERDE,28 PEREIRA,Rappi,1.0,66600.0,16.65
26/04/2026,7.Sunday,COL,Pereira,373 HOUSE OF BURGERS,28 PEREIRA,Rappi,3.0,137300.0,34.33
26/04/2026,7.Sunday,COL,Pereira,380 BREAKFAST CLUB,28 PEREIRA,Rappi,6.0,335500.0,83.88
26/04/2026,7.Sunday,COL,Pereira,381 DESAYU LA ABUELA,28 PEREIRA,Rappi,21.0,1218200.0,304.55
26/04/2026,7.Sunday,COL,Pereira,386 LA CASA MEXICANA,28 PEREIRA,Rappi,4.0,157300.0,39.33
26/04/2026,7.Sunday,COL,Pereira,387 THE EGG SPOT,28 PEREIRA,Rappi,2.0,165700.0,41.43
26/04/2026,7.Sunday,COL,Pereira,388 FOODHUB,28 PEREIRA,Rappi,2.0,160300.0,40.08
26/04/2026,7.Sunday,COL,Pereira,392 HONEST FOOD,28 PEREIRA,Rappi,1.0,32500.0,8.13
26/04/2026,7.Sunday,COL,Pereira,393 EL EJECUTIVO,28 PEREIRA,Rappi,2.0,51300.0,12.83
26/04/2026,7.Sunday,COL,Pereira,448 DESAY COLOMBIANO,28 PEREIRA,Rappi,2.0,74500.0,18.63
26/04/2026,7.Sunday,COL,Pereira,59 DEMBOW,28 PEREIRA,Rappi,1.0,45400.0,11.35
26/04/2026,7.Sunday,COL,Pereira,65 SAN JERONIMO HELA,28 PEREIRA,Rappi,1.0,25000.0,6.25
26/04/2026,7.Sunday,COL,Pereira,66 MAÑANERO DIARIO,28 PEREIRA,Rappi,1.0,24000.0,6.0
26/04/2026,7.Sunday,COL,Pereira,73 ACPM CORRIENTAZO,28 PEREIRA,Rappi,1.0,87200.0,21.8
26/04/2026,7.Sunday,COL,Pereira,82 CINNABON,28 PEREIRA,Rappi,3.0,77400.0,19.35
26/04/2026,7.Sunday,COL,Pereira,83 SANDUCHES EL JEFE,28 PEREIRA,Rappi,1.0,63200.0,15.8
26/04/2026,7.Sunday,COL,Santa Marta,03 BRUNCH & MUNCH,44 SANTA MARTA,Rappi,0.0,0.0,0.0
46086.0,7.Sunday,COL,Barranquilla,01 AVOCALIA,32 BARRANQUILLA,DiDi,2.0,41400.0,10.35
46086.0,7.Sunday,COL,Barranquilla,01 AVOCALIA,32 BARRANQUILLA,Rappi,20.0,988400.0,247.1
46086.0,7.Sunday,COL,Barranquilla,03 BRUNCH & MUNCH,32 BARRANQUILLA,DiDi,1.0,45400.0,11.35
46086.0,7.Sunday,COL,Barranquilla,03 BRUNCH & MUNCH,32 BARRANQUILLA,Rappi,35.0,1766400.0,441.6
46086.0,7.Sunday,COL,Barranquilla,03 BRUNCH & MUNCH,34 BAQ SUR,Rappi,0.0,0.0,0.0
46086.0,7.Sunday,COL,Barranquilla,04 BURRITOS & CO,32 BARRANQUILLA,DiDi,9.0,263900.0,65.98
46086.0,7.Sunday,COL,Barranquilla,04 BURRITOS & CO,32 BARRANQUILLA,Rappi,20.0,740500.0,185.13
46086.0,7.Sunday,COL,Barranquilla,07 LA CUADRA,32 BARRANQUILLA,DiDi,15.0,1017400.0,254.35
46086.0,7.Sunday,COL,Barranquilla,07 LA CUADRA,32 BARRANQUILLA,Rappi,31.0,1725400.0,431.35
46086.0,7.Sunday,COL,Barranquilla,110 MR BEAST BURGER,32 BARRANQUILLA,DiDi,19.0,838600.0,209.65
46086.0,7.Sunday,COL,Barranquilla,110 MR BEAST BURGER,32 BARRANQUILLA,Rappi,11.0,554200.0,138.55
46086.0,7.Sunday,COL,Barranquilla,113 QUE CHICKEN,32 BARRANQUILLA,Rappi,1.0,43900.0,10.98
46086.0,7.Sunday,COL,Barranquilla,117 LA PANQUEQUERIA,32 BARRANQUILLA,Rappi,3.0,76900.0,19.23
46086.0,7.Sunday,COL,Barranquilla,205 FROST,32 BARRANQUILLA,Rappi,1.0,25800.0,6.45
46086.0,7.Sunday,COL,Barranquilla,26 ALMUERZO DE LA CA,32 BARRANQUILLA,DiDi,9.0,352600.0,88.15
46086.0,7.Sunday,COL,Barranquilla,26 ALMUERZO DE LA CA,32 BARRANQUILLA,Rappi,3.0,112000.0,28.0
46086.0,7.Sunday,COL,Barranquilla,27 DESAYUNO MI TIERR,32 BARRANQUILLA,Rappi,1.0,32400.0,8.1
46086.0,7.Sunday,COL,Barranquilla,29 SEÑOR BURRITO,32 BARRANQUILLA,DiDi,2.0,68600.0,17.15
46086.0,7.Sunday,COL,Barranquilla,29 SEÑOR BURRITO,32 BARRANQUILLA,Rappi,2.0,93200.0,23.3
46086.0,7.Sunday,COL,Barranquilla,33 LA CUADRA DESAYUN,32 BARRANQUILLA,Rappi,1.0,15800.0,3.95
46086.0,7.Sunday,COL,Barranquilla,35 BRUNCH CLUB,32 BARRANQUILLA,DiDi,1.0,26800.0,6.7
46086.0,7.Sunday,COL,Barranquilla,352 BURRITOS & CO TU,32 BARRANQUILLA,Rappi,3.0,68700.0,17.18
46086.0,7.Sunday,COL,Barranquilla,353 LA CUADRA TURBO,32 BARRANQUILLA,Rappi,3.0,182800.0,45.7
46086.0,7.Sunday,COL,Barranquilla,359 GREEN HOUSE,32 BARRANQUILLA,DiDi,20.0,690700.0,172.68
46086.0,7.Sunday,COL,Barranquilla,359 GREEN HOUSE,32 BARRANQUILLA,Rappi,47.0,1804900.0,451.23
46086.0,7.Sunday,COL,Barranquilla,362 ÑAMGUCHERIA,32 BARRANQUILLA,DiDi,3.0,175900.0,43.98
46086.0,7.Sunday,COL,Barranquilla,362 ÑAMGUCHERIA,32 BARRANQUILLA,Rappi,7.0,491000.0,122.75
46086.0,7.Sunday,COL,Barranquilla,366 HOUSE OF SALADS,32 BARRANQUILLA,Rappi,6.0,221500.0,55.38
46086.0,7.Sunday,COL,Barranquilla,369 ÑAMGUCHERIA TURB,32 BARRANQUILLA,Rappi,1.0,125500.0,31.38
46086.0,7.Sunday,COL,Barranquilla,380 BREAKFAST CLUB,32 BARRANQUILLA,Rappi,16.0,941600.0,235.4
46086.0,7.Sunday,COL,Barranquilla,381 DESAYU LA ABUELA,32 BARRANQUILLA,DiDi,13.0,714900.0,178.73
46086.0,7.Sunday,COL,Barranquilla,381 DESAYU LA ABUELA,32 BARRANQUILLA,Rappi,42.0,3104000.0,776.0
46086.0,7.Sunday,COL,Barranquilla,386 LA CASA MEXICANA,32 BARRANQUILLA,DiDi,2.0,83700.0,20.93
46086.0,7.Sunday,COL,Barranquilla,386 LA CASA MEXICANA,32 BARRANQUILLA,Rappi,1.0,72600.0,18.15
46086.0,7.Sunday,COL,Barranquilla,387 THE EGG SPOT,32 BARRANQUILLA,Rappi,1.0,28800.0,7.2
46086.0,7.Sunday,COL,Barranquilla,392 HONEST FOOD,32 BARRANQUILLA,Rappi,5.0,295900.0,73.98
46086.0,7.Sunday,COL,Barranquilla,392 MONTEVERDE TURB,32 BARRANQUILLA,Rappi,1.0,15000.0,3.75
46086.0,7.Sunday,COL,Barranquilla,393 EL EJECUTIVO,32 BARRANQUILLA,DiDi,2.0,51800.0,12.95
46086.0,7.Sunday,COL,Barranquilla,393 EL EJECUTIVO,32 BARRANQUILLA,Rappi,2.0,82300.0,20.58
46086.0,7.Sunday,COL,Barranquilla,394 COCINA CONSCIENT,32 BARRANQUILLA,Rappi,2.0,120700.0,30.18
46086.0,7.Sunday,COL,Barranquilla,413 HOUSE SALAD TURB,32 BARRANQUILLA,Rappi,4.0,152600.0,38.15
46086.0,7.Sunday,COL,Barranquilla,419 CASA ARABE,32 BARRANQUILLA,Rappi,2.0,106300.0,26.58
46086.0,7.Sunday,COL,Barranquilla,420 DESGRANADOS & CO,32 BARRANQUILLA,Rappi,2.0,127500.0,31.88
46086.0,7.Sunday,COL,Barranquilla,421 ACPM CORRI TURBO,32 BARRANQUILLA,Rappi,1.0,23900.0,5.98
46086.0,7.Sunday,COL,Barranquilla,431 DESGRA & CO TURB,32 BARRANQUILLA,Rappi,1.0,33900.0,8.48
46086.0,7.Sunday,COL,Barranquilla,44 SELVATIKO,32 BARRANQUILLA,DiDi,1.0,31500.0,7.88
46086.0,7.Sunday,COL,Barranquilla,448 DESAY COLOMBIANO,32 BARRANQUILLA,Rappi,2.0,79500.0,19.88
46086.0,7.Sunday,COL,Barranquilla,58 ALBA VEGETARIAN,32 BARRANQUILLA,DiDi,2.0,54400.0,13.6
46086.0,7.Sunday,COL,Barranquilla,58 ALBA VEGETARIAN,32 BARRANQUILLA,Rappi,3.0,78400.0,19.6
46086.0,7.Sunday,COL,Barranquilla,66 MAÑANERO DIARIO,32 BARRANQUILLA,Rappi,1.0,79200.0,19.8
46086.0,7.Sunday,COL,Barranquilla,70 BURRITO CANTINA,32 BARRANQUILLA,Rappi,1.0,17500.0,4.38
46086.0,7.Sunday,COL,Barranquilla,82 CINNABON,32 BARRANQUILLA,DiDi,1.0,16500.0,4.13
46086.0,7.Sunday,COL,Barranquilla,82 CINNABON,32 BARRANQUILLA,Rappi,11.0,304300.0,76.08
46086.0,7.Sunday,COL,Barranquilla,83 SANDUCHES EL JEFE,32 BARRANQUILLA,DiDi,1.0,51400.0,12.85
46086.0,7.Sunday,COL,Barranquilla,83 SANDUCHES EL JEFE,32 BARRANQUILLA,Rappi,2.0,86700.0,21.68
46086.0,7.Sunday,COL,Barranquilla,87 VICIO TURBO,32 BARRANQUILLA,Rappi,1.0,30900.0,7.73
46086.0,7.Sunday,COL,Barranquilla,88 CINNABON TURBO,32 BARRANQUILLA,Rappi,4.0,92200.0,23.05
46086.0,7.Sunday,COL,Barranquilla,93 SAN JERONIMO TURB,32 BARRANQUILLA,Rappi,3.0,115000.0,28.75
46086.0,7.Sunday,COL,Bogotá,01 AVOCALIA,01 USAQUEN,Rappi,10.0,481300.0,120.33
46086.0,7.Sunday,COL,Bogotá,01 AVOCALIA,02 PARQUE 93,Rappi,15.0,898400.0,224.6
46086.0,7.Sunday,COL,Bogotá,01 AVOCALIA,03 CHAPINERO,DiDi,2.0,92000.0,23.0
46086.0,7.Sunday,COL,Bogotá,01 AVOCALIA,03 CHAPINERO,Rappi,23.0,1201600.0,300.4
46086.0,7.Sunday,COL,Bogotá,01 AVOCALIA,06 COLINA,Rappi,10.0,600300.0,150.08
46086.0,7.Sunday,COL,Bogotá,01 AVOCALIA,08 ANDES,DiDi,1.0,37500.0,9.38
46086.0,7.Sunday,COL,Bogotá,01 AVOCALIA,08 ANDES,Rappi,9.0,507900.0,126.98
46086.0,7.Sunday,COL,Bogotá,01 AVOCALIA,13 CHIA,Rappi,6.0,359600.0,89.9
46086.0,7.Sunday,COL,Bogotá,01 AVOCALIA,15 ENGATIVA,Rappi,1.0,28900.0,7.23
46086.0,7.Sunday,COL,Bogotá,01 AVOCALIA,36 VILLA DEL PRADO,DiDi,1.0,37500.0,9.38
46086.0,7.Sunday,COL,Bogotá,01 AVOCALIA,36 VILLA DEL PRADO,Rappi,9.0,387600.0,96.9
46086.0,7.Sunday,COL,Bogotá,01 AVOCALIA,38 KENNEDY,Rappi,1.0,77700.0,19.43
46086.0,7.Sunday,COL,Bogotá,01 AVOCALIA,45 VERAGUAS,DiDi,1.0,50900.0,12.73
46086.0,7.Sunday,COL,Bogotá,01 AVOCALIA,45 VERAGUAS,Rappi,4.0,172800.0,43.2
46086.0,7.Sunday,COL,Bogotá,01 AVOCALIA,50 CHICO,FoodologyPOS,30.0,1301000.0,325.25
46086.0,7.Sunday,COL,Bogotá,01 AVOCALIA,50 CHICO,Rappi,5.0,446500.0,111.63
46086.0,7.Sunday,COL,Bogotá,01 AVOCALIA,65 CALLE 109,DiDi,1.0,65700.0,16.43
46086.0,7.Sunday,COL,Bogotá,01 AVOCALIA,65 CALLE 109,FoodologyPOS,20.0,1575702.0,393.93
46086.0,7.Sunday,COL,Bogotá,01 AVOCALIA,65 CALLE 109,Rappi,16.0,830200.0,207.55
46086.0,7.Sunday,COL,Bogotá,01 AVOCALIA,69 ARRECIFE,Rappi,7.0,367100.0,91.78
46086.0,7.Sunday,COL,Bogotá,02 BOTTANIKO,01 USAQUEN,Rappi,1.0,46500.0,11.63
46086.0,7.Sunday,COL,Bogotá,02 BOTTANIKO,15 ENGATIVA,Rappi,1.0,31900.0,7.98
46086.0,7.Sunday,COL,Bogotá,02 BOTTANIKO,38 KENNEDY,Rappi,1.0,69900.0,17.48
46086.0,7.Sunday,COL,Bogotá,02 BOTTANIKO,69 ARRECIFE,Rappi,1.0,37600.0,9.4
46086.0,7.Sunday,COL,Bogotá,03 BRUNCH & MUNCH,01 USAQUEN,Rappi,16.0,1026800.0,256.7
46086.0,7.Sunday,COL,Bogotá,03 BRUNCH & MUNCH,02 PARQUE 93,DiDi,3.0,103600.0,25.9
46086.0,7.Sunday,COL,Bogotá,03 BRUNCH & MUNCH,02 PARQUE 93,Rappi,24.0,1454500.0,363.63
46086.0,7.Sunday,COL,Bogotá,03 BRUNCH & MUNCH,03 CHAPINERO,DiDi,3.0,172600.0,43.15
46086.0,7.Sunday,COL,Bogotá,03 BRUNCH & MUNCH,03 CHAPINERO,Rappi,12.0,539900.0,134.98
46086.0,7.Sunday,COL,Bogotá,03 BRUNCH & MUNCH,06 COLINA,DiDi,1.0,32600.0,8.15
46086.0,7.Sunday,COL,Bogotá,03 BRUNCH & MUNCH,06 COLINA,Rappi,13.0,907900.0,226.98
46086.0,7.Sunday,COL,Bogotá,03 BRUNCH & MUNCH,07 SALITRE,Rappi,0.0,0.0,0.0
46086.0,7.Sunday,COL,Bogotá,03 BRUNCH & MUNCH,08 ANDES,Rappi,7.0,622700.0,155.68
46086.0,7.Sunday,COL,Bogotá,03 BRUNCH & MUNCH,13 CHIA,Rappi,4.0,340300.0,85.08
46086.0,7.Sunday,COL,Bogotá,03 BRUNCH & MUNCH,15 ENGATIVA,DiDi,1.0,89200.0,22.3
46086.0,7.Sunday,COL,Bogotá,03 BRUNCH & MUNCH,15 ENGATIVA,Rappi,11.0,884400.0,221.1
46086.0,7.Sunday,COL,Bogotá,03 BRUNCH & MUNCH,16 SUBA,Rappi,0.0,0.0,0.0
46086.0,7.Sunday,COL,Bogotá,03 BRUNCH & MUNCH,35 FONTIBON,Rappi,0.0,0.0,0.0
46086.0,7.Sunday,COL,Bogotá,03 BRUNCH & MUNCH,36 VILLA DEL PRADO,DiDi,3.0,174700.0,43.68
46086.0,7.Sunday,COL,Bogotá,03 BRUNCH & MUNCH,36 VILLA DEL PRADO,Rappi,15.0,1037900.0,259.48
46086.0,7.Sunday,COL,Bogotá,03 BRUNCH & MUNCH,38 KENNEDY,DiDi,1.0,56600.0,14.15
46086.0,7.Sunday,COL,Bogotá,03 BRUNCH & MUNCH,38 KENNEDY,Rappi,7.0,589100.0,147.28
46086.0,7.Sunday,COL,Bogotá,03 BRUNCH & MUNCH,45 VERAGUAS,DiDi,1.0,33800.0,8.45
46086.0,7.Sunday,COL,Bogotá,03 BRUNCH & MUNCH,45 VERAGUAS,Rappi,8.0,442200.0,110.55
46086.0,7.Sunday,COL,Bogotá,03 BRUNCH & MUNCH,50 CHICO,DiDi,1.0,60400.0,15.1
46086.0,7.Sunday,COL,Bogotá,03 BRUNCH & MUNCH,50 CHICO,Rappi,8.0,505900.0,126.48
46086.0,7.Sunday,COL,Bogotá,03 BRUNCH & MUNCH,65 CALLE 109,DiDi,2.0,128900.0,32.23
46086.0,7.Sunday,COL,Bogotá,03 BRUNCH & MUNCH,65 CALLE 109,Rappi,27.0,1905100.0,476.28
46086.0,7.Sunday,COL,Bogotá,03 BRUNCH & MUNCH,69 ARRECIFE,Rappi,4.0,194700.0,48.68
46086.0,7.Sunday,COL,Bogotá,04 BURRITOS & CO,01 USAQUEN,DiDi,2.0,98100.0,24.53
46086.0,7.Sunday,COL,Bogotá,04 BURRITOS & CO,01 USAQUEN,Rappi,19.0,776200.0,194.05
46086.0,7.Sunday,COL,Bogotá,04 BURRITOS & CO,02 PARQUE 93,DiDi,1.0,27800.0,6.95
46086.0,7.Sunday,COL,Bogotá,04 BURRITOS & CO,02 PARQUE 93,Rappi,13.0,746500.0,186.63
46086.0,7.Sunday,COL,Bogotá,04 BURRITOS & CO,03 CHAPINERO,DiDi,4.0,207400.0,51.85
46086.0,7.Sunday,COL,Bogotá,04 BURRITOS & CO,03 CHAPINERO,Rappi,18.0,967800.0,241.95
46086.0,7.Sunday,COL,Bogotá,04 BURRITOS & CO,06 COLINA,DiDi,1.0,17900.0,4.48
46086.0,7.Sunday,COL,Bogotá,04 BURRITOS & CO,06 COLINA,Rappi,10.0,610500.0,152.63
46086.0,7.Sunday,COL,Bogotá,04 BURRITOS & CO,08 ANDES,DiDi,5.0,458300.0,114.58
46086.0,7.Sunday,COL,Bogotá,04 BURRITOS & CO,08 ANDES,Rappi,20.0,1124300.0,281.08
46086.0,7.Sunday,COL,Bogotá,04 BURRITOS & CO,13 CHIA,DiDi,4.0,349000.0,87.25
46086.0,7.Sunday,COL,Bogotá,04 BURRITOS & CO,13 CHIA,Rappi,9.0,490000.0,122.5
46086.0,7.Sunday,COL,Bogotá,04 BURRITOS & CO,15 ENGATIVA,DiDi,12.0,893400.0,223.35
46086.0,7.Sunday,COL,Bogotá,04 BURRITOS & CO,15 ENGATIVA,Rappi,6.0,308600.0,77.15
46086.0,7.Sunday,COL,Bogotá,04 BURRITOS & CO,36 VILLA DEL PRADO,DiDi,5.0,326500.0,81.63
46086.0,7.Sunday,COL,Bogotá,04 BURRITOS & CO,36 VILLA DEL PRADO,FoodologyPOS,1.0,68700.0,17.18
46086.0,7.Sunday,COL,Bogotá,04 BURRITOS & CO,36 VILLA DEL PRADO,Rappi,6.0,538200.0,134.55
46086.0,7.Sunday,COL,Bogotá,04 BURRITOS & CO,38 KENNEDY,DiDi,9.0,764200.0,191.05
46086.0,7.Sunday,COL,Bogotá,04 BURRITOS & CO,38 KENNEDY,Rappi,7.0,389500.0,97.38
46086.0,7.Sunday,COL,Bogotá,04 BURRITOS & CO,45 VERAGUAS,DiDi,6.0,324200.0,81.05
46086.0,7.Sunday,COL,Bogotá,04 BURRITOS & CO,45 VERAGUAS,Rappi,10.0,613000.0,153.25
46086.0,7.Sunday,COL,Bogotá,04 BURRITOS & CO,65 CALLE 109,Rappi,0.0,0.0,0.0
46086.0,7.Sunday,COL,Bogotá,04 BURRITOS & CO,69 ARRECIFE,Rappi,8.0,397600.0,99.4
46086.0,7.Sunday,COL,Bogotá,05 CACEROLA,03 CHAPINERO,DiDi,3.0,146400.0,36.6
46086.0,7.Sunday,COL,Bogotá,05 CACEROLA,15 ENGATIVA,DiDi,1.0,34500.0,8.63
46086.0,7.Sunday,COL,Bogotá,07 LA CUADRA,01 USAQUEN,DiDi,5.0,265800.0,66.45
46086.0,7.Sunday,COL,Bogotá,07 LA CUADRA,01 USAQUEN,Rappi,6.0,469300.0,117.33
46086.0,7.Sunday,COL,Bogotá,07 LA CUADRA,02 PARQUE 93,DiDi,1.0,75900.0,18.98
46086.0,7.Sunday,COL,Bogotá,07 LA CUADRA,02 PARQUE 93,Rappi,6.0,319500.0,79.88
46086.0,7.Sunday,COL,Bogotá,07 LA CUADRA,03 CHAPINERO,DiDi,3.0,138300.0,34.58
46086.0,7.Sunday,COL,Bogotá,07 LA CUADRA,03 CHAPINERO,Rappi,6.0,329200.0,82.3
46086.0,7.Sunday,COL,Bogotá,07 LA CUADRA,06 COLINA,DiDi,2.0,137600.0,34.4
46086.0,7.Sunday,COL,Bogotá,07 LA CUADRA,06 COLINA,Rappi,5.0,335000.0,83.75
46086.0,7.Sunday,COL,Bogotá,07 LA CUADRA,08 ANDES,DiDi,6.0,406600.0,101.65
46086.0,7.Sunday,COL,Bogotá,07 LA CUADRA,08 ANDES,Rappi,3.0,159100.0,39.78
46086.0,7.Sunday,COL,Bogotá,07 LA CUADRA,13 CHIA,DiDi,3.0,197200.0,49.3
46086.0,7.Sunday,COL,Bogotá,07 LA CUADRA,13 CHIA,Rappi,5.0,483300.0,120.83
46086.0,7.Sunday,COL,Bogotá,07 LA CUADRA,15 ENGATIVA,Rappi,3.0,198100.0,49.53
46086.0,7.Sunday,COL,Bogotá,07 LA CUADRA,36 VILLA DEL PRADO,Rappi,5.0,352100.0,88.03
46086.0,7.Sunday,COL,Bogotá,07 LA CUADRA,38 KENNEDY,Rappi,5.0,338100.0,84.53
46086.0,7.Sunday,COL,Bogotá,07 LA CUADRA,45 VERAGUAS,DiDi,4.0,236400.0,59.1
46086.0,7.Sunday,COL,Bogotá,07 LA CUADRA,45 VERAGUAS,Rappi,7.0,534200.0,133.55
46086.0,7.Sunday,COL,Bogotá,07 LA CUADRA,65 CALLE 109,DiDi,4.0,241600.0,60.4
46086.0,7.Sunday,COL,Bogotá,07 LA CUADRA,65 CALLE 109,Rappi,9.0,457400.0,114.35
46086.0,7.Sunday,COL,Bogotá,07 LA CUADRA,69 ARRECIFE,Rappi,1.0,150100.0,37.53
46086.0,7.Sunday,COL,Bogotá,110 MR BEAST BURGER,01 USAQUEN,DiDi,25.0,1245100.0,311.28
46086.0,7.Sunday,COL,Bogotá,110 MR BEAST BURGER,01 USAQUEN,Rappi,5.0,332600.0,83.15
46086.0,7.Sunday,COL,Bogotá,110 MR BEAST BURGER,02 PARQUE 93,DiDi,27.0,1385000.0,346.25
46086.0,7.Sunday,COL,Bogotá,110 MR BEAST BURGER,02 PARQUE 93,Rappi,8.0,407200.0,101.8
46086.0,7.Sunday,COL,Bogotá,110 MR BEAST BURGER,03 CHAPINERO,DiDi,36.0,1925100.0,481.28
46086.0,7.Sunday,COL,Bogotá,110 MR BEAST BURGER,03 CHAPINERO,Rappi,7.0,482100.0,120.53
46086.0,7.Sunday,COL,Bogotá,110 MR BEAST BURGER,06 COLINA,DiDi,27.0,1559100.0,389.78
46086.0,7.Sunday,COL,Bogotá,110 MR BEAST BURGER,06 COLINA,Rappi,4.0,196700.0,49.18
46086.0,7.Sunday,COL,Bogotá,110 MR BEAST BURGER,08 ANDES,DiDi,26.0,1296700.0,324.18
46086.0,7.Sunday,COL,Bogotá,110 MR BEAST BURGER,08 ANDES,Rappi,1.0,166600.0,41.65
46086.0,7.Sunday,COL,Bogotá,110 MR BEAST BURGER,13 CHIA,DiDi,20.0,1138500.0,284.63
46086.0,7.Sunday,COL,Bogotá,110 MR BEAST BURGER,13 CHIA,Rappi,4.0,346700.0,86.68
46086.0,7.Sunday,COL,Bogotá,110 MR BEAST BURGER,15 ENGATIVA,DiDi,44.0,2474600.0,618.65
46086.0,7.Sunday,COL,Bogotá,110 MR BEAST BURGER,15 ENGATIVA,Rappi,5.0,238600.0,59.65
46086.0,7.Sunday,COL,Bogotá,110 MR BEAST BURGER,36 VILLA DEL PRADO,DiDi,25.0,1341700.0,335.43
46086.0,7.Sunday,COL,Bogotá,110 MR BEAST BURGER,36 VILLA DEL PRADO,Rappi,7.0,422400.0,105.6
46086.0,7.Sunday,COL,Bogotá,110 MR BEAST BURGER,38 KENNEDY,DiDi,28.0,1731000.0,432.75
46086.0,7.Sunday,COL,Bogotá,110 MR BEAST BURGER,38 KENNEDY,Rappi,5.0,245500.0,61.38
46086.0,7.Sunday,COL,Bogotá,110 MR BEAST BURGER,45 VERAGUAS,DiDi,20.0,1127000.0,281.75
46086.0,7.Sunday,COL,Bogotá,110 MR BEAST BURGER,45 VERAGUAS,Rappi,2.0,106000.0,26.5
46086.0,7.Sunday,COL,Bogotá,110 MR BEAST BURGER,65 CALLE 109,DiDi,10.0,632500.0,158.13
46086.0,7.Sunday,COL,Bogotá,110 MR BEAST BURGER,65 CALLE 109,Rappi,12.0,900500.0,225.13
46086.0,7.Sunday,COL,Bogotá,110 MR BEAST BURGER,69 ARRECIFE,Rappi,4.0,171900.0,42.98
46086.0,7.Sunday,COL,Bogotá,1117 ALMZ LA CASA TU,06 COLINA,Rappi,1.0,68300.0,17.08
46086.0,7.Sunday,COL,Bogotá,113 QUE CHICKEN,01 USAQUEN,Rappi,6.0,296400.0,74.1
46086.0,7.Sunday,COL,Bogotá,113 QUE CHICKEN,02 PARQUE 93,Rappi,2.0,90700.0,22.68
46086.0,7.Sunday,COL,Bogotá,113 QUE CHICKEN,08 ANDES,Rappi,1.0,44400.0,11.1
46086.0,7.Sunday,COL,Bogotá,113 QUE CHICKEN,36 VILLA DEL PRADO,Rappi,1.0,87800.0,21.95
46086.0,7.Sunday,COL,Bogotá,113 QUE CHICKEN,38 KENNEDY,Rappi,1.0,15500.0,3.88
46086.0,7.Sunday,COL,Bogotá,114 MR BEAST TURBO,08 ANDES,Rappi,5.0,191600.0,47.9
46086.0,7.Sunday,COL,Bogotá,114 MR BEAST TURBO,38 KENNEDY,Rappi,9.0,405200.0,101.3
46086.0,7.Sunday,COL,Bogotá,116 AVOCALIA DESAYUN,50 CHICO,DiDi,1.0,34800.0,8.7
46086.0,7.Sunday,COL,Bogotá,116 AVOCALIA DESAYUN,65 CALLE 109,Rappi,3.0,215100.0,53.78
46086.0,7.Sunday,COL,Bogotá,117 LA PANQUEQUERIA,01 USAQUEN,Rappi,3.0,92100.0,23.03
46086.0,7.Sunday,COL,Bogotá,117 LA PANQUEQUERIA,02 PARQUE 93,Rappi,2.0,65300.0,16.33
46086.0,7.Sunday,COL,Bogotá,117 LA PANQUEQUERIA,03 CHAPINERO,Rappi,3.0,173900.0,43.48
46086.0,7.Sunday,COL,Bogotá,117 LA PANQUEQUERIA,06 COLINA,Rappi,1.0,20900.0,5.23
46086.0,7.Sunday,COL,Bogotá,117 LA PANQUEQUERIA,08 ANDES,Rappi,1.0,45400.0,11.35
46086.0,7.Sunday,COL,Bogotá,117 LA PANQUEQUERIA,36 VILLA DEL PRADO,Rappi,2.0,138300.0,34.58
46086.0,7.Sunday,COL,Bogotá,117 LA PANQUEQUERIA,38 KENNEDY,Rappi,1.0,43000.0,10.75
46086.0,7.Sunday,COL,Bogotá,117 LA PANQUEQUERIA,45 VERAGUAS,Rappi,1.0,25800.0,6.45
46086.0,7.Sunday,COL,Bogotá,117 LA PANQUEQUERIA,50 CHICO,Rappi,2.0,89600.0,22.4
46086.0,7.Sunday,COL,Bogotá,117 LA PANQUEQUERIA,65 CALLE 109,Rappi,2.0,220200.0,55.05
46086.0,7.Sunday,COL,Bogotá,117 LA PANQUEQUERIA,69 ARRECIFE,Rappi,1.0,34400.0,8.6
46086.0,7.Sunday,COL,Bogotá,205 FROST,01 USAQUEN,Rappi,1.0,25800.0,6.45
46086.0,7.Sunday,COL,Bogotá,205 FROST,02 PARQUE 93,Rappi,1.0,49500.0,12.38
46086.0,7.Sunday,COL,Bogotá,205 FROST,36 VILLA DEL PRADO,Rappi,1.0,61200.0,15.3
46086.0,7.Sunday,COL,Bogotá,205 FROST,38 KENNEDY,Rappi,2.0,67700.0,16.93
46086.0,7.Sunday,COL,Bogotá,26 ALMUERZO DE LA CA,01 USAQUEN,Rappi,1.0,45600.0,11.4
46086.0,7.Sunday,COL,Bogotá,26 ALMUERZO DE LA CA,02 PARQUE 93,DiDi,3.0,76000.0,19.0
46086.0,7.Sunday,COL,Bogotá,26 ALMUERZO DE LA CA,02 PARQUE 93,Rappi,1.0,153300.0,38.33
46086.0,7.Sunday,COL,Bogotá,26 ALMUERZO DE LA CA,03 CHAPINERO,DiDi,2.0,69700.0,17.43
46086.0,7.Sunday,COL,Bogotá,26 ALMUERZO DE LA CA,06 COLINA,DiDi,1.0,65700.0,16.43
46086.0,7.Sunday,COL,Bogotá,26 ALMUERZO DE LA CA,08 ANDES,DiDi,1.0,22800.0,5.7
46086.0,7.Sunday,COL,Bogotá,26 ALMUERZO DE LA CA,13 CHIA,DiDi,2.0,49600.0,12.4
46086.0,7.Sunday,COL,Bogotá,26 ALMUERZO DE LA CA,36 VILLA DEL PRADO,Rappi,1.0,71600.0,17.9
46086.0,7.Sunday,COL,Bogotá,26 ALMUERZO DE LA CA,38 KENNEDY,DiDi,1.0,21900.0,5.48
46086.0,7.Sunday,COL,Bogotá,26 ALMUERZO DE LA CA,38 KENNEDY,Rappi,1.0,22800.0,5.7
46086.0,7.Sunday,COL,Bogotá,26 ALMUERZO DE LA CA,45 VERAGUAS,DiDi,3.0,99100.0,24.78
46086.0,7.Sunday,COL,Bogotá,26 ALMUERZO DE LA CA,65 CALLE 109,DiDi,1.0,30700.0,7.68
46086.0,7.Sunday,COL,Bogotá,27 DESAYUNO MI TIERR,03 CHAPINERO,DiDi,1.0,27300.0,6.83
46086.0,7.Sunday,COL,Bogotá,27 DESAYUNO MI TIERR,15 ENGATIVA,DiDi,1.0,71000.0,17.75
46086.0,7.Sunday,COL,Bogotá,27 DESAYUNO MI TIERR,69 ARRECIFE,Rappi,1.0,47900.0,11.98
46086.0,7.Sunday,COL,Bogotá,29 SEÑOR BURRITO,01 USAQUEN,DiDi,2.0,53700.0,13.43
46086.0,7.Sunday,COL,Bogotá,29 SEÑOR BURRITO,03 CHAPINERO,DiDi,1.0,18900.0,4.73
46086.0,7.Sunday,COL,Bogotá,29 SEÑOR BURRITO,13 CHIA,Rappi,2.0,85400.0,21.35
46086.0,7.Sunday,COL,Bogotá,29 SEÑOR BURRITO,15 ENGATIVA,Rappi,1.0,33900.0,8.48
46086.0,7.Sunday,COL,Bogotá,29 SEÑOR BURRITO,36 VILLA DEL PRADO,DiDi,1.0,14900.0,3.73
46086.0,7.Sunday,COL,Bogotá,29 SEÑOR BURRITO,36 VILLA DEL PRADO,Rappi,2.0,138800.0,34.7
46086.0,7.Sunday,COL,Bogotá,29 SEÑOR BURRITO,45 VERAGUAS,DiDi,1.0,80800.0,20.2
46086.0,7.Sunday,COL,Bogotá,29 SEÑOR BURRITO,65 CALLE 109,Rappi,1.0,39800.0,9.95
46086.0,7.Sunday,COL,Bogotá,33 LA CUADRA DESAYUN,03 CHAPINERO,Rappi,2.0,50800.0,12.7
46086.0,7.Sunday,COL,Bogotá,33 LA CUADRA DESAYUN,69 ARRECIFE,Rappi,1.0,44300.0,11.08
46086.0,7.Sunday,COL,Bogotá,35 BRUNCH CLUB,01 USAQUEN,DiDi,3.0,122600.0,30.65
46086.0,7.Sunday,COL,Bogotá,35 BRUNCH CLUB,02 PARQUE 93,DiDi,2.0,65700.0,16.43
46086.0,7.Sunday,COL,Bogotá,35 BRUNCH CLUB,15 ENGATIVA,DiDi,3.0,164600.0,41.15
46086.0,7.Sunday,COL,Bogotá,35 BRUNCH CLUB,36 VILLA DEL PRADO,DiDi,2.0,133500.0,33.38
46086.0,7.Sunday,COL,Bogotá,35 BRUNCH CLUB,38 KENNEDY,DiDi,4.0,130600.0,32.65
46086.0,7.Sunday,COL,Bogotá,35 BRUNCH CLUB,45 VERAGUAS,DiDi,2.0,123000.0,30.75
46086.0,7.Sunday,COL,Bogotá,351 LA FOLIE,01 USAQUEN,Rappi,1.0,56500.0,14.13
46086.0,7.Sunday,COL,Bogotá,351 LA FOLIE,06 COLINA,Rappi,2.0,134500.0,33.63
46086.0,7.Sunday,COL,Bogotá,351 LA FOLIE,15 ENGATIVA,Rappi,2.0,80300.0,20.08
46086.0,7.Sunday,COL,Bogotá,351 LA FOLIE,36 VILLA DEL PRADO,Rappi,2.0,47600.0,11.9
46086.0,7.Sunday,COL,Bogotá,352 BURRITOS & CO TU,01 USAQUEN,Rappi,11.0,773300.0,193.33
46086.0,7.Sunday,COL,Bogotá,352 BURRITOS & CO TU,02 PARQUE 93,Rappi,1.0,92900.0,23.23
46086.0,7.Sunday,COL,Bogotá,352 BURRITOS & CO TU,03 CHAPINERO,Rappi,9.0,716400.0,179.1
46086.0,7.Sunday,COL,Bogotá,352 BURRITOS & CO TU,06 COLINA,Rappi,10.0,506200.0,126.55
46086.0,7.Sunday,COL,Bogotá,352 BURRITOS & CO TU,08 ANDES,Rappi,12.0,681500.0,170.38
46086.0,7.Sunday,COL,Bogotá,352 BURRITOS & CO TU,36 VILLA DEL PRADO,Rappi,10.0,841600.0,210.4
46086.0,7.Sunday,COL,Bogotá,352 BURRITOS & CO TU,38 KENNEDY,Rappi,8.0,605900.0,151.48
46086.0,7.Sunday,COL,Bogotá,352 BURRITOS & CO TU,65 CALLE 109,Rappi,1.0,42300.0,10.58
46086.0,7.Sunday,COL,Bogotá,353 LA CUADRA TURBO,01 USAQUEN,Rappi,13.0,684400.0,171.1
46086.0,7.Sunday,COL,Bogotá,353 LA CUADRA TURBO,02 PARQUE 93,Rappi,1.0,42800.0,10.7
46086.0,7.Sunday,COL,Bogotá,353 LA CUADRA TURBO,03 CHAPINERO,Rappi,12.0,808000.0,202.0
46086.0,7.Sunday,COL,Bogotá,353 LA CUADRA TURBO,08 ANDES,Rappi,17.0,995600.0,248.9
46086.0,7.Sunday,COL,Bogotá,353 LA CUADRA TURBO,36 VILLA DEL PRADO,Rappi,1.0,37900.0,9.48
46086.0,7.Sunday,COL,Bogotá,353 LA CUADRA TURBO,38 KENNEDY,Rappi,2.0,140800.0,35.2
46086.0,7.Sunday,COL,Bogotá,356 EL JEFE TURBO,01 USAQUEN,Rappi,1.0,53800.0,13.45
46086.0,7.Sunday,COL,Bogotá,359 GREEN HOUSE,01 USAQUEN,DiDi,5.0,195400.0,48.85
46086.0,7.Sunday,COL,Bogotá,359 GREEN HOUSE,01 USAQUEN,Rappi,6.0,224900.0,56.23
46086.0,7.Sunday,COL,Bogotá,359 GREEN HOUSE,02 PARQUE 93,DiDi,4.0,215100.0,53.78
46086.0,7.Sunday,COL,Bogotá,359 GREEN HOUSE,02 PARQUE 93,Rappi,8.0,436300.0,109.08
46086.0,7.Sunday,COL,Bogotá,359 GREEN HOUSE,03 CHAPINERO,DiDi,8.0,329400.0,82.35
46086.0,7.Sunday,COL,Bogotá,359 GREEN HOUSE,03 CHAPINERO,Rappi,23.0,1077900.0,269.48
46086.0,7.Sunday,COL,Bogotá,359 GREEN HOUSE,06 COLINA,DiDi,3.0,151000.0,37.75
46086.0,7.Sunday,COL,Bogotá,359 GREEN HOUSE,06 COLINA,Rappi,4.0,136000.0,34.0
46086.0,7.Sunday,COL,Bogotá,359 GREEN HOUSE,08 ANDES,DiDi,2.0,68900.0,17.23
46086.0,7.Sunday,COL,Bogotá,359 GREEN HOUSE,08 ANDES,Rappi,4.0,132500.0,33.13
46086.0,7.Sunday,COL,Bogotá,359 GREEN HOUSE,13 CHIA,DiDi,2.0,119800.0,29.95
46086.0,7.Sunday,COL,Bogotá,359 GREEN HOUSE,13 CHIA,Rappi,5.0,215000.0,53.75
46086.0,7.Sunday,COL,Bogotá,359 GREEN HOUSE,15 ENGATIVA,DiDi,4.0,165500.0,41.38
46086.0,7.Sunday,COL,Bogotá,359 GREEN HOUSE,15 ENGATIVA,Rappi,3.0,178600.0,44.65
46086.0,7.Sunday,COL,Bogotá,359 GREEN HOUSE,36 VILLA DEL PRADO,DiDi,3.0,96200.0,24.05
46086.0,7.Sunday,COL,Bogotá,359 GREEN HOUSE,36 VILLA DEL PRADO,Rappi,3.0,127100.0,31.78
46086.0,7.Sunday,COL,Bogotá,359 GREEN HOUSE,38 KENNEDY,DiDi,5.0,201200.0,50.3
46086.0,7.Sunday,COL,Bogotá,359 GREEN HOUSE,38 KENNEDY,Rappi,4.0,270600.0,67.65
46086.0,7.Sunday,COL,Bogotá,359 GREEN HOUSE,45 VERAGUAS,DiDi,4.0,161300.0,40.33
46086.0,7.Sunday,COL,Bogotá,359 GREEN HOUSE,45 VERAGUAS,Rappi,4.0,213400.0,53.35
46086.0,7.Sunday,COL,Bogotá,359 GREEN HOUSE,65 CALLE 109,DiDi,1.0,22500.0,5.63
46086.0,7.Sunday,COL,Bogotá,359 GREEN HOUSE,65 CALLE 109,Rappi,6.0,326500.0,81.63
46086.0,7.Sunday,COL,Bogotá,359 GREEN HOUSE,69 ARRECIFE,Rappi,4.0,187700.0,46.93
46086.0,7.Sunday,COL,Bogotá,361 CINNABON PASETUR,61 CHICO CINNABON,Rappi,5.0,102100.0,25.53
46086.0,7.Sunday,COL,Bogotá,362 ÑAMGUCHERIA,01 USAQUEN,DiDi,7.0,462200.0,115.55
46086.0,7.Sunday,COL,Bogotá,362 ÑAMGUCHERIA,01 USAQUEN,Rappi,12.0,618700.0,154.68
46086.0,7.Sunday,COL,Bogotá,362 ÑAMGUCHERIA,02 PARQUE 93,DiDi,3.0,206600.0,51.65
46086.0,7.Sunday,COL,Bogotá,362 ÑAMGUCHERIA,02 PARQUE 93,Rappi,15.0,1017500.0,254.38
46086.0,7.Sunday,COL,Bogotá,362 ÑAMGUCHERIA,03 CHAPINERO,DiDi,8.0,431200.0,107.8
46086.0,7.Sunday,COL,Bogotá,362 ÑAMGUCHERIA,03 CHAPINERO,Rappi,12.0,597000.0,149.25
46086.0,7.Sunday,COL,Bogotá,362 ÑAMGUCHERIA,06 COLINA,DiDi,3.0,119200.0,29.8
46086.0,7.Sunday,COL,Bogotá,362 ÑAMGUCHERIA,06 COLINA,Rappi,15.0,1048300.0,262.08
46086.0,7.Sunday,COL,Bogotá,362 ÑAMGUCHERIA,08 ANDES,DiDi,1.0,41500.0,10.38
46086.0,7.Sunday,COL,Bogotá,362 ÑAMGUCHERIA,08 ANDES,Rappi,16.0,710200.0,177.55
46086.0,7.Sunday,COL,Bogotá,362 ÑAMGUCHERIA,13 CHIA,Rappi,10.0,552700.0,138.18
46086.0,7.Sunday,COL,Bogotá,362 ÑAMGUCHERIA,15 ENGATIVA,DiDi,3.0,215800.0,53.95
46086.0,7.Sunday,COL,Bogotá,362 ÑAMGUCHERIA,15 ENGATIVA,Rappi,7.0,318000.0,79.5
46086.0,7.Sunday,COL,Bogotá,362 ÑAMGUCHERIA,36 VILLA DEL PRADO,DiDi,4.0,159500.0,39.88
46086.0,7.Sunday,COL,Bogotá,362 ÑAMGUCHERIA,36 VILLA DEL PRADO,Rappi,15.0,962500.0,240.63
46086.0,7.Sunday,COL,Bogotá,362 ÑAMGUCHERIA,38 KENNEDY,DiDi,5.0,258300.0,64.58
46086.0,7.Sunday,COL,Bogotá,362 ÑAMGUCHERIA,38 KENNEDY,Rappi,13.0,939600.0,234.9
46086.0,7.Sunday,COL,Bogotá,362 ÑAMGUCHERIA,45 VERAGUAS,DiDi,3.0,197800.0,49.45
46086.0,7.Sunday,COL,Bogotá,362 ÑAMGUCHERIA,45 VERAGUAS,Rappi,3.0,167000.0,41.75
46086.0,7.Sunday,COL,Bogotá,362 ÑAMGUCHERIA,50 CHICO,Rappi,0.0,0.0,0.0
46086.0,7.Sunday,COL,Bogotá,362 ÑAMGUCHERIA,65 CALLE 109,Rappi,23.0,1231500.0,307.88
46086.0,7.Sunday,COL,Bogotá,362 ÑAMGUCHERIA,69 ARRECIFE,Rappi,3.0,196900.0,49.23
46086.0,7.Sunday,COL,Bogotá,363 GREEN HOUSE TURB,01 USAQUEN,Rappi,9.0,445000.0,111.25
46086.0,7.Sunday,COL,Bogotá,363 GREEN HOUSE TURB,03 CHAPINERO,Rappi,1.0,29800.0,7.45
46086.0,7.Sunday,COL,Bogotá,363 GREEN HOUSE TURB,38 KENNEDY,Rappi,3.0,120700.0,30.18
46086.0,7.Sunday,COL,Bogotá,366 HOUSE OF SALADS,01 USAQUEN,Rappi,3.0,139200.0,34.8
46086.0,7.Sunday,COL,Bogotá,366 HOUSE OF SALADS,02 PARQUE 93,Rappi,2.0,80800.0,20.2
46086.0,7.Sunday,COL,Bogotá,366 HOUSE OF SALADS,03 CHAPINERO,Rappi,3.0,162500.0,40.63
46086.0,7.Sunday,COL,Bogotá,366 HOUSE OF SALADS,06 COLINA,Rappi,1.0,41900.0,10.48
46086.0,7.Sunday,COL,Bogotá,366 HOUSE OF SALADS,08 ANDES,Rappi,4.0,148700.0,37.18
46086.0,7.Sunday,COL,Bogotá,366 HOUSE OF SALADS,13 CHIA,DiDi,1.0,38900.0,9.73
46086.0,7.Sunday,COL,Bogotá,366 HOUSE OF SALADS,36 VILLA DEL PRADO,Rappi,4.0,266400.0,66.6
46086.0,7.Sunday,COL,Bogotá,366 HOUSE OF SALADS,38 KENNEDY,Rappi,2.0,109600.0,27.4
46086.0,7.Sunday,COL,Bogotá,366 HOUSE OF SALADS,45 VERAGUAS,Rappi,1.0,41900.0,10.48
46086.0,7.Sunday,COL,Bogotá,366 HOUSE OF SALADS,65 CALLE 109,Rappi,2.0,51800.0,12.95
46086.0,7.Sunday,COL,Bogotá,366 HOUSE OF SALADS,69 ARRECIFE,Rappi,1.0,27500.0,6.88
46086.0,7.Sunday,COL,Bogotá,369 ÑAMGUCHERIA TURB,01 USAQUEN,Rappi,10.0,440500.0,110.13
46086.0,7.Sunday,COL,Bogotá,369 ÑAMGUCHERIA TURB,08 ANDES,Rappi,3.0,95700.0,23.93
46086.0,7.Sunday,COL,Bogotá,369 ÑAMGUCHERIA TURB,38 KENNEDY,Rappi,1.0,170900.0,42.73
46086.0,7.Sunday,COL,Bogotá,370 MONTEVERDE,08 ANDES,DiDi,1.0,34400.0,8.6
46086.0,7.Sunday,COL,Bogotá,370 MONTEVERDE,15 ENGATIVA,DiDi,1.0,46800.0,11.7
46086.0,7.Sunday,COL,Bogotá,370 MONTEVERDE,15 ENGATIVA,Rappi,1.0,60300.0,15.08
46086.0,7.Sunday,COL,Bogotá,370 MONTEVERDE,45 VERAGUAS,Rappi,1.0,25900.0,6.48
46086.0,7.Sunday,COL,Bogotá,373 HOUSE OF BURGERS,03 CHAPINERO,Rappi,2.0,80700.0,20.18
46086.0,7.Sunday,COL,Bogotá,380 BREAKFAST CLUB,01 USAQUEN,DiDi,1.0,34500.0,8.63
46086.0,7.Sunday,COL,Bogotá,380 BREAKFAST CLUB,01 USAQUEN,Rappi,2.0,100300.0,25.08
46086.0,7.Sunday,COL,Bogotá,380 BREAKFAST CLUB,02 PARQUE 93,DiDi,1.0,20900.0,5.23
46086.0,7.Sunday,COL,Bogotá,380 BREAKFAST CLUB,02 PARQUE 93,Rappi,2.0,148900.0,37.23
46086.0,7.Sunday,COL,Bogotá,380 BREAKFAST CLUB,03 CHAPINERO,DiDi,3.0,117300.0,29.33
46086.0,7.Sunday,COL,Bogotá,380 BREAKFAST CLUB,03 CHAPINERO,Rappi,14.0,645100.0,161.28
46086.0,7.Sunday,COL,Bogotá,380 BREAKFAST CLUB,06 COLINA,Rappi,2.0,123100.0,30.78
46086.0,7.Sunday,COL,Bogotá,380 BREAKFAST CLUB,08 ANDES,Rappi,2.0,136500.0,34.13
46086.0,7.Sunday,COL,Bogotá,380 BREAKFAST CLUB,13 CHIA,DiDi,1.0,38300.0,9.58
46086.0,7.Sunday,COL,Bogotá,380 BREAKFAST CLUB,13 CHIA,Rappi,1.0,131600.0,32.9
46086.0,7.Sunday,COL,Bogotá,380 BREAKFAST CLUB,15 ENGATIVA,DiDi,2.0,64300.0,16.08
46086.0,7.Sunday,COL,Bogotá,380 BREAKFAST CLUB,15 ENGATIVA,Rappi,2.0,110700.0,27.68
46086.0,7.Sunday,COL,Bogotá,380 BREAKFAST CLUB,36 VILLA DEL PRADO,DiDi,2.0,146200.0,36.55
46086.0,7.Sunday,COL,Bogotá,380 BREAKFAST CLUB,36 VILLA DEL PRADO,Rappi,5.0,447600.0,111.9
46086.0,7.Sunday,COL,Bogotá,380 BREAKFAST CLUB,38 KENNEDY,DiDi,2.0,52600.0,13.15
46086.0,7.Sunday,COL,Bogotá,380 BREAKFAST CLUB,38 KENNEDY,Rappi,4.0,198600.0,49.65
46086.0,7.Sunday,COL,Bogotá,380 BREAKFAST CLUB,50 CHICO,Rappi,5.0,406600.0,101.65
46086.0,7.Sunday,COL,Bogotá,380 BREAKFAST CLUB,65 CALLE 109,Rappi,3.0,198200.0,49.55
46086.0,7.Sunday,COL,Bogotá,381 DESAYU LA ABUELA,01 USAQUEN,DiDi,2.0,65300.0,16.33
46086.0,7.Sunday,COL,Bogotá,381 DESAYU LA ABUELA,01 USAQUEN,Rappi,16.0,1033900.0,258.48
46086.0,7.Sunday,COL,Bogotá,381 DESAYU LA ABUELA,02 PARQUE 93,DiDi,3.0,196900.0,49.23
46086.0,7.Sunday,COL,Bogotá,381 DESAYU LA ABUELA,02 PARQUE 93,Rappi,10.0,661600.0,165.4
46086.0,7.Sunday,COL,Bogotá,381 DESAYU LA ABUELA,03 CHAPINERO,DiDi,6.0,338800.0,84.7
46086.0,7.Sunday,COL,Bogotá,381 DESAYU LA ABUELA,03 CHAPINERO,Rappi,29.0,1829300.0,457.33
46086.0,7.Sunday,COL,Bogotá,381 DESAYU LA ABUELA,06 COLINA,DiDi,1.0,122000.0,30.5
46086.0,7.Sunday,COL,Bogotá,381 DESAYU LA ABUELA,06 COLINA,Rappi,14.0,830200.0,207.55
46086.0,7.Sunday,COL,Bogotá,381 DESAYU LA ABUELA,08 ANDES,DiDi,2.0,124100.0,31.03
46086.0,7.Sunday,COL,Bogotá,381 DESAYU LA ABUELA,08 ANDES,Rappi,14.0,900800.0,225.2
46086.0,7.Sunday,COL,Bogotá,381 DESAYU LA ABUELA,13 CHIA,DiDi,1.0,22500.0,5.63
46086.0,7.Sunday,COL,Bogotá,381 DESAYU LA ABUELA,13 CHIA,Rappi,1.0,152400.0,38.1
46086.0,7.Sunday,COL,Bogotá,381 DESAYU LA ABUELA,15 ENGATIVA,Rappi,13.0,1239800.0,309.95
46086.0,7.Sunday,COL,Bogotá,381 DESAYU LA ABUELA,35 FONTIBON,Rappi,0.0,0.0,0.0
46086.0,7.Sunday,COL,Bogotá,381 DESAYU LA ABUELA,36 VILLA DEL PRADO,DiDi,3.0,111100.0,27.78
46086.0,7.Sunday,COL,Bogotá,381 DESAYU LA ABUELA,36 VILLA DEL PRADO,Rappi,17.0,1459200.0,364.8
46086.0,7.Sunday,COL,Bogotá,381 DESAYU LA ABUELA,38 KENNEDY,DiDi,2.0,130700.0,32.68
46086.0,7.Sunday,COL,Bogotá,381 DESAYU LA ABUELA,38 KENNEDY,Rappi,12.0,777900.0,194.48
46086.0,7.Sunday,COL,Bogotá,381 DESAYU LA ABUELA,45 VERAGUAS,DiDi,1.0,44800.0,11.2
46086.0,7.Sunday,COL,Bogotá,381 DESAYU LA ABUELA,45 VERAGUAS,Rappi,9.0,987700.0,246.93
46086.0,7.Sunday,COL,Bogotá,381 DESAYU LA ABUELA,50 CHICO,DiDi,4.0,190500.0,47.63
46086.0,7.Sunday,COL,Bogotá,381 DESAYU LA ABUELA,50 CHICO,Rappi,13.0,805100.0,201.28
46086.0,7.Sunday,COL,Bogotá,381 DESAYU LA ABUELA,65 CALLE 109,DiDi,2.0,129900.0,32.48
46086.0,7.Sunday,COL,Bogotá,381 DESAYU LA ABUELA,65 CALLE 109,Rappi,12.0,943500.0,235.88
46086.0,7.Sunday,COL,Bogotá,381 DESAYU LA ABUELA,69 ARRECIFE,Rappi,13.0,1091300.0,272.83
46086.0,7.Sunday,COL,Bogotá,382 ALBA VEGE TURBO,65 CALLE 109,Rappi,1.0,16900.0,4.23
46086.0,7.Sunday,COL,Bogotá,383 BOTTANIKO TURBO,06 COLINA,Rappi,4.0,186600.0,46.65
46086.0,7.Sunday,COL,Bogotá,383 BOTTANIKO TURBO,36 VILLA DEL PRADO,Rappi,1.0,94200.0,23.55
46086.0,7.Sunday,COL,Bogotá,385 MAÑANERO TURBO,03 CHAPINERO,Rappi,1.0,42700.0,10.68
46086.0,7.Sunday,COL,Bogotá,385 MAÑANERO TURBO,50 CHICO,Rappi,1.0,24500.0,6.13
46086.0,7.Sunday,COL,Bogotá,386 LA CASA MEXICANA,01 USAQUEN,DiDi,1.0,21900.0,5.48
46086.0,7.Sunday,COL,Bogotá,386 LA CASA MEXICANA,01 USAQUEN,Rappi,5.0,293600.0,73.4
46086.0,7.Sunday,COL,Bogotá,386 LA CASA MEXICANA,02 PARQUE 93,DiDi,4.0,99200.0,24.8
46086.0,7.Sunday,COL,Bogotá,386 LA CASA MEXICANA,02 PARQUE 93,Rappi,1.0,288300.0,72.08
46086.0,7.Sunday,COL,Bogotá,386 LA CASA MEXICANA,03 CHAPINERO,DiDi,6.0,283000.0,70.75
46086.0,7.Sunday,COL,Bogotá,386 LA CASA MEXICANA,03 CHAPINERO,Rappi,3.0,127600.0,31.9
46086.0,7.Sunday,COL,Bogotá,386 LA CASA MEXICANA,06 COLINA,Rappi,2.0,88600.0,22.15
46086.0,7.Sunday,COL,Bogotá,386 LA CASA MEXICANA,08 ANDES,DiDi,2.0,58700.0,14.68
46086.0,7.Sunday,COL,Bogotá,386 LA CASA MEXICANA,13 CHIA,DiDi,3.0,186400.0,46.6
46086.0,7.Sunday,COL,Bogotá,386 LA CASA MEXICANA,13 CHIA,Rappi,1.0,60800.0,15.2
46086.0,7.Sunday,COL,Bogotá,386 LA CASA MEXICANA,15 ENGATIVA,DiDi,4.0,213200.0,53.3
46086.0,7.Sunday,COL,Bogotá,386 LA CASA MEXICANA,15 ENGATIVA,Rappi,1.0,50700.0,12.68
46086.0,7.Sunday,COL,Bogotá,386 LA CASA MEXICANA,36 VILLA DEL PRADO,DiDi,1.0,25900.0,6.48
46086.0,7.Sunday,COL,Bogotá,386 LA CASA MEXICANA,36 VILLA DEL PRADO,Rappi,1.0,39800.0,9.95
46086.0,7.Sunday,COL,Bogotá,386 LA CASA MEXICANA,38 KENNEDY,Rappi,2.0,285400.0,71.35
46086.0,7.Sunday,COL,Bogotá,386 LA CASA MEXICANA,45 VERAGUAS,DiDi,5.0,197800.0,49.45
46086.0,7.Sunday,COL,Bogotá,386 LA CASA MEXICANA,45 VERAGUAS,Rappi,1.0,70700.0,17.68
46086.0,7.Sunday,COL,Bogotá,386 LA CASA MEXICANA,65 CALLE 109,Rappi,1.0,80400.0,20.1
46086.0,7.Sunday,COL,Bogotá,386 LA CASA MEXICANA,69 ARRECIFE,Rappi,3.0,127600.0,31.9
46086.0,7.Sunday,COL,Bogotá,387 THE EGG SPOT,01 USAQUEN,Rappi,1.0,48700.0,12.18
46086.0,7.Sunday,COL,Bogotá,387 THE EGG SPOT,02 PARQUE 93,DiDi,1.0,82700.0,20.68
46086.0,7.Sunday,COL,Bogotá,387 THE EGG SPOT,06 COLINA,Rappi,1.0,82300.0,20.58
46086.0,7.Sunday,COL,Bogotá,387 THE EGG SPOT,08 ANDES,Rappi,1.0,106000.0,26.5
46086.0,7.Sunday,COL,Bogotá,387 THE EGG SPOT,45 VERAGUAS,Rappi,2.0,75700.0,18.93
46086.0,7.Sunday,COL,Bogotá,388 FOODHUB,08 ANDES,DiDi,1.0,34900.0,8.73
46086.0,7.Sunday,COL,Bogotá,388 FOODHUB,08 ANDES,Rappi,1.0,75900.0,18.98
46086.0,7.Sunday,COL,Bogotá,388 FOODHUB,15 ENGATIVA,Rappi,1.0,83200.0,20.8
46086.0,7.Sunday,COL,Bogotá,388 FOODHUB,69 ARRECIFE,FoodologyPOS,2.0,47800.0,11.95
46086.0,7.Sunday,COL,Bogotá,392 HONEST FOOD,01 USAQUEN,Rappi,1.0,68000.0,17.0
46086.0,7.Sunday,COL,Bogotá,392 HONEST FOOD,02 PARQUE 93,Rappi,2.0,118700.0,29.68
46086.0,7.Sunday,COL,Bogotá,392 HONEST FOOD,03 CHAPINERO,Rappi,2.0,82400.0,20.6
46086.0,7.Sunday,COL,Bogotá,392 HONEST FOOD,13 CHIA,Rappi,1.0,36500.0,9.13
46086.0,7.Sunday,COL,Bogotá,392 HONEST FOOD,15 ENGATIVA,Rappi,2.0,156900.0,39.23
46086.0,7.Sunday,COL,Bogotá,392 HONEST FOOD,36 VILLA DEL PRADO,Rappi,2.0,62000.0,15.5
46086.0,7.Sunday,COL,Bogotá,392 HONEST FOOD,45 VERAGUAS,Rappi,1.0,35500.0,8.88
46086.0,7.Sunday,COL,Bogotá,392 HONEST FOOD,65 CALLE 109,Rappi,4.0,315800.0,78.95
46086.0,7.Sunday,COL,Bogotá,392 HONEST FOOD,69 ARRECIFE,Rappi,1.0,42900.0,10.73
46086.0,7.Sunday,COL,Bogotá,392 MONTEVERDE TURB,01 USAQUEN,Rappi,6.0,288400.0,72.1
46086.0,7.Sunday,COL,Bogotá,392 MONTEVERDE TURB,03 CHAPINERO,Rappi,15.0,597600.0,149.4
46086.0,7.Sunday,COL,Bogotá,392 MONTEVERDE TURB,08 ANDES,Rappi,5.0,186100.0,46.53
46086.0,7.Sunday,COL,Bogotá,392 MONTEVERDE TURB,36 VILLA DEL PRADO,Rappi,2.0,95800.0,23.95
46086.0,7.Sunday,COL,Bogotá,393 EL EJECUTIVO,02 PARQUE 93,DiDi,1.0,91700.0,22.93
46086.0,7.Sunday,COL,Bogotá,393 EL EJECUTIVO,03 CHAPINERO,Rappi,1.0,76700.0,19.18
46086.0,7.Sunday,COL,Bogotá,393 EL EJECUTIVO,13 CHIA,DiDi,1.0,30400.0,7.6
46086.0,7.Sunday,COL,Bogotá,393 EL EJECUTIVO,36 VILLA DEL PRADO,DiDi,1.0,62800.0,15.7
46086.0,7.Sunday,COL,Bogotá,393 EL EJECUTIVO,45 VERAGUAS,DiDi,1.0,19900.0,4.98
46086.0,7.Sunday,COL,Bogotá,393 EL EJECUTIVO,45 VERAGUAS,Rappi,1.0,39900.0,9.98
46086.0,7.Sunday,COL,Bogotá,393 HOUSEBURGER TURB,36 VILLA DEL PRADO,Rappi,1.0,26900.0,6.73
46086.0,7.Sunday,COL,Bogotá,394 COCINA CONSCIENT,03 CHAPINERO,Rappi,1.0,9900.0,2.48
46086.0,7.Sunday,COL,Bogotá,394 COCINA CONSCIENT,06 COLINA,Rappi,0.0,0.0,0.0
46086.0,7.Sunday,COL,Bogotá,394 COCINA CONSCIENT,13 CHIA,Rappi,1.0,33500.0,8.38
46086.0,7.Sunday,COL,Bogotá,394 COCINA CONSCIENT,15 ENGATIVA,DiDi,1.0,24900.0,6.23
46086.0,7.Sunday,COL,Bogotá,394 COCINA CONSCIENT,15 ENGATIVA,Rappi,0.0,0.0,0.0
46086.0,7.Sunday,COL,Bogotá,394 COCINA CONSCIENT,45 VERAGUAS,Rappi,0.0,0.0,0.0
46086.0,7.Sunday,COL,Bogotá,394 COCINA CONSCIENT,65 CALLE 109,Rappi,1.0,39900.0,9.98
46086.0,7.Sunday,COL,Bogotá,396 NUMA MEDITERRAN,02 PARQUE 93,DiDi,1.0,73300.0,18.33
46086.0,7.Sunday,COL,Bogotá,396 NUMA MEDITERRAN,03 CHAPINERO,DiDi,3.0,64700.0,16.18
46086.0,7.Sunday,COL,Bogotá,396 NUMA MEDITERRAN,15 ENGATIVA,Rappi,1.0,71900.0,17.98
46086.0,7.Sunday,COL,Bogotá,397 CACEROLA - TURBO,08 ANDES,Rappi,1.0,93300.0,23.33
46086.0,7.Sunday,COL,Bogotá,397 CACEROLA - TURBO,36 VILLA DEL PRADO,Rappi,1.0,79000.0,19.75
46086.0,7.Sunday,COL,Bogotá,401 DESA ABUELA TURBO,08 ANDES,Rappi,1.0,142300.0,35.58
46086.0,7.Sunday,COL,Bogotá,401 DESA ABUELA TURBO,50 CHICO,Rappi,1.0,17900.0,4.48
46086.0,7.Sunday,COL,Bogotá,403 HONEST FOOD TURBO,01 USAQUEN,Rappi,3.0,141400.0,35.35
46086.0,7.Sunday,COL,Bogotá,403 HONEST FOOD TURBO,02 PARQUE 93,Rappi,2.0,71000.0,17.75
46086.0,7.Sunday,COL,Bogotá,403 HONEST FOOD TURBO,08 ANDES,Rappi,1.0,39400.0,9.85
46086.0,7.Sunday,COL,Bogotá,403 HONEST FOOD TURBO,65 CALLE 109,Rappi,1.0,35500.0,8.88
46086.0,7.Sunday,COL,Bogotá,405 BREAKFACLUB TURBO,01 USAQUEN,Rappi,5.0,269200.0,67.3
46086.0,7.Sunday,COL,Bogotá,405 BREAKFACLUB TURBO,03 CHAPINERO,Rappi,1.0,73700.0,18.43
46086.0,7.Sunday,COL,Bogotá,405 BREAKFACLUB TURBO,08 ANDES,Rappi,1.0,20900.0,5.23
46086.0,7.Sunday,COL,Bogotá,405 BREAKFACLUB TURBO,36 VILLA DEL PRADO,Rappi,2.0,194600.0,48.65
46086.0,7.Sunday,COL,Bogotá,409 THE EGG SPOT TU,01 USAQUEN,Rappi,1.0,17500.0,4.38
46086.0,7.Sunday,COL,Bogotá,410 NUMA COC MED TU,08 ANDES,Rappi,3.0,139000.0,34.75
46086.0,7.Sunday,COL,Bogotá,413 HOUSE SALAD TURB,02 PARQUE 93,Rappi,1.0,23900.0,5.98
46086.0,7.Sunday,COL,Bogotá,413 HOUSE SALAD TURB,03 CHAPINERO,Rappi,2.0,73700.0,18.43
46086.0,7.Sunday,COL,Bogotá,413 HOUSE SALAD TURB,06 COLINA,Rappi,1.0,46900.0,11.73
46086.0,7.Sunday,COL,Bogotá,413 HOUSE SALAD TURB,08 ANDES,Rappi,3.0,105700.0,26.43
46086.0,7.Sunday,COL,Bogotá,413 HOUSE SALAD TURB,36 VILLA DEL PRADO,Rappi,7.0,361000.0,90.25
46086.0,7.Sunday,COL,Bogotá,419 CASA ARABE,06 COLINA,Rappi,1.0,26900.0,6.73
46086.0,7.Sunday,COL,Bogotá,419 CASA ARABE,08 ANDES,Rappi,1.0,33900.0,8.48
46086.0,7.Sunday,COL,Bogotá,419 CASA ARABE,13 CHIA,Rappi,1.0,140200.0,35.05
46086.0,7.Sunday,COL,Bogotá,419 CASA ARABE,15 ENGATIVA,Rappi,1.0,37800.0,9.45
46086.0,7.Sunday,COL,Bogotá,420 DESGRANADOS & CO,03 CHAPINERO,Rappi,1.0,97500.0,24.38
46086.0,7.Sunday,COL,Bogotá,420 DESGRANADOS & CO,08 ANDES,Rappi,1.0,45900.0,11.48
46086.0,7.Sunday,COL,Bogotá,420 DESGRANADOS & CO,13 CHIA,Rappi,1.0,86300.0,21.58
46086.0,7.Sunday,COL,Bogotá,421 ACPM CORRI TURBO,03 CHAPINERO,Rappi,1.0,47800.0,11.95
46086.0,7.Sunday,COL,Bogotá,422 BURRIT CANT TURB,08 ANDES,Rappi,1.0,35300.0,8.83
46086.0,7.Sunday,COL,Bogotá,422 BURRIT CANT TURB,36 VILLA DEL PRADO,Rappi,1.0,43700.0,10.93
46086.0,7.Sunday,COL,Bogotá,424 DORITO LOCO TURB,01 USAQUEN,Rappi,1.0,35900.0,8.98
46086.0,7.Sunday,COL,Bogotá,424 DORITO LOCO TURB,03 CHAPINERO,Rappi,2.0,74800.0,18.7
46086.0,7.Sunday,COL,Bogotá,424 DORITO LOCO TURB,08 ANDES,Rappi,2.0,57800.0,14.45
46086.0,7.Sunday,COL,Bogotá,424 DORITO LOCO TURB,38 KENNEDY,Rappi,1.0,101700.0,25.43
46086.0,7.Sunday,COL,Bogotá,425 LA CASA MEXITURB,01 USAQUEN,Rappi,7.0,418000.0,104.5
46086.0,7.Sunday,COL,Bogotá,425 LA CASA MEXITURB,08 ANDES,Rappi,1.0,43800.0,10.95
46086.0,7.Sunday,COL,Bogotá,425 LA CASA MEXITURB,36 VILLA DEL PRADO,Rappi,4.0,141600.0,35.4
46086.0,7.Sunday,COL,Bogotá,425 LA CASA MEXITURB,38 KENNEDY,Rappi,2.0,89200.0,22.3
46086.0,7.Sunday,COL,Bogotá,425 LA CASA MEXITURB,65 CALLE 109,Rappi,1.0,72800.0,18.2
46086.0,7.Sunday,COL,Bogotá,426 CUADRA DESAYTURB,02 PARQUE 93,Rappi,1.0,31300.0,7.83
46086.0,7.Sunday,COL,Bogotá,426 CUADRA DESAYTURB,65 CALLE 109,Rappi,1.0,70700.0,17.68
46086.0,7.Sunday,COL,Bogotá,429 SEÑOR BURRI TURB,01 USAQUEN,Rappi,1.0,23500.0,5.88
46086.0,7.Sunday,COL,Bogotá,429 SEÑOR BURRI TURB,03 CHAPINERO,Rappi,1.0,22800.0,5.7
46086.0,7.Sunday,COL,Bogotá,430 CASA ARABE TURBO,02 PARQUE 93,Rappi,4.0,195300.0,48.83
46086.0,7.Sunday,COL,Bogotá,430 CASA ARABE TURBO,03 CHAPINERO,Rappi,1.0,26900.0,6.73
46086.0,7.Sunday,COL,Bogotá,430 CASA ARABE TURBO,06 COLINA,Rappi,1.0,139500.0,34.88
46086.0,7.Sunday,COL,Bogotá,430 CASA ARABE TURBO,65 CALLE 109,Rappi,4.0,225000.0,56.25
46086.0,7.Sunday,COL,Bogotá,431 DESGRA & CO TURB,01 USAQUEN,Rappi,3.0,120300.0,30.08
46086.0,7.Sunday,COL,Bogotá,431 DESGRA & CO TURB,02 PARQUE 93,Rappi,1.0,33900.0,8.48
46086.0,7.Sunday,COL,Bogotá,431 DESGRA & CO TURB,03 CHAPINERO,Rappi,3.0,126200.0,31.55
46086.0,7.Sunday,COL,Bogotá,431 DESGRA & CO TURB,06 COLINA,Rappi,2.0,87800.0,21.95
46086.0,7.Sunday,COL,Bogotá,431 DESGRA & CO TURB,08 ANDES,Rappi,1.0,46800.0,11.7
46086.0,7.Sunday,COL,Bogotá,431 DESGRA & CO TURB,36 VILLA DEL PRADO,Rappi,2.0,95800.0,23.95
46086.0,7.Sunday,COL,Bogotá,44 SELVATIKO,02 PARQUE 93,Rappi,1.0,31800.0,7.95
46086.0,7.Sunday,COL,Bogotá,44 SELVATIKO,03 CHAPINERO,Rappi,1.0,32800.0,8.2
46086.0,7.Sunday,COL,Bogotá,44 SELVATIKO,08 ANDES,Rappi,1.0,86800.0,21.7
46086.0,7.Sunday,COL,Bogotá,44 SELVATIKO,13 CHIA,Rappi,1.0,39300.0,9.83
46086.0,7.Sunday,COL,Bogotá,44 SELVATIKO,36 VILLA DEL PRADO,DiDi,1.0,20000.0,5.0
46086.0,7.Sunday,COL,Bogotá,44 SELVATIKO,65 CALLE 109,Rappi,2.0,68200.0,17.05
46086.0,7.Sunday,COL,Bogotá,448 DESAY COLOMBIANO,01 USAQUEN,Rappi,1.0,72100.0,18.03
46086.0,7.Sunday,COL,Bogotá,448 DESAY COLOMBIANO,02 PARQUE 93,Rappi,2.0,90900.0,22.73
46086.0,7.Sunday,COL,Bogotá,448 DESAY COLOMBIANO,03 CHAPINERO,Rappi,5.0,193300.0,48.33
46086.0,7.Sunday,COL,Bogotá,448 DESAY COLOMBIANO,06 COLINA,Rappi,3.0,198500.0,49.63
46086.0,7.Sunday,COL,Bogotá,448 DESAY COLOMBIANO,08 ANDES,Rappi,2.0,184700.0,46.18
46086.0,7.Sunday,COL,Bogotá,448 DESAY COLOMBIANO,13 CHIA,Rappi,1.0,43800.0,10.95
46086.0,7.Sunday,COL,Bogotá,448 DESAY COLOMBIANO,15 ENGATIVA,Rappi,4.0,179900.0,44.98
46086.0,7.Sunday,COL,Bogotá,448 DESAY COLOMBIANO,36 VILLA DEL PRADO,Rappi,2.0,75500.0,18.88
46086.0,7.Sunday,COL,Bogotá,448 DESAY COLOMBIANO,45 VERAGUAS,Rappi,3.0,127300.0,31.83
46086.0,7.Sunday,COL,Bogotá,448 DESAY COLOMBIANO,50 CHICO,Rappi,6.0,325800.0,81.45
46086.0,7.Sunday,COL,Bogotá,448 DESAY COLOMBIANO,65 CALLE 109,Rappi,3.0,85600.0,21.4
46086.0,7.Sunday,COL,Bogotá,448 DESAY COLOMBIANO,69 ARRECIFE,Rappi,3.0,100500.0,25.13
46086.0,7.Sunday,COL,Bogotá,54 FOODOLOGY,01 USAQUEN,Rappi,1.0,45400.0,11.35
46086.0,7.Sunday,COL,Bogotá,54 FOODOLOGY,06 COLINA,DiDi,2.0,108800.0,27.2
46086.0,7.Sunday,COL,Bogotá,54 FOODOLOGY,08 ANDES,Rappi,1.0,45400.0,11.35
46086.0,7.Sunday,COL,Bogotá,54 FOODOLOGY,13 CHIA,Rappi,1.0,45800.0,11.45
46086.0,7.Sunday,COL,Bogotá,54 FOODOLOGY,15 ENGATIVA,Rappi,1.0,51800.0,12.95
46086.0,7.Sunday,COL,Bogotá,54 FOODOLOGY,38 KENNEDY,Rappi,1.0,51800.0,12.95
46086.0,7.Sunday,COL,Bogotá,54 FOODOLOGY,45 VERAGUAS,DiDi,1.0,34500.0,8.63
46086.0,7.Sunday,COL,Bogotá,57 PRET SANDWICH BIS,01 USAQUEN,Rappi,2.0,93200.0,23.3
46086.0,7.Sunday,COL,Bogotá,57 PRET SANDWICH BIS,02 PARQUE 93,Rappi,1.0,83700.0,20.93
46086.0,7.Sunday,COL,Bogotá,57 PRET SANDWICH BIS,03 CHAPINERO,Rappi,2.0,94800.0,23.7
46086.0,7.Sunday,COL,Bogotá,57 PRET SANDWICH BIS,15 ENGATIVA,Rappi,3.0,161400.0,40.35
46086.0,7.Sunday,COL,Bogotá,57 PRET SANDWICH BIS,38 KENNEDY,Rappi,1.0,22500.0,5.63
46086.0,7.Sunday,COL,Bogotá,57 PRET SANDWICH BIS,65 CALLE 109,Rappi,2.0,150200.0,37.55
46086.0,7.Sunday,COL,Bogotá,58 ALBA VEGETARIAN,01 USAQUEN,DiDi,1.0,16900.0,4.23
46086.0,7.Sunday,COL,Bogotá,58 ALBA VEGETARIAN,01 USAQUEN,Rappi,1.0,101100.0,25.28
46086.0,7.Sunday,COL,Bogotá,58 ALBA VEGETARIAN,02 PARQUE 93,DiDi,3.0,188300.0,47.08
46086.0,7.Sunday,COL,Bogotá,58 ALBA VEGETARIAN,02 PARQUE 93,Rappi,1.0,41400.0,10.35
46086.0,7.Sunday,COL,Bogotá,58 ALBA VEGETARIAN,03 CHAPINERO,DiDi,2.0,50200.0,12.55
46086.0,7.Sunday,COL,Bogotá,58 ALBA VEGETARIAN,06 COLINA,DiDi,3.0,136300.0,34.08
46086.0,7.Sunday,COL,Bogotá,58 ALBA VEGETARIAN,06 COLINA,Rappi,1.0,75800.0,18.95
46086.0,7.Sunday,COL,Bogotá,58 ALBA VEGETARIAN,08 ANDES,DiDi,1.0,37500.0,9.38
46086.0,7.Sunday,COL,Bogotá,58 ALBA VEGETARIAN,15 ENGATIVA,DiDi,2.0,82500.0,20.63
46086.0,7.Sunday,COL,Bogotá,58 ALBA VEGETARIAN,36 VILLA DEL PRADO,DiDi,1.0,25800.0,6.45
46086.0,7.Sunday,COL,Bogotá,58 ALBA VEGETARIAN,38 KENNEDY,DiDi,1.0,37500.0,9.38
46086.0,7.Sunday,COL,Bogotá,58 ALBA VEGETARIAN,45 VERAGUAS,DiDi,1.0,30500.0,7.63
46086.0,7.Sunday,COL,Bogotá,58 ALBA VEGETARIAN,65 CALLE 109,Rappi,1.0,44700.0,11.18
46086.0,7.Sunday,COL,Bogotá,58 ALBA VEGETARIAN,69 ARRECIFE,Rappi,1.0,56500.0,14.13
46086.0,7.Sunday,COL,Bogotá,59 DEMBOW,01 USAQUEN,Rappi,2.0,302000.0,75.5
46086.0,7.Sunday,COL,Bogotá,59 DEMBOW,08 ANDES,Rappi,1.0,55300.0,13.83
46086.0,7.Sunday,COL,Bogotá,59 DEMBOW,13 CHIA,Rappi,1.0,44000.0,11.0
46086.0,7.Sunday,COL,Bogotá,59 DEMBOW,15 ENGATIVA,Rappi,1.0,124100.0,31.03
46086.0,7.Sunday,COL,Bogotá,59 DEMBOW,65 CALLE 109,Rappi,1.0,52300.0,13.08
46086.0,7.Sunday,COL,Bogotá,65 SAN JERONIMO HELA,01 USAQUEN,Rappi,1.0,25000.0,6.25
46086.0,7.Sunday,COL,Bogotá,65 SAN JERONIMO HELA,02 PARQUE 93,Rappi,3.0,187500.0,46.88
46086.0,7.Sunday,COL,Bogotá,65 SAN JERONIMO HELA,03 CHAPINERO,Rappi,2.0,50000.0,12.5
46086.0,7.Sunday,COL,Bogotá,65 SAN JERONIMO HELA,06 COLINA,Rappi,1.0,50000.0,12.5
46086.0,7.Sunday,COL,Bogotá,65 SAN JERONIMO HELA,13 CHIA,Rappi,1.0,25000.0,6.25
46086.0,7.Sunday,COL,Bogotá,65 SAN JERONIMO HELA,15 ENGATIVA,DiDi,1.0,25000.0,6.25
46086.0,7.Sunday,COL,Bogotá,65 SAN JERONIMO HELA,36 VILLA DEL PRADO,Rappi,1.0,37500.0,9.38
46086.0,7.Sunday,COL,Bogotá,65 SAN JERONIMO HELA,45 VERAGUAS,Rappi,2.0,125000.0,31.25
46086.0,7.Sunday,COL,Bogotá,66 MAÑANERO DIARIO,65 CALLE 109,Rappi,1.0,19900.0,4.98
46086.0,7.Sunday,COL,Bogotá,66 MAÑANERO DIARIO,69 ARRECIFE,Rappi,1.0,89000.0,22.25
46086.0,7.Sunday,COL,Bogotá,70 BURRITO CANTINA,01 USAQUEN,Rappi,1.0,50900.0,12.73
46086.0,7.Sunday,COL,Bogotá,70 BURRITO CANTINA,02 PARQUE 93,Rappi,1.0,36500.0,9.13
46086.0,7.Sunday,COL,Bogotá,70 BURRITO CANTINA,65 CALLE 109,Rappi,1.0,29700.0,7.43
46086.0,7.Sunday,COL,Bogotá,70 BURRITO CANTINA,69 ARRECIFE,Rappi,1.0,37400.0,9.35
46086.0,7.Sunday,COL,Bogotá,72 VICIO,01 USAQUEN,Rappi,1.0,30900.0,7.73
46086.0,7.Sunday,COL,Bogotá,72 VICIO,06 COLINA,Rappi,1.0,30900.0,7.73
46086.0,7.Sunday,COL,Bogotá,72 VICIO,13 CHIA,Rappi,1.0,21800.0,5.45
46086.0,7.Sunday,COL,Bogotá,72 VICIO,15 ENGATIVA,Rappi,1.0,49500.0,12.38
46086.0,7.Sunday,COL,Bogotá,72 VICIO,65 CALLE 109,Rappi,2.0,41800.0,10.45
46086.0,7.Sunday,COL,Bogotá,72 VICIO,69 ARRECIFE,Rappi,1.0,78800.0,19.7
46086.0,7.Sunday,COL,Bogotá,82 CINNABON,01 USAQUEN,DiDi,1.0,13900.0,3.48
46086.0,7.Sunday,COL,Bogotá,82 CINNABON,01 USAQUEN,Rappi,9.0,275300.0,68.83
46086.0,7.Sunday,COL,Bogotá,82 CINNABON,03 CHAPINERO,DiDi,2.0,27800.0,6.95
46086.0,7.Sunday,COL,Bogotá,82 CINNABON,03 CHAPINERO,Rappi,25.0,842400.0,210.6
46086.0,7.Sunday,COL,Bogotá,82 CINNABON,06 COLINA,Justo,1.0,63200.0,15.8
46086.0,7.Sunday,COL,Bogotá,82 CINNABON,06 COLINA,Rappi,7.0,223200.0,55.8
46086.0,7.Sunday,COL,Bogotá,82 CINNABON,13 CHIA,DiDi,1.0,29900.0,7.48
46086.0,7.Sunday,COL,Bogotá,82 CINNABON,13 CHIA,Rappi,9.0,296200.0,74.05
46086.0,7.Sunday,COL,Bogotá,82 CINNABON,15 ENGATIVA,DiDi,5.0,103900.0,25.98
46086.0,7.Sunday,COL,Bogotá,82 CINNABON,15 ENGATIVA,Rappi,5.0,125900.0,31.48
46086.0,7.Sunday,COL,Bogotá,82 CINNABON,36 VILLA DEL PRADO,DiDi,3.0,70600.0,17.65
46086.0,7.Sunday,COL,Bogotá,82 CINNABON,36 VILLA DEL PRADO,Justo,1.0,28400.0,7.1
46086.0,7.Sunday,COL,Bogotá,82 CINNABON,36 VILLA DEL PRADO,Rappi,13.0,398900.0,99.73
46086.0,7.Sunday,COL,Bogotá,82 CINNABON,38 KENNEDY,Rappi,10.0,392600.0,98.15
46086.0,7.Sunday,COL,Bogotá,82 CINNABON,45 VERAGUAS,Rappi,3.0,84800.0,21.2
46086.0,7.Sunday,COL,Bogotá,82 CINNABON,65 CALLE 109,Rappi,7.0,251400.0,62.85
46086.0,7.Sunday,COL,Bogotá,83 SANDUCHES EL JEFE,03 CHAPINERO,DiDi,1.0,28900.0,7.23
46086.0,7.Sunday,COL,Bogotá,83 SANDUCHES EL JEFE,03 CHAPINERO,Rappi,3.0,131200.0,32.8
46086.0,7.Sunday,COL,Bogotá,83 SANDUCHES EL JEFE,06 COLINA,DiDi,1.0,124200.0,31.05
46086.0,7.Sunday,COL,Bogotá,83 SANDUCHES EL JEFE,13 CHIA,DiDi,1.0,25500.0,6.38
46086.0,7.Sunday,COL,Bogotá,83 SANDUCHES EL JEFE,13 CHIA,Rappi,2.0,68800.0,17.2
46086.0,7.Sunday,COL,Bogotá,83 SANDUCHES EL JEFE,15 ENGATIVA,DiDi,2.0,128900.0,32.23
46086.0,7.Sunday,COL,Bogotá,83 SANDUCHES EL JEFE,38 KENNEDY,Rappi,1.0,91000.0,22.75
46086.0,7.Sunday,COL,Bogotá,84 CINNABON PASE,39 SALVIO,FoodologyPOS,58.0,993500.0,248.38
46086.0,7.Sunday,COL,Bogotá,84 CINNABON PASE,39 SALVIO,Rappi,4.0,162600.0,40.65
46086.0,7.Sunday,COL,Bogotá,84 CINNABON PASE,55 TITAN,FoodologyPOS,86.0,1926600.0,481.65
46086.0,7.Sunday,COL,Bogotá,84 CINNABON PASE,55 TITAN,Rappi,7.0,289700.0,72.43
46086.0,7.Sunday,COL,Bogotá,84 CINNABON PASE,56 SANTAFE BOG,FoodologyPOS,114.0,2598500.0,649.63
46086.0,7.Sunday,COL,Bogotá,84 CINNABON PASE,56 SANTAFE BOG,Rappi,2.0,63800.0,15.95
46086.0,7.Sunday,COL,Bogotá,84 CINNABON PASE,61 CHICO CINNABON,FoodologyPOS,4.0,129100.0,32.28
46086.0,7.Sunday,COL,Bogotá,84 CINNABON PASE,61 CHICO CINNABON,Rappi,1.0,37900.0,9.48
46086.0,7.Sunday,COL,Bogotá,84 CINNABON PASE,66 PLAZA CLARO CINNA,FoodologyPOS,60.0,1263300.0,315.83
46086.0,7.Sunday,COL,Bogotá,84 CINNABON PASE,66 PLAZA CLARO CINNA,Rappi,7.0,183100.0,45.78
46086.0,7.Sunday,COL,Bogotá,86 FROST TURBO,03 CHAPINERO,Rappi,5.0,140200.0,35.05
46086.0,7.Sunday,COL,Bogotá,86 FROST TURBO,06 COLINA,Rappi,1.0,25900.0,6.48
46086.0,7.Sunday,COL,Bogotá,86 FROST TURBO,08 ANDES,Rappi,1.0,25900.0,6.48
46086.0,7.Sunday,COL,Bogotá,86 FROST TURBO,65 CALLE 109,Rappi,3.0,77400.0,19.35
46086.0,7.Sunday,COL,Bogotá,87 VICIO TURBO,01 USAQUEN,Rappi,1.0,10900.0,2.73
46086.0,7.Sunday,COL,Bogotá,87 VICIO TURBO,02 PARQUE 93,Rappi,1.0,21800.0,5.45
46086.0,7.Sunday,COL,Bogotá,87 VICIO TURBO,03 CHAPINERO,Rappi,1.0,30900.0,7.73
46086.0,7.Sunday,COL,Bogotá,87 VICIO TURBO,36 VILLA DEL PRADO,Rappi,2.0,80400.0,20.1
46086.0,7.Sunday,COL,Bogotá,88 CINNABON TURBO,01 USAQUEN,Rappi,8.0,324500.0,81.13
46086.0,7.Sunday,COL,Bogotá,88 CINNABON TURBO,03 CHAPINERO,Rappi,6.0,207400.0,51.85
46086.0,7.Sunday,COL,Bogotá,88 CINNABON TURBO,06 COLINA,Rappi,5.0,189800.0,47.45
46086.0,7.Sunday,COL,Bogotá,88 CINNABON TURBO,36 VILLA DEL PRADO,Rappi,7.0,284200.0,71.05
46086.0,7.Sunday,COL,Bogotá,88 CINNABON TURBO,65 CALLE 109,Rappi,9.0,270700.0,67.68
46086.0,7.Sunday,COL,Bogotá,90 AVOCALIA TURBO,01 USAQUEN,Rappi,17.0,687300.0,171.83
46086.0,7.Sunday,COL,Bogotá,90 AVOCALIA TURBO,03 CHAPINERO,Rappi,12.0,560000.0,140.0
46086.0,7.Sunday,COL,Bogotá,90 AVOCALIA TURBO,08 ANDES,Rappi,5.0,167200.0,41.8
46086.0,7.Sunday,COL,Bogotá,90 AVOCALIA TURBO,36 VILLA DEL PRADO,Rappi,2.0,66400.0,16.6
46086.0,7.Sunday,COL,Bogotá,90 AVOCALIA TURBO,38 KENNEDY,Rappi,7.0,327300.0,81.83
46086.0,7.Sunday,COL,Bogotá,90 AVOCALIA TURBO,50 CHICO,Rappi,6.0,255700.0,63.93
46086.0,7.Sunday,COL,Bogotá,90 AVOCALIA TURBO,65 CALLE 109,Rappi,9.0,533200.0,133.3
46086.0,7.Sunday,COL,Bogotá,92 BRUNCH&MUNCH TURB,01 USAQUEN,Rappi,4.0,169000.0,42.25
46086.0,7.Sunday,COL,Bogotá,92 BRUNCH&MUNCH TURB,03 CHAPINERO,Rappi,3.0,238700.0,59.68
46086.0,7.Sunday,COL,Bogotá,92 BRUNCH&MUNCH TURB,08 ANDES,Rappi,6.0,354700.0,88.68
46086.0,7.Sunday,COL,Bogotá,92 BRUNCH&MUNCH TURB,36 VILLA DEL PRADO,Rappi,1.0,80300.0,20.08
46086.0,7.Sunday,COL,Bogotá,92 BRUNCH&MUNCH TURB,38 KENNEDY,Rappi,1.0,60300.0,15.08
46086.0,7.Sunday,COL,Bogotá,92 BRUNCH&MUNCH TURB,50 CHICO,Rappi,0.0,0.0,0.0
46086.0,7.Sunday,COL,Bogotá,92 BRUNCH&MUNCH TURB,65 CALLE 109,Rappi,2.0,157600.0,39.4
46086.0,7.Sunday,COL,Bogotá,93 SAN JERONIMO TURB,01 USAQUEN,Rappi,11.0,264500.0,66.13
46086.0,7.Sunday,COL,Bogotá,93 SAN JERONIMO TURB,02 PARQUE 93,Rappi,8.0,218500.0,54.63
46086.0,7.Sunday,COL,Bogotá,93 SAN JERONIMO TURB,03 CHAPINERO,Rappi,1.0,34500.0,8.63
46086.0,7.Sunday,COL,Bogotá,93 SAN JERONIMO TURB,06 COLINA,Rappi,3.0,172500.0,43.13
46086.0,7.Sunday,COL,Bogotá,93 SAN JERONIMO TURB,08 ANDES,Rappi,2.0,80500.0,20.13
46086.0,7.Sunday,COL,Bogotá,93 SAN JERONIMO TURB,36 VILLA DEL PRADO,Rappi,1.0,34500.0,8.63
46086.0,7.Sunday,COL,Bogotá,93 SAN JERONIMO TURB,38 KENNEDY,Rappi,1.0,69000.0,17.25
46086.0,7.Sunday,COL,Bucaramanga,01 AVOCALIA,42 CABECERA,DiDi,1.0,19900.0,4.98
46086.0,7.Sunday,COL,Bucaramanga,01 AVOCALIA,42 CABECERA,Rappi,7.0,283300.0,70.83
46086.0,7.Sunday,COL,Bucaramanga,02 BOTTANIKO,42 CABECERA,Rappi,1.0,90300.0,22.58
46086.0,7.Sunday,COL,Bucaramanga,03 BRUNCH & MUNCH,42 CABECERA,DiDi,2.0,50700.0,12.68
46086.0,7.Sunday,COL,Bucaramanga,03 BRUNCH & MUNCH,42 CABECERA,Rappi,9.0,426000.0,106.5
46086.0,7.Sunday,COL,Bucaramanga,03 BRUNCH & MUNCH,43 RUITOQUE,Rappi,0.0,0.0,0.0
46086.0,7.Sunday,COL,Bucaramanga,04 BURRITOS & CO,42 CABECERA,DiDi,13.0,657600.0,164.4
46086.0,7.Sunday,COL,Bucaramanga,04 BURRITOS & CO,42 CABECERA,Rappi,9.0,484200.0,121.05
46086.0,7.Sunday,COL,Bucaramanga,05 CACEROLA,42 CABECERA,DiDi,1.0,25800.0,6.45
46086.0,7.Sunday,COL,Bucaramanga,07 LA CUADRA,42 CABECERA,DiDi,16.0,916500.0,229.13
46086.0,7.Sunday,COL,Bucaramanga,07 LA CUADRA,42 CABECERA,Rappi,18.0,905100.0,226.28
46086.0,7.Sunday,COL,Bucaramanga,110 MR BEAST BURGER,42 CABECERA,DiDi,27.0,1117600.0,279.4
46086.0,7.Sunday,COL,Bucaramanga,110 MR BEAST BURGER,42 CABECERA,Rappi,5.0,222400.0,55.6
46086.0,7.Sunday,COL,Bucaramanga,1117 ALMZ LA CASA TU,42 CABECERA,Rappi,1.0,23900.0,5.98
46086.0,7.Sunday,COL,Bucaramanga,114 MR BEAST TURBO,42 CABECERA,Rappi,7.0,263800.0,65.95
46086.0,7.Sunday,COL,Bucaramanga,117 LA PANQUEQUERIA,42 CABECERA,Rappi,2.0,74300.0,18.58
46086.0,7.Sunday,COL,Bucaramanga,26 ALMUERZO DE LA CA,42 CABECERA,DiDi,15.0,379200.0,94.8
46086.0,7.Sunday,COL,Bucaramanga,26 ALMUERZO DE LA CA,42 CABECERA,Rappi,7.0,338800.0,84.7
46086.0,7.Sunday,COL,Bucaramanga,35 BRUNCH CLUB,42 CABECERA,DiDi,2.0,90100.0,22.53
46086.0,7.Sunday,COL,Bucaramanga,352 BURRITOS & CO TU,42 CABECERA,Rappi,13.0,600100.0,150.03
46086.0,7.Sunday,COL,Bucaramanga,353 LA CUADRA TURBO,42 CABECERA,Rappi,19.0,1154900.0,288.73
46086.0,7.Sunday,COL,Bucaramanga,359 GREEN HOUSE,42 CABECERA,DiDi,4.0,102100.0,25.53
46086.0,7.Sunday,COL,Bucaramanga,359 GREEN HOUSE,42 CABECERA,Rappi,6.0,272300.0,68.08
46086.0,7.Sunday,COL,Bucaramanga,362 ÑAMGUCHERIA,42 CABECERA,DiDi,1.0,41500.0,10.38
46086.0,7.Sunday,COL,Bucaramanga,362 ÑAMGUCHERIA,42 CABECERA,Rappi,12.0,571500.0,142.88
46086.0,7.Sunday,COL,Bucaramanga,363 GREEN HOUSE TURB,42 CABECERA,Rappi,7.0,297100.0,74.28
46086.0,7.Sunday,COL,Bucaramanga,366 HOUSE OF SALADS,42 CABECERA,DiDi,1.0,24900.0,6.23
46086.0,7.Sunday,COL,Bucaramanga,370 MONTEVERDE,42 CABECERA,Rappi,1.0,28500.0,7.13
46086.0,7.Sunday,COL,Bucaramanga,380 BREAKFAST CLUB,42 CABECERA,Rappi,9.0,583700.0,145.93
46086.0,7.Sunday,COL,Bucaramanga,381 DESAYU LA ABUELA,42 CABECERA,DiDi,3.0,207000.0,51.75
46086.0,7.Sunday,COL,Bucaramanga,381 DESAYU LA ABUELA,42 CABECERA,Rappi,21.0,1087400.0,271.85
46086.0,7.Sunday,COL,Bucaramanga,386 LA CASA MEXICANA,42 CABECERA,DiDi,8.0,296300.0,74.08
46086.0,7.Sunday,COL,Bucaramanga,386 LA CASA MEXICANA,42 CABECERA,Rappi,2.0,92600.0,23.15
46086.0,7.Sunday,COL,Bucaramanga,388 FOODHUB,42 CABECERA,Rappi,2.0,112400.0,28.1
46086.0,7.Sunday,COL,Bucaramanga,392 HONEST FOOD,42 CABECERA,Rappi,2.0,127100.0,31.78
46086.0,7.Sunday,COL,Bucaramanga,392 MONTEVERDE TURB,42 CABECERA,Rappi,4.0,194200.0,48.55
46086.0,7.Sunday,COL,Bucaramanga,393 EL EJECUTIVO,42 CABECERA,DiDi,1.0,26900.0,6.73
46086.0,7.Sunday,COL,Bucaramanga,393 EL EJECUTIVO,42 CABECERA,Rappi,5.0,162600.0,40.65
46086.0,7.Sunday,COL,Bucaramanga,393 HOUSEBURGER TURB,42 CABECERA,Rappi,1.0,32900.0,8.23
46086.0,7.Sunday,COL,Bucaramanga,394 COCINA CONSCIENT,42 CABECERA,Rappi,1.0,36500.0,9.13
46086.0,7.Sunday,COL,Bucaramanga,396 NUMA MEDITERRAN,42 CABECERA,Rappi,2.0,129400.0,32.35
46086.0,7.Sunday,COL,Bucaramanga,397 CACEROLA - TURBO,42 CABECERA,Rappi,1.0,49700.0,12.43
46086.0,7.Sunday,COL,Bucaramanga,401 DESA ABUELA TURBO,42 CABECERA,Rappi,2.0,119300.0,29.83
46086.0,7.Sunday,COL,Bucaramanga,402 EJECUT TRAD TURBO,42 CABECERA,Rappi,1.0,46800.0,11.7
46086.0,7.Sunday,COL,Bucaramanga,403 HONEST FOOD TURBO,42 CABECERA,Rappi,1.0,46400.0,11.6
46086.0,7.Sunday,COL,Bucaramanga,413 HOUSE SALAD TURB,42 CABECERA,Rappi,1.0,23900.0,5.98
46086.0,7.Sunday,COL,Bucaramanga,419 CASA ARABE,42 CABECERA,Rappi,1.0,94700.0,23.68
46086.0,7.Sunday,COL,Bucaramanga,420 DESGRANADOS & CO,42 CABECERA,Rappi,4.0,200300.0,50.08
46086.0,7.Sunday,COL,Bucaramanga,428 SELVATIKO TURBO,42 CABECERA,Rappi,1.0,12900.0,3.23
46086.0,7.Sunday,COL,Bucaramanga,431 DESGRA & CO TURB,42 CABECERA,Rappi,1.0,28900.0,7.23
46086.0,7.Sunday,COL,Bucaramanga,44 SELVATIKO,42 CABECERA,DiDi,1.0,16900.0,4.23
46086.0,7.Sunday,COL,Bucaramanga,448 DESAY COLOMBIANO,42 CABECERA,Rappi,5.0,192900.0,48.23
46086.0,7.Sunday,COL,Bucaramanga,58 ALBA VEGETARIAN,42 CABECERA,DiDi,2.0,67300.0,16.83
46086.0,7.Sunday,COL,Bucaramanga,58 ALBA VEGETARIAN,42 CABECERA,Rappi,2.0,155300.0,38.83
46086.0,7.Sunday,COL,Bucaramanga,59 DEMBOW,42 CABECERA,Rappi,1.0,31900.0,7.98
46086.0,7.Sunday,COL,Bucaramanga,65 SAN JERONIMO HELA,42 CABECERA,DiDi,1.0,50000.0,12.5
46086.0,7.Sunday,COL,Bucaramanga,66 MAÑANERO DIARIO,42 CABECERA,Rappi,1.0,66700.0,16.68
46086.0,7.Sunday,COL,Bucaramanga,70 BURRITO CANTINA,42 CABECERA,Rappi,1.0,37400.0,9.35
46086.0,7.Sunday,COL,Bucaramanga,72 VICIO,42 CABECERA,Rappi,2.0,21800.0,5.45
46086.0,7.Sunday,COL,Bucaramanga,73 ACPM CORRIENTAZO,42 CABECERA,Rappi,1.0,47800.0,11.95
46086.0,7.Sunday,COL,Bucaramanga,82 CINNABON,42 CABECERA,DiDi,1.0,13900.0,3.48
46086.0,7.Sunday,COL,Bucaramanga,82 CINNABON,42 CABECERA,Rappi,2.0,105800.0,26.45
46086.0,7.Sunday,COL,Bucaramanga,83 SANDUCHES EL JEFE,42 CABECERA,DiDi,1.0,28900.0,7.23
46086.0,7.Sunday,COL,Bucaramanga,88 CINNABON TURBO,42 CABECERA,Rappi,6.0,183900.0,45.98
46086.0,7.Sunday,COL,Bucaramanga,90 AVOCALIA TURBO,42 CABECERA,Rappi,7.0,300200.0,75.05
46086.0,7.Sunday,COL,Bucaramanga,92 BRUNCH&MUNCH TURB,42 CABECERA,Rappi,2.0,51300.0,12.83
46086.0,7.Sunday,COL,Bucaramanga,93 SAN JERONIMO TURB,42 CABECERA,Rappi,1.0,46000.0,11.5
46086.0,7.Sunday,COL,Cali,01 AVOCALIA,22 SANTA MONICA,Rappi,16.0,715500.0,178.88
46086.0,7.Sunday,COL,Cali,01 AVOCALIA,24 SAN FERNANDO,Rappi,4.0,166600.0,41.65
46086.0,7.Sunday,COL,Cali,01 AVOCALIA,46 INGENIO,Rappi,8.0,449300.0,112.33
46086.0,7.Sunday,COL,Cali,02 BOTTANIKO,24 SAN FERNANDO,Rappi,1.0,29400.0,7.35
46086.0,7.Sunday,COL,Cali,03 BRUNCH & MUNCH,22 SANTA MONICA,DiDi,1.0,19900.0,4.98
46086.0,7.Sunday,COL,Cali,03 BRUNCH & MUNCH,22 SANTA MONICA,Rappi,13.0,906200.0,226.55
46086.0,7.Sunday,COL,Cali,03 BRUNCH & MUNCH,24 SAN FERNANDO,Rappi,17.0,1180300.0,295.08
46086.0,7.Sunday,COL,Cali,03 BRUNCH & MUNCH,46 INGENIO,DiDi,1.0,26900.0,6.73
46086.0,7.Sunday,COL,Cali,03 BRUNCH & MUNCH,46 INGENIO,Rappi,26.0,1976800.0,494.2
46086.0,7.Sunday,COL,Cali,04 BURRITOS & CO,22 SANTA MONICA,DiDi,2.0,188700.0,47.18
46086.0,7.Sunday,COL,Cali,04 BURRITOS & CO,22 SANTA MONICA,Rappi,7.0,329100.0,82.28
46086.0,7.Sunday,COL,Cali,04 BURRITOS & CO,24 SAN FERNANDO,DiDi,2.0,41700.0,10.43
46086.0,7.Sunday,COL,Cali,04 BURRITOS & CO,24 SAN FERNANDO,Rappi,12.0,867600.0,216.9
46086.0,7.Sunday,COL,Cali,04 BURRITOS & CO,46 INGENIO,DiDi,2.0,146500.0,36.63
46086.0,7.Sunday,COL,Cali,04 BURRITOS & CO,46 INGENIO,Rappi,6.0,528100.0,132.03
46086.0,7.Sunday,COL,Cali,07 LA CUADRA,22 SANTA MONICA,Rappi,4.0,311000.0,77.75
46086.0,7.Sunday,COL,Cali,07 LA CUADRA,24 SAN FERNANDO,DiDi,7.0,438000.0,109.5
46086.0,7.Sunday,COL,Cali,07 LA CUADRA,24 SAN FERNANDO,Rappi,6.0,396900.0,99.23
46086.0,7.Sunday,COL,Cali,07 LA CUADRA,46 INGENIO,DiDi,6.0,343000.0,85.75
46086.0,7.Sunday,COL,Cali,07 LA CUADRA,46 INGENIO,Justo,1.0,41800.0,10.45
46086.0,7.Sunday,COL,Cali,07 LA CUADRA,46 INGENIO,Rappi,25.0,1767100.0,441.78
46086.0,7.Sunday,COL,Cali,110 MR BEAST BURGER,22 SANTA MONICA,DiDi,9.0,453500.0,113.38
46086.0,7.Sunday,COL,Cali,110 MR BEAST BURGER,22 SANTA MONICA,Rappi,2.0,84400.0,21.1
46086.0,7.Sunday,COL,Cali,110 MR BEAST BURGER,24 SAN FERNANDO,DiDi,7.0,312900.0,78.23
46086.0,7.Sunday,COL,Cali,110 MR BEAST BURGER,24 SAN FERNANDO,Rappi,4.0,329500.0,82.38
46086.0,7.Sunday,COL,Cali,110 MR BEAST BURGER,46 INGENIO,DiDi,15.0,580500.0,145.13
46086.0,7.Sunday,COL,Cali,110 MR BEAST BURGER,46 INGENIO,Rappi,5.0,201100.0,50.28
46086.0,7.Sunday,COL,Cali,1117 ALMZ LA CASA TU,22 SANTA MONICA,Rappi,2.0,63300.0,15.83
46086.0,7.Sunday,COL,Cali,114 MR BEAST TURBO,24 SAN FERNANDO,Rappi,4.0,196500.0,49.13
46086.0,7.Sunday,COL,Cali,117 LA PANQUEQUERIA,22 SANTA MONICA,Rappi,1.0,128500.0,32.13
46086.0,7.Sunday,COL,Cali,117 LA PANQUEQUERIA,24 SAN FERNANDO,Rappi,1.0,20900.0,5.23
46086.0,7.Sunday,COL,Cali,117 LA PANQUEQUERIA,46 INGENIO,Rappi,2.0,93200.0,23.3
46086.0,7.Sunday,COL,Cali,205 FROST,22 SANTA MONICA,DiDi,1.0,23400.0,5.85
46086.0,7.Sunday,COL,Cali,205 FROST,22 SANTA MONICA,Rappi,2.0,41800.0,10.45
46086.0,7.Sunday,COL,Cali,26 ALMUERZO DE LA CA,22 SANTA MONICA,DiDi,3.0,97900.0,24.48
46086.0,7.Sunday,COL,Cali,26 ALMUERZO DE LA CA,22 SANTA MONICA,Rappi,1.0,21900.0,5.48
46086.0,7.Sunday,COL,Cali,26 ALMUERZO DE LA CA,24 SAN FERNANDO,DiDi,2.0,79300.0,19.83
46086.0,7.Sunday,COL,Cali,26 ALMUERZO DE LA CA,24 SAN FERNANDO,Rappi,2.0,87600.0,21.9
46086.0,7.Sunday,COL,Cali,26 ALMUERZO DE LA CA,46 INGENIO,DiDi,3.0,66600.0,16.65
46086.0,7.Sunday,COL,Cali,26 ALMUERZO DE LA CA,46 INGENIO,Rappi,4.0,90100.0,22.53
46086.0,7.Sunday,COL,Cali,33 LA CUADRA DESAYUN,24 SAN FERNANDO,Rappi,1.0,19900.0,4.98
46086.0,7.Sunday,COL,Cali,35 BRUNCH CLUB,22 SANTA MONICA,DiDi,1.0,41800.0,10.45
46086.0,7.Sunday,COL,Cali,35 BRUNCH CLUB,24 SAN FERNANDO,DiDi,1.0,38700.0,9.68
46086.0,7.Sunday,COL,Cali,35 BRUNCH CLUB,46 INGENIO,DiDi,1.0,33800.0,8.45
46086.0,7.Sunday,COL,Cali,352 BURRITOS & CO TU,24 SAN FERNANDO,Rappi,3.0,212700.0,53.18
46086.0,7.Sunday,COL,Cali,353 LA CUADRA TURBO,22 SANTA MONICA,Rappi,2.0,171200.0,42.8
46086.0,7.Sunday,COL,Cali,353 LA CUADRA TURBO,24 SAN FERNANDO,Rappi,4.0,453200.0,113.3
46086.0,7.Sunday,COL,Cali,359 GREEN HOUSE,22 SANTA MONICA,Rappi,1.0,37500.0,9.38
46086.0,7.Sunday,COL,Cali,359 GREEN HOUSE,24 SAN FERNANDO,DiDi,3.0,141800.0,35.45
46086.0,7.Sunday,COL,Cali,359 GREEN HOUSE,24 SAN FERNANDO,Rappi,7.0,346700.0,86.68
46086.0,7.Sunday,COL,Cali,359 GREEN HOUSE,46 INGENIO,DiDi,1.0,71800.0,17.95
46086.0,7.Sunday,COL,Cali,359 GREEN HOUSE,46 INGENIO,Rappi,1.0,22900.0,5.73
46086.0,7.Sunday,COL,Cali,362 ÑAMGUCHERIA,22 SANTA MONICA,Rappi,3.0,197500.0,49.38
46086.0,7.Sunday,COL,Cali,362 ÑAMGUCHERIA,24 SAN FERNANDO,DiDi,2.0,47800.0,11.95
46086.0,7.Sunday,COL,Cali,362 ÑAMGUCHERIA,24 SAN FERNANDO,Rappi,1.0,41500.0,10.38
46086.0,7.Sunday,COL,Cali,362 ÑAMGUCHERIA,46 INGENIO,DiDi,2.0,56700.0,14.18
46086.0,7.Sunday,COL,Cali,362 ÑAMGUCHERIA,46 INGENIO,Rappi,3.0,130800.0,32.7
46086.0,7.Sunday,COL,Cali,363 GREEN HOUSE TURB,24 SAN FERNANDO,Rappi,3.0,134500.0,33.63
46086.0,7.Sunday,COL,Cali,366 HOUSE OF SALADS,24 SAN FERNANDO,Rappi,3.0,153300.0,38.33
46086.0,7.Sunday,COL,Cali,366 HOUSE OF SALADS,46 INGENIO,Rappi,4.0,157200.0,39.3
46086.0,7.Sunday,COL,Cali,370 MONTEVERDE,22 SANTA MONICA,DiDi,1.0,22900.0,5.73
46086.0,7.Sunday,COL,Cali,370 MONTEVERDE,22 SANTA MONICA,Rappi,1.0,22900.0,5.73
46086.0,7.Sunday,COL,Cali,370 MONTEVERDE,24 SAN FERNANDO,Rappi,2.0,154200.0,38.55
46086.0,7.Sunday,COL,Cali,373 HOUSE OF BURGERS,46 INGENIO,Rappi,1.0,53800.0,13.45
46086.0,7.Sunday,COL,Cali,380 BREAKFAST CLUB,22 SANTA MONICA,DiDi,1.0,34500.0,8.63
46086.0,7.Sunday,COL,Cali,380 BREAKFAST CLUB,22 SANTA MONICA,Rappi,5.0,547400.0,136.85
46086.0,7.Sunday,COL,Cali,380 BREAKFAST CLUB,24 SAN FERNANDO,DiDi,1.0,64800.0,16.2
46086.0,7.Sunday,COL,Cali,380 BREAKFAST CLUB,24 SAN FERNANDO,Rappi,3.0,134600.0,33.65
46086.0,7.Sunday,COL,Cali,380 BREAKFAST CLUB,46 INGENIO,DiDi,1.0,72200.0,18.05
46086.0,7.Sunday,COL,Cali,380 BREAKFAST CLUB,46 INGENIO,Rappi,8.0,530200.0,132.55
46086.0,7.Sunday,COL,Cali,381 DESAYU LA ABUELA,22 SANTA MONICA,DiDi,2.0,82700.0,20.68
46086.0,7.Sunday,COL,Cali,381 DESAYU LA ABUELA,22 SANTA MONICA,Rappi,15.0,1135000.0,283.75
46086.0,7.Sunday,COL,Cali,381 DESAYU LA ABUELA,24 SAN FERNANDO,DiDi,3.0,156400.0,39.1
46086.0,7.Sunday,COL,Cali,381 DESAYU LA ABUELA,24 SAN FERNANDO,Rappi,10.0,735500.0,183.88
46086.0,7.Sunday,COL,Cali,381 DESAYU LA ABUELA,46 INGENIO,DiDi,3.0,209400.0,52.35
46086.0,7.Sunday,COL,Cali,381 DESAYU LA ABUELA,46 INGENIO,Rappi,18.0,1033600.0,258.4
46086.0,7.Sunday,COL,Cali,382 ALBA VEGE TURBO,22 SANTA MONICA,Rappi,1.0,37500.0,9.38
46086.0,7.Sunday,COL,Cali,383 BOTTANIKO TURBO,24 SAN FERNANDO,Rappi,5.0,277800.0,69.45
46086.0,7.Sunday,COL,Cali,386 LA CASA MEXICANA,22 SANTA MONICA,DiDi,4.0,196400.0,49.1
46086.0,7.Sunday,COL,Cali,386 LA CASA MEXICANA,22 SANTA MONICA,Rappi,1.0,49800.0,12.45
46086.0,7.Sunday,COL,Cali,386 LA CASA MEXICANA,46 INGENIO,DiDi,2.0,65700.0,16.43
46086.0,7.Sunday,COL,Cali,386 LA CASA MEXICANA,46 INGENIO,Rappi,2.0,142400.0,35.6
46086.0,7.Sunday,COL,Cali,387 THE EGG SPOT,22 SANTA MONICA,Rappi,1.0,73600.0,18.4
46086.0,7.Sunday,COL,Cali,387 THE EGG SPOT,24 SAN FERNANDO,Rappi,1.0,71800.0,17.95
46086.0,7.Sunday,COL,Cali,387 THE EGG SPOT,46 INGENIO,Rappi,1.0,79400.0,19.85
46086.0,7.Sunday,COL,Cali,388 FOODHUB,22 SANTA MONICA,Rappi,1.0,82100.0,20.53
46086.0,7.Sunday,COL,Cali,392 HONEST FOOD,22 SANTA MONICA,Rappi,3.0,137200.0,34.3
46086.0,7.Sunday,COL,Cali,392 HONEST FOOD,24 SAN FERNANDO,Rappi,1.0,71400.0,17.85
46086.0,7.Sunday,COL,Cali,392 HONEST FOOD,46 INGENIO,Rappi,1.0,68000.0,17.0
46086.0,7.Sunday,COL,Cali,392 MONTEVERDE TURB,24 SAN FERNANDO,Rappi,2.0,66600.0,16.65
46086.0,7.Sunday,COL,Cali,393 EL EJECUTIVO,22 SANTA MONICA,DiDi,3.0,154800.0,38.7
46086.0,7.Sunday,COL,Cali,393 EL EJECUTIVO,24 SAN FERNANDO,DiDi,2.0,149400.0,37.35
46086.0,7.Sunday,COL,Cali,393 EL EJECUTIVO,24 SAN FERNANDO,Rappi,1.0,20900.0,5.23
46086.0,7.Sunday,COL,Cali,394 COCINA CONSCIENT,22 SANTA MONICA,Rappi,1.0,44900.0,11.23
46086.0,7.Sunday,COL,Cali,394 COCINA CONSCIENT,24 SAN FERNANDO,Rappi,1.0,33500.0,8.38
46086.0,7.Sunday,COL,Cali,394 COCINA CONSCIENT,46 INGENIO,Rappi,2.0,116800.0,29.2
46086.0,7.Sunday,COL,Cali,401 DESA ABUELA TURBO,22 SANTA MONICA,Rappi,1.0,25900.0,6.48
46086.0,7.Sunday,COL,Cali,402 EJECUT TRAD TURBO,24 SAN FERNANDO,Rappi,1.0,25900.0,6.48
46086.0,7.Sunday,COL,Cali,403 HONEST FOOD TURBO,24 SAN FERNANDO,Rappi,1.0,29500.0,7.38
46086.0,7.Sunday,COL,Cali,413 HOUSE SALAD TURB,22 SANTA MONICA,Rappi,3.0,124600.0,31.15
46086.0,7.Sunday,COL,Cali,420 DESGRANADOS & CO,22 SANTA MONICA,Rappi,1.0,33900.0,8.48
46086.0,7.Sunday,COL,Cali,420 DESGRANADOS & CO,24 SAN FERNANDO,Rappi,2.0,79800.0,19.95
46086.0,7.Sunday,COL,Cali,420 DESGRANADOS & CO,46 INGENIO,Rappi,1.0,33900.0,8.48
46086.0,7.Sunday,COL,Cali,422 BURRIT CANT TURB,24 SAN FERNANDO,Rappi,1.0,64700.0,16.18
46086.0,7.Sunday,COL,Cali,425 LA CASA MEXITURB,24 SAN FERNANDO,Rappi,2.0,61800.0,15.45
46086.0,7.Sunday,COL,Cali,426 CUADRA DESAYTURB,22 SANTA MONICA,Rappi,1.0,30200.0,7.55
46086.0,7.Sunday,COL,Cali,430 CASA ARABE TURBO,24 SAN FERNANDO,Rappi,1.0,27900.0,6.98
46086.0,7.Sunday,COL,Cali,431 DESGRA & CO TURB,22 SANTA MONICA,Rappi,3.0,151600.0,37.9
46086.0,7.Sunday,COL,Cali,44 SELVATIKO,22 SANTA MONICA,DiDi,1.0,86700.0,21.68
46086.0,7.Sunday,COL,Cali,448 DESAY COLOMBIANO,24 SAN FERNANDO,Rappi,3.0,161700.0,40.43
46086.0,7.Sunday,COL,Cali,448 DESAY COLOMBIANO,46 INGENIO,Rappi,4.0,180100.0,45.03
46086.0,7.Sunday,COL,Cali,57 PRET SANDWICH BIS,22 SANTA MONICA,Rappi,1.0,75600.0,18.9
46086.0,7.Sunday,COL,Cali,57 PRET SANDWICH BIS,24 SAN FERNANDO,Rappi,2.0,91200.0,22.8
46086.0,7.Sunday,COL,Cali,57 PRET SANDWICH BIS,46 INGENIO,Rappi,2.0,203900.0,50.98
46086.0,7.Sunday,COL,Cali,58 ALBA VEGETARIAN,24 SAN FERNANDO,Rappi,1.0,18900.0,4.73
46086.0,7.Sunday,COL,Cali,58 ALBA VEGETARIAN,46 INGENIO,DiDi,1.0,35200.0,8.8
46086.0,7.Sunday,COL,Cali,65 SAN JERONIMO HELA,24 SAN FERNANDO,Rappi,1.0,50000.0,12.5
46086.0,7.Sunday,COL,Cali,65 SAN JERONIMO HELA,46 INGENIO,Rappi,1.0,62500.0,15.63
46086.0,7.Sunday,COL,Cali,70 BURRITO CANTINA,22 SANTA MONICA,Rappi,1.0,27900.0,6.98
46086.0,7.Sunday,COL,Cali,70 BURRITO CANTINA,46 INGENIO,Rappi,1.0,59600.0,14.9
46086.0,7.Sunday,COL,Cali,82 CINNABON,22 SANTA MONICA,DiDi,1.0,16500.0,4.13
46086.0,7.Sunday,COL,Cali,82 CINNABON,22 SANTA MONICA,Rappi,2.0,27000.0,6.75
46086.0,7.Sunday,COL,Cali,82 CINNABON,24 SAN FERNANDO,DiDi,2.0,96800.0,24.2
46086.0,7.Sunday,COL,Cali,82 CINNABON,24 SAN FERNANDO,Rappi,2.0,71700.0,17.93
46086.0,7.Sunday,COL,Cali,82 CINNABON,46 INGENIO,Rappi,7.0,250500.0,62.63
46086.0,7.Sunday,COL,Cali,83 SANDUCHES EL JEFE,22 SANTA MONICA,DiDi,1.0,58500.0,14.63
46086.0,7.Sunday,COL,Cali,83 SANDUCHES EL JEFE,24 SAN FERNANDO,DiDi,2.0,70200.0,17.55
46086.0,7.Sunday,COL,Cali,83 SANDUCHES EL JEFE,24 SAN FERNANDO,Rappi,1.0,89000.0,22.25
46086.0,7.Sunday,COL,Cali,83 SANDUCHES EL JEFE,46 INGENIO,Rappi,1.0,89000.0,22.25
46086.0,7.Sunday,COL,Cali,86 FROST TURBO,22 SANTA MONICA,Rappi,1.0,41800.0,10.45
46086.0,7.Sunday,COL,Cali,88 CINNABON TURBO,22 SANTA MONICA,Rappi,2.0,88300.0,22.08
46086.0,7.Sunday,COL,Cali,88 CINNABON TURBO,24 SAN FERNANDO,Rappi,3.0,48200.0,12.05
46086.0,7.Sunday,COL,Cali,90 AVOCALIA TURBO,22 SANTA MONICA,Rappi,2.0,62300.0,15.58
46086.0,7.Sunday,COL,Cali,90 AVOCALIA TURBO,24 SAN FERNANDO,Rappi,7.0,412900.0,103.23
46086.0,7.Sunday,COL,Cali,93 SAN JERONIMO TURB,22 SANTA MONICA,Rappi,1.0,23000.0,5.75
46086.0,7.Sunday,COL,Cartagena,01 AVOCALIA,33 CARTAGENA,Rappi,8.0,782200.0,195.55
46086.0,7.Sunday,COL,Cartagena,03 BRUNCH & MUNCH,33 CARTAGENA,Rappi,10.0,584700.0,146.18
46086.0,7.Sunday,COL,Cartagena,04 BURRITOS & CO,33 CARTAGENA,Rappi,5.0,423300.0,105.83
46086.0,7.Sunday,COL,Cartagena,07 LA CUADRA,33 CARTAGENA,DiDi,2.0,144700.0,36.18
46086.0,7.Sunday,COL,Cartagena,07 LA CUADRA,33 CARTAGENA,Rappi,3.0,124800.0,31.2
46086.0,7.Sunday,COL,Cartagena,110 MR BEAST BURGER,33 CARTAGENA,DiDi,4.0,170100.0,42.53
46086.0,7.Sunday,COL,Cartagena,110 MR BEAST BURGER,33 CARTAGENA,Rappi,5.0,287500.0,71.88
46086.0,7.Sunday,COL,Cartagena,113 QUE CHICKEN,33 CARTAGENA,Rappi,2.0,137700.0,34.43
46086.0,7.Sunday,COL,Cartagena,114 MR BEAST TURBO,33 CARTAGENA,Rappi,2.0,112000.0,28.0
46086.0,7.Sunday,COL,Cartagena,117 LA PANQUEQUERIA,33 CARTAGENA,Rappi,3.0,84600.0,21.15
46086.0,7.Sunday,COL,Cartagena,26 ALMUERZO DE LA CA,33 CARTAGENA,DiDi,1.0,21900.0,5.48
46086.0,7.Sunday,COL,Cartagena,352 BURRITOS & CO TU,33 CARTAGENA,Rappi,1.0,32800.0,8.2
46086.0,7.Sunday,COL,Cartagena,353 LA CUADRA TURBO,33 CARTAGENA,Rappi,1.0,79800.0,19.95
46086.0,7.Sunday,COL,Cartagena,359 GREEN HOUSE,33 CARTAGENA,DiDi,2.0,69500.0,17.38
46086.0,7.Sunday,COL,Cartagena,359 GREEN HOUSE,33 CARTAGENA,Rappi,16.0,694600.0,173.65
46086.0,7.Sunday,COL,Cartagena,362 ÑAMGUCHERIA,33 CARTAGENA,DiDi,1.0,32800.0,8.2
46086.0,7.Sunday,COL,Cartagena,362 ÑAMGUCHERIA,33 CARTAGENA,Rappi,4.0,147100.0,36.78
46086.0,7.Sunday,COL,Cartagena,363 GREEN HOUSE TURB,33 CARTAGENA,Rappi,1.0,25900.0,6.48
46086.0,7.Sunday,COL,Cartagena,366 HOUSE OF SALADS,33 CARTAGENA,Rappi,1.0,41900.0,10.48
46086.0,7.Sunday,COL,Cartagena,370 MONTEVERDE,33 CARTAGENA,Rappi,2.0,61400.0,15.35
46086.0,7.Sunday,COL,Cartagena,373 HOUSE OF BURGERS,33 CARTAGENA,Rappi,1.0,30800.0,7.7
46086.0,7.Sunday,COL,Cartagena,380 BREAKFAST CLUB,33 CARTAGENA,Rappi,3.0,161800.0,40.45
46086.0,7.Sunday,COL,Cartagena,381 DESAYU LA ABUELA,33 CARTAGENA,DiDi,2.0,142700.0,35.68
46086.0,7.Sunday,COL,Cartagena,381 DESAYU LA ABUELA,33 CARTAGENA,Rappi,20.0,1478500.0,369.63
46086.0,7.Sunday,COL,Cartagena,386 LA CASA MEXICANA,33 CARTAGENA,Rappi,2.0,143300.0,35.83
46086.0,7.Sunday,COL,Cartagena,387 THE EGG SPOT,33 CARTAGENA,Rappi,3.0,263100.0,65.78
46086.0,7.Sunday,COL,Cartagena,392 HONEST FOOD,33 CARTAGENA,Rappi,4.0,238900.0,59.73
46086.0,7.Sunday,COL,Cartagena,393 EL EJECUTIVO,33 CARTAGENA,DiDi,3.0,156600.0,39.15
46086.0,7.Sunday,COL,Cartagena,393 HOUSEBURGER TURB,33 CARTAGENA,Rappi,2.0,164100.0,41.03
46086.0,7.Sunday,COL,Cartagena,394 COCINA CONSCIENT,33 CARTAGENA,DiDi,1.0,23900.0,5.98
46086.0,7.Sunday,COL,Cartagena,396 NUMA MEDITERRAN,33 CARTAGENA,Rappi,1.0,52800.0,13.2
46086.0,7.Sunday,COL,Cartagena,402 EJECUT TRAD TURBO,33 CARTAGENA,Rappi,3.0,98800.0,24.7
46086.0,7.Sunday,COL,Cartagena,413 HOUSE SALAD TURB,33 CARTAGENA,Rappi,1.0,36800.0,9.2
46086.0,7.Sunday,COL,Cartagena,419 CASA ARABE,33 CARTAGENA,Rappi,2.0,132200.0,33.05
46086.0,7.Sunday,COL,Cartagena,425 LA CASA MEXITURB,33 CARTAGENA,Rappi,2.0,83700.0,20.93
46086.0,7.Sunday,COL,Cartagena,448 DESAY COLOMBIANO,33 CARTAGENA,Rappi,2.0,125800.0,31.45
46086.0,7.Sunday,COL,Cartagena,54 FOODOLOGY,33 CARTAGENA,DiDi,1.0,69000.0,17.25
46086.0,7.Sunday,COL,Cartagena,54 FOODOLOGY,33 CARTAGENA,Rappi,1.0,28700.0,7.18
46086.0,7.Sunday,COL,Cartagena,57 PRET SANDWICH BIS,33 CARTAGENA,Rappi,1.0,18500.0,4.63
46086.0,7.Sunday,COL,Cartagena,58 ALBA VEGETARIAN,33 CARTAGENA,DiDi,1.0,61400.0,15.35
46086.0,7.Sunday,COL,Cartagena,58 ALBA VEGETARIAN,33 CARTAGENA,Rappi,1.0,54800.0,13.7
46086.0,7.Sunday,COL,Cartagena,59 DEMBOW,33 CARTAGENA,DiDi,1.0,44500.0,11.13
46086.0,7.Sunday,COL,Cartagena,59 DEMBOW,33 CARTAGENA,Rappi,1.0,39500.0,9.88
46086.0,7.Sunday,COL,Cartagena,70 BURRITO CANTINA,33 CARTAGENA,Rappi,1.0,16900.0,4.23
46086.0,7.Sunday,COL,Cartagena,82 CINNABON,33 CARTAGENA,FoodologyPOS,1.0,11500.0,2.88
46086.0,7.Sunday,COL,Cartagena,82 CINNABON,33 CARTAGENA,Rappi,2.0,103300.0,25.83
46086.0,7.Sunday,COL,Cartagena,83 SANDUCHES EL JEFE,33 CARTAGENA,DiDi,1.0,51000.0,12.75
46086.0,7.Sunday,COL,Cartagena,87 VICIO TURBO,33 CARTAGENA,Rappi,1.0,30900.0,7.73
46086.0,7.Sunday,COL,Cartagena,90 AVOCALIA TURBO,33 CARTAGENA,Rappi,4.0,141800.0,35.45
46086.0,7.Sunday,COL,Medellín,01 AVOCALIA,11 MANILA,DiDi,1.0,30900.0,7.73
46086.0,7.Sunday,COL,Medellín,01 AVOCALIA,11 MANILA,Rappi,8.0,387100.0,96.78
46086.0,7.Sunday,COL,Medellín,01 AVOCALIA,12 LAURELES,Rappi,14.0,697100.0,174.28
46086.0,7.Sunday,COL,Medellín,01 AVOCALIA,14 ENVIGADO,DiDi,4.0,189000.0,47.25
46086.0,7.Sunday,COL,Medellín,01 AVOCALIA,14 ENVIGADO,Rappi,12.0,738100.0,184.53
46086.0,7.Sunday,COL,Medellín,01 AVOCALIA,18 BELLO,DiDi,3.0,188900.0,47.23
46086.0,7.Sunday,COL,Medellín,01 AVOCALIA,18 BELLO,Rappi,5.0,271800.0,67.95
46086.0,7.Sunday,COL,Medellín,01 AVOCALIA,29 ITAGUI,DiDi,2.0,265000.0,66.25
46086.0,7.Sunday,COL,Medellín,01 AVOCALIA,29 ITAGUI,Rappi,7.0,555600.0,138.9
46086.0,7.Sunday,COL,Medellín,03 BRUNCH & MUNCH,11 MANILA,DiDi,2.0,111100.0,27.78
46086.0,7.Sunday,COL,Medellín,03 BRUNCH & MUNCH,11 MANILA,FoodologyPOS,1.0,134100.0,33.53
46086.0,7.Sunday,COL,Medellín,03 BRUNCH & MUNCH,11 MANILA,Rappi,20.0,1929300.0,482.33
46086.0,7.Sunday,COL,Medellín,03 BRUNCH & MUNCH,12 LAURELES,DiDi,5.0,244600.0,61.15
46086.0,7.Sunday,COL,Medellín,03 BRUNCH & MUNCH,12 LAURELES,Rappi,42.0,2255300.0,563.83
46086.0,7.Sunday,COL,Medellín,03 BRUNCH & MUNCH,14 ENVIGADO,DiDi,5.0,271500.0,67.88
46086.0,7.Sunday,COL,Medellín,03 BRUNCH & MUNCH,14 ENVIGADO,Rappi,24.0,2150100.0,537.53
46086.0,7.Sunday,COL,Medellín,03 BRUNCH & MUNCH,18 BELLO,DiDi,4.0,159500.0,39.88
46086.0,7.Sunday,COL,Medellín,03 BRUNCH & MUNCH,18 BELLO,Rappi,8.0,557500.0,139.38
46086.0,7.Sunday,COL,Medellín,03 BRUNCH & MUNCH,19 LLANOGRANDE,Rappi,0.0,0.0,0.0
46086.0,7.Sunday,COL,Medellín,03 BRUNCH & MUNCH,29 ITAGUI,DiDi,1.0,51800.0,12.95
46086.0,7.Sunday,COL,Medellín,03 BRUNCH & MUNCH,29 ITAGUI,Rappi,11.0,650400.0,162.6
46086.0,7.Sunday,COL,Medellín,04 BURRITOS & CO,11 MANILA,DiDi,7.0,331200.0,82.8
46086.0,7.Sunday,COL,Medellín,04 BURRITOS & CO,11 MANILA,Rappi,17.0,747500.0,186.88
46086.0,7.Sunday,COL,Medellín,04 BURRITOS & CO,12 LAURELES,DiDi,13.0,766400.0,191.6
46086.0,7.Sunday,COL,Medellín,04 BURRITOS & CO,12 LAURELES,Rappi,20.0,979400.0,244.85
46086.0,7.Sunday,COL,Medellín,04 BURRITOS & CO,14 ENVIGADO,DiDi,6.0,298300.0,74.58
46086.0,7.Sunday,COL,Medellín,04 BURRITOS & CO,14 ENVIGADO,Rappi,6.0,205100.0,51.28
46086.0,7.Sunday,COL,Medellín,04 BURRITOS & CO,18 BELLO,DiDi,7.0,556400.0,139.1
46086.0,7.Sunday,COL,Medellín,04 BURRITOS & CO,18 BELLO,Rappi,2.0,59700.0,14.93
46086.0,7.Sunday,COL,Medellín,04 BURRITOS & CO,29 ITAGUI,DiDi,7.0,463300.0,115.83
46086.0,7.Sunday,COL,Medellín,04 BURRITOS & CO,29 ITAGUI,Rappi,3.0,184500.0,46.13
46086.0,7.Sunday,COL,Medellín,05 CACEROLA,14 ENVIGADO,DiDi,1.0,27900.0,6.98
46086.0,7.Sunday,COL,Medellín,05 CACEROLA,29 ITAGUI,DiDi,1.0,23500.0,5.88
46086.0,7.Sunday,COL,Medellín,07 LA CUADRA,11 MANILA,DiDi,6.0,451000.0,112.75
46086.0,7.Sunday,COL,Medellín,07 LA CUADRA,11 MANILA,Rappi,7.0,479200.0,119.8
46086.0,7.Sunday,COL,Medellín,07 LA CUADRA,12 LAURELES,DiDi,5.0,318200.0,79.55
46086.0,7.Sunday,COL,Medellín,07 LA CUADRA,12 LAURELES,Rappi,7.0,386300.0,96.58
46086.0,7.Sunday,COL,Medellín,07 LA CUADRA,14 ENVIGADO,DiDi,2.0,174300.0,43.58
46086.0,7.Sunday,COL,Medellín,07 LA CUADRA,14 ENVIGADO,Rappi,5.0,370300.0,92.58
46086.0,7.Sunday,COL,Medellín,07 LA CUADRA,18 BELLO,DiDi,2.0,115800.0,28.95
46086.0,7.Sunday,COL,Medellín,07 LA CUADRA,18 BELLO,Rappi,2.0,125800.0,31.45
46086.0,7.Sunday,COL,Medellín,07 LA CUADRA,29 ITAGUI,DiDi,1.0,75900.0,18.98
46086.0,7.Sunday,COL,Medellín,07 LA CUADRA,29 ITAGUI,Rappi,5.0,331000.0,82.75
46086.0,7.Sunday,COL,Medellín,110 MR BEAST BURGER,11 MANILA,DiDi,10.0,450000.0,112.5
46086.0,7.Sunday,COL,Medellín,110 MR BEAST BURGER,11 MANILA,Rappi,5.0,385600.0,96.4
46086.0,7.Sunday,COL,Medellín,110 MR BEAST BURGER,12 LAURELES,DiDi,22.0,1062000.0,265.5
46086.0,7.Sunday,COL,Medellín,110 MR BEAST BURGER,12 LAURELES,Rappi,3.0,145600.0,36.4
46086.0,7.Sunday,COL,Medellín,110 MR BEAST BURGER,14 ENVIGADO,DiDi,27.0,1313100.0,328.28
46086.0,7.Sunday,COL,Medellín,110 MR BEAST BURGER,14 ENVIGADO,Rappi,2.0,84200.0,21.05
46086.0,7.Sunday,COL,Medellín,110 MR BEAST BURGER,18 BELLO,DiDi,12.0,884600.0,221.15
46086.0,7.Sunday,COL,Medellín,110 MR BEAST BURGER,18 BELLO,Rappi,5.0,252200.0,63.05
46086.0,7.Sunday,COL,Medellín,110 MR BEAST BURGER,29 ITAGUI,DiDi,11.0,542500.0,135.63
46086.0,7.Sunday,COL,Medellín,1117 ALMZ LA CASA TU,11 MANILA,Rappi,1.0,47800.0,11.95
46086.0,7.Sunday,COL,Medellín,1118 DEMBOW TUR,11 MANILA,Rappi,3.0,228800.0,57.2
46086.0,7.Sunday,COL,Medellín,1120 FOODOLOGY TUR,11 MANILA,Rappi,1.0,48600.0,12.15
46086.0,7.Sunday,COL,Medellín,113 QUE CHICKEN,11 MANILA,Rappi,1.0,41900.0,10.48
46086.0,7.Sunday,COL,Medellín,113 QUE CHICKEN,12 LAURELES,Rappi,1.0,32500.0,8.13
46086.0,7.Sunday,COL,Medellín,113 QUE CHICKEN,18 BELLO,Rappi,1.0,43900.0,10.98
46086.0,7.Sunday,COL,Medellín,114 MR BEAST TURBO,12 LAURELES,Rappi,12.0,630400.0,157.6
46086.0,7.Sunday,COL,Medellín,117 LA PANQUEQUERIA,11 MANILA,Rappi,3.0,288700.0,72.18
46086.0,7.Sunday,COL,Medellín,117 LA PANQUEQUERIA,12 LAURELES,DiDi,1.0,44300.0,11.08
46086.0,7.Sunday,COL,Medellín,117 LA PANQUEQUERIA,12 LAURELES,Rappi,6.0,246900.0,61.73
46086.0,7.Sunday,COL,Medellín,117 LA PANQUEQUERIA,14 ENVIGADO,Rappi,1.0,69000.0,17.25
46086.0,7.Sunday,COL,Medellín,117 LA PANQUEQUERIA,18 BELLO,Rappi,1.0,34800.0,8.7
46086.0,7.Sunday,COL,Medellín,117 LA PANQUEQUERIA,29 ITAGUI,Rappi,4.0,240000.0,60.0
46086.0,7.Sunday,COL,Medellín,14 BURGER LANE,12 LAURELES,DiDi,1.0,42900.0,10.73
46086.0,7.Sunday,COL,Medellín,14 BURGER LANE,29 ITAGUI,DiDi,1.0,21800.0,5.45
46086.0,7.Sunday,COL,Medellín,205 FROST,11 MANILA,Rappi,1.0,12900.0,3.23
46086.0,7.Sunday,COL,Medellín,205 FROST,12 LAURELES,DiDi,1.0,12900.0,3.23
46086.0,7.Sunday,COL,Medellín,205 FROST,18 BELLO,DiDi,1.0,25800.0,6.45
46086.0,7.Sunday,COL,Medellín,205 FROST,29 ITAGUI,Rappi,1.0,25900.0,6.48
46086.0,7.Sunday,COL,Medellín,26 ALMUERZO DE LA CA,11 MANILA,DiDi,2.0,43800.0,10.95
46086.0,7.Sunday,COL,Medellín,26 ALMUERZO DE LA CA,11 MANILA,Rappi,1.0,71300.0,17.83
46086.0,7.Sunday,COL,Medellín,26 ALMUERZO DE LA CA,12 LAURELES,DiDi,3.0,133900.0,33.48
46086.0,7.Sunday,COL,Medellín,26 ALMUERZO DE LA CA,12 LAURELES,Rappi,1.0,21900.0,5.48
46086.0,7.Sunday,COL,Medellín,26 ALMUERZO DE LA CA,14 ENVIGADO,DiDi,4.0,154900.0,38.73
46086.0,7.Sunday,COL,Medellín,26 ALMUERZO DE LA CA,14 ENVIGADO,Rappi,1.0,53500.0,13.38
46086.0,7.Sunday,COL,Medellín,26 ALMUERZO DE LA CA,18 BELLO,Rappi,2.0,43800.0,10.95
46086.0,7.Sunday,COL,Medellín,27 DESAYUNO MI TIERR,11 MANILA,DiDi,1.0,278000.0,69.5
46086.0,7.Sunday,COL,Medellín,27 DESAYUNO MI TIERR,14 ENVIGADO,DiDi,2.0,130600.0,32.65
46086.0,7.Sunday,COL,Medellín,29 SEÑOR BURRITO,11 MANILA,DiDi,1.0,81800.0,20.45
46086.0,7.Sunday,COL,Medellín,29 SEÑOR BURRITO,12 LAURELES,DiDi,2.0,125600.0,31.4
46086.0,7.Sunday,COL,Medellín,29 SEÑOR BURRITO,12 LAURELES,Rappi,1.0,18800.0,4.7
46086.0,7.Sunday,COL,Medellín,29 SEÑOR BURRITO,18 BELLO,DiDi,2.0,130700.0,32.68
46086.0,7.Sunday,COL,Medellín,33 LA CUADRA DESAYUN,12 LAURELES,Rappi,1.0,40400.0,10.1
46086.0,7.Sunday,COL,Medellín,35 BRUNCH CLUB,11 MANILA,DiDi,2.0,47400.0,11.85
46086.0,7.Sunday,COL,Medellín,35 BRUNCH CLUB,12 LAURELES,DiDi,4.0,176000.0,44.0
46086.0,7.Sunday,COL,Medellín,35 BRUNCH CLUB,14 ENVIGADO,DiDi,2.0,80600.0,20.15
46086.0,7.Sunday,COL,Medellín,35 BRUNCH CLUB,18 BELLO,DiDi,1.0,20500.0,5.13
46086.0,7.Sunday,COL,Medellín,35 BRUNCH CLUB,29 ITAGUI,DiDi,1.0,80700.0,20.18
46086.0,7.Sunday,COL,Medellín,352 BURRITOS & CO TU,11 MANILA,Rappi,25.0,1532400.0,383.1
46086.0,7.Sunday,COL,Medellín,352 BURRITOS & CO TU,12 LAURELES,Rappi,26.0,1319200.0,329.8
46086.0,7.Sunday,COL,Medellín,353 LA CUADRA TURBO,11 MANILA,Rappi,19.0,1387500.0,346.88
46086.0,7.Sunday,COL,Medellín,353 LA CUADRA TURBO,12 LAURELES,Rappi,11.0,748200.0,187.05
46086.0,7.Sunday,COL,Medellín,356 EL JEFE TURBO,11 MANILA,Rappi,2.0,110200.0,27.55
46086.0,7.Sunday,COL,Medellín,359 GREEN HOUSE,11 MANILA,DiDi,7.0,234300.0,58.58
46086.0,7.Sunday,COL,Medellín,359 GREEN HOUSE,11 MANILA,Rappi,6.0,246700.0,61.68
46086.0,7.Sunday,COL,Medellín,359 GREEN HOUSE,12 LAURELES,DiDi,17.0,749200.0,187.3
46086.0,7.Sunday,COL,Medellín,359 GREEN HOUSE,12 LAURELES,Rappi,17.0,779700.0,194.93
46086.0,7.Sunday,COL,Medellín,359 GREEN HOUSE,14 ENVIGADO,DiDi,10.0,461100.0,115.28
46086.0,7.Sunday,COL,Medellín,359 GREEN HOUSE,14 ENVIGADO,Rappi,7.0,302800.0,75.7
46086.0,7.Sunday,COL,Medellín,359 GREEN HOUSE,18 BELLO,DiDi,8.0,388700.0,97.18
46086.0,7.Sunday,COL,Medellín,359 GREEN HOUSE,18 BELLO,Rappi,5.0,259500.0,64.88
46086.0,7.Sunday,COL,Medellín,359 GREEN HOUSE,29 ITAGUI,DiDi,5.0,210300.0,52.58
46086.0,7.Sunday,COL,Medellín,359 GREEN HOUSE,29 ITAGUI,Rappi,1.0,75800.0,18.95
46086.0,7.Sunday,COL,Medellín,362 ÑAMGUCHERIA,11 MANILA,DiDi,1.0,70000.0,17.5
46086.0,7.Sunday,COL,Medellín,362 ÑAMGUCHERIA,11 MANILA,Rappi,5.0,306700.0,76.68
46086.0,7.Sunday,COL,Medellín,362 ÑAMGUCHERIA,12 LAURELES,DiDi,5.0,321500.0,80.38
46086.0,7.Sunday,COL,Medellín,362 ÑAMGUCHERIA,12 LAURELES,Rappi,3.0,135300.0,33.83
46086.0,7.Sunday,COL,Medellín,362 ÑAMGUCHERIA,14 ENVIGADO,DiDi,2.0,107900.0,26.98
46086.0,7.Sunday,COL,Medellín,362 ÑAMGUCHERIA,14 ENVIGADO,Rappi,4.0,227400.0,56.85
46086.0,7.Sunday,COL,Medellín,362 ÑAMGUCHERIA,18 BELLO,Rappi,2.0,71700.0,17.93
46086.0,7.Sunday,COL,Medellín,362 ÑAMGUCHERIA,29 ITAGUI,DiDi,2.0,65400.0,16.35
46086.0,7.Sunday,COL,Medellín,362 ÑAMGUCHERIA,29 ITAGUI,Rappi,2.0,145100.0,36.28
46086.0,7.Sunday,COL,Medellín,363 GREEN HOUSE TURB,12 LAURELES,Rappi,15.0,691400.0,172.85
46086.0,7.Sunday,COL,Medellín,366 HOUSE OF SALADS,11 MANILA,Rappi,2.0,93300.0,23.33
46086.0,7.Sunday,COL,Medellín,366 HOUSE OF SALADS,12 LAURELES,DiDi,4.0,106200.0,26.55
46086.0,7.Sunday,COL,Medellín,366 HOUSE OF SALADS,12 LAURELES,Rappi,3.0,118200.0,29.55
46086.0,7.Sunday,COL,Medellín,366 HOUSE OF SALADS,14 ENVIGADO,Rappi,2.0,126700.0,31.68
46086.0,7.Sunday,COL,Medellín,366 HOUSE OF SALADS,29 ITAGUI,DiDi,1.0,25900.0,6.48
46086.0,7.Sunday,COL,Medellín,369 ÑAMGUCHERIA TURB,12 LAURELES,Rappi,7.0,374400.0,93.6
46086.0,7.Sunday,COL,Medellín,370 MONTEVERDE,11 MANILA,Rappi,1.0,48400.0,12.1
46086.0,7.Sunday,COL,Medellín,370 MONTEVERDE,12 LAURELES,Rappi,4.0,178300.0,44.58
46086.0,7.Sunday,COL,Medellín,370 MONTEVERDE,14 ENVIGADO,DiDi,1.0,39900.0,9.98
46086.0,7.Sunday,COL,Medellín,370 MONTEVERDE,14 ENVIGADO,Rappi,2.0,94000.0,23.5
46086.0,7.Sunday,COL,Medellín,380 BREAKFAST CLUB,11 MANILA,DiDi,1.0,78100.0,19.53
46086.0,7.Sunday,COL,Medellín,380 BREAKFAST CLUB,11 MANILA,Rappi,23.0,1653300.0,413.33
46086.0,7.Sunday,COL,Medellín,380 BREAKFAST CLUB,12 LAURELES,DiDi,2.0,86100.0,21.53
46086.0,7.Sunday,COL,Medellín,380 BREAKFAST CLUB,14 ENVIGADO,DiDi,7.0,393200.0,98.3
46086.0,7.Sunday,COL,Medellín,380 BREAKFAST CLUB,14 ENVIGADO,Rappi,14.0,787300.0,196.83
46086.0,7.Sunday,COL,Medellín,380 BREAKFAST CLUB,18 BELLO,Rappi,3.0,239900.0,59.98
46086.0,7.Sunday,COL,Medellín,380 BREAKFAST CLUB,29 ITAGUI,DiDi,1.0,31600.0,7.9
46086.0,7.Sunday,COL,Medellín,380 BREAKFAST CLUB,29 ITAGUI,Rappi,3.0,225600.0,56.4
46086.0,7.Sunday,COL,Medellín,381 DESAYU LA ABUELA,11 MANILA,DiDi,2.0,170500.0,42.63
46086.0,7.Sunday,COL,Medellín,381 DESAYU LA ABUELA,11 MANILA,Rappi,34.0,2353300.0,588.33
46086.0,7.Sunday,COL,Medellín,381 DESAYU LA ABUELA,12 LAURELES,DiDi,2.0,128000.0,32.0
46086.0,7.Sunday,COL,Medellín,381 DESAYU LA ABUELA,12 LAURELES,Rappi,43.0,3364500.0,841.13
46086.0,7.Sunday,COL,Medellín,381 DESAYU LA ABUELA,14 ENVIGADO,DiDi,8.0,729900.0,182.48
46086.0,7.Sunday,COL,Medellín,381 DESAYU LA ABUELA,14 ENVIGADO,Rappi,17.0,1482400.0,370.6
46086.0,7.Sunday,COL,Medellín,381 DESAYU LA ABUELA,18 BELLO,DiDi,7.0,376300.0,94.08
46086.0,7.Sunday,COL,Medellín,381 DESAYU LA ABUELA,18 BELLO,Rappi,11.0,901800.0,225.45
46086.0,7.Sunday,COL,Medellín,381 DESAYU LA ABUELA,29 ITAGUI,DiDi,1.0,52700.0,13.18
46086.0,7.Sunday,COL,Medellín,381 DESAYU LA ABUELA,29 ITAGUI,Rappi,10.0,784300.0,196.08
46086.0,7.Sunday,COL,Medellín,383 BOTTANIKO TURBO,11 MANILA,Rappi,1.0,65400.0,16.35
46086.0,7.Sunday,COL,Medellín,385 MAÑANERO TURBO,11 MANILA,Rappi,1.0,59600.0,14.9
46086.0,7.Sunday,COL,Medellín,386 LA CASA MEXICANA,11 MANILA,DiDi,9.0,438600.0,109.65
46086.0,7.Sunday,COL,Medellín,386 LA CASA MEXICANA,11 MANILA,Rappi,2.0,102700.0,25.68
46086.0,7.Sunday,COL,Medellín,386 LA CASA MEXICANA,12 LAURELES,DiDi,11.0,517900.0,129.48
46086.0,7.Sunday,COL,Medellín,386 LA CASA MEXICANA,12 LAURELES,Rappi,2.0,55400.0,13.85
46086.0,7.Sunday,COL,Medellín,386 LA CASA MEXICANA,14 ENVIGADO,DiDi,15.0,771100.0,192.78
46086.0,7.Sunday,COL,Medellín,386 LA CASA MEXICANA,18 BELLO,DiDi,7.0,368000.0,92.0
46086.0,7.Sunday,COL,Medellín,386 LA CASA MEXICANA,18 BELLO,Rappi,2.0,53800.0,13.45
46086.0,7.Sunday,COL,Medellín,386 LA CASA MEXICANA,29 ITAGUI,DiDi,3.0,175200.0,43.8
46086.0,7.Sunday,COL,Medellín,386 LA CASA MEXICANA,29 ITAGUI,Rappi,1.0,22500.0,5.63
46086.0,7.Sunday,COL,Medellín,387 THE EGG SPOT,11 MANILA,Rappi,6.0,307900.0,76.98
46086.0,7.Sunday,COL,Medellín,387 THE EGG SPOT,12 LAURELES,DiDi,1.0,47800.0,11.95
46086.0,7.Sunday,COL,Medellín,387 THE EGG SPOT,12 LAURELES,Rappi,3.0,272200.0,68.05
46086.0,7.Sunday,COL,Medellín,387 THE EGG SPOT,14 ENVIGADO,Rappi,1.0,117000.0,29.25
46086.0,7.Sunday,COL,Medellín,387 THE EGG SPOT,29 ITAGUI,Rappi,1.0,98800.0,24.7
46086.0,7.Sunday,COL,Medellín,388 FOODHUB,18 BELLO,DiDi,1.0,37000.0,9.25
46086.0,7.Sunday,COL,Medellín,388 FOODHUB,29 ITAGUI,DiDi,2.0,49800.0,12.45
46086.0,7.Sunday,COL,Medellín,388 FOODHUB,29 ITAGUI,Rappi,1.0,116600.0,29.15
46086.0,7.Sunday,COL,Medellín,392 HONEST FOOD,11 MANILA,DiDi,1.0,101200.0,25.3
46086.0,7.Sunday,COL,Medellín,392 HONEST FOOD,11 MANILA,Rappi,3.0,244200.0,61.05
46086.0,7.Sunday,COL,Medellín,392 HONEST FOOD,12 LAURELES,Rappi,4.0,240200.0,60.05
46086.0,7.Sunday,COL,Medellín,392 HONEST FOOD,14 ENVIGADO,Rappi,1.0,72000.0,18.0
46086.0,7.Sunday,COL,Medellín,392 MONTEVERDE TURB,11 MANILA,Rappi,4.0,100800.0,25.2
46086.0,7.Sunday,COL,Medellín,392 MONTEVERDE TURB,12 LAURELES,Rappi,5.0,211600.0,52.9
46086.0,7.Sunday,COL,Medellín,393 EL EJECUTIVO,11 MANILA,DiDi,1.0,24900.0,6.23
46086.0,7.Sunday,COL,Medellín,393 EL EJECUTIVO,12 LAURELES,DiDi,1.0,30300.0,7.58
46086.0,7.Sunday,COL,Medellín,393 EL EJECUTIVO,12 LAURELES,Rappi,2.0,107200.0,26.8
46086.0,7.Sunday,COL,Medellín,393 EL EJECUTIVO,14 ENVIGADO,DiDi,1.0,35900.0,8.98
46086.0,7.Sunday,COL,Medellín,393 EL EJECUTIVO,18 BELLO,DiDi,2.0,89300.0,22.33
46086.0,7.Sunday,COL,Medellín,393 EL EJECUTIVO,18 BELLO,Rappi,1.0,28400.0,7.1
46086.0,7.Sunday,COL,Medellín,393 EL EJECUTIVO,29 ITAGUI,DiDi,1.0,60600.0,15.15
46086.0,7.Sunday,COL,Medellín,393 HOUSEBURGER TURB,11 MANILA,Rappi,1.0,49700.0,12.43
46086.0,7.Sunday,COL,Medellín,394 COCINA CONSCIENT,11 MANILA,Rappi,1.0,57600.0,14.4
46086.0,7.Sunday,COL,Medellín,394 COCINA CONSCIENT,12 LAURELES,DiDi,1.0,51000.0,12.75
46086.0,7.Sunday,COL,Medellín,394 COCINA CONSCIENT,18 BELLO,Rappi,1.0,32900.0,8.23
46086.0,7.Sunday,COL,Medellín,395 BISTRO - TURBO,11 MANILA,Rappi,1.0,25500.0,6.38
46086.0,7.Sunday,COL,Medellín,395 BISTRO - TURBO,12 LAURELES,Rappi,1.0,49900.0,12.48
46086.0,7.Sunday,COL,Medellín,397 CACEROLA - TURBO,11 MANILA,Rappi,1.0,44600.0,11.15
46086.0,7.Sunday,COL,Medellín,401 DESA ABUELA TURBO,11 MANILA,Rappi,3.0,120800.0,30.2
46086.0,7.Sunday,COL,Medellín,401 DESA ABUELA TURBO,12 LAURELES,Rappi,2.0,102200.0,25.55
46086.0,7.Sunday,COL,Medellín,402 EJECUT TRAD TURBO,11 MANILA,Rappi,1.0,95300.0,23.83
46086.0,7.Sunday,COL,Medellín,403 HONEST FOOD TURBO,11 MANILA,Rappi,4.0,274800.0,68.7
46086.0,7.Sunday,COL,Medellín,403 HONEST FOOD TURBO,12 LAURELES,Rappi,5.0,268700.0,67.18
46086.0,7.Sunday,COL,Medellín,405 BREAKFACLUB TURBO,11 MANILA,Rappi,9.0,847400.0,211.85
46086.0,7.Sunday,COL,Medellín,405 BREAKFACLUB TURBO,12 LAURELES,Rappi,5.0,231100.0,57.78
46086.0,7.Sunday,COL,Medellín,409 THE EGG SPOT TU,11 MANILA,Rappi,8.0,493900.0,123.48
46086.0,7.Sunday,COL,Medellín,409 THE EGG SPOT TU,12 LAURELES,Rappi,3.0,177600.0,44.4
46086.0,7.Sunday,COL,Medellín,413 HOUSE SALAD TURB,11 MANILA,Rappi,3.0,168700.0,42.18
46086.0,7.Sunday,COL,Medellín,413 HOUSE SALAD TURB,12 LAURELES,Rappi,2.0,101300.0,25.33
46086.0,7.Sunday,COL,Medellín,419 CASA ARABE,12 LAURELES,Rappi,1.0,43500.0,10.88
46086.0,7.Sunday,COL,Medellín,419 CASA ARABE,29 ITAGUI,Rappi,2.0,68400.0,17.1
46086.0,7.Sunday,COL,Medellín,420 DESGRANADOS & CO,18 BELLO,Rappi,1.0,34500.0,8.63
46086.0,7.Sunday,COL,Medellín,420 DESGRANADOS & CO,29 ITAGUI,Rappi,1.0,45400.0,11.35
46086.0,7.Sunday,COL,Medellín,421 ACPM CORRI TURBO,11 MANILA,Rappi,1.0,20500.0,5.13
46086.0,7.Sunday,COL,Medellín,423 DESAY TIERRITURB,11 MANILA,Rappi,1.0,85600.0,21.4
46086.0,7.Sunday,COL,Medellín,425 LA CASA MEXITURB,11 MANILA,Rappi,3.0,185000.0,46.25
46086.0,7.Sunday,COL,Medellín,425 LA CASA MEXITURB,12 LAURELES,Rappi,2.0,91800.0,22.95
46086.0,7.Sunday,COL,Medellín,428 SELVATIKO TURBO,11 MANILA,Rappi,2.0,115900.0,28.98
46086.0,7.Sunday,COL,Medellín,428 SELVATIKO TURBO,12 LAURELES,Rappi,1.0,47800.0,11.95
46086.0,7.Sunday,COL,Medellín,429 SEÑOR BURRI TURB,11 MANILA,Rappi,3.0,136200.0,34.05
46086.0,7.Sunday,COL,Medellín,429 SEÑOR BURRI TURB,12 LAURELES,Rappi,1.0,38400.0,9.6
46086.0,7.Sunday,COL,Medellín,431 DESGRA & CO TURB,11 MANILA,Rappi,10.0,749300.0,187.33
46086.0,7.Sunday,COL,Medellín,431 DESGRA & CO TURB,12 LAURELES,Rappi,3.0,107700.0,26.93
46086.0,7.Sunday,COL,Medellín,44 SELVATIKO,12 LAURELES,DiDi,1.0,14900.0,3.73
46086.0,7.Sunday,COL,Medellín,44 SELVATIKO,12 LAURELES,Rappi,1.0,47700.0,11.93
46086.0,7.Sunday,COL,Medellín,448 DESAY COLOMBIANO,11 MANILA,Rappi,5.0,145200.0,36.3
46086.0,7.Sunday,COL,Medellín,448 DESAY COLOMBIANO,12 LAURELES,Rappi,3.0,193800.0,48.45
46086.0,7.Sunday,COL,Medellín,448 DESAY COLOMBIANO,14 ENVIGADO,Rappi,2.0,60600.0,15.15
46086.0,7.Sunday,COL,Medellín,448 DESAY COLOMBIANO,18 BELLO,Rappi,2.0,62700.0,15.68
46086.0,7.Sunday,COL,Medellín,448 DESAY COLOMBIANO,29 ITAGUI,Rappi,5.0,149200.0,37.3
46086.0,7.Sunday,COL,Medellín,54 FOODOLOGY,11 MANILA,DiDi,1.0,51600.0,12.9
46086.0,7.Sunday,COL,Medellín,54 FOODOLOGY,14 ENVIGADO,DiDi,1.0,34500.0,8.63
46086.0,7.Sunday,COL,Medellín,54 FOODOLOGY,14 ENVIGADO,Rappi,2.0,111700.0,27.93
46086.0,7.Sunday,COL,Medellín,54 FOODOLOGY,18 BELLO,DiDi,1.0,26800.0,6.7
46086.0,7.Sunday,COL,Medellín,54 FOODOLOGY,18 BELLO,Rappi,1.0,28700.0,7.18
46086.0,7.Sunday,COL,Medellín,57 PRET SANDWICH BIS,11 MANILA,Rappi,2.0,83800.0,20.95
46086.0,7.Sunday,COL,Medellín,57 PRET SANDWICH BIS,12 LAURELES,Rappi,3.0,86800.0,21.7
46086.0,7.Sunday,COL,Medellín,57 PRET SANDWICH BIS,18 BELLO,Rappi,1.0,29800.0,7.45
46086.0,7.Sunday,COL,Medellín,57 PRET SANDWICH BIS,29 ITAGUI,Rappi,1.0,41900.0,10.48
46086.0,7.Sunday,COL,Medellín,58 ALBA VEGETARIAN,11 MANILA,DiDi,3.0,204300.0,51.08
46086.0,7.Sunday,COL,Medellín,58 ALBA VEGETARIAN,11 MANILA,Rappi,2.0,98200.0,24.55
46086.0,7.Sunday,COL,Medellín,58 ALBA VEGETARIAN,12 LAURELES,DiDi,4.0,255700.0,63.93
46086.0,7.Sunday,COL,Medellín,58 ALBA VEGETARIAN,14 ENVIGADO,DiDi,3.0,113600.0,28.4
46086.0,7.Sunday,COL,Medellín,58 ALBA VEGETARIAN,18 BELLO,DiDi,3.0,208300.0,52.08
46086.0,7.Sunday,COL,Medellín,58 ALBA VEGETARIAN,29 ITAGUI,DiDi,1.0,37500.0,9.38
46086.0,7.Sunday,COL,Medellín,58 ALBA VEGETARIAN,29 ITAGUI,Rappi,1.0,42700.0,10.68
46086.0,7.Sunday,COL,Medellín,59 DEMBOW,11 MANILA,Rappi,1.0,44900.0,11.23
46086.0,7.Sunday,COL,Medellín,59 DEMBOW,12 LAURELES,Rappi,2.0,64700.0,16.18
46086.0,7.Sunday,COL,Medellín,59 DEMBOW,14 ENVIGADO,Rappi,1.0,148200.0,37.05
46086.0,7.Sunday,COL,Medellín,59 DEMBOW,18 BELLO,DiDi,1.0,43400.0,10.85
46086.0,7.Sunday,COL,Medellín,65 SAN JERONIMO HELA,11 MANILA,Rappi,2.0,200000.0,50.0
46086.0,7.Sunday,COL,Medellín,65 SAN JERONIMO HELA,12 LAURELES,Rappi,1.0,50000.0,12.5
46086.0,7.Sunday,COL,Medellín,65 SAN JERONIMO HELA,14 ENVIGADO,DiDi,1.0,25000.0,6.25
46086.0,7.Sunday,COL,Medellín,66 MAÑANERO DIARIO,11 MANILA,Rappi,1.0,43300.0,10.83
46086.0,7.Sunday,COL,Medellín,66 MAÑANERO DIARIO,29 ITAGUI,Rappi,1.0,36800.0,9.2
46086.0,7.Sunday,COL,Medellín,70 BURRITO CANTINA,29 ITAGUI,Rappi,1.0,24800.0,6.2
46086.0,7.Sunday,COL,Medellín,72 VICIO,11 MANILA,Rappi,1.0,83800.0,20.95
46086.0,7.Sunday,COL,Medellín,72 VICIO,14 ENVIGADO,DiDi,1.0,29500.0,7.38
46086.0,7.Sunday,COL,Medellín,82 CINNABON,11 MANILA,Rappi,4.0,140600.0,35.15
46086.0,7.Sunday,COL,Medellín,82 CINNABON,12 LAURELES,Rappi,15.0,573400.0,143.35
46086.0,7.Sunday,COL,Medellín,82 CINNABON,14 ENVIGADO,Rappi,7.0,256100.0,64.03
46086.0,7.Sunday,COL,Medellín,82 CINNABON,18 BELLO,Rappi,8.0,271800.0,67.95
46086.0,7.Sunday,COL,Medellín,82 CINNABON,29 ITAGUI,DiDi,4.0,98600.0,24.65
46086.0,7.Sunday,COL,Medellín,82 CINNABON,29 ITAGUI,Rappi,9.0,348000.0,87.0
46086.0,7.Sunday,COL,Medellín,83 SANDUCHES EL JEFE,11 MANILA,DiDi,1.0,51000.0,12.75
46086.0,7.Sunday,COL,Medellín,83 SANDUCHES EL JEFE,11 MANILA,Rappi,1.0,54400.0,13.6
46086.0,7.Sunday,COL,Medellín,83 SANDUCHES EL JEFE,12 LAURELES,DiDi,2.0,51000.0,12.75
46086.0,7.Sunday,COL,Medellín,83 SANDUCHES EL JEFE,14 ENVIGADO,DiDi,3.0,76900.0,19.23
46086.0,7.Sunday,COL,Medellín,83 SANDUCHES EL JEFE,18 BELLO,DiDi,3.0,192800.0,48.2
46086.0,7.Sunday,COL,Medellín,83 SANDUCHES EL JEFE,18 BELLO,Rappi,5.0,258600.0,64.65
46086.0,7.Sunday,COL,Medellín,83 SANDUCHES EL JEFE,29 ITAGUI,DiDi,5.0,302700.0,75.68
46086.0,7.Sunday,COL,Medellín,84 CINNABON PASE,57 SANTAFE MED,FoodologyPOS,33.0,784800.0,196.2
46086.0,7.Sunday,COL,Medellín,84 CINNABON PASE,57 SANTAFE MED,Rappi,4.0,120600.0,30.15
46086.0,7.Sunday,COL,Medellín,84 CINNABON PASE,58 VIVA MED,DiDi,1.0,34400.0,8.6
46086.0,7.Sunday,COL,Medellín,84 CINNABON PASE,58 VIVA MED,FoodologyPOS,33.0,520800.0,130.2
46086.0,7.Sunday,COL,Medellín,84 CINNABON PASE,58 VIVA MED,Rappi,1.0,11500.0,2.88
46086.0,7.Sunday,COL,Medellín,86 FROST TURBO,11 MANILA,Rappi,6.0,201600.0,50.4
46086.0,7.Sunday,COL,Medellín,86 FROST TURBO,12 LAURELES,Rappi,4.0,132200.0,33.05
46086.0,7.Sunday,COL,Medellín,87 VICIO TURBO,11 MANILA,Rappi,5.0,210300.0,52.58
46086.0,7.Sunday,COL,Medellín,88 CINNABON TURBO,11 MANILA,Rappi,8.0,308700.0,77.18
46086.0,7.Sunday,COL,Medellín,88 CINNABON TURBO,12 LAURELES,Rappi,11.0,386600.0,96.65
46086.0,7.Sunday,COL,Medellín,90 AVOCALIA TURBO,11 MANILA,Rappi,30.0,1667400.0,416.85
46086.0,7.Sunday,COL,Medellín,90 AVOCALIA TURBO,12 LAURELES,Rappi,16.0,695300.0,173.83
46086.0,7.Sunday,COL,Medellín,92 BRUNCH&MUNCH TURB,11 MANILA,Rappi,23.0,1389900.0,347.48
46086.0,7.Sunday,COL,Medellín,92 BRUNCH&MUNCH TURB,12 LAURELES,Rappi,12.0,793200.0,198.3
46086.0,7.Sunday,COL,Medellín,93 SAN JERONIMO TURB,11 MANILA,Rappi,10.0,425500.0,106.38
46086.0,7.Sunday,COL,Medellín,93 SAN JERONIMO TURB,12 LAURELES,Rappi,4.0,92000.0,23.0
46086.0,7.Sunday,COL,Pereira,01 AVOCALIA,28 PEREIRA,Rappi,14.0,683400.0,170.85
46086.0,7.Sunday,COL,Pereira,03 BRUNCH & MUNCH,28 PEREIRA,Rappi,13.0,829800.0,207.45
46086.0,7.Sunday,COL,Pereira,04 BURRITOS & CO,28 PEREIRA,Rappi,6.0,297200.0,74.3
46086.0,7.Sunday,COL,Pereira,07 LA CUADRA,28 PEREIRA,Rappi,8.0,460300.0,115.08
46086.0,7.Sunday,COL,Pereira,110 MR BEAST BURGER,28 PEREIRA,Rappi,3.0,125000.0,31.25
46086.0,7.Sunday,COL,Pereira,26 ALMUERZO DE LA CA,28 PEREIRA,Rappi,5.0,110400.0,27.6
46086.0,7.Sunday,COL,Pereira,29 SEÑOR BURRITO,28 PEREIRA,Rappi,1.0,49200.0,12.3
46086.0,7.Sunday,COL,Pereira,359 GREEN HOUSE,28 PEREIRA,Rappi,2.0,98400.0,24.6
46086.0,7.Sunday,COL,Pereira,362 ÑAMGUCHERIA,28 PEREIRA,Rappi,10.0,548100.0,137.03
46086.0,7.Sunday,COL,Pereira,380 BREAKFAST CLUB,28 PEREIRA,Rappi,5.0,324600.0,81.15
46086.0,7.Sunday,COL,Pereira,381 DESAYU LA ABUELA,28 PEREIRA,Rappi,18.0,1023600.0,255.9
46086.0,7.Sunday,COL,Pereira,386 LA CASA MEXICANA,28 PEREIRA,Rappi,3.0,118500.0,29.63
46086.0,7.Sunday,COL,Pereira,387 THE EGG SPOT,28 PEREIRA,Rappi,1.0,26900.0,6.73
46086.0,7.Sunday,COL,Pereira,392 HONEST FOOD,28 PEREIRA,Rappi,2.0,74900.0,18.73
46086.0,7.Sunday,COL,Pereira,393 EL EJECUTIVO,28 PEREIRA,Rappi,2.0,64000.0,16.0
46086.0,7.Sunday,COL,Pereira,420 DESGRANADOS & CO,28 PEREIRA,Rappi,1.0,33900.0,8.48
46086.0,7.Sunday,COL,Pereira,448 DESAY COLOMBIANO,28 PEREIRA,Rappi,3.0,132400.0,33.1
46086.0,7.Sunday,COL,Pereira,58 ALBA VEGETARIAN,28 PEREIRA,Rappi,2.0,98800.0,24.7
46086.0,7.Sunday,COL,Pereira,70 BURRITO CANTINA,28 PEREIRA,Rappi,1.0,92100.0,23.03
46086.0,7.Sunday,COL,Pereira,82 CINNABON,28 PEREIRA,Rappi,5.0,206100.0,51.53
46086.0,7.Sunday,COL,Pereira,83 SANDUCHES EL JEFE,28 PEREIRA,Rappi,2.0,101900.0,25.48
46086.0,7.Sunday,COL,Santa Marta,03 BRUNCH & MUNCH,44 SANTA MARTA,Rappi,0.0,0.0,0.0
46300.0,7.Sunday,COL,Barranquilla,01 AVOCALIA,32 BARRANQUILLA,DiDi,1.0,32500.0,8.13
46300.0,7.Sunday,COL,Barranquilla,01 AVOCALIA,32 BARRANQUILLA,Rappi,28.0,1626600.0,406.65
46300.0,7.Sunday,COL,Barranquilla,02 BOTTANIKO,32 BARRANQUILLA,Rappi,1.0,95700.0,23.93
46300.0,7.Sunday,COL,Barranquilla,03 BRUNCH & MUNCH,32 BARRANQUILLA,DiDi,4.0,291900.0,72.98
46300.0,7.Sunday,COL,Barranquilla,03 BRUNCH & MUNCH,32 BARRANQUILLA,FoodologyPOS,3.0,150800.0,37.7
46300.0,7.Sunday,COL,Barranquilla,03 BRUNCH & MUNCH,32 BARRANQUILLA,Rappi,92.0,8240100.0,2060.03
46300.0,7.Sunday,COL,Barranquilla,04 BURRITOS & CO,32 BARRANQUILLA,DiDi,4.0,93200.0,23.3
46300.0,7.Sunday,COL,Barranquilla,04 BURRITOS & CO,32 BARRANQUILLA,Rappi,23.0,1189500.0,297.38
46300.0,7.Sunday,COL,Barranquilla,07 LA CUADRA,32 BARRANQUILLA,DiDi,4.0,219700.0,54.93
46300.0,7.Sunday,COL,Barranquilla,07 LA CUADRA,32 BARRANQUILLA,Rappi,20.0,1326100.0,331.53
46300.0,7.Sunday,COL,Barranquilla,110 MR BEAST BURGER,32 BARRANQUILLA,DiDi,19.0,805000.0,201.25
46300.0,7.Sunday,COL,Barranquilla,110 MR BEAST BURGER,32 BARRANQUILLA,Rappi,10.0,445400.0,111.35
46300.0,7.Sunday,COL,Barranquilla,117 LA PANQUEQUERIA,32 BARRANQUILLA,Rappi,6.0,341500.0,85.38
46300.0,7.Sunday,COL,Barranquilla,205 FROST,32 BARRANQUILLA,DiDi,1.0,38700.0,9.68
46300.0,7.Sunday,COL,Barranquilla,205 FROST,32 BARRANQUILLA,Rappi,1.0,25800.0,6.45
46300.0,7.Sunday,COL,Barranquilla,26 ALMUERZO DE LA CA,32 BARRANQUILLA,DiDi,6.0,212700.0,53.18
46300.0,7.Sunday,COL,Barranquilla,26 ALMUERZO DE LA CA,32 BARRANQUILLA,Rappi,2.0,46700.0,11.68
46300.0,7.Sunday,COL,Barranquilla,27 DESAYUNO MI TIERR,32 BARRANQUILLA,Rappi,1.0,91300.0,22.83
46300.0,7.Sunday,COL,Barranquilla,33 LA CUADRA DESAYUN,32 BARRANQUILLA,Rappi,1.0,45600.0,11.4
46300.0,7.Sunday,COL,Barranquilla,352 BURRITOS & CO TU,32 BARRANQUILLA,Rappi,8.0,409100.0,102.28
46300.0,7.Sunday,COL,Barranquilla,353 LA CUADRA TURBO,32 BARRANQUILLA,Rappi,6.0,265400.0,66.35
46300.0,7.Sunday,COL,Barranquilla,359 GREEN HOUSE,32 BARRANQUILLA,DiDi,12.0,350800.0,87.7
46300.0,7.Sunday,COL,Barranquilla,359 GREEN HOUSE,32 BARRANQUILLA,Rappi,35.0,1488700.0,372.18
46300.0,7.Sunday,COL,Barranquilla,362 ÑAMGUCHERIA,32 BARRANQUILLA,DiDi,4.0,183500.0,45.88
46300.0,7.Sunday,COL,Barranquilla,362 ÑAMGUCHERIA,32 BARRANQUILLA,Rappi,4.0,170900.0,42.73
46300.0,7.Sunday,COL,Barranquilla,366 HOUSE OF SALADS,32 BARRANQUILLA,DiDi,1.0,26900.0,6.73
46300.0,7.Sunday,COL,Barranquilla,366 HOUSE OF SALADS,32 BARRANQUILLA,Rappi,3.0,113300.0,28.33
46300.0,7.Sunday,COL,Barranquilla,370 MONTEVERDE,32 BARRANQUILLA,Rappi,1.0,22900.0,5.73
46300.0,7.Sunday,COL,Barranquilla,380 BREAKFAST CLUB,32 BARRANQUILLA,Rappi,49.0,2923700.0,730.93
46300.0,7.Sunday,COL,Barranquilla,381 DESAYU LA ABUELA,32 BARRANQUILLA,DiDi,4.0,283700.0,70.93
46300.0,7.Sunday,COL,Barranquilla,381 DESAYU LA ABUELA,32 BARRANQUILLA,Rappi,60.0,4503400.0,1125.85
46300.0,7.Sunday,COL,Barranquilla,383 BOTTANIKO TURBO,32 BARRANQUILLA,Rappi,2.0,105400.0,26.35
46300.0,7.Sunday,COL,Barranquilla,386 LA CASA MEXICANA,32 BARRANQUILLA,DiDi,4.0,101600.0,25.4
46300.0,7.Sunday,COL,Barranquilla,386 LA CASA MEXICANA,32 BARRANQUILLA,Rappi,3.0,348500.0,87.13
46300.0,7.Sunday,COL,Barranquilla,387 THE EGG SPOT,32 BARRANQUILLA,Rappi,1.0,62000.0,15.5
46300.0,7.Sunday,COL,Barranquilla,388 FOODHUB,32 BARRANQUILLA,Rappi,2.0,156500.0,39.13
46300.0,7.Sunday,COL,Barranquilla,392 HONEST FOOD,32 BARRANQUILLA,Rappi,7.0,339100.0,84.78
46300.0,7.Sunday,COL,Barranquilla,392 MONTEVERDE TURB,32 BARRANQUILLA,Rappi,3.0,104900.0,26.23
46300.0,7.Sunday,COL,Barranquilla,393 EL EJECUTIVO,32 BARRANQUILLA,DiDi,3.0,92700.0,23.18
46300.0,7.Sunday,COL,Barranquilla,393 EL EJECUTIVO,32 BARRANQUILLA,Rappi,1.0,20900.0,5.23
46300.0,7.Sunday,COL,Barranquilla,394 COCINA CONSCIENT,32 BARRANQUILLA,DiDi,1.0,48800.0,12.2
46300.0,7.Sunday,COL,Barranquilla,395 BISTRO - TURBO,32 BARRANQUILLA,Rappi,1.0,23900.0,5.98
46300.0,7.Sunday,COL,Barranquilla,396 NUMA MEDITERRAN,32 BARRANQUILLA,Rappi,1.0,27900.0,6.98
46300.0,7.Sunday,COL,Barranquilla,401 DESA ABUELA TURBO,32 BARRANQUILLA,Rappi,4.0,165500.0,41.38
46300.0,7.Sunday,COL,Barranquilla,402 EJECUT TRAD TURBO,32 BARRANQUILLA,Rappi,1.0,29800.0,7.45
46300.0,7.Sunday,COL,Barranquilla,403 HONEST FOOD TURBO,32 BARRANQUILLA,Rappi,1.0,130400.0,32.6
46300.0,7.Sunday,COL,Barranquilla,405 BREAKFACLUB TURBO,32 BARRANQUILLA,Rappi,3.0,156600.0,39.15
46300.0,7.Sunday,COL,Barranquilla,419 CASA ARABE,32 BARRANQUILLA,Rappi,3.0,82700.0,20.68
46300.0,7.Sunday,COL,Barranquilla,421 ACPM CORRI TURBO,32 BARRANQUILLA,Rappi,4.0,166400.0,41.6
46300.0,7.Sunday,COL,Barranquilla,425 LA CASA MEXITURB,32 BARRANQUILLA,Rappi,1.0,32900.0,8.23
46300.0,7.Sunday,COL,Barranquilla,429 SEÑOR BURRI TURB,32 BARRANQUILLA,Rappi,1.0,23500.0,5.88
46300.0,7.Sunday,COL,Barranquilla,448 DESAY COLOMBIANO,32 BARRANQUILLA,Rappi,15.0,574700.0,143.68
46300.0,7.Sunday,COL,Barranquilla,54 FOODOLOGY,32 BARRANQUILLA,Rappi,5.0,326900.0,81.73
46300.0,7.Sunday,COL,Barranquilla,57 PRET SANDWICH BIS,32 BARRANQUILLA,Rappi,3.0,141600.0,35.4
46300.0,7.Sunday,COL,Barranquilla,58 ALBA VEGETARIAN,32 BARRANQUILLA,Rappi,1.0,21500.0,5.38
46300.0,7.Sunday,COL,Barranquilla,66 MAÑANERO DIARIO,32 BARRANQUILLA,Rappi,5.0,250700.0,62.68
46300.0,7.Sunday,COL,Barranquilla,70 BURRITO CANTINA,32 BARRANQUILLA,Rappi,2.0,75800.0,18.95
46300.0,7.Sunday,COL,Barranquilla,72 VICIO,32 BARRANQUILLA,Rappi,1.0,30900.0,7.73
46300.0,7.Sunday,COL,Barranquilla,82 CINNABON,32 BARRANQUILLA,DiDi,4.0,48400.0,12.1
46300.0,7.Sunday,COL,Barranquilla,82 CINNABON,32 BARRANQUILLA,FoodologyPOS,1.0,11500.0,2.88
46300.0,7.Sunday,COL,Barranquilla,82 CINNABON,32 BARRANQUILLA,Rappi,29.0,1033100.0,258.28
46300.0,7.Sunday,COL,Barranquilla,83 SANDUCHES EL JEFE,32 BARRANQUILLA,DiDi,1.0,51000.0,12.75
46300.0,7.Sunday,COL,Barranquilla,83 SANDUCHES EL JEFE,32 BARRANQUILLA,Rappi,4.0,291600.0,72.9
46300.0,7.Sunday,COL,Barranquilla,86 FROST TURBO,32 BARRANQUILLA,Rappi,3.0,103300.0,25.83
46300.0,7.Sunday,COL,Barranquilla,87 VICIO TURBO,32 BARRANQUILLA,Rappi,2.0,52700.0,13.18
46300.0,7.Sunday,COL,Barranquilla,88 CINNABON TURBO,32 BARRANQUILLA,Rappi,8.0,362300.0,90.58
46300.0,7.Sunday,COL,Barranquilla,92 BRUNCH&MUNCH TURB,32 BARRANQUILLA,Rappi,3.0,236600.0,59.15
46300.0,7.Sunday,COL,Barranquilla,93 SAN JERONIMO TURB,32 BARRANQUILLA,Rappi,1.0,34500.0,8.63
46300.0,7.Sunday,COL,Bogotá,01 AVOCALIA,01 USAQUEN,Rappi,10.0,556900.0,139.23
46300.0,7.Sunday,COL,Bogotá,01 AVOCALIA,02 PARQUE 93,DiDi,2.0,65300.0,16.33
46300.0,7.Sunday,COL,Bogotá,01 AVOCALIA,02 PARQUE 93,Rappi,20.0,1000000.0,250.0
46300.0,7.Sunday,COL,Bogotá,01 AVOCALIA,03 CHAPINERO,DiDi,1.0,32500.0,8.13
46300.0,7.Sunday,COL,Bogotá,01 AVOCALIA,03 CHAPINERO,Rappi,17.0,645900.0,161.48
46300.0,7.Sunday,COL,Bogotá,01 AVOCALIA,06 COLINA,DiDi,1.0,76900.0,19.23
46300.0,7.Sunday,COL,Bogotá,01 AVOCALIA,06 COLINA,Rappi,23.0,1118100.0,279.53
46300.0,7.Sunday,COL,Bogotá,01 AVOCALIA,08 ANDES,DiDi,1.0,63400.0,15.85
46300.0,7.Sunday,COL,Bogotá,01 AVOCALIA,08 ANDES,Rappi,9.0,455700.0,113.93
46300.0,7.Sunday,COL,Bogotá,01 AVOCALIA,13 CHIA,Rappi,5.0,306900.0,76.73
46300.0,7.Sunday,COL,Bogotá,01 AVOCALIA,15 ENGATIVA,Rappi,7.0,408900.0,102.23
46300.0,7.Sunday,COL,Bogotá,01 AVOCALIA,36 VILLA DEL PRADO,Rappi,8.0,463800.0,115.95
46300.0,7.Sunday,COL,Bogotá,01 AVOCALIA,38 KENNEDY,Rappi,3.0,122200.0,30.55
46300.0,7.Sunday,COL,Bogotá,01 AVOCALIA,45 VERAGUAS,DiDi,1.0,51300.0,12.83
46300.0,7.Sunday,COL,Bogotá,01 AVOCALIA,45 VERAGUAS,Rappi,3.0,273000.0,68.25
46300.0,7.Sunday,COL,Bogotá,01 AVOCALIA,50 CHICO,FoodologyPOS,24.0,1128400.0,282.1
46300.0,7.Sunday,COL,Bogotá,01 AVOCALIA,50 CHICO,Rappi,2.0,200200.0,50.05
46300.0,7.Sunday,COL,Bogotá,01 AVOCALIA,65 CALLE 109,FoodologyPOS,18.0,1315100.0,328.78
46300.0,7.Sunday,COL,Bogotá,01 AVOCALIA,65 CALLE 109,Rappi,4.0,188800.0,47.2
46300.0,7.Sunday,COL,Bogotá,01 AVOCALIA,69 ARRECIFE,Rappi,4.0,259500.0,64.88
46300.0,7.Sunday,COL,Bogotá,02 BOTTANIKO,02 PARQUE 93,DiDi,1.0,59900.0,14.98
46300.0,7.Sunday,COL,Bogotá,02 BOTTANIKO,38 KENNEDY,DiDi,1.0,21000.0,5.25
46300.0,7.Sunday,COL,Bogotá,03 BRUNCH & MUNCH,01 USAQUEN,DiDi,4.0,319900.0,79.98
46300.0,7.Sunday,COL,Bogotá,03 BRUNCH & MUNCH,01 USAQUEN,FoodologyPOS,1.0,105800.0,26.45
46300.0,7.Sunday,COL,Bogotá,03 BRUNCH & MUNCH,01 USAQUEN,Rappi,52.0,4147300.0,1036.83
46300.0,7.Sunday,COL,Bogotá,03 BRUNCH & MUNCH,02 PARQUE 93,DiDi,2.0,207400.0,51.85
46300.0,7.Sunday,COL,Bogotá,03 BRUNCH & MUNCH,02 PARQUE 93,Justo,1.0,111100.0,27.78
46300.0,7.Sunday,COL,Bogotá,03 BRUNCH & MUNCH,02 PARQUE 93,Rappi,49.0,4438400.0,1109.6
46300.0,7.Sunday,COL,Bogotá,03 BRUNCH & MUNCH,03 CHAPINERO,DiDi,5.0,330500.0,82.63
46300.0,7.Sunday,COL,Bogotá,03 BRUNCH & MUNCH,03 CHAPINERO,FoodologyPOS,1.0,78200.0,19.55
46300.0,7.Sunday,COL,Bogotá,03 BRUNCH & MUNCH,03 CHAPINERO,Rappi,27.0,2320800.0,580.2
46300.0,7.Sunday,COL,Bogotá,03 BRUNCH & MUNCH,06 COLINA,DiDi,3.0,183600.0,45.9
46300.0,7.Sunday,COL,Bogotá,03 BRUNCH & MUNCH,06 COLINA,FoodologyPOS,4.0,618600.0,154.65
46300.0,7.Sunday,COL,Bogotá,03 BRUNCH & MUNCH,06 COLINA,Rappi,58.0,5826900.0,1456.73
46300.0,7.Sunday,COL,Bogotá,03 BRUNCH & MUNCH,08 ANDES,DiDi,3.0,300100.0,75.03
46300.0,7.Sunday,COL,Bogotá,03 BRUNCH & MUNCH,08 ANDES,Justo,1.0,78700.0,19.68
46300.0,7.Sunday,COL,Bogotá,03 BRUNCH & MUNCH,08 ANDES,Rappi,26.0,2612800.0,653.2
46300.0,7.Sunday,COL,Bogotá,03 BRUNCH & MUNCH,13 CHIA,DiDi,3.0,208100.0,52.03
46300.0,7.Sunday,COL,Bogotá,03 BRUNCH & MUNCH,13 CHIA,FoodologyPOS,1.0,287900.0,71.98
46300.0,7.Sunday,COL,Bogotá,03 BRUNCH & MUNCH,13 CHIA,Rappi,41.0,3754000.0,938.5
46300.0,7.Sunday,COL,Bogotá,03 BRUNCH & MUNCH,15 ENGATIVA,DiDi,1.0,52900.0,13.23
46300.0,7.Sunday,COL,Bogotá,03 BRUNCH & MUNCH,15 ENGATIVA,Rappi,43.0,3927800.0,981.95
46300.0,7.Sunday,COL,Bogotá,03 BRUNCH & MUNCH,36 VILLA DEL PRADO,DiDi,1.0,65400.0,16.35
46300.0,7.Sunday,COL,Bogotá,03 BRUNCH & MUNCH,36 VILLA DEL PRADO,FoodologyPOS,1.0,94900.0,23.73
46300.0,7.Sunday,COL,Bogotá,03 BRUNCH & MUNCH,36 VILLA DEL PRADO,Rappi,31.0,3388700.0,847.18
46300.0,7.Sunday,COL,Bogotá,03 BRUNCH & MUNCH,38 KENNEDY,DiDi,5.0,558300.0,139.58
46300.0,7.Sunday,COL,Bogotá,03 BRUNCH & MUNCH,38 KENNEDY,FoodologyPOS,2.0,254700.0,63.68
46300.0,7.Sunday,COL,Bogotá,03 BRUNCH & MUNCH,38 KENNEDY,Rappi,31.0,3064100.0,766.03
46300.0,7.Sunday,COL,Bogotá,03 BRUNCH & MUNCH,45 VERAGUAS,DiDi,5.0,343500.0,85.88
46300.0,7.Sunday,COL,Bogotá,03 BRUNCH & MUNCH,45 VERAGUAS,Rappi,41.0,4052900.0,1013.23
46300.0,7.Sunday,COL,Bogotá,03 BRUNCH & MUNCH,50 CHICO,Rappi,11.0,851400.0,212.85
46300.0,7.Sunday,COL,Bogotá,03 BRUNCH & MUNCH,65 CALLE 109,DiDi,2.0,103600.0,25.9
46300.0,7.Sunday,COL,Bogotá,03 BRUNCH & MUNCH,65 CALLE 109,Rappi,40.0,3952400.0,988.1
46300.0,7.Sunday,COL,Bogotá,03 BRUNCH & MUNCH,69 ARRECIFE,Rappi,16.0,1681200.0,420.3
46300.0,7.Sunday,COL,Bogotá,04 BURRITOS & CO,01 USAQUEN,DiDi,2.0,123700.0,30.93
46300.0,7.Sunday,COL,Bogotá,04 BURRITOS & CO,01 USAQUEN,Rappi,8.0,584700.0,146.18
46300.0,7.Sunday,COL,Bogotá,04 BURRITOS & CO,02 PARQUE 93,DiDi,1.0,32000.0,8.0
46300.0,7.Sunday,COL,Bogotá,04 BURRITOS & CO,02 PARQUE 93,Rappi,9.0,415500.0,103.88
46300.0,7.Sunday,COL,Bogotá,04 BURRITOS & CO,03 CHAPINERO,DiDi,5.0,337800.0,84.45
46300.0,7.Sunday,COL,Bogotá,04 BURRITOS & CO,03 CHAPINERO,Rappi,14.0,791200.0,197.8
46300.0,7.Sunday,COL,Bogotá,04 BURRITOS & CO,06 COLINA,DiDi,1.0,92900.0,23.23
46300.0,7.Sunday,COL,Bogotá,04 BURRITOS & CO,06 COLINA,Rappi,8.0,575800.0,143.95
46300.0,7.Sunday,COL,Bogotá,04 BURRITOS & CO,08 ANDES,DiDi,4.0,141200.0,35.3
46300.0,7.Sunday,COL,Bogotá,04 BURRITOS & CO,08 ANDES,Rappi,6.0,450300.0,112.58
46300.0,7.Sunday,COL,Bogotá,04 BURRITOS & CO,13 CHIA,Rappi,6.0,415200.0,103.8
46300.0,7.Sunday,COL,Bogotá,04 BURRITOS & CO,15 ENGATIVA,DiDi,6.0,420400.0,105.1
46300.0,7.Sunday,COL,Bogotá,04 BURRITOS & CO,15 ENGATIVA,Justo,1.0,92900.0,23.23
46300.0,7.Sunday,COL,Bogotá,04 BURRITOS & CO,15 ENGATIVA,Rappi,4.0,244700.0,61.18
46300.0,7.Sunday,COL,Bogotá,04 BURRITOS & CO,36 VILLA DEL PRADO,DiDi,2.0,223500.0,55.88
46300.0,7.Sunday,COL,Bogotá,04 BURRITOS & CO,36 VILLA DEL PRADO,Rappi,3.0,278700.0,69.68
46300.0,7.Sunday,COL,Bogotá,04 BURRITOS & CO,38 KENNEDY,DiDi,5.0,315500.0,78.88
46300.0,7.Sunday,COL,Bogotá,04 BURRITOS & CO,38 KENNEDY,Rappi,6.0,359100.0,89.78
46300.0,7.Sunday,COL,Bogotá,04 BURRITOS & CO,45 VERAGUAS,DiDi,5.0,300200.0,75.05
46300.0,7.Sunday,COL,Bogotá,04 BURRITOS & CO,45 VERAGUAS,Rappi,6.0,453200.0,113.3
46300.0,7.Sunday,COL,Bogotá,04 BURRITOS & CO,65 CALLE 109,DiDi,1.0,17500.0,4.38
46300.0,7.Sunday,COL,Bogotá,04 BURRITOS & CO,69 ARRECIFE,Rappi,5.0,348700.0,87.18
46300.0,7.Sunday,COL,Bogotá,05 CACEROLA,03 CHAPINERO,DiDi,1.0,57400.0,14.35
46300.0,7.Sunday,COL,Bogotá,05 CACEROLA,08 ANDES,DiDi,1.0,34500.0,8.63
46300.0,7.Sunday,COL,Bogotá,05 CACEROLA,65 CALLE 109,DiDi,1.0,81500.0,20.38
46300.0,7.Sunday,COL,Bogotá,07 LA CUADRA,01 USAQUEN,DiDi,3.0,163400.0,40.85
46300.0,7.Sunday,COL,Bogotá,07 LA CUADRA,01 USAQUEN,FoodologyPOS,1.0,420000.0,105.0
46300.0,7.Sunday,COL,Bogotá,07 LA CUADRA,01 USAQUEN,Rappi,3.0,163300.0,40.83
46300.0,7.Sunday,COL,Bogotá,07 LA CUADRA,02 PARQUE 93,DiDi,3.0,350000.0,87.5
46300.0,7.Sunday,COL,Bogotá,07 LA CUADRA,02 PARQUE 93,Rappi,4.0,214600.0,53.65
46300.0,7.Sunday,COL,Bogotá,07 LA CUADRA,03 CHAPINERO,DiDi,8.0,456700.0,114.18
46300.0,7.Sunday,COL,Bogotá,07 LA CUADRA,03 CHAPINERO,Rappi,8.0,658500.0,164.63
46300.0,7.Sunday,COL,Bogotá,07 LA CUADRA,06 COLINA,DiDi,2.0,120300.0,30.08
46300.0,7.Sunday,COL,Bogotá,07 LA CUADRA,06 COLINA,Rappi,2.0,132300.0,33.08
46300.0,7.Sunday,COL,Bogotá,07 LA CUADRA,08 ANDES,DiDi,5.0,336900.0,84.23
46300.0,7.Sunday,COL,Bogotá,07 LA CUADRA,08 ANDES,Rappi,3.0,116100.0,29.03
46300.0,7.Sunday,COL,Bogotá,07 LA CUADRA,13 CHIA,DiDi,2.0,89100.0,22.28
46300.0,7.Sunday,COL,Bogotá,07 LA CUADRA,13 CHIA,Rappi,6.0,315100.0,78.78
46300.0,7.Sunday,COL,Bogotá,07 LA CUADRA,15 ENGATIVA,DiDi,1.0,34500.0,8.63
46300.0,7.Sunday,COL,Bogotá,07 LA CUADRA,15 ENGATIVA,Rappi,2.0,214500.0,53.63
46300.0,7.Sunday,COL,Bogotá,07 LA CUADRA,36 VILLA DEL PRADO,DiDi,2.0,124400.0,31.1
46300.0,7.Sunday,COL,Bogotá,07 LA CUADRA,36 VILLA DEL PRADO,Rappi,3.0,203800.0,50.95
46300.0,7.Sunday,COL,Bogotá,07 LA CUADRA,38 KENNEDY,Rappi,2.0,165500.0,41.38
46300.0,7.Sunday,COL,Bogotá,07 LA CUADRA,45 VERAGUAS,Rappi,0.0,0.0,0.0
46300.0,7.Sunday,COL,Bogotá,07 LA CUADRA,65 CALLE 109,Rappi,4.0,251600.0,62.9
46300.0,7.Sunday,COL,Bogotá,07 LA CUADRA,69 ARRECIFE,Rappi,0.0,0.0,0.0
46300.0,7.Sunday,COL,Bogotá,110 MR BEAST BURGER,01 USAQUEN,DiDi,23.0,1058000.0,264.5
46300.0,7.Sunday,COL,Bogotá,110 MR BEAST BURGER,01 USAQUEN,Rappi,5.0,301700.0,75.43
46300.0,7.Sunday,COL,Bogotá,110 MR BEAST BURGER,02 PARQUE 93,DiDi,25.0,1377600.0,344.4
46300.0,7.Sunday,COL,Bogotá,110 MR BEAST BURGER,02 PARQUE 93,Rappi,3.0,118900.0,29.73
46300.0,7.Sunday,COL,Bogotá,110 MR BEAST BURGER,03 CHAPINERO,DiDi,37.0,1752900.0,438.23
46300.0,7.Sunday,COL,Bogotá,110 MR BEAST BURGER,03 CHAPINERO,Rappi,6.0,234500.0,58.63
46300.0,7.Sunday,COL,Bogotá,110 MR BEAST BURGER,06 COLINA,DiDi,31.0,1601500.0,400.38
46300.0,7.Sunday,COL,Bogotá,110 MR BEAST BURGER,06 COLINA,Rappi,6.0,258400.0,64.6
46300.0,7.Sunday,COL,Bogotá,110 MR BEAST BURGER,08 ANDES,DiDi,34.0,1799200.0,449.8
46300.0,7.Sunday,COL,Bogotá,110 MR BEAST BURGER,08 ANDES,Rappi,3.0,189200.0,47.3
46300.0,7.Sunday,COL,Bogotá,110 MR BEAST BURGER,13 CHIA,DiDi,17.0,839400.0,209.85
46300.0,7.Sunday,COL,Bogotá,110 MR BEAST BURGER,13 CHIA,Rappi,3.0,286600.0,71.65
46300.0,7.Sunday,COL,Bogotá,110 MR BEAST BURGER,15 ENGATIVA,DiDi,40.0,2334100.0,583.53
46300.0,7.Sunday,COL,Bogotá,110 MR BEAST BURGER,15 ENGATIVA,Rappi,7.0,308500.0,77.13
46300.0,7.Sunday,COL,Bogotá,110 MR BEAST BURGER,36 VILLA DEL PRADO,DiDi,28.0,1649100.0,412.28
46300.0,7.Sunday,COL,Bogotá,110 MR BEAST BURGER,36 VILLA DEL PRADO,Rappi,5.0,262900.0,65.73
46300.0,7.Sunday,COL,Bogotá,110 MR BEAST BURGER,38 KENNEDY,DiDi,21.0,1260700.0,315.18
46300.0,7.Sunday,COL,Bogotá,110 MR BEAST BURGER,38 KENNEDY,Rappi,6.0,338900.0,84.73
46300.0,7.Sunday,COL,Bogotá,110 MR BEAST BURGER,45 VERAGUAS,DiDi,22.0,1266400.0,316.6
46300.0,7.Sunday,COL,Bogotá,110 MR BEAST BURGER,45 VERAGUAS,Rappi,8.0,516800.0,129.2
46300.0,7.Sunday,COL,Bogotá,110 MR BEAST BURGER,65 CALLE 109,DiDi,11.0,566600.0,141.65
46300.0,7.Sunday,COL,Bogotá,110 MR BEAST BURGER,65 CALLE 109,Rappi,2.0,173300.0,43.33
46300.0,7.Sunday,COL,Bogotá,110 MR BEAST BURGER,69 ARRECIFE,Rappi,1.0,73400.0,18.35
46300.0,7.Sunday,COL,Bogotá,1117 ALMZ LA CASA TU,08 ANDES,Rappi,2.0,79000.0,19.75
46300.0,7.Sunday,COL,Bogotá,1118 DEMBOW TUR,01 USAQUEN,Rappi,1.0,46000.0,11.5
46300.0,7.Sunday,COL,Bogotá,1118 DEMBOW TUR,08 ANDES,Rappi,1.0,57800.0,14.45
46300.0,7.Sunday,COL,Bogotá,1118 DEMBOW TUR,36 VILLA DEL PRADO,Rappi,1.0,12900.0,3.23
46300.0,7.Sunday,COL,Bogotá,1120 FOODOLOGY TUR,06 COLINA,Rappi,1.0,51600.0,12.9
46300.0,7.Sunday,COL,Bogotá,113 QUE CHICKEN,01 USAQUEN,Rappi,2.0,98200.0,24.55
46300.0,7.Sunday,COL,Bogotá,113 QUE CHICKEN,02 PARQUE 93,Rappi,1.0,36500.0,9.13
46300.0,7.Sunday,COL,Bogotá,113 QUE CHICKEN,06 COLINA,Rappi,1.0,43900.0,10.98
46300.0,7.Sunday,COL,Bogotá,113 QUE CHICKEN,13 CHIA,Rappi,1.0,43900.0,10.98
46300.0,7.Sunday,COL,Bogotá,114 MR BEAST TURBO,01 USAQUEN,Rappi,2.0,132300.0,33.08
46300.0,7.Sunday,COL,Bogotá,114 MR BEAST TURBO,08 ANDES,Rappi,3.0,144700.0,36.18
46300.0,7.Sunday,COL,Bogotá,114 MR BEAST TURBO,36 VILLA DEL PRADO,Rappi,6.0,258200.0,64.55
46300.0,7.Sunday,COL,Bogotá,114 MR BEAST TURBO,38 KENNEDY,Rappi,6.0,343000.0,85.75
46300.0,7.Sunday,COL,Bogotá,114 MR BEAST TURBO,65 CALLE 109,Rappi,2.0,77400.0,19.35
46300.0,7.Sunday,COL,Bogotá,116 AVOCALIA DESAYUN,65 CALLE 109,Rappi,5.0,352300.0,88.08
46300.0,7.Sunday,COL,Bogotá,117 LA PANQUEQUERIA,01 USAQUEN,Rappi,6.0,341100.0,85.28
46300.0,7.Sunday,COL,Bogotá,117 LA PANQUEQUERIA,02 PARQUE 93,DiDi,1.0,21500.0,5.38
46300.0,7.Sunday,COL,Bogotá,117 LA PANQUEQUERIA,02 PARQUE 93,Rappi,2.0,259700.0,64.93
46300.0,7.Sunday,COL,Bogotá,117 LA PANQUEQUERIA,03 CHAPINERO,Rappi,3.0,127600.0,31.9
46300.0,7.Sunday,COL,Bogotá,117 LA PANQUEQUERIA,06 COLINA,DiDi,1.0,38700.0,9.68
46300.0,7.Sunday,COL,Bogotá,117 LA PANQUEQUERIA,06 COLINA,Rappi,4.0,407100.0,101.78
46300.0,7.Sunday,COL,Bogotá,117 LA PANQUEQUERIA,08 ANDES,Rappi,5.0,364000.0,91.0
46300.0,7.Sunday,COL,Bogotá,117 LA PANQUEQUERIA,15 ENGATIVA,DiDi,1.0,19900.0,4.98
46300.0,7.Sunday,COL,Bogotá,117 LA PANQUEQUERIA,15 ENGATIVA,Rappi,5.0,317600.0,79.4
46300.0,7.Sunday,COL,Bogotá,117 LA PANQUEQUERIA,36 VILLA DEL PRADO,DiDi,1.0,12900.0,3.23
46300.0,7.Sunday,COL,Bogotá,117 LA PANQUEQUERIA,36 VILLA DEL PRADO,Rappi,1.0,52800.0,13.2
46300.0,7.Sunday,COL,Bogotá,117 LA PANQUEQUERIA,38 KENNEDY,Rappi,4.0,150400.0,37.6
46300.0,7.Sunday,COL,Bogotá,117 LA PANQUEQUERIA,45 VERAGUAS,DiDi,1.0,41800.0,10.45
46300.0,7.Sunday,COL,Bogotá,117 LA PANQUEQUERIA,45 VERAGUAS,Rappi,1.0,55300.0,13.83
46300.0,7.Sunday,COL,Bogotá,117 LA PANQUEQUERIA,65 CALLE 109,Rappi,8.0,445700.0,111.43
46300.0,7.Sunday,COL,Bogotá,117 LA PANQUEQUERIA,69 ARRECIFE,Rappi,1.0,34500.0,8.63
46300.0,7.Sunday,COL,Bogotá,205 FROST,01 USAQUEN,DiDi,1.0,32400.0,8.1
46300.0,7.Sunday,COL,Bogotá,205 FROST,01 USAQUEN,Rappi,1.0,25800.0,6.45
46300.0,7.Sunday,COL,Bogotá,205 FROST,02 PARQUE 93,Rappi,1.0,47700.0,11.93
46300.0,7.Sunday,COL,Bogotá,205 FROST,03 CHAPINERO,Rappi,1.0,23800.0,5.95
46300.0,7.Sunday,COL,Bogotá,205 FROST,06 COLINA,DiDi,2.0,59000.0,14.75
46300.0,7.Sunday,COL,Bogotá,205 FROST,06 COLINA,Rappi,1.0,25900.0,6.48
46300.0,7.Sunday,COL,Bogotá,205 FROST,08 ANDES,Rappi,1.0,12900.0,3.23
46300.0,7.Sunday,COL,Bogotá,205 FROST,45 VERAGUAS,DiDi,1.0,193500.0,48.38
46300.0,7.Sunday,COL,Bogotá,26 ALMUERZO DE LA CA,01 USAQUEN,DiDi,1.0,21900.0,5.48
46300.0,7.Sunday,COL,Bogotá,26 ALMUERZO DE LA CA,02 PARQUE 93,DiDi,1.0,23900.0,5.98
46300.0,7.Sunday,COL,Bogotá,26 ALMUERZO DE LA CA,03 CHAPINERO,DiDi,3.0,90100.0,22.53
46300.0,7.Sunday,COL,Bogotá,26 ALMUERZO DE LA CA,03 CHAPINERO,Rappi,3.0,105200.0,26.3
46300.0,7.Sunday,COL,Bogotá,26 ALMUERZO DE LA CA,06 COLINA,DiDi,2.0,49600.0,12.4
46300.0,7.Sunday,COL,Bogotá,26 ALMUERZO DE LA CA,08 ANDES,DiDi,5.0,172100.0,43.03
46300.0,7.Sunday,COL,Bogotá,26 ALMUERZO DE LA CA,13 CHIA,DiDi,2.0,56700.0,14.18
46300.0,7.Sunday,COL,Bogotá,26 ALMUERZO DE LA CA,36 VILLA DEL PRADO,DiDi,3.0,68600.0,17.15
46300.0,7.Sunday,COL,Bogotá,26 ALMUERZO DE LA CA,38 KENNEDY,DiDi,2.0,110400.0,27.6
46300.0,7.Sunday,COL,Bogotá,26 ALMUERZO DE LA CA,38 KENNEDY,Rappi,2.0,73200.0,18.3
46300.0,7.Sunday,COL,Bogotá,26 ALMUERZO DE LA CA,45 VERAGUAS,DiDi,2.0,73600.0,18.4
46300.0,7.Sunday,COL,Bogotá,26 ALMUERZO DE LA CA,65 CALLE 109,DiDi,1.0,43800.0,10.95
46300.0,7.Sunday,COL,Bogotá,27 DESAYUNO MI TIERR,02 PARQUE 93,DiDi,1.0,45000.0,11.25
46300.0,7.Sunday,COL,Bogotá,27 DESAYUNO MI TIERR,06 COLINA,Rappi,2.0,101900.0,25.48
46300.0,7.Sunday,COL,Bogotá,27 DESAYUNO MI TIERR,08 ANDES,DiDi,1.0,45000.0,11.25
46300.0,7.Sunday,COL,Bogotá,27 DESAYUNO MI TIERR,15 ENGATIVA,Rappi,1.0,43900.0,10.98
46300.0,7.Sunday,COL,Bogotá,27 DESAYUNO MI TIERR,36 VILLA DEL PRADO,Rappi,1.0,92800.0,23.2
46300.0,7.Sunday,COL,Bogotá,27 DESAYUNO MI TIERR,38 KENNEDY,DiDi,2.0,74400.0,18.6
46300.0,7.Sunday,COL,Bogotá,27 DESAYUNO MI TIERR,45 VERAGUAS,Rappi,1.0,81900.0,20.48
46300.0,7.Sunday,COL,Bogotá,27 DESAYUNO MI TIERR,65 CALLE 109,Rappi,1.0,44500.0,11.13
46300.0,7.Sunday,COL,Bogotá,27 DESAYUNO MI TIERR,69 ARRECIFE,Rappi,1.0,134500.0,33.63
46300.0,7.Sunday,COL,Bogotá,29 SEÑOR BURRITO,02 PARQUE 93,DiDi,1.0,13900.0,3.48
46300.0,7.Sunday,COL,Bogotá,29 SEÑOR BURRITO,03 CHAPINERO,DiDi,3.0,115600.0,28.9
46300.0,7.Sunday,COL,Bogotá,29 SEÑOR BURRITO,03 CHAPINERO,Rappi,1.0,41400.0,10.35
46300.0,7.Sunday,COL,Bogotá,29 SEÑOR BURRITO,15 ENGATIVA,DiDi,1.0,14900.0,3.73
46300.0,7.Sunday,COL,Bogotá,29 SEÑOR BURRITO,36 VILLA DEL PRADO,DiDi,1.0,29800.0,7.45
46300.0,7.Sunday,COL,Bogotá,29 SEÑOR BURRITO,38 KENNEDY,Rappi,2.0,111900.0,27.98
46300.0,7.Sunday,COL,Bogotá,29 SEÑOR BURRITO,45 VERAGUAS,DiDi,2.0,104100.0,26.03
46300.0,7.Sunday,COL,Bogotá,29 SEÑOR BURRITO,69 ARRECIFE,Rappi,1.0,45000.0,11.25
46300.0,7.Sunday,COL,Bogotá,33 LA CUADRA DESAYUN,03 CHAPINERO,Rappi,1.0,30900.0,7.73
46300.0,7.Sunday,COL,Bogotá,33 LA CUADRA DESAYUN,15 ENGATIVA,Rappi,1.0,72200.0,18.05
46300.0,7.Sunday,COL,Bogotá,33 LA CUADRA DESAYUN,38 KENNEDY,Rappi,2.0,162500.0,40.63
46300.0,7.Sunday,COL,Bogotá,33 LA CUADRA DESAYUN,65 CALLE 109,Rappi,4.0,409900.0,102.48
46300.0,7.Sunday,COL,Bogotá,35 BRUNCH CLUB,01 USAQUEN,DiDi,1.0,39700.0,9.93
46300.0,7.Sunday,COL,Bogotá,35 BRUNCH CLUB,02 PARQUE 93,DiDi,4.0,247600.0,61.9
46300.0,7.Sunday,COL,Bogotá,35 BRUNCH CLUB,03 CHAPINERO,DiDi,2.0,129900.0,32.48
46300.0,7.Sunday,COL,Bogotá,35 BRUNCH CLUB,06 COLINA,DiDi,1.0,25800.0,6.45
46300.0,7.Sunday,COL,Bogotá,35 BRUNCH CLUB,08 ANDES,DiDi,4.0,122400.0,30.6
46300.0,7.Sunday,COL,Bogotá,35 BRUNCH CLUB,13 CHIA,DiDi,1.0,18900.0,4.73
46300.0,7.Sunday,COL,Bogotá,35 BRUNCH CLUB,15 ENGATIVA,DiDi,3.0,148800.0,37.2
46300.0,7.Sunday,COL,Bogotá,35 BRUNCH CLUB,36 VILLA DEL PRADO,DiDi,1.0,51100.0,12.78
46300.0,7.Sunday,COL,Bogotá,35 BRUNCH CLUB,38 KENNEDY,DiDi,1.0,83700.0,20.93
46300.0,7.Sunday,COL,Bogotá,35 BRUNCH CLUB,45 VERAGUAS,DiDi,2.0,132100.0,33.03
46300.0,7.Sunday,COL,Bogotá,35 BRUNCH CLUB,65 CALLE 109,DiDi,1.0,59300.0,14.83
46300.0,7.Sunday,COL,Bogotá,351 LA FOLIE,01 USAQUEN,Rappi,5.0,282500.0,70.63
46300.0,7.Sunday,COL,Bogotá,351 LA FOLIE,06 COLINA,Rappi,11.0,429700.0,107.43
46300.0,7.Sunday,COL,Bogotá,351 LA FOLIE,15 ENGATIVA,Rappi,22.0,879400.0,219.85
46300.0,7.Sunday,COL,Bogotá,351 LA FOLIE,36 VILLA DEL PRADO,Rappi,17.0,596500.0,149.13
46300.0,7.Sunday,COL,Bogotá,352 BURRITOS & CO TU,01 USAQUEN,Rappi,9.0,418800.0,104.7
46300.0,7.Sunday,COL,Bogotá,352 BURRITOS & CO TU,02 PARQUE 93,Rappi,7.0,314800.0,78.7
46300.0,7.Sunday,COL,Bogotá,352 BURRITOS & CO TU,03 CHAPINERO,Rappi,8.0,355800.0,88.95
46300.0,7.Sunday,COL,Bogotá,352 BURRITOS & CO TU,06 COLINA,Rappi,14.0,771400.0,192.85
46300.0,7.Sunday,COL,Bogotá,352 BURRITOS & CO TU,08 ANDES,Rappi,11.0,466200.0,116.55
46300.0,7.Sunday,COL,Bogotá,352 BURRITOS & CO TU,36 VILLA DEL PRADO,Rappi,11.0,621900.0,155.48
46300.0,7.Sunday,COL,Bogotá,352 BURRITOS & CO TU,38 KENNEDY,Rappi,8.0,550900.0,137.73
46300.0,7.Sunday,COL,Bogotá,353 LA CUADRA TURBO,01 USAQUEN,Rappi,11.0,620500.0,155.13
46300.0,7.Sunday,COL,Bogotá,353 LA CUADRA TURBO,02 PARQUE 93,Rappi,1.0,82000.0,20.5
46300.0,7.Sunday,COL,Bogotá,353 LA CUADRA TURBO,03 CHAPINERO,Rappi,4.0,138600.0,34.65
46300.0,7.Sunday,COL,Bogotá,353 LA CUADRA TURBO,08 ANDES,Rappi,17.0,1218200.0,304.55
46300.0,7.Sunday,COL,Bogotá,353 LA CUADRA TURBO,38 KENNEDY,Rappi,3.0,130700.0,32.68
46300.0,7.Sunday,COL,Bogotá,356 EL JEFE TURBO,01 USAQUEN,Rappi,2.0,143400.0,35.85
46300.0,7.Sunday,COL,Bogotá,356 EL JEFE TURBO,36 VILLA DEL PRADO,Rappi,1.0,44500.0,11.13
46300.0,7.Sunday,COL,Bogotá,356 EL JEFE TURBO,38 KENNEDY,Rappi,1.0,47000.0,11.75
46300.0,7.Sunday,COL,Bogotá,359 GREEN HOUSE,01 USAQUEN,DiDi,2.0,70300.0,17.58
46300.0,7.Sunday,COL,Bogotá,359 GREEN HOUSE,01 USAQUEN,Rappi,5.0,261000.0,65.25
46300.0,7.Sunday,COL,Bogotá,359 GREEN HOUSE,02 PARQUE 93,DiDi,5.0,288100.0,72.03
46300.0,7.Sunday,COL,Bogotá,359 GREEN HOUSE,02 PARQUE 93,Rappi,7.0,283700.0,70.93
46300.0,7.Sunday,COL,Bogotá,359 GREEN HOUSE,03 CHAPINERO,DiDi,5.0,186000.0,46.5
46300.0,7.Sunday,COL,Bogotá,359 GREEN HOUSE,03 CHAPINERO,Rappi,8.0,306000.0,76.5
46300.0,7.Sunday,COL,Bogotá,359 GREEN HOUSE,06 COLINA,DiDi,3.0,192600.0,48.15
46300.0,7.Sunday,COL,Bogotá,359 GREEN HOUSE,06 COLINA,Rappi,4.0,126200.0,31.55
46300.0,7.Sunday,COL,Bogotá,359 GREEN HOUSE,08 ANDES,DiDi,3.0,395200.0,98.8
46300.0,7.Sunday,COL,Bogotá,359 GREEN HOUSE,08 ANDES,Rappi,3.0,127800.0,31.95
46300.0,7.Sunday,COL,Bogotá,359 GREEN HOUSE,13 CHIA,DiDi,1.0,22500.0,5.63
46300.0,7.Sunday,COL,Bogotá,359 GREEN HOUSE,13 CHIA,Rappi,1.0,23900.0,5.98
46300.0,7.Sunday,COL,Bogotá,359 GREEN HOUSE,15 ENGATIVA,DiDi,2.0,217600.0,54.4
46300.0,7.Sunday,COL,Bogotá,359 GREEN HOUSE,15 ENGATIVA,Rappi,4.0,372900.0,93.23
46300.0,7.Sunday,COL,Bogotá,359 GREEN HOUSE,36 VILLA DEL PRADO,DiDi,9.0,496000.0,124.0
46300.0,7.Sunday,COL,Bogotá,359 GREEN HOUSE,36 VILLA DEL PRADO,Rappi,4.0,252100.0,63.03
46300.0,7.Sunday,COL,Bogotá,359 GREEN HOUSE,38 KENNEDY,DiDi,7.0,213500.0,53.38
46300.0,7.Sunday,COL,Bogotá,359 GREEN HOUSE,38 KENNEDY,Rappi,3.0,159400.0,39.85
46300.0,7.Sunday,COL,Bogotá,359 GREEN HOUSE,45 VERAGUAS,DiDi,3.0,200800.0,50.2
46300.0,7.Sunday,COL,Bogotá,359 GREEN HOUSE,45 VERAGUAS,Rappi,2.0,343400.0,85.85
46300.0,7.Sunday,COL,Bogotá,359 GREEN HOUSE,50 CHICO,Rappi,1.0,43300.0,10.83
46300.0,7.Sunday,COL,Bogotá,359 GREEN HOUSE,65 CALLE 109,DiDi,2.0,67700.0,16.93
46300.0,7.Sunday,COL,Bogotá,359 GREEN HOUSE,65 CALLE 109,Rappi,2.0,62900.0,15.73
46300.0,7.Sunday,COL,Bogotá,361 CINNABON PASETUR,61 CHICO CINNABON,Rappi,17.0,711100.0,177.78
46300.0,7.Sunday,COL,Bogotá,362 ÑAMGUCHERIA,01 USAQUEN,DiDi,3.0,98700.0,24.68
46300.0,7.Sunday,COL,Bogotá,362 ÑAMGUCHERIA,01 USAQUEN,Rappi,12.0,860300.0,215.08
46300.0,7.Sunday,COL,Bogotá,362 ÑAMGUCHERIA,02 PARQUE 93,Rappi,9.0,556900.0,139.23
46300.0,7.Sunday,COL,Bogotá,362 ÑAMGUCHERIA,03 CHAPINERO,DiDi,5.0,229700.0,57.43
46300.0,7.Sunday,COL,Bogotá,362 ÑAMGUCHERIA,03 CHAPINERO,Rappi,11.0,523800.0,130.95
46300.0,7.Sunday,COL,Bogotá,362 ÑAMGUCHERIA,06 COLINA,DiDi,2.0,62400.0,15.6
46300.0,7.Sunday,COL,Bogotá,362 ÑAMGUCHERIA,06 COLINA,Rappi,18.0,1214200.0,303.55
46300.0,7.Sunday,COL,Bogotá,362 ÑAMGUCHERIA,08 ANDES,DiDi,1.0,57300.0,14.33
46300.0,7.Sunday,COL,Bogotá,362 ÑAMGUCHERIA,08 ANDES,Rappi,5.0,249200.0,62.3
46300.0,7.Sunday,COL,Bogotá,362 ÑAMGUCHERIA,13 CHIA,DiDi,3.0,103900.0,25.98
46300.0,7.Sunday,COL,Bogotá,362 ÑAMGUCHERIA,13 CHIA,Rappi,5.0,268700.0,67.18
46300.0,7.Sunday,COL,Bogotá,362 ÑAMGUCHERIA,15 ENGATIVA,DiDi,1.0,71300.0,17.83
46300.0,7.Sunday,COL,Bogotá,362 ÑAMGUCHERIA,15 ENGATIVA,Rappi,5.0,328600.0,82.15
46300.0,7.Sunday,COL,Bogotá,362 ÑAMGUCHERIA,36 VILLA DEL PRADO,DiDi,2.0,87000.0,21.75
46300.0,7.Sunday,COL,Bogotá,362 ÑAMGUCHERIA,36 VILLA DEL PRADO,Rappi,8.0,630300.0,157.58
46300.0,7.Sunday,COL,Bogotá,362 ÑAMGUCHERIA,38 KENNEDY,DiDi,2.0,92900.0,23.23
46300.0,7.Sunday,COL,Bogotá,362 ÑAMGUCHERIA,38 KENNEDY,Rappi,3.0,236400.0,59.1
46300.0,7.Sunday,COL,Bogotá,362 ÑAMGUCHERIA,45 VERAGUAS,DiDi,1.0,83000.0,20.75
46300.0,7.Sunday,COL,Bogotá,362 ÑAMGUCHERIA,45 VERAGUAS,Rappi,4.0,277500.0,69.38
46300.0,7.Sunday,COL,Bogotá,362 ÑAMGUCHERIA,50 CHICO,Rappi,0.0,0.0,0.0
46300.0,7.Sunday,COL,Bogotá,362 ÑAMGUCHERIA,65 CALLE 109,DiDi,1.0,52400.0,13.1
46300.0,7.Sunday,COL,Bogotá,362 ÑAMGUCHERIA,65 CALLE 109,Rappi,7.0,307500.0,76.88
46300.0,7.Sunday,COL,Bogotá,362 ÑAMGUCHERIA,69 ARRECIFE,Rappi,3.0,202300.0,50.58
46300.0,7.Sunday,COL,Bogotá,363 GREEN HOUSE TURB,01 USAQUEN,Rappi,8.0,455400.0,113.85
46300.0,7.Sunday,COL,Bogotá,363 GREEN HOUSE TURB,03 CHAPINERO,Rappi,11.0,369000.0,92.25
46300.0,7.Sunday,COL,Bogotá,363 GREEN HOUSE TURB,36 VILLA DEL PRADO,Rappi,1.0,22500.0,5.63
46300.0,7.Sunday,COL,Bogotá,363 GREEN HOUSE TURB,38 KENNEDY,Rappi,8.0,453500.0,113.38
46300.0,7.Sunday,COL,Bogotá,366 HOUSE OF SALADS,03 CHAPINERO,Rappi,2.0,91300.0,22.83
46300.0,7.Sunday,COL,Bogotá,366 HOUSE OF SALADS,06 COLINA,Rappi,1.0,41900.0,10.48
46300.0,7.Sunday,COL,Bogotá,366 HOUSE OF SALADS,08 ANDES,Rappi,3.0,178500.0,44.63
46300.0,7.Sunday,COL,Bogotá,366 HOUSE OF SALADS,15 ENGATIVA,Rappi,1.0,38900.0,9.73
46300.0,7.Sunday,COL,Bogotá,366 HOUSE OF SALADS,36 VILLA DEL PRADO,Rappi,2.0,122700.0,30.68
46300.0,7.Sunday,COL,Bogotá,366 HOUSE OF SALADS,45 VERAGUAS,Rappi,1.0,27500.0,6.88
46300.0,7.Sunday,COL,Bogotá,366 HOUSE OF SALADS,65 CALLE 109,Rappi,2.0,51400.0,12.85
46300.0,7.Sunday,COL,Bogotá,369 ÑAMGUCHERIA TURB,01 USAQUEN,Rappi,14.0,681900.0,170.48
46300.0,7.Sunday,COL,Bogotá,369 ÑAMGUCHERIA TURB,08 ANDES,Rappi,1.0,28500.0,7.13
46300.0,7.Sunday,COL,Bogotá,370 MONTEVERDE,02 PARQUE 93,Rappi,1.0,129200.0,32.3
46300.0,7.Sunday,COL,Bogotá,370 MONTEVERDE,06 COLINA,Rappi,1.0,32400.0,8.1
46300.0,7.Sunday,COL,Bogotá,370 MONTEVERDE,08 ANDES,Rappi,1.0,28500.0,7.13
46300.0,7.Sunday,COL,Bogotá,370 MONTEVERDE,15 ENGATIVA,DiDi,1.0,47400.0,11.85
46300.0,7.Sunday,COL,Bogotá,370 MONTEVERDE,69 ARRECIFE,Rappi,1.0,85700.0,21.43
46300.0,7.Sunday,COL,Bogotá,373 HOUSE OF BURGERS,01 USAQUEN,Rappi,1.0,32900.0,8.23
46300.0,7.Sunday,COL,Bogotá,380 BREAKFAST CLUB,01 USAQUEN,DiDi,3.0,152400.0,38.1
46300.0,7.Sunday,COL,Bogotá,380 BREAKFAST CLUB,01 USAQUEN,Rappi,18.0,1264000.0,316.0
46300.0,7.Sunday,COL,Bogotá,380 BREAKFAST CLUB,02 PARQUE 93,DiDi,3.0,87300.0,21.83
46300.0,7.Sunday,COL,Bogotá,380 BREAKFAST CLUB,02 PARQUE 93,Rappi,8.0,700800.0,175.2
46300.0,7.Sunday,COL,Bogotá,380 BREAKFAST CLUB,03 CHAPINERO,DiDi,5.0,187300.0,46.83
46300.0,7.Sunday,COL,Bogotá,380 BREAKFAST CLUB,03 CHAPINERO,Rappi,13.0,940200.0,235.05
46300.0,7.Sunday,COL,Bogotá,380 BREAKFAST CLUB,06 COLINA,DiDi,1.0,213900.0,53.48
46300.0,7.Sunday,COL,Bogotá,380 BREAKFAST CLUB,06 COLINA,Rappi,11.0,789300.0,197.33
46300.0,7.Sunday,COL,Bogotá,380 BREAKFAST CLUB,08 ANDES,Rappi,12.0,705500.0,176.38
46300.0,7.Sunday,COL,Bogotá,380 BREAKFAST CLUB,13 CHIA,DiDi,1.0,43300.0,10.83
46300.0,7.Sunday,COL,Bogotá,380 BREAKFAST CLUB,13 CHIA,Rappi,16.0,1501900.0,375.48
46300.0,7.Sunday,COL,Bogotá,380 BREAKFAST CLUB,15 ENGATIVA,Rappi,5.0,413400.0,103.35
46300.0,7.Sunday,COL,Bogotá,380 BREAKFAST CLUB,36 VILLA DEL PRADO,DiDi,1.0,51200.0,12.8
46300.0,7.Sunday,COL,Bogotá,380 BREAKFAST CLUB,36 VILLA DEL PRADO,Rappi,10.0,851200.0,212.8
46300.0,7.Sunday,COL,Bogotá,380 BREAKFAST CLUB,38 KENNEDY,DiDi,4.0,204700.0,51.18
46300.0,7.Sunday,COL,Bogotá,380 BREAKFAST CLUB,38 KENNEDY,Rappi,12.0,869500.0,217.38
46300.0,7.Sunday,COL,Bogotá,380 BREAKFAST CLUB,45 VERAGUAS,Rappi,8.0,529100.0,132.28
46300.0,7.Sunday,COL,Bogotá,380 BREAKFAST CLUB,50 CHICO,DiDi,1.0,26900.0,6.73
46300.0,7.Sunday,COL,Bogotá,380 BREAKFAST CLUB,50 CHICO,Rappi,2.0,69300.0,17.33
46300.0,7.Sunday,COL,Bogotá,380 BREAKFAST CLUB,65 CALLE 109,Rappi,7.0,577600.0,144.4
46300.0,7.Sunday,COL,Bogotá,380 BREAKFAST CLUB,69 ARRECIFE,Rappi,1.0,34500.0,8.63
46300.0,7.Sunday,COL,Bogotá,381 DESAYU LA ABUELA,01 USAQUEN,DiDi,5.0,204500.0,51.13
46300.0,7.Sunday,COL,Bogotá,381 DESAYU LA ABUELA,01 USAQUEN,Rappi,15.0,974000.0,243.5
46300.0,7.Sunday,COL,Bogotá,381 DESAYU LA ABUELA,02 PARQUE 93,DiDi,4.0,291900.0,72.98
46300.0,7.Sunday,COL,Bogotá,381 DESAYU LA ABUELA,02 PARQUE 93,Rappi,15.0,1563600.0,390.9
46300.0,7.Sunday,COL,Bogotá,381 DESAYU LA ABUELA,03 CHAPINERO,DiDi,18.0,1126700.0,281.68
46300.0,7.Sunday,COL,Bogotá,381 DESAYU LA ABUELA,03 CHAPINERO,Rappi,23.0,1913200.0,478.3
46300.0,7.Sunday,COL,Bogotá,381 DESAYU LA ABUELA,06 COLINA,DiDi,4.0,184900.0,46.23
46300.0,7.Sunday,COL,Bogotá,381 DESAYU LA ABUELA,06 COLINA,Rappi,18.0,1577500.0,394.38
46300.0,7.Sunday,COL,Bogotá,381 DESAYU LA ABUELA,08 ANDES,DiDi,5.0,305800.0,76.45
46300.0,7.Sunday,COL,Bogotá,381 DESAYU LA ABUELA,08 ANDES,Rappi,13.0,842500.0,210.63
46300.0,7.Sunday,COL,Bogotá,381 DESAYU LA ABUELA,13 CHIA,DiDi,1.0,109300.0,27.33
46300.0,7.Sunday,COL,Bogotá,381 DESAYU LA ABUELA,13 CHIA,Rappi,17.0,1548600.0,387.15
46300.0,7.Sunday,COL,Bogotá,381 DESAYU LA ABUELA,15 ENGATIVA,DiDi,2.0,117700.0,29.43
46300.0,7.Sunday,COL,Bogotá,381 DESAYU LA ABUELA,15 ENGATIVA,Rappi,21.0,1971700.0,492.93
46300.0,7.Sunday,COL,Bogotá,381 DESAYU LA ABUELA,36 VILLA DEL PRADO,DiDi,2.0,215300.0,53.83
46300.0,7.Sunday,COL,Bogotá,381 DESAYU LA ABUELA,36 VILLA DEL PRADO,Rappi,21.0,2106600.0,526.65
46300.0,7.Sunday,COL,Bogotá,381 DESAYU LA ABUELA,38 KENNEDY,DiDi,5.0,442700.0,110.68
46300.0,7.Sunday,COL,Bogotá,381 DESAYU LA ABUELA,38 KENNEDY,Rappi,19.0,1472900.0,368.23
46300.0,7.Sunday,COL,Bogotá,381 DESAYU LA ABUELA,45 VERAGUAS,DiDi,2.0,99500.0,24.88
46300.0,7.Sunday,COL,Bogotá,381 DESAYU LA ABUELA,45 VERAGUAS,Rappi,12.0,677600.0,169.4
46300.0,7.Sunday,COL,Bogotá,381 DESAYU LA ABUELA,50 CHICO,DiDi,2.0,125700.0,31.43
46300.0,7.Sunday,COL,Bogotá,381 DESAYU LA ABUELA,50 CHICO,Rappi,5.0,481600.0,120.4
46300.0,7.Sunday,COL,Bogotá,381 DESAYU LA ABUELA,65 CALLE 109,DiDi,4.0,245800.0,61.45
46300.0,7.Sunday,COL,Bogotá,381 DESAYU LA ABUELA,65 CALLE 109,Rappi,19.0,1767600.0,441.9
46300.0,7.Sunday,COL,Bogotá,381 DESAYU LA ABUELA,69 ARRECIFE,Rappi,3.0,204500.0,51.13
46300.0,7.Sunday,COL,Bogotá,382 ALBA VEGE TURBO,02 PARQUE 93,Rappi,1.0,48900.0,12.23
46300.0,7.Sunday,COL,Bogotá,382 ALBA VEGE TURBO,08 ANDES,Rappi,1.0,39500.0,9.88
46300.0,7.Sunday,COL,Bogotá,382 ALBA VEGE TURBO,36 VILLA DEL PRADO,Rappi,1.0,34400.0,8.6
46300.0,7.Sunday,COL,Bogotá,382 ALBA VEGE TURBO,50 CHICO,Rappi,1.0,15500.0,3.88
46300.0,7.Sunday,COL,Bogotá,382 ALBA VEGE TURBO,65 CALLE 109,Rappi,1.0,56300.0,14.08
46300.0,7.Sunday,COL,Bogotá,383 BOTTANIKO TURBO,03 CHAPINERO,Rappi,1.0,50000.0,12.5
46300.0,7.Sunday,COL,Bogotá,384 LA FOLIE TURBO,01 USAQUEN,Rappi,1.0,56500.0,14.13
46300.0,7.Sunday,COL,Bogotá,385 MAÑANERO TURBO,03 CHAPINERO,Rappi,1.0,44700.0,11.18
46300.0,7.Sunday,COL,Bogotá,385 MAÑANERO TURBO,08 ANDES,Rappi,2.0,57600.0,14.4
46300.0,7.Sunday,COL,Bogotá,385 MAÑANERO TURBO,36 VILLA DEL PRADO,Rappi,1.0,36800.0,9.2
46300.0,7.Sunday,COL,Bogotá,385 MAÑANERO TURBO,50 CHICO,Rappi,1.0,102100.0,25.53
46300.0,7.Sunday,COL,Bogotá,386 LA CASA MEXICANA,01 USAQUEN,DiDi,2.0,144800.0,36.2
46300.0,7.Sunday,COL,Bogotá,386 LA CASA MEXICANA,01 USAQUEN,Rappi,2.0,53800.0,13.45
46300.0,7.Sunday,COL,Bogotá,386 LA CASA MEXICANA,02 PARQUE 93,Rappi,3.0,179300.0,44.83
46300.0,7.Sunday,COL,Bogotá,386 LA CASA MEXICANA,03 CHAPINERO,DiDi,1.0,28900.0,7.23
46300.0,7.Sunday,COL,Bogotá,386 LA CASA MEXICANA,03 CHAPINERO,Rappi,5.0,436900.0,109.23
46300.0,7.Sunday,COL,Bogotá,386 LA CASA MEXICANA,08 ANDES,DiDi,6.0,209100.0,52.28
46300.0,7.Sunday,COL,Bogotá,386 LA CASA MEXICANA,08 ANDES,Rappi,2.0,140800.0,35.2
46300.0,7.Sunday,COL,Bogotá,386 LA CASA MEXICANA,13 CHIA,DiDi,3.0,164500.0,41.13
46300.0,7.Sunday,COL,Bogotá,386 LA CASA MEXICANA,13 CHIA,Rappi,2.0,209200.0,52.3
46300.0,7.Sunday,COL,Bogotá,386 LA CASA MEXICANA,15 ENGATIVA,DiDi,4.0,132900.0,33.23
46300.0,7.Sunday,COL,Bogotá,386 LA CASA MEXICANA,15 ENGATIVA,Rappi,2.0,69800.0,17.45
46300.0,7.Sunday,COL,Bogotá,386 LA CASA MEXICANA,36 VILLA DEL PRADO,DiDi,1.0,37800.0,9.45
46300.0,7.Sunday,COL,Bogotá,386 LA CASA MEXICANA,36 VILLA DEL PRADO,Rappi,3.0,218100.0,54.53
46300.0,7.Sunday,COL,Bogotá,386 LA CASA MEXICANA,38 KENNEDY,DiDi,2.0,67800.0,16.95
46300.0,7.Sunday,COL,Bogotá,386 LA CASA MEXICANA,38 KENNEDY,Rappi,3.0,175800.0,43.95
46300.0,7.Sunday,COL,Bogotá,386 LA CASA MEXICANA,45 VERAGUAS,DiDi,3.0,243500.0,60.88
46300.0,7.Sunday,COL,Bogotá,386 LA CASA MEXICANA,45 VERAGUAS,Rappi,1.0,25900.0,6.48
46300.0,7.Sunday,COL,Bogotá,386 LA CASA MEXICANA,65 CALLE 109,Rappi,1.0,21900.0,5.48
46300.0,7.Sunday,COL,Bogotá,387 THE EGG SPOT,01 USAQUEN,Rappi,1.0,60400.0,15.1
46300.0,7.Sunday,COL,Bogotá,387 THE EGG SPOT,02 PARQUE 93,DiDi,1.0,69000.0,17.25
46300.0,7.Sunday,COL,Bogotá,387 THE EGG SPOT,02 PARQUE 93,Rappi,1.0,92800.0,23.2
46300.0,7.Sunday,COL,Bogotá,387 THE EGG SPOT,06 COLINA,Rappi,3.0,229600.0,57.4
46300.0,7.Sunday,COL,Bogotá,387 THE EGG SPOT,08 ANDES,Rappi,1.0,103600.0,25.9
46300.0,7.Sunday,COL,Bogotá,387 THE EGG SPOT,13 CHIA,Rappi,2.0,130700.0,32.68
46300.0,7.Sunday,COL,Bogotá,387 THE EGG SPOT,45 VERAGUAS,Rappi,1.0,44900.0,11.23
46300.0,7.Sunday,COL,Bogotá,387 THE EGG SPOT,65 CALLE 109,Rappi,3.0,198500.0,49.63
46300.0,7.Sunday,COL,Bogotá,388 FOODHUB,01 USAQUEN,DiDi,1.0,104400.0,26.1
46300.0,7.Sunday,COL,Bogotá,388 FOODHUB,01 USAQUEN,Rappi,1.0,36500.0,9.13
46300.0,7.Sunday,COL,Bogotá,388 FOODHUB,03 CHAPINERO,DiDi,1.0,68200.0,17.05
46300.0,7.Sunday,COL,Bogotá,388 FOODHUB,06 COLINA,DiDi,1.0,34900.0,8.73
46300.0,7.Sunday,COL,Bogotá,388 FOODHUB,08 ANDES,DiDi,1.0,34900.0,8.73
46300.0,7.Sunday,COL,Bogotá,388 FOODHUB,13 CHIA,DiDi,2.0,43800.0,10.95
46300.0,7.Sunday,COL,Bogotá,388 FOODHUB,13 CHIA,Rappi,1.0,119800.0,29.95
46300.0,7.Sunday,COL,Bogotá,388 FOODHUB,15 ENGATIVA,Rappi,1.0,69300.0,17.33
46300.0,7.Sunday,COL,Bogotá,388 FOODHUB,36 VILLA DEL PRADO,DiDi,1.0,16900.0,4.23
46300.0,7.Sunday,COL,Bogotá,388 FOODHUB,45 VERAGUAS,DiDi,1.0,85800.0,21.45
46300.0,7.Sunday,COL,Bogotá,388 FOODHUB,69 ARRECIFE,FoodologyPOS,1.0,17900.0,4.48
46300.0,7.Sunday,COL,Bogotá,392 HONEST FOOD,02 PARQUE 93,Rappi,3.0,122800.0,30.7
46300.0,7.Sunday,COL,Bogotá,392 HONEST FOOD,03 CHAPINERO,Rappi,2.0,65000.0,16.25
46300.0,7.Sunday,COL,Bogotá,392 HONEST FOOD,06 COLINA,Rappi,1.0,75400.0,18.85
46300.0,7.Sunday,COL,Bogotá,392 HONEST FOOD,08 ANDES,DiDi,1.0,76900.0,19.23
46300.0,7.Sunday,COL,Bogotá,392 HONEST FOOD,08 ANDES,Rappi,1.0,35500.0,8.88
46300.0,7.Sunday,COL,Bogotá,392 HONEST FOOD,13 CHIA,Rappi,1.0,29900.0,7.48
46300.0,7.Sunday,COL,Bogotá,392 HONEST FOOD,15 ENGATIVA,Rappi,2.0,146300.0,36.58
46300.0,7.Sunday,COL,Bogotá,392 HONEST FOOD,65 CALLE 109,Rappi,2.0,79400.0,19.85
46300.0,7.Sunday,COL,Bogotá,392 HONEST FOOD,69 ARRECIFE,Rappi,1.0,81500.0,20.38
46300.0,7.Sunday,COL,Bogotá,392 MONTEVERDE TURB,01 USAQUEN,Rappi,1.0,66900.0,16.73
46300.0,7.Sunday,COL,Bogotá,392 MONTEVERDE TURB,03 CHAPINERO,Rappi,4.0,192200.0,48.05
46300.0,7.Sunday,COL,Bogotá,392 MONTEVERDE TURB,08 ANDES,Rappi,3.0,175600.0,43.9
46300.0,7.Sunday,COL,Bogotá,392 MONTEVERDE TURB,36 VILLA DEL PRADO,Rappi,2.0,75600.0,18.9
46300.0,7.Sunday,COL,Bogotá,392 MONTEVERDE TURB,38 KENNEDY,Rappi,3.0,243700.0,60.93
46300.0,7.Sunday,COL,Bogotá,392 MONTEVERDE TURB,65 CALLE 109,Rappi,1.0,46500.0,11.63
46300.0,7.Sunday,COL,Bogotá,393 EL EJECUTIVO,01 USAQUEN,Rappi,1.0,103600.0,25.9
46300.0,7.Sunday,COL,Bogotá,393 EL EJECUTIVO,03 CHAPINERO,DiDi,1.0,28900.0,7.23
46300.0,7.Sunday,COL,Bogotá,393 EL EJECUTIVO,15 ENGATIVA,DiDi,1.0,19900.0,4.98
46300.0,7.Sunday,COL,Bogotá,393 EL EJECUTIVO,38 KENNEDY,DiDi,1.0,26900.0,6.73
46300.0,7.Sunday,COL,Bogotá,393 EL EJECUTIVO,45 VERAGUAS,DiDi,1.0,40400.0,10.1
46300.0,7.Sunday,COL,Bogotá,393 HOUSEBURGER TURB,36 VILLA DEL PRADO,Rappi,3.0,265700.0,66.43
46300.0,7.Sunday,COL,Bogotá,394 COCINA CONSCIENT,01 USAQUEN,Rappi,1.0,71700.0,17.93
46300.0,7.Sunday,COL,Bogotá,394 COCINA CONSCIENT,03 CHAPINERO,Rappi,1.0,62000.0,15.5
46300.0,7.Sunday,COL,Bogotá,394 COCINA CONSCIENT,06 COLINA,Rappi,1.0,39900.0,9.98
46300.0,7.Sunday,COL,Bogotá,394 COCINA CONSCIENT,08 ANDES,Rappi,1.0,39900.0,9.98
46300.0,7.Sunday,COL,Bogotá,394 COCINA CONSCIENT,13 CHIA,Rappi,0.0,0.0,0.0
46300.0,7.Sunday,COL,Bogotá,394 COCINA CONSCIENT,15 ENGATIVA,Rappi,0.0,0.0,0.0
46300.0,7.Sunday,COL,Bogotá,394 COCINA CONSCIENT,45 VERAGUAS,Rappi,2.0,85300.0,21.33
46300.0,7.Sunday,COL,Bogotá,395 BISTRO - TURBO,01 USAQUEN,Rappi,3.0,156400.0,39.1
46300.0,7.Sunday,COL,Bogotá,395 BISTRO - TURBO,36 VILLA DEL PRADO,Rappi,1.0,61800.0,15.45
46300.0,7.Sunday,COL,Bogotá,396 NUMA MEDITERRAN,01 USAQUEN,DiDi,1.0,15500.0,3.88
46300.0,7.Sunday,COL,Bogotá,396 NUMA MEDITERRAN,03 CHAPINERO,Rappi,1.0,27900.0,6.98
46300.0,7.Sunday,COL,Bogotá,396 NUMA MEDITERRAN,36 VILLA DEL PRADO,DiDi,2.0,149500.0,37.38
46300.0,7.Sunday,COL,Bogotá,397 CACEROLA - TURBO,01 USAQUEN,Rappi,1.0,35800.0,8.95
46300.0,7.Sunday,COL,Bogotá,397 CACEROLA - TURBO,03 CHAPINERO,Rappi,2.0,135300.0,33.83
46300.0,7.Sunday,COL,Bogotá,397 CACEROLA - TURBO,06 COLINA,Rappi,1.0,57300.0,14.33
46300.0,7.Sunday,COL,Bogotá,397 CACEROLA - TURBO,08 ANDES,Rappi,2.0,59300.0,14.83
46300.0,7.Sunday,COL,Bogotá,397 CACEROLA - TURBO,38 KENNEDY,Rappi,2.0,165900.0,41.48
46300.0,7.Sunday,COL,Bogotá,401 DESA ABUELA TURBO,02 PARQUE 93,Rappi,1.0,63900.0,15.98
46300.0,7.Sunday,COL,Bogotá,401 DESA ABUELA TURBO,06 COLINA,Rappi,6.0,345400.0,86.35
46300.0,7.Sunday,COL,Bogotá,401 DESA ABUELA TURBO,08 ANDES,Rappi,1.0,10900.0,2.73
46300.0,7.Sunday,COL,Bogotá,401 DESA ABUELA TURBO,36 VILLA DEL PRADO,Rappi,2.0,263400.0,65.85
46300.0,7.Sunday,COL,Bogotá,401 DESA ABUELA TURBO,38 KENNEDY,Rappi,4.0,406700.0,101.68
46300.0,7.Sunday,COL,Bogotá,401 DESA ABUELA TURBO,50 CHICO,Rappi,1.0,77800.0,19.45
46300.0,7.Sunday,COL,Bogotá,401 DESA ABUELA TURBO,65 CALLE 109,Rappi,4.0,328200.0,82.05
46300.0,7.Sunday,COL,Bogotá,402 EJECUT TRAD TURBO,01 USAQUEN,Rappi,2.0,101500.0,25.38
46300.0,7.Sunday,COL,Bogotá,402 EJECUT TRAD TURBO,02 PARQUE 93,Rappi,2.0,41800.0,10.45
46300.0,7.Sunday,COL,Bogotá,402 EJECUT TRAD TURBO,03 CHAPINERO,Rappi,1.0,28500.0,7.13
46300.0,7.Sunday,COL,Bogotá,402 EJECUT TRAD TURBO,36 VILLA DEL PRADO,Rappi,1.0,51400.0,12.85
46300.0,7.Sunday,COL,Bogotá,402 EJECUT TRAD TURBO,65 CALLE 109,Rappi,1.0,38900.0,9.73
46300.0,7.Sunday,COL,Bogotá,403 HONEST FOOD TURBO,01 USAQUEN,Rappi,2.0,63000.0,15.75
46300.0,7.Sunday,COL,Bogotá,403 HONEST FOOD TURBO,03 CHAPINERO,Rappi,2.0,113300.0,28.33
46300.0,7.Sunday,COL,Bogotá,403 HONEST FOOD TURBO,08 ANDES,Rappi,4.0,127000.0,31.75
46300.0,7.Sunday,COL,Bogotá,403 HONEST FOOD TURBO,36 VILLA DEL PRADO,Rappi,1.0,65000.0,16.25
46300.0,7.Sunday,COL,Bogotá,403 HONEST FOOD TURBO,38 KENNEDY,Rappi,1.0,35500.0,8.88
46300.0,7.Sunday,COL,Bogotá,403 HONEST FOOD TURBO,65 CALLE 109,Rappi,2.0,68000.0,17.0
46300.0,7.Sunday,COL,Bogotá,405 BREAKFACLUB TURBO,01 USAQUEN,Rappi,2.0,187400.0,46.85
46300.0,7.Sunday,COL,Bogotá,405 BREAKFACLUB TURBO,02 PARQUE 93,Rappi,2.0,185900.0,46.48
46300.0,7.Sunday,COL,Bogotá,405 BREAKFACLUB TURBO,03 CHAPINERO,Rappi,4.0,260300.0,65.08
46300.0,7.Sunday,COL,Bogotá,405 BREAKFACLUB TURBO,06 COLINA,Rappi,2.0,270400.0,67.6
46300.0,7.Sunday,COL,Bogotá,405 BREAKFACLUB TURBO,08 ANDES,Rappi,3.0,144600.0,36.15
46300.0,7.Sunday,COL,Bogotá,405 BREAKFACLUB TURBO,36 VILLA DEL PRADO,Rappi,5.0,313600.0,78.4
46300.0,7.Sunday,COL,Bogotá,405 BREAKFACLUB TURBO,38 KENNEDY,Rappi,6.0,299600.0,74.9
46300.0,7.Sunday,COL,Bogotá,405 BREAKFACLUB TURBO,50 CHICO,Rappi,3.0,185100.0,46.28
46300.0,7.Sunday,COL,Bogotá,409 THE EGG SPOT TU,01 USAQUEN,Rappi,6.0,377300.0,94.33
46300.0,7.Sunday,COL,Bogotá,409 THE EGG SPOT TU,03 CHAPINERO,Rappi,12.0,598500.0,149.63
46300.0,7.Sunday,COL,Bogotá,409 THE EGG SPOT TU,06 COLINA,Rappi,1.0,73400.0,18.35
46300.0,7.Sunday,COL,Bogotá,409 THE EGG SPOT TU,08 ANDES,Rappi,5.0,298700.0,74.68
46300.0,7.Sunday,COL,Bogotá,409 THE EGG SPOT TU,38 KENNEDY,Rappi,1.0,34500.0,8.63
46300.0,7.Sunday,COL,Bogotá,409 THE EGG SPOT TU,50 CHICO,Rappi,1.0,103500.0,25.88
46300.0,7.Sunday,COL,Bogotá,410 NUMA COC MED TU,08 ANDES,Rappi,1.0,66700.0,16.68
46300.0,7.Sunday,COL,Bogotá,411 DORIT LOC BY DOR,08 ANDES,Rappi,1.0,56700.0,14.18
46300.0,7.Sunday,COL,Bogotá,411 DORIT LOC BY DOR,38 KENNEDY,Rappi,1.0,47700.0,11.93
46300.0,7.Sunday,COL,Bogotá,413 HOUSE SALAD TURB,02 PARQUE 93,Rappi,2.0,72300.0,18.08
46300.0,7.Sunday,COL,Bogotá,413 HOUSE SALAD TURB,03 CHAPINERO,Rappi,3.0,164500.0,41.13
46300.0,7.Sunday,COL,Bogotá,413 HOUSE SALAD TURB,06 COLINA,Rappi,3.0,124700.0,31.18
46300.0,7.Sunday,COL,Bogotá,413 HOUSE SALAD TURB,08 ANDES,Rappi,1.0,12900.0,3.23
46300.0,7.Sunday,COL,Bogotá,419 CASA ARABE,03 CHAPINERO,Rappi,1.0,271900.0,67.98
46300.0,7.Sunday,COL,Bogotá,419 CASA ARABE,06 COLINA,Rappi,1.0,37400.0,9.35
46300.0,7.Sunday,COL,Bogotá,419 CASA ARABE,08 ANDES,Rappi,1.0,24900.0,6.23
46300.0,7.Sunday,COL,Bogotá,419 CASA ARABE,15 ENGATIVA,Rappi,1.0,65800.0,16.45
46300.0,7.Sunday,COL,Bogotá,419 CASA ARABE,36 VILLA DEL PRADO,Rappi,2.0,123500.0,30.88
46300.0,7.Sunday,COL,Bogotá,419 CASA ARABE,38 KENNEDY,Rappi,1.0,188000.0,47.0
46300.0,7.Sunday,COL,Bogotá,420 DESGRANADOS & CO,13 CHIA,Rappi,1.0,66700.0,16.68
46300.0,7.Sunday,COL,Bogotá,420 DESGRANADOS & CO,15 ENGATIVA,Rappi,1.0,53400.0,13.35
46300.0,7.Sunday,COL,Bogotá,420 DESGRANADOS & CO,65 CALLE 109,Rappi,1.0,54400.0,13.6
46300.0,7.Sunday,COL,Bogotá,420 DESGRANADOS & CO,69 ARRECIFE,Rappi,1.0,53900.0,13.48
46300.0,7.Sunday,COL,Bogotá,422 BURRIT CANT TURB,02 PARQUE 93,Rappi,1.0,29800.0,7.45
46300.0,7.Sunday,COL,Bogotá,423 DESAY TIERRITURB,06 COLINA,Rappi,3.0,215600.0,53.9
46300.0,7.Sunday,COL,Bogotá,423 DESAY TIERRITURB,36 VILLA DEL PRADO,Rappi,4.0,315400.0,78.85
46300.0,7.Sunday,COL,Bogotá,423 DESAY TIERRITURB,65 CALLE 109,Rappi,3.0,203900.0,50.98
46300.0,7.Sunday,COL,Bogotá,424 DORITO LOCO TURB,01 USAQUEN,Rappi,5.0,191400.0,47.85
46300.0,7.Sunday,COL,Bogotá,424 DORITO LOCO TURB,02 PARQUE 93,Rappi,2.0,57800.0,14.45
46300.0,7.Sunday,COL,Bogotá,424 DORITO LOCO TURB,03 CHAPINERO,Rappi,1.0,38900.0,9.73
46300.0,7.Sunday,COL,Bogotá,424 DORITO LOCO TURB,08 ANDES,Rappi,1.0,29900.0,7.48
46300.0,7.Sunday,COL,Bogotá,425 LA CASA MEXITURB,01 USAQUEN,Rappi,1.0,21900.0,5.48
46300.0,7.Sunday,COL,Bogotá,425 LA CASA MEXITURB,02 PARQUE 93,Rappi,4.0,187300.0,46.83
46300.0,7.Sunday,COL,Bogotá,425 LA CASA MEXITURB,06 COLINA,Rappi,3.0,164300.0,41.08
46300.0,7.Sunday,COL,Bogotá,425 LA CASA MEXITURB,36 VILLA DEL PRADO,Rappi,1.0,120300.0,30.08
46300.0,7.Sunday,COL,Bogotá,426 CUADRA DESAYTURB,08 ANDES,Rappi,1.0,42300.0,10.58
46300.0,7.Sunday,COL,Bogotá,426 CUADRA DESAYTURB,38 KENNEDY,Rappi,1.0,67900.0,16.98
46300.0,7.Sunday,COL,Bogotá,428 SELVATIKO TURBO,02 PARQUE 93,Rappi,1.0,143300.0,35.83
46300.0,7.Sunday,COL,Bogotá,429 SEÑOR BURRI TURB,03 CHAPINERO,Rappi,1.0,41400.0,10.35
46300.0,7.Sunday,COL,Bogotá,430 CASA ARABE TURBO,02 PARQUE 93,Rappi,2.0,384100.0,96.03
46300.0,7.Sunday,COL,Bogotá,430 CASA ARABE TURBO,03 CHAPINERO,Rappi,1.0,28900.0,7.23
46300.0,7.Sunday,COL,Bogotá,430 CASA ARABE TURBO,08 ANDES,Rappi,2.0,118700.0,29.68
46300.0,7.Sunday,COL,Bogotá,431 DESGRA & CO TURB,01 USAQUEN,Rappi,3.0,147100.0,36.78
46300.0,7.Sunday,COL,Bogotá,431 DESGRA & CO TURB,02 PARQUE 93,Rappi,5.0,287200.0,71.8
46300.0,7.Sunday,COL,Bogotá,431 DESGRA & CO TURB,03 CHAPINERO,Rappi,6.0,303800.0,75.95
46300.0,7.Sunday,COL,Bogotá,431 DESGRA & CO TURB,06 COLINA,Rappi,2.0,183700.0,45.93
46300.0,7.Sunday,COL,Bogotá,431 DESGRA & CO TURB,08 ANDES,Rappi,4.0,119200.0,29.8
46300.0,7.Sunday,COL,Bogotá,431 DESGRA & CO TURB,36 VILLA DEL PRADO,Rappi,2.0,135600.0,33.9
46300.0,7.Sunday,COL,Bogotá,44 SELVATIKO,01 USAQUEN,Rappi,1.0,62500.0,15.63
46300.0,7.Sunday,COL,Bogotá,44 SELVATIKO,03 CHAPINERO,Rappi,1.0,32800.0,8.2
46300.0,7.Sunday,COL,Bogotá,44 SELVATIKO,15 ENGATIVA,DiDi,1.0,25800.0,6.45
46300.0,7.Sunday,COL,Bogotá,44 SELVATIKO,50 CHICO,Rappi,1.0,84800.0,21.2
46300.0,7.Sunday,COL,Bogotá,448 DESAY COLOMBIANO,01 USAQUEN,Rappi,2.0,165300.0,41.33
46300.0,7.Sunday,COL,Bogotá,448 DESAY COLOMBIANO,02 PARQUE 93,Rappi,4.0,135300.0,33.83
46300.0,7.Sunday,COL,Bogotá,448 DESAY COLOMBIANO,03 CHAPINERO,Rappi,5.0,207700.0,51.93
46300.0,7.Sunday,COL,Bogotá,448 DESAY COLOMBIANO,06 COLINA,Rappi,5.0,317800.0,79.45
46300.0,7.Sunday,COL,Bogotá,448 DESAY COLOMBIANO,08 ANDES,Rappi,4.0,128300.0,32.08
46300.0,7.Sunday,COL,Bogotá,448 DESAY COLOMBIANO,13 CHIA,Rappi,1.0,43800.0,10.95
46300.0,7.Sunday,COL,Bogotá,448 DESAY COLOMBIANO,15 ENGATIVA,Rappi,5.0,229000.0,57.25
46300.0,7.Sunday,COL,Bogotá,448 DESAY COLOMBIANO,36 VILLA DEL PRADO,Rappi,9.0,539500.0,134.88
46300.0,7.Sunday,COL,Bogotá,448 DESAY COLOMBIANO,38 KENNEDY,Rappi,10.0,654700.0,163.68
46300.0,7.Sunday,COL,Bogotá,448 DESAY COLOMBIANO,45 VERAGUAS,Rappi,4.0,141500.0,35.38
46300.0,7.Sunday,COL,Bogotá,448 DESAY COLOMBIANO,65 CALLE 109,Rappi,2.0,43800.0,10.95
46300.0,7.Sunday,COL,Bogotá,448 DESAY COLOMBIANO,69 ARRECIFE,Rappi,1.0,84500.0,21.13
46300.0,7.Sunday,COL,Bogotá,54 FOODOLOGY,02 PARQUE 93,Rappi,2.0,97400.0,24.35
46300.0,7.Sunday,COL,Bogotá,54 FOODOLOGY,06 COLINA,DiDi,1.0,32700.0,8.18
46300.0,7.Sunday,COL,Bogotá,54 FOODOLOGY,06 COLINA,Rappi,2.0,134200.0,33.55
46300.0,7.Sunday,COL,Bogotá,54 FOODOLOGY,13 CHIA,DiDi,1.0,33400.0,8.35
46300.0,7.Sunday,COL,Bogotá,54 FOODOLOGY,15 ENGATIVA,Rappi,1.0,22900.0,5.73
46300.0,7.Sunday,COL,Bogotá,54 FOODOLOGY,38 KENNEDY,Rappi,4.0,250500.0,62.63
46300.0,7.Sunday,COL,Bogotá,57 PRET SANDWICH BIS,01 USAQUEN,Rappi,2.0,165300.0,41.33
46300.0,7.Sunday,COL,Bogotá,57 PRET SANDWICH BIS,02 PARQUE 93,Rappi,2.0,114700.0,28.68
46300.0,7.Sunday,COL,Bogotá,57 PRET SANDWICH BIS,03 CHAPINERO,Rappi,2.0,97500.0,24.38
46300.0,7.Sunday,COL,Bogotá,57 PRET SANDWICH BIS,15 ENGATIVA,Rappi,2.0,361800.0,90.45
46300.0,7.Sunday,COL,Bogotá,58 ALBA VEGETARIAN,02 PARQUE 93,DiDi,4.0,213400.0,53.35
46300.0,7.Sunday,COL,Bogotá,58 ALBA VEGETARIAN,02 PARQUE 93,Rappi,1.0,34100.0,8.53
46300.0,7.Sunday,COL,Bogotá,58 ALBA VEGETARIAN,03 CHAPINERO,DiDi,2.0,51600.0,12.9
46300.0,7.Sunday,COL,Bogotá,58 ALBA VEGETARIAN,06 COLINA,DiDi,1.0,27500.0,6.88
46300.0,7.Sunday,COL,Bogotá,58 ALBA VEGETARIAN,06 COLINA,Rappi,2.0,107100.0,26.78
46300.0,7.Sunday,COL,Bogotá,58 ALBA VEGETARIAN,13 CHIA,DiDi,1.0,45000.0,11.25
46300.0,7.Sunday,COL,Bogotá,58 ALBA VEGETARIAN,13 CHIA,Rappi,3.0,157200.0,39.3
46300.0,7.Sunday,COL,Bogotá,58 ALBA VEGETARIAN,36 VILLA DEL PRADO,DiDi,1.0,52400.0,13.1
46300.0,7.Sunday,COL,Bogotá,58 ALBA VEGETARIAN,45 VERAGUAS,DiDi,1.0,16900.0,4.23
46300.0,7.Sunday,COL,Bogotá,58 ALBA VEGETARIAN,45 VERAGUAS,Rappi,1.0,32400.0,8.1
46300.0,7.Sunday,COL,Bogotá,59 DEMBOW,06 COLINA,Rappi,1.0,54800.0,13.7
46300.0,7.Sunday,COL,Bogotá,59 DEMBOW,69 ARRECIFE,Rappi,1.0,63800.0,15.95
46300.0,7.Sunday,COL,Bogotá,65 SAN JERONIMO HELA,01 USAQUEN,Rappi,5.0,237500.0,59.38
46300.0,7.Sunday,COL,Bogotá,65 SAN JERONIMO HELA,02 PARQUE 93,Rappi,3.0,137500.0,34.38
46300.0,7.Sunday,COL,Bogotá,65 SAN JERONIMO HELA,03 CHAPINERO,Rappi,2.0,75000.0,18.75
46300.0,7.Sunday,COL,Bogotá,65 SAN JERONIMO HELA,06 COLINA,Rappi,3.0,137500.0,34.38
46300.0,7.Sunday,COL,Bogotá,65 SAN JERONIMO HELA,13 CHIA,Rappi,1.0,50000.0,12.5
46300.0,7.Sunday,COL,Bogotá,65 SAN JERONIMO HELA,15 ENGATIVA,DiDi,1.0,50000.0,12.5
46300.0,7.Sunday,COL,Bogotá,65 SAN JERONIMO HELA,15 ENGATIVA,Rappi,2.0,112500.0,28.13
46300.0,7.Sunday,COL,Bogotá,65 SAN JERONIMO HELA,36 VILLA DEL PRADO,Rappi,2.0,100000.0,25.0
46300.0,7.Sunday,COL,Bogotá,65 SAN JERONIMO HELA,38 KENNEDY,Rappi,1.0,37500.0,9.38
46300.0,7.Sunday,COL,Bogotá,65 SAN JERONIMO HELA,45 VERAGUAS,Rappi,2.0,150000.0,37.5
46300.0,7.Sunday,COL,Bogotá,66 MAÑANERO DIARIO,03 CHAPINERO,Rappi,1.0,25900.0,6.48
46300.0,7.Sunday,COL,Bogotá,66 MAÑANERO DIARIO,06 COLINA,Rappi,2.0,177900.0,44.48
46300.0,7.Sunday,COL,Bogotá,66 MAÑANERO DIARIO,08 ANDES,Rappi,2.0,70100.0,17.53
46300.0,7.Sunday,COL,Bogotá,66 MAÑANERO DIARIO,13 CHIA,Rappi,3.0,229900.0,57.48
46300.0,7.Sunday,COL,Bogotá,66 MAÑANERO DIARIO,15 ENGATIVA,Rappi,1.0,51700.0,12.93
46300.0,7.Sunday,COL,Bogotá,66 MAÑANERO DIARIO,36 VILLA DEL PRADO,Rappi,1.0,56700.0,14.18
46300.0,7.Sunday,COL,Bogotá,66 MAÑANERO DIARIO,38 KENNEDY,Rappi,1.0,12900.0,3.23
46300.0,7.Sunday,COL,Bogotá,66 MAÑANERO DIARIO,45 VERAGUAS,Rappi,2.0,90000.0,22.5
46300.0,7.Sunday,COL,Bogotá,66 MAÑANERO DIARIO,65 CALLE 109,Rappi,2.0,127300.0,31.83
46300.0,7.Sunday,COL,Bogotá,70 BURRITO CANTINA,03 CHAPINERO,Rappi,1.0,34800.0,8.7
46300.0,7.Sunday,COL,Bogotá,70 BURRITO CANTINA,65 CALLE 109,Rappi,1.0,64900.0,16.23
46300.0,7.Sunday,COL,Bogotá,72 VICIO,03 CHAPINERO,DiDi,2.0,50500.0,12.63
46300.0,7.Sunday,COL,Bogotá,72 VICIO,03 CHAPINERO,Rappi,2.0,99000.0,24.75
46300.0,7.Sunday,COL,Bogotá,72 VICIO,08 ANDES,DiDi,1.0,46900.0,11.73
46300.0,7.Sunday,COL,Bogotá,72 VICIO,36 VILLA DEL PRADO,Rappi,2.0,106500.0,26.63
46300.0,7.Sunday,COL,Bogotá,72 VICIO,38 KENNEDY,Rappi,1.0,30900.0,7.73
46300.0,7.Sunday,COL,Bogotá,73 ACPM CORRIENTAZO,02 PARQUE 93,Rappi,1.0,69600.0,17.4
46300.0,7.Sunday,COL,Bogotá,73 ACPM CORRIENTAZO,65 CALLE 109,Rappi,1.0,22800.0,5.7
46300.0,7.Sunday,COL,Bogotá,82 CINNABON,01 USAQUEN,DiDi,4.0,194900.0,48.73
46300.0,7.Sunday,COL,Bogotá,82 CINNABON,01 USAQUEN,Rappi,14.0,501100.0,125.28
46300.0,7.Sunday,COL,Bogotá,82 CINNABON,03 CHAPINERO,DiDi,2.0,28700.0,7.18
46300.0,7.Sunday,COL,Bogotá,82 CINNABON,03 CHAPINERO,Rappi,15.0,577800.0,144.45
46300.0,7.Sunday,COL,Bogotá,82 CINNABON,06 COLINA,Justo,2.0,72100.0,18.03
46300.0,7.Sunday,COL,Bogotá,82 CINNABON,06 COLINA,Rappi,30.0,1185400.0,296.35
46300.0,7.Sunday,COL,Bogotá,82 CINNABON,13 CHIA,DiDi,3.0,95600.0,23.9
46300.0,7.Sunday,COL,Bogotá,82 CINNABON,13 CHIA,Rappi,4.0,223900.0,55.98
46300.0,7.Sunday,COL,Bogotá,82 CINNABON,15 ENGATIVA,DiDi,3.0,67900.0,16.98
46300.0,7.Sunday,COL,Bogotá,82 CINNABON,15 ENGATIVA,Justo,1.0,55600.0,13.9
46300.0,7.Sunday,COL,Bogotá,82 CINNABON,15 ENGATIVA,Rappi,8.0,279700.0,69.93
46300.0,7.Sunday,COL,Bogotá,82 CINNABON,36 VILLA DEL PRADO,DiDi,6.0,172800.0,43.2
46300.0,7.Sunday,COL,Bogotá,82 CINNABON,36 VILLA DEL PRADO,Justo,1.0,29900.0,7.48
46300.0,7.Sunday,COL,Bogotá,82 CINNABON,36 VILLA DEL PRADO,Rappi,15.0,623200.0,155.8
46300.0,7.Sunday,COL,Bogotá,82 CINNABON,38 KENNEDY,Rappi,27.0,1038500.0,259.63
46300.0,7.Sunday,COL,Bogotá,82 CINNABON,45 VERAGUAS,DiDi,1.0,37900.0,9.48
46300.0,7.Sunday,COL,Bogotá,82 CINNABON,45 VERAGUAS,Justo,3.0,79300.0,19.83
46300.0,7.Sunday,COL,Bogotá,82 CINNABON,45 VERAGUAS,Rappi,19.0,854900.0,213.73
46300.0,7.Sunday,COL,Bogotá,82 CINNABON,65 CALLE 109,Rappi,5.0,139000.0,34.75
46300.0,7.Sunday,COL,Bogotá,83 SANDUCHES EL JEFE,01 USAQUEN,Rappi,2.0,57400.0,14.35
46300.0,7.Sunday,COL,Bogotá,83 SANDUCHES EL JEFE,02 PARQUE 93,Rappi,1.0,23500.0,5.88
46300.0,7.Sunday,COL,Bogotá,83 SANDUCHES EL JEFE,03 CHAPINERO,DiDi,2.0,129200.0,32.3
46300.0,7.Sunday,COL,Bogotá,83 SANDUCHES EL JEFE,03 CHAPINERO,Rappi,1.0,48300.0,12.08
46300.0,7.Sunday,COL,Bogotá,83 SANDUCHES EL JEFE,08 ANDES,DiDi,1.0,68000.0,17.0
46300.0,7.Sunday,COL,Bogotá,83 SANDUCHES EL JEFE,08 ANDES,Rappi,1.0,46000.0,11.5
46300.0,7.Sunday,COL,Bogotá,83 SANDUCHES EL JEFE,13 CHIA,Rappi,3.0,113300.0,28.33
46300.0,7.Sunday,COL,Bogotá,83 SANDUCHES EL JEFE,15 ENGATIVA,DiDi,1.0,38700.0,9.68
46300.0,7.Sunday,COL,Bogotá,83 SANDUCHES EL JEFE,15 ENGATIVA,Rappi,1.0,26900.0,6.73
46300.0,7.Sunday,COL,Bogotá,83 SANDUCHES EL JEFE,38 KENNEDY,DiDi,1.0,86400.0,21.6
46300.0,7.Sunday,COL,Bogotá,83 SANDUCHES EL JEFE,38 KENNEDY,Rappi,1.0,41900.0,10.48
46300.0,7.Sunday,COL,Bogotá,83 SANDUCHES EL JEFE,65 CALLE 109,DiDi,1.0,33000.0,8.25
46300.0,7.Sunday,COL,Bogotá,84 CINNABON PASE,39 SALVIO,FoodologyPOS,68.0,1641000.0,410.25
46300.0,7.Sunday,COL,Bogotá,84 CINNABON PASE,39 SALVIO,Rappi,4.0,132200.0,33.05
46300.0,7.Sunday,COL,Bogotá,84 CINNABON PASE,55 TITAN,DiDi,2.0,28800.0,7.2
46300.0,7.Sunday,COL,Bogotá,84 CINNABON PASE,55 TITAN,FoodologyPOS,69.0,1948700.0,487.18
46300.0,7.Sunday,COL,Bogotá,84 CINNABON PASE,55 TITAN,Rappi,10.0,424800.0,106.2
46300.0,7.Sunday,COL,Bogotá,84 CINNABON PASE,56 SANTAFE BOG,DiDi,3.0,115200.0,28.8
46300.0,7.Sunday,COL,Bogotá,84 CINNABON PASE,56 SANTAFE BOG,FoodologyPOS,80.0,2098800.0,524.7
46300.0,7.Sunday,COL,Bogotá,84 CINNABON PASE,56 SANTAFE BOG,Rappi,8.0,282500.0,70.63
46300.0,7.Sunday,COL,Bogotá,84 CINNABON PASE,61 CHICO CINNABON,DiDi,2.0,92100.0,23.03
46300.0,7.Sunday,COL,Bogotá,84 CINNABON PASE,61 CHICO CINNABON,FoodologyPOS,8.0,219900.0,54.98
46300.0,7.Sunday,COL,Bogotá,84 CINNABON PASE,61 CHICO CINNABON,Rappi,1.0,52900.0,13.23
46300.0,7.Sunday,COL,Bogotá,84 CINNABON PASE,66 PLAZA CLARO CINNA,FoodologyPOS,52.0,1338200.0,334.55
46300.0,7.Sunday,COL,Bogotá,84 CINNABON PASE,66 PLAZA CLARO CINNA,Justo,2.0,143700.0,35.93
46300.0,7.Sunday,COL,Bogotá,84 CINNABON PASE,66 PLAZA CLARO CINNA,Rappi,12.0,683200.0,170.8
46300.0,7.Sunday,COL,Bogotá,86 FROST TURBO,01 USAQUEN,Rappi,3.0,88400.0,22.1
46300.0,7.Sunday,COL,Bogotá,86 FROST TURBO,03 CHAPINERO,Rappi,7.0,203900.0,50.98
46300.0,7.Sunday,COL,Bogotá,86 FROST TURBO,06 COLINA,Rappi,4.0,152700.0,38.18
46300.0,7.Sunday,COL,Bogotá,86 FROST TURBO,08 ANDES,Rappi,4.0,116300.0,29.08
46300.0,7.Sunday,COL,Bogotá,86 FROST TURBO,38 KENNEDY,Rappi,2.0,64700.0,16.18
46300.0,7.Sunday,COL,Bogotá,86 FROST TURBO,50 CHICO,Rappi,1.0,43600.0,10.9
46300.0,7.Sunday,COL,Bogotá,86 FROST TURBO,65 CALLE 109,Rappi,3.0,104400.0,26.1
46300.0,7.Sunday,COL,Bogotá,87 VICIO TURBO,01 USAQUEN,Rappi,1.0,49500.0,12.38
46300.0,7.Sunday,COL,Bogotá,87 VICIO TURBO,02 PARQUE 93,Rappi,1.0,60400.0,15.1
46300.0,7.Sunday,COL,Bogotá,87 VICIO TURBO,03 CHAPINERO,Rappi,1.0,57000.0,14.25
46300.0,7.Sunday,COL,Bogotá,87 VICIO TURBO,08 ANDES,Rappi,1.0,49500.0,12.38
46300.0,7.Sunday,COL,Bogotá,87 VICIO TURBO,38 KENNEDY,Rappi,2.0,60400.0,15.1
46300.0,7.Sunday,COL,Bogotá,88 CINNABON TURBO,01 USAQUEN,Rappi,17.0,516700.0,129.18
46300.0,7.Sunday,COL,Bogotá,88 CINNABON TURBO,03 CHAPINERO,Rappi,6.0,269000.0,67.25
46300.0,7.Sunday,COL,Bogotá,88 CINNABON TURBO,06 COLINA,Rappi,11.0,412000.0,103.0
46300.0,7.Sunday,COL,Bogotá,88 CINNABON TURBO,36 VILLA DEL PRADO,Rappi,14.0,540800.0,135.2
46300.0,7.Sunday,COL,Bogotá,88 CINNABON TURBO,65 CALLE 109,Rappi,8.0,294100.0,73.53
46300.0,7.Sunday,COL,Bogotá,90 AVOCALIA TURBO,01 USAQUEN,Rappi,16.0,615800.0,153.95
46300.0,7.Sunday,COL,Bogotá,90 AVOCALIA TURBO,03 CHAPINERO,Rappi,15.0,712600.0,178.15
46300.0,7.Sunday,COL,Bogotá,90 AVOCALIA TURBO,06 COLINA,Rappi,1.0,31500.0,7.88
46300.0,7.Sunday,COL,Bogotá,90 AVOCALIA TURBO,08 ANDES,Rappi,9.0,334300.0,83.58
46300.0,7.Sunday,COL,Bogotá,90 AVOCALIA TURBO,36 VILLA DEL PRADO,Rappi,8.0,399800.0,99.95
46300.0,7.Sunday,COL,Bogotá,90 AVOCALIA TURBO,38 KENNEDY,Rappi,7.0,293100.0,73.28
46300.0,7.Sunday,COL,Bogotá,90 AVOCALIA TURBO,50 CHICO,Rappi,16.0,843000.0,210.75
46300.0,7.Sunday,COL,Bogotá,90 AVOCALIA TURBO,65 CALLE 109,Rappi,15.0,762400.0,190.6
46300.0,7.Sunday,COL,Bogotá,92 BRUNCH&MUNCH TURB,01 USAQUEN,Rappi,30.0,2387600.0,596.9
46300.0,7.Sunday,COL,Bogotá,92 BRUNCH&MUNCH TURB,03 CHAPINERO,Rappi,61.0,4896100.0,1224.03
46300.0,7.Sunday,COL,Bogotá,92 BRUNCH&MUNCH TURB,08 ANDES,Rappi,26.0,1770100.0,442.53
46300.0,7.Sunday,COL,Bogotá,92 BRUNCH&MUNCH TURB,36 VILLA DEL PRADO,Rappi,22.0,2128700.0,532.18
46300.0,7.Sunday,COL,Bogotá,92 BRUNCH&MUNCH TURB,38 KENNEDY,Rappi,11.0,844500.0,211.13
46300.0,7.Sunday,COL,Bogotá,92 BRUNCH&MUNCH TURB,50 CHICO,Rappi,17.0,1389400.0,347.35
46300.0,7.Sunday,COL,Bogotá,92 BRUNCH&MUNCH TURB,65 CALLE 109,Rappi,30.0,2709400.0,677.35
46300.0,7.Sunday,COL,Bogotá,92 BRUNCH&MUNCH TURB,69 ARRECIFE,Rappi,1.0,53400.0,13.35
46300.0,7.Sunday,COL,Bogotá,93 SAN JERONIMO TURB,01 USAQUEN,Rappi,7.0,379500.0,94.88
46300.0,7.Sunday,COL,Bogotá,93 SAN JERONIMO TURB,02 PARQUE 93,Rappi,1.0,23000.0,5.75
46300.0,7.Sunday,COL,Bogotá,93 SAN JERONIMO TURB,03 CHAPINERO,Rappi,5.0,218500.0,54.63
46300.0,7.Sunday,COL,Bogotá,93 SAN JERONIMO TURB,06 COLINA,Rappi,2.0,46000.0,11.5
46300.0,7.Sunday,COL,Bogotá,93 SAN JERONIMO TURB,08 ANDES,Rappi,2.0,46000.0,11.5
46300.0,7.Sunday,COL,Bogotá,93 SAN JERONIMO TURB,36 VILLA DEL PRADO,Rappi,7.0,322000.0,80.5
46300.0,7.Sunday,COL,Bogotá,93 SAN JERONIMO TURB,38 KENNEDY,Rappi,4.0,149500.0,37.38
46300.0,7.Sunday,COL,Bucaramanga,01 AVOCALIA,42 CABECERA,Rappi,17.0,807400.0,201.85
46300.0,7.Sunday,COL,Bucaramanga,02 BOTTANIKO,42 CABECERA,Rappi,1.0,47300.0,11.83
46300.0,7.Sunday,COL,Bucaramanga,03 BRUNCH & MUNCH,42 CABECERA,DiDi,1.0,12900.0,3.23
46300.0,7.Sunday,COL,Bucaramanga,03 BRUNCH & MUNCH,42 CABECERA,FoodologyPOS,1.0,79900.0,19.98
46300.0,7.Sunday,COL,Bucaramanga,03 BRUNCH & MUNCH,42 CABECERA,Rappi,71.0,6463900.0,1615.98
46300.0,7.Sunday,COL,Bucaramanga,04 BURRITOS & CO,42 CABECERA,DiDi,3.0,131700.0,32.93
46300.0,7.Sunday,COL,Bucaramanga,04 BURRITOS & CO,42 CABECERA,Rappi,11.0,507600.0,126.9
46300.0,7.Sunday,COL,Bucaramanga,07 LA CUADRA,42 CABECERA,DiDi,12.0,633800.0,158.45
46300.0,7.Sunday,COL,Bucaramanga,07 LA CUADRA,42 CABECERA,Rappi,19.0,1155800.0,288.95
46300.0,7.Sunday,COL,Bucaramanga,110 MR BEAST BURGER,42 CABECERA,DiDi,16.0,723700.0,180.93
46300.0,7.Sunday,COL,Bucaramanga,110 MR BEAST BURGER,42 CABECERA,Rappi,10.0,433800.0,108.45
46300.0,7.Sunday,COL,Bucaramanga,117 LA PANQUEQUERIA,42 CABECERA,Rappi,1.0,36800.0,9.2
46300.0,7.Sunday,COL,Bucaramanga,14 BURGER LANE,42 CABECERA,Rappi,1.0,39900.0,9.98
46300.0,7.Sunday,COL,Bucaramanga,205 FROST,42 CABECERA,Rappi,2.0,51700.0,12.93
46300.0,7.Sunday,COL,Bucaramanga,26 ALMUERZO DE LA CA,42 CABECERA,DiDi,20.0,537400.0,134.35
46300.0,7.Sunday,COL,Bucaramanga,26 ALMUERZO DE LA CA,42 CABECERA,Rappi,8.0,339300.0,84.83
46300.0,7.Sunday,COL,Bucaramanga,27 DESAYUNO MI TIERR,42 CABECERA,Rappi,1.0,27300.0,6.83
46300.0,7.Sunday,COL,Bucaramanga,29 SEÑOR BURRITO,42 CABECERA,DiDi,2.0,99700.0,24.93
46300.0,7.Sunday,COL,Bucaramanga,29 SEÑOR BURRITO,42 CABECERA,Rappi,3.0,272200.0,68.05
46300.0,7.Sunday,COL,Bucaramanga,33 LA CUADRA DESAYUN,42 CABECERA,Rappi,1.0,55100.0,13.78
46300.0,7.Sunday,COL,Bucaramanga,352 BURRITOS & CO TU,42 CABECERA,Rappi,16.0,613300.0,153.33
46300.0,7.Sunday,COL,Bucaramanga,353 LA CUADRA TURBO,42 CABECERA,Rappi,6.0,402400.0,100.6
46300.0,7.Sunday,COL,Bucaramanga,359 GREEN HOUSE,42 CABECERA,DiDi,1.0,22500.0,5.63
46300.0,7.Sunday,COL,Bucaramanga,359 GREEN HOUSE,42 CABECERA,Rappi,12.0,609500.0,152.38
46300.0,7.Sunday,COL,Bucaramanga,362 ÑAMGUCHERIA,42 CABECERA,DiDi,3.0,152600.0,38.15
46300.0,7.Sunday,COL,Bucaramanga,362 ÑAMGUCHERIA,42 CABECERA,Rappi,12.0,496700.0,124.18
46300.0,7.Sunday,COL,Bucaramanga,363 GREEN HOUSE TURB,42 CABECERA,Rappi,3.0,147300.0,36.83
46300.0,7.Sunday,COL,Bucaramanga,370 MONTEVERDE,42 CABECERA,Rappi,2.0,75400.0,18.85
46300.0,7.Sunday,COL,Bucaramanga,380 BREAKFAST CLUB,42 CABECERA,DiDi,2.0,111100.0,27.78
46300.0,7.Sunday,COL,Bucaramanga,380 BREAKFAST CLUB,42 CABECERA,Rappi,14.0,834200.0,208.55
46300.0,7.Sunday,COL,Bucaramanga,381 DESAYU LA ABUELA,42 CABECERA,DiDi,2.0,198000.0,49.5
46300.0,7.Sunday,COL,Bucaramanga,381 DESAYU LA ABUELA,42 CABECERA,Rappi,23.0,1396000.0,349.0
46300.0,7.Sunday,COL,Bucaramanga,386 LA CASA MEXICANA,42 CABECERA,DiDi,12.0,417300.0,104.33
46300.0,7.Sunday,COL,Bucaramanga,386 LA CASA MEXICANA,42 CABECERA,Rappi,8.0,342000.0,85.5
46300.0,7.Sunday,COL,Bucaramanga,387 THE EGG SPOT,42 CABECERA,Rappi,2.0,107400.0,26.85
46300.0,7.Sunday,COL,Bucaramanga,392 HONEST FOOD,42 CABECERA,Rappi,3.0,158000.0,39.5
46300.0,7.Sunday,COL,Bucaramanga,392 MONTEVERDE TURB,42 CABECERA,Rappi,4.0,160000.0,40.0
46300.0,7.Sunday,COL,Bucaramanga,393 EL EJECUTIVO,42 CABECERA,Rappi,3.0,84800.0,21.2
46300.0,7.Sunday,COL,Bucaramanga,393 HOUSEBURGER TURB,42 CABECERA,Rappi,1.0,29400.0,7.35
46300.0,7.Sunday,COL,Bucaramanga,394 COCINA CONSCIENT,42 CABECERA,Rappi,1.0,113800.0,28.45
46300.0,7.Sunday,COL,Bucaramanga,396 NUMA MEDITERRAN,42 CABECERA,Rappi,1.0,110500.0,27.63
46300.0,7.Sunday,COL,Bucaramanga,402 EJECUT TRAD TURBO,42 CABECERA,Rappi,4.0,147200.0,36.8
46300.0,7.Sunday,COL,Bucaramanga,413 HOUSE SALAD TURB,42 CABECERA,Rappi,2.0,55900.0,13.98
46300.0,7.Sunday,COL,Bucaramanga,419 CASA ARABE,42 CABECERA,Rappi,1.0,185100.0,46.28
46300.0,7.Sunday,COL,Bucaramanga,421 ACPM CORRI TURBO,42 CABECERA,Rappi,1.0,21400.0,5.35
46300.0,7.Sunday,COL,Bucaramanga,422 BURRIT CANT TURB,42 CABECERA,Rappi,1.0,62800.0,15.7
46300.0,7.Sunday,COL,Bucaramanga,425 LA CASA MEXITURB,42 CABECERA,Rappi,1.0,27900.0,6.98
46300.0,7.Sunday,COL,Bucaramanga,428 SELVATIKO TURBO,42 CABECERA,Rappi,1.0,23900.0,5.98
46300.0,7.Sunday,COL,Bucaramanga,44 SELVATIKO,42 CABECERA,DiDi,1.0,23400.0,5.85
46300.0,7.Sunday,COL,Bucaramanga,44 SELVATIKO,42 CABECERA,Rappi,1.0,39900.0,9.98
46300.0,7.Sunday,COL,Bucaramanga,448 DESAY COLOMBIANO,42 CABECERA,Rappi,10.0,363800.0,90.95
46300.0,7.Sunday,COL,Bucaramanga,54 FOODOLOGY,42 CABECERA,Rappi,4.0,177100.0,44.28
46300.0,7.Sunday,COL,Bucaramanga,58 ALBA VEGETARIAN,42 CABECERA,Rappi,1.0,102700.0,25.68
46300.0,7.Sunday,COL,Bucaramanga,59 DEMBOW,42 CABECERA,Rappi,1.0,53300.0,13.33
46300.0,7.Sunday,COL,Bucaramanga,65 SAN JERONIMO HELA,42 CABECERA,Rappi,4.0,150000.0,37.5
46300.0,7.Sunday,COL,Bucaramanga,66 MAÑANERO DIARIO,42 CABECERA,Rappi,4.0,417400.0,104.35
46300.0,7.Sunday,COL,Bucaramanga,70 BURRITO CANTINA,42 CABECERA,Rappi,2.0,100900.0,25.23
46300.0,7.Sunday,COL,Bucaramanga,72 VICIO,42 CABECERA,Rappi,2.0,80400.0,20.1
46300.0,7.Sunday,COL,Bucaramanga,82 CINNABON,42 CABECERA,DiDi,1.0,29900.0,7.48
46300.0,7.Sunday,COL,Bucaramanga,82 CINNABON,42 CABECERA,Rappi,30.0,1241200.0,310.3
46300.0,7.Sunday,COL,Bucaramanga,83 SANDUCHES EL JEFE,42 CABECERA,DiDi,3.0,146500.0,36.63
46300.0,7.Sunday,COL,Bucaramanga,83 SANDUCHES EL JEFE,42 CABECERA,Rappi,1.0,53800.0,13.45
46300.0,7.Sunday,COL,Bucaramanga,86 FROST TURBO,42 CABECERA,Rappi,2.0,38700.0,9.68
46300.0,7.Sunday,COL,Bucaramanga,88 CINNABON TURBO,42 CABECERA,Rappi,4.0,99300.0,24.83
46300.0,7.Sunday,COL,Bucaramanga,90 AVOCALIA TURBO,42 CABECERA,Rappi,6.0,227400.0,56.85
46300.0,7.Sunday,COL,Bucaramanga,92 BRUNCH&MUNCH TURB,42 CABECERA,Rappi,8.0,964200.0,241.05
46300.0,7.Sunday,COL,Bucaramanga,93 SAN JERONIMO TURB,42 CABECERA,Rappi,2.0,57500.0,14.38
46300.0,7.Sunday,COL,Cali,01 AVOCALIA,22 SANTA MONICA,DiDi,1.0,42400.0,10.6
46300.0,7.Sunday,COL,Cali,01 AVOCALIA,22 SANTA MONICA,Rappi,12.0,572300.0,143.08
46300.0,7.Sunday,COL,Cali,01 AVOCALIA,24 SAN FERNANDO,DiDi,2.0,59400.0,14.85
46300.0,7.Sunday,COL,Cali,01 AVOCALIA,24 SAN FERNANDO,Rappi,18.0,975200.0,243.8
46300.0,7.Sunday,COL,Cali,01 AVOCALIA,46 INGENIO,Rappi,13.0,556700.0,139.18
46300.0,7.Sunday,COL,Cali,02 BOTTANIKO,22 SANTA MONICA,Rappi,1.0,24500.0,6.13
46300.0,7.Sunday,COL,Cali,03 BRUNCH & MUNCH,22 SANTA MONICA,DiDi,2.0,129400.0,32.35
46300.0,7.Sunday,COL,Cali,03 BRUNCH & MUNCH,22 SANTA MONICA,FoodologyPOS,2.0,134100.0,33.53
46300.0,7.Sunday,COL,Cali,03 BRUNCH & MUNCH,22 SANTA MONICA,Rappi,79.0,7871200.0,1967.8
46300.0,7.Sunday,COL,Cali,03 BRUNCH & MUNCH,24 SAN FERNANDO,DiDi,6.0,434200.0,108.55
46300.0,7.Sunday,COL,Cali,03 BRUNCH & MUNCH,24 SAN FERNANDO,FoodologyPOS,1.0,151800.0,37.95
46300.0,7.Sunday,COL,Cali,03 BRUNCH & MUNCH,24 SAN FERNANDO,Rappi,74.0,6662600.0,1665.65
46300.0,7.Sunday,COL,Cali,03 BRUNCH & MUNCH,46 INGENIO,DiDi,2.0,189800.0,47.45
46300.0,7.Sunday,COL,Cali,03 BRUNCH & MUNCH,46 INGENIO,FoodologyPOS,5.0,405600.0,101.4
46300.0,7.Sunday,COL,Cali,03 BRUNCH & MUNCH,46 INGENIO,Rappi,91.0,8779900.0,2194.98
46300.0,7.Sunday,COL,Cali,04 BURRITOS & CO,22 SANTA MONICA,DiDi,1.0,113800.0,28.45
46300.0,7.Sunday,COL,Cali,04 BURRITOS & CO,22 SANTA MONICA,Rappi,8.0,521900.0,130.48
46300.0,7.Sunday,COL,Cali,04 BURRITOS & CO,24 SAN FERNANDO,Rappi,7.0,213900.0,53.48
46300.0,7.Sunday,COL,Cali,04 BURRITOS & CO,46 INGENIO,DiDi,5.0,271100.0,67.78
46300.0,7.Sunday,COL,Cali,04 BURRITOS & CO,46 INGENIO,Rappi,10.0,656600.0,164.15
46300.0,7.Sunday,COL,Cali,07 LA CUADRA,22 SANTA MONICA,DiDi,3.0,195800.0,48.95
46300.0,7.Sunday,COL,Cali,07 LA CUADRA,22 SANTA MONICA,Rappi,9.0,526400.0,131.6
46300.0,7.Sunday,COL,Cali,07 LA CUADRA,24 SAN FERNANDO,DiDi,5.0,197800.0,49.45
46300.0,7.Sunday,COL,Cali,07 LA CUADRA,24 SAN FERNANDO,Rappi,7.0,549200.0,137.3
46300.0,7.Sunday,COL,Cali,07 LA CUADRA,46 INGENIO,DiDi,6.0,339300.0,84.83
46300.0,7.Sunday,COL,Cali,07 LA CUADRA,46 INGENIO,Rappi,21.0,1515300.0,378.83
46300.0,7.Sunday,COL,Cali,110 MR BEAST BURGER,22 SANTA MONICA,DiDi,10.0,491100.0,122.78
46300.0,7.Sunday,COL,Cali,110 MR BEAST BURGER,22 SANTA MONICA,Rappi,4.0,174100.0,43.53
46300.0,7.Sunday,COL,Cali,110 MR BEAST BURGER,24 SAN FERNANDO,DiDi,15.0,685700.0,171.43
46300.0,7.Sunday,COL,Cali,110 MR BEAST BURGER,24 SAN FERNANDO,Rappi,3.0,180600.0,45.15
46300.0,7.Sunday,COL,Cali,110 MR BEAST BURGER,46 INGENIO,DiDi,31.0,1627300.0,406.83
46300.0,7.Sunday,COL,Cali,110 MR BEAST BURGER,46 INGENIO,Rappi,6.0,232700.0,58.18
46300.0,7.Sunday,COL,Cali,113 QUE CHICKEN,46 INGENIO,Rappi,1.0,45400.0,11.35
46300.0,7.Sunday,COL,Cali,114 MR BEAST TURBO,24 SAN FERNANDO,Rappi,1.0,35400.0,8.85
46300.0,7.Sunday,COL,Cali,117 LA PANQUEQUERIA,22 SANTA MONICA,Rappi,5.0,295800.0,73.95
46300.0,7.Sunday,COL,Cali,117 LA PANQUEQUERIA,24 SAN FERNANDO,Rappi,7.0,315400.0,78.85
46300.0,7.Sunday,COL,Cali,117 LA PANQUEQUERIA,46 INGENIO,Rappi,4.0,214800.0,53.7
46300.0,7.Sunday,COL,Cali,205 FROST,24 SAN FERNANDO,Rappi,1.0,12900.0,3.23
46300.0,7.Sunday,COL,Cali,205 FROST,46 INGENIO,Rappi,1.0,38700.0,9.68
46300.0,7.Sunday,COL,Cali,26 ALMUERZO DE LA CA,22 SANTA MONICA,DiDi,4.0,138200.0,34.55
46300.0,7.Sunday,COL,Cali,26 ALMUERZO DE LA CA,22 SANTA MONICA,Rappi,2.0,56700.0,14.18
46300.0,7.Sunday,COL,Cali,26 ALMUERZO DE LA CA,24 SAN FERNANDO,DiDi,2.0,47600.0,11.9
46300.0,7.Sunday,COL,Cali,26 ALMUERZO DE LA CA,24 SAN FERNANDO,Rappi,2.0,52100.0,13.03
46300.0,7.Sunday,COL,Cali,26 ALMUERZO DE LA CA,46 INGENIO,DiDi,1.0,21900.0,5.48
46300.0,7.Sunday,COL,Cali,26 ALMUERZO DE LA CA,46 INGENIO,Rappi,3.0,164100.0,41.03
46300.0,7.Sunday,COL,Cali,27 DESAYUNO MI TIERR,22 SANTA MONICA,Rappi,1.0,75800.0,18.95
46300.0,7.Sunday,COL,Cali,27 DESAYUNO MI TIERR,24 SAN FERNANDO,Rappi,1.0,25900.0,6.48
46300.0,7.Sunday,COL,Cali,27 DESAYUNO MI TIERR,46 INGENIO,Rappi,1.0,168700.0,42.18
46300.0,7.Sunday,COL,Cali,29 SEÑOR BURRITO,22 SANTA MONICA,Rappi,1.0,14900.0,3.73
46300.0,7.Sunday,COL,Cali,29 SEÑOR BURRITO,24 SAN FERNANDO,DiDi,3.0,151600.0,37.9
46300.0,7.Sunday,COL,Cali,29 SEÑOR BURRITO,24 SAN FERNANDO,Rappi,1.0,57800.0,14.45
46300.0,7.Sunday,COL,Cali,33 LA CUADRA DESAYUN,24 SAN FERNANDO,Rappi,2.0,87900.0,21.98
46300.0,7.Sunday,COL,Cali,35 BRUNCH CLUB,22 SANTA MONICA,DiDi,1.0,22400.0,5.6
46300.0,7.Sunday,COL,Cali,35 BRUNCH CLUB,24 SAN FERNANDO,DiDi,4.0,234500.0,58.63
46300.0,7.Sunday,COL,Cali,35 BRUNCH CLUB,46 INGENIO,DiDi,2.0,37700.0,9.43
46300.0,7.Sunday,COL,Cali,353 LA CUADRA TURBO,24 SAN FERNANDO,Rappi,3.0,159500.0,39.88
46300.0,7.Sunday,COL,Cali,359 GREEN HOUSE,22 SANTA MONICA,DiDi,2.0,77700.0,19.43
46300.0,7.Sunday,COL,Cali,359 GREEN HOUSE,22 SANTA MONICA,Rappi,2.0,128600.0,32.15
46300.0,7.Sunday,COL,Cali,359 GREEN HOUSE,24 SAN FERNANDO,DiDi,1.0,43800.0,10.95
46300.0,7.Sunday,COL,Cali,359 GREEN HOUSE,24 SAN FERNANDO,Rappi,2.0,98800.0,24.7
46300.0,7.Sunday,COL,Cali,359 GREEN HOUSE,46 INGENIO,DiDi,4.0,189000.0,47.25
46300.0,7.Sunday,COL,Cali,359 GREEN HOUSE,46 INGENIO,Rappi,5.0,224100.0,56.03
46300.0,7.Sunday,COL,Cali,362 ÑAMGUCHERIA,22 SANTA MONICA,Rappi,4.0,194500.0,48.63
46300.0,7.Sunday,COL,Cali,362 ÑAMGUCHERIA,24 SAN FERNANDO,DiDi,1.0,23900.0,5.98
46300.0,7.Sunday,COL,Cali,362 ÑAMGUCHERIA,24 SAN FERNANDO,Rappi,3.0,153600.0,38.4
46300.0,7.Sunday,COL,Cali,362 ÑAMGUCHERIA,46 INGENIO,DiDi,5.0,271900.0,67.98
46300.0,7.Sunday,COL,Cali,362 ÑAMGUCHERIA,46 INGENIO,Rappi,8.0,403700.0,100.93
46300.0,7.Sunday,COL,Cali,363 GREEN HOUSE TURB,24 SAN FERNANDO,Rappi,2.0,100300.0,25.08
46300.0,7.Sunday,COL,Cali,366 HOUSE OF SALADS,22 SANTA MONICA,Rappi,1.0,38900.0,9.73
46300.0,7.Sunday,COL,Cali,366 HOUSE OF SALADS,46 INGENIO,Rappi,3.0,96900.0,24.23
46300.0,7.Sunday,COL,Cali,370 MONTEVERDE,22 SANTA MONICA,Rappi,1.0,67300.0,16.83
46300.0,7.Sunday,COL,Cali,370 MONTEVERDE,46 INGENIO,Rappi,1.0,23900.0,5.98
46300.0,7.Sunday,COL,Cali,373 HOUSE OF BURGERS,22 SANTA MONICA,Rappi,1.0,48700.0,12.18
46300.0,7.Sunday,COL,Cali,373 HOUSE OF BURGERS,46 INGENIO,Rappi,1.0,53800.0,13.45
46300.0,7.Sunday,COL,Cali,380 BREAKFAST CLUB,22 SANTA MONICA,DiDi,1.0,20400.0,5.1
46300.0,7.Sunday,COL,Cali,380 BREAKFAST CLUB,22 SANTA MONICA,Rappi,16.0,1286200.0,321.55
46300.0,7.Sunday,COL,Cali,380 BREAKFAST CLUB,24 SAN FERNANDO,DiDi,1.0,32500.0,8.13
46300.0,7.Sunday,COL,Cali,380 BREAKFAST CLUB,24 SAN FERNANDO,Rappi,15.0,1363900.0,340.98
46300.0,7.Sunday,COL,Cali,380 BREAKFAST CLUB,46 INGENIO,Rappi,18.0,1301600.0,325.4
46300.0,7.Sunday,COL,Cali,381 DESAYU LA ABUELA,22 SANTA MONICA,DiDi,3.0,238300.0,59.58
46300.0,7.Sunday,COL,Cali,381 DESAYU LA ABUELA,22 SANTA MONICA,Rappi,24.0,1674300.0,418.58
46300.0,7.Sunday,COL,Cali,381 DESAYU LA ABUELA,24 SAN FERNANDO,DiDi,2.0,118700.0,29.68
46300.0,7.Sunday,COL,Cali,381 DESAYU LA ABUELA,24 SAN FERNANDO,Rappi,28.0,2109600.0,527.4
46300.0,7.Sunday,COL,Cali,381 DESAYU LA ABUELA,46 INGENIO,DiDi,1.0,67800.0,16.95
46300.0,7.Sunday,COL,Cali,381 DESAYU LA ABUELA,46 INGENIO,Rappi,32.0,2227700.0,556.93
46300.0,7.Sunday,COL,Cali,386 LA CASA MEXICANA,22 SANTA MONICA,Rappi,1.0,50800.0,12.7
46300.0,7.Sunday,COL,Cali,386 LA CASA MEXICANA,24 SAN FERNANDO,DiDi,2.0,150400.0,37.6
46300.0,7.Sunday,COL,Cali,386 LA CASA MEXICANA,24 SAN FERNANDO,Rappi,2.0,135000.0,33.75
46300.0,7.Sunday,COL,Cali,386 LA CASA MEXICANA,46 INGENIO,DiDi,6.0,263400.0,65.85
46300.0,7.Sunday,COL,Cali,386 LA CASA MEXICANA,46 INGENIO,Rappi,4.0,266900.0,66.73
46300.0,7.Sunday,COL,Cali,387 THE EGG SPOT,22 SANTA MONICA,DiDi,1.0,17500.0,4.38
46300.0,7.Sunday,COL,Cali,387 THE EGG SPOT,22 SANTA MONICA,Rappi,3.0,232800.0,58.2
46300.0,7.Sunday,COL,Cali,387 THE EGG SPOT,24 SAN FERNANDO,Rappi,3.0,152600.0,38.15
46300.0,7.Sunday,COL,Cali,387 THE EGG SPOT,46 INGENIO,Rappi,3.0,190100.0,47.53
46300.0,7.Sunday,COL,Cali,388 FOODHUB,24 SAN FERNANDO,Rappi,1.0,75900.0,18.98
46300.0,7.Sunday,COL,Cali,388 FOODHUB,46 INGENIO,Rappi,2.0,194700.0,48.68
46300.0,7.Sunday,COL,Cali,393 EL EJECUTIVO,24 SAN FERNANDO,DiDi,1.0,24900.0,6.23
46300.0,7.Sunday,COL,Cali,393 EL EJECUTIVO,46 INGENIO,Rappi,1.0,52900.0,13.23
46300.0,7.Sunday,COL,Cali,394 COCINA CONSCIENT,22 SANTA MONICA,Rappi,1.0,50500.0,12.63
46300.0,7.Sunday,COL,Cali,394 COCINA CONSCIENT,46 INGENIO,Rappi,2.0,77800.0,19.45
46300.0,7.Sunday,COL,Cali,396 NUMA MEDITERRAN,22 SANTA MONICA,Rappi,1.0,27900.0,6.98
46300.0,7.Sunday,COL,Cali,397 CACEROLA - TURBO,24 SAN FERNANDO,Rappi,1.0,38800.0,9.7
46300.0,7.Sunday,COL,Cali,401 DESA ABUELA TURBO,24 SAN FERNANDO,Rappi,1.0,22900.0,5.73
46300.0,7.Sunday,COL,Cali,402 EJECUT TRAD TURBO,24 SAN FERNANDO,Rappi,1.0,56400.0,14.1
46300.0,7.Sunday,COL,Cali,403 HONEST FOOD TURBO,24 SAN FERNANDO,Rappi,3.0,131000.0,32.75
46300.0,7.Sunday,COL,Cali,409 THE EGG SPOT TU,24 SAN FERNANDO,Rappi,4.0,247600.0,61.9
46300.0,7.Sunday,COL,Cali,413 HOUSE SALAD TURB,22 SANTA MONICA,Rappi,3.0,120200.0,30.05
46300.0,7.Sunday,COL,Cali,420 DESGRANADOS & CO,22 SANTA MONICA,Rappi,1.0,33900.0,8.48
46300.0,7.Sunday,COL,Cali,420 DESGRANADOS & CO,46 INGENIO,Rappi,2.0,142300.0,35.58
46300.0,7.Sunday,COL,Cali,425 LA CASA MEXITURB,24 SAN FERNANDO,Rappi,1.0,77800.0,19.45
46300.0,7.Sunday,COL,Cali,427 COCINA CONSCTURB,24 SAN FERNANDO,Rappi,1.0,32900.0,8.23
46300.0,7.Sunday,COL,Cali,429 SEÑOR BURRI TURB,24 SAN FERNANDO,Rappi,1.0,94900.0,23.73
46300.0,7.Sunday,COL,Cali,430 CASA ARABE TURBO,24 SAN FERNANDO,Rappi,1.0,31400.0,7.85
46300.0,7.Sunday,COL,Cali,431 DESGRA & CO TURB,22 SANTA MONICA,Rappi,2.0,94800.0,23.7
46300.0,7.Sunday,COL,Cali,448 DESAY COLOMBIANO,22 SANTA MONICA,Rappi,3.0,89000.0,22.25
46300.0,7.Sunday,COL,Cali,448 DESAY COLOMBIANO,24 SAN FERNANDO,Rappi,10.0,702400.0,175.6
46300.0,7.Sunday,COL,Cali,448 DESAY COLOMBIANO,46 INGENIO,Rappi,12.0,570600.0,142.65
46300.0,7.Sunday,COL,Cali,54 FOODOLOGY,46 INGENIO,Rappi,1.0,21900.0,5.48
46300.0,7.Sunday,COL,Cali,58 ALBA VEGETARIAN,24 SAN FERNANDO,DiDi,1.0,21900.0,5.48
46300.0,7.Sunday,COL,Cali,58 ALBA VEGETARIAN,24 SAN FERNANDO,Rappi,1.0,79000.0,19.75
46300.0,7.Sunday,COL,Cali,58 ALBA VEGETARIAN,46 INGENIO,DiDi,1.0,94300.0,23.58
46300.0,7.Sunday,COL,Cali,65 SAN JERONIMO HELA,22 SANTA MONICA,Rappi,2.0,137500.0,34.38
46300.0,7.Sunday,COL,Cali,66 MAÑANERO DIARIO,22 SANTA MONICA,Rappi,1.0,19900.0,4.98
46300.0,7.Sunday,COL,Cali,66 MAÑANERO DIARIO,24 SAN FERNANDO,Rappi,3.0,181500.0,45.38
46300.0,7.Sunday,COL,Cali,66 MAÑANERO DIARIO,46 INGENIO,Rappi,1.0,20900.0,5.23
46300.0,7.Sunday,COL,Cali,70 BURRITO CANTINA,46 INGENIO,Rappi,1.0,22500.0,5.63
46300.0,7.Sunday,COL,Cali,72 VICIO,22 SANTA MONICA,Rappi,1.0,30900.0,7.73
46300.0,7.Sunday,COL,Cali,72 VICIO,24 SAN FERNANDO,DiDi,1.0,46900.0,11.73
46300.0,7.Sunday,COL,Cali,82 CINNABON,22 SANTA MONICA,Rappi,1.0,29900.0,7.48
46300.0,7.Sunday,COL,Cali,82 CINNABON,24 SAN FERNANDO,Rappi,7.0,208300.0,52.08
46300.0,7.Sunday,COL,Cali,82 CINNABON,46 INGENIO,Rappi,15.0,500500.0,125.13
46300.0,7.Sunday,COL,Cali,83 SANDUCHES EL JEFE,24 SAN FERNANDO,DiDi,2.0,68000.0,17.0
46300.0,7.Sunday,COL,Cali,86 FROST TURBO,24 SAN FERNANDO,Rappi,1.0,30300.0,7.58
46300.0,7.Sunday,COL,Cali,88 CINNABON TURBO,22 SANTA MONICA,Rappi,1.0,29900.0,7.48
46300.0,7.Sunday,COL,Cali,88 CINNABON TURBO,24 SAN FERNANDO,Rappi,1.0,49900.0,12.48
46300.0,7.Sunday,COL,Cali,90 AVOCALIA TURBO,22 SANTA MONICA,Rappi,3.0,94900.0,23.73
46300.0,7.Sunday,COL,Cali,90 AVOCALIA TURBO,24 SAN FERNANDO,Rappi,2.0,100600.0,25.15
46300.0,7.Sunday,COL,Cali,92 BRUNCH&MUNCH TURB,22 SANTA MONICA,Rappi,2.0,115200.0,28.8
46300.0,7.Sunday,COL,Cali,92 BRUNCH&MUNCH TURB,24 SAN FERNANDO,Rappi,1.0,45400.0,11.35
46300.0,7.Sunday,COL,Cartagena,01 AVOCALIA,33 CARTAGENA,Rappi,13.0,1045500.0,261.38
46300.0,7.Sunday,COL,Cartagena,03 BRUNCH & MUNCH,33 CARTAGENA,Rappi,58.0,5046600.0,1261.65
46300.0,7.Sunday,COL,Cartagena,04 BURRITOS & CO,33 CARTAGENA,Rappi,10.0,604600.0,151.15
46300.0,7.Sunday,COL,Cartagena,07 LA CUADRA,33 CARTAGENA,DiDi,2.0,117400.0,29.35
46300.0,7.Sunday,COL,Cartagena,07 LA CUADRA,33 CARTAGENA,Rappi,19.0,1482900.0,370.73
46300.0,7.Sunday,COL,Cartagena,110 MR BEAST BURGER,33 CARTAGENA,DiDi,8.0,613600.0,153.4
46300.0,7.Sunday,COL,Cartagena,110 MR BEAST BURGER,33 CARTAGENA,Rappi,4.0,161900.0,40.48
46300.0,7.Sunday,COL,Cartagena,114 MR BEAST TURBO,33 CARTAGENA,Rappi,2.0,85800.0,21.45
46300.0,7.Sunday,COL,Cartagena,117 LA PANQUEQUERIA,33 CARTAGENA,DiDi,1.0,34700.0,8.68
46300.0,7.Sunday,COL,Cartagena,117 LA PANQUEQUERIA,33 CARTAGENA,Rappi,3.0,94100.0,23.53
46300.0,7.Sunday,COL,Cartagena,205 FROST,33 CARTAGENA,Rappi,1.0,51600.0,12.9
46300.0,7.Sunday,COL,Cartagena,26 ALMUERZO DE LA CA,33 CARTAGENA,DiDi,2.0,53300.0,13.33
46300.0,7.Sunday,COL,Cartagena,27 DESAYUNO MI TIERR,33 CARTAGENA,Rappi,3.0,255900.0,63.98
46300.0,7.Sunday,COL,Cartagena,29 SEÑOR BURRITO,33 CARTAGENA,Rappi,1.0,73900.0,18.48
46300.0,7.Sunday,COL,Cartagena,352 BURRITOS & CO TU,33 CARTAGENA,Rappi,1.0,102000.0,25.5
46300.0,7.Sunday,COL,Cartagena,353 LA CUADRA TURBO,33 CARTAGENA,Rappi,2.0,86200.0,21.55
46300.0,7.Sunday,COL,Cartagena,359 GREEN HOUSE,33 CARTAGENA,DiDi,4.0,168100.0,42.03
46300.0,7.Sunday,COL,Cartagena,359 GREEN HOUSE,33 CARTAGENA,Rappi,9.0,396300.0,99.08
46300.0,7.Sunday,COL,Cartagena,362 ÑAMGUCHERIA,33 CARTAGENA,DiDi,2.0,85000.0,21.25
46300.0,7.Sunday,COL,Cartagena,362 ÑAMGUCHERIA,33 CARTAGENA,Rappi,4.0,201000.0,50.25
46300.0,7.Sunday,COL,Cartagena,363 GREEN HOUSE TURB,33 CARTAGENA,Rappi,2.0,79400.0,19.85
46300.0,7.Sunday,COL,Cartagena,366 HOUSE OF SALADS,33 CARTAGENA,Rappi,2.0,84700.0,21.18
46300.0,7.Sunday,COL,Cartagena,373 HOUSE OF BURGERS,33 CARTAGENA,Rappi,2.0,89500.0,22.38
46300.0,7.Sunday,COL,Cartagena,380 BREAKFAST CLUB,33 CARTAGENA,Rappi,10.0,817400.0,204.35
46300.0,7.Sunday,COL,Cartagena,381 DESAYU LA ABUELA,33 CARTAGENA,DiDi,2.0,54300.0,13.58
46300.0,7.Sunday,COL,Cartagena,381 DESAYU LA ABUELA,33 CARTAGENA,Rappi,32.0,2339600.0,584.9
46300.0,7.Sunday,COL,Cartagena,386 LA CASA MEXICANA,33 CARTAGENA,Rappi,2.0,80700.0,20.18
46300.0,7.Sunday,COL,Cartagena,387 THE EGG SPOT,33 CARTAGENA,Rappi,1.0,70900.0,17.73
46300.0,7.Sunday,COL,Cartagena,392 HONEST FOOD,33 CARTAGENA,Rappi,3.0,159900.0,39.98
46300.0,7.Sunday,COL,Cartagena,392 MONTEVERDE TURB,33 CARTAGENA,Rappi,1.0,31800.0,7.95
46300.0,7.Sunday,COL,Cartagena,393 EL EJECUTIVO,33 CARTAGENA,DiDi,5.0,244600.0,61.15
46300.0,7.Sunday,COL,Cartagena,393 EL EJECUTIVO,33 CARTAGENA,Rappi,1.0,46900.0,11.73
46300.0,7.Sunday,COL,Cartagena,393 HOUSEBURGER TURB,33 CARTAGENA,Rappi,1.0,62600.0,15.65
46300.0,7.Sunday,COL,Cartagena,394 COCINA CONSCIENT,33 CARTAGENA,Rappi,1.0,39900.0,9.98
46300.0,7.Sunday,COL,Cartagena,396 NUMA MEDITERRAN,33 CARTAGENA,Rappi,2.0,103100.0,25.78
46300.0,7.Sunday,COL,Cartagena,403 HONEST FOOD TURBO,33 CARTAGENA,Rappi,1.0,35500.0,8.88
46300.0,7.Sunday,COL,Cartagena,425 LA CASA MEXITURB,33 CARTAGENA,Rappi,2.0,64200.0,16.05
46300.0,7.Sunday,COL,Cartagena,448 DESAY COLOMBIANO,33 CARTAGENA,Rappi,4.0,197100.0,49.28
46300.0,7.Sunday,COL,Cartagena,54 FOODOLOGY,33 CARTAGENA,FoodologyPOS,1.0,55800.0,13.95
46300.0,7.Sunday,COL,Cartagena,54 FOODOLOGY,33 CARTAGENA,Rappi,1.0,37700.0,9.43
46300.0,7.Sunday,COL,Cartagena,57 PRET SANDWICH BIS,33 CARTAGENA,Rappi,1.0,30500.0,7.63
46300.0,7.Sunday,COL,Cartagena,58 ALBA VEGETARIAN,33 CARTAGENA,DiDi,1.0,29100.0,7.28
46300.0,7.Sunday,COL,Cartagena,59 DEMBOW,33 CARTAGENA,DiDi,1.0,31500.0,7.88
46300.0,7.Sunday,COL,Cartagena,66 MAÑANERO DIARIO,33 CARTAGENA,Rappi,3.0,515300.0,128.83
46300.0,7.Sunday,COL,Cartagena,70 BURRITO CANTINA,33 CARTAGENA,Rappi,1.0,19900.0,4.98
46300.0,7.Sunday,COL,Cartagena,82 CINNABON,33 CARTAGENA,Rappi,17.0,495800.0,123.95
46300.0,7.Sunday,COL,Cartagena,83 SANDUCHES EL JEFE,33 CARTAGENA,DiDi,1.0,25500.0,6.38
46300.0,7.Sunday,COL,Cartagena,83 SANDUCHES EL JEFE,33 CARTAGENA,Rappi,2.0,104200.0,26.05
46300.0,7.Sunday,COL,Cartagena,90 AVOCALIA TURBO,33 CARTAGENA,Rappi,4.0,187500.0,46.88
46300.0,7.Sunday,COL,Cartagena,92 BRUNCH&MUNCH TURB,33 CARTAGENA,Rappi,1.0,58700.0,14.68
46300.0,7.Sunday,COL,Medellín,01 AVOCALIA,11 MANILA,Rappi,14.0,938500.0,234.63
46300.0,7.Sunday,COL,Medellín,01 AVOCALIA,12 LAURELES,DiDi,2.0,94100.0,23.53
46300.0,7.Sunday,COL,Medellín,01 AVOCALIA,12 LAURELES,Rappi,17.0,886300.0,221.58
46300.0,7.Sunday,COL,Medellín,01 AVOCALIA,14 ENVIGADO,DiDi,3.0,245800.0,61.45
46300.0,7.Sunday,COL,Medellín,01 AVOCALIA,14 ENVIGADO,Rappi,10.0,898200.0,224.55
46300.0,7.Sunday,COL,Medellín,01 AVOCALIA,18 BELLO,DiDi,3.0,158600.0,39.65
46300.0,7.Sunday,COL,Medellín,01 AVOCALIA,18 BELLO,FoodologyPOS,1.0,58300.0,14.58
46300.0,7.Sunday,COL,Medellín,01 AVOCALIA,18 BELLO,Rappi,8.0,494500.0,123.63
46300.0,7.Sunday,COL,Medellín,01 AVOCALIA,29 ITAGUI,DiDi,2.0,101500.0,25.38
46300.0,7.Sunday,COL,Medellín,01 AVOCALIA,29 ITAGUI,Rappi,5.0,212100.0,53.03
46300.0,7.Sunday,COL,Medellín,02 BOTTANIKO,11 MANILA,DiDi,1.0,29900.0,7.48
46300.0,7.Sunday,COL,Medellín,02 BOTTANIKO,12 LAURELES,DiDi,1.0,147800.0,36.95
46300.0,7.Sunday,COL,Medellín,02 BOTTANIKO,12 LAURELES,Rappi,1.0,101700.0,25.43
46300.0,7.Sunday,COL,Medellín,02 BOTTANIKO,29 ITAGUI,DiDi,1.0,68000.0,17.0
46300.0,7.Sunday,COL,Medellín,03 BRUNCH & MUNCH,11 MANILA,DiDi,13.0,921700.0,230.43
46300.0,7.Sunday,COL,Medellín,03 BRUNCH & MUNCH,11 MANILA,FoodologyPOS,3.0,215700.0,53.93
46300.0,7.Sunday,COL,Medellín,03 BRUNCH & MUNCH,11 MANILA,Justo,2.0,308800.0,77.2
46300.0,7.Sunday,COL,Medellín,03 BRUNCH & MUNCH,11 MANILA,Rappi,100.0,8657000.0,2164.25
46300.0,7.Sunday,COL,Medellín,03 BRUNCH & MUNCH,12 LAURELES,DiDi,12.0,699500.0,174.88
46300.0,7.Sunday,COL,Medellín,03 BRUNCH & MUNCH,12 LAURELES,FoodologyPOS,2.0,210600.0,52.65
46300.0,7.Sunday,COL,Medellín,03 BRUNCH & MUNCH,12 LAURELES,Rappi,125.0,1.06127E7,2653.18
46300.0,7.Sunday,COL,Medellín,03 BRUNCH & MUNCH,14 ENVIGADO,DiDi,9.0,714300.0,178.58
46300.0,7.Sunday,COL,Medellín,03 BRUNCH & MUNCH,14 ENVIGADO,FoodologyPOS,1.0,65400.0,16.35
46300.0,7.Sunday,COL,Medellín,03 BRUNCH & MUNCH,14 ENVIGADO,Rappi,90.0,8574300.0,2143.58
46300.0,7.Sunday,COL,Medellín,03 BRUNCH & MUNCH,18 BELLO,DiDi,16.0,1171400.0,292.85
46300.0,7.Sunday,COL,Medellín,03 BRUNCH & MUNCH,18 BELLO,Rappi,40.0,3190800.0,797.7
46300.0,7.Sunday,COL,Medellín,03 BRUNCH & MUNCH,29 ITAGUI,DiDi,7.0,679600.0,169.9
46300.0,7.Sunday,COL,Medellín,03 BRUNCH & MUNCH,29 ITAGUI,FoodologyPOS,1.0,130800.0,32.7
46300.0,7.Sunday,COL,Medellín,03 BRUNCH & MUNCH,29 ITAGUI,Rappi,62.0,4635100.0,1158.78
46300.0,7.Sunday,COL,Medellín,04 BURRITOS & CO,11 MANILA,DiDi,4.0,217200.0,54.3
46300.0,7.Sunday,COL,Medellín,04 BURRITOS & CO,11 MANILA,Rappi,12.0,693500.0,173.38
46300.0,7.Sunday,COL,Medellín,04 BURRITOS & CO,12 LAURELES,DiDi,6.0,263600.0,65.9
46300.0,7.Sunday,COL,Medellín,04 BURRITOS & CO,12 LAURELES,Rappi,18.0,1041000.0,260.25
46300.0,7.Sunday,COL,Medellín,04 BURRITOS & CO,14 ENVIGADO,DiDi,7.0,527000.0,131.75
46300.0,7.Sunday,COL,Medellín,04 BURRITOS & CO,14 ENVIGADO,Rappi,5.0,166600.0,41.65
46300.0,7.Sunday,COL,Medellín,04 BURRITOS & CO,18 BELLO,DiDi,6.0,708700.0,177.18
46300.0,7.Sunday,COL,Medellín,04 BURRITOS & CO,18 BELLO,Rappi,6.0,455000.0,113.75
46300.0,7.Sunday,COL,Medellín,04 BURRITOS & CO,29 ITAGUI,DiDi,5.0,384800.0,96.2
46300.0,7.Sunday,COL,Medellín,04 BURRITOS & CO,29 ITAGUI,Rappi,7.0,596200.0,149.05
46300.0,7.Sunday,COL,Medellín,05 CACEROLA,18 BELLO,DiDi,1.0,24500.0,6.13
46300.0,7.Sunday,COL,Medellín,07 LA CUADRA,11 MANILA,DiDi,1.0,113400.0,28.35
46300.0,7.Sunday,COL,Medellín,07 LA CUADRA,11 MANILA,Rappi,4.0,365200.0,91.3
46300.0,7.Sunday,COL,Medellín,07 LA CUADRA,12 LAURELES,DiDi,6.0,469300.0,117.33
46300.0,7.Sunday,COL,Medellín,07 LA CUADRA,12 LAURELES,Rappi,8.0,481900.0,120.48
46300.0,7.Sunday,COL,Medellín,07 LA CUADRA,14 ENVIGADO,DiDi,3.0,225300.0,56.33
46300.0,7.Sunday,COL,Medellín,07 LA CUADRA,14 ENVIGADO,Rappi,8.0,647300.0,161.83
46300.0,7.Sunday,COL,Medellín,07 LA CUADRA,18 BELLO,DiDi,1.0,79000.0,19.75
46300.0,7.Sunday,COL,Medellín,07 LA CUADRA,18 BELLO,Rappi,1.0,75900.0,18.98
46300.0,7.Sunday,COL,Medellín,07 LA CUADRA,29 ITAGUI,DiDi,2.0,132400.0,33.1
46300.0,7.Sunday,COL,Medellín,07 LA CUADRA,29 ITAGUI,Rappi,1.0,76900.0,19.23
46300.0,7.Sunday,COL,Medellín,110 MR BEAST BURGER,11 MANILA,DiDi,16.0,747600.0,186.9
46300.0,7.Sunday,COL,Medellín,110 MR BEAST BURGER,11 MANILA,Rappi,2.0,105700.0,26.43
46300.0,7.Sunday,COL,Medellín,110 MR BEAST BURGER,12 LAURELES,DiDi,20.0,1019100.0,254.78
46300.0,7.Sunday,COL,Medellín,110 MR BEAST BURGER,12 LAURELES,Rappi,8.0,406900.0,101.73
46300.0,7.Sunday,COL,Medellín,110 MR BEAST BURGER,14 ENVIGADO,DiDi,16.0,828700.0,207.18
46300.0,7.Sunday,COL,Medellín,110 MR BEAST BURGER,18 BELLO,DiDi,6.0,443200.0,110.8
46300.0,7.Sunday,COL,Medellín,110 MR BEAST BURGER,29 ITAGUI,DiDi,9.0,725800.0,181.45
46300.0,7.Sunday,COL,Medellín,110 MR BEAST BURGER,29 ITAGUI,Rappi,3.0,173100.0,43.28
46300.0,7.Sunday,COL,Medellín,1117 ALMZ LA CASA TU,12 LAURELES,Rappi,1.0,56300.0,14.08
46300.0,7.Sunday,COL,Medellín,114 MR BEAST TURBO,12 LAURELES,Rappi,18.0,1097900.0,274.48
46300.0,7.Sunday,COL,Medellín,117 LA PANQUEQUERIA,11 MANILA,DiDi,1.0,45400.0,11.35
46300.0,7.Sunday,COL,Medellín,117 LA PANQUEQUERIA,11 MANILA,Rappi,12.0,703800.0,175.95
46300.0,7.Sunday,COL,Medellín,117 LA PANQUEQUERIA,12 LAURELES,DiDi,2.0,123000.0,30.75
46300.0,7.Sunday,COL,Medellín,117 LA PANQUEQUERIA,12 LAURELES,Rappi,6.0,299100.0,74.78
46300.0,7.Sunday,COL,Medellín,117 LA PANQUEQUERIA,14 ENVIGADO,DiDi,1.0,34700.0,8.68
46300.0,7.Sunday,COL,Medellín,117 LA PANQUEQUERIA,14 ENVIGADO,Rappi,8.0,671000.0,167.75
46300.0,7.Sunday,COL,Medellín,117 LA PANQUEQUERIA,18 BELLO,DiDi,2.0,69000.0,17.25
46300.0,7.Sunday,COL,Medellín,117 LA PANQUEQUERIA,18 BELLO,Rappi,3.0,172500.0,43.13
46300.0,7.Sunday,COL,Medellín,117 LA PANQUEQUERIA,29 ITAGUI,Rappi,3.0,196100.0,49.03
46300.0,7.Sunday,COL,Medellín,14 BURGER LANE,11 MANILA,Rappi,1.0,51800.0,12.95
46300.0,7.Sunday,COL,Medellín,205 FROST,11 MANILA,Rappi,1.0,12900.0,3.23
46300.0,7.Sunday,COL,Medellín,205 FROST,12 LAURELES,Rappi,1.0,36700.0,9.18
46300.0,7.Sunday,COL,Medellín,205 FROST,18 BELLO,Rappi,1.0,12900.0,3.23
46300.0,7.Sunday,COL,Medellín,205 FROST,29 ITAGUI,Rappi,1.0,25900.0,6.48
46300.0,7.Sunday,COL,Medellín,26 ALMUERZO DE LA CA,11 MANILA,DiDi,3.0,117800.0,29.45
46300.0,7.Sunday,COL,Medellín,26 ALMUERZO DE LA CA,12 LAURELES,DiDi,6.0,150100.0,37.53
46300.0,7.Sunday,COL,Medellín,26 ALMUERZO DE LA CA,14 ENVIGADO,DiDi,3.0,147600.0,36.9
46300.0,7.Sunday,COL,Medellín,26 ALMUERZO DE LA CA,18 BELLO,Rappi,1.0,45000.0,11.25
46300.0,7.Sunday,COL,Medellín,26 ALMUERZO DE LA CA,29 ITAGUI,DiDi,2.0,174100.0,43.53
46300.0,7.Sunday,COL,Medellín,27 DESAYUNO MI TIERR,11 MANILA,DiDi,2.0,121600.0,30.4
46300.0,7.Sunday,COL,Medellín,27 DESAYUNO MI TIERR,11 MANILA,Rappi,1.0,27000.0,6.75
46300.0,7.Sunday,COL,Medellín,27 DESAYUNO MI TIERR,14 ENVIGADO,Rappi,2.0,149000.0,37.25
46300.0,7.Sunday,COL,Medellín,27 DESAYUNO MI TIERR,18 BELLO,DiDi,1.0,63200.0,15.8
46300.0,7.Sunday,COL,Medellín,27 DESAYUNO MI TIERR,29 ITAGUI,DiDi,1.0,38800.0,9.7
46300.0,7.Sunday,COL,Medellín,27 DESAYUNO MI TIERR,29 ITAGUI,Rappi,2.0,140100.0,35.03
46300.0,7.Sunday,COL,Medellín,29 SEÑOR BURRITO,14 ENVIGADO,DiDi,1.0,63800.0,15.95
46300.0,7.Sunday,COL,Medellín,29 SEÑOR BURRITO,14 ENVIGADO,Rappi,1.0,49200.0,12.3
46300.0,7.Sunday,COL,Medellín,29 SEÑOR BURRITO,29 ITAGUI,DiDi,1.0,18900.0,4.73
46300.0,7.Sunday,COL,Medellín,33 LA CUADRA DESAYUN,29 ITAGUI,Rappi,3.0,226500.0,56.63
46300.0,7.Sunday,COL,Medellín,35 BRUNCH CLUB,11 MANILA,DiDi,3.0,257900.0,64.48
46300.0,7.Sunday,COL,Medellín,35 BRUNCH CLUB,12 LAURELES,DiDi,10.0,838100.0,209.53
46300.0,7.Sunday,COL,Medellín,35 BRUNCH CLUB,14 ENVIGADO,DiDi,2.0,210900.0,52.73
46300.0,7.Sunday,COL,Medellín,35 BRUNCH CLUB,18 BELLO,DiDi,3.0,100500.0,25.13
46300.0,7.Sunday,COL,Medellín,35 BRUNCH CLUB,29 ITAGUI,DiDi,1.0,34800.0,8.7
46300.0,7.Sunday,COL,Medellín,352 BURRITOS & CO TU,11 MANILA,Rappi,12.0,644000.0,161.0
46300.0,7.Sunday,COL,Medellín,352 BURRITOS & CO TU,12 LAURELES,Rappi,31.0,1632200.0,408.05
46300.0,7.Sunday,COL,Medellín,353 LA CUADRA TURBO,11 MANILA,Rappi,8.0,674200.0,168.55
46300.0,7.Sunday,COL,Medellín,353 LA CUADRA TURBO,12 LAURELES,Rappi,6.0,380300.0,95.08
46300.0,7.Sunday,COL,Medellín,356 EL JEFE TURBO,11 MANILA,Rappi,2.0,130900.0,32.73
46300.0,7.Sunday,COL,Medellín,359 GREEN HOUSE,11 MANILA,DiDi,3.0,169500.0,42.38
46300.0,7.Sunday,COL,Medellín,359 GREEN HOUSE,11 MANILA,Rappi,1.0,31400.0,7.85
46300.0,7.Sunday,COL,Medellín,359 GREEN HOUSE,12 LAURELES,DiDi,17.0,555200.0,138.8
46300.0,7.Sunday,COL,Medellín,359 GREEN HOUSE,12 LAURELES,Rappi,8.0,403500.0,100.88
46300.0,7.Sunday,COL,Medellín,359 GREEN HOUSE,14 ENVIGADO,DiDi,7.0,270700.0,67.68
46300.0,7.Sunday,COL,Medellín,359 GREEN HOUSE,14 ENVIGADO,Rappi,4.0,205100.0,51.28
46300.0,7.Sunday,COL,Medellín,359 GREEN HOUSE,18 BELLO,DiDi,4.0,275700.0,68.93
46300.0,7.Sunday,COL,Medellín,359 GREEN HOUSE,18 BELLO,Rappi,8.0,343900.0,85.98
46300.0,7.Sunday,COL,Medellín,359 GREEN HOUSE,29 ITAGUI,DiDi,2.0,169600.0,42.4
46300.0,7.Sunday,COL,Medellín,359 GREEN HOUSE,29 ITAGUI,Rappi,2.0,135200.0,33.8
46300.0,7.Sunday,COL,Medellín,362 ÑAMGUCHERIA,11 MANILA,Rappi,3.0,127300.0,31.83
46300.0,7.Sunday,COL,Medellín,362 ÑAMGUCHERIA,12 LAURELES,DiDi,3.0,116300.0,29.08
46300.0,7.Sunday,COL,Medellín,362 ÑAMGUCHERIA,12 LAURELES,Rappi,7.0,340000.0,85.0
46300.0,7.Sunday,COL,Medellín,362 ÑAMGUCHERIA,14 ENVIGADO,DiDi,2.0,81000.0,20.25
46300.0,7.Sunday,COL,Medellín,362 ÑAMGUCHERIA,14 ENVIGADO,Rappi,5.0,351700.0,87.93
46300.0,7.Sunday,COL,Medellín,362 ÑAMGUCHERIA,18 BELLO,DiDi,1.0,211500.0,52.88
46300.0,7.Sunday,COL,Medellín,362 ÑAMGUCHERIA,18 BELLO,Rappi,1.0,41500.0,10.38
46300.0,7.Sunday,COL,Medellín,362 ÑAMGUCHERIA,29 ITAGUI,DiDi,1.0,41500.0,10.38
46300.0,7.Sunday,COL,Medellín,362 ÑAMGUCHERIA,29 ITAGUI,Rappi,4.0,209500.0,52.38
46300.0,7.Sunday,COL,Medellín,363 GREEN HOUSE TURB,12 LAURELES,Rappi,13.0,509300.0,127.33
46300.0,7.Sunday,COL,Medellín,366 HOUSE OF SALADS,11 MANILA,DiDi,1.0,53800.0,13.45
46300.0,7.Sunday,COL,Medellín,366 HOUSE OF SALADS,11 MANILA,Rappi,1.0,25900.0,6.48
46300.0,7.Sunday,COL,Medellín,366 HOUSE OF SALADS,12 LAURELES,DiDi,1.0,18900.0,4.73
46300.0,7.Sunday,COL,Medellín,366 HOUSE OF SALADS,12 LAURELES,Rappi,4.0,155100.0,38.78
46300.0,7.Sunday,COL,Medellín,366 HOUSE OF SALADS,14 ENVIGADO,Rappi,1.0,41900.0,10.48
46300.0,7.Sunday,COL,Medellín,366 HOUSE OF SALADS,18 BELLO,Rappi,1.0,89600.0,22.4
46300.0,7.Sunday,COL,Medellín,366 HOUSE OF SALADS,29 ITAGUI,DiDi,1.0,41900.0,10.48
46300.0,7.Sunday,COL,Medellín,369 ÑAMGUCHERIA TURB,11 MANILA,Rappi,2.0,114500.0,28.63
46300.0,7.Sunday,COL,Medellín,369 ÑAMGUCHERIA TURB,12 LAURELES,Rappi,1.0,44400.0,11.1
46300.0,7.Sunday,COL,Medellín,370 MONTEVERDE,11 MANILA,DiDi,1.0,20900.0,5.23
46300.0,7.Sunday,COL,Medellín,370 MONTEVERDE,11 MANILA,Rappi,1.0,60800.0,15.2
46300.0,7.Sunday,COL,Medellín,370 MONTEVERDE,12 LAURELES,DiDi,1.0,76800.0,19.2
46300.0,7.Sunday,COL,Medellín,370 MONTEVERDE,12 LAURELES,Rappi,1.0,51800.0,12.95
46300.0,7.Sunday,COL,Medellín,370 MONTEVERDE,14 ENVIGADO,DiDi,1.0,22900.0,5.73
46300.0,7.Sunday,COL,Medellín,370 MONTEVERDE,14 ENVIGADO,Rappi,1.0,46900.0,11.73
46300.0,7.Sunday,COL,Medellín,370 MONTEVERDE,18 BELLO,Rappi,1.0,43000.0,10.75
46300.0,7.Sunday,COL,Medellín,370 MONTEVERDE,29 ITAGUI,Rappi,3.0,136500.0,34.13
46300.0,7.Sunday,COL,Medellín,373 HOUSE OF BURGERS,12 LAURELES,Rappi,1.0,16900.0,4.23
46300.0,7.Sunday,COL,Medellín,380 BREAKFAST CLUB,11 MANILA,DiDi,3.0,242300.0,60.58
46300.0,7.Sunday,COL,Medellín,380 BREAKFAST CLUB,11 MANILA,Rappi,46.0,3248100.0,812.03
46300.0,7.Sunday,COL,Medellín,380 BREAKFAST CLUB,12 LAURELES,DiDi,3.0,170200.0,42.55
46300.0,7.Sunday,COL,Medellín,380 BREAKFAST CLUB,14 ENVIGADO,DiDi,8.0,391800.0,97.95
46300.0,7.Sunday,COL,Medellín,380 BREAKFAST CLUB,14 ENVIGADO,Rappi,24.0,2046500.0,511.63
46300.0,7.Sunday,COL,Medellín,380 BREAKFAST CLUB,18 BELLO,DiDi,2.0,112500.0,28.13
46300.0,7.Sunday,COL,Medellín,380 BREAKFAST CLUB,18 BELLO,Rappi,10.0,520700.0,130.18
46300.0,7.Sunday,COL,Medellín,380 BREAKFAST CLUB,29 ITAGUI,DiDi,1.0,63900.0,15.98
46300.0,7.Sunday,COL,Medellín,380 BREAKFAST CLUB,29 ITAGUI,Rappi,13.0,909100.0,227.28
46300.0,7.Sunday,COL,Medellín,381 DESAYU LA ABUELA,11 MANILA,DiDi,2.0,186600.0,46.65
46300.0,7.Sunday,COL,Medellín,381 DESAYU LA ABUELA,11 MANILA,Rappi,57.0,4501300.0,1125.33
46300.0,7.Sunday,COL,Medellín,381 DESAYU LA ABUELA,12 LAURELES,DiDi,10.0,634400.0,158.6
46300.0,7.Sunday,COL,Medellín,381 DESAYU LA ABUELA,12 LAURELES,Rappi,45.0,3198600.0,799.65
46300.0,7.Sunday,COL,Medellín,381 DESAYU LA ABUELA,14 ENVIGADO,DiDi,12.0,639900.0,159.98
46300.0,7.Sunday,COL,Medellín,381 DESAYU LA ABUELA,14 ENVIGADO,Rappi,31.0,2336600.0,584.15
46300.0,7.Sunday,COL,Medellín,381 DESAYU LA ABUELA,18 BELLO,DiDi,8.0,528400.0,132.1
46300.0,7.Sunday,COL,Medellín,381 DESAYU LA ABUELA,18 BELLO,Rappi,21.0,1452700.0,363.18
46300.0,7.Sunday,COL,Medellín,381 DESAYU LA ABUELA,29 ITAGUI,DiDi,2.0,112000.0,28.0
46300.0,7.Sunday,COL,Medellín,381 DESAYU LA ABUELA,29 ITAGUI,Rappi,21.0,1441100.0,360.28
46300.0,7.Sunday,COL,Medellín,383 BOTTANIKO TURBO,11 MANILA,Rappi,3.0,93800.0,23.45
46300.0,7.Sunday,COL,Medellín,383 BOTTANIKO TURBO,12 LAURELES,Rappi,2.0,105800.0,26.45
46300.0,7.Sunday,COL,Medellín,386 LA CASA MEXICANA,11 MANILA,DiDi,2.0,142400.0,35.6
46300.0,7.Sunday,COL,Medellín,386 LA CASA MEXICANA,11 MANILA,Rappi,1.0,76800.0,19.2
46300.0,7.Sunday,COL,Medellín,386 LA CASA MEXICANA,12 LAURELES,DiDi,4.0,252300.0,63.08
46300.0,7.Sunday,COL,Medellín,386 LA CASA MEXICANA,12 LAURELES,Rappi,3.0,104500.0,26.13
46300.0,7.Sunday,COL,Medellín,386 LA CASA MEXICANA,14 ENVIGADO,DiDi,14.0,666000.0,166.5
46300.0,7.Sunday,COL,Medellín,386 LA CASA MEXICANA,14 ENVIGADO,Rappi,7.0,584000.0,146.0
46300.0,7.Sunday,COL,Medellín,386 LA CASA MEXICANA,18 BELLO,DiDi,4.0,287500.0,71.88
46300.0,7.Sunday,COL,Medellín,386 LA CASA MEXICANA,18 BELLO,Rappi,1.0,31400.0,7.85
46300.0,7.Sunday,COL,Medellín,386 LA CASA MEXICANA,29 ITAGUI,DiDi,8.0,508500.0,127.13
46300.0,7.Sunday,COL,Medellín,386 LA CASA MEXICANA,29 ITAGUI,Rappi,2.0,98600.0,24.65
46300.0,7.Sunday,COL,Medellín,387 THE EGG SPOT,12 LAURELES,Rappi,4.0,366100.0,91.53
46300.0,7.Sunday,COL,Medellín,387 THE EGG SPOT,14 ENVIGADO,Rappi,3.0,361900.0,90.48
46300.0,7.Sunday,COL,Medellín,387 THE EGG SPOT,29 ITAGUI,Rappi,2.0,197300.0,49.33
46300.0,7.Sunday,COL,Medellín,388 FOODHUB,11 MANILA,Rappi,1.0,75900.0,18.98
46300.0,7.Sunday,COL,Medellín,388 FOODHUB,12 LAURELES,DiDi,1.0,40500.0,10.13
46300.0,7.Sunday,COL,Medellín,388 FOODHUB,12 LAURELES,Rappi,1.0,157400.0,39.35
46300.0,7.Sunday,COL,Medellín,388 FOODHUB,18 BELLO,DiDi,1.0,102900.0,25.73
46300.0,7.Sunday,COL,Medellín,388 FOODHUB,18 BELLO,Rappi,2.0,83000.0,20.75
46300.0,7.Sunday,COL,Medellín,388 FOODHUB,29 ITAGUI,DiDi,2.0,35900.0,8.98
46300.0,7.Sunday,COL,Medellín,388 FOODHUB,29 ITAGUI,Rappi,1.0,44400.0,11.1
46300.0,7.Sunday,COL,Medellín,392 HONEST FOOD,11 MANILA,Rappi,2.0,115300.0,28.83
46300.0,7.Sunday,COL,Medellín,392 HONEST FOOD,12 LAURELES,Rappi,3.0,117300.0,29.33
46300.0,7.Sunday,COL,Medellín,392 HONEST FOOD,14 ENVIGADO,Rappi,5.0,258500.0,64.63
46300.0,7.Sunday,COL,Medellín,392 HONEST FOOD,29 ITAGUI,Rappi,2.0,135900.0,33.98
46300.0,7.Sunday,COL,Medellín,392 MONTEVERDE TURB,11 MANILA,Rappi,3.0,170500.0,42.63
46300.0,7.Sunday,COL,Medellín,392 MONTEVERDE TURB,12 LAURELES,Rappi,8.0,401000.0,100.25
46300.0,7.Sunday,COL,Medellín,393 EL EJECUTIVO,11 MANILA,DiDi,2.0,121000.0,30.25
46300.0,7.Sunday,COL,Medellín,393 EL EJECUTIVO,12 LAURELES,DiDi,1.0,28900.0,7.23
46300.0,7.Sunday,COL,Medellín,393 EL EJECUTIVO,18 BELLO,DiDi,3.0,197300.0,49.33
46300.0,7.Sunday,COL,Medellín,393 EL EJECUTIVO,18 BELLO,Rappi,1.0,46900.0,11.73
46300.0,7.Sunday,COL,Medellín,393 HOUSEBURGER TURB,11 MANILA,Rappi,4.0,130000.0,32.5
46300.0,7.Sunday,COL,Medellín,393 HOUSEBURGER TURB,12 LAURELES,Rappi,1.0,99400.0,24.85
46300.0,7.Sunday,COL,Medellín,394 COCINA CONSCIENT,11 MANILA,DiDi,1.0,69800.0,17.45
46300.0,7.Sunday,COL,Medellín,394 COCINA CONSCIENT,29 ITAGUI,Rappi,2.0,77200.0,19.3
46300.0,7.Sunday,COL,Medellín,396 NUMA MEDITERRAN,12 LAURELES,Rappi,1.0,27900.0,6.98
46300.0,7.Sunday,COL,Medellín,396 NUMA MEDITERRAN,14 ENVIGADO,Rappi,1.0,24900.0,6.23
46300.0,7.Sunday,COL,Medellín,401 DESA ABUELA TURBO,11 MANILA,Rappi,3.0,255300.0,63.83
46300.0,7.Sunday,COL,Medellín,402 EJECUT TRAD TURBO,11 MANILA,Rappi,2.0,104800.0,26.2
46300.0,7.Sunday,COL,Medellín,402 EJECUT TRAD TURBO,12 LAURELES,Rappi,1.0,20900.0,5.23
46300.0,7.Sunday,COL,Medellín,403 HONEST FOOD TURBO,11 MANILA,Rappi,1.0,35500.0,8.88
46300.0,7.Sunday,COL,Medellín,403 HONEST FOOD TURBO,12 LAURELES,Rappi,4.0,191800.0,47.95
46300.0,7.Sunday,COL,Medellín,405 BREAKFACLUB TURBO,11 MANILA,Rappi,8.0,624200.0,156.05
46300.0,7.Sunday,COL,Medellín,405 BREAKFACLUB TURBO,12 LAURELES,Rappi,7.0,445800.0,111.45
46300.0,7.Sunday,COL,Medellín,409 THE EGG SPOT TU,11 MANILA,Rappi,6.0,337400.0,84.35
46300.0,7.Sunday,COL,Medellín,409 THE EGG SPOT TU,12 LAURELES,Rappi,7.0,425300.0,106.33
46300.0,7.Sunday,COL,Medellín,413 HOUSE SALAD TURB,11 MANILA,Rappi,3.0,110600.0,27.65
46300.0,7.Sunday,COL,Medellín,413 HOUSE SALAD TURB,12 LAURELES,Rappi,7.0,256900.0,64.23
46300.0,7.Sunday,COL,Medellín,419 CASA ARABE,29 ITAGUI,Rappi,1.0,44800.0,11.2
46300.0,7.Sunday,COL,Medellín,420 DESGRANADOS & CO,12 LAURELES,Rappi,1.0,42500.0,10.63
46300.0,7.Sunday,COL,Medellín,420 DESGRANADOS & CO,29 ITAGUI,Rappi,3.0,178800.0,44.7
46300.0,7.Sunday,COL,Medellín,422 BURRIT CANT TURB,11 MANILA,Rappi,1.0,36400.0,9.1
46300.0,7.Sunday,COL,Medellín,423 DESAY TIERRITURB,11 MANILA,Rappi,4.0,319900.0,79.98
46300.0,7.Sunday,COL,Medellín,423 DESAY TIERRITURB,12 LAURELES,Rappi,2.0,70900.0,17.73
46300.0,7.Sunday,COL,Medellín,425 LA CASA MEXITURB,11 MANILA,Rappi,2.0,58300.0,14.58
46300.0,7.Sunday,COL,Medellín,425 LA CASA MEXITURB,12 LAURELES,Rappi,3.0,318800.0,79.7
46300.0,7.Sunday,COL,Medellín,426 CUADRA DESAYTURB,11 MANILA,Rappi,1.0,26500.0,6.63
46300.0,7.Sunday,COL,Medellín,426 CUADRA DESAYTURB,12 LAURELES,Rappi,1.0,107200.0,26.8
46300.0,7.Sunday,COL,Medellín,428 SELVATIKO TURBO,11 MANILA,Rappi,1.0,68900.0,17.23
46300.0,7.Sunday,COL,Medellín,429 SEÑOR BURRI TURB,12 LAURELES,Rappi,2.0,62200.0,15.55
46300.0,7.Sunday,COL,Medellín,431 DESGRA & CO TURB,11 MANILA,Rappi,2.0,79800.0,19.95
46300.0,7.Sunday,COL,Medellín,431 DESGRA & CO TURB,12 LAURELES,Rappi,1.0,132600.0,33.15
46300.0,7.Sunday,COL,Medellín,44 SELVATIKO,12 LAURELES,DiDi,2.0,25800.0,6.45
46300.0,7.Sunday,COL,Medellín,44 SELVATIKO,12 LAURELES,Rappi,1.0,159600.0,39.9
46300.0,7.Sunday,COL,Medellín,448 DESAY COLOMBIANO,11 MANILA,Rappi,4.0,224800.0,56.2
46300.0,7.Sunday,COL,Medellín,448 DESAY COLOMBIANO,12 LAURELES,Rappi,4.0,184000.0,46.0
46300.0,7.Sunday,COL,Medellín,448 DESAY COLOMBIANO,14 ENVIGADO,Rappi,11.0,436700.0,109.18
46300.0,7.Sunday,COL,Medellín,448 DESAY COLOMBIANO,18 BELLO,Rappi,8.0,411000.0,102.75
46300.0,7.Sunday,COL,Medellín,448 DESAY COLOMBIANO,29 ITAGUI,Rappi,2.0,86000.0,21.5
46300.0,7.Sunday,COL,Medellín,54 FOODOLOGY,11 MANILA,Rappi,1.0,35300.0,8.83
46300.0,7.Sunday,COL,Medellín,54 FOODOLOGY,14 ENVIGADO,DiDi,1.0,77900.0,19.48
46300.0,7.Sunday,COL,Medellín,54 FOODOLOGY,14 ENVIGADO,Rappi,8.0,720200.0,180.05
46300.0,7.Sunday,COL,Medellín,54 FOODOLOGY,29 ITAGUI,Rappi,1.0,54900.0,13.73
46300.0,7.Sunday,COL,Medellín,57 PRET SANDWICH BIS,11 MANILA,Rappi,2.0,80700.0,20.18
46300.0,7.Sunday,COL,Medellín,57 PRET SANDWICH BIS,12 LAURELES,Rappi,1.0,26900.0,6.73
46300.0,7.Sunday,COL,Medellín,58 ALBA VEGETARIAN,11 MANILA,DiDi,1.0,37500.0,9.38
46300.0,7.Sunday,COL,Medellín,58 ALBA VEGETARIAN,12 LAURELES,DiDi,4.0,130300.0,32.58
46300.0,7.Sunday,COL,Medellín,58 ALBA VEGETARIAN,14 ENVIGADO,DiDi,3.0,123300.0,30.83
46300.0,7.Sunday,COL,Medellín,58 ALBA VEGETARIAN,18 BELLO,DiDi,1.0,40400.0,10.1
46300.0,7.Sunday,COL,Medellín,58 ALBA VEGETARIAN,29 ITAGUI,DiDi,2.0,76400.0,19.1
46300.0,7.Sunday,COL,Medellín,59 DEMBOW,29 ITAGUI,Rappi,2.0,112700.0,28.18
46300.0,7.Sunday,COL,Medellín,65 SAN JERONIMO HELA,11 MANILA,Rappi,1.0,137500.0,34.38
46300.0,7.Sunday,COL,Medellín,65 SAN JERONIMO HELA,12 LAURELES,Rappi,2.0,100000.0,25.0
46300.0,7.Sunday,COL,Medellín,66 MAÑANERO DIARIO,11 MANILA,Rappi,2.0,157000.0,39.25
46300.0,7.Sunday,COL,Medellín,66 MAÑANERO DIARIO,12 LAURELES,Rappi,2.0,187300.0,46.83
46300.0,7.Sunday,COL,Medellín,66 MAÑANERO DIARIO,14 ENVIGADO,Rappi,2.0,149600.0,37.4
46300.0,7.Sunday,COL,Medellín,66 MAÑANERO DIARIO,29 ITAGUI,Rappi,2.0,86200.0,21.55
46300.0,7.Sunday,COL,Medellín,70 BURRITO CANTINA,14 ENVIGADO,Rappi,2.0,49900.0,12.48
46300.0,7.Sunday,COL,Medellín,70 BURRITO CANTINA,29 ITAGUI,Rappi,1.0,29700.0,7.43
46300.0,7.Sunday,COL,Medellín,72 VICIO,11 MANILA,DiDi,1.0,46900.0,11.73
46300.0,7.Sunday,COL,Medellín,72 VICIO,11 MANILA,Rappi,1.0,10900.0,2.73
46300.0,7.Sunday,COL,Medellín,72 VICIO,12 LAURELES,DiDi,1.0,29500.0,7.38
46300.0,7.Sunday,COL,Medellín,72 VICIO,12 LAURELES,Rappi,2.0,80400.0,20.1
46300.0,7.Sunday,COL,Medellín,72 VICIO,14 ENVIGADO,Rappi,3.0,148500.0,37.13
46300.0,7.Sunday,COL,Medellín,72 VICIO,29 ITAGUI,Rappi,1.0,49500.0,12.38
46300.0,7.Sunday,COL,Medellín,73 ACPM CORRIENTAZO,29 ITAGUI,Rappi,1.0,60600.0,15.15
46300.0,7.Sunday,COL,Medellín,82 CINNABON,11 MANILA,DiDi,2.0,60900.0,15.23
46300.0,7.Sunday,COL,Medellín,82 CINNABON,11 MANILA,Justo,1.0,37900.0,9.48
46300.0,7.Sunday,COL,Medellín,82 CINNABON,11 MANILA,Rappi,12.0,451700.0,112.93
46300.0,7.Sunday,COL,Medellín,82 CINNABON,12 LAURELES,Rappi,26.0,855100.0,213.78
46300.0,7.Sunday,COL,Medellín,82 CINNABON,14 ENVIGADO,DiDi,3.0,100400.0,25.1
46300.0,7.Sunday,COL,Medellín,82 CINNABON,14 ENVIGADO,Rappi,10.0,517000.0,129.25
46300.0,7.Sunday,COL,Medellín,82 CINNABON,18 BELLO,Rappi,8.0,329600.0,82.4
46300.0,7.Sunday,COL,Medellín,82 CINNABON,29 ITAGUI,DiDi,5.0,201800.0,50.45
46300.0,7.Sunday,COL,Medellín,82 CINNABON,29 ITAGUI,Rappi,10.0,429600.0,107.4
46300.0,7.Sunday,COL,Medellín,83 SANDUCHES EL JEFE,11 MANILA,DiDi,1.0,25500.0,6.38
46300.0,7.Sunday,COL,Medellín,83 SANDUCHES EL JEFE,12 LAURELES,DiDi,4.0,126800.0,31.7
46300.0,7.Sunday,COL,Medellín,83 SANDUCHES EL JEFE,12 LAURELES,Rappi,1.0,44500.0,11.13
46300.0,7.Sunday,COL,Medellín,83 SANDUCHES EL JEFE,14 ENVIGADO,DiDi,2.0,68000.0,17.0
46300.0,7.Sunday,COL,Medellín,83 SANDUCHES EL JEFE,14 ENVIGADO,Rappi,3.0,146500.0,36.63
46300.0,7.Sunday,COL,Medellín,83 SANDUCHES EL JEFE,18 BELLO,DiDi,2.0,61500.0,15.38
46300.0,7.Sunday,COL,Medellín,83 SANDUCHES EL JEFE,18 BELLO,Rappi,1.0,87800.0,21.95
46300.0,7.Sunday,COL,Medellín,83 SANDUCHES EL JEFE,29 ITAGUI,DiDi,5.0,208600.0,52.15
46300.0,7.Sunday,COL,Medellín,84 CINNABON PASE,57 SANTAFE MED,DiDi,1.0,29900.0,7.48
46300.0,7.Sunday,COL,Medellín,84 CINNABON PASE,57 SANTAFE MED,FoodologyPOS,36.0,641200.0,160.3
46300.0,7.Sunday,COL,Medellín,84 CINNABON PASE,57 SANTAFE MED,Rappi,9.0,374500.0,93.63
46300.0,7.Sunday,COL,Medellín,84 CINNABON PASE,58 VIVA MED,FoodologyPOS,50.0,1013200.0,253.3
46300.0,7.Sunday,COL,Medellín,84 CINNABON PASE,58 VIVA MED,Rappi,2.0,87800.0,21.95
46300.0,7.Sunday,COL,Medellín,86 FROST TURBO,11 MANILA,Rappi,2.0,58500.0,14.63
46300.0,7.Sunday,COL,Medellín,86 FROST TURBO,12 LAURELES,Rappi,1.0,12900.0,3.23
46300.0,7.Sunday,COL,Medellín,87 VICIO TURBO,11 MANILA,Rappi,4.0,170300.0,42.58
46300.0,7.Sunday,COL,Medellín,87 VICIO TURBO,14 ENVIGADO,Rappi,2.0,61800.0,15.45
46300.0,7.Sunday,COL,Medellín,88 CINNABON TURBO,11 MANILA,Rappi,13.0,660300.0,165.08
46300.0,7.Sunday,COL,Medellín,88 CINNABON TURBO,12 LAURELES,Rappi,11.0,421800.0,105.45
46300.0,7.Sunday,COL,Medellín,90 AVOCALIA TURBO,11 MANILA,Rappi,16.0,835700.0,208.93
46300.0,7.Sunday,COL,Medellín,90 AVOCALIA TURBO,12 LAURELES,Rappi,8.0,319300.0,79.83
46300.0,7.Sunday,COL,Medellín,92 BRUNCH&MUNCH TURB,11 MANILA,Rappi,15.0,1452700.0,363.18
46300.0,7.Sunday,COL,Medellín,92 BRUNCH&MUNCH TURB,12 LAURELES,Rappi,16.0,1270800.0,317.7
46300.0,7.Sunday,COL,Medellín,93 SAN JERONIMO TURB,11 MANILA,Rappi,1.0,23000.0,5.75
46300.0,7.Sunday,COL,Medellín,93 SAN JERONIMO TURB,12 LAURELES,Rappi,1.0,34500.0,8.63
46300.0,7.Sunday,COL,Pereira,01 AVOCALIA,28 PEREIRA,Rappi,17.0,1039400.0,259.85
46300.0,7.Sunday,COL,Pereira,02 BOTTANIKO,28 PEREIRA,Rappi,1.0,42800.0,10.7
46300.0,7.Sunday,COL,Pereira,03 BRUNCH & MUNCH,28 PEREIRA,FoodologyPOS,1.0,94900.0,23.73
46300.0,7.Sunday,COL,Pereira,03 BRUNCH & MUNCH,28 PEREIRA,Rappi,60.0,4853000.0,1213.25
46300.0,7.Sunday,COL,Pereira,04 BURRITOS & CO,28 PEREIRA,FoodologyPOS,1.0,79700.0,19.93
46300.0,7.Sunday,COL,Pereira,04 BURRITOS & CO,28 PEREIRA,Rappi,6.0,359800.0,89.95
46300.0,7.Sunday,COL,Pereira,07 LA CUADRA,28 PEREIRA,Rappi,13.0,893800.0,223.45
46300.0,7.Sunday,COL,Pereira,110 MR BEAST BURGER,28 PEREIRA,Rappi,9.0,564700.0,141.18
46300.0,7.Sunday,COL,Pereira,113 QUE CHICKEN,28 PEREIRA,Rappi,1.0,39000.0,9.75
46300.0,7.Sunday,COL,Pereira,117 LA PANQUEQUERIA,28 PEREIRA,Rappi,5.0,291200.0,72.8
46300.0,7.Sunday,COL,Pereira,205 FROST,28 PEREIRA,Rappi,1.0,25800.0,6.45
46300.0,7.Sunday,COL,Pereira,26 ALMUERZO DE LA CA,28 PEREIRA,Rappi,3.0,91600.0,22.9
46300.0,7.Sunday,COL,Pereira,33 LA CUADRA DESAYUN,28 PEREIRA,Rappi,5.0,229600.0,57.4
46300.0,7.Sunday,COL,Pereira,359 GREEN HOUSE,28 PEREIRA,Rappi,10.0,503100.0,125.78
46300.0,7.Sunday,COL,Pereira,362 ÑAMGUCHERIA,28 PEREIRA,Rappi,9.0,427500.0,106.88
46300.0,7.Sunday,COL,Pereira,366 HOUSE OF SALADS,28 PEREIRA,Rappi,1.0,27500.0,6.88
46300.0,7.Sunday,COL,Pereira,373 HOUSE OF BURGERS,28 PEREIRA,Rappi,2.0,115500.0,28.88
46300.0,7.Sunday,COL,Pereira,380 BREAKFAST CLUB,28 PEREIRA,Rappi,18.0,1141600.0,285.4
46300.0,7.Sunday,COL,Pereira,381 DESAYU LA ABUELA,28 PEREIRA,Rappi,34.0,2708600.0,677.15
46300.0,7.Sunday,COL,Pereira,386 LA CASA MEXICANA,28 PEREIRA,Rappi,4.0,138300.0,34.58
46300.0,7.Sunday,COL,Pereira,387 THE EGG SPOT,28 PEREIRA,Rappi,2.0,109500.0,27.38
46300.0,7.Sunday,COL,Pereira,388 FOODHUB,28 PEREIRA,Rappi,3.0,123900.0,30.98
46300.0,7.Sunday,COL,Pereira,394 COCINA CONSCIENT,28 PEREIRA,Rappi,1.0,45400.0,11.35
46300.0,7.Sunday,COL,Pereira,420 DESGRANADOS & CO,28 PEREIRA,Rappi,2.0,122500.0,30.63
46300.0,7.Sunday,COL,Pereira,448 DESAY COLOMBIANO,28 PEREIRA,Rappi,14.0,651500.0,162.88
46300.0,7.Sunday,COL,Pereira,54 FOODOLOGY,28 PEREIRA,Rappi,2.0,74500.0,18.63
46300.0,7.Sunday,COL,Pereira,57 PRET SANDWICH BIS,28 PEREIRA,Rappi,1.0,93700.0,23.43
46300.0,7.Sunday,COL,Pereira,66 MAÑANERO DIARIO,28 PEREIRA,Rappi,4.0,164500.0,41.13
46300.0,7.Sunday,COL,Pereira,82 CINNABON,28 PEREIRA,Rappi,6.0,341900.0,85.48
46300.0,7.Sunday,COL,Pereira,83 SANDUCHES EL JEFE,28 PEREIRA,Rappi,1.0,35800.0,8.95
45966.0,7.Sunday,COL,Barranquilla,01 AVOCALIA,32 BARRANQUILLA,DiDi,1.0,41400.0,10.35
45966.0,7.Sunday,COL,Barranquilla,01 AVOCALIA,32 BARRANQUILLA,FoodologyPOS,1.0,85800.0,21.45
45966.0,7.Sunday,COL,Barranquilla,01 AVOCALIA,32 BARRANQUILLA,Rappi,32.0,1533300.0,383.33
45966.0,7.Sunday,COL,Barranquilla,02 BOTTANIKO,32 BARRANQUILLA,Rappi,2.0,106900.0,26.73
45966.0,7.Sunday,COL,Barranquilla,03 BRUNCH & MUNCH,32 BARRANQUILLA,DiDi,12.0,899400.0,224.85
45966.0,7.Sunday,COL,Barranquilla,03 BRUNCH & MUNCH,32 BARRANQUILLA,FoodologyPOS,2.0,175800.0,43.95
45966.0,7.Sunday,COL,Barranquilla,03 BRUNCH & MUNCH,32 BARRANQUILLA,Justo,1.0,75900.0,18.98
45966.0,7.Sunday,COL,Barranquilla,03 BRUNCH & MUNCH,32 BARRANQUILLA,Rappi,75.0,6054500.0,1513.63
45966.0,7.Sunday,COL,Barranquilla,04 BURRITOS & CO,32 BARRANQUILLA,DiDi,6.0,197900.0,49.48
45966.0,7.Sunday,COL,Barranquilla,04 BURRITOS & CO,32 BARRANQUILLA,Rappi,13.0,502100.0,125.53
45966.0,7.Sunday,COL,Barranquilla,05 CACEROLA,32 BARRANQUILLA,Rappi,5.0,305800.0,76.45
45966.0,7.Sunday,COL,Barranquilla,07 LA CUADRA,32 BARRANQUILLA,DiDi,10.0,508000.0,127.0
45966.0,7.Sunday,COL,Barranquilla,07 LA CUADRA,32 BARRANQUILLA,Rappi,34.0,2133500.0,533.38
45966.0,7.Sunday,COL,Barranquilla,110 MR BEAST BURGER,32 BARRANQUILLA,DiDi,9.0,353000.0,88.25
45966.0,7.Sunday,COL,Barranquilla,110 MR BEAST BURGER,32 BARRANQUILLA,Rappi,4.0,390800.0,97.7
45966.0,7.Sunday,COL,Barranquilla,114 MR BEAST TURBO,32 BARRANQUILLA,Rappi,7.0,389200.0,97.3
45966.0,7.Sunday,COL,Barranquilla,117 LA PANQUEQUERIA,32 BARRANQUILLA,Rappi,48.0,3287800.0,821.95
45966.0,7.Sunday,COL,Barranquilla,13 THE CRUNCH,32 BARRANQUILLA,DiDi,2.0,140100.0,35.03
45966.0,7.Sunday,COL,Barranquilla,13 THE CRUNCH,32 BARRANQUILLA,Rappi,3.0,110400.0,27.6
45966.0,7.Sunday,COL,Barranquilla,205 FROST,32 BARRANQUILLA,Rappi,1.0,23400.0,5.85
45966.0,7.Sunday,COL,Barranquilla,27 DESAYUNO MI TIERR,32 BARRANQUILLA,DiDi,1.0,33900.0,8.48
45966.0,7.Sunday,COL,Barranquilla,27 DESAYUNO MI TIERR,32 BARRANQUILLA,Rappi,10.0,637400.0,159.35
45966.0,7.Sunday,COL,Barranquilla,29 SEÑOR BURRITO,32 BARRANQUILLA,DiDi,2.0,77800.0,19.45
45966.0,7.Sunday,COL,Barranquilla,29 SEÑOR BURRITO,32 BARRANQUILLA,Rappi,3.0,140500.0,35.13
45966.0,7.Sunday,COL,Barranquilla,33 LA CUADRA DESAYUN,32 BARRANQUILLA,Rappi,3.0,237300.0,59.33
45966.0,7.Sunday,COL,Barranquilla,35 BRUNCH CLUB,32 BARRANQUILLA,DiDi,5.0,277400.0,69.35
45966.0,7.Sunday,COL,Barranquilla,352 BURRITOS & CO TU,32 BARRANQUILLA,Rappi,7.0,213400.0,53.35
45966.0,7.Sunday,COL,Barranquilla,353 LA CUADRA TURBO,32 BARRANQUILLA,Rappi,15.0,763200.0,190.8
45966.0,7.Sunday,COL,Barranquilla,356 EL JEFE TURBO,32 BARRANQUILLA,Rappi,4.0,228800.0,57.2
45966.0,7.Sunday,COL,Barranquilla,359 GREEN HOUSE,32 BARRANQUILLA,DiDi,18.0,487800.0,121.95
45966.0,7.Sunday,COL,Barranquilla,359 GREEN HOUSE,32 BARRANQUILLA,Rappi,14.0,609100.0,152.28
45966.0,7.Sunday,COL,Barranquilla,362 ÑAMGUCHERIA,32 BARRANQUILLA,Rappi,9.0,464500.0,116.13
45966.0,7.Sunday,COL,Barranquilla,363 GREEN HOUSE TURB,32 BARRANQUILLA,Rappi,15.0,678500.0,169.63
45966.0,7.Sunday,COL,Barranquilla,366 HOUSE OF SALADS,32 BARRANQUILLA,Rappi,5.0,222100.0,55.53
45966.0,7.Sunday,COL,Barranquilla,369 ÑAMGUCHERIA TURB,32 BARRANQUILLA,Rappi,10.0,413000.0,103.25
45966.0,7.Sunday,COL,Barranquilla,370 MONTEVERDE,32 BARRANQUILLA,Rappi,3.0,85200.0,21.3
45966.0,7.Sunday,COL,Barranquilla,54 FOODOLOGY,32 BARRANQUILLA,Rappi,12.0,619200.0,154.8
45966.0,7.Sunday,COL,Barranquilla,58 ALBA VEGETARIAN,32 BARRANQUILLA,DiDi,1.0,30500.0,7.63
45966.0,7.Sunday,COL,Barranquilla,58 ALBA VEGETARIAN,32 BARRANQUILLA,Rappi,1.0,40400.0,10.1
45966.0,7.Sunday,COL,Barranquilla,59 DEMBOW,32 BARRANQUILLA,Rappi,1.0,31900.0,7.98
45966.0,7.Sunday,COL,Barranquilla,66 MAÑANERO DIARIO,32 BARRANQUILLA,Rappi,6.0,380200.0,95.05
45966.0,7.Sunday,COL,Barranquilla,70 BURRITO CANTINA,32 BARRANQUILLA,Rappi,1.0,27900.0,6.98
45966.0,7.Sunday,COL,Barranquilla,72 VICIO,32 BARRANQUILLA,DiDi,2.0,111200.0,27.8
45966.0,7.Sunday,COL,Barranquilla,73 ACPM CORRIENTAZO,32 BARRANQUILLA,Rappi,2.0,67900.0,16.98
45966.0,7.Sunday,COL,Barranquilla,82 CINNABON,32 BARRANQUILLA,DiDi,4.0,118600.0,29.65
45966.0,7.Sunday,COL,Barranquilla,82 CINNABON,32 BARRANQUILLA,Rappi,42.0,2127700.0,531.93
45966.0,7.Sunday,COL,Barranquilla,83 SANDUCHES EL JEFE,32 BARRANQUILLA,DiDi,3.0,89500.0,22.38
45966.0,7.Sunday,COL,Barranquilla,83 SANDUCHES EL JEFE,32 BARRANQUILLA,Rappi,6.0,295500.0,73.88
45966.0,7.Sunday,COL,Barranquilla,86 FROST TURBO,32 BARRANQUILLA,Rappi,1.0,35000.0,8.75
45966.0,7.Sunday,COL,Barranquilla,88 CINNABON TURBO,32 BARRANQUILLA,Rappi,10.0,228900.0,57.23
45966.0,7.Sunday,COL,Barranquilla,90 AVOCALIA TURBO,32 BARRANQUILLA,Rappi,6.0,244400.0,61.1
45966.0,7.Sunday,COL,Barranquilla,92 BRUNCH&MUNCH TURB,32 BARRANQUILLA,Rappi,6.0,505600.0,126.4
45966.0,7.Sunday,COL,Bogotá,01 AVOCALIA,01 USAQUEN,DiDi,1.0,22400.0,5.6
45966.0,7.Sunday,COL,Bogotá,01 AVOCALIA,01 USAQUEN,Rappi,20.0,932500.0,233.13
45966.0,7.Sunday,COL,Bogotá,01 AVOCALIA,02 PARQUE 93,DiDi,1.0,112500.0,28.13
45966.0,7.Sunday,COL,Bogotá,01 AVOCALIA,02 PARQUE 93,Rappi,22.0,1175000.0,293.75
45966.0,7.Sunday,COL,Bogotá,01 AVOCALIA,03 CHAPINERO,DiDi,1.0,75000.0,18.75
45966.0,7.Sunday,COL,Bogotá,01 AVOCALIA,03 CHAPINERO,Rappi,28.0,1759100.0,439.78
45966.0,7.Sunday,COL,Bogotá,01 AVOCALIA,06 COLINA,DiDi,1.0,51900.0,12.98
45966.0,7.Sunday,COL,Bogotá,01 AVOCALIA,06 COLINA,Rappi,27.0,1352000.0,338.0
45966.0,7.Sunday,COL,Bogotá,01 AVOCALIA,08 ANDES,DiDi,1.0,57400.0,14.35
45966.0,7.Sunday,COL,Bogotá,01 AVOCALIA,08 ANDES,Rappi,14.0,719200.0,179.8
45966.0,7.Sunday,COL,Bogotá,01 AVOCALIA,13 CHIA,Rappi,9.0,496300.0,124.08
45966.0,7.Sunday,COL,Bogotá,01 AVOCALIA,15 ENGATIVA,DiDi,2.0,64500.0,16.13
45966.0,7.Sunday,COL,Bogotá,01 AVOCALIA,15 ENGATIVA,Rappi,7.0,442300.0,110.58
45966.0,7.Sunday,COL,Bogotá,01 AVOCALIA,36 VILLA DEL PRADO,Rappi,14.0,856800.0,214.2
45966.0,7.Sunday,COL,Bogotá,01 AVOCALIA,38 KENNEDY,DiDi,1.0,66800.0,16.7
45966.0,7.Sunday,COL,Bogotá,01 AVOCALIA,38 KENNEDY,Rappi,19.0,1369200.0,342.3
45966.0,7.Sunday,COL,Bogotá,01 AVOCALIA,45 VERAGUAS,DiDi,1.0,35800.0,8.95
45966.0,7.Sunday,COL,Bogotá,01 AVOCALIA,45 VERAGUAS,Rappi,4.0,167700.0,41.93
45966.0,7.Sunday,COL,Bogotá,01 AVOCALIA,50 CHICO,FoodologyPOS,32.0,1355400.0,338.85
45966.0,7.Sunday,COL,Bogotá,01 AVOCALIA,50 CHICO,Rappi,1.0,23900.0,5.98
45966.0,7.Sunday,COL,Bogotá,02 BOTTANIKO,01 USAQUEN,Rappi,2.0,104700.0,26.18
45966.0,7.Sunday,COL,Bogotá,02 BOTTANIKO,06 COLINA,Rappi,1.0,66900.0,16.73
45966.0,7.Sunday,COL,Bogotá,02 BOTTANIKO,08 ANDES,Rappi,1.0,37500.0,9.38
45966.0,7.Sunday,COL,Bogotá,02 BOTTANIKO,13 CHIA,Rappi,1.0,96800.0,24.2
45966.0,7.Sunday,COL,Bogotá,02 BOTTANIKO,15 ENGATIVA,Rappi,2.0,159700.0,39.93
45966.0,7.Sunday,COL,Bogotá,03 BRUNCH & MUNCH,01 USAQUEN,DiDi,8.0,582100.0,145.53
45966.0,7.Sunday,COL,Bogotá,03 BRUNCH & MUNCH,01 USAQUEN,FoodologyPOS,1.0,199800.0,49.95
45966.0,7.Sunday,COL,Bogotá,03 BRUNCH & MUNCH,01 USAQUEN,Rappi,71.0,5149200.0,1287.3
45966.0,7.Sunday,COL,Bogotá,03 BRUNCH & MUNCH,02 PARQUE 93,DiDi,5.0,335800.0,83.95
45966.0,7.Sunday,COL,Bogotá,03 BRUNCH & MUNCH,02 PARQUE 93,FoodologyPOS,1.0,129300.0,32.33
45966.0,7.Sunday,COL,Bogotá,03 BRUNCH & MUNCH,02 PARQUE 93,Rappi,70.0,6419400.0,1604.85
45966.0,7.Sunday,COL,Bogotá,03 BRUNCH & MUNCH,03 CHAPINERO,DiDi,7.0,319300.0,79.83
45966.0,7.Sunday,COL,Bogotá,03 BRUNCH & MUNCH,03 CHAPINERO,FoodologyPOS,2.0,152700.0,38.18
45966.0,7.Sunday,COL,Bogotá,03 BRUNCH & MUNCH,03 CHAPINERO,Justo,1.0,42400.0,10.6
45966.0,7.Sunday,COL,Bogotá,03 BRUNCH & MUNCH,03 CHAPINERO,Rappi,59.0,5367900.0,1341.98
45966.0,7.Sunday,COL,Bogotá,03 BRUNCH & MUNCH,06 COLINA,DiDi,8.0,600900.0,150.23
45966.0,7.Sunday,COL,Bogotá,03 BRUNCH & MUNCH,06 COLINA,FoodologyPOS,5.0,340600.0,85.15
45966.0,7.Sunday,COL,Bogotá,03 BRUNCH & MUNCH,06 COLINA,Rappi,56.0,5095500.0,1273.88
45966.0,7.Sunday,COL,Bogotá,03 BRUNCH & MUNCH,08 ANDES,Rappi,40.0,3388000.0,847.0
45966.0,7.Sunday,COL,Bogotá,03 BRUNCH & MUNCH,13 CHIA,DiDi,2.0,132700.0,33.18
45966.0,7.Sunday,COL,Bogotá,03 BRUNCH & MUNCH,13 CHIA,Rappi,39.0,3581600.0,895.4
45966.0,7.Sunday,COL,Bogotá,03 BRUNCH & MUNCH,15 ENGATIVA,DiDi,11.0,623300.0,155.83
45966.0,7.Sunday,COL,Bogotá,03 BRUNCH & MUNCH,15 ENGATIVA,FoodologyPOS,1.0,56900.0,14.23
45966.0,7.Sunday,COL,Bogotá,03 BRUNCH & MUNCH,15 ENGATIVA,Rappi,42.0,3702300.0,925.58
45966.0,7.Sunday,COL,Bogotá,03 BRUNCH & MUNCH,36 VILLA DEL PRADO,DiDi,7.0,504100.0,126.03
45966.0,7.Sunday,COL,Bogotá,03 BRUNCH & MUNCH,36 VILLA DEL PRADO,FoodologyPOS,2.0,153200.0,38.3
45966.0,7.Sunday,COL,Bogotá,03 BRUNCH & MUNCH,36 VILLA DEL PRADO,Rappi,51.0,4340600.0,1085.15
45966.0,7.Sunday,COL,Bogotá,03 BRUNCH & MUNCH,38 KENNEDY,DiDi,7.0,453000.0,113.25
45966.0,7.Sunday,COL,Bogotá,03 BRUNCH & MUNCH,38 KENNEDY,FoodologyPOS,1.0,92800.0,23.2
45966.0,7.Sunday,COL,Bogotá,03 BRUNCH & MUNCH,38 KENNEDY,Justo,1.0,117100.0,29.28
45966.0,7.Sunday,COL,Bogotá,03 BRUNCH & MUNCH,38 KENNEDY,Rappi,55.0,4710700.0,1177.68
45966.0,7.Sunday,COL,Bogotá,03 BRUNCH & MUNCH,45 VERAGUAS,FoodologyPOS,3.0,451500.0,112.88
45966.0,7.Sunday,COL,Bogotá,03 BRUNCH & MUNCH,45 VERAGUAS,Rappi,34.0,2953300.0,738.33
45966.0,7.Sunday,COL,Bogotá,03 BRUNCH & MUNCH,50 CHICO,Rappi,46.0,3885000.0,971.25
45966.0,7.Sunday,COL,Bogotá,04 BURRITOS & CO,01 USAQUEN,DiDi,3.0,75700.0,18.93
45966.0,7.Sunday,COL,Bogotá,04 BURRITOS & CO,01 USAQUEN,Rappi,14.0,520400.0,130.1
45966.0,7.Sunday,COL,Bogotá,04 BURRITOS & CO,02 PARQUE 93,DiDi,1.0,62700.0,15.68
45966.0,7.Sunday,COL,Bogotá,04 BURRITOS & CO,02 PARQUE 93,Justo,1.0,47100.0,11.78
45966.0,7.Sunday,COL,Bogotá,04 BURRITOS & CO,02 PARQUE 93,Rappi,17.0,760100.0,190.03
45966.0,7.Sunday,COL,Bogotá,04 BURRITOS & CO,03 CHAPINERO,DiDi,4.0,218700.0,54.68
45966.0,7.Sunday,COL,Bogotá,04 BURRITOS & CO,03 CHAPINERO,Rappi,34.0,2037300.0,509.33
45966.0,7.Sunday,COL,Bogotá,04 BURRITOS & CO,06 COLINA,DiDi,1.0,41800.0,10.45
45966.0,7.Sunday,COL,Bogotá,04 BURRITOS & CO,06 COLINA,Rappi,16.0,876900.0,219.23
45966.0,7.Sunday,COL,Bogotá,04 BURRITOS & CO,08 ANDES,DiDi,4.0,88700.0,22.18
45966.0,7.Sunday,COL,Bogotá,04 BURRITOS & CO,08 ANDES,Rappi,16.0,809400.0,202.35
45966.0,7.Sunday,COL,Bogotá,04 BURRITOS & CO,13 CHIA,DiDi,4.0,123600.0,30.9
45966.0,7.Sunday,COL,Bogotá,04 BURRITOS & CO,13 CHIA,Rappi,9.0,837300.0,209.33
45966.0,7.Sunday,COL,Bogotá,04 BURRITOS & CO,15 ENGATIVA,DiDi,3.0,95300.0,23.83
45966.0,7.Sunday,COL,Bogotá,04 BURRITOS & CO,15 ENGATIVA,Rappi,8.0,488600.0,122.15
45966.0,7.Sunday,COL,Bogotá,04 BURRITOS & CO,36 VILLA DEL PRADO,DiDi,5.0,195900.0,48.98
45966.0,7.Sunday,COL,Bogotá,04 BURRITOS & CO,36 VILLA DEL PRADO,Rappi,9.0,623500.0,155.88
45966.0,7.Sunday,COL,Bogotá,04 BURRITOS & CO,38 KENNEDY,DiDi,2.0,39800.0,9.95
45966.0,7.Sunday,COL,Bogotá,04 BURRITOS & CO,38 KENNEDY,Rappi,18.0,1480900.0,370.23
45966.0,7.Sunday,COL,Bogotá,04 BURRITOS & CO,45 VERAGUAS,DiDi,3.0,56800.0,14.2
45966.0,7.Sunday,COL,Bogotá,04 BURRITOS & CO,45 VERAGUAS,Rappi,5.0,258700.0,64.68
45966.0,7.Sunday,COL,Bogotá,05 CACEROLA,01 USAQUEN,DiDi,1.0,79900.0,19.98
45966.0,7.Sunday,COL,Bogotá,05 CACEROLA,01 USAQUEN,Rappi,4.0,338900.0,84.73
45966.0,7.Sunday,COL,Bogotá,05 CACEROLA,02 PARQUE 93,Rappi,5.0,335500.0,83.88
45966.0,7.Sunday,COL,Bogotá,05 CACEROLA,06 COLINA,DiDi,3.0,134000.0,33.5
45966.0,7.Sunday,COL,Bogotá,05 CACEROLA,06 COLINA,Rappi,6.0,354000.0,88.5
45966.0,7.Sunday,COL,Bogotá,05 CACEROLA,08 ANDES,Rappi,2.0,96900.0,24.23
45966.0,7.Sunday,COL,Bogotá,05 CACEROLA,13 CHIA,Rappi,5.0,281100.0,70.28
45966.0,7.Sunday,COL,Bogotá,05 CACEROLA,15 ENGATIVA,Rappi,6.0,469900.0,117.48
45966.0,7.Sunday,COL,Bogotá,05 CACEROLA,36 VILLA DEL PRADO,Rappi,3.0,221900.0,55.48
45966.0,7.Sunday,COL,Bogotá,05 CACEROLA,38 KENNEDY,DiDi,2.0,62100.0,15.53
45966.0,7.Sunday,COL,Bogotá,05 CACEROLA,38 KENNEDY,Rappi,6.0,545300.0,136.33
45966.0,7.Sunday,COL,Bogotá,07 LA CUADRA,01 USAQUEN,DiDi,10.0,538600.0,134.65
45966.0,7.Sunday,COL,Bogotá,07 LA CUADRA,01 USAQUEN,Rappi,9.0,473400.0,118.35
45966.0,7.Sunday,COL,Bogotá,07 LA CUADRA,02 PARQUE 93,DiDi,6.0,221700.0,55.43
45966.0,7.Sunday,COL,Bogotá,07 LA CUADRA,02 PARQUE 93,Rappi,20.0,1020900.0,255.23
45966.0,7.Sunday,COL,Bogotá,07 LA CUADRA,03 CHAPINERO,DiDi,8.0,581600.0,145.4
45966.0,7.Sunday,COL,Bogotá,07 LA CUADRA,03 CHAPINERO,Rappi,23.0,1149400.0,287.35
45966.0,7.Sunday,COL,Bogotá,07 LA CUADRA,06 COLINA,DiDi,5.0,177700.0,44.43
45966.0,7.Sunday,COL,Bogotá,07 LA CUADRA,06 COLINA,Rappi,10.0,801000.0,200.25
45966.0,7.Sunday,COL,Bogotá,07 LA CUADRA,08 ANDES,DiDi,9.0,587000.0,146.75
45966.0,7.Sunday,COL,Bogotá,07 LA CUADRA,08 ANDES,Rappi,18.0,1143400.0,285.85
45966.0,7.Sunday,COL,Bogotá,07 LA CUADRA,13 CHIA,DiDi,6.0,287300.0,71.83
45966.0,7.Sunday,COL,Bogotá,07 LA CUADRA,13 CHIA,Rappi,13.0,693200.0,173.3
45966.0,7.Sunday,COL,Bogotá,07 LA CUADRA,15 ENGATIVA,DiDi,3.0,117900.0,29.48
45966.0,7.Sunday,COL,Bogotá,07 LA CUADRA,15 ENGATIVA,Rappi,8.0,514600.0,128.65
45966.0,7.Sunday,COL,Bogotá,07 LA CUADRA,36 VILLA DEL PRADO,DiDi,1.0,37500.0,9.38
45966.0,7.Sunday,COL,Bogotá,07 LA CUADRA,36 VILLA DEL PRADO,Rappi,1.0,128700.0,32.18
45966.0,7.Sunday,COL,Bogotá,07 LA CUADRA,38 KENNEDY,DiDi,3.0,125300.0,31.33
45966.0,7.Sunday,COL,Bogotá,07 LA CUADRA,38 KENNEDY,Rappi,6.0,380500.0,95.13
45966.0,7.Sunday,COL,Bogotá,07 LA CUADRA,45 VERAGUAS,DiDi,2.0,122400.0,30.6
45966.0,7.Sunday,COL,Bogotá,07 LA CUADRA,45 VERAGUAS,Rappi,5.0,257700.0,64.43
45966.0,7.Sunday,COL,Bogotá,110 MR BEAST BURGER,01 USAQUEN,DiDi,17.0,911200.0,227.8
45966.0,7.Sunday,COL,Bogotá,110 MR BEAST BURGER,01 USAQUEN,Rappi,4.0,235000.0,58.75
45966.0,7.Sunday,COL,Bogotá,110 MR BEAST BURGER,02 PARQUE 93,DiDi,22.0,1176200.0,294.05
45966.0,7.Sunday,COL,Bogotá,110 MR BEAST BURGER,02 PARQUE 93,Rappi,8.0,472100.0,118.03
45966.0,7.Sunday,COL,Bogotá,110 MR BEAST BURGER,03 CHAPINERO,DiDi,19.0,871000.0,217.75
45966.0,7.Sunday,COL,Bogotá,110 MR BEAST BURGER,03 CHAPINERO,Rappi,12.0,694900.0,173.73
45966.0,7.Sunday,COL,Bogotá,110 MR BEAST BURGER,06 COLINA,DiDi,17.0,986200.0,246.55
45966.0,7.Sunday,COL,Bogotá,110 MR BEAST BURGER,06 COLINA,Rappi,10.0,506500.0,126.63
45966.0,7.Sunday,COL,Bogotá,110 MR BEAST BURGER,08 ANDES,DiDi,20.0,1083300.0,270.83
45966.0,7.Sunday,COL,Bogotá,110 MR BEAST BURGER,08 ANDES,Rappi,4.0,258200.0,64.55
45966.0,7.Sunday,COL,Bogotá,110 MR BEAST BURGER,13 CHIA,DiDi,21.0,1061400.0,265.35
45966.0,7.Sunday,COL,Bogotá,110 MR BEAST BURGER,13 CHIA,Rappi,3.0,140000.0,35.0
45966.0,7.Sunday,COL,Bogotá,110 MR BEAST BURGER,15 ENGATIVA,DiDi,28.0,1533500.0,383.38
45966.0,7.Sunday,COL,Bogotá,110 MR BEAST BURGER,15 ENGATIVA,Rappi,8.0,279100.0,69.78
45966.0,7.Sunday,COL,Bogotá,110 MR BEAST BURGER,36 VILLA DEL PRADO,DiDi,20.0,1028400.0,257.1
45966.0,7.Sunday,COL,Bogotá,110 MR BEAST BURGER,36 VILLA DEL PRADO,Rappi,12.0,532300.0,133.08
45966.0,7.Sunday,COL,Bogotá,110 MR BEAST BURGER,38 KENNEDY,DiDi,25.0,1211900.0,302.98
45966.0,7.Sunday,COL,Bogotá,110 MR BEAST BURGER,38 KENNEDY,Rappi,5.0,209800.0,52.45
45966.0,7.Sunday,COL,Bogotá,110 MR BEAST BURGER,45 VERAGUAS,DiDi,7.0,361000.0,90.25
45966.0,7.Sunday,COL,Bogotá,110 MR BEAST BURGER,45 VERAGUAS,Rappi,6.0,333000.0,83.25
45966.0,7.Sunday,COL,Bogotá,113 QUE CHICKEN,02 PARQUE 93,Rappi,4.0,296800.0,74.2
45966.0,7.Sunday,COL,Bogotá,113 QUE CHICKEN,06 COLINA,Rappi,2.0,123400.0,30.85
45966.0,7.Sunday,COL,Bogotá,113 QUE CHICKEN,13 CHIA,Rappi,1.0,34900.0,8.73
45966.0,7.Sunday,COL,Bogotá,113 QUE CHICKEN,15 ENGATIVA,Rappi,1.0,166700.0,41.68
45966.0,7.Sunday,COL,Bogotá,114 MR BEAST TURBO,01 USAQUEN,Rappi,4.0,257000.0,64.25
45966.0,7.Sunday,COL,Bogotá,114 MR BEAST TURBO,03 CHAPINERO,Rappi,2.0,73800.0,18.45
45966.0,7.Sunday,COL,Bogotá,114 MR BEAST TURBO,08 ANDES,Rappi,7.0,312700.0,78.18
45966.0,7.Sunday,COL,Bogotá,114 MR BEAST TURBO,36 VILLA DEL PRADO,Rappi,12.0,662300.0,165.58
45966.0,7.Sunday,COL,Bogotá,114 MR BEAST TURBO,38 KENNEDY,Rappi,3.0,85300.0,21.33
45966.0,7.Sunday,COL,Bogotá,116 AVOCALIA DESAYUN,50 CHICO,Rappi,11.0,798300.0,199.58
45966.0,7.Sunday,COL,Bogotá,117 LA PANQUEQUERIA,01 USAQUEN,Rappi,24.0,2208700.0,552.18
45966.0,7.Sunday,COL,Bogotá,117 LA PANQUEQUERIA,02 PARQUE 93,Rappi,20.0,1475000.0,368.75
45966.0,7.Sunday,COL,Bogotá,117 LA PANQUEQUERIA,03 CHAPINERO,Rappi,13.0,969200.0,242.3
45966.0,7.Sunday,COL,Bogotá,117 LA PANQUEQUERIA,06 COLINA,Rappi,26.0,1462800.0,365.7
45966.0,7.Sunday,COL,Bogotá,117 LA PANQUEQUERIA,08 ANDES,Rappi,7.0,389100.0,97.28
45966.0,7.Sunday,COL,Bogotá,117 LA PANQUEQUERIA,15 ENGATIVA,Rappi,17.0,1004100.0,251.03
45966.0,7.Sunday,COL,Bogotá,117 LA PANQUEQUERIA,36 VILLA DEL PRADO,Rappi,16.0,1069000.0,267.25
45966.0,7.Sunday,COL,Bogotá,117 LA PANQUEQUERIA,38 KENNEDY,Rappi,17.0,1058100.0,264.53
45966.0,7.Sunday,COL,Bogotá,117 LA PANQUEQUERIA,45 VERAGUAS,Rappi,7.0,376400.0,94.1
45966.0,7.Sunday,COL,Bogotá,13 THE CRUNCH,01 USAQUEN,DiDi,1.0,65900.0,16.48
45966.0,7.Sunday,COL,Bogotá,13 THE CRUNCH,01 USAQUEN,Rappi,2.0,117900.0,29.48
45966.0,7.Sunday,COL,Bogotá,13 THE CRUNCH,02 PARQUE 93,Rappi,1.0,70500.0,17.63
45966.0,7.Sunday,COL,Bogotá,13 THE CRUNCH,08 ANDES,DiDi,1.0,44000.0,11.0
45966.0,7.Sunday,COL,Bogotá,13 THE CRUNCH,08 ANDES,Rappi,1.0,26500.0,6.63
45966.0,7.Sunday,COL,Bogotá,13 THE CRUNCH,13 CHIA,DiDi,1.0,17500.0,4.38
45966.0,7.Sunday,COL,Bogotá,13 THE CRUNCH,15 ENGATIVA,Rappi,1.0,58400.0,14.6
45966.0,7.Sunday,COL,Bogotá,13 THE CRUNCH,36 VILLA DEL PRADO,DiDi,1.0,23400.0,5.85
45966.0,7.Sunday,COL,Bogotá,14 BURGER LANE,03 CHAPINERO,Rappi,1.0,45300.0,11.33
45966.0,7.Sunday,COL,Bogotá,205 FROST,01 USAQUEN,Rappi,3.0,92700.0,23.18
45966.0,7.Sunday,COL,Bogotá,205 FROST,02 PARQUE 93,Rappi,3.0,76100.0,19.03
45966.0,7.Sunday,COL,Bogotá,205 FROST,03 CHAPINERO,DiDi,1.0,12900.0,3.23
45966.0,7.Sunday,COL,Bogotá,205 FROST,03 CHAPINERO,Rappi,4.0,84000.0,21.0
45966.0,7.Sunday,COL,Bogotá,205 FROST,06 COLINA,Rappi,3.0,132400.0,33.1
45966.0,7.Sunday,COL,Bogotá,205 FROST,08 ANDES,Rappi,1.0,12900.0,3.23
45966.0,7.Sunday,COL,Bogotá,205 FROST,13 CHIA,DiDi,2.0,42400.0,10.6
45966.0,7.Sunday,COL,Bogotá,205 FROST,13 CHIA,Rappi,3.0,119800.0,29.95
45966.0,7.Sunday,COL,Bogotá,205 FROST,15 ENGATIVA,Rappi,2.0,191800.0,47.95
45966.0,7.Sunday,COL,Bogotá,205 FROST,36 VILLA DEL PRADO,DiDi,1.0,12900.0,3.23
45966.0,7.Sunday,COL,Bogotá,205 FROST,36 VILLA DEL PRADO,Rappi,3.0,117200.0,29.3
45966.0,7.Sunday,COL,Bogotá,205 FROST,38 KENNEDY,Rappi,4.0,108800.0,27.2
45966.0,7.Sunday,COL,Bogotá,26 ALMUERZO DE LA CA,02 PARQUE 93,Rappi,1.0,53500.0,13.38
45966.0,7.Sunday,COL,Bogotá,26 ALMUERZO DE LA CA,03 CHAPINERO,Rappi,1.0,21500.0,5.38
45966.0,7.Sunday,COL,Bogotá,26 ALMUERZO DE LA CA,36 VILLA DEL PRADO,DiDi,1.0,15900.0,3.98
45966.0,7.Sunday,COL,Bogotá,27 DESAYUNO MI TIERR,01 USAQUEN,DiDi,2.0,81900.0,20.48
45966.0,7.Sunday,COL,Bogotá,27 DESAYUNO MI TIERR,02 PARQUE 93,DiDi,4.0,135800.0,33.95
45966.0,7.Sunday,COL,Bogotá,27 DESAYUNO MI TIERR,02 PARQUE 93,Rappi,1.0,42500.0,10.63
45966.0,7.Sunday,COL,Bogotá,27 DESAYUNO MI TIERR,03 CHAPINERO,DiDi,3.0,92500.0,23.13
45966.0,7.Sunday,COL,Bogotá,27 DESAYUNO MI TIERR,06 COLINA,DiDi,1.0,74500.0,18.63
45966.0,7.Sunday,COL,Bogotá,27 DESAYUNO MI TIERR,06 COLINA,Rappi,5.0,431300.0,107.83
45966.0,7.Sunday,COL,Bogotá,27 DESAYUNO MI TIERR,08 ANDES,DiDi,1.0,12900.0,3.23
45966.0,7.Sunday,COL,Bogotá,27 DESAYUNO MI TIERR,13 CHIA,DiDi,3.0,121400.0,30.35
45966.0,7.Sunday,COL,Bogotá,27 DESAYUNO MI TIERR,13 CHIA,Rappi,3.0,206500.0,51.63
45966.0,7.Sunday,COL,Bogotá,27 DESAYUNO MI TIERR,15 ENGATIVA,Rappi,2.0,291400.0,72.85
45966.0,7.Sunday,COL,Bogotá,27 DESAYUNO MI TIERR,36 VILLA DEL PRADO,DiDi,1.0,100700.0,25.18
45966.0,7.Sunday,COL,Bogotá,27 DESAYUNO MI TIERR,36 VILLA DEL PRADO,Rappi,3.0,261200.0,65.3
45966.0,7.Sunday,COL,Bogotá,27 DESAYUNO MI TIERR,38 KENNEDY,DiDi,3.0,65300.0,16.33
45966.0,7.Sunday,COL,Bogotá,27 DESAYUNO MI TIERR,38 KENNEDY,Rappi,2.0,141400.0,35.35
45966.0,7.Sunday,COL,Bogotá,27 DESAYUNO MI TIERR,45 VERAGUAS,DiDi,1.0,21500.0,5.38
45966.0,7.Sunday,COL,Bogotá,29 SEÑOR BURRITO,02 PARQUE 93,DiDi,1.0,63800.0,15.95
45966.0,7.Sunday,COL,Bogotá,29 SEÑOR BURRITO,03 CHAPINERO,Rappi,1.0,70900.0,17.73
45966.0,7.Sunday,COL,Bogotá,29 SEÑOR BURRITO,06 COLINA,DiDi,1.0,36700.0,9.18
45966.0,7.Sunday,COL,Bogotá,29 SEÑOR BURRITO,08 ANDES,DiDi,1.0,80800.0,20.2
45966.0,7.Sunday,COL,Bogotá,29 SEÑOR BURRITO,13 CHIA,DiDi,1.0,61900.0,15.48
45966.0,7.Sunday,COL,Bogotá,29 SEÑOR BURRITO,15 ENGATIVA,DiDi,1.0,61900.0,15.48
45966.0,7.Sunday,COL,Bogotá,29 SEÑOR BURRITO,38 KENNEDY,DiDi,1.0,61900.0,15.48
45966.0,7.Sunday,COL,Bogotá,29 SEÑOR BURRITO,45 VERAGUAS,DiDi,1.0,25400.0,6.35
45966.0,7.Sunday,COL,Bogotá,33 LA CUADRA DESAYUN,01 USAQUEN,Rappi,1.0,59800.0,14.95
45966.0,7.Sunday,COL,Bogotá,33 LA CUADRA DESAYUN,02 PARQUE 93,Rappi,1.0,63900.0,15.98
45966.0,7.Sunday,COL,Bogotá,33 LA CUADRA DESAYUN,06 COLINA,Rappi,3.0,205700.0,51.43
45966.0,7.Sunday,COL,Bogotá,33 LA CUADRA DESAYUN,13 CHIA,Rappi,1.0,174400.0,43.6
45966.0,7.Sunday,COL,Bogotá,33 LA CUADRA DESAYUN,38 KENNEDY,Rappi,4.0,224600.0,56.15
45966.0,7.Sunday,COL,Bogotá,35 BRUNCH CLUB,02 PARQUE 93,DiDi,5.0,173500.0,43.38
45966.0,7.Sunday,COL,Bogotá,35 BRUNCH CLUB,03 CHAPINERO,DiDi,4.0,183300.0,45.83
45966.0,7.Sunday,COL,Bogotá,35 BRUNCH CLUB,06 COLINA,DiDi,2.0,159100.0,39.78
45966.0,7.Sunday,COL,Bogotá,35 BRUNCH CLUB,13 CHIA,DiDi,2.0,47200.0,11.8
45966.0,7.Sunday,COL,Bogotá,35 BRUNCH CLUB,15 ENGATIVA,DiDi,8.0,349700.0,87.43
45966.0,7.Sunday,COL,Bogotá,35 BRUNCH CLUB,38 KENNEDY,DiDi,18.0,804500.0,201.13
45966.0,7.Sunday,COL,Bogotá,351 LA FOLIE,36 VILLA DEL PRADO,Rappi,30.0,1274500.0,318.63
45966.0,7.Sunday,COL,Bogotá,352 BURRITOS & CO TU,01 USAQUEN,Rappi,6.0,322000.0,80.5
45966.0,7.Sunday,COL,Bogotá,352 BURRITOS & CO TU,03 CHAPINERO,Rappi,5.0,127800.0,31.95
45966.0,7.Sunday,COL,Bogotá,352 BURRITOS & CO TU,06 COLINA,Rappi,4.0,124700.0,31.18
45966.0,7.Sunday,COL,Bogotá,352 BURRITOS & CO TU,08 ANDES,Rappi,9.0,301200.0,75.3
45966.0,7.Sunday,COL,Bogotá,352 BURRITOS & CO TU,36 VILLA DEL PRADO,Rappi,6.0,311100.0,77.78
45966.0,7.Sunday,COL,Bogotá,352 BURRITOS & CO TU,38 KENNEDY,Rappi,1.0,21500.0,5.38
45966.0,7.Sunday,COL,Bogotá,353 LA CUADRA TURBO,01 USAQUEN,Rappi,4.0,191900.0,47.98
45966.0,7.Sunday,COL,Bogotá,353 LA CUADRA TURBO,03 CHAPINERO,Rappi,5.0,183400.0,45.85
45966.0,7.Sunday,COL,Bogotá,353 LA CUADRA TURBO,06 COLINA,Rappi,2.0,77700.0,19.43
45966.0,7.Sunday,COL,Bogotá,353 LA CUADRA TURBO,08 ANDES,Rappi,11.0,638600.0,159.65
45966.0,7.Sunday,COL,Bogotá,353 LA CUADRA TURBO,36 VILLA DEL PRADO,Rappi,4.0,158200.0,39.55
45966.0,7.Sunday,COL,Bogotá,353 LA CUADRA TURBO,38 KENNEDY,Rappi,9.0,495900.0,123.98
45966.0,7.Sunday,COL,Bogotá,356 EL JEFE TURBO,01 USAQUEN,Rappi,4.0,139500.0,34.88
45966.0,7.Sunday,COL,Bogotá,356 EL JEFE TURBO,03 CHAPINERO,Rappi,3.0,155300.0,38.83
45966.0,7.Sunday,COL,Bogotá,356 EL JEFE TURBO,06 COLINA,Rappi,3.0,152000.0,38.0
45966.0,7.Sunday,COL,Bogotá,359 GREEN HOUSE,01 USAQUEN,DiDi,4.0,120900.0,30.23
45966.0,7.Sunday,COL,Bogotá,359 GREEN HOUSE,01 USAQUEN,Rappi,6.0,168900.0,42.23
45966.0,7.Sunday,COL,Bogotá,359 GREEN HOUSE,02 PARQUE 93,DiDi,6.0,282200.0,70.55
45966.0,7.Sunday,COL,Bogotá,359 GREEN HOUSE,02 PARQUE 93,Rappi,8.0,319900.0,79.98
45966.0,7.Sunday,COL,Bogotá,359 GREEN HOUSE,03 CHAPINERO,DiDi,5.0,194900.0,48.73
45966.0,7.Sunday,COL,Bogotá,359 GREEN HOUSE,03 CHAPINERO,Rappi,7.0,258000.0,64.5
45966.0,7.Sunday,COL,Bogotá,359 GREEN HOUSE,06 COLINA,DiDi,2.0,72200.0,18.05
45966.0,7.Sunday,COL,Bogotá,359 GREEN HOUSE,06 COLINA,Rappi,8.0,311400.0,77.85
45966.0,7.Sunday,COL,Bogotá,359 GREEN HOUSE,08 ANDES,DiDi,8.0,288100.0,72.03
45966.0,7.Sunday,COL,Bogotá,359 GREEN HOUSE,08 ANDES,Rappi,6.0,249100.0,62.28
45966.0,7.Sunday,COL,Bogotá,359 GREEN HOUSE,13 CHIA,DiDi,3.0,80600.0,20.15
45966.0,7.Sunday,COL,Bogotá,359 GREEN HOUSE,13 CHIA,Rappi,8.0,326500.0,81.63
45966.0,7.Sunday,COL,Bogotá,359 GREEN HOUSE,15 ENGATIVA,DiDi,4.0,133400.0,33.35
45966.0,7.Sunday,COL,Bogotá,359 GREEN HOUSE,15 ENGATIVA,Rappi,4.0,195200.0,48.8
45966.0,7.Sunday,COL,Bogotá,359 GREEN HOUSE,36 VILLA DEL PRADO,DiDi,4.0,117500.0,29.38
45966.0,7.Sunday,COL,Bogotá,359 GREEN HOUSE,36 VILLA DEL PRADO,Rappi,4.0,137800.0,34.45
45966.0,7.Sunday,COL,Bogotá,359 GREEN HOUSE,38 KENNEDY,DiDi,3.0,97600.0,24.4
45966.0,7.Sunday,COL,Bogotá,359 GREEN HOUSE,38 KENNEDY,Rappi,2.0,64800.0,16.2
45966.0,7.Sunday,COL,Bogotá,359 GREEN HOUSE,45 VERAGUAS,DiDi,1.0,19900.0,4.98
45966.0,7.Sunday,COL,Bogotá,359 GREEN HOUSE,45 VERAGUAS,Rappi,2.0,80100.0,20.03
45966.0,7.Sunday,COL,Bogotá,361 CINNABON PASETUR,61 CHICO CINNABON,Rappi,10.0,390400.0,97.6
45966.0,7.Sunday,COL,Bogotá,362 ÑAMGUCHERIA,01 USAQUEN,Rappi,16.0,766100.0,191.53
45966.0,7.Sunday,COL,Bogotá,362 ÑAMGUCHERIA,02 PARQUE 93,Rappi,25.0,1228200.0,307.05
45966.0,7.Sunday,COL,Bogotá,362 ÑAMGUCHERIA,03 CHAPINERO,Rappi,32.0,1761500.0,440.38
45966.0,7.Sunday,COL,Bogotá,362 ÑAMGUCHERIA,06 COLINA,Rappi,31.0,2180600.0,545.15
45966.0,7.Sunday,COL,Bogotá,362 ÑAMGUCHERIA,08 ANDES,Rappi,12.0,581900.0,145.48
45966.0,7.Sunday,COL,Bogotá,362 ÑAMGUCHERIA,13 CHIA,Rappi,9.0,472800.0,118.2
45966.0,7.Sunday,COL,Bogotá,362 ÑAMGUCHERIA,15 ENGATIVA,Rappi,11.0,710900.0,177.73
45966.0,7.Sunday,COL,Bogotá,362 ÑAMGUCHERIA,36 VILLA DEL PRADO,Rappi,7.0,454900.0,113.73
45966.0,7.Sunday,COL,Bogotá,362 ÑAMGUCHERIA,38 KENNEDY,Rappi,11.0,651300.0,162.83
45966.0,7.Sunday,COL,Bogotá,362 ÑAMGUCHERIA,45 VERAGUAS,Rappi,3.0,178900.0,44.73
45966.0,7.Sunday,COL,Bogotá,362 ÑAMGUCHERIA,50 CHICO,Rappi,2.0,138300.0,34.58
45966.0,7.Sunday,COL,Bogotá,363 GREEN HOUSE TURB,03 CHAPINERO,Rappi,15.0,462700.0,115.68
45966.0,7.Sunday,COL,Bogotá,363 GREEN HOUSE TURB,36 VILLA DEL PRADO,Rappi,3.0,154300.0,38.58
45966.0,7.Sunday,COL,Bogotá,363 GREEN HOUSE TURB,38 KENNEDY,Rappi,4.0,127900.0,31.98
45966.0,7.Sunday,COL,Bogotá,366 HOUSE OF SALADS,02 PARQUE 93,Rappi,3.0,156100.0,39.03
45966.0,7.Sunday,COL,Bogotá,366 HOUSE OF SALADS,06 COLINA,Rappi,2.0,189900.0,47.48
45966.0,7.Sunday,COL,Bogotá,366 HOUSE OF SALADS,13 CHIA,Rappi,3.0,310300.0,77.58
45966.0,7.Sunday,COL,Bogotá,366 HOUSE OF SALADS,15 ENGATIVA,Rappi,3.0,126500.0,31.63
45966.0,7.Sunday,COL,Bogotá,366 HOUSE OF SALADS,36 VILLA DEL PRADO,Rappi,1.0,36900.0,9.23
45966.0,7.Sunday,COL,Bogotá,366 HOUSE OF SALADS,38 KENNEDY,Rappi,1.0,90200.0,22.55
45966.0,7.Sunday,COL,Bogotá,366 HOUSE OF SALADS,45 VERAGUAS,Rappi,2.0,80600.0,20.15
45966.0,7.Sunday,COL,Bogotá,369 ÑAMGUCHERIA TURB,01 USAQUEN,Rappi,16.0,728400.0,182.1
45966.0,7.Sunday,COL,Bogotá,369 ÑAMGUCHERIA TURB,03 CHAPINERO,Rappi,18.0,698700.0,174.68
45966.0,7.Sunday,COL,Bogotá,369 ÑAMGUCHERIA TURB,06 COLINA,Rappi,1.0,88900.0,22.23
45966.0,7.Sunday,COL,Bogotá,369 ÑAMGUCHERIA TURB,36 VILLA DEL PRADO,Rappi,16.0,726000.0,181.5
45966.0,7.Sunday,COL,Bogotá,370 MONTEVERDE,01 USAQUEN,Rappi,1.0,47300.0,11.83
45966.0,7.Sunday,COL,Bogotá,370 MONTEVERDE,03 CHAPINERO,Rappi,4.0,124400.0,31.1
45966.0,7.Sunday,COL,Bogotá,370 MONTEVERDE,06 COLINA,Rappi,1.0,29500.0,7.38
45966.0,7.Sunday,COL,Bogotá,370 MONTEVERDE,08 ANDES,Rappi,4.0,201300.0,50.33
45966.0,7.Sunday,COL,Bogotá,370 MONTEVERDE,15 ENGATIVA,Rappi,4.0,222600.0,55.65
45966.0,7.Sunday,COL,Bogotá,370 MONTEVERDE,36 VILLA DEL PRADO,Rappi,2.0,99100.0,24.78
45966.0,7.Sunday,COL,Bogotá,370 MONTEVERDE,38 KENNEDY,Rappi,2.0,130500.0,32.63
45966.0,7.Sunday,COL,Bogotá,44 SELVATIKO,01 USAQUEN,Rappi,1.0,52300.0,13.08
45966.0,7.Sunday,COL,Bogotá,44 SELVATIKO,38 KENNEDY,DiDi,2.0,44400.0,11.1
45966.0,7.Sunday,COL,Bogotá,54 FOODOLOGY,01 USAQUEN,DiDi,1.0,30700.0,7.68
45966.0,7.Sunday,COL,Bogotá,54 FOODOLOGY,01 USAQUEN,Rappi,3.0,149300.0,37.33
45966.0,7.Sunday,COL,Bogotá,54 FOODOLOGY,02 PARQUE 93,Rappi,6.0,404000.0,101.0
45966.0,7.Sunday,COL,Bogotá,54 FOODOLOGY,03 CHAPINERO,Rappi,3.0,111900.0,27.98
45966.0,7.Sunday,COL,Bogotá,54 FOODOLOGY,06 COLINA,Rappi,3.0,278700.0,69.68
45966.0,7.Sunday,COL,Bogotá,54 FOODOLOGY,08 ANDES,DiDi,1.0,19800.0,4.95
45966.0,7.Sunday,COL,Bogotá,54 FOODOLOGY,08 ANDES,Rappi,2.0,75200.0,18.8
45966.0,7.Sunday,COL,Bogotá,54 FOODOLOGY,13 CHIA,Rappi,12.0,895600.0,223.9
45966.0,7.Sunday,COL,Bogotá,54 FOODOLOGY,15 ENGATIVA,Rappi,8.0,624400.0,156.1
45966.0,7.Sunday,COL,Bogotá,54 FOODOLOGY,36 VILLA DEL PRADO,DiDi,2.0,144400.0,36.1
45966.0,7.Sunday,COL,Bogotá,54 FOODOLOGY,36 VILLA DEL PRADO,Rappi,7.0,311300.0,77.83
45966.0,7.Sunday,COL,Bogotá,54 FOODOLOGY,38 KENNEDY,Rappi,6.0,294800.0,73.7
45966.0,7.Sunday,COL,Bogotá,57 PRET SANDWICH BIS,01 USAQUEN,Rappi,2.0,71900.0,17.98
45966.0,7.Sunday,COL,Bogotá,57 PRET SANDWICH BIS,02 PARQUE 93,Rappi,1.0,90800.0,22.7
45966.0,7.Sunday,COL,Bogotá,57 PRET SANDWICH BIS,03 CHAPINERO,Rappi,1.0,24400.0,6.1
45966.0,7.Sunday,COL,Bogotá,57 PRET SANDWICH BIS,13 CHIA,Rappi,1.0,40000.0,10.0
45966.0,7.Sunday,COL,Bogotá,57 PRET SANDWICH BIS,15 ENGATIVA,Rappi,1.0,42500.0,10.63
45966.0,7.Sunday,COL,Bogotá,57 PRET SANDWICH BIS,36 VILLA DEL PRADO,Rappi,1.0,19900.0,4.98
45966.0,7.Sunday,COL,Bogotá,58 ALBA VEGETARIAN,01 USAQUEN,DiDi,1.0,40000.0,10.0
45966.0,7.Sunday,COL,Bogotá,58 ALBA VEGETARIAN,02 PARQUE 93,DiDi,3.0,114600.0,28.65
45966.0,7.Sunday,COL,Bogotá,58 ALBA VEGETARIAN,03 CHAPINERO,Rappi,1.0,34000.0,8.5
45966.0,7.Sunday,COL,Bogotá,58 ALBA VEGETARIAN,06 COLINA,DiDi,1.0,21900.0,5.48
45966.0,7.Sunday,COL,Bogotá,58 ALBA VEGETARIAN,08 ANDES,Rappi,1.0,97500.0,24.38
45966.0,7.Sunday,COL,Bogotá,58 ALBA VEGETARIAN,13 CHIA,Rappi,3.0,134500.0,33.63
45966.0,7.Sunday,COL,Bogotá,58 ALBA VEGETARIAN,15 ENGATIVA,DiDi,3.0,119500.0,29.88
45966.0,7.Sunday,COL,Bogotá,58 ALBA VEGETARIAN,36 VILLA DEL PRADO,DiDi,2.0,118800.0,29.7
45966.0,7.Sunday,COL,Bogotá,58 ALBA VEGETARIAN,36 VILLA DEL PRADO,Rappi,1.0,39400.0,9.85
45966.0,7.Sunday,COL,Bogotá,58 ALBA VEGETARIAN,38 KENNEDY,DiDi,1.0,37500.0,9.38
45966.0,7.Sunday,COL,Bogotá,58 ALBA VEGETARIAN,38 KENNEDY,Rappi,3.0,137700.0,34.43
45966.0,7.Sunday,COL,Bogotá,58 ALBA VEGETARIAN,45 VERAGUAS,Rappi,1.0,67000.0,16.75
45966.0,7.Sunday,COL,Bogotá,59 DEMBOW,02 PARQUE 93,DiDi,4.0,72800.0,18.2
45966.0,7.Sunday,COL,Bogotá,59 DEMBOW,02 PARQUE 93,Rappi,3.0,119900.0,29.98
45966.0,7.Sunday,COL,Bogotá,59 DEMBOW,03 CHAPINERO,Rappi,1.0,89800.0,22.45
45966.0,7.Sunday,COL,Bogotá,59 DEMBOW,15 ENGATIVA,DiDi,1.0,31500.0,7.88
45966.0,7.Sunday,COL,Bogotá,59 DEMBOW,36 VILLA DEL PRADO,DiDi,1.0,79800.0,19.95
45966.0,7.Sunday,COL,Bogotá,59 DEMBOW,36 VILLA DEL PRADO,Rappi,1.0,99800.0,24.95
45966.0,7.Sunday,COL,Bogotá,59 DEMBOW,38 KENNEDY,DiDi,1.0,61900.0,15.48
45966.0,7.Sunday,COL,Bogotá,65 SAN JERONIMO HELA,01 USAQUEN,DiDi,1.0,11500.0,2.88
45966.0,7.Sunday,COL,Bogotá,65 SAN JERONIMO HELA,01 USAQUEN,Rappi,2.0,57500.0,14.38
45966.0,7.Sunday,COL,Bogotá,65 SAN JERONIMO HELA,02 PARQUE 93,DiDi,1.0,46000.0,11.5
45966.0,7.Sunday,COL,Bogotá,65 SAN JERONIMO HELA,02 PARQUE 93,Rappi,2.0,57500.0,14.38
45966.0,7.Sunday,COL,Bogotá,65 SAN JERONIMO HELA,03 CHAPINERO,Rappi,1.0,34500.0,8.63
45966.0,7.Sunday,COL,Bogotá,65 SAN JERONIMO HELA,06 COLINA,Rappi,6.0,356500.0,89.13
45966.0,7.Sunday,COL,Bogotá,65 SAN JERONIMO HELA,13 CHIA,DiDi,1.0,23000.0,5.75
45966.0,7.Sunday,COL,Bogotá,65 SAN JERONIMO HELA,13 CHIA,Rappi,3.0,126500.0,31.63
45966.0,7.Sunday,COL,Bogotá,65 SAN JERONIMO HELA,15 ENGATIVA,Rappi,3.0,207000.0,51.75
45966.0,7.Sunday,COL,Bogotá,65 SAN JERONIMO HELA,36 VILLA DEL PRADO,DiDi,1.0,23000.0,5.75
45966.0,7.Sunday,COL,Bogotá,65 SAN JERONIMO HELA,36 VILLA DEL PRADO,Rappi,3.0,149500.0,37.38
45966.0,7.Sunday,COL,Bogotá,65 SAN JERONIMO HELA,38 KENNEDY,Rappi,2.0,80500.0,20.13
45966.0,7.Sunday,COL,Bogotá,65 SAN JERONIMO HELA,45 VERAGUAS,Rappi,1.0,57500.0,14.38
45966.0,7.Sunday,COL,Bogotá,66 MAÑANERO DIARIO,01 USAQUEN,Rappi,3.0,150400.0,37.6
45966.0,7.Sunday,COL,Bogotá,66 MAÑANERO DIARIO,02 PARQUE 93,Rappi,2.0,85500.0,21.38
45966.0,7.Sunday,COL,Bogotá,66 MAÑANERO DIARIO,03 CHAPINERO,Rappi,1.0,48000.0,12.0
45966.0,7.Sunday,COL,Bogotá,66 MAÑANERO DIARIO,06 COLINA,Rappi,4.0,244100.0,61.03
45966.0,7.Sunday,COL,Bogotá,66 MAÑANERO DIARIO,08 ANDES,Rappi,2.0,178200.0,44.55
45966.0,7.Sunday,COL,Bogotá,66 MAÑANERO DIARIO,13 CHIA,Rappi,7.0,505200.0,126.3
45966.0,7.Sunday,COL,Bogotá,66 MAÑANERO DIARIO,15 ENGATIVA,Rappi,2.0,129200.0,32.3
45966.0,7.Sunday,COL,Bogotá,66 MAÑANERO DIARIO,36 VILLA DEL PRADO,Rappi,2.0,195700.0,48.93
45966.0,7.Sunday,COL,Bogotá,66 MAÑANERO DIARIO,38 KENNEDY,Rappi,2.0,146300.0,36.58
45966.0,7.Sunday,COL,Bogotá,66 MAÑANERO DIARIO,45 VERAGUAS,Rappi,3.0,155900.0,38.98
45966.0,7.Sunday,COL,Bogotá,70 BURRITO CANTINA,13 CHIA,Rappi,2.0,62400.0,15.6
45966.0,7.Sunday,COL,Bogotá,70 BURRITO CANTINA,15 ENGATIVA,Rappi,1.0,73700.0,18.43
45966.0,7.Sunday,COL,Bogotá,72 VICIO,02 PARQUE 93,Rappi,1.0,29500.0,7.38
45966.0,7.Sunday,COL,Bogotá,72 VICIO,06 COLINA,Rappi,3.0,123300.0,30.83
45966.0,7.Sunday,COL,Bogotá,72 VICIO,13 CHIA,Rappi,4.0,191200.0,47.8
45966.0,7.Sunday,COL,Bogotá,72 VICIO,15 ENGATIVA,Rappi,3.0,80000.0,20.0
45966.0,7.Sunday,COL,Bogotá,72 VICIO,36 VILLA DEL PRADO,Rappi,1.0,29500.0,7.38
45966.0,7.Sunday,COL,Bogotá,72 VICIO,38 KENNEDY,DiDi,1.0,57400.0,14.35
45966.0,7.Sunday,COL,Bogotá,73 ACPM CORRIENTAZO,02 PARQUE 93,Rappi,1.0,18900.0,4.73
45966.0,7.Sunday,COL,Bogotá,73 ACPM CORRIENTAZO,03 CHAPINERO,Rappi,3.0,94900.0,23.73
45966.0,7.Sunday,COL,Bogotá,73 ACPM CORRIENTAZO,06 COLINA,Rappi,1.0,18900.0,4.73
45966.0,7.Sunday,COL,Bogotá,73 ACPM CORRIENTAZO,38 KENNEDY,Rappi,1.0,25800.0,6.45
45966.0,7.Sunday,COL,Bogotá,82 CINNABON,01 USAQUEN,DiDi,3.0,52800.0,13.2
45966.0,7.Sunday,COL,Bogotá,82 CINNABON,01 USAQUEN,FoodologyPOS,2.0,147700.0,36.93
45966.0,7.Sunday,COL,Bogotá,82 CINNABON,01 USAQUEN,Justo,1.0,37900.0,9.48
45966.0,7.Sunday,COL,Bogotá,82 CINNABON,01 USAQUEN,Rappi,37.0,1502500.0,375.63
45966.0,7.Sunday,COL,Bogotá,82 CINNABON,03 CHAPINERO,DiDi,3.0,50900.0,12.73
45966.0,7.Sunday,COL,Bogotá,82 CINNABON,03 CHAPINERO,Rappi,34.0,1096700.0,274.18
45966.0,7.Sunday,COL,Bogotá,82 CINNABON,13 CHIA,DiDi,1.0,25400.0,6.35
45966.0,7.Sunday,COL,Bogotá,82 CINNABON,13 CHIA,Rappi,20.0,771700.0,192.93
45966.0,7.Sunday,COL,Bogotá,82 CINNABON,15 ENGATIVA,DiDi,8.0,208600.0,52.15
45966.0,7.Sunday,COL,Bogotá,82 CINNABON,15 ENGATIVA,Rappi,21.0,847500.0,211.88
45966.0,7.Sunday,COL,Bogotá,82 CINNABON,36 VILLA DEL PRADO,DiDi,13.0,416200.0,104.05
45966.0,7.Sunday,COL,Bogotá,82 CINNABON,36 VILLA DEL PRADO,Justo,2.0,155400.0,38.85
45966.0,7.Sunday,COL,Bogotá,82 CINNABON,36 VILLA DEL PRADO,Rappi,53.0,2155600.0,538.9
45966.0,7.Sunday,COL,Bogotá,82 CINNABON,45 VERAGUAS,DiDi,1.0,42800.0,10.7
45966.0,7.Sunday,COL,Bogotá,82 CINNABON,45 VERAGUAS,Justo,4.0,249500.0,62.38
45966.0,7.Sunday,COL,Bogotá,82 CINNABON,45 VERAGUAS,Rappi,16.0,716400.0,179.1
45966.0,7.Sunday,COL,Bogotá,83 SANDUCHES EL JEFE,01 USAQUEN,DiDi,1.0,44500.0,11.13
45966.0,7.Sunday,COL,Bogotá,83 SANDUCHES EL JEFE,01 USAQUEN,Rappi,1.0,50500.0,12.63
45966.0,7.Sunday,COL,Bogotá,83 SANDUCHES EL JEFE,02 PARQUE 93,DiDi,1.0,34000.0,8.5
45966.0,7.Sunday,COL,Bogotá,83 SANDUCHES EL JEFE,02 PARQUE 93,Rappi,1.0,38500.0,9.63
45966.0,7.Sunday,COL,Bogotá,83 SANDUCHES EL JEFE,08 ANDES,DiDi,1.0,97800.0,24.45
45966.0,7.Sunday,COL,Bogotá,83 SANDUCHES EL JEFE,13 CHIA,DiDi,4.0,197300.0,49.33
45966.0,7.Sunday,COL,Bogotá,83 SANDUCHES EL JEFE,13 CHIA,Rappi,1.0,31900.0,7.98
45966.0,7.Sunday,COL,Bogotá,83 SANDUCHES EL JEFE,36 VILLA DEL PRADO,Rappi,2.0,46500.0,11.63
45966.0,7.Sunday,COL,Bogotá,83 SANDUCHES EL JEFE,38 KENNEDY,DiDi,1.0,38700.0,9.68
45966.0,7.Sunday,COL,Bogotá,83 SANDUCHES EL JEFE,38 KENNEDY,Rappi,2.0,212100.0,53.03
45966.0,7.Sunday,COL,Bogotá,83 SANDUCHES EL JEFE,45 VERAGUAS,DiDi,1.0,47000.0,11.75
45966.0,7.Sunday,COL,Bogotá,84 CINNABON PASE,39 SALVIO,FoodologyPOS,62.0,1537400.0,384.35
45966.0,7.Sunday,COL,Bogotá,84 CINNABON PASE,39 SALVIO,Rappi,15.0,478500.0,119.63
45966.0,7.Sunday,COL,Bogotá,84 CINNABON PASE,55 TITAN,FoodologyPOS,89.0,2186300.0,546.58
45966.0,7.Sunday,COL,Bogotá,84 CINNABON PASE,55 TITAN,Rappi,13.0,470600.0,117.65
45966.0,7.Sunday,COL,Bogotá,84 CINNABON PASE,56 SANTAFE BOG,FoodologyPOS,100.0,2511900.0,627.98
45966.0,7.Sunday,COL,Bogotá,84 CINNABON PASE,56 SANTAFE BOG,Rappi,6.0,131400.0,32.85
45966.0,7.Sunday,COL,Bogotá,84 CINNABON PASE,59 NUESTRO BOGOTA,FoodologyPOS,22.0,422800.0,105.7
45966.0,7.Sunday,COL,Bogotá,84 CINNABON PASE,59 NUESTRO BOGOTA,Rappi,17.0,822900.0,205.73
45966.0,7.Sunday,COL,Bogotá,84 CINNABON PASE,61 CHICO CINNABON,FoodologyPOS,11.0,266100.0,66.53
45966.0,7.Sunday,COL,Bogotá,84 CINNABON PASE,61 CHICO CINNABON,Rappi,7.0,416000.0,104.0
45966.0,7.Sunday,COL,Bogotá,84 CINNABON PASE,62 FONTANAR,FoodologyPOS,66.0,1401200.0,350.3
45966.0,7.Sunday,COL,Bogotá,84 CINNABON PASE,62 FONTANAR,Rappi,5.0,165800.0,41.45
45966.0,7.Sunday,COL,Bogotá,86 FROST TURBO,01 USAQUEN,Rappi,3.0,84200.0,21.05
45966.0,7.Sunday,COL,Bogotá,86 FROST TURBO,03 CHAPINERO,Rappi,2.0,49200.0,12.3
45966.0,7.Sunday,COL,Bogotá,86 FROST TURBO,06 COLINA,Rappi,2.0,49000.0,12.25
45966.0,7.Sunday,COL,Bogotá,86 FROST TURBO,08 ANDES,Rappi,1.0,45500.0,11.38
45966.0,7.Sunday,COL,Bogotá,88 CINNABON TURBO,01 USAQUEN,Rappi,17.0,499100.0,124.78
45966.0,7.Sunday,COL,Bogotá,88 CINNABON TURBO,03 CHAPINERO,Rappi,10.0,307300.0,76.83
45966.0,7.Sunday,COL,Bogotá,88 CINNABON TURBO,36 VILLA DEL PRADO,Rappi,11.0,409200.0,102.3
45966.0,7.Sunday,COL,Bogotá,90 AVOCALIA TURBO,01 USAQUEN,Rappi,5.0,203500.0,50.88
45966.0,7.Sunday,COL,Bogotá,90 AVOCALIA TURBO,03 CHAPINERO,Rappi,5.0,226400.0,56.6
45966.0,7.Sunday,COL,Bogotá,90 AVOCALIA TURBO,06 COLINA,Rappi,5.0,262400.0,65.6
45966.0,7.Sunday,COL,Bogotá,90 AVOCALIA TURBO,36 VILLA DEL PRADO,Rappi,2.0,84500.0,21.13
45966.0,7.Sunday,COL,Bogotá,90 AVOCALIA TURBO,38 KENNEDY,Rappi,2.0,105900.0,26.48
45966.0,7.Sunday,COL,Bogotá,90 AVOCALIA TURBO,50 CHICO,Rappi,12.0,601700.0,150.43
45966.0,7.Sunday,COL,Bogotá,92 BRUNCH&MUNCH TURB,01 USAQUEN,Rappi,12.0,1292900.0,323.23
45966.0,7.Sunday,COL,Bogotá,92 BRUNCH&MUNCH TURB,03 CHAPINERO,Rappi,8.0,436400.0,109.1
45966.0,7.Sunday,COL,Bogotá,92 BRUNCH&MUNCH TURB,36 VILLA DEL PRADO,Rappi,1.0,44900.0,11.23
45966.0,7.Sunday,COL,Bogotá,92 BRUNCH&MUNCH TURB,50 CHICO,Rappi,15.0,1515600.0,378.9
45966.0,7.Sunday,COL,Bogotá,93 SAN JERONIMO TURB,01 USAQUEN,Rappi,3.0,80500.0,20.13
45966.0,7.Sunday,COL,Bogotá,93 SAN JERONIMO TURB,03 CHAPINERO,Rappi,4.0,184000.0,46.0
45966.0,7.Sunday,COL,Bogotá,93 SAN JERONIMO TURB,06 COLINA,Rappi,3.0,103500.0,25.88
45966.0,7.Sunday,COL,Bogotá,93 SAN JERONIMO TURB,08 ANDES,Rappi,3.0,80500.0,20.13
45966.0,7.Sunday,COL,Bogotá,93 SAN JERONIMO TURB,36 VILLA DEL PRADO,Rappi,1.0,46000.0,11.5
45966.0,7.Sunday,COL,Bogotá,93 SAN JERONIMO TURB,38 KENNEDY,Rappi,3.0,115000.0,28.75
45966.0,7.Sunday,COL,Bucaramanga,01 AVOCALIA,42 CABECERA,Rappi,24.0,1074300.0,268.58
45966.0,7.Sunday,COL,Bucaramanga,02 BOTTANIKO,42 CABECERA,DiDi,1.0,12900.0,3.23
45966.0,7.Sunday,COL,Bucaramanga,02 BOTTANIKO,42 CABECERA,Rappi,1.0,51800.0,12.95
45966.0,7.Sunday,COL,Bucaramanga,03 BRUNCH & MUNCH,42 CABECERA,DiDi,7.0,444800.0,111.2
45966.0,7.Sunday,COL,Bucaramanga,03 BRUNCH & MUNCH,42 CABECERA,FoodologyPOS,1.0,99900.0,24.98
45966.0,7.Sunday,COL,Bucaramanga,03 BRUNCH & MUNCH,42 CABECERA,Rappi,66.0,5215800.0,1303.95
45966.0,7.Sunday,COL,Bucaramanga,04 BURRITOS & CO,42 CABECERA,DiDi,23.0,609300.0,152.33
45966.0,7.Sunday,COL,Bucaramanga,04 BURRITOS & CO,42 CABECERA,Rappi,17.0,580100.0,145.03
45966.0,7.Sunday,COL,Bucaramanga,05 CACEROLA,42 CABECERA,DiDi,3.0,198900.0,49.73
45966.0,7.Sunday,COL,Bucaramanga,05 CACEROLA,42 CABECERA,Rappi,7.0,441500.0,110.38
45966.0,7.Sunday,COL,Bucaramanga,07 LA CUADRA,42 CABECERA,DiDi,33.0,1863400.0,465.85
45966.0,7.Sunday,COL,Bucaramanga,07 LA CUADRA,42 CABECERA,Rappi,21.0,1156500.0,289.13
45966.0,7.Sunday,COL,Bucaramanga,110 MR BEAST BURGER,42 CABECERA,DiDi,29.0,1185300.0,296.33
45966.0,7.Sunday,COL,Bucaramanga,110 MR BEAST BURGER,42 CABECERA,Rappi,7.0,241900.0,60.48
45966.0,7.Sunday,COL,Bucaramanga,113 QUE CHICKEN,42 CABECERA,Rappi,1.0,77600.0,19.4
45966.0,7.Sunday,COL,Bucaramanga,117 LA PANQUEQUERIA,42 CABECERA,Rappi,29.0,1753500.0,438.38
45966.0,7.Sunday,COL,Bucaramanga,13 THE CRUNCH,42 CABECERA,DiDi,3.0,70500.0,17.63
45966.0,7.Sunday,COL,Bucaramanga,13 THE CRUNCH,42 CABECERA,Rappi,1.0,33000.0,8.25
45966.0,7.Sunday,COL,Bucaramanga,205 FROST,42 CABECERA,DiDi,2.0,49000.0,12.25
45966.0,7.Sunday,COL,Bucaramanga,26 ALMUERZO DE LA CA,42 CABECERA,Rappi,2.0,41000.0,10.25
45966.0,7.Sunday,COL,Bucaramanga,27 DESAYUNO MI TIERR,42 CABECERA,DiDi,1.0,33900.0,8.48
45966.0,7.Sunday,COL,Bucaramanga,27 DESAYUNO MI TIERR,42 CABECERA,Rappi,3.0,158900.0,39.73
45966.0,7.Sunday,COL,Bucaramanga,29 SEÑOR BURRITO,42 CABECERA,DiDi,2.0,98700.0,24.68
45966.0,7.Sunday,COL,Bucaramanga,29 SEÑOR BURRITO,42 CABECERA,Rappi,2.0,61900.0,15.48
45966.0,7.Sunday,COL,Bucaramanga,33 LA CUADRA DESAYUN,42 CABECERA,Rappi,3.0,247700.0,61.93
45966.0,7.Sunday,COL,Bucaramanga,35 BRUNCH CLUB,42 CABECERA,DiDi,2.0,93200.0,23.3
45966.0,7.Sunday,COL,Bucaramanga,352 BURRITOS & CO TU,42 CABECERA,Rappi,3.0,70000.0,17.5
45966.0,7.Sunday,COL,Bucaramanga,353 LA CUADRA TURBO,42 CABECERA,Rappi,8.0,383300.0,95.83
45966.0,7.Sunday,COL,Bucaramanga,356 EL JEFE TURBO,42 CABECERA,Rappi,2.0,80800.0,20.2
45966.0,7.Sunday,COL,Bucaramanga,359 GREEN HOUSE,42 CABECERA,DiDi,7.0,324100.0,81.03
45966.0,7.Sunday,COL,Bucaramanga,359 GREEN HOUSE,42 CABECERA,Rappi,6.0,229600.0,57.4
45966.0,7.Sunday,COL,Bucaramanga,362 ÑAMGUCHERIA,42 CABECERA,Rappi,11.0,557300.0,139.33
45966.0,7.Sunday,COL,Bucaramanga,363 GREEN HOUSE TURB,42 CABECERA,Rappi,3.0,86200.0,21.55
45966.0,7.Sunday,COL,Bucaramanga,369 ÑAMGUCHERIA TURB,42 CABECERA,Rappi,4.0,146700.0,36.68
45966.0,7.Sunday,COL,Bucaramanga,370 MONTEVERDE,42 CABECERA,Rappi,1.0,37800.0,9.45
45966.0,7.Sunday,COL,Bucaramanga,54 FOODOLOGY,42 CABECERA,Rappi,10.0,542100.0,135.53
45966.0,7.Sunday,COL,Bucaramanga,58 ALBA VEGETARIAN,42 CABECERA,DiDi,1.0,30500.0,7.63
45966.0,7.Sunday,COL,Bucaramanga,58 ALBA VEGETARIAN,42 CABECERA,Rappi,1.0,30800.0,7.7
45966.0,7.Sunday,COL,Bucaramanga,65 SAN JERONIMO HELA,42 CABECERA,Rappi,2.0,103500.0,25.88
45966.0,7.Sunday,COL,Bucaramanga,66 MAÑANERO DIARIO,42 CABECERA,Rappi,4.0,191900.0,47.98
45966.0,7.Sunday,COL,Bucaramanga,70 BURRITO CANTINA,42 CABECERA,Rappi,1.0,27900.0,6.98
45966.0,7.Sunday,COL,Bucaramanga,72 VICIO,42 CABECERA,Rappi,1.0,46900.0,11.73
45966.0,7.Sunday,COL,Bucaramanga,73 ACPM CORRIENTAZO,42 CABECERA,Rappi,2.0,105400.0,26.35
45966.0,7.Sunday,COL,Bucaramanga,82 CINNABON,42 CABECERA,DiDi,7.0,144200.0,36.05
45966.0,7.Sunday,COL,Bucaramanga,82 CINNABON,42 CABECERA,Rappi,39.0,1768000.0,442.0
45966.0,7.Sunday,COL,Bucaramanga,83 SANDUCHES EL JEFE,42 CABECERA,DiDi,1.0,32400.0,8.1
45966.0,7.Sunday,COL,Bucaramanga,83 SANDUCHES EL JEFE,42 CABECERA,Rappi,5.0,200300.0,50.08
45966.0,7.Sunday,COL,Bucaramanga,86 FROST TURBO,42 CABECERA,Rappi,1.0,12900.0,3.23
45966.0,7.Sunday,COL,Bucaramanga,88 CINNABON TURBO,42 CABECERA,Rappi,5.0,230500.0,57.63
45966.0,7.Sunday,COL,Bucaramanga,90 AVOCALIA TURBO,42 CABECERA,Rappi,4.0,217500.0,54.38
45966.0,7.Sunday,COL,Bucaramanga,92 BRUNCH&MUNCH TURB,42 CABECERA,Rappi,9.0,815700.0,203.93
45966.0,7.Sunday,COL,Bucaramanga,93 SAN JERONIMO TURB,42 CABECERA,Rappi,2.0,126500.0,31.63
45966.0,7.Sunday,COL,Cali,01 AVOCALIA,22 SANTA MONICA,Rappi,18.0,976800.0,244.2
45966.0,7.Sunday,COL,Cali,01 AVOCALIA,24 SAN FERNANDO,Rappi,13.0,900500.0,225.13
45966.0,7.Sunday,COL,Cali,01 AVOCALIA,46 INGENIO,DiDi,1.0,37500.0,9.38
45966.0,7.Sunday,COL,Cali,01 AVOCALIA,46 INGENIO,Rappi,11.0,453200.0,113.3
45966.0,7.Sunday,COL,Cali,03 BRUNCH & MUNCH,22 SANTA MONICA,DiDi,7.0,287500.0,71.88
45966.0,7.Sunday,COL,Cali,03 BRUNCH & MUNCH,22 SANTA MONICA,FoodologyPOS,1.0,53400.0,13.35
45966.0,7.Sunday,COL,Cali,03 BRUNCH & MUNCH,22 SANTA MONICA,Rappi,50.0,4179600.0,1044.9
45966.0,7.Sunday,COL,Cali,03 BRUNCH & MUNCH,24 SAN FERNANDO,DiDi,2.0,87300.0,21.83
45966.0,7.Sunday,COL,Cali,03 BRUNCH & MUNCH,24 SAN FERNANDO,FoodologyPOS,2.0,159800.0,39.95
45966.0,7.Sunday,COL,Cali,03 BRUNCH & MUNCH,24 SAN FERNANDO,Justo,1.0,276500.0,69.13
45966.0,7.Sunday,COL,Cali,03 BRUNCH & MUNCH,24 SAN FERNANDO,Rappi,44.0,3663200.0,915.8
45966.0,7.Sunday,COL,Cali,03 BRUNCH & MUNCH,46 INGENIO,DiDi,7.0,608500.0,152.13
45966.0,7.Sunday,COL,Cali,03 BRUNCH & MUNCH,46 INGENIO,FoodologyPOS,2.0,166600.0,41.65
45966.0,7.Sunday,COL,Cali,03 BRUNCH & MUNCH,46 INGENIO,Rappi,76.0,5900100.0,1475.03
45966.0,7.Sunday,COL,Cali,04 BURRITOS & CO,22 SANTA MONICA,Rappi,15.0,730100.0,182.53
45966.0,7.Sunday,COL,Cali,04 BURRITOS & CO,24 SAN FERNANDO,DiDi,4.0,122900.0,30.73
45966.0,7.Sunday,COL,Cali,04 BURRITOS & CO,24 SAN FERNANDO,Rappi,7.0,345000.0,86.25
45966.0,7.Sunday,COL,Cali,04 BURRITOS & CO,46 INGENIO,DiDi,2.0,81700.0,20.43
45966.0,7.Sunday,COL,Cali,04 BURRITOS & CO,46 INGENIO,Rappi,12.0,305000.0,76.25
45966.0,7.Sunday,COL,Cali,05 CACEROLA,22 SANTA MONICA,DiDi,1.0,57700.0,14.43
45966.0,7.Sunday,COL,Cali,05 CACEROLA,22 SANTA MONICA,Rappi,2.0,89700.0,22.43
45966.0,7.Sunday,COL,Cali,05 CACEROLA,24 SAN FERNANDO,DiDi,1.0,38700.0,9.68
45966.0,7.Sunday,COL,Cali,05 CACEROLA,24 SAN FERNANDO,Rappi,4.0,352600.0,88.15
45966.0,7.Sunday,COL,Cali,05 CACEROLA,46 INGENIO,Rappi,2.0,172800.0,43.2
45966.0,7.Sunday,COL,Cali,07 LA CUADRA,22 SANTA MONICA,DiDi,3.0,126300.0,31.58
45966.0,7.Sunday,COL,Cali,07 LA CUADRA,22 SANTA MONICA,Rappi,8.0,380900.0,95.23
45966.0,7.Sunday,COL,Cali,07 LA CUADRA,24 SAN FERNANDO,DiDi,5.0,245500.0,61.38
45966.0,7.Sunday,COL,Cali,07 LA CUADRA,24 SAN FERNANDO,Rappi,21.0,1094600.0,273.65
45966.0,7.Sunday,COL,Cali,07 LA CUADRA,46 INGENIO,DiDi,17.0,952700.0,238.18
45966.0,7.Sunday,COL,Cali,07 LA CUADRA,46 INGENIO,Rappi,30.0,1827800.0,456.95
45966.0,7.Sunday,COL,Cali,110 MR BEAST BURGER,22 SANTA MONICA,DiDi,8.0,287200.0,71.8
45966.0,7.Sunday,COL,Cali,110 MR BEAST BURGER,22 SANTA MONICA,Rappi,6.0,395800.0,98.95
45966.0,7.Sunday,COL,Cali,110 MR BEAST BURGER,24 SAN FERNANDO,DiDi,20.0,1003000.0,250.75
45966.0,7.Sunday,COL,Cali,110 MR BEAST BURGER,24 SAN FERNANDO,Rappi,5.0,236300.0,59.08
45966.0,7.Sunday,COL,Cali,110 MR BEAST BURGER,46 INGENIO,DiDi,20.0,910300.0,227.58
45966.0,7.Sunday,COL,Cali,110 MR BEAST BURGER,46 INGENIO,Rappi,6.0,285100.0,71.28
45966.0,7.Sunday,COL,Cali,113 QUE CHICKEN,46 INGENIO,Rappi,1.0,44400.0,11.1
45966.0,7.Sunday,COL,Cali,114 MR BEAST TURBO,22 SANTA MONICA,Rappi,5.0,254900.0,63.73
45966.0,7.Sunday,COL,Cali,114 MR BEAST TURBO,24 SAN FERNANDO,Rappi,6.0,211400.0,52.85
45966.0,7.Sunday,COL,Cali,117 LA PANQUEQUERIA,22 SANTA MONICA,Rappi,11.0,738800.0,184.7
45966.0,7.Sunday,COL,Cali,117 LA PANQUEQUERIA,24 SAN FERNANDO,Rappi,11.0,789000.0,197.25
45966.0,7.Sunday,COL,Cali,117 LA PANQUEQUERIA,46 INGENIO,Rappi,19.0,1384200.0,346.05
45966.0,7.Sunday,COL,Cali,13 THE CRUNCH,22 SANTA MONICA,Rappi,1.0,20800.0,5.2
45966.0,7.Sunday,COL,Cali,14 BURGER LANE,22 SANTA MONICA,Rappi,1.0,61500.0,15.38
45966.0,7.Sunday,COL,Cali,205 FROST,22 SANTA MONICA,Rappi,2.0,36300.0,9.08
45966.0,7.Sunday,COL,Cali,205 FROST,24 SAN FERNANDO,Rappi,1.0,29500.0,7.38
45966.0,7.Sunday,COL,Cali,205 FROST,46 INGENIO,DiDi,2.0,54000.0,13.5
45966.0,7.Sunday,COL,Cali,26 ALMUERZO DE LA CA,22 SANTA MONICA,DiDi,2.0,120300.0,30.08
45966.0,7.Sunday,COL,Cali,26 ALMUERZO DE LA CA,46 INGENIO,DiDi,2.0,53900.0,13.48
45966.0,7.Sunday,COL,Cali,26 ALMUERZO DE LA CA,46 INGENIO,Rappi,1.0,104700.0,26.18
45966.0,7.Sunday,COL,Cali,27 DESAYUNO MI TIERR,22 SANTA MONICA,DiDi,1.0,64900.0,16.23
45966.0,7.Sunday,COL,Cali,27 DESAYUNO MI TIERR,22 SANTA MONICA,Rappi,5.0,204200.0,51.05
45966.0,7.Sunday,COL,Cali,27 DESAYUNO MI TIERR,24 SAN FERNANDO,DiDi,1.0,17900.0,4.48
45966.0,7.Sunday,COL,Cali,27 DESAYUNO MI TIERR,24 SAN FERNANDO,Rappi,2.0,219100.0,54.78
45966.0,7.Sunday,COL,Cali,27 DESAYUNO MI TIERR,46 INGENIO,DiDi,1.0,35000.0,8.75
45966.0,7.Sunday,COL,Cali,27 DESAYUNO MI TIERR,46 INGENIO,Rappi,1.0,68000.0,17.0
45966.0,7.Sunday,COL,Cali,29 SEÑOR BURRITO,22 SANTA MONICA,DiDi,2.0,87300.0,21.83
45966.0,7.Sunday,COL,Cali,29 SEÑOR BURRITO,24 SAN FERNANDO,DiDi,1.0,26800.0,6.7
45966.0,7.Sunday,COL,Cali,29 SEÑOR BURRITO,24 SAN FERNANDO,Rappi,2.0,151900.0,37.98
45966.0,7.Sunday,COL,Cali,29 SEÑOR BURRITO,46 INGENIO,DiDi,1.0,64400.0,16.1
45966.0,7.Sunday,COL,Cali,33 LA CUADRA DESAYUN,22 SANTA MONICA,Rappi,4.0,159900.0,39.98
45966.0,7.Sunday,COL,Cali,33 LA CUADRA DESAYUN,24 SAN FERNANDO,Rappi,3.0,167700.0,41.93
45966.0,7.Sunday,COL,Cali,33 LA CUADRA DESAYUN,46 INGENIO,Rappi,4.0,232700.0,58.18
45966.0,7.Sunday,COL,Cali,35 BRUNCH CLUB,22 SANTA MONICA,DiDi,4.0,213300.0,53.33
45966.0,7.Sunday,COL,Cali,35 BRUNCH CLUB,24 SAN FERNANDO,DiDi,4.0,169900.0,42.48
45966.0,7.Sunday,COL,Cali,35 BRUNCH CLUB,46 INGENIO,DiDi,3.0,134500.0,33.63
45966.0,7.Sunday,COL,Cali,352 BURRITOS & CO TU,22 SANTA MONICA,Rappi,8.0,261800.0,65.45
45966.0,7.Sunday,COL,Cali,352 BURRITOS & CO TU,24 SAN FERNANDO,Rappi,8.0,286900.0,71.73
45966.0,7.Sunday,COL,Cali,353 LA CUADRA TURBO,22 SANTA MONICA,Rappi,7.0,327900.0,81.98
45966.0,7.Sunday,COL,Cali,353 LA CUADRA TURBO,24 SAN FERNANDO,Rappi,9.0,389600.0,97.4
45966.0,7.Sunday,COL,Cali,356 EL JEFE TURBO,22 SANTA MONICA,Rappi,2.0,61800.0,15.45
45966.0,7.Sunday,COL,Cali,356 EL JEFE TURBO,24 SAN FERNANDO,Rappi,1.0,31900.0,7.98
45966.0,7.Sunday,COL,Cali,359 GREEN HOUSE,22 SANTA MONICA,DiDi,5.0,103100.0,25.78
45966.0,7.Sunday,COL,Cali,359 GREEN HOUSE,22 SANTA MONICA,Rappi,4.0,106800.0,26.7
45966.0,7.Sunday,COL,Cali,359 GREEN HOUSE,24 SAN FERNANDO,Rappi,1.0,39900.0,9.98
45966.0,7.Sunday,COL,Cali,359 GREEN HOUSE,46 INGENIO,DiDi,9.0,341100.0,85.28
45966.0,7.Sunday,COL,Cali,359 GREEN HOUSE,46 INGENIO,Rappi,7.0,350900.0,87.73
45966.0,7.Sunday,COL,Cali,362 ÑAMGUCHERIA,22 SANTA MONICA,Rappi,8.0,388800.0,97.2
45966.0,7.Sunday,COL,Cali,362 ÑAMGUCHERIA,24 SAN FERNANDO,Rappi,5.0,234200.0,58.55
45966.0,7.Sunday,COL,Cali,362 ÑAMGUCHERIA,46 INGENIO,Rappi,5.0,261200.0,65.3
45966.0,7.Sunday,COL,Cali,363 GREEN HOUSE TURB,22 SANTA MONICA,Rappi,3.0,86600.0,21.65
45966.0,7.Sunday,COL,Cali,363 GREEN HOUSE TURB,24 SAN FERNANDO,Rappi,5.0,178300.0,44.58
45966.0,7.Sunday,COL,Cali,366 HOUSE OF SALADS,24 SAN FERNANDO,Rappi,1.0,94200.0,23.55
45966.0,7.Sunday,COL,Cali,369 ÑAMGUCHERIA TURB,22 SANTA MONICA,Rappi,6.0,336200.0,84.05
45966.0,7.Sunday,COL,Cali,369 ÑAMGUCHERIA TURB,24 SAN FERNANDO,Rappi,4.0,180900.0,45.23
45966.0,7.Sunday,COL,Cali,370 MONTEVERDE,22 SANTA MONICA,Rappi,1.0,39900.0,9.98
45966.0,7.Sunday,COL,Cali,370 MONTEVERDE,24 SAN FERNANDO,Rappi,3.0,101500.0,25.38
45966.0,7.Sunday,COL,Cali,370 MONTEVERDE,46 INGENIO,Rappi,1.0,34400.0,8.6
45966.0,7.Sunday,COL,Cali,44 SELVATIKO,24 SAN FERNANDO,DiDi,1.0,10500.0,2.63
45966.0,7.Sunday,COL,Cali,54 FOODOLOGY,22 SANTA MONICA,DiDi,1.0,44700.0,11.18
45966.0,7.Sunday,COL,Cali,54 FOODOLOGY,22 SANTA MONICA,Rappi,1.0,102600.0,25.65
45966.0,7.Sunday,COL,Cali,54 FOODOLOGY,24 SAN FERNANDO,Rappi,7.0,370700.0,92.68
45966.0,7.Sunday,COL,Cali,54 FOODOLOGY,46 INGENIO,DiDi,3.0,100400.0,25.1
45966.0,7.Sunday,COL,Cali,54 FOODOLOGY,46 INGENIO,Rappi,11.0,774200.0,193.55
45966.0,7.Sunday,COL,Cali,55 GET SMASHED,22 SANTA MONICA,Rappi,1.0,50700.0,12.68
45966.0,7.Sunday,COL,Cali,57 PRET SANDWICH BIS,24 SAN FERNANDO,Rappi,1.0,52300.0,13.08
45966.0,7.Sunday,COL,Cali,57 PRET SANDWICH BIS,46 INGENIO,Rappi,1.0,29500.0,7.38
45966.0,7.Sunday,COL,Cali,58 ALBA VEGETARIAN,22 SANTA MONICA,DiDi,2.0,95400.0,23.85
45966.0,7.Sunday,COL,Cali,58 ALBA VEGETARIAN,24 SAN FERNANDO,DiDi,2.0,54400.0,13.6
45966.0,7.Sunday,COL,Cali,58 ALBA VEGETARIAN,46 INGENIO,DiDi,1.0,19900.0,4.98
45966.0,7.Sunday,COL,Cali,58 ALBA VEGETARIAN,46 INGENIO,Rappi,1.0,37500.0,9.38
45966.0,7.Sunday,COL,Cali,65 SAN JERONIMO HELA,22 SANTA MONICA,Rappi,1.0,11500.0,2.88
45966.0,7.Sunday,COL,Cali,65 SAN JERONIMO HELA,24 SAN FERNANDO,Rappi,1.0,23000.0,5.75
45966.0,7.Sunday,COL,Cali,65 SAN JERONIMO HELA,46 INGENIO,Rappi,1.0,46000.0,11.5
45966.0,7.Sunday,COL,Cali,66 MAÑANERO DIARIO,22 SANTA MONICA,Rappi,4.0,251900.0,62.98
45966.0,7.Sunday,COL,Cali,66 MAÑANERO DIARIO,24 SAN FERNANDO,Rappi,3.0,197900.0,49.48
45966.0,7.Sunday,COL,Cali,66 MAÑANERO DIARIO,46 INGENIO,Rappi,10.0,738700.0,184.68
45966.0,7.Sunday,COL,Cali,70 BURRITO CANTINA,46 INGENIO,Rappi,1.0,33400.0,8.35
45966.0,7.Sunday,COL,Cali,72 VICIO,22 SANTA MONICA,Rappi,1.0,31500.0,7.88
45966.0,7.Sunday,COL,Cali,72 VICIO,46 INGENIO,Rappi,1.0,29500.0,7.38
45966.0,7.Sunday,COL,Cali,73 ACPM CORRIENTAZO,24 SAN FERNANDO,Rappi,1.0,36400.0,9.1
45966.0,7.Sunday,COL,Cali,82 CINNABON,22 SANTA MONICA,DiDi,2.0,43800.0,10.95
45966.0,7.Sunday,COL,Cali,82 CINNABON,22 SANTA MONICA,Rappi,9.0,296600.0,74.15
45966.0,7.Sunday,COL,Cali,82 CINNABON,24 SAN FERNANDO,Rappi,16.0,700700.0,175.18
45966.0,7.Sunday,COL,Cali,82 CINNABON,46 INGENIO,FoodologyPOS,1.0,50900.0,12.73
45966.0,7.Sunday,COL,Cali,82 CINNABON,46 INGENIO,Justo,1.0,66300.0,16.58
45966.0,7.Sunday,COL,Cali,82 CINNABON,46 INGENIO,Rappi,15.0,607000.0,151.75
45966.0,7.Sunday,COL,Cali,83 SANDUCHES EL JEFE,22 SANTA MONICA,Rappi,1.0,63800.0,15.95
45966.0,7.Sunday,COL,Cali,83 SANDUCHES EL JEFE,24 SAN FERNANDO,DiDi,3.0,127000.0,31.75
45966.0,7.Sunday,COL,Cali,83 SANDUCHES EL JEFE,24 SAN FERNANDO,Rappi,1.0,25500.0,6.38
45966.0,7.Sunday,COL,Cali,83 SANDUCHES EL JEFE,46 INGENIO,DiDi,4.0,214200.0,53.55
45966.0,7.Sunday,COL,Cali,83 SANDUCHES EL JEFE,46 INGENIO,Rappi,1.0,133900.0,33.48
45966.0,7.Sunday,COL,Cali,86 FROST TURBO,24 SAN FERNANDO,Rappi,4.0,89000.0,22.25
45966.0,7.Sunday,COL,Cali,88 CINNABON TURBO,22 SANTA MONICA,Rappi,5.0,145000.0,36.25
45966.0,7.Sunday,COL,Cali,88 CINNABON TURBO,24 SAN FERNANDO,Rappi,2.0,35900.0,8.98
45966.0,7.Sunday,COL,Cali,90 AVOCALIA TURBO,22 SANTA MONICA,Rappi,4.0,199400.0,49.85
45966.0,7.Sunday,COL,Cali,90 AVOCALIA TURBO,24 SAN FERNANDO,Rappi,4.0,203500.0,50.88
45966.0,7.Sunday,COL,Cali,92 BRUNCH&MUNCH TURB,24 SAN FERNANDO,Rappi,2.0,125400.0,31.35
45966.0,7.Sunday,COL,Cartagena,01 AVOCALIA,33 CARTAGENA,Rappi,17.0,1131400.0,282.85
45966.0,7.Sunday,COL,Cartagena,03 BRUNCH & MUNCH,33 CARTAGENA,FoodologyPOS,1.0,121700.0,30.43
45966.0,7.Sunday,COL,Cartagena,03 BRUNCH & MUNCH,33 CARTAGENA,Rappi,58.0,4624100.0,1156.03
45966.0,7.Sunday,COL,Cartagena,04 BURRITOS & CO,33 CARTAGENA,DiDi,1.0,14900.0,3.73
45966.0,7.Sunday,COL,Cartagena,04 BURRITOS & CO,33 CARTAGENA,Rappi,18.0,1036600.0,259.15
45966.0,7.Sunday,COL,Cartagena,05 CACEROLA,33 CARTAGENA,Rappi,3.0,203600.0,50.9
45966.0,7.Sunday,COL,Cartagena,07 LA CUADRA,33 CARTAGENA,DiDi,7.0,302900.0,75.73
45966.0,7.Sunday,COL,Cartagena,07 LA CUADRA,33 CARTAGENA,Rappi,30.0,1521900.0,380.48
45966.0,7.Sunday,COL,Cartagena,110 MR BEAST BURGER,33 CARTAGENA,DiDi,6.0,270200.0,67.55
45966.0,7.Sunday,COL,Cartagena,110 MR BEAST BURGER,33 CARTAGENA,Rappi,9.0,446100.0,111.53
45966.0,7.Sunday,COL,Cartagena,117 LA PANQUEQUERIA,33 CARTAGENA,Rappi,10.0,713700.0,178.43
45966.0,7.Sunday,COL,Cartagena,13 THE CRUNCH,33 CARTAGENA,DiDi,1.0,65500.0,16.38
45966.0,7.Sunday,COL,Cartagena,13 THE CRUNCH,33 CARTAGENA,Rappi,1.0,52000.0,13.0
45966.0,7.Sunday,COL,Cartagena,14 BURGER LANE,33 CARTAGENA,Rappi,1.0,9900.0,2.48
45966.0,7.Sunday,COL,Cartagena,205 FROST,33 CARTAGENA,Rappi,1.0,24500.0,6.13
45966.0,7.Sunday,COL,Cartagena,27 DESAYUNO MI TIERR,33 CARTAGENA,DiDi,1.0,82200.0,20.55
45966.0,7.Sunday,COL,Cartagena,27 DESAYUNO MI TIERR,33 CARTAGENA,Rappi,1.0,101600.0,25.4
45966.0,7.Sunday,COL,Cartagena,33 LA CUADRA DESAYUN,33 CARTAGENA,Rappi,2.0,179000.0,44.75
45966.0,7.Sunday,COL,Cartagena,359 GREEN HOUSE,33 CARTAGENA,Rappi,7.0,219300.0,54.83
45966.0,7.Sunday,COL,Cartagena,362 ÑAMGUCHERIA,33 CARTAGENA,Rappi,4.0,279400.0,69.85
45966.0,7.Sunday,COL,Cartagena,366 HOUSE OF SALADS,33 CARTAGENA,Rappi,1.0,122300.0,30.58
45966.0,7.Sunday,COL,Cartagena,370 MONTEVERDE,33 CARTAGENA,Rappi,4.0,196300.0,49.08
45966.0,7.Sunday,COL,Cartagena,44 SELVATIKO,33 CARTAGENA,Rappi,1.0,30500.0,7.63
45966.0,7.Sunday,COL,Cartagena,54 FOODOLOGY,33 CARTAGENA,Rappi,3.0,147100.0,36.78
45966.0,7.Sunday,COL,Cartagena,57 PRET SANDWICH BIS,33 CARTAGENA,Rappi,2.0,104800.0,26.2
45966.0,7.Sunday,COL,Cartagena,66 MAÑANERO DIARIO,33 CARTAGENA,Rappi,3.0,139000.0,34.75
45966.0,7.Sunday,COL,Cartagena,70 BURRITO CANTINA,33 CARTAGENA,Rappi,2.0,45000.0,11.25
45966.0,7.Sunday,COL,Cartagena,73 ACPM CORRIENTAZO,33 CARTAGENA,Rappi,1.0,58500.0,14.63
45966.0,7.Sunday,COL,Cartagena,82 CINNABON,33 CARTAGENA,DiDi,1.0,23000.0,5.75
45966.0,7.Sunday,COL,Cartagena,82 CINNABON,33 CARTAGENA,Rappi,16.0,716300.0,179.08
45966.0,7.Sunday,COL,Cartagena,83 SANDUCHES EL JEFE,33 CARTAGENA,DiDi,1.0,30000.0,7.5
45966.0,7.Sunday,COL,Cartagena,83 SANDUCHES EL JEFE,33 CARTAGENA,Rappi,3.0,305600.0,76.4
45966.0,7.Sunday,COL,Medellín,01 AVOCALIA,11 MANILA,Rappi,26.0,1618300.0,404.58
45966.0,7.Sunday,COL,Medellín,01 AVOCALIA,12 LAURELES,DiDi,1.0,37500.0,9.38
45966.0,7.Sunday,COL,Medellín,01 AVOCALIA,12 LAURELES,Rappi,19.0,1076200.0,269.05
45966.0,7.Sunday,COL,Medellín,01 AVOCALIA,14 ENVIGADO,DiDi,4.0,197900.0,49.48
45966.0,7.Sunday,COL,Medellín,01 AVOCALIA,14 ENVIGADO,Rappi,23.0,1375300.0,343.83
45966.0,7.Sunday,COL,Medellín,01 AVOCALIA,18 BELLO,DiDi,2.0,85000.0,21.25
45966.0,7.Sunday,COL,Medellín,01 AVOCALIA,18 BELLO,Rappi,1.0,59200.0,14.8
45966.0,7.Sunday,COL,Medellín,01 AVOCALIA,29 ITAGUI,DiDi,1.0,37500.0,9.38
45966.0,7.Sunday,COL,Medellín,01 AVOCALIA,29 ITAGUI,Rappi,16.0,806100.0,201.53
45966.0,7.Sunday,COL,Medellín,02 BOTTANIKO,12 LAURELES,DiDi,1.0,25800.0,6.45
45966.0,7.Sunday,COL,Medellín,02 BOTTANIKO,12 LAURELES,Rappi,2.0,151100.0,37.78
45966.0,7.Sunday,COL,Medellín,02 BOTTANIKO,29 ITAGUI,DiDi,1.0,67800.0,16.95
45966.0,7.Sunday,COL,Medellín,03 BRUNCH & MUNCH,11 MANILA,DiDi,13.0,1044000.0,261.0
45966.0,7.Sunday,COL,Medellín,03 BRUNCH & MUNCH,11 MANILA,FoodologyPOS,3.0,178700.0,44.68
45966.0,7.Sunday,COL,Medellín,03 BRUNCH & MUNCH,11 MANILA,Rappi,90.0,6860900.0,1715.23
45966.0,7.Sunday,COL,Medellín,03 BRUNCH & MUNCH,12 LAURELES,DiDi,16.0,1036000.0,259.0
45966.0,7.Sunday,COL,Medellín,03 BRUNCH & MUNCH,12 LAURELES,FoodologyPOS,3.0,223100.0,55.78
45966.0,7.Sunday,COL,Medellín,03 BRUNCH & MUNCH,12 LAURELES,Justo,1.0,61300.0,15.33
45966.0,7.Sunday,COL,Medellín,03 BRUNCH & MUNCH,12 LAURELES,Rappi,80.0,6394600.0,1598.65
45966.0,7.Sunday,COL,Medellín,03 BRUNCH & MUNCH,14 ENVIGADO,DiDi,16.0,1507100.0,376.78
45966.0,7.Sunday,COL,Medellín,03 BRUNCH & MUNCH,14 ENVIGADO,FoodologyPOS,2.0,166600.0,41.65
45966.0,7.Sunday,COL,Medellín,03 BRUNCH & MUNCH,14 ENVIGADO,Justo,1.0,110300.0,27.58
45966.0,7.Sunday,COL,Medellín,03 BRUNCH & MUNCH,14 ENVIGADO,Rappi,85.0,6975000.0,1743.75
45966.0,7.Sunday,COL,Medellín,03 BRUNCH & MUNCH,18 BELLO,DiDi,10.0,702700.0,175.68
45966.0,7.Sunday,COL,Medellín,03 BRUNCH & MUNCH,18 BELLO,Rappi,25.0,2221500.0,555.38
45966.0,7.Sunday,COL,Medellín,03 BRUNCH & MUNCH,29 ITAGUI,DiDi,6.0,251300.0,62.83
45966.0,7.Sunday,COL,Medellín,03 BRUNCH & MUNCH,29 ITAGUI,FoodologyPOS,1.0,75900.0,18.98
45966.0,7.Sunday,COL,Medellín,03 BRUNCH & MUNCH,29 ITAGUI,Rappi,45.0,4542500.0,1135.63
45966.0,7.Sunday,COL,Medellín,04 BURRITOS & CO,11 MANILA,DiDi,4.0,103700.0,25.93
45966.0,7.Sunday,COL,Medellín,04 BURRITOS & CO,11 MANILA,Rappi,22.0,1304800.0,326.2
45966.0,7.Sunday,COL,Medellín,04 BURRITOS & CO,12 LAURELES,DiDi,7.0,218600.0,54.65
45966.0,7.Sunday,COL,Medellín,04 BURRITOS & CO,12 LAURELES,Rappi,34.0,1537100.0,384.28
45966.0,7.Sunday,COL,Medellín,04 BURRITOS & CO,14 ENVIGADO,DiDi,9.0,273600.0,68.4
45966.0,7.Sunday,COL,Medellín,04 BURRITOS & CO,14 ENVIGADO,Rappi,17.0,652000.0,163.0
45966.0,7.Sunday,COL,Medellín,04 BURRITOS & CO,18 BELLO,DiDi,5.0,159800.0,39.95
45966.0,7.Sunday,COL,Medellín,04 BURRITOS & CO,18 BELLO,Rappi,7.0,494400.0,123.6
45966.0,7.Sunday,COL,Medellín,04 BURRITOS & CO,29 ITAGUI,DiDi,7.0,377800.0,94.45
45966.0,7.Sunday,COL,Medellín,04 BURRITOS & CO,29 ITAGUI,Rappi,4.0,241200.0,60.3
45966.0,7.Sunday,COL,Medellín,05 CACEROLA,11 MANILA,DiDi,1.0,71600.0,17.9
45966.0,7.Sunday,COL,Medellín,05 CACEROLA,11 MANILA,Rappi,5.0,320200.0,80.05
45966.0,7.Sunday,COL,Medellín,05 CACEROLA,12 LAURELES,DiDi,1.0,12900.0,3.23
45966.0,7.Sunday,COL,Medellín,05 CACEROLA,12 LAURELES,Rappi,3.0,162800.0,40.7
45966.0,7.Sunday,COL,Medellín,05 CACEROLA,18 BELLO,Rappi,3.0,221500.0,55.38
45966.0,7.Sunday,COL,Medellín,05 CACEROLA,29 ITAGUI,Rappi,2.0,120400.0,30.1
45966.0,7.Sunday,COL,Medellín,07 LA CUADRA,11 MANILA,DiDi,8.0,539200.0,134.8
45966.0,7.Sunday,COL,Medellín,07 LA CUADRA,11 MANILA,Rappi,12.0,622300.0,155.58
45966.0,7.Sunday,COL,Medellín,07 LA CUADRA,12 LAURELES,DiDi,6.0,430100.0,107.53
45966.0,7.Sunday,COL,Medellín,07 LA CUADRA,12 LAURELES,Rappi,35.0,1983200.0,495.8
45966.0,7.Sunday,COL,Medellín,07 LA CUADRA,14 ENVIGADO,DiDi,12.0,952200.0,238.05
45966.0,7.Sunday,COL,Medellín,07 LA CUADRA,14 ENVIGADO,Rappi,18.0,1166000.0,291.5
45966.0,7.Sunday,COL,Medellín,07 LA CUADRA,18 BELLO,DiDi,2.0,79000.0,19.75
45966.0,7.Sunday,COL,Medellín,07 LA CUADRA,18 BELLO,Rappi,4.0,234600.0,58.65
45966.0,7.Sunday,COL,Medellín,07 LA CUADRA,29 ITAGUI,DiDi,4.0,312900.0,78.23
45966.0,7.Sunday,COL,Medellín,07 LA CUADRA,29 ITAGUI,Rappi,6.0,416900.0,104.23
45966.0,7.Sunday,COL,Medellín,110 MR BEAST BURGER,11 MANILA,DiDi,15.0,652700.0,163.18
45966.0,7.Sunday,COL,Medellín,110 MR BEAST BURGER,11 MANILA,Rappi,7.0,369400.0,92.35
45966.0,7.Sunday,COL,Medellín,110 MR BEAST BURGER,12 LAURELES,DiDi,30.0,1474200.0,368.55
45966.0,7.Sunday,COL,Medellín,110 MR BEAST BURGER,12 LAURELES,Rappi,9.0,464100.0,116.03
45966.0,7.Sunday,COL,Medellín,110 MR BEAST BURGER,14 ENVIGADO,DiDi,11.0,904100.0,226.03
45966.0,7.Sunday,COL,Medellín,110 MR BEAST BURGER,14 ENVIGADO,Rappi,8.0,549500.0,137.38
45966.0,7.Sunday,COL,Medellín,110 MR BEAST BURGER,18 BELLO,DiDi,3.0,283600.0,70.9
45966.0,7.Sunday,COL,Medellín,110 MR BEAST BURGER,18 BELLO,Rappi,4.0,161600.0,40.4
45966.0,7.Sunday,COL,Medellín,110 MR BEAST BURGER,29 ITAGUI,DiDi,13.0,735300.0,183.83
45966.0,7.Sunday,COL,Medellín,110 MR BEAST BURGER,29 ITAGUI,Rappi,10.0,678900.0,169.73
45966.0,7.Sunday,COL,Medellín,113 QUE CHICKEN,11 MANILA,Rappi,4.0,133500.0,33.38
45966.0,7.Sunday,COL,Medellín,113 QUE CHICKEN,12 LAURELES,Rappi,1.0,43800.0,10.95
45966.0,7.Sunday,COL,Medellín,113 QUE CHICKEN,14 ENVIGADO,Rappi,1.0,98400.0,24.6
45966.0,7.Sunday,COL,Medellín,113 QUE CHICKEN,29 ITAGUI,Rappi,1.0,84600.0,21.15
45966.0,7.Sunday,COL,Medellín,114 MR BEAST TURBO,11 MANILA,Rappi,7.0,471700.0,117.93
45966.0,7.Sunday,COL,Medellín,114 MR BEAST TURBO,12 LAURELES,Rappi,11.0,448900.0,112.23
45966.0,7.Sunday,COL,Medellín,117 LA PANQUEQUERIA,11 MANILA,Rappi,36.0,2736100.0,684.03
45966.0,7.Sunday,COL,Medellín,117 LA PANQUEQUERIA,12 LAURELES,Rappi,22.0,1654600.0,413.65
45966.0,7.Sunday,COL,Medellín,117 LA PANQUEQUERIA,14 ENVIGADO,Rappi,27.0,1590600.0,397.65
45966.0,7.Sunday,COL,Medellín,117 LA PANQUEQUERIA,18 BELLO,Rappi,13.0,631100.0,157.78
45966.0,7.Sunday,COL,Medellín,117 LA PANQUEQUERIA,29 ITAGUI,Rappi,13.0,677300.0,169.33
45966.0,7.Sunday,COL,Medellín,13 THE CRUNCH,11 MANILA,Rappi,6.0,326300.0,81.58
45966.0,7.Sunday,COL,Medellín,14 BURGER LANE,14 ENVIGADO,DiDi,1.0,19800.0,4.95
45966.0,7.Sunday,COL,Medellín,205 FROST,11 MANILA,Rappi,4.0,233200.0,58.3
45966.0,7.Sunday,COL,Medellín,205 FROST,12 LAURELES,Rappi,3.0,138500.0,34.63
45966.0,7.Sunday,COL,Medellín,205 FROST,14 ENVIGADO,Rappi,1.0,24500.0,6.13
45966.0,7.Sunday,COL,Medellín,205 FROST,29 ITAGUI,DiDi,1.0,21000.0,5.25
45966.0,7.Sunday,COL,Medellín,205 FROST,29 ITAGUI,Rappi,1.0,51600.0,12.9
45966.0,7.Sunday,COL,Medellín,26 ALMUERZO DE LA CA,12 LAURELES,Rappi,1.0,65700.0,16.43
45966.0,7.Sunday,COL,Medellín,26 ALMUERZO DE LA CA,18 BELLO,Rappi,1.0,21500.0,5.38
45966.0,7.Sunday,COL,Medellín,26 ALMUERZO DE LA CA,29 ITAGUI,Rappi,1.0,43000.0,10.75
45966.0,7.Sunday,COL,Medellín,27 DESAYUNO MI TIERR,11 MANILA,DiDi,1.0,169000.0,42.25
45966.0,7.Sunday,COL,Medellín,27 DESAYUNO MI TIERR,11 MANILA,Rappi,1.0,128900.0,32.23
45966.0,7.Sunday,COL,Medellín,27 DESAYUNO MI TIERR,12 LAURELES,DiDi,1.0,23700.0,5.93
45966.0,7.Sunday,COL,Medellín,27 DESAYUNO MI TIERR,12 LAURELES,Rappi,3.0,216700.0,54.18
45966.0,7.Sunday,COL,Medellín,27 DESAYUNO MI TIERR,14 ENVIGADO,DiDi,1.0,25800.0,6.45
45966.0,7.Sunday,COL,Medellín,27 DESAYUNO MI TIERR,14 ENVIGADO,Rappi,4.0,317500.0,79.38
45966.0,7.Sunday,COL,Medellín,27 DESAYUNO MI TIERR,18 BELLO,DiDi,1.0,23500.0,5.88
45966.0,7.Sunday,COL,Medellín,27 DESAYUNO MI TIERR,18 BELLO,Rappi,2.0,156400.0,39.1
45966.0,7.Sunday,COL,Medellín,27 DESAYUNO MI TIERR,29 ITAGUI,DiDi,2.0,136100.0,34.03
45966.0,7.Sunday,COL,Medellín,27 DESAYUNO MI TIERR,29 ITAGUI,Rappi,1.0,82300.0,20.58
45966.0,7.Sunday,COL,Medellín,29 SEÑOR BURRITO,11 MANILA,DiDi,1.0,84500.0,21.13
45966.0,7.Sunday,COL,Medellín,29 SEÑOR BURRITO,11 MANILA,Rappi,1.0,87100.0,21.78
45966.0,7.Sunday,COL,Medellín,29 SEÑOR BURRITO,12 LAURELES,DiDi,2.0,145600.0,36.4
45966.0,7.Sunday,COL,Medellín,29 SEÑOR BURRITO,12 LAURELES,Rappi,2.0,85100.0,21.28
45966.0,7.Sunday,COL,Medellín,29 SEÑOR BURRITO,14 ENVIGADO,DiDi,2.0,108100.0,27.03
45966.0,7.Sunday,COL,Medellín,29 SEÑOR BURRITO,18 BELLO,DiDi,2.0,160100.0,40.03
45966.0,7.Sunday,COL,Medellín,29 SEÑOR BURRITO,29 ITAGUI,DiDi,3.0,148900.0,37.23
45966.0,7.Sunday,COL,Medellín,29 SEÑOR BURRITO,29 ITAGUI,Rappi,1.0,22500.0,5.63
45966.0,7.Sunday,COL,Medellín,33 LA CUADRA DESAYUN,11 MANILA,Rappi,2.0,83400.0,20.85
45966.0,7.Sunday,COL,Medellín,33 LA CUADRA DESAYUN,12 LAURELES,Rappi,6.0,298000.0,74.5
45966.0,7.Sunday,COL,Medellín,33 LA CUADRA DESAYUN,14 ENVIGADO,Rappi,3.0,161100.0,40.28
45966.0,7.Sunday,COL,Medellín,33 LA CUADRA DESAYUN,18 BELLO,Rappi,1.0,40200.0,10.05
45966.0,7.Sunday,COL,Medellín,35 BRUNCH CLUB,11 MANILA,DiDi,4.0,206300.0,51.58
45966.0,7.Sunday,COL,Medellín,35 BRUNCH CLUB,12 LAURELES,DiDi,10.0,508700.0,127.18
45966.0,7.Sunday,COL,Medellín,35 BRUNCH CLUB,14 ENVIGADO,DiDi,6.0,273500.0,68.38
45966.0,7.Sunday,COL,Medellín,35 BRUNCH CLUB,18 BELLO,DiDi,8.0,449100.0,112.28
45966.0,7.Sunday,COL,Medellín,35 BRUNCH CLUB,29 ITAGUI,DiDi,2.0,58800.0,14.7
45966.0,7.Sunday,COL,Medellín,352 BURRITOS & CO TU,11 MANILA,Rappi,25.0,971300.0,242.83
45966.0,7.Sunday,COL,Medellín,352 BURRITOS & CO TU,12 LAURELES,Rappi,6.0,323100.0,80.78
45966.0,7.Sunday,COL,Medellín,353 LA CUADRA TURBO,11 MANILA,Rappi,7.0,297800.0,74.45
45966.0,7.Sunday,COL,Medellín,353 LA CUADRA TURBO,12 LAURELES,Rappi,7.0,359000.0,89.75
45966.0,7.Sunday,COL,Medellín,356 EL JEFE TURBO,11 MANILA,Rappi,9.0,413800.0,103.45
45966.0,7.Sunday,COL,Medellín,356 EL JEFE TURBO,12 LAURELES,Rappi,17.0,728000.0,182.0
45966.0,7.Sunday,COL,Medellín,359 GREEN HOUSE,11 MANILA,DiDi,6.0,336600.0,84.15
45966.0,7.Sunday,COL,Medellín,359 GREEN HOUSE,11 MANILA,Rappi,2.0,51000.0,12.75
45966.0,7.Sunday,COL,Medellín,359 GREEN HOUSE,12 LAURELES,DiDi,8.0,268300.0,67.08
45966.0,7.Sunday,COL,Medellín,359 GREEN HOUSE,12 LAURELES,Rappi,4.0,250600.0,62.65
45966.0,7.Sunday,COL,Medellín,359 GREEN HOUSE,14 ENVIGADO,DiDi,5.0,191800.0,47.95
45966.0,7.Sunday,COL,Medellín,359 GREEN HOUSE,14 ENVIGADO,Rappi,4.0,148800.0,37.2
45966.0,7.Sunday,COL,Medellín,359 GREEN HOUSE,18 BELLO,DiDi,8.0,258100.0,64.53
45966.0,7.Sunday,COL,Medellín,359 GREEN HOUSE,18 BELLO,Rappi,6.0,294000.0,73.5
45966.0,7.Sunday,COL,Medellín,359 GREEN HOUSE,29 ITAGUI,DiDi,6.0,266400.0,66.6
45966.0,7.Sunday,COL,Medellín,359 GREEN HOUSE,29 ITAGUI,Rappi,5.0,159900.0,39.98
45966.0,7.Sunday,COL,Medellín,362 ÑAMGUCHERIA,11 MANILA,Rappi,8.0,308500.0,77.13
45966.0,7.Sunday,COL,Medellín,362 ÑAMGUCHERIA,12 LAURELES,Rappi,8.0,436100.0,109.03
45966.0,7.Sunday,COL,Medellín,362 ÑAMGUCHERIA,14 ENVIGADO,Rappi,11.0,542200.0,135.55
45966.0,7.Sunday,COL,Medellín,362 ÑAMGUCHERIA,18 BELLO,Rappi,4.0,262700.0,65.68
45966.0,7.Sunday,COL,Medellín,362 ÑAMGUCHERIA,29 ITAGUI,Rappi,7.0,305500.0,76.38
45966.0,7.Sunday,COL,Medellín,363 GREEN HOUSE TURB,12 LAURELES,Rappi,11.0,386000.0,96.5
45966.0,7.Sunday,COL,Medellín,366 HOUSE OF SALADS,11 MANILA,Rappi,5.0,205500.0,51.38
45966.0,7.Sunday,COL,Medellín,366 HOUSE OF SALADS,12 LAURELES,Rappi,1.0,27500.0,6.88
45966.0,7.Sunday,COL,Medellín,366 HOUSE OF SALADS,14 ENVIGADO,Rappi,3.0,221500.0,55.38
45966.0,7.Sunday,COL,Medellín,366 HOUSE OF SALADS,29 ITAGUI,Rappi,1.0,41300.0,10.33
45966.0,7.Sunday,COL,Medellín,369 ÑAMGUCHERIA TURB,11 MANILA,Rappi,21.0,935200.0,233.8
45966.0,7.Sunday,COL,Medellín,369 ÑAMGUCHERIA TURB,12 LAURELES,Rappi,13.0,573900.0,143.48
45966.0,7.Sunday,COL,Medellín,370 MONTEVERDE,12 LAURELES,Rappi,2.0,44400.0,11.1
45966.0,7.Sunday,COL,Medellín,370 MONTEVERDE,14 ENVIGADO,Rappi,1.0,93600.0,23.4
45966.0,7.Sunday,COL,Medellín,370 MONTEVERDE,29 ITAGUI,Rappi,2.0,67400.0,16.85
45966.0,7.Sunday,COL,Medellín,44 SELVATIKO,11 MANILA,Rappi,2.0,167000.0,41.75
45966.0,7.Sunday,COL,Medellín,44 SELVATIKO,12 LAURELES,DiDi,1.0,25800.0,6.45
45966.0,7.Sunday,COL,Medellín,44 SELVATIKO,29 ITAGUI,DiDi,1.0,50700.0,12.68
45966.0,7.Sunday,COL,Medellín,54 FOODOLOGY,11 MANILA,DiDi,2.0,91500.0,22.88
45966.0,7.Sunday,COL,Medellín,54 FOODOLOGY,11 MANILA,Rappi,7.0,455400.0,113.85
45966.0,7.Sunday,COL,Medellín,54 FOODOLOGY,12 LAURELES,DiDi,2.0,51800.0,12.95
45966.0,7.Sunday,COL,Medellín,54 FOODOLOGY,12 LAURELES,Rappi,7.0,290700.0,72.68
45966.0,7.Sunday,COL,Medellín,54 FOODOLOGY,14 ENVIGADO,DiDi,2.0,97500.0,24.38
45966.0,7.Sunday,COL,Medellín,54 FOODOLOGY,14 ENVIGADO,Rappi,3.0,140300.0,35.08
45966.0,7.Sunday,COL,Medellín,54 FOODOLOGY,18 BELLO,DiDi,1.0,21900.0,5.48
45966.0,7.Sunday,COL,Medellín,54 FOODOLOGY,18 BELLO,Rappi,4.0,173800.0,43.45
45966.0,7.Sunday,COL,Medellín,54 FOODOLOGY,29 ITAGUI,Rappi,2.0,102100.0,25.53
45966.0,7.Sunday,COL,Medellín,57 PRET SANDWICH BIS,11 MANILA,Rappi,2.0,156000.0,39.0
45966.0,7.Sunday,COL,Medellín,57 PRET SANDWICH BIS,12 LAURELES,Rappi,2.0,113200.0,28.3
45966.0,7.Sunday,COL,Medellín,57 PRET SANDWICH BIS,14 ENVIGADO,Rappi,2.0,102800.0,25.7
45966.0,7.Sunday,COL,Medellín,57 PRET SANDWICH BIS,29 ITAGUI,Rappi,1.0,36400.0,9.1
45966.0,7.Sunday,COL,Medellín,58 ALBA VEGETARIAN,11 MANILA,DiDi,1.0,59000.0,14.75
45966.0,7.Sunday,COL,Medellín,58 ALBA VEGETARIAN,11 MANILA,Rappi,2.0,122900.0,30.73
45966.0,7.Sunday,COL,Medellín,58 ALBA VEGETARIAN,12 LAURELES,DiDi,2.0,168400.0,42.1
45966.0,7.Sunday,COL,Medellín,58 ALBA VEGETARIAN,12 LAURELES,Rappi,4.0,308500.0,77.13
45966.0,7.Sunday,COL,Medellín,58 ALBA VEGETARIAN,14 ENVIGADO,DiDi,5.0,167400.0,41.85
45966.0,7.Sunday,COL,Medellín,58 ALBA VEGETARIAN,14 ENVIGADO,Rappi,1.0,41800.0,10.45
45966.0,7.Sunday,COL,Medellín,58 ALBA VEGETARIAN,18 BELLO,DiDi,2.0,90400.0,22.6
45966.0,7.Sunday,COL,Medellín,58 ALBA VEGETARIAN,18 BELLO,Rappi,1.0,57600.0,14.4
45966.0,7.Sunday,COL,Medellín,58 ALBA VEGETARIAN,29 ITAGUI,Rappi,2.0,296300.0,74.08
45966.0,7.Sunday,COL,Medellín,59 DEMBOW,11 MANILA,Rappi,2.0,126700.0,31.68
45966.0,7.Sunday,COL,Medellín,59 DEMBOW,14 ENVIGADO,FoodologyPOS,2.0,133200.0,33.3
45966.0,7.Sunday,COL,Medellín,59 DEMBOW,29 ITAGUI,Rappi,2.0,117700.0,29.43
45966.0,7.Sunday,COL,Medellín,65 SAN JERONIMO HELA,11 MANILA,DiDi,1.0,23000.0,5.75
45966.0,7.Sunday,COL,Medellín,66 MAÑANERO DIARIO,11 MANILA,Rappi,1.0,54900.0,13.73
45966.0,7.Sunday,COL,Medellín,66 MAÑANERO DIARIO,12 LAURELES,Rappi,3.0,171800.0,42.95
45966.0,7.Sunday,COL,Medellín,66 MAÑANERO DIARIO,14 ENVIGADO,Rappi,6.0,343600.0,85.9
45966.0,7.Sunday,COL,Medellín,66 MAÑANERO DIARIO,18 BELLO,Rappi,3.0,95900.0,23.98
45966.0,7.Sunday,COL,Medellín,66 MAÑANERO DIARIO,29 ITAGUI,Rappi,1.0,97500.0,24.38
45966.0,7.Sunday,COL,Medellín,70 BURRITO CANTINA,12 LAURELES,Rappi,3.0,83200.0,20.8
45966.0,7.Sunday,COL,Medellín,70 BURRITO CANTINA,14 ENVIGADO,Rappi,2.0,82700.0,20.68
45966.0,7.Sunday,COL,Medellín,72 VICIO,11 MANILA,Rappi,1.0,67900.0,16.98
45966.0,7.Sunday,COL,Medellín,72 VICIO,12 LAURELES,Rappi,2.0,50500.0,12.63
45966.0,7.Sunday,COL,Medellín,72 VICIO,14 ENVIGADO,DiDi,2.0,78400.0,19.6
45966.0,7.Sunday,COL,Medellín,72 VICIO,29 ITAGUI,Rappi,2.0,76400.0,19.1
45966.0,7.Sunday,COL,Medellín,73 ACPM CORRIENTAZO,12 LAURELES,Rappi,1.0,22900.0,5.73
45966.0,7.Sunday,COL,Medellín,82 CINNABON,11 MANILA,DiDi,1.0,11500.0,2.88
45966.0,7.Sunday,COL,Medellín,82 CINNABON,11 MANILA,Rappi,20.0,952400.0,238.1
45966.0,7.Sunday,COL,Medellín,82 CINNABON,12 LAURELES,Justo,1.0,11500.0,2.88
45966.0,7.Sunday,COL,Medellín,82 CINNABON,12 LAURELES,Rappi,45.0,1808000.0,452.0
45966.0,7.Sunday,COL,Medellín,82 CINNABON,14 ENVIGADO,DiDi,4.0,72500.0,18.13
45966.0,7.Sunday,COL,Medellín,82 CINNABON,14 ENVIGADO,Rappi,29.0,1156100.0,289.03
45966.0,7.Sunday,COL,Medellín,82 CINNABON,18 BELLO,Rappi,8.0,310900.0,77.73
45966.0,7.Sunday,COL,Medellín,82 CINNABON,29 ITAGUI,DiDi,3.0,101000.0,25.25
45966.0,7.Sunday,COL,Medellín,82 CINNABON,29 ITAGUI,Rappi,14.0,508800.0,127.2
45966.0,7.Sunday,COL,Medellín,83 SANDUCHES EL JEFE,11 MANILA,DiDi,3.0,96000.0,24.0
45966.0,7.Sunday,COL,Medellín,83 SANDUCHES EL JEFE,11 MANILA,Rappi,5.0,267000.0,66.75
45966.0,7.Sunday,COL,Medellín,83 SANDUCHES EL JEFE,12 LAURELES,DiDi,7.0,261200.0,65.3
45966.0,7.Sunday,COL,Medellín,83 SANDUCHES EL JEFE,12 LAURELES,Rappi,4.0,150100.0,37.53
45966.0,7.Sunday,COL,Medellín,83 SANDUCHES EL JEFE,14 ENVIGADO,DiDi,2.0,84500.0,21.13
45966.0,7.Sunday,COL,Medellín,83 SANDUCHES EL JEFE,14 ENVIGADO,Rappi,2.0,244600.0,61.15
45966.0,7.Sunday,COL,Medellín,83 SANDUCHES EL JEFE,18 BELLO,DiDi,3.0,155800.0,38.95
45966.0,7.Sunday,COL,Medellín,83 SANDUCHES EL JEFE,18 BELLO,Rappi,2.0,153800.0,38.45
45966.0,7.Sunday,COL,Medellín,83 SANDUCHES EL JEFE,29 ITAGUI,DiDi,7.0,345000.0,86.25
45966.0,7.Sunday,COL,Medellín,83 SANDUCHES EL JEFE,29 ITAGUI,Rappi,2.0,95500.0,23.88
45966.0,7.Sunday,COL,Medellín,84 CINNABON PASE,57 SANTAFE MED,FoodologyPOS,62.0,1708700.0,427.18
45966.0,7.Sunday,COL,Medellín,84 CINNABON PASE,57 SANTAFE MED,Rappi,10.0,408500.0,102.13
45966.0,7.Sunday,COL,Medellín,84 CINNABON PASE,58 VIVA MED,FoodologyPOS,77.0,1523400.0,380.85
45966.0,7.Sunday,COL,Medellín,84 CINNABON PASE,58 VIVA MED,Rappi,3.0,164700.0,41.18
45966.0,7.Sunday,COL,Medellín,84 CINNABON PASE,63 ARKADIA,FoodologyPOS,58.0,1188700.0,297.18
45966.0,7.Sunday,COL,Medellín,84 CINNABON PASE,63 ARKADIA,Rappi,10.0,330200.0,82.55
45966.0,7.Sunday,COL,Medellín,86 FROST TURBO,11 MANILA,Rappi,2.0,37400.0,9.35
45966.0,7.Sunday,COL,Medellín,86 FROST TURBO,12 LAURELES,Rappi,1.0,24500.0,6.13
45966.0,7.Sunday,COL,Medellín,87 VICIO TURBO,11 MANILA,Rappi,4.0,154800.0,38.7
45966.0,7.Sunday,COL,Medellín,87 VICIO TURBO,12 LAURELES,Rappi,4.0,135400.0,33.85
45966.0,7.Sunday,COL,Medellín,88 CINNABON TURBO,11 MANILA,Rappi,22.0,946300.0,236.58
45966.0,7.Sunday,COL,Medellín,88 CINNABON TURBO,12 LAURELES,Rappi,15.0,472400.0,118.1
45966.0,7.Sunday,COL,Medellín,90 AVOCALIA TURBO,11 MANILA,Rappi,16.0,785200.0,196.3
45966.0,7.Sunday,COL,Medellín,90 AVOCALIA TURBO,12 LAURELES,Rappi,11.0,483700.0,120.93
45966.0,7.Sunday,COL,Medellín,92 BRUNCH&MUNCH TURB,11 MANILA,Rappi,34.0,2599900.0,649.98
45966.0,7.Sunday,COL,Medellín,92 BRUNCH&MUNCH TURB,12 LAURELES,Rappi,6.0,442300.0,110.58
45966.0,7.Sunday,COL,Medellín,93 SAN JERONIMO TURB,11 MANILA,Rappi,1.0,23000.0,5.75
45966.0,7.Sunday,COL,Pereira,01 AVOCALIA,28 PEREIRA,Rappi,11.0,537900.0,134.48
45966.0,7.Sunday,COL,Pereira,02 BOTTANIKO,28 PEREIRA,Rappi,1.0,46400.0,11.6
45966.0,7.Sunday,COL,Pereira,03 BRUNCH & MUNCH,28 PEREIRA,FoodologyPOS,4.0,326500.0,81.63
45966.0,7.Sunday,COL,Pereira,03 BRUNCH & MUNCH,28 PEREIRA,Rappi,41.0,3237100.0,809.28
45966.0,7.Sunday,COL,Pereira,04 BURRITOS & CO,28 PEREIRA,Rappi,8.0,324600.0,81.15
45966.0,7.Sunday,COL,Pereira,05 CACEROLA,28 PEREIRA,Rappi,3.0,154400.0,38.6
45966.0,7.Sunday,COL,Pereira,07 LA CUADRA,28 PEREIRA,Rappi,7.0,474300.0,118.58
45966.0,7.Sunday,COL,Pereira,110 MR BEAST BURGER,28 PEREIRA,Rappi,1.0,33900.0,8.48
45966.0,7.Sunday,COL,Pereira,113 QUE CHICKEN,28 PEREIRA,Rappi,1.0,29900.0,7.48
45966.0,7.Sunday,COL,Pereira,117 LA PANQUEQUERIA,28 PEREIRA,Rappi,14.0,707500.0,176.88
45966.0,7.Sunday,COL,Pereira,13 THE CRUNCH,28 PEREIRA,Rappi,3.0,133200.0,33.3
45966.0,7.Sunday,COL,Pereira,205 FROST,28 PEREIRA,Rappi,3.0,92900.0,23.23
45966.0,7.Sunday,COL,Pereira,26 ALMUERZO DE LA CA,28 PEREIRA,Rappi,2.0,85800.0,21.45
45966.0,7.Sunday,COL,Pereira,27 DESAYUNO MI TIERR,28 PEREIRA,Rappi,2.0,121700.0,30.43
45966.0,7.Sunday,COL,Pereira,29 SEÑOR BURRITO,28 PEREIRA,Rappi,2.0,80800.0,20.2
45966.0,7.Sunday,COL,Pereira,359 GREEN HOUSE,28 PEREIRA,Rappi,8.0,305600.0,76.4
45966.0,7.Sunday,COL,Pereira,362 ÑAMGUCHERIA,28 PEREIRA,Rappi,5.0,501100.0,125.28
45966.0,7.Sunday,COL,Pereira,366 HOUSE OF SALADS,28 PEREIRA,Rappi,1.0,76800.0,19.2
45966.0,7.Sunday,COL,Pereira,370 MONTEVERDE,28 PEREIRA,Rappi,4.0,212800.0,53.2
45966.0,7.Sunday,COL,Pereira,44 SELVATIKO,28 PEREIRA,Rappi,1.0,38000.0,9.5
45966.0,7.Sunday,COL,Pereira,54 FOODOLOGY,28 PEREIRA,Rappi,3.0,167800.0,41.95
45966.0,7.Sunday,COL,Pereira,58 ALBA VEGETARIAN,28 PEREIRA,Rappi,1.0,75000.0,18.75
45966.0,7.Sunday,COL,Pereira,66 MAÑANERO DIARIO,28 PEREIRA,Rappi,4.0,208700.0,52.18
45966.0,7.Sunday,COL,Pereira,70 BURRITO CANTINA,28 PEREIRA,Rappi,3.0,120200.0,30.05
45966.0,7.Sunday,COL,Pereira,72 VICIO,28 PEREIRA,Rappi,3.0,88500.0,22.13
45966.0,7.Sunday,COL,Pereira,73 ACPM CORRIENTAZO,28 PEREIRA,Rappi,1.0,28400.0,7.1
45966.0,7.Sunday,COL,Pereira,83 SANDUCHES EL JEFE,28 PEREIRA,Rappi,4.0,102000.0,25.5