date,order_hour,country,city,kitchen_id,brand,provider,cooking_time,RTWT,time_waiting_RT,Total orders
46086.0,14.0,COL,Barranquilla,32 BARRANQUILLA,Acpm Corrientazo Turbo,rappi,4.89,2.27,2.65,1.0
46086.0,14.0,COL,Barranquilla,32 BARRANQUILLA,Alba Vegetarian,didi,8.88,4.85,1.02,1.0
46086.0,15.0,COL,Barranquilla,32 BARRANQUILLA,Alba Vegetarian,didi,5.63,3.15,4.91,1.0
46086.0,18.0,COL,Barranquilla,32 BARRANQUILLA,Alba Vegetarian,rappi,11.03,1.45,27.08,1.0
46086.0,19.0,COL,Barranquilla,32 BARRANQUILLA,Alba Vegetarian,rappi,0.23,,32.92,1.0
46086.0,20.0,COL,Barranquilla,32 BARRANQUILLA,Alba Vegetarian,rappi,0.32,,31.29,1.0
46086.0,12.0,COL,Barranquilla,32 BARRANQUILLA,Almuerzos de la Casa,didi,10.86,8.85,3.03,1.0
46086.0,13.0,COL,Barranquilla,32 BARRANQUILLA,Almuerzos de la Casa,didi,7.08,1.25,1.87,1.0
46086.0,13.0,COL,Barranquilla,32 BARRANQUILLA,Almuerzos de la Casa,didi,13.93,10.98,2.04,1.0
46086.0,13.0,COL,Barranquilla,32 BARRANQUILLA,Almuerzos de la Casa,didi,12.2,10.3,6.02,1.0
46086.0,13.0,COL,Barranquilla,32 BARRANQUILLA,Almuerzos de la Casa,didi,16.85,10.3,0.79,1.0
46086.0,14.0,COL,Barranquilla,32 BARRANQUILLA,Almuerzos de la Casa,didi,35.05,27.45,0.15,1.0
46086.0,15.0,COL,Barranquilla,32 BARRANQUILLA,Almuerzos de la Casa,didi,7.92,0.73,2.2,1.0
46086.0,17.0,COL,Barranquilla,32 BARRANQUILLA,Almuerzos de la Casa,didi,12.34,2.25,2.68,1.0
46086.0,18.0,COL,Barranquilla,32 BARRANQUILLA,Almuerzos de la Casa,didi,6.16,1.7,0.64,1.0
46086.0,11.0,COL,Barranquilla,32 BARRANQUILLA,Almuerzos de la Casa,rappi,15.18,0.18,33.63,1.0
46086.0,13.0,COL,Barranquilla,32 BARRANQUILLA,Almuerzos de la Casa,rappi,14.33,5.15,10.03,1.0
46086.0,15.0,COL,Barranquilla,32 BARRANQUILLA,Almuerzos de la Casa,rappi,6.09,0.23,9.93,1.0
46086.0,12.0,COL,Barranquilla,32 BARRANQUILLA,Avocalia,didi,6.79,4.52,2.92,1.0
46086.0,17.0,COL,Barranquilla,32 BARRANQUILLA,Avocalia,didi,4.2,0.0,0.55,1.0
46086.0,7.0,COL,Barranquilla,32 BARRANQUILLA,Avocalia,rappi,16.2,0.75,4.96,1.0
46086.0,7.0,COL,Barranquilla,32 BARRANQUILLA,Avocalia,rappi,26.01,1.5,28.01,1.0
46086.0,8.0,COL,Barranquilla,32 BARRANQUILLA,Avocalia,rappi,11.53,0.15,10.82,1.0
46086.0,11.0,COL,Barranquilla,32 BARRANQUILLA,Avocalia,rappi,6.88,2.53,0.82,1.0
46086.0,12.0,COL,Barranquilla,32 BARRANQUILLA,Avocalia,rappi,8.02,0.2,9.48,1.0
46086.0,12.0,COL,Barranquilla,32 BARRANQUILLA,Avocalia,rappi,9.78,0.12,17.28,1.0
46086.0,12.0,COL,Barranquilla,32 BARRANQUILLA,Avocalia,rappi,7.86,0.15,17.24,1.0
46086.0,13.0,COL,Barranquilla,32 BARRANQUILLA,Avocalia,rappi,9.09,4.6,20.34,1.0
46086.0,14.0,COL,Barranquilla,32 BARRANQUILLA,Avocalia,rappi,8.55,0.42,0.63,1.0
46086.0,15.0,COL,Barranquilla,32 BARRANQUILLA,Avocalia,rappi,9.92,0.57,1.99,1.0
46086.0,16.0,COL,Barranquilla,32 BARRANQUILLA,Avocalia,rappi,8.05,0.35,19.08,1.0
46086.0,16.0,COL,Barranquilla,32 BARRANQUILLA,Avocalia,rappi,10.47,6.88,2.64,1.0
46086.0,18.0,COL,Barranquilla,32 BARRANQUILLA,Avocalia,rappi,9.95,0.0,1.0,
46086.0,18.0,COL,Barranquilla,32 BARRANQUILLA,Avocalia,rappi,7.14,0.3,45.85,1.0
46086.0,19.0,COL,Barranquilla,32 BARRANQUILLA,Avocalia,rappi,11.32,0.35,27.89,1.0
46086.0,19.0,COL,Barranquilla,32 BARRANQUILLA,Avocalia,rappi,2.62,2.13,26.98,1.0
46086.0,19.0,COL,Barranquilla,32 BARRANQUILLA,Avocalia,rappi,10.92,0.37,6.02,1.0
46086.0,21.0,COL,Barranquilla,32 BARRANQUILLA,Avocalia,rappi,6.55,0.77,21.17,1.0
46086.0,23.0,COL,Barranquilla,32 BARRANQUILLA,Avocalia,rappi,9.62,2.33,5.48,1.0
46086.0,23.0,COL,Barranquilla,32 BARRANQUILLA,Avocalia,rappi,1.85,,11.02,1.0
46086.0,7.0,COL,Barranquilla,32 BARRANQUILLA,Brunch & Munch,didi,5.86,0.48,14.99,1.0
46086.0,6.0,COL,Barranquilla,32 BARRANQUILLA,Brunch & Munch,rappi,16.06,0.37,31.23,1.0
46086.0,7.0,COL,Barranquilla,32 BARRANQUILLA,Brunch & Munch,rappi,6.74,0.6,51.1,1.0
46086.0,7.0,COL,Barranquilla,32 BARRANQUILLA,Brunch & Munch,rappi,16.87,0.62,43.12,1.0
46086.0,7.0,COL,Barranquilla,32 BARRANQUILLA,Brunch & Munch,rappi,5.95,0.6,46.05,1.0
46086.0,7.0,COL,Barranquilla,32 BARRANQUILLA,Brunch & Munch,rappi,5.33,0.5,45.52,1.0
46086.0,7.0,COL,Barranquilla,32 BARRANQUILLA,Brunch & Munch,rappi,14.39,3.98,45.82,1.0
46086.0,8.0,COL,Barranquilla,32 BARRANQUILLA,Brunch & Munch,rappi,9.66,3.98,1.28,1.0
46086.0,8.0,COL,Barranquilla,32 BARRANQUILLA,Brunch & Munch,rappi,6.56,1.43,5.45,1.0
46086.0,8.0,COL,Barranquilla,32 BARRANQUILLA,Brunch & Munch,rappi,12.3,8.12,3.77,1.0
46086.0,9.0,COL,Barranquilla,32 BARRANQUILLA,Brunch & Munch,rappi,5.18,1.37,16.71,1.0
46086.0,9.0,COL,Barranquilla,32 BARRANQUILLA,Brunch & Munch,rappi,17.72,0.75,2.96,1.0
46086.0,9.0,COL,Barranquilla,32 BARRANQUILLA,Brunch & Munch,rappi,7.84,0.75,12.84,1.0
46086.0,9.0,COL,Barranquilla,32 BARRANQUILLA,Brunch & Munch,rappi,14.44,0.33,6.04,1.0
46086.0,9.0,COL,Barranquilla,32 BARRANQUILLA,Brunch & Munch,rappi,4.09,0.32,12.97,1.0
46086.0,9.0,COL,Barranquilla,32 BARRANQUILLA,Brunch & Munch,rappi,11.17,1.23,18.92,1.0
46086.0,9.0,COL,Barranquilla,32 BARRANQUILLA,Brunch & Munch,rappi,20.94,6.15,0.81,1.0
46086.0,9.0,COL,Barranquilla,32 BARRANQUILLA,Brunch & Munch,rappi,26.79,20.23,0.92,1.0
46086.0,9.0,COL,Barranquilla,32 BARRANQUILLA,Brunch & Munch,rappi,22.73,1.12,0.37,1.0
46086.0,9.0,COL,Barranquilla,32 BARRANQUILLA,Brunch & Munch,rappi,39.1,31.22,0.43,1.0
46086.0,9.0,COL,Barranquilla,32 BARRANQUILLA,Brunch & Munch,rappi,19.94,13.18,0.82,1.0
46086.0,10.0,COL,Barranquilla,32 BARRANQUILLA,Brunch & Munch,rappi,31.9,20.7,1.23,1.0
46086.0,10.0,COL,Barranquilla,32 BARRANQUILLA,Brunch & Munch,rappi,29.92,16.42,1.75,1.0
46086.0,10.0,COL,Barranquilla,32 BARRANQUILLA,Brunch & Munch,rappi,29.83,22.88,1.01,1.0
46086.0,10.0,COL,Barranquilla,32 BARRANQUILLA,Brunch & Munch,rappi,36.25,21.1,1.03,1.0
46086.0,10.0,COL,Barranquilla,32 BARRANQUILLA,Brunch & Munch,rappi,36.9,32.12,1.08,1.0
46086.0,10.0,COL,Barranquilla,32 BARRANQUILLA,Brunch & Munch,rappi,27.71,19.12,3.82,1.0
46086.0,10.0,COL,Barranquilla,32 BARRANQUILLA,Brunch & Munch,rappi,32.06,25.97,0.75,1.0
46086.0,10.0,COL,Barranquilla,32 BARRANQUILLA,Brunch & Munch,rappi,19.2,14.7,0.82,1.0
46086.0,10.0,COL,Barranquilla,32 BARRANQUILLA,Brunch & Munch,rappi,18.13,1.38,19.8,1.0
46086.0,10.0,COL,Barranquilla,32 BARRANQUILLA,Brunch & Munch,rappi,18.38,8.85,3.64,1.0
46086.0,10.0,COL,Barranquilla,32 BARRANQUILLA,Brunch & Munch,rappi,13.71,8.67,1.15,1.0
46086.0,11.0,COL,Barranquilla,32 BARRANQUILLA,Brunch & Munch,rappi,34.01,26.48,1.99,1.0
46086.0,13.0,COL,Barranquilla,32 BARRANQUILLA,Brunch & Munch,rappi,19.16,12.08,1.88,1.0
46086.0,14.0,COL,Barranquilla,32 BARRANQUILLA,Brunch & Munch,rappi,0.47,,9.21,1.0
46086.0,23.0,COL,Barranquilla,32 BARRANQUILLA,Brunch & Munch,rappi,11.41,0.88,9.82,1.0
46086.0,10.0,COL,Barranquilla,32 BARRANQUILLA,Brunch Club,didi,9.89,12.93,8.07,1.0
46086.0,11.0,COL,Barranquilla,32 BARRANQUILLA,Burrito Cantina,rappi,15.83,9.7,1.02,1.0
46086.0,11.0,COL,Barranquilla,32 BARRANQUILLA,Burritos & Co,didi,10.22,6.07,0.8,1.0
46086.0,11.0,COL,Barranquilla,32 BARRANQUILLA,Burritos & Co,didi,15.7,14.43,3.95,1.0
46086.0,13.0,COL,Barranquilla,32 BARRANQUILLA,Burritos & Co,didi,20.64,14.62,0.07,1.0
46086.0,13.0,COL,Barranquilla,32 BARRANQUILLA,Burritos & Co,didi,37.86,26.8,0.31,1.0
46086.0,14.0,COL,Barranquilla,32 BARRANQUILLA,Burritos & Co,didi,22.83,7.48,1.02,1.0
46086.0,17.0,COL,Barranquilla,32 BARRANQUILLA,Burritos & Co,didi,16.09,11.58,0.74,1.0
46086.0,17.0,COL,Barranquilla,32 BARRANQUILLA,Burritos & Co,didi,12.94,1.27,1.58,1.0
46086.0,17.0,COL,Barranquilla,32 BARRANQUILLA,Burritos & Co,didi,3.9,0.0,0.68,1.0
46086.0,19.0,COL,Barranquilla,32 BARRANQUILLA,Burritos & Co,didi,6.81,1.22,4.89,1.0
46086.0,11.0,COL,Barranquilla,32 BARRANQUILLA,Burritos & Co,rappi,13.85,0.28,3.34,1.0
46086.0,11.0,COL,Barranquilla,32 BARRANQUILLA,Burritos & Co,rappi,15.97,0.12,3.22,1.0
46086.0,11.0,COL,Barranquilla,32 BARRANQUILLA,Burritos & Co,rappi,13.81,0.93,27.41,1.0
46086.0,12.0,COL,Barranquilla,32 BARRANQUILLA,Burritos & Co,rappi,12.82,1.25,1.42,1.0
46086.0,13.0,COL,Barranquilla,32 BARRANQUILLA,Burritos & Co,rappi,10.35,1.02,4.84,1.0
46086.0,13.0,COL,Barranquilla,32 BARRANQUILLA,Burritos & Co,rappi,11.05,0.4,11.93,1.0
46086.0,14.0,COL,Barranquilla,32 BARRANQUILLA,Burritos & Co,rappi,39.73,16.38,1.47,1.0
46086.0,18.0,COL,Barranquilla,32 BARRANQUILLA,Burritos & Co,rappi,8.41,0.75,1.56,1.0
46086.0,19.0,COL,Barranquilla,32 BARRANQUILLA,Burritos & Co,rappi,3.04,0.25,40.04,1.0
46086.0,20.0,COL,Barranquilla,32 BARRANQUILLA,Burritos & Co,rappi,20.76,5.6,1.42,1.0
46086.0,20.0,COL,Barranquilla,32 BARRANQUILLA,Burritos & Co,rappi,13.64,5.62,0.41,1.0
46086.0,21.0,COL,Barranquilla,32 BARRANQUILLA,Burritos & Co,rappi,5.9,3.18,9.93,1.0
46086.0,21.0,COL,Barranquilla,32 BARRANQUILLA,Burritos & Co,rappi,4.28,3.18,9.83,1.0
46086.0,21.0,COL,Barranquilla,32 BARRANQUILLA,Burritos & Co,rappi,6.04,1.67,12.15,1.0
46086.0,21.0,COL,Barranquilla,32 BARRANQUILLA,Burritos & Co,rappi,7.16,10.3,10.7,1.0
46086.0,22.0,COL,Barranquilla,32 BARRANQUILLA,Burritos & Co,rappi,3.56,0.28,7.41,1.0
46086.0,23.0,COL,Barranquilla,32 BARRANQUILLA,Burritos & Co,rappi,8.74,0.78,14.23,1.0
46086.0,23.0,COL,Barranquilla,32 BARRANQUILLA,Burritos & Co,rappi,9.95,0.4,1.85,1.0
46086.0,23.0,COL,Barranquilla,32 BARRANQUILLA,Burritos & Co,rappi,11.76,0.62,0.31,1.0
46086.0,23.0,COL,Barranquilla,32 BARRANQUILLA,Burritos & Co,rappi,9.83,0.18,7.49,1.0
46086.0,13.0,COL,Barranquilla,32 BARRANQUILLA,Burritos & Co Turbo,rappi,4.11,0.42,1.13,1.0
46086.0,15.0,COL,Barranquilla,32 BARRANQUILLA,Burritos & Co Turbo,rappi,3.75,0.72,5.01,1.0
46086.0,20.0,COL,Barranquilla,32 BARRANQUILLA,Burritos & Co Turbo,rappi,5.07,0.65,0.71,1.0
46086.0,12.0,COL,Barranquilla,32 BARRANQUILLA,Casa arabe,rappi,9.71,5.42,0.93,1.0
46086.0,14.0,COL,Barranquilla,32 BARRANQUILLA,Casa arabe,rappi,13.81,0.52,11.8,1.0
46086.0,20.0,COL,Barranquilla,32 BARRANQUILLA,Cinnabon,didi,1.41,2.33,7.73,1.0
46086.0,7.0,COL,Barranquilla,32 BARRANQUILLA,Cinnabon,rappi,12.93,1.07,2.16,1.0
46086.0,8.0,COL,Barranquilla,32 BARRANQUILLA,Cinnabon,rappi,15.95,0.82,28.01,1.0
46086.0,13.0,COL,Barranquilla,32 BARRANQUILLA,Cinnabon,rappi,16.18,1.53,0.88,1.0
46086.0,15.0,COL,Barranquilla,32 BARRANQUILLA,Cinnabon,rappi,3.09,0.25,16.71,1.0
46086.0,15.0,COL,Barranquilla,32 BARRANQUILLA,Cinnabon,rappi,14.11,0.45,15.67,1.0
46086.0,16.0,COL,Barranquilla,32 BARRANQUILLA,Cinnabon,rappi,3.51,0.42,7.65,1.0
46086.0,17.0,COL,Barranquilla,32 BARRANQUILLA,Cinnabon,rappi,5.16,0.5,29.09,1.0
46086.0,18.0,COL,Barranquilla,32 BARRANQUILLA,Cinnabon,rappi,2.54,0.52,10.82,1.0
46086.0,19.0,COL,Barranquilla,32 BARRANQUILLA,Cinnabon,rappi,5.04,0.43,30.85,1.0
46086.0,20.0,COL,Barranquilla,32 BARRANQUILLA,Cinnabon,rappi,2.55,0.55,11.0,1.0
46086.0,21.0,COL,Barranquilla,32 BARRANQUILLA,Cinnabon,rappi,3.02,0.9,26.7,1.0
46086.0,13.0,COL,Barranquilla,32 BARRANQUILLA,Cinnabon Turbo,rappi,3.31,0.0,0.14,1.0
46086.0,17.0,COL,Barranquilla,32 BARRANQUILLA,Cinnabon Turbo,rappi,2.66,0.23,4.37,1.0
46086.0,17.0,COL,Barranquilla,32 BARRANQUILLA,Cinnabon Turbo,rappi,3.65,0.15,5.98,1.0
46086.0,17.0,COL,Barranquilla,32 BARRANQUILLA,Cinnabon Turbo,rappi,2.17,0.12,16.68,1.0
46086.0,9.0,COL,Barranquilla,32 BARRANQUILLA,Desayunos Colombianos,rappi,16.77,11.62,1.93,1.0
46086.0,9.0,COL,Barranquilla,32 BARRANQUILLA,Desayunos Colombianos,rappi,34.01,12.98,1.03,1.0
46086.0,7.0,COL,Barranquilla,32 BARRANQUILLA,Desayunos de la Abuela,didi,7.92,4.27,1.22,1.0
46086.0,7.0,COL,Barranquilla,32 BARRANQUILLA,Desayunos de la Abuela,didi,20.33,1.48,11.67,1.0
46086.0,7.0,COL,Barranquilla,32 BARRANQUILLA,Desayunos de la Abuela,didi,13.98,11.0,2.0,1.0
46086.0,7.0,COL,Barranquilla,32 BARRANQUILLA,Desayunos de la Abuela,didi,16.95,0.77,5.19,1.0
46086.0,8.0,COL,Barranquilla,32 BARRANQUILLA,Desayunos de la Abuela,didi,11.22,8.25,1.91,1.0
46086.0,8.0,COL,Barranquilla,32 BARRANQUILLA,Desayunos de la Abuela,didi,4.63,1.15,1.45,1.0
46086.0,8.0,COL,Barranquilla,32 BARRANQUILLA,Desayunos de la Abuela,didi,14.91,6.22,1.3,1.0
46086.0,8.0,COL,Barranquilla,32 BARRANQUILLA,Desayunos de la Abuela,didi,8.1,4.1,0.94,1.0
46086.0,9.0,COL,Barranquilla,32 BARRANQUILLA,Desayunos de la Abuela,didi,12.87,8.85,1.02,1.0
46086.0,10.0,COL,Barranquilla,32 BARRANQUILLA,Desayunos de la Abuela,didi,38.28,32.3,0.96,1.0
46086.0,10.0,COL,Barranquilla,32 BARRANQUILLA,Desayunos de la Abuela,didi,17.32,1.4,4.67,1.0
46086.0,10.0,COL,Barranquilla,32 BARRANQUILLA,Desayunos de la Abuela,didi,20.97,16.87,0.93,1.0
46086.0,11.0,COL,Barranquilla,32 BARRANQUILLA,Desayunos de la Abuela,didi,22.01,15.7,0.86,1.0
46086.0,6.0,COL,Barranquilla,32 BARRANQUILLA,Desayunos de la Abuela,rappi,21.08,1.13,17.68,1.0
46086.0,7.0,COL,Barranquilla,32 BARRANQUILLA,Desayunos de la Abuela,rappi,13.99,0.52,4.65,1.0
46086.0,7.0,COL,Barranquilla,32 BARRANQUILLA,Desayunos de la Abuela,rappi,7.25,0.1,24.04,1.0
46086.0,7.0,COL,Barranquilla,32 BARRANQUILLA,Desayunos de la Abuela,rappi,14.56,0.85,6.55,1.0
46086.0,8.0,COL,Barranquilla,32 BARRANQUILLA,Desayunos de la Abuela,rappi,10.56,1.68,24.47,1.0
46086.0,8.0,COL,Barranquilla,32 BARRANQUILLA,Desayunos de la Abuela,rappi,8.33,3.3,2.74,1.0
46086.0,8.0,COL,Barranquilla,32 BARRANQUILLA,Desayunos de la Abuela,rappi,9.03,1.68,13.43,1.0
46086.0,8.0,COL,Barranquilla,32 BARRANQUILLA,Desayunos de la Abuela,rappi,4.77,0.87,2.09,1.0
46086.0,8.0,COL,Barranquilla,32 BARRANQUILLA,Desayunos de la Abuela,rappi,13.78,0.0,4.25,1.0
46086.0,8.0,COL,Barranquilla,32 BARRANQUILLA,Desayunos de la Abuela,rappi,13.35,0.73,20.97,1.0
46086.0,8.0,COL,Barranquilla,32 BARRANQUILLA,Desayunos de la Abuela,rappi,21.03,12.05,1.22,1.0
46086.0,8.0,COL,Barranquilla,32 BARRANQUILLA,Desayunos de la Abuela,rappi,16.2,1.0,8.0,1.0
46086.0,8.0,COL,Barranquilla,32 BARRANQUILLA,Desayunos de la Abuela,rappi,16.49,18.35,6.71,1.0
46086.0,8.0,COL,Barranquilla,32 BARRANQUILLA,Desayunos de la Abuela,rappi,18.41,0.2,4.86,1.0
46086.0,8.0,COL,Barranquilla,32 BARRANQUILLA,Desayunos de la Abuela,rappi,19.69,11.55,3.24,1.0
46086.0,9.0,COL,Barranquilla,32 BARRANQUILLA,Desayunos de la Abuela,rappi,19.68,14.63,21.35,1.0
46086.0,9.0,COL,Barranquilla,32 BARRANQUILLA,Desayunos de la Abuela,rappi,23.67,19.25,1.04,1.0
46086.0,9.0,COL,Barranquilla,32 BARRANQUILLA,Desayunos de la Abuela,rappi,26.08,0.63,10.74,1.0
46086.0,9.0,COL,Barranquilla,32 BARRANQUILLA,Desayunos de la Abuela,rappi,28.09,23.7,2.13,1.0
46086.0,9.0,COL,Barranquilla,32 BARRANQUILLA,Desayunos de la Abuela,rappi,9.62,0.38,9.13,1.0
46086.0,9.0,COL,Barranquilla,32 BARRANQUILLA,Desayunos de la Abuela,rappi,19.1,14.63,1.22,1.0
46086.0,9.0,COL,Barranquilla,32 BARRANQUILLA,Desayunos de la Abuela,rappi,18.92,10.52,1.01,1.0
46086.0,9.0,COL,Barranquilla,32 BARRANQUILLA,Desayunos de la Abuela,rappi,32.29,7.37,1.71,1.0
46086.0,9.0,COL,Barranquilla,32 BARRANQUILLA,Desayunos de la Abuela,rappi,27.28,23.6,1.05,1.0
46086.0,9.0,COL,Barranquilla,32 BARRANQUILLA,Desayunos de la Abuela,rappi,40.92,0.28,15.78,1.0
46086.0,9.0,COL,Barranquilla,32 BARRANQUILLA,Desayunos de la Abuela,rappi,36.21,0.27,3.88,1.0
46086.0,9.0,COL,Barranquilla,32 BARRANQUILLA,Desayunos de la Abuela,rappi,28.24,18.67,0.99,1.0
46086.0,9.0,COL,Barranquilla,32 BARRANQUILLA,Desayunos de la Abuela,rappi,37.18,22.33,4.93,1.0
46086.0,10.0,COL,Barranquilla,32 BARRANQUILLA,Desayunos de la Abuela,rappi,36.53,22.35,1.93,1.0
46086.0,10.0,COL,Barranquilla,32 BARRANQUILLA,Desayunos de la Abuela,rappi,29.07,24.67,16.5,1.0
46086.0,10.0,COL,Barranquilla,32 BARRANQUILLA,Desayunos de la Abuela,rappi,14.45,22.38,2.79,1.0
46086.0,10.0,COL,Barranquilla,32 BARRANQUILLA,Desayunos de la Abuela,rappi,25.79,21.57,0.93,1.0
46086.0,10.0,COL,Barranquilla,32 BARRANQUILLA,Desayunos de la Abuela,rappi,36.98,14.73,1.4,1.0
46086.0,11.0,COL,Barranquilla,32 BARRANQUILLA,Desayunos de la Abuela,rappi,22.13,8.58,1.14,1.0
46086.0,11.0,COL,Barranquilla,32 BARRANQUILLA,Desayunos de la Abuela,rappi,11.56,26.73,20.24,1.0
46086.0,11.0,COL,Barranquilla,32 BARRANQUILLA,Desayunos de la Abuela,rappi,27.91,14.93,3.19,1.0
46086.0,11.0,COL,Barranquilla,32 BARRANQUILLA,Desayunos de la Abuela,rappi,16.11,0.25,6.65,1.0
46086.0,11.0,COL,Barranquilla,32 BARRANQUILLA,Desayunos de la Abuela,rappi,26.28,0.9,0.85,1.0
46086.0,11.0,COL,Barranquilla,32 BARRANQUILLA,Desayunos de la Abuela,rappi,14.53,2.38,4.81,1.0
46086.0,14.0,COL,Barranquilla,32 BARRANQUILLA,Desayunos de la Abuela,rappi,28.89,1.23,1.68,1.0
46086.0,15.0,COL,Barranquilla,32 BARRANQUILLA,Desayunos de la Abuela,rappi,17.04,0.73,26.01,1.0
46086.0,18.0,COL,Barranquilla,32 BARRANQUILLA,Desayunos de la Abuela,rappi,14.27,0.25,3.19,1.0
46086.0,13.0,COL,Barranquilla,32 BARRANQUILLA,Desayunos de mi Tierrita,rappi,31.82,11.5,0.13,1.0
46086.0,11.0,COL,Barranquilla,32 BARRANQUILLA,Desgranados & Co,rappi,8.22,6.77,5.84,1.0
46086.0,13.0,COL,Barranquilla,32 BARRANQUILLA,Desgranados & Co,rappi,8.13,3.15,0.88,1.0
46086.0,22.0,COL,Barranquilla,32 BARRANQUILLA,Desgranados & Co Turbo,rappi,6.92,2.43,0.34,1.0
46086.0,12.0,COL,Barranquilla,32 BARRANQUILLA,El Ejecutivo,didi,12.32,8.53,0.98,1.0
46086.0,19.0,COL,Barranquilla,32 BARRANQUILLA,El Ejecutivo,didi,10.77,5.18,3.02,1.0
46086.0,13.0,COL,Barranquilla,32 BARRANQUILLA,El Ejecutivo,rappi,4.89,1.48,5.35,1.0
46086.0,21.0,COL,Barranquilla,32 BARRANQUILLA,El Ejecutivo,rappi,6.46,0.42,0.78,1.0
46086.0,21.0,COL,Barranquilla,32 BARRANQUILLA,Frost by Oreo,rappi,0.15,,21.33,1.0
46086.0,11.0,COL,Barranquilla,32 BARRANQUILLA,Green House,didi,6.47,2.35,1.14,1.0
46086.0,12.0,COL,Barranquilla,32 BARRANQUILLA,Green House,didi,10.84,7.52,1.85,1.0
46086.0,12.0,COL,Barranquilla,32 BARRANQUILLA,Green House,didi,13.2,3.52,6.97,1.0
46086.0,12.0,COL,Barranquilla,32 BARRANQUILLA,Green House,didi,8.1,13.63,2.02,1.0
46086.0,12.0,COL,Barranquilla,32 BARRANQUILLA,Green House,didi,7.82,3.52,2.93,1.0
46086.0,12.0,COL,Barranquilla,32 BARRANQUILLA,Green House,didi,10.07,6.68,1.32,1.0
46086.0,13.0,COL,Barranquilla,32 BARRANQUILLA,Green House,didi,17.19,9.7,4.83,1.0
46086.0,14.0,COL,Barranquilla,32 BARRANQUILLA,Green House,didi,12.24,7.02,0.12,1.0
46086.0,16.0,COL,Barranquilla,32 BARRANQUILLA,Green House,didi,11.2,7.85,1.69,1.0
46086.0,16.0,COL,Barranquilla,32 BARRANQUILLA,Green House,didi,5.11,1.57,1.21,1.0
46086.0,16.0,COL,Barranquilla,32 BARRANQUILLA,Green House,didi,12.05,7.77,0.79,1.0
46086.0,17.0,COL,Barranquilla,32 BARRANQUILLA,Green House,didi,3.92,0.0,0.84,1.0
46086.0,17.0,COL,Barranquilla,32 BARRANQUILLA,Green House,didi,3.17,0.0,1.32,1.0
46086.0,17.0,COL,Barranquilla,32 BARRANQUILLA,Green House,didi,7.94,3.75,0.89,1.0
46086.0,18.0,COL,Barranquilla,32 BARRANQUILLA,Green House,didi,11.61,8.38,2.01,1.0
46086.0,18.0,COL,Barranquilla,32 BARRANQUILLA,Green House,didi,2.01,0.8,8.95,1.0
46086.0,19.0,COL,Barranquilla,32 BARRANQUILLA,Green House,didi,3.89,0.93,4.51,1.0
46086.0,19.0,COL,Barranquilla,32 BARRANQUILLA,Green House,didi,14.69,5.02,1.37,1.0
46086.0,19.0,COL,Barranquilla,32 BARRANQUILLA,Green House,didi,13.91,0.58,29.03,1.0
46086.0,20.0,COL,Barranquilla,32 BARRANQUILLA,Green House,didi,14.38,1.35,4.58,1.0
46086.0,11.0,COL,Barranquilla,32 BARRANQUILLA,Green House,rappi,15.47,11.7,0.93,1.0
46086.0,11.0,COL,Barranquilla,32 BARRANQUILLA,Green House,rappi,14.07,1.63,2.9,1.0
46086.0,11.0,COL,Barranquilla,32 BARRANQUILLA,Green House,rappi,17.85,13.92,1.08,1.0
46086.0,11.0,COL,Barranquilla,32 BARRANQUILLA,Green House,rappi,5.12,1.0,37.9,1.0
46086.0,11.0,COL,Barranquilla,32 BARRANQUILLA,Green House,rappi,4.91,1.68,2.27,1.0
46086.0,12.0,COL,Barranquilla,32 BARRANQUILLA,Green House,rappi,13.07,8.65,2.04,1.0
46086.0,12.0,COL,Barranquilla,32 BARRANQUILLA,Green House,rappi,12.04,1.8,8.34,1.0
46086.0,12.0,COL,Barranquilla,32 BARRANQUILLA,Green House,rappi,12.97,5.05,0.44,1.0
46086.0,12.0,COL,Barranquilla,32 BARRANQUILLA,Green House,rappi,12.81,6.08,1.87,1.0
46086.0,12.0,COL,Barranquilla,32 BARRANQUILLA,Green House,rappi,11.16,2.87,0.71,1.0
46086.0,12.0,COL,Barranquilla,32 BARRANQUILLA,Green House,rappi,14.03,3.37,0.88,1.0
46086.0,12.0,COL,Barranquilla,32 BARRANQUILLA,Green House,rappi,7.77,0.68,4.04,1.0
46086.0,12.0,COL,Barranquilla,32 BARRANQUILLA,Green House,rappi,18.27,14.47,0.99,1.0
46086.0,12.0,COL,Barranquilla,32 BARRANQUILLA,Green House,rappi,10.08,13.97,8.89,1.0
46086.0,13.0,COL,Barranquilla,32 BARRANQUILLA,Green House,rappi,15.27,0.0,2.96,1.0
46086.0,13.0,COL,Barranquilla,32 BARRANQUILLA,Green House,rappi,6.05,0.05,1.14,1.0
46086.0,13.0,COL,Barranquilla,32 BARRANQUILLA,Green House,rappi,22.98,18.8,0.87,1.0
46086.0,13.0,COL,Barranquilla,32 BARRANQUILLA,Green House,rappi,10.72,0.8,0.46,1.0
46086.0,13.0,COL,Barranquilla,32 BARRANQUILLA,Green House,rappi,21.69,0.15,3.23,1.0
46086.0,13.0,COL,Barranquilla,32 BARRANQUILLA,Green House,rappi,18.9,2.48,0.89,1.0
46086.0,13.0,COL,Barranquilla,32 BARRANQUILLA,Green House,rappi,17.28,10.17,0.77,1.0
46086.0,13.0,COL,Barranquilla,32 BARRANQUILLA,Green House,rappi,17.71,12.73,4.17,1.0
46086.0,13.0,COL,Barranquilla,32 BARRANQUILLA,Green House,rappi,12.06,5.2,13.59,1.0
46086.0,13.0,COL,Barranquilla,32 BARRANQUILLA,Green House,rappi,13.62,0.43,8.42,1.0
46086.0,13.0,COL,Barranquilla,32 BARRANQUILLA,Green House,rappi,9.88,5.2,0.86,1.0
46086.0,14.0,COL,Barranquilla,32 BARRANQUILLA,Green House,rappi,19.15,14.67,0.22,1.0
46086.0,14.0,COL,Barranquilla,32 BARRANQUILLA,Green House,rappi,12.96,0.68,1.36,1.0
46086.0,14.0,COL,Barranquilla,32 BARRANQUILLA,Green House,rappi,22.28,0.35,0.7,1.0
46086.0,14.0,COL,Barranquilla,32 BARRANQUILLA,Green House,rappi,18.02,0.2,36.97,1.0
46086.0,14.0,COL,Barranquilla,32 BARRANQUILLA,Green House,rappi,18.76,0.0,25.31,1.0
46086.0,15.0,COL,Barranquilla,32 BARRANQUILLA,Green House,rappi,13.17,8.5,0.13,1.0
46086.0,15.0,COL,Barranquilla,32 BARRANQUILLA,Green House,rappi,13.62,9.3,0.54,1.0
46086.0,16.0,COL,Barranquilla,32 BARRANQUILLA,Green House,rappi,12.13,7.1,1.0,
46086.0,16.0,COL,Barranquilla,32 BARRANQUILLA,Green House,rappi,6.05,0.82,10.22,1.0
46086.0,18.0,COL,Barranquilla,32 BARRANQUILLA,Green House,rappi,4.11,9.18,9.99,1.0
46086.0,18.0,COL,Barranquilla,32 BARRANQUILLA,Green House,rappi,11.0,0.0,1.38,1.0
46086.0,18.0,COL,Barranquilla,32 BARRANQUILLA,Green House,rappi,8.48,1.0,16.52,1.0
46086.0,18.0,COL,Barranquilla,32 BARRANQUILLA,Green House,rappi,7.91,3.42,0.33,1.0
46086.0,18.0,COL,Barranquilla,32 BARRANQUILLA,Green House,rappi,8.11,0.77,3.92,1.0
46086.0,18.0,COL,Barranquilla,32 BARRANQUILLA,Green House,rappi,10.94,1.0,0.8,1.0
46086.0,19.0,COL,Barranquilla,32 BARRANQUILLA,Green House,rappi,13.46,9.15,1.02,1.0
46086.0,20.0,COL,Barranquilla,32 BARRANQUILLA,Green House,rappi,7.79,0.5,9.0,1.0
46086.0,20.0,COL,Barranquilla,32 BARRANQUILLA,Green House,rappi,8.95,11.18,7.15,1.0
46086.0,20.0,COL,Barranquilla,32 BARRANQUILLA,Green House,rappi,14.44,0.0,0.96,1.0
46086.0,21.0,COL,Barranquilla,32 BARRANQUILLA,Green House,rappi,5.29,2.48,1.98,1.0
46086.0,21.0,COL,Barranquilla,32 BARRANQUILLA,Green House,rappi,5.87,2.47,1.4,1.0
46086.0,21.0,COL,Barranquilla,32 BARRANQUILLA,Green House,rappi,3.27,0.38,17.5,1.0
46086.0,13.0,COL,Barranquilla,32 BARRANQUILLA,Honest Food,rappi,8.35,0.58,23.91,1.0
46086.0,16.0,COL,Barranquilla,32 BARRANQUILLA,Honest Food,rappi,11.69,0.57,8.28,1.0
46086.0,18.0,COL,Barranquilla,32 BARRANQUILLA,Honest Food,rappi,4.06,0.48,26.84,1.0
46086.0,20.0,COL,Barranquilla,32 BARRANQUILLA,Honest Food,rappi,20.11,0.35,13.86,1.0
46086.0,23.0,COL,Barranquilla,32 BARRANQUILLA,Honest Food,rappi,10.89,0.27,13.38,1.0
46086.0,11.0,COL,Barranquilla,32 BARRANQUILLA,House of Salads,rappi,7.32,3.18,0.77,1.0
46086.0,13.0,COL,Barranquilla,32 BARRANQUILLA,House of Salads,rappi,12.99,0.0,20.82,1.0
46086.0,18.0,COL,Barranquilla,32 BARRANQUILLA,House of Salads,rappi,10.79,3.62,1.38,1.0
46086.0,18.0,COL,Barranquilla,32 BARRANQUILLA,House of Salads,rappi,3.91,0.17,11.1,1.0
46086.0,21.0,COL,Barranquilla,32 BARRANQUILLA,House of Salads,rappi,9.5,5.93,1.44,1.0
46086.0,21.0,COL,Barranquilla,32 BARRANQUILLA,House of Salads,rappi,6.03,0.47,4.03,1.0
46086.0,13.0,COL,Barranquilla,32 BARRANQUILLA,House of Salads Turbo,rappi,5.15,0.35,5.54,1.0
46086.0,17.0,COL,Barranquilla,32 BARRANQUILLA,House of Salads Turbo,rappi,3.84,0.22,11.31,1.0
46086.0,18.0,COL,Barranquilla,32 BARRANQUILLA,House of Salads Turbo,rappi,2.31,0.33,18.08,1.0
46086.0,20.0,COL,Barranquilla,32 BARRANQUILLA,House of Salads Turbo,rappi,4.88,0.63,0.89,1.0
46086.0,18.0,COL,Barranquilla,32 BARRANQUILLA,La Casa Mexicana,didi,8.74,0.5,0.41,1.0
46086.0,22.0,COL,Barranquilla,32 BARRANQUILLA,La Casa Mexicana,didi,4.06,1.82,7.26,1.0
46086.0,13.0,COL,Barranquilla,32 BARRANQUILLA,La Casa Mexicana,rappi,16.75,12.52,0.94,1.0
46086.0,11.0,COL,Barranquilla,32 BARRANQUILLA,La Cuadra,didi,7.21,4.33,1.98,1.0
46086.0,12.0,COL,Barranquilla,32 BARRANQUILLA,La Cuadra,didi,9.06,7.15,3.03,1.0
46086.0,12.0,COL,Barranquilla,32 BARRANQUILLA,La Cuadra,didi,5.81,1.7,1.0,1.0
46086.0,13.0,COL,Barranquilla,32 BARRANQUILLA,La Cuadra,didi,7.87,3.38,21.19,1.0
46086.0,13.0,COL,Barranquilla,32 BARRANQUILLA,La Cuadra,didi,4.94,0.87,8.16,1.0
46086.0,13.0,COL,Barranquilla,32 BARRANQUILLA,La Cuadra,didi,15.95,1.25,7.21,1.0
46086.0,13.0,COL,Barranquilla,32 BARRANQUILLA,La Cuadra,didi,11.01,0.43,2.75,1.0
46086.0,13.0,COL,Barranquilla,32 BARRANQUILLA,La Cuadra,didi,10.62,8.95,3.35,1.0
46086.0,14.0,COL,Barranquilla,32 BARRANQUILLA,La Cuadra,didi,22.04,13.95,0.14,1.0
46086.0,14.0,COL,Barranquilla,32 BARRANQUILLA,La Cuadra,didi,29.07,26.87,7.52,1.0
46086.0,14.0,COL,Barranquilla,32 BARRANQUILLA,La Cuadra,didi,5.48,1.33,0.71,1.0
46086.0,15.0,COL,Barranquilla,32 BARRANQUILLA,La Cuadra,didi,7.83,6.07,3.18,1.0
46086.0,16.0,COL,Barranquilla,32 BARRANQUILLA,La Cuadra,didi,7.16,2.4,0.07,1.0
46086.0,17.0,COL,Barranquilla,32 BARRANQUILLA,La Cuadra,didi,13.82,9.23,0.3,1.0
46086.0,18.0,COL,Barranquilla,32 BARRANQUILLA,La Cuadra,didi,10.95,4.23,0.91,1.0
46086.0,11.0,COL,Barranquilla,32 BARRANQUILLA,La Cuadra,rappi,10.75,5.17,0.82,1.0
46086.0,11.0,COL,Barranquilla,32 BARRANQUILLA,La Cuadra,rappi,19.4,6.88,0.89,1.0
46086.0,11.0,COL,Barranquilla,32 BARRANQUILLA,La Cuadra,rappi,10.23,0.32,1.53,1.0
46086.0,11.0,COL,Barranquilla,32 BARRANQUILLA,La Cuadra,rappi,17.91,6.4,0.9,1.0
46086.0,11.0,COL,Barranquilla,32 BARRANQUILLA,La Cuadra,rappi,13.03,8.02,3.14,1.0
46086.0,11.0,COL,Barranquilla,32 BARRANQUILLA,La Cuadra,rappi,6.11,1.35,16.03,1.0
46086.0,11.0,COL,Barranquilla,32 BARRANQUILLA,La Cuadra,rappi,11.33,1.62,12.93,1.0
46086.0,11.0,COL,Barranquilla,32 BARRANQUILLA,La Cuadra,rappi,7.17,2.78,13.22,1.0
46086.0,11.0,COL,Barranquilla,32 BARRANQUILLA,La Cuadra,rappi,11.36,1.8,2.73,1.0
46086.0,12.0,COL,Barranquilla,32 BARRANQUILLA,La Cuadra,rappi,12.92,0.67,2.99,1.0
46086.0,12.0,COL,Barranquilla,32 BARRANQUILLA,La Cuadra,rappi,8.0,1.03,23.12,1.0
46086.0,12.0,COL,Barranquilla,32 BARRANQUILLA,La Cuadra,rappi,0.0,,1.0,
46086.0,12.0,COL,Barranquilla,32 BARRANQUILLA,La Cuadra,rappi,11.12,1.07,1.79,1.0
46086.0,12.0,COL,Barranquilla,32 BARRANQUILLA,La Cuadra,rappi,9.07,2.28,1.79,1.0
46086.0,12.0,COL,Barranquilla,32 BARRANQUILLA,La Cuadra,rappi,7.09,0.87,6.47,1.0
46086.0,12.0,COL,Barranquilla,32 BARRANQUILLA,La Cuadra,rappi,6.04,1.88,15.71,1.0
46086.0,13.0,COL,Barranquilla,32 BARRANQUILLA,La Cuadra,rappi,12.96,0.93,8.18,1.0
46086.0,13.0,COL,Barranquilla,32 BARRANQUILLA,La Cuadra,rappi,16.98,0.33,1.93,1.0
46086.0,13.0,COL,Barranquilla,32 BARRANQUILLA,La Cuadra,rappi,16.49,5.7,0.9,1.0
46086.0,13.0,COL,Barranquilla,32 BARRANQUILLA,La Cuadra,rappi,19.27,0.15,23.04,1.0
46086.0,13.0,COL,Barranquilla,32 BARRANQUILLA,La Cuadra,rappi,13.0,0.37,5.26,1.0
46086.0,13.0,COL,Barranquilla,32 BARRANQUILLA,La Cuadra,rappi,14.2,0.0,1.0,
46086.0,13.0,COL,Barranquilla,32 BARRANQUILLA,La Cuadra,rappi,10.19,0.73,15.97,1.0
46086.0,14.0,COL,Barranquilla,32 BARRANQUILLA,La Cuadra,rappi,36.14,8.93,0.56,1.0
46086.0,15.0,COL,Barranquilla,32 BARRANQUILLA,La Cuadra,rappi,4.05,0.42,42.92,1.0
46086.0,15.0,COL,Barranquilla,32 BARRANQUILLA,La Cuadra,rappi,14.1,0.38,10.25,1.0
46086.0,16.0,COL,Barranquilla,32 BARRANQUILLA,La Cuadra,rappi,12.89,0.13,2.93,1.0
46086.0,17.0,COL,Barranquilla,32 BARRANQUILLA,La Cuadra,rappi,9.17,0.17,5.9,1.0
46086.0,18.0,COL,Barranquilla,32 BARRANQUILLA,La Cuadra,rappi,10.96,0.37,17.03,1.0
46086.0,22.0,COL,Barranquilla,32 BARRANQUILLA,La Cuadra,rappi,6.01,0.2,13.46,1.0
46086.0,23.0,COL,Barranquilla,32 BARRANQUILLA,La Cuadra,rappi,13.06,8.33,0.12,1.0
46086.0,6.0,COL,Barranquilla,32 BARRANQUILLA,La Cuadra Desayunos,rappi,7.24,0.63,24.8,1.0
46086.0,12.0,COL,Barranquilla,32 BARRANQUILLA,La Cuadra Turbo,rappi,2.84,0.4,4.18,1.0
46086.0,14.0,COL,Barranquilla,32 BARRANQUILLA,La Cuadra Turbo,rappi,4.2,0.0,0.79,1.0
46086.0,20.0,COL,Barranquilla,32 BARRANQUILLA,La Cuadra Turbo,rappi,4.0,0.27,1.27,1.0
46086.0,9.0,COL,Barranquilla,32 BARRANQUILLA,LA ÑAMGUCHERIA,didi,22.97,16.77,1.14,1.0
46086.0,16.0,COL,Barranquilla,32 BARRANQUILLA,LA ÑAMGUCHERIA,didi,22.62,17.18,1.94,1.0
46086.0,22.0,COL,Barranquilla,32 BARRANQUILLA,LA ÑAMGUCHERIA,didi,18.0,8.05,1.69,1.0
46086.0,9.0,COL,Barranquilla,32 BARRANQUILLA,LA ÑAMGUCHERIA,rappi,23.9,7.37,2.37,1.0
46086.0,13.0,COL,Barranquilla,32 BARRANQUILLA,LA ÑAMGUCHERIA,rappi,25.82,2.62,0.97,1.0
46086.0,13.0,COL,Barranquilla,32 BARRANQUILLA,LA ÑAMGUCHERIA,rappi,21.36,9.25,0.59,1.0
46086.0,13.0,COL,Barranquilla,32 BARRANQUILLA,LA ÑAMGUCHERIA,rappi,37.18,1.02,0.17,1.0
46086.0,15.0,COL,Barranquilla,32 BARRANQUILLA,LA ÑAMGUCHERIA,rappi,22.06,0.23,6.37,1.0
46086.0,17.0,COL,Barranquilla,32 BARRANQUILLA,LA ÑAMGUCHERIA,rappi,22.18,0.67,25.1,1.0
46086.0,21.0,COL,Barranquilla,32 BARRANQUILLA,LA ÑAMGUCHERIA,rappi,9.53,0.43,10.68,1.0
46086.0,8.0,COL,Barranquilla,32 BARRANQUILLA,LA PANQUEQUERIA,rappi,8.68,5.92,2.25,1.0
46086.0,11.0,COL,Barranquilla,32 BARRANQUILLA,LA PANQUEQUERIA,rappi,13.76,0.18,19.17,1.0
46086.0,12.0,COL,Barranquilla,32 BARRANQUILLA,LA PANQUEQUERIA,rappi,14.06,2.03,1.08,1.0
46086.0,13.0,COL,Barranquilla,32 BARRANQUILLA,Local - Cocina Consciente,rappi,23.11,5.9,0.1,1.0
46086.0,14.0,COL,Barranquilla,32 BARRANQUILLA,Local - Cocina Consciente,rappi,35.26,30.97,0.7,1.0
46086.0,7.0,COL,Barranquilla,32 BARRANQUILLA,Mañanero Diario,rappi,16.31,12.78,1.53,1.0
46086.0,13.0,COL,Barranquilla,32 BARRANQUILLA,Monteverde Turbo,rappi,0.52,,14.74,1.0
46086.0,11.0,COL,Barranquilla,32 BARRANQUILLA,Mr Beast Burger,didi,19.24,15.22,0.88,1.0
46086.0,11.0,COL,Barranquilla,32 BARRANQUILLA,Mr Beast Burger,didi,8.8,4.8,1.06,1.0
46086.0,12.0,COL,Barranquilla,32 BARRANQUILLA,Mr Beast Burger,didi,23.38,19.42,0.86,1.0
46086.0,13.0,COL,Barranquilla,32 BARRANQUILLA,Mr Beast Burger,didi,16.84,2.4,1.23,1.0
46086.0,14.0,COL,Barranquilla,32 BARRANQUILLA,Mr Beast Burger,didi,13.9,1.63,2.28,1.0
46086.0,15.0,COL,Barranquilla,32 BARRANQUILLA,Mr Beast Burger,didi,22.01,14.9,1.22,1.0
46086.0,18.0,COL,Barranquilla,32 BARRANQUILLA,Mr Beast Burger,didi,9.95,5.8,0.94,1.0
46086.0,19.0,COL,Barranquilla,32 BARRANQUILLA,Mr Beast Burger,didi,12.76,2.4,6.03,1.0
46086.0,19.0,COL,Barranquilla,32 BARRANQUILLA,Mr Beast Burger,didi,11.98,0.95,0.85,1.0
46086.0,19.0,COL,Barranquilla,32 BARRANQUILLA,Mr Beast Burger,didi,9.53,3.95,1.68,1.0
46086.0,19.0,COL,Barranquilla,32 BARRANQUILLA,Mr Beast Burger,didi,10.02,5.23,1.98,1.0
46086.0,20.0,COL,Barranquilla,32 BARRANQUILLA,Mr Beast Burger,didi,12.91,8.07,12.94,1.0
46086.0,21.0,COL,Barranquilla,32 BARRANQUILLA,Mr Beast Burger,didi,11.15,5.93,7.67,1.0
46086.0,21.0,COL,Barranquilla,32 BARRANQUILLA,Mr Beast Burger,didi,17.01,9.4,0.96,1.0
46086.0,21.0,COL,Barranquilla,32 BARRANQUILLA,Mr Beast Burger,didi,12.98,8.63,0.78,1.0
46086.0,22.0,COL,Barranquilla,32 BARRANQUILLA,Mr Beast Burger,didi,14.24,1.8,1.02,1.0
46086.0,23.0,COL,Barranquilla,32 BARRANQUILLA,Mr Beast Burger,didi,7.98,3.6,1.0,1.0
46086.0,23.0,COL,Barranquilla,32 BARRANQUILLA,Mr Beast Burger,didi,11.43,7.82,1.04,1.0
46086.0,23.0,COL,Barranquilla,32 BARRANQUILLA,Mr Beast Burger,didi,10.15,5.6,0.19,1.0
46086.0,13.0,COL,Barranquilla,32 BARRANQUILLA,Mr Beast Burger,rappi,18.98,2.63,0.98,1.0
46086.0,15.0,COL,Barranquilla,32 BARRANQUILLA,Mr Beast Burger,rappi,12.08,2.4,4.54,1.0
46086.0,16.0,COL,Barranquilla,32 BARRANQUILLA,Mr Beast Burger,rappi,24.32,4.48,0.93,1.0
46086.0,17.0,COL,Barranquilla,32 BARRANQUILLA,Mr Beast Burger,rappi,25.16,0.15,9.74,1.0
46086.0,17.0,COL,Barranquilla,32 BARRANQUILLA,Mr Beast Burger,rappi,17.38,0.25,7.75,1.0
46086.0,19.0,COL,Barranquilla,32 BARRANQUILLA,Mr Beast Burger,rappi,16.43,11.25,0.93,1.0
46086.0,20.0,COL,Barranquilla,32 BARRANQUILLA,Mr Beast Burger,rappi,11.92,0.9,10.77,1.0
46086.0,21.0,COL,Barranquilla,32 BARRANQUILLA,Mr Beast Burger,rappi,14.44,2.03,0.71,1.0
46086.0,21.0,COL,Barranquilla,32 BARRANQUILLA,Mr Beast Burger,rappi,8.81,0.2,20.97,1.0
46086.0,23.0,COL,Barranquilla,32 BARRANQUILLA,Mr Beast Burger,rappi,9.71,0.25,11.96,1.0
46086.0,23.0,COL,Barranquilla,32 BARRANQUILLA,Mr Beast Burger,rappi,11.82,0.17,8.45,1.0
46086.0,18.0,COL,Barranquilla,32 BARRANQUILLA,Ñamgucheria Turbo,rappi,14.06,0.38,2.36,1.0
46086.0,12.0,COL,Barranquilla,32 BARRANQUILLA,Que Chicken,rappi,20.96,0.63,15.21,1.0
46086.0,15.0,COL,Barranquilla,32 BARRANQUILLA,SAN JERÓNIMO TURBO,rappi,0.25,,2.53,1.0
46086.0,16.0,COL,Barranquilla,32 BARRANQUILLA,SAN JERÓNIMO TURBO,rappi,1.07,,5.59,1.0
46086.0,16.0,COL,Barranquilla,32 BARRANQUILLA,SAN JERÓNIMO TURBO,rappi,0.0,,4.0,1.0
46086.0,8.0,COL,Barranquilla,32 BARRANQUILLA,SÁNDUCHES EL JEFE,didi,8.99,3.28,1.0,1.0
46086.0,8.0,COL,Barranquilla,32 BARRANQUILLA,SÁNDUCHES EL JEFE,rappi,8.19,0.25,22.96,1.0
46086.0,19.0,COL,Barranquilla,32 BARRANQUILLA,SÁNDUCHES EL JEFE,rappi,8.72,0.5,8.3,1.0
46086.0,14.0,COL,Barranquilla,32 BARRANQUILLA,Selvatiko,didi,3.7,,6.12,1.0
46086.0,15.0,COL,Barranquilla,32 BARRANQUILLA,Señor Burrito,didi,9.02,0.7,2.25,1.0
46086.0,18.0,COL,Barranquilla,32 BARRANQUILLA,Señor Burrito,didi,8.13,3.5,0.57,1.0
46086.0,10.0,COL,Barranquilla,32 BARRANQUILLA,Señor Burrito,rappi,19.57,3.55,0.4,1.0
46086.0,20.0,COL,Barranquilla,32 BARRANQUILLA,Señor Burrito,rappi,13.49,0.63,24.57,1.0
46086.0,7.0,COL,Barranquilla,32 BARRANQUILLA,The Breakfast Club,rappi,6.25,1.12,33.77,1.0
46086.0,7.0,COL,Barranquilla,32 BARRANQUILLA,The Breakfast Club,rappi,7.44,1.12,20.88,1.0
46086.0,7.0,COL,Barranquilla,32 BARRANQUILLA,The Breakfast Club,rappi,19.52,0.55,8.5,1.0
46086.0,8.0,COL,Barranquilla,32 BARRANQUILLA,The Breakfast Club,rappi,15.74,1.25,4.34,1.0
46086.0,9.0,COL,Barranquilla,32 BARRANQUILLA,The Breakfast Club,rappi,31.77,2.07,14.33,1.0
46086.0,9.0,COL,Barranquilla,32 BARRANQUILLA,The Breakfast Club,rappi,22.05,0.93,6.74,1.0
46086.0,9.0,COL,Barranquilla,32 BARRANQUILLA,The Breakfast Club,rappi,22.1,0.6,10.17,1.0
46086.0,9.0,COL,Barranquilla,32 BARRANQUILLA,The Breakfast Club,rappi,31.59,2.93,2.27,1.0
46086.0,9.0,COL,Barranquilla,32 BARRANQUILLA,The Breakfast Club,rappi,24.39,1.43,8.01,1.0
46086.0,9.0,COL,Barranquilla,32 BARRANQUILLA,The Breakfast Club,rappi,37.32,16.55,0.92,1.0
46086.0,9.0,COL,Barranquilla,32 BARRANQUILLA,The Breakfast Club,rappi,37.17,14.77,0.95,1.0
46086.0,9.0,COL,Barranquilla,32 BARRANQUILLA,The Breakfast Club,rappi,26.19,8.1,1.82,1.0
46086.0,9.0,COL,Barranquilla,32 BARRANQUILLA,The Breakfast Club,rappi,28.98,3.12,1.86,1.0
46086.0,9.0,COL,Barranquilla,32 BARRANQUILLA,The Breakfast Club,rappi,25.19,8.1,0.64,1.0
46086.0,10.0,COL,Barranquilla,32 BARRANQUILLA,The Breakfast Club,rappi,30.96,0.32,22.24,1.0
46086.0,12.0,COL,Barranquilla,32 BARRANQUILLA,The Breakfast Club,rappi,6.8,2.22,8.1,1.0
46086.0,8.0,COL,Barranquilla,32 BARRANQUILLA,The Egg Spot,rappi,10.04,5.53,2.81,1.0
46086.0,21.0,COL,Barranquilla,32 BARRANQUILLA,Vicio Turbo,rappi,0.0,,3.13,1.0
46086.0,13.0,COL,Bogotá,03 CHAPINERO,Acpm Corrientazo Turbo,rappi,4.14,0.6,5.8,1.0
46086.0,12.0,COL,Bogotá,38 KENNEDY,Alba Vegetarian,didi,7.46,3.23,0.7,1.0
46086.0,13.0,COL,Bogotá,45 VERAGUAS,Alba Vegetarian,didi,13.17,4.53,0.9,1.0
46086.0,13.0,COL,Bogotá,06 COLINA,Alba Vegetarian,didi,22.23,13.47,1.01,1.0
46086.0,15.0,COL,Bogotá,06 COLINA,Alba Vegetarian,didi,20.65,13.7,0.3,1.0
46086.0,16.0,COL,Bogotá,06 COLINA,Alba Vegetarian,didi,11.07,6.73,0.36,1.0
46086.0,17.0,COL,Bogotá,02 PARQUE 93,Alba Vegetarian,didi,12.14,6.4,0.38,1.0
46086.0,18.0,COL,Bogotá,02 PARQUE 93,Alba Vegetarian,didi,14.4,7.68,0.79,1.0
46086.0,18.0,COL,Bogotá,36 VILLA DEL PRADO,Alba Vegetarian,didi,7.11,11.9,9.9,1.0
46086.0,18.0,COL,Bogotá,08 ANDES,Alba Vegetarian,didi,6.67,3.3,1.89,1.0
46086.0,18.0,COL,Bogotá,15 ENGATIVA,Alba Vegetarian,didi,21.2,1.32,3.52,1.0
46086.0,19.0,COL,Bogotá,03 CHAPINERO,Alba Vegetarian,didi,6.55,0.47,3.98,1.0
46086.0,20.0,COL,Bogotá,03 CHAPINERO,Alba Vegetarian,didi,6.27,0.52,0.59,1.0
46086.0,21.0,COL,Bogotá,15 ENGATIVA,Alba Vegetarian,didi,10.89,1.52,0.65,1.0
46086.0,22.0,COL,Bogotá,02 PARQUE 93,Alba Vegetarian,didi,32.66,14.38,1.0,1.0
46086.0,22.0,COL,Bogotá,01 USAQUEN,Alba Vegetarian,didi,17.8,2.82,0.23,1.0
46086.0,12.0,COL,Bogotá,02 PARQUE 93,Alba Vegetarian,rappi,34.53,2.28,0.8,1.0
46086.0,12.0,COL,Bogotá,69 ARRECIFE,Alba Vegetarian,rappi,11.13,0.25,53.94,1.0
46086.0,18.0,COL,Bogotá,01 USAQUEN,Alba Vegetarian,rappi,18.35,6.7,0.5,1.0
46086.0,18.0,COL,Bogotá,65 CALLE 109,Alba Vegetarian,rappi,11.8,4.85,24.21,1.0
46086.0,21.0,COL,Bogotá,06 COLINA,Alba Vegetarian,rappi,17.99,13.93,2.94,1.0
46086.0,20.0,COL,Bogotá,65 CALLE 109,Alba Vegetarian Turbo,rappi,3.11,2.87,4.8,1.0
46086.0,11.0,COL,Bogotá,13 CHIA,Almuerzos de la Casa,didi,26.28,18.32,0.74,1.0
46086.0,12.0,COL,Bogotá,65 CALLE 109,Almuerzos de la Casa,didi,5.77,1.35,14.15,1.0
46086.0,12.0,COL,Bogotá,45 VERAGUAS,Almuerzos de la Casa,didi,16.99,1.35,4.76,1.0
46086.0,13.0,COL,Bogotá,03 CHAPINERO,Almuerzos de la Casa,didi,5.05,1.15,8.84,1.0
46086.0,13.0,COL,Bogotá,38 KENNEDY,Almuerzos de la Casa,didi,6.0,0.27,4.92,1.0
46086.0,13.0,COL,Bogotá,02 PARQUE 93,Almuerzos de la Casa,didi,10.58,6.07,0.44,1.0
46086.0,14.0,COL,Bogotá,06 COLINA,Almuerzos de la Casa,didi,15.57,11.33,1.01,1.0
46086.0,14.0,COL,Bogotá,45 VERAGUAS,Almuerzos de la Casa,didi,11.21,0.12,3.14,1.0
46086.0,14.0,COL,Bogotá,08 ANDES,Almuerzos de la Casa,didi,5.14,0.85,0.75,1.0
46086.0,14.0,COL,Bogotá,02 PARQUE 93,Almuerzos de la Casa,didi,18.85,5.78,1.16,1.0
46086.0,14.0,COL,Bogotá,13 CHIA,Almuerzos de la Casa,didi,19.56,15.4,0.67,1.0
46086.0,15.0,COL,Bogotá,45 VERAGUAS,Almuerzos de la Casa,didi,6.01,0.52,6.38,1.0
46086.0,17.0,COL,Bogotá,02 PARQUE 93,Almuerzos de la Casa,didi,7.83,4.98,2.15,1.0
46086.0,21.0,COL,Bogotá,03 CHAPINERO,Almuerzos de la Casa,didi,7.04,0.92,19.67,1.0
46086.0,12.0,COL,Bogotá,36 VILLA DEL PRADO,Almuerzos de la Casa,rappi,18.81,6.33,1.05,1.0
46086.0,13.0,COL,Bogotá,02 PARQUE 93,Almuerzos de la Casa,rappi,0.0,,1.0,
46086.0,13.0,COL,Bogotá,01 USAQUEN,Almuerzos de la Casa,rappi,25.95,0.43,17.41,1.0
46086.0,17.0,COL,Bogotá,38 KENNEDY,Almuerzos de la Casa,rappi,7.51,0.47,53.16,1.0
46086.0,12.0,COL,Bogotá,06 COLINA,Almuerzos de la Casa Turbo,rappi,3.73,5.25,6.41,1.0
46086.0,12.0,COL,Bogotá,08 ANDES,Avocalia,didi,4.9,0.07,0.13,1.0
46086.0,13.0,COL,Bogotá,03 CHAPINERO,Avocalia,didi,9.04,4.7,0.78,1.0
46086.0,14.0,COL,Bogotá,45 VERAGUAS,Avocalia,didi,8.59,0.97,0.09,1.0
46086.0,15.0,COL,Bogotá,65 CALLE 109,Avocalia,didi,19.73,15.45,0.93,1.0
46086.0,16.0,COL,Bogotá,03 CHAPINERO,Avocalia,didi,0.0,,4.01,1.0
46086.0,21.0,COL,Bogotá,36 VILLA DEL PRADO,Avocalia,didi,4.85,0.35,0.35,1.0
46086.0,8.0,COL,Bogotá,65 CALLE 109,Avocalia,foodologypos,0.0,,0.55,1.0
46086.0,8.0,COL,Bogotá,50 CHICO,Avocalia,foodologypos,0.0,,1.0,
46086.0,8.0,COL,Bogotá,50 CHICO,Avocalia,foodologypos,0.0,,1.0,
46086.0,8.0,COL,Bogotá,65 CALLE 109,Avocalia,foodologypos,0.0,,0.04,1.0
46086.0,8.0,COL,Bogotá,50 CHICO,Avocalia,foodologypos,0.0,,1.0,
46086.0,9.0,COL,Bogotá,50 CHICO,Avocalia,foodologypos,0.0,,1.0,
46086.0,9.0,COL,Bogotá,50 CHICO,Avocalia,foodologypos,0.0,,1.0,
46086.0,10.0,COL,Bogotá,50 CHICO,Avocalia,foodologypos,0.0,,1.0,
46086.0,10.0,COL,Bogotá,50 CHICO,Avocalia,foodologypos,0.0,,1.0,
46086.0,10.0,COL,Bogotá,50 CHICO,Avocalia,foodologypos,0.0,,1.0,
46086.0,10.0,COL,Bogotá,50 CHICO,Avocalia,foodologypos,0.0,,1.0,
46086.0,10.0,COL,Bogotá,50 CHICO,Avocalia,foodologypos,0.0,,1.0,
46086.0,10.0,COL,Bogotá,50 CHICO,Avocalia,foodologypos,0.0,,1.0,
46086.0,10.0,COL,Bogotá,50 CHICO,Avocalia,foodologypos,8.3,0.0,1.0,
46086.0,11.0,COL,Bogotá,50 CHICO,Avocalia,foodologypos,5.03,0.0,0.07,1.0
46086.0,11.0,COL,Bogotá,50 CHICO,Avocalia,foodologypos,0.0,,1.0,
46086.0,11.0,COL,Bogotá,50 CHICO,Avocalia,foodologypos,0.0,,1.0,
46086.0,11.0,COL,Bogotá,50 CHICO,Avocalia,foodologypos,0.0,,1.0,
46086.0,11.0,COL,Bogotá,50 CHICO,Avocalia,foodologypos,0.0,,1.0,
46086.0,11.0,COL,Bogotá,65 CALLE 109,Avocalia,foodologypos,12.32,0.0,1.0,
46086.0,11.0,COL,Bogotá,65 CALLE 109,Avocalia,foodologypos,33.72,0.0,1.0,
46086.0,11.0,COL,Bogotá,50 CHICO,Avocalia,foodologypos,3.09,0.0,2.07,1.0
46086.0,12.0,COL,Bogotá,50 CHICO,Avocalia,foodologypos,7.87,0.0,0.48,1.0
46086.0,12.0,COL,Bogotá,50 CHICO,Avocalia,foodologypos,0.0,,0.03,1.0
46086.0,12.0,COL,Bogotá,65 CALLE 109,Avocalia,foodologypos,16.28,0.0,1.0,
46086.0,13.0,COL,Bogotá,50 CHICO,Avocalia,foodologypos,0.0,,1.0,
46086.0,13.0,COL,Bogotá,65 CALLE 109,Avocalia,foodologypos,17.06,0.0,1.0,
46086.0,13.0,COL,Bogotá,65 CALLE 109,Avocalia,foodologypos,13.7,0.0,1.0,
46086.0,13.0,COL,Bogotá,50 CHICO,Avocalia,foodologypos,12.81,0.0,2.04,1.0
46086.0,13.0,COL,Bogotá,65 CALLE 109,Avocalia,foodologypos,10.14,0.0,1.0,
46086.0,13.0,COL,Bogotá,50 CHICO,Avocalia,foodologypos,0.0,,1.0,
46086.0,14.0,COL,Bogotá,50 CHICO,Avocalia,foodologypos,0.0,,1.0,
46086.0,14.0,COL,Bogotá,65 CALLE 109,Avocalia,foodologypos,14.0,0.0,1.0,
46086.0,14.0,COL,Bogotá,65 CALLE 109,Avocalia,foodologypos,15.63,0.0,3.16,1.0
46086.0,15.0,COL,Bogotá,50 CHICO,Avocalia,foodologypos,0.0,,1.0,
46086.0,15.0,COL,Bogotá,65 CALLE 109,Avocalia,foodologypos,18.21,0.0,1.0,
46086.0,15.0,COL,Bogotá,50 CHICO,Avocalia,foodologypos,0.0,,1.0,
46086.0,15.0,COL,Bogotá,50 CHICO,Avocalia,foodologypos,0.0,,33.49,1.0
46086.0,15.0,COL,Bogotá,65 CALLE 109,Avocalia,foodologypos,11.96,0.0,1.0,
46086.0,15.0,COL,Bogotá,50 CHICO,Avocalia,foodologypos,0.0,,1.0,
46086.0,15.0,COL,Bogotá,65 CALLE 109,Avocalia,foodologypos,16.88,0.0,1.0,
46086.0,15.0,COL,Bogotá,65 CALLE 109,Avocalia,foodologypos,16.85,0.0,0.04,1.0
46086.0,15.0,COL,Bogotá,65 CALLE 109,Avocalia,foodologypos,8.16,0.0,1.0,
46086.0,15.0,COL,Bogotá,65 CALLE 109,Avocalia,foodologypos,24.88,0.0,1.0,
46086.0,15.0,COL,Bogotá,50 CHICO,Avocalia,foodologypos,37.24,0.0,1.0,
46086.0,16.0,COL,Bogotá,65 CALLE 109,Avocalia,foodologypos,30.23,0.0,1.0,
46086.0,16.0,COL,Bogotá,50 CHICO,Avocalia,foodologypos,0.0,,1.0,
46086.0,16.0,COL,Bogotá,65 CALLE 109,Avocalia,foodologypos,10.92,0.0,1.0,
46086.0,17.0,COL,Bogotá,65 CALLE 109,Avocalia,foodologypos,25.15,0.0,1.0,
46086.0,17.0,COL,Bogotá,65 CALLE 109,Avocalia,foodologypos,27.04,0.0,1.0,
46086.0,7.0,COL,Bogotá,03 CHAPINERO,Avocalia,rappi,6.04,0.22,8.85,1.0
46086.0,7.0,COL,Bogotá,01 USAQUEN,Avocalia,rappi,13.37,7.73,0.9,1.0
46086.0,7.0,COL,Bogotá,36 VILLA DEL PRADO,Avocalia,rappi,23.97,0.42,38.97,1.0
46086.0,7.0,COL,Bogotá,08 ANDES,Avocalia,rappi,17.01,3.58,0.69,1.0
46086.0,8.0,COL,Bogotá,45 VERAGUAS,Avocalia,rappi,11.03,0.13,14.99,1.0
46086.0,9.0,COL,Bogotá,02 PARQUE 93,Avocalia,rappi,14.81,3.57,0.32,1.0
46086.0,10.0,COL,Bogotá,03 CHAPINERO,Avocalia,rappi,0.45,,8.38,1.0
46086.0,10.0,COL,Bogotá,02 PARQUE 93,Avocalia,rappi,52.8,12.38,1.84,1.0
46086.0,11.0,COL,Bogotá,36 VILLA DEL PRADO,Avocalia,rappi,19.87,9.72,0.84,1.0
46086.0,11.0,COL,Bogotá,03 CHAPINERO,Avocalia,rappi,6.35,0.17,6.69,1.0
46086.0,11.0,COL,Bogotá,50 CHICO,Avocalia,rappi,18.76,13.55,1.46,1.0
46086.0,11.0,COL,Bogotá,69 ARRECIFE,Avocalia,rappi,13.35,0.3,6.74,1.0
46086.0,11.0,COL,Bogotá,13 CHIA,Avocalia,rappi,30.01,5.93,1.14,1.0
46086.0,12.0,COL,Bogotá,65 CALLE 109,Avocalia,rappi,19.44,0.25,0.95,1.0
46086.0,12.0,COL,Bogotá,45 VERAGUAS,Avocalia,rappi,10.15,10.05,14.0,1.0
46086.0,12.0,COL,Bogotá,69 ARRECIFE,Avocalia,rappi,14.93,1.02,28.03,1.0
46086.0,12.0,COL,Bogotá,45 VERAGUAS,Avocalia,rappi,14.96,10.25,0.19,1.0
46086.0,12.0,COL,Bogotá,06 COLINA,Avocalia,rappi,48.15,4.8,1.23,1.0
46086.0,12.0,COL,Bogotá,15 ENGATIVA,Avocalia,rappi,7.89,3.58,0.84,1.0
46086.0,12.0,COL,Bogotá,13 CHIA,Avocalia,rappi,11.2,0.47,15.99,1.0
46086.0,12.0,COL,Bogotá,36 VILLA DEL PRADO,Avocalia,rappi,7.95,1.35,3.09,1.0
46086.0,12.0,COL,Bogotá,02 PARQUE 93,Avocalia,rappi,23.28,9.23,0.87,1.0
46086.0,12.0,COL,Bogotá,69 ARRECIFE,Avocalia,rappi,9.65,0.23,6.88,1.0
46086.0,12.0,COL,Bogotá,03 CHAPINERO,Avocalia,rappi,6.2,0.22,4.5,1.0
46086.0,12.0,COL,Bogotá,03 CHAPINERO,Avocalia,rappi,28.19,0.25,19.94,1.0
46086.0,12.0,COL,Bogotá,06 COLINA,Avocalia,rappi,20.29,11.48,2.74,1.0
46086.0,12.0,COL,Bogotá,13 CHIA,Avocalia,rappi,14.97,4.07,2.09,1.0
46086.0,13.0,COL,Bogotá,50 CHICO,Avocalia,rappi,29.05,4.23,0.06,1.0
46086.0,13.0,COL,Bogotá,69 ARRECIFE,Avocalia,rappi,8.55,0.45,48.52,1.0
46086.0,13.0,COL,Bogotá,01 USAQUEN,Avocalia,rappi,25.02,11.5,1.91,1.0
46086.0,13.0,COL,Bogotá,50 CHICO,Avocalia,rappi,6.76,0.6,31.45,1.0
46086.0,13.0,COL,Bogotá,08 ANDES,Avocalia,rappi,6.99,0.13,3.01,1.0
46086.0,13.0,COL,Bogotá,06 COLINA,Avocalia,rappi,29.84,0.52,2.97,1.0
46086.0,13.0,COL,Bogotá,08 ANDES,Avocalia,rappi,9.71,0.97,0.34,1.0
46086.0,13.0,COL,Bogotá,13 CHIA,Avocalia,rappi,15.46,1.18,1.72,1.0
46086.0,13.0,COL,Bogotá,01 USAQUEN,Avocalia,rappi,12.7,2.0,0.83,1.0
46086.0,13.0,COL,Bogotá,13 CHIA,Avocalia,rappi,16.04,1.02,10.97,1.0
46086.0,13.0,COL,Bogotá,06 COLINA,Avocalia,rappi,14.46,0.33,31.52,1.0
46086.0,13.0,COL,Bogotá,06 COLINA,Avocalia,rappi,20.65,0.43,36.93,1.0
46086.0,14.0,COL,Bogotá,02 PARQUE 93,Avocalia,rappi,31.02,4.42,0.86,1.0
46086.0,14.0,COL,Bogotá,03 CHAPINERO,Avocalia,rappi,3.26,0.68,14.9,1.0
46086.0,14.0,COL,Bogotá,03 CHAPINERO,Avocalia,rappi,8.41,0.28,2.6,1.0
46086.0,14.0,COL,Bogotá,03 CHAPINERO,Avocalia,rappi,16.65,0.15,6.09,1.0
46086.0,14.0,COL,Bogotá,65 CALLE 109,Avocalia,rappi,49.34,2.12,4.81,1.0
46086.0,14.0,COL,Bogotá,03 CHAPINERO,Avocalia,rappi,9.12,0.68,4.89,1.0
46086.0,14.0,COL,Bogotá,50 CHICO,Avocalia,rappi,14.08,0.8,29.92,1.0
46086.0,14.0,COL,Bogotá,36 VILLA DEL PRADO,Avocalia,rappi,17.15,12.95,0.89,1.0
46086.0,14.0,COL,Bogotá,02 PARQUE 93,Avocalia,rappi,27.68,12.8,1.02,1.0
46086.0,14.0,COL,Bogotá,65 CALLE 109,Avocalia,rappi,19.3,0.7,15.96,1.0
46086.0,14.0,COL,Bogotá,03 CHAPINERO,Avocalia,rappi,7.76,0.52,9.42,1.0
46086.0,14.0,COL,Bogotá,65 CALLE 109,Avocalia,rappi,17.63,2.12,0.23,1.0
46086.0,15.0,COL,Bogotá,03 CHAPINERO,Avocalia,rappi,5.3,0.75,0.79,1.0
46086.0,15.0,COL,Bogotá,38 KENNEDY,Avocalia,rappi,13.35,0.97,61.72,1.0
46086.0,15.0,COL,Bogotá,36 VILLA DEL PRADO,Avocalia,rappi,13.52,7.08,0.86,1.0
46086.0,15.0,COL,Bogotá,03 CHAPINERO,Avocalia,rappi,5.7,0.22,6.13,1.0
46086.0,15.0,COL,Bogotá,65 CALLE 109,Avocalia,rappi,33.95,14.42,0.81,1.0
46086.0,15.0,COL,Bogotá,69 ARRECIFE,Avocalia,rappi,10.28,1.08,8.79,1.0
46086.0,15.0,COL,Bogotá,50 CHICO,Avocalia,rappi,15.25,0.22,22.98,1.0
46086.0,15.0,COL,Bogotá,08 ANDES,Avocalia,rappi,1.82,0.2,18.53,1.0
46086.0,16.0,COL,Bogotá,13 CHIA,Avocalia,rappi,12.09,0.23,20.89,1.0
46086.0,16.0,COL,Bogotá,02 PARQUE 93,Avocalia,rappi,24.1,8.45,1.0,1.0
46086.0,16.0,COL,Bogotá,01 USAQUEN,Avocalia,rappi,6.49,2.58,0.84,1.0
46086.0,16.0,COL,Bogotá,36 VILLA DEL PRADO,Avocalia,rappi,6.96,0.58,0.33,1.0
46086.0,16.0,COL,Bogotá,69 ARRECIFE,Avocalia,rappi,7.83,0.13,6.87,1.0
46086.0,16.0,COL,Bogotá,08 ANDES,Avocalia,rappi,3.33,0.25,4.57,1.0
46086.0,16.0,COL,Bogotá,08 ANDES,Avocalia,rappi,9.19,0.4,7.8,1.0
46086.0,17.0,COL,Bogotá,06 COLINA,Avocalia,rappi,5.81,2.7,8.89,1.0
46086.0,17.0,COL,Bogotá,02 PARQUE 93,Avocalia,rappi,61.86,7.13,0.97,1.0
46086.0,17.0,COL,Bogotá,06 COLINA,Avocalia,rappi,13.83,1.75,23.51,1.0
46086.0,17.0,COL,Bogotá,03 CHAPINERO,Avocalia,rappi,3.02,0.13,15.73,1.0
46086.0,18.0,COL,Bogotá,06 COLINA,Avocalia,rappi,12.65,4.65,15.54,1.0
46086.0,18.0,COL,Bogotá,03 CHAPINERO,Avocalia,rappi,7.04,0.23,16.97,1.0
46086.0,18.0,COL,Bogotá,02 PARQUE 93,Avocalia,rappi,66.35,9.77,1.67,1.0
46086.0,18.0,COL,Bogotá,36 VILLA DEL PRADO,Avocalia,rappi,7.07,1.85,0.83,1.0
46086.0,18.0,COL,Bogotá,03 CHAPINERO,Avocalia,rappi,8.13,0.58,9.88,1.0
46086.0,19.0,COL,Bogotá,01 USAQUEN,Avocalia,rappi,11.53,5.78,1.64,1.0
46086.0,19.0,COL,Bogotá,08 ANDES,Avocalia,rappi,6.22,0.13,8.73,1.0
46086.0,19.0,COL,Bogotá,02 PARQUE 93,Avocalia,rappi,27.33,14.28,0.77,1.0
46086.0,19.0,COL,Bogotá,45 VERAGUAS,Avocalia,rappi,9.02,0.17,6.05,1.0
46086.0,19.0,COL,Bogotá,65 CALLE 109,Avocalia,rappi,33.99,0.88,34.2,1.0
46086.0,20.0,COL,Bogotá,65 CALLE 109,Avocalia,rappi,48.29,39.67,12.66,1.0
46086.0,20.0,COL,Bogotá,65 CALLE 109,Avocalia,rappi,65.13,0.0,1.0,
46086.0,20.0,COL,Bogotá,65 CALLE 109,Avocalia,rappi,0.0,,1.0,
46086.0,20.0,COL,Bogotá,65 CALLE 109,Avocalia,rappi,42.01,0.0,2.93,1.0
46086.0,20.0,COL,Bogotá,65 CALLE 109,Avocalia,rappi,50.31,29.72,1.51,1.0
46086.0,20.0,COL,Bogotá,65 CALLE 109,Avocalia,rappi,39.21,41.08,6.9,1.0
46086.0,20.0,COL,Bogotá,36 VILLA DEL PRADO,Avocalia,rappi,8.96,0.42,5.08,1.0
46086.0,20.0,COL,Bogotá,01 USAQUEN,Avocalia,rappi,12.12,5.22,0.78,1.0
46086.0,20.0,COL,Bogotá,08 ANDES,Avocalia,rappi,9.66,0.18,19.41,1.0
46086.0,20.0,COL,Bogotá,65 CALLE 109,Avocalia,rappi,5.35,,4.36,1.0
46086.0,20.0,COL,Bogotá,02 PARQUE 93,Avocalia,rappi,50.49,9.6,1.56,1.0
46086.0,21.0,COL,Bogotá,06 COLINA,Avocalia,rappi,10.07,0.33,5.18,1.0
46086.0,21.0,COL,Bogotá,65 CALLE 109,Avocalia,rappi,25.0,8.68,5.87,1.0
46086.0,21.0,COL,Bogotá,08 ANDES,Avocalia,rappi,16.77,1.17,27.13,1.0
46086.0,21.0,COL,Bogotá,03 CHAPINERO,Avocalia,rappi,17.03,0.37,41.55,1.0
46086.0,21.0,COL,Bogotá,65 CALLE 109,Avocalia,rappi,25.17,7.72,23.01,1.0
46086.0,21.0,COL,Bogotá,36 VILLA DEL PRADO,Avocalia,rappi,6.61,0.82,9.44,1.0
46086.0,21.0,COL,Bogotá,69 ARRECIFE,Avocalia,rappi,13.71,1.05,5.43,1.0
46086.0,21.0,COL,Bogotá,03 CHAPINERO,Avocalia,rappi,24.38,0.57,16.79,1.0
46086.0,21.0,COL,Bogotá,65 CALLE 109,Avocalia,rappi,27.85,0.0,1.0,
46086.0,21.0,COL,Bogotá,01 USAQUEN,Avocalia,rappi,20.94,10.27,0.24,1.0
46086.0,21.0,COL,Bogotá,06 COLINA,Avocalia,rappi,0.32,,34.55,1.0
46086.0,21.0,COL,Bogotá,02 PARQUE 93,Avocalia,rappi,56.98,10.53,1.01,1.0
46086.0,22.0,COL,Bogotá,01 USAQUEN,Avocalia,rappi,22.6,0.0,1.0,
46086.0,22.0,COL,Bogotá,03 CHAPINERO,Avocalia,rappi,8.37,0.18,0.81,1.0
46086.0,22.0,COL,Bogotá,03 CHAPINERO,Avocalia,rappi,8.04,0.13,22.98,1.0
46086.0,22.0,COL,Bogotá,03 CHAPINERO,Avocalia,rappi,0.57,,44.9,1.0
46086.0,22.0,COL,Bogotá,03 CHAPINERO,Avocalia,rappi,19.32,0.72,37.09,1.0
46086.0,22.0,COL,Bogotá,02 PARQUE 93,Avocalia,rappi,8.71,3.35,0.45,1.0
46086.0,22.0,COL,Bogotá,02 PARQUE 93,Avocalia,rappi,18.72,3.35,0.48,1.0
46086.0,22.0,COL,Bogotá,01 USAQUEN,Avocalia,rappi,31.13,1.73,0.89,1.0
46086.0,22.0,COL,Bogotá,02 PARQUE 93,Avocalia,rappi,18.39,0.23,21.02,1.0
46086.0,22.0,COL,Bogotá,01 USAQUEN,Avocalia,rappi,21.35,1.73,0.52,1.0
46086.0,23.0,COL,Bogotá,02 PARQUE 93,Avocalia,rappi,15.1,7.77,0.85,1.0
46086.0,23.0,COL,Bogotá,03 CHAPINERO,Avocalia,rappi,19.71,0.32,11.03,1.0
46086.0,23.0,COL,Bogotá,03 CHAPINERO,Avocalia,rappi,14.73,7.17,0.24,1.0
46086.0,9.0,COL,Bogotá,50 CHICO,Avocalia Desayunos,didi,10.78,8.88,3.13,1.0
46086.0,6.0,COL,Bogotá,65 CALLE 109,Avocalia Desayunos,rappi,26.03,9.78,5.13,1.0
46086.0,7.0,COL,Bogotá,65 CALLE 109,Avocalia Desayunos,rappi,20.02,0.98,1.05,1.0
46086.0,10.0,COL,Bogotá,65 CALLE 109,Avocalia Desayunos,rappi,23.81,6.57,0.83,1.0
46086.0,11.0,COL,Bogotá,65 CALLE 109,AVOCALIA TURBO,rappi,1.88,4.12,7.18,1.0
46086.0,11.0,COL,Bogotá,03 CHAPINERO,AVOCALIA TURBO,rappi,6.28,2.0,0.7,1.0
46086.0,11.0,COL,Bogotá,50 CHICO,AVOCALIA TURBO,rappi,8.79,4.32,1.83,1.0
46086.0,11.0,COL,Bogotá,01 USAQUEN,AVOCALIA TURBO,rappi,5.73,0.58,2.01,1.0
46086.0,12.0,COL,Bogotá,50 CHICO,AVOCALIA TURBO,rappi,4.42,5.25,5.71,1.0
46086.0,12.0,COL,Bogotá,03 CHAPINERO,AVOCALIA TURBO,rappi,7.22,2.05,0.68,1.0
46086.0,12.0,COL,Bogotá,08 ANDES,AVOCALIA TURBO,rappi,3.97,0.0,0.74,1.0
46086.0,12.0,COL,Bogotá,01 USAQUEN,AVOCALIA TURBO,rappi,2.96,0.0,0.96,1.0
46086.0,12.0,COL,Bogotá,50 CHICO,AVOCALIA TURBO,rappi,3.6,1.73,3.22,1.0
46086.0,12.0,COL,Bogotá,65 CALLE 109,AVOCALIA TURBO,rappi,1.77,0.0,3.04,1.0
46086.0,13.0,COL,Bogotá,65 CALLE 109,AVOCALIA TURBO,rappi,1.51,1.67,4.89,1.0
46086.0,13.0,COL,Bogotá,01 USAQUEN,AVOCALIA TURBO,rappi,4.76,0.0,0.21,1.0
46086.0,13.0,COL,Bogotá,01 USAQUEN,AVOCALIA TURBO,rappi,2.17,0.0,1.3,1.0
46086.0,13.0,COL,Bogotá,50 CHICO,AVOCALIA TURBO,rappi,9.09,0.0,2.01,1.0
46086.0,13.0,COL,Bogotá,01 USAQUEN,AVOCALIA TURBO,rappi,3.89,0.0,0.13,1.0
46086.0,14.0,COL,Bogotá,01 USAQUEN,AVOCALIA TURBO,rappi,6.06,0.88,0.14,1.0
46086.0,14.0,COL,Bogotá,38 KENNEDY,AVOCALIA TURBO,rappi,5.5,0.2,10.6,1.0
46086.0,14.0,COL,Bogotá,36 VILLA DEL PRADO,AVOCALIA TURBO,rappi,4.61,0.25,1.43,1.0
46086.0,14.0,COL,Bogotá,65 CALLE 109,AVOCALIA TURBO,rappi,3.36,1.7,3.45,1.0
46086.0,14.0,COL,Bogotá,01 USAQUEN,AVOCALIA TURBO,rappi,3.22,0.32,4.03,1.0
46086.0,14.0,COL,Bogotá,65 CALLE 109,AVOCALIA TURBO,rappi,5.01,1.58,1.72,1.0
46086.0,14.0,COL,Bogotá,50 CHICO,AVOCALIA TURBO,rappi,5.64,0.28,0.01,1.0
46086.0,14.0,COL,Bogotá,38 KENNEDY,AVOCALIA TURBO,rappi,4.66,0.32,1.15,1.0
46086.0,15.0,COL,Bogotá,36 VILLA DEL PRADO,AVOCALIA TURBO,rappi,5.2,1.13,0.88,1.0
46086.0,15.0,COL,Bogotá,38 KENNEDY,AVOCALIA TURBO,rappi,5.13,0.53,1.0,1.0
46086.0,15.0,COL,Bogotá,08 ANDES,AVOCALIA TURBO,rappi,5.24,0.85,0.66,1.0
46086.0,16.0,COL,Bogotá,50 CHICO,AVOCALIA TURBO,rappi,7.43,3.1,1.01,1.0
46086.0,17.0,COL,Bogotá,01 USAQUEN,AVOCALIA TURBO,rappi,3.19,0.43,4.07,1.0
46086.0,17.0,COL,Bogotá,03 CHAPINERO,AVOCALIA TURBO,rappi,5.3,0.83,0.58,1.0
46086.0,18.0,COL,Bogotá,08 ANDES,AVOCALIA TURBO,rappi,4.6,0.0,0.08,1.0
46086.0,18.0,COL,Bogotá,03 CHAPINERO,AVOCALIA TURBO,rappi,3.41,0.0,1.53,1.0
46086.0,18.0,COL,Bogotá,03 CHAPINERO,AVOCALIA TURBO,rappi,5.98,1.45,0.35,1.0
46086.0,18.0,COL,Bogotá,01 USAQUEN,AVOCALIA TURBO,rappi,6.74,2.65,1.03,1.0
46086.0,18.0,COL,Bogotá,38 KENNEDY,AVOCALIA TURBO,rappi,15.82,7.65,3.21,1.0
46086.0,19.0,COL,Bogotá,03 CHAPINERO,AVOCALIA TURBO,rappi,3.82,0.9,4.82,1.0
46086.0,19.0,COL,Bogotá,03 CHAPINERO,AVOCALIA TURBO,rappi,5.1,0.68,0.31,1.0
46086.0,20.0,COL,Bogotá,08 ANDES,AVOCALIA TURBO,rappi,3.79,0.0,0.24,1.0
46086.0,20.0,COL,Bogotá,03 CHAPINERO,AVOCALIA TURBO,rappi,5.5,0.13,1.71,1.0
46086.0,20.0,COL,Bogotá,03 CHAPINERO,AVOCALIA TURBO,rappi,8.13,0.27,3.79,1.0
46086.0,20.0,COL,Bogotá,01 USAQUEN,AVOCALIA TURBO,rappi,6.94,2.27,0.21,1.0
46086.0,20.0,COL,Bogotá,65 CALLE 109,AVOCALIA TURBO,rappi,2.89,9.17,11.19,1.0
46086.0,20.0,COL,Bogotá,65 CALLE 109,AVOCALIA TURBO,rappi,2.2,19.43,22.05,1.0
46086.0,20.0,COL,Bogotá,65 CALLE 109,AVOCALIA TURBO,rappi,3.8,14.28,15.35,1.0
46086.0,20.0,COL,Bogotá,01 USAQUEN,AVOCALIA TURBO,rappi,4.98,0.13,0.08,1.0
46086.0,20.0,COL,Bogotá,38 KENNEDY,AVOCALIA TURBO,rappi,15.18,3.03,32.81,1.0
46086.0,20.0,COL,Bogotá,01 USAQUEN,AVOCALIA TURBO,rappi,5.14,0.67,0.64,1.0
46086.0,20.0,COL,Bogotá,38 KENNEDY,AVOCALIA TURBO,rappi,6.18,0.23,5.93,1.0
46086.0,21.0,COL,Bogotá,38 KENNEDY,AVOCALIA TURBO,rappi,11.1,0.27,4.11,1.0
46086.0,21.0,COL,Bogotá,03 CHAPINERO,AVOCALIA TURBO,rappi,3.05,0.48,10.77,1.0
46086.0,21.0,COL,Bogotá,08 ANDES,AVOCALIA TURBO,rappi,7.28,0.67,5.83,1.0
46086.0,21.0,COL,Bogotá,01 USAQUEN,AVOCALIA TURBO,rappi,7.92,3.05,0.11,1.0
46086.0,21.0,COL,Bogotá,01 USAQUEN,AVOCALIA TURBO,rappi,6.64,1.7,0.16,1.0
46086.0,21.0,COL,Bogotá,65 CALLE 109,AVOCALIA TURBO,rappi,3.14,5.2,7.6,1.0
46086.0,21.0,COL,Bogotá,01 USAQUEN,AVOCALIA TURBO,rappi,4.24,0.0,0.67,1.0
46086.0,21.0,COL,Bogotá,01 USAQUEN,AVOCALIA TURBO,rappi,6.78,0.13,0.86,1.0
46086.0,21.0,COL,Bogotá,03 CHAPINERO,AVOCALIA TURBO,rappi,10.63,0.82,2.03,1.0
46086.0,21.0,COL,Bogotá,03 CHAPINERO,AVOCALIA TURBO,rappi,15.09,0.48,4.24,1.0
46086.0,21.0,COL,Bogotá,01 USAQUEN,AVOCALIA TURBO,rappi,1.1,,49.79,1.0
46086.0,8.0,COL,Bogotá,15 ENGATIVA,Bottaniko,rappi,11.21,5.75,0.29,1.0
46086.0,17.0,COL,Bogotá,38 KENNEDY,Bottaniko,rappi,16.3,7.88,0.84,1.0
46086.0,18.0,COL,Bogotá,69 ARRECIFE,Bottaniko,rappi,5.55,1.18,22.15,1.0
46086.0,22.0,COL,Bogotá,01 USAQUEN,Bottaniko,rappi,14.4,5.97,0.73,1.0
46086.0,14.0,COL,Bogotá,36 VILLA DEL PRADO,Bottaniko Turbo,rappi,7.11,0.65,0.86,1.0
46086.0,19.0,COL,Bogotá,06 COLINA,Bottaniko Turbo,rappi,5.48,2.15,4.71,1.0
46086.0,19.0,COL,Bogotá,06 COLINA,Bottaniko Turbo,rappi,5.3,3.35,35.41,1.0
46086.0,19.0,COL,Bogotá,06 COLINA,Bottaniko Turbo,rappi,6.12,0.0,1.0,
46086.0,20.0,COL,Bogotá,06 COLINA,Bottaniko Turbo,rappi,10.92,1.02,23.12,1.0
46086.0,7.0,COL,Bogotá,65 CALLE 109,Brunch & Munch,didi,18.1,3.95,6.25,1.0
46086.0,7.0,COL,Bogotá,38 KENNEDY,Brunch & Munch,didi,8.38,4.58,0.95,1.0
46086.0,7.0,COL,Bogotá,15 ENGATIVA,Brunch & Munch,didi,20.94,15.65,0.94,1.0
46086.0,7.0,COL,Bogotá,36 VILLA DEL PRADO,Brunch & Munch,didi,16.92,9.4,0.95,1.0
46086.0,7.0,COL,Bogotá,65 CALLE 109,Brunch & Munch,didi,23.07,9.97,1.1,1.0
46086.0,7.0,COL,Bogotá,02 PARQUE 93,Brunch & Munch,didi,12.39,7.18,0.94,1.0
46086.0,8.0,COL,Bogotá,36 VILLA DEL PRADO,Brunch & Munch,didi,10.03,2.7,0.77,1.0
46086.0,9.0,COL,Bogotá,02 PARQUE 93,Brunch & Munch,didi,19.47,1.27,0.67,1.0
46086.0,10.0,COL,Bogotá,02 PARQUE 93,Brunch & Munch,didi,10.82,1.35,11.07,1.0
46086.0,10.0,COL,Bogotá,03 CHAPINERO,Brunch & Munch,didi,11.74,7.28,1.11,1.0
46086.0,10.0,COL,Bogotá,03 CHAPINERO,Brunch & Munch,didi,14.17,3.98,0.33,1.0
46086.0,11.0,COL,Bogotá,45 VERAGUAS,Brunch & Munch,didi,9.87,1.18,6.17,1.0
46086.0,12.0,COL,Bogotá,03 CHAPINERO,Brunch & Munch,didi,12.13,7.8,1.09,1.0
46086.0,12.0,COL,Bogotá,50 CHICO,Brunch & Munch,didi,11.31,4.98,10.07,1.0
46086.0,18.0,COL,Bogotá,36 VILLA DEL PRADO,Brunch & Munch,didi,8.37,0.87,13.1,1.0
46086.0,21.0,COL,Bogotá,06 COLINA,Brunch & Munch,didi,16.0,9.23,0.95,1.0
46086.0,6.0,COL,Bogotá,03 CHAPINERO,Brunch & Munch,rappi,12.2,0.13,19.68,1.0
46086.0,6.0,COL,Bogotá,06 COLINA,Brunch & Munch,rappi,39.73,0.52,24.43,1.0
46086.0,6.0,COL,Bogotá,65 CALLE 109,Brunch & Munch,rappi,15.99,9.92,1.71,1.0
46086.0,6.0,COL,Bogotá,45 VERAGUAS,Brunch & Munch,rappi,17.23,0.2,8.31,1.0
46086.0,6.0,COL,Bogotá,01 USAQUEN,Brunch & Munch,rappi,8.56,0.15,14.39,1.0
46086.0,6.0,COL,Bogotá,36 VILLA DEL PRADO,Brunch & Munch,rappi,18.66,0.83,73.89,1.0
46086.0,6.0,COL,Bogotá,02 PARQUE 93,Brunch & Munch,rappi,21.89,9.47,1.17,1.0
46086.0,7.0,COL,Bogotá,65 CALLE 109,Brunch & Munch,rappi,8.06,0.2,1.43,1.0
46086.0,7.0,COL,Bogotá,03 CHAPINERO,Brunch & Munch,rappi,15.05,4.78,0.43,1.0
46086.0,7.0,COL,Bogotá,38 KENNEDY,Brunch & Munch,rappi,12.09,0.32,33.87,1.0
46086.0,7.0,COL,Bogotá,36 VILLA DEL PRADO,Brunch & Munch,rappi,14.38,0.73,65.58,1.0
46086.0,7.0,COL,Bogotá,65 CALLE 109,Brunch & Munch,rappi,8.94,0.43,4.97,1.0
46086.0,7.0,COL,Bogotá,69 ARRECIFE,Brunch & Munch,rappi,12.18,0.22,20.38,1.0
46086.0,7.0,COL,Bogotá,65 CALLE 109,Brunch & Munch,rappi,12.18,1.5,1.16,1.0
46086.0,7.0,COL,Bogotá,15 ENGATIVA,Brunch & Munch,rappi,19.59,10.07,2.07,1.0
46086.0,7.0,COL,Bogotá,06 COLINA,Brunch & Munch,rappi,10.93,15.35,15.12,1.0
46086.0,7.0,COL,Bogotá,06 COLINA,Brunch & Munch,rappi,19.86,16.1,1.19,1.0
46086.0,7.0,COL,Bogotá,08 ANDES,Brunch & Munch,rappi,11.02,6.72,0.79,1.0
46086.0,7.0,COL,Bogotá,02 PARQUE 93,Brunch & Munch,rappi,15.91,7.55,0.66,1.0
46086.0,7.0,COL,Bogotá,08 ANDES,Brunch & Munch,rappi,22.53,6.5,1.6,1.0
46086.0,7.0,COL,Bogotá,03 CHAPINERO,Brunch & Munch,rappi,7.13,0.53,8.07,1.0
46086.0,7.0,COL,Bogotá,65 CALLE 109,Brunch & Munch,rappi,18.26,5.92,0.75,1.0
46086.0,7.0,COL,Bogotá,08 ANDES,Brunch & Munch,rappi,18.29,4.97,2.86,1.0
46086.0,7.0,COL,Bogotá,65 CALLE 109,Brunch & Munch,rappi,14.25,5.35,0.89,1.0
46086.0,7.0,COL,Bogotá,45 VERAGUAS,Brunch & Munch,rappi,11.22,1.5,0.88,1.0
46086.0,7.0,COL,Bogotá,36 VILLA DEL PRADO,Brunch & Munch,rappi,15.07,0.0,1.0,
46086.0,7.0,COL,Bogotá,15 ENGATIVA,Brunch & Munch,rappi,17.39,0.38,5.65,1.0
46086.0,8.0,COL,Bogotá,03 CHAPINERO,Brunch & Munch,rappi,0.15,,4.76,1.0
46086.0,8.0,COL,Bogotá,06 COLINA,Brunch & Munch,rappi,50.8,12.73,3.88,1.0
46086.0,8.0,COL,Bogotá,65 CALLE 109,Brunch & Munch,rappi,9.84,0.43,11.21,1.0
46086.0,8.0,COL,Bogotá,50 CHICO,Brunch & Munch,rappi,16.3,5.13,0.04,1.0
46086.0,8.0,COL,Bogotá,36 VILLA DEL PRADO,Brunch & Munch,rappi,19.57,1.97,8.31,1.0
46086.0,8.0,COL,Bogotá,65 CALLE 109,Brunch & Munch,rappi,13.04,4.18,0.19,1.0
46086.0,8.0,COL,Bogotá,36 VILLA DEL PRADO,Brunch & Munch,rappi,18.81,0.53,23.89,1.0
46086.0,8.0,COL,Bogotá,15 ENGATIVA,Brunch & Munch,rappi,15.1,4.3,1.64,1.0
46086.0,8.0,COL,Bogotá,38 KENNEDY,Brunch & Munch,rappi,14.83,10.93,1.5,1.0
46086.0,8.0,COL,Bogotá,15 ENGATIVA,Brunch & Munch,rappi,12.05,8.05,0.94,1.0
46086.0,8.0,COL,Bogotá,01 USAQUEN,Brunch & Munch,rappi,16.66,3.98,0.35,1.0
46086.0,8.0,COL,Bogotá,03 CHAPINERO,Brunch & Munch,rappi,6.99,0.15,23.04,1.0
46086.0,8.0,COL,Bogotá,65 CALLE 109,Brunch & Munch,rappi,24.81,5.15,0.32,1.0
46086.0,8.0,COL,Bogotá,65 CALLE 109,Brunch & Munch,rappi,26.28,16.18,1.82,1.0
46086.0,8.0,COL,Bogotá,02 PARQUE 93,Brunch & Munch,rappi,17.2,8.77,0.32,1.0
46086.0,8.0,COL,Bogotá,65 CALLE 109,Brunch & Munch,rappi,22.16,11.4,2.76,1.0
46086.0,8.0,COL,Bogotá,15 ENGATIVA,Brunch & Munch,rappi,11.11,1.35,0.4,1.0
46086.0,8.0,COL,Bogotá,65 CALLE 109,Brunch & Munch,rappi,23.44,12.77,0.73,1.0
46086.0,8.0,COL,Bogotá,38 KENNEDY,Brunch & Munch,rappi,17.74,5.22,1.12,1.0
46086.0,8.0,COL,Bogotá,36 VILLA DEL PRADO,Brunch & Munch,rappi,15.8,8.27,24.08,1.0
46086.0,8.0,COL,Bogotá,65 CALLE 109,Brunch & Munch,rappi,20.26,0.17,1.11,1.0
46086.0,8.0,COL,Bogotá,65 CALLE 109,Brunch & Munch,rappi,22.69,15.33,0.43,1.0
46086.0,9.0,COL,Bogotá,02 PARQUE 93,Brunch & Munch,rappi,19.51,3.77,0.82,1.0
46086.0,9.0,COL,Bogotá,03 CHAPINERO,Brunch & Munch,rappi,11.31,0.18,0.96,1.0
46086.0,9.0,COL,Bogotá,36 VILLA DEL PRADO,Brunch & Munch,rappi,23.02,1.45,16.33,1.0
46086.0,9.0,COL,Bogotá,03 CHAPINERO,Brunch & Munch,rappi,13.33,5.7,0.85,1.0
46086.0,9.0,COL,Bogotá,69 ARRECIFE,Brunch & Munch,rappi,14.5,0.43,20.64,1.0
46086.0,9.0,COL,Bogotá,38 KENNEDY,Brunch & Munch,rappi,10.34,0.57,15.93,1.0
46086.0,9.0,COL,Bogotá,15 ENGATIVA,Brunch & Munch,rappi,20.13,3.93,6.84,1.0
46086.0,9.0,COL,Bogotá,15 ENGATIVA,Brunch & Munch,rappi,16.82,8.05,2.06,1.0
46086.0,9.0,COL,Bogotá,65 CALLE 109,Brunch & Munch,rappi,12.12,1.63,0.34,1.0
46086.0,9.0,COL,Bogotá,36 VILLA DEL PRADO,Brunch & Munch,rappi,34.0,2.53,20.31,1.0
46086.0,9.0,COL,Bogotá,65 CALLE 109,Brunch & Munch,rappi,12.82,0.13,13.03,1.0
46086.0,9.0,COL,Bogotá,02 PARQUE 93,Brunch & Munch,rappi,21.99,12.95,1.57,1.0
46086.0,9.0,COL,Bogotá,65 CALLE 109,Brunch & Munch,rappi,27.98,15.52,1.1,1.0
46086.0,9.0,COL,Bogotá,65 CALLE 109,Brunch & Munch,rappi,12.8,0.27,0.92,1.0
46086.0,9.0,COL,Bogotá,03 CHAPINERO,Brunch & Munch,rappi,6.88,0.47,9.1,1.0
46086.0,9.0,COL,Bogotá,69 ARRECIFE,Brunch & Munch,rappi,27.65,13.1,0.02,1.0
46086.0,9.0,COL,Bogotá,38 KENNEDY,Brunch & Munch,rappi,16.86,0.45,2.41,1.0
46086.0,9.0,COL,Bogotá,02 PARQUE 93,Brunch & Munch,rappi,22.32,7.47,1.06,1.0
46086.0,9.0,COL,Bogotá,65 CALLE 109,Brunch & Munch,rappi,23.35,8.28,0.93,1.0
46086.0,9.0,COL,Bogotá,02 PARQUE 93,Brunch & Munch,rappi,68.74,2.65,0.44,1.0
46086.0,9.0,COL,Bogotá,08 ANDES,Brunch & Munch,rappi,21.51,4.65,2.04,1.0
46086.0,9.0,COL,Bogotá,02 PARQUE 93,Brunch & Munch,rappi,15.92,9.7,5.21,1.0
46086.0,9.0,COL,Bogotá,65 CALLE 109,Brunch & Munch,rappi,23.58,2.42,0.47,1.0
46086.0,9.0,COL,Bogotá,50 CHICO,Brunch & Munch,rappi,4.88,3.2,3.22,1.0
46086.0,9.0,COL,Bogotá,36 VILLA DEL PRADO,Brunch & Munch,rappi,14.7,2.53,9.31,1.0
46086.0,9.0,COL,Bogotá,02 PARQUE 93,Brunch & Munch,rappi,20.42,5.72,0.76,1.0
46086.0,9.0,COL,Bogotá,02 PARQUE 93,Brunch & Munch,rappi,12.4,8.5,0.88,1.0
46086.0,9.0,COL,Bogotá,08 ANDES,Brunch & Munch,rappi,11.22,19.87,13.97,1.0
46086.0,9.0,COL,Bogotá,65 CALLE 109,Brunch & Munch,rappi,16.89,6.83,1.19,1.0
46086.0,9.0,COL,Bogotá,03 CHAPINERO,Brunch & Munch,rappi,8.1,3.28,0.24,1.0
46086.0,9.0,COL,Bogotá,50 CHICO,Brunch & Munch,rappi,8.97,5.03,2.99,1.0
46086.0,9.0,COL,Bogotá,50 CHICO,Brunch & Munch,rappi,7.21,2.1,18.23,1.0
46086.0,9.0,COL,Bogotá,69 ARRECIFE,Brunch & Munch,rappi,16.99,8.32,0.97,1.0
46086.0,9.0,COL,Bogotá,02 PARQUE 93,Brunch & Munch,rappi,28.55,0.73,10.44,1.0
46086.0,10.0,COL,Bogotá,01 USAQUEN,Brunch & Munch,rappi,28.33,0.77,2.71,1.0
46086.0,10.0,COL,Bogotá,45 VERAGUAS,Brunch & Munch,rappi,18.01,6.45,30.5,1.0
46086.0,10.0,COL,Bogotá,65 CALLE 109,Brunch & Munch,rappi,17.58,0.82,6.19,1.0
46086.0,10.0,COL,Bogotá,65 CALLE 109,Brunch & Munch,rappi,18.13,0.8,5.08,1.0
46086.0,10.0,COL,Bogotá,01 USAQUEN,Brunch & Munch,rappi,12.98,0.3,9.71,1.0
46086.0,10.0,COL,Bogotá,65 CALLE 109,Brunch & Munch,rappi,11.22,4.05,0.86,1.0
46086.0,10.0,COL,Bogotá,15 ENGATIVA,Brunch & Munch,rappi,38.17,26.67,4.91,1.0
46086.0,10.0,COL,Bogotá,36 VILLA DEL PRADO,Brunch & Munch,rappi,12.69,1.23,40.39,1.0
46086.0,10.0,COL,Bogotá,06 COLINA,Brunch & Munch,rappi,7.81,3.27,11.91,1.0
46086.0,10.0,COL,Bogotá,36 VILLA DEL PRADO,Brunch & Munch,rappi,36.44,0.35,3.55,1.0
46086.0,10.0,COL,Bogotá,13 CHIA,Brunch & Munch,rappi,21.07,17.35,1.22,1.0
46086.0,10.0,COL,Bogotá,01 USAQUEN,Brunch & Munch,rappi,15.93,0.3,9.33,1.0
46086.0,10.0,COL,Bogotá,50 CHICO,Brunch & Munch,rappi,7.05,0.32,0.02,1.0
46086.0,10.0,COL,Bogotá,36 VILLA DEL PRADO,Brunch & Munch,rappi,15.47,11.53,27.92,1.0
46086.0,10.0,COL,Bogotá,65 CALLE 109,Brunch & Munch,rappi,15.16,6.62,3.89,1.0
46086.0,10.0,COL,Bogotá,15 ENGATIVA,Brunch & Munch,rappi,20.92,9.23,1.18,1.0
46086.0,10.0,COL,Bogotá,65 CALLE 109,Brunch & Munch,rappi,16.39,6.6,0.96,1.0
46086.0,10.0,COL,Bogotá,02 PARQUE 93,Brunch & Munch,rappi,15.37,4.02,1.66,1.0
46086.0,10.0,COL,Bogotá,45 VERAGUAS,Brunch & Munch,rappi,18.0,0.43,9.21,1.0
46086.0,10.0,COL,Bogotá,45 VERAGUAS,Brunch & Munch,rappi,17.24,6.45,1.98,1.0
46086.0,10.0,COL,Bogotá,65 CALLE 109,Brunch & Munch,rappi,20.76,11.28,0.43,1.0
46086.0,10.0,COL,Bogotá,50 CHICO,Brunch & Munch,rappi,4.71,0.47,1.26,1.0
46086.0,10.0,COL,Bogotá,38 KENNEDY,Brunch & Munch,rappi,13.11,2.67,1.1,1.0
46086.0,10.0,COL,Bogotá,06 COLINA,Brunch & Munch,rappi,45.18,29.93,1.04,1.0
46086.0,10.0,COL,Bogotá,02 PARQUE 93,Brunch & Munch,rappi,26.22,11.53,1.17,1.0
46086.0,10.0,COL,Bogotá,01 USAQUEN,Brunch & Munch,rappi,14.01,0.78,30.08,1.0
46086.0,10.0,COL,Bogotá,45 VERAGUAS,Brunch & Munch,rappi,17.94,1.08,25.97,1.0
46086.0,10.0,COL,Bogotá,50 CHICO,Brunch & Munch,rappi,6.51,8.87,7.39,1.0
46086.0,10.0,COL,Bogotá,02 PARQUE 93,Brunch & Munch,rappi,20.89,11.55,2.19,1.0
46086.0,10.0,COL,Bogotá,08 ANDES,Brunch & Munch,rappi,12.78,0.67,2.81,1.0
46086.0,10.0,COL,Bogotá,13 CHIA,Brunch & Munch,rappi,14.08,6.23,1.48,1.0
46086.0,11.0,COL,Bogotá,06 COLINA,Brunch & Munch,rappi,20.13,7.12,0.38,1.0
46086.0,11.0,COL,Bogotá,01 USAQUEN,Brunch & Munch,rappi,17.97,4.48,3.19,1.0
46086.0,11.0,COL,Bogotá,06 COLINA,Brunch & Munch,rappi,24.52,15.82,1.53,1.0
46086.0,11.0,COL,Bogotá,02 PARQUE 93,Brunch & Munch,rappi,24.78,4.82,1.94,1.0
46086.0,11.0,COL,Bogotá,13 CHIA,Brunch & Munch,rappi,27.58,14.73,0.26,1.0
46086.0,11.0,COL,Bogotá,06 COLINA,Brunch & Munch,rappi,34.51,8.72,1.46,1.0
46086.0,11.0,COL,Bogotá,02 PARQUE 93,Brunch & Munch,rappi,16.99,4.8,0.73,1.0
46086.0,11.0,COL,Bogotá,01 USAQUEN,Brunch & Munch,rappi,25.83,4.97,0.41,1.0
46086.0,11.0,COL,Bogotá,15 ENGATIVA,Brunch & Munch,rappi,16.01,11.02,0.8,1.0
46086.0,11.0,COL,Bogotá,36 VILLA DEL PRADO,Brunch & Munch,rappi,13.21,3.42,1.05,1.0
46086.0,11.0,COL,Bogotá,01 USAQUEN,Brunch & Munch,rappi,11.1,0.48,13.06,1.0
46086.0,11.0,COL,Bogotá,01 USAQUEN,Brunch & Munch,rappi,15.93,4.3,1.93,1.0
46086.0,11.0,COL,Bogotá,45 VERAGUAS,Brunch & Munch,rappi,25.05,3.48,1.24,1.0
46086.0,11.0,COL,Bogotá,45 VERAGUAS,Brunch & Munch,rappi,22.99,0.32,14.28,1.0
46086.0,11.0,COL,Bogotá,02 PARQUE 93,Brunch & Munch,rappi,17.06,6.9,0.36,1.0
46086.0,12.0,COL,Bogotá,01 USAQUEN,Brunch & Munch,rappi,21.23,18.63,2.56,1.0
46086.0,12.0,COL,Bogotá,15 ENGATIVA,Brunch & Munch,rappi,17.71,0.83,18.01,1.0
46086.0,12.0,COL,Bogotá,50 CHICO,Brunch & Munch,rappi,7.16,0.5,4.79,1.0
46086.0,12.0,COL,Bogotá,08 ANDES,Brunch & Munch,rappi,4.62,0.53,4.12,1.0
46086.0,13.0,COL,Bogotá,01 USAQUEN,Brunch & Munch,rappi,20.85,14.47,0.1,1.0
46086.0,13.0,COL,Bogotá,06 COLINA,Brunch & Munch,rappi,27.07,0.47,26.82,1.0
46086.0,13.0,COL,Bogotá,02 PARQUE 93,Brunch & Munch,rappi,50.81,5.3,0.85,1.0
46086.0,16.0,COL,Bogotá,38 KENNEDY,Brunch & Munch,rappi,9.61,0.35,9.32,1.0
46086.0,17.0,COL,Bogotá,02 PARQUE 93,Brunch & Munch,rappi,18.58,3.47,0.47,1.0
46086.0,17.0,COL,Bogotá,06 COLINA,Brunch & Munch,rappi,14.2,0.15,36.56,1.0
46086.0,18.0,COL,Bogotá,02 PARQUE 93,Brunch & Munch,rappi,39.77,8.78,2.21,1.0
46086.0,18.0,COL,Bogotá,02 PARQUE 93,Brunch & Munch,rappi,56.04,9.18,1.01,1.0
46086.0,19.0,COL,Bogotá,13 CHIA,Brunch & Munch,rappi,27.99,6.55,1.09,1.0
46086.0,20.0,COL,Bogotá,01 USAQUEN,Brunch & Munch,rappi,31.06,17.58,0.3,1.0
46086.0,20.0,COL,Bogotá,36 VILLA DEL PRADO,Brunch & Munch,rappi,1.42,,10.97,1.0
46086.0,20.0,COL,Bogotá,06 COLINA,Brunch & Munch,rappi,31.12,0.55,8.06,1.0
46086.0,20.0,COL,Bogotá,01 USAQUEN,Brunch & Munch,rappi,43.11,17.0,0.02,1.0
46086.0,20.0,COL,Bogotá,02 PARQUE 93,Brunch & Munch,rappi,14.16,4.98,0.76,1.0
46086.0,20.0,COL,Bogotá,01 USAQUEN,Brunch & Munch,rappi,10.05,1.4,1.16,1.0
46086.0,21.0,COL,Bogotá,02 PARQUE 93,Brunch & Munch,rappi,55.09,5.95,0.87,1.0
46086.0,21.0,COL,Bogotá,03 CHAPINERO,Brunch & Munch,rappi,8.17,2.6,10.59,1.0
46086.0,21.0,COL,Bogotá,06 COLINA,Brunch & Munch,rappi,20.85,3.77,0.28,1.0
46086.0,21.0,COL,Bogotá,36 VILLA DEL PRADO,Brunch & Munch,rappi,4.37,0.47,4.69,1.0
46086.0,21.0,COL,Bogotá,01 USAQUEN,Brunch & Munch,rappi,22.04,0.23,43.11,1.0
46086.0,23.0,COL,Bogotá,03 CHAPINERO,Brunch & Munch,rappi,11.72,0.23,15.33,1.0
46086.0,23.0,COL,Bogotá,03 CHAPINERO,Brunch & Munch,rappi,8.0,0.13,12.55,1.0
46086.0,23.0,COL,Bogotá,02 PARQUE 93,Brunch & Munch,rappi,8.8,0.13,5.02,1.0
46086.0,8.0,COL,Bogotá,01 USAQUEN,BRUNCH & MUNCH TURBO,rappi,3.06,0.0,1.05,1.0
46086.0,8.0,COL,Bogotá,03 CHAPINERO,BRUNCH & MUNCH TURBO,rappi,5.03,0.65,0.74,1.0
46086.0,8.0,COL,Bogotá,65 CALLE 109,BRUNCH & MUNCH TURBO,rappi,3.0,6.48,8.67,1.0
46086.0,8.0,COL,Bogotá,08 ANDES,BRUNCH & MUNCH TURBO,rappi,4.54,0.97,12.27,1.0
46086.0,8.0,COL,Bogotá,65 CALLE 109,BRUNCH & MUNCH TURBO,rappi,1.58,5.03,8.42,1.0
46086.0,9.0,COL,Bogotá,03 CHAPINERO,BRUNCH & MUNCH TURBO,rappi,6.12,0.72,0.85,1.0
46086.0,9.0,COL,Bogotá,38 KENNEDY,BRUNCH & MUNCH TURBO,rappi,4.79,0.07,0.25,1.0
46086.0,9.0,COL,Bogotá,36 VILLA DEL PRADO,BRUNCH & MUNCH TURBO,rappi,10.11,1.17,15.84,1.0
46086.0,9.0,COL,Bogotá,08 ANDES,BRUNCH & MUNCH TURBO,rappi,13.11,8.57,0.22,1.0
46086.0,10.0,COL,Bogotá,01 USAQUEN,BRUNCH & MUNCH TURBO,rappi,3.73,0.25,2.09,1.0
46086.0,10.0,COL,Bogotá,03 CHAPINERO,BRUNCH & MUNCH TURBO,rappi,4.04,0.0,0.55,1.0
46086.0,11.0,COL,Bogotá,01 USAQUEN,BRUNCH & MUNCH TURBO,rappi,5.8,0.57,14.4,1.0
46086.0,12.0,COL,Bogotá,08 ANDES,BRUNCH & MUNCH TURBO,rappi,4.36,0.13,1.08,1.0
46086.0,13.0,COL,Bogotá,08 ANDES,BRUNCH & MUNCH TURBO,rappi,8.49,4.23,0.63,1.0
46086.0,14.0,COL,Bogotá,08 ANDES,BRUNCH & MUNCH TURBO,rappi,8.98,4.7,0.43,1.0
46086.0,20.0,COL,Bogotá,08 ANDES,BRUNCH & MUNCH TURBO,rappi,8.73,0.87,2.86,1.0
46086.0,20.0,COL,Bogotá,01 USAQUEN,BRUNCH & MUNCH TURBO,rappi,2.2,0.62,4.22,1.0
46086.0,8.0,COL,Bogotá,38 KENNEDY,Brunch Club,didi,13.09,6.67,0.71,1.0
46086.0,8.0,COL,Bogotá,01 USAQUEN,Brunch Club,didi,20.32,15.25,0.85,1.0
46086.0,8.0,COL,Bogotá,02 PARQUE 93,Brunch Club,didi,55.27,3.32,0.21,1.0
46086.0,8.0,COL,Bogotá,45 VERAGUAS,Brunch Club,didi,9.0,1.02,8.35,1.0
46086.0,8.0,COL,Bogotá,38 KENNEDY,Brunch Club,didi,17.82,10.87,0.21,1.0
46086.0,9.0,COL,Bogotá,38 KENNEDY,Brunch Club,didi,6.7,2.03,0.4,1.0
46086.0,9.0,COL,Bogotá,36 VILLA DEL PRADO,Brunch Club,didi,24.9,8.58,1.22,1.0
46086.0,9.0,COL,Bogotá,45 VERAGUAS,Brunch Club,didi,21.18,2.65,1.99,1.0
46086.0,9.0,COL,Bogotá,01 USAQUEN,Brunch Club,didi,16.24,2.92,6.59,1.0
46086.0,9.0,COL,Bogotá,15 ENGATIVA,Brunch Club,didi,22.82,12.32,1.1,1.0
46086.0,9.0,COL,Bogotá,01 USAQUEN,Brunch Club,didi,6.27,0.38,1.77,1.0
46086.0,9.0,COL,Bogotá,36 VILLA DEL PRADO,Brunch Club,didi,18.23,1.4,3.99,1.0
46086.0,9.0,COL,Bogotá,38 KENNEDY,Brunch Club,didi,13.94,0.88,15.21,1.0
46086.0,10.0,COL,Bogotá,02 PARQUE 93,Brunch Club,didi,12.96,3.65,0.72,1.0
46086.0,10.0,COL,Bogotá,15 ENGATIVA,Brunch Club,didi,11.25,12.57,7.84,1.0
46086.0,20.0,COL,Bogotá,15 ENGATIVA,Brunch Club,didi,7.32,3.28,0.86,1.0
46086.0,7.0,COL,Bogotá,02 PARQUE 93,Burrito Cantina,rappi,18.33,7.4,0.81,1.0
46086.0,14.0,COL,Bogotá,65 CALLE 109,Burrito Cantina,rappi,42.34,19.42,0.6,1.0
46086.0,18.0,COL,Bogotá,69 ARRECIFE,Burrito Cantina,rappi,14.37,0.37,9.12,1.0
46086.0,20.0,COL,Bogotá,01 USAQUEN,Burrito Cantina,rappi,0.0,,1.0,
46086.0,19.0,COL,Bogotá,36 VILLA DEL PRADO,Burrito Cantina Turbo,rappi,4.59,0.0,0.33,1.0
46086.0,21.0,COL,Bogotá,08 ANDES,Burrito Cantina Turbo,rappi,9.51,2.82,0.56,1.0
46086.0,8.0,COL,Bogotá,36 VILLA DEL PRADO,Burritos & Co,didi,11.16,4.38,0.9,1.0
46086.0,9.0,COL,Bogotá,08 ANDES,Burritos & Co,didi,10.13,9.1,3.9,1.0
46086.0,9.0,COL,Bogotá,38 KENNEDY,Burritos & Co,didi,3.51,0.9,12.13,1.0
46086.0,11.0,COL,Bogotá,15 ENGATIVA,Burritos & Co,didi,16.05,0.78,3.51,1.0
46086.0,12.0,COL,Bogotá,13 CHIA,Burritos & Co,didi,16.07,10.83,0.99,1.0
46086.0,12.0,COL,Bogotá,45 VERAGUAS,Burritos & Co,didi,8.84,1.88,0.24,1.0
46086.0,12.0,COL,Bogotá,36 VILLA DEL PRADO,Burritos & Co,didi,27.0,8.52,0.47,1.0
46086.0,12.0,COL,Bogotá,13 CHIA,Burritos & Co,didi,10.72,4.6,1.03,1.0
46086.0,12.0,COL,Bogotá,15 ENGATIVA,Burritos & Co,didi,12.34,1.47,3.09,1.0
46086.0,13.0,COL,Bogotá,38 KENNEDY,Burritos & Co,didi,15.72,12.47,5.0,1.0
46086.0,13.0,COL,Bogotá,45 VERAGUAS,Burritos & Co,didi,14.77,1.4,2.41,1.0
46086.0,13.0,COL,Bogotá,36 VILLA DEL PRADO,Burritos & Co,didi,9.0,2.83,0.82,1.0
46086.0,13.0,COL,Bogotá,45 VERAGUAS,Burritos & Co,didi,17.8,6.3,1.67,1.0
46086.0,13.0,COL,Bogotá,03 CHAPINERO,Burritos & Co,didi,5.83,0.12,4.97,1.0
46086.0,13.0,COL,Bogotá,02 PARQUE 93,Burritos & Co,didi,15.45,8.6,0.69,1.0
46086.0,13.0,COL,Bogotá,15 ENGATIVA,Burritos & Co,didi,10.7,5.58,3.4,1.0
46086.0,14.0,COL,Bogotá,15 ENGATIVA,Burritos & Co,didi,5.14,1.0,9.59,1.0
46086.0,14.0,COL,Bogotá,15 ENGATIVA,Burritos & Co,didi,18.1,0.5,18.0,1.0
46086.0,14.0,COL,Bogotá,15 ENGATIVA,Burritos & Co,didi,8.14,4.62,1.61,1.0
46086.0,14.0,COL,Bogotá,38 KENNEDY,Burritos & Co,didi,14.75,5.52,0.92,1.0
46086.0,14.0,COL,Bogotá,38 KENNEDY,Burritos & Co,didi,9.13,3.67,7.0,1.0
46086.0,15.0,COL,Bogotá,13 CHIA,Burritos & Co,didi,16.03,6.87,1.89,1.0
46086.0,15.0,COL,Bogotá,15 ENGATIVA,Burritos & Co,didi,4.89,0.3,0.27,1.0
46086.0,15.0,COL,Bogotá,01 USAQUEN,Burritos & Co,didi,11.09,3.6,0.86,1.0
46086.0,15.0,COL,Bogotá,36 VILLA DEL PRADO,Burritos & Co,didi,4.59,0.95,28.37,1.0
46086.0,16.0,COL,Bogotá,13 CHIA,Burritos & Co,didi,15.92,3.6,0.14,1.0
46086.0,17.0,COL,Bogotá,45 VERAGUAS,Burritos & Co,didi,13.34,8.17,1.16,1.0
46086.0,18.0,COL,Bogotá,38 KENNEDY,Burritos & Co,didi,17.97,0.97,18.86,1.0
46086.0,18.0,COL,Bogotá,38 KENNEDY,Burritos & Co,didi,15.16,0.83,0.71,1.0
46086.0,18.0,COL,Bogotá,36 VILLA DEL PRADO,Burritos & Co,didi,10.04,4.8,10.81,1.0
46086.0,18.0,COL,Bogotá,15 ENGATIVA,Burritos & Co,didi,10.9,1.18,19.16,1.0
46086.0,18.0,COL,Bogotá,06 COLINA,Burritos & Co,didi,2.95,1.53,20.71,1.0
46086.0,18.0,COL,Bogotá,45 VERAGUAS,Burritos & Co,didi,7.78,2.52,2.12,1.0
46086.0,19.0,COL,Bogotá,01 USAQUEN,Burritos & Co,didi,12.05,1.82,0.65,1.0
46086.0,19.0,COL,Bogotá,15 ENGATIVA,Burritos & Co,didi,10.18,6.77,1.26,1.0
46086.0,19.0,COL,Bogotá,45 VERAGUAS,Burritos & Co,didi,9.1,0.68,20.96,1.0
46086.0,19.0,COL,Bogotá,08 ANDES,Burritos & Co,didi,8.44,0.78,12.56,1.0
46086.0,19.0,COL,Bogotá,03 CHAPINERO,Burritos & Co,didi,9.22,2.13,11.19,1.0
46086.0,20.0,COL,Bogotá,08 ANDES,Burritos & Co,didi,10.82,0.6,27.02,1.0
46086.0,20.0,COL,Bogotá,38 KENNEDY,Burritos & Co,didi,15.87,10.23,1.96,1.0
46086.0,21.0,COL,Bogotá,15 ENGATIVA,Burritos & Co,didi,11.32,4.87,3.91,1.0
46086.0,21.0,COL,Bogotá,38 KENNEDY,Burritos & Co,didi,21.78,17.42,2.17,1.0
46086.0,21.0,COL,Bogotá,15 ENGATIVA,Burritos & Co,didi,10.05,2.43,0.81,1.0
46086.0,21.0,COL,Bogotá,08 ANDES,Burritos & Co,didi,22.87,17.65,0.19,1.0
46086.0,21.0,COL,Bogotá,38 KENNEDY,Burritos & Co,didi,24.65,19.95,1.28,1.0
46086.0,21.0,COL,Bogotá,08 ANDES,Burritos & Co,didi,7.32,3.22,7.08,1.0
46086.0,21.0,COL,Bogotá,15 ENGATIVA,Burritos & Co,didi,19.82,11.35,0.77,1.0
46086.0,21.0,COL,Bogotá,03 CHAPINERO,Burritos & Co,didi,15.8,11.65,0.95,1.0
46086.0,23.0,COL,Bogotá,03 CHAPINERO,Burritos & Co,didi,23.39,2.67,20.97,1.0
46086.0,12.0,COL,Bogotá,36 VILLA DEL PRADO,Burritos & Co,foodologypos,17.91,0.0,20.34,1.0
46086.0,8.0,COL,Bogotá,38 KENNEDY,Burritos & Co,rappi,11.18,5.43,1.91,1.0
46086.0,9.0,COL,Bogotá,36 VILLA DEL PRADO,Burritos & Co,rappi,13.97,0.0,1.0,
46086.0,10.0,COL,Bogotá,01 USAQUEN,Burritos & Co,rappi,13.66,1.02,0.38,1.0
46086.0,11.0,COL,Bogotá,69 ARRECIFE,Burritos & Co,rappi,16.5,12.03,0.5,1.0
46086.0,11.0,COL,Bogotá,03 CHAPINERO,Burritos & Co,rappi,9.46,5.02,0.54,1.0
46086.0,11.0,COL,Bogotá,08 ANDES,Burritos & Co,rappi,14.02,2.78,0.02,1.0
46086.0,11.0,COL,Bogotá,38 KENNEDY,Burritos & Co,rappi,8.97,0.15,1.69,1.0
46086.0,12.0,COL,Bogotá,06 COLINA,Burritos & Co,rappi,6.58,0.75,22.33,1.0
46086.0,12.0,COL,Bogotá,08 ANDES,Burritos & Co,rappi,3.66,0.53,16.1,1.0
46086.0,12.0,COL,Bogotá,03 CHAPINERO,Burritos & Co,rappi,12.68,7.72,0.14,1.0
46086.0,12.0,COL,Bogotá,02 PARQUE 93,Burritos & Co,rappi,18.32,1.93,0.64,1.0
46086.0,12.0,COL,Bogotá,08 ANDES,Burritos & Co,rappi,20.52,2.9,1.27,1.0
46086.0,12.0,COL,Bogotá,36 VILLA DEL PRADO,Burritos & Co,rappi,24.82,16.68,3.92,1.0
46086.0,12.0,COL,Bogotá,36 VILLA DEL PRADO,Burritos & Co,rappi,23.23,16.68,1.65,1.0
46086.0,12.0,COL,Bogotá,13 CHIA,Burritos & Co,rappi,10.19,0.25,17.76,1.0
46086.0,12.0,COL,Bogotá,13 CHIA,Burritos & Co,rappi,11.17,0.25,8.0,1.0
46086.0,12.0,COL,Bogotá,02 PARQUE 93,Burritos & Co,rappi,49.8,5.15,0.43,1.0
46086.0,12.0,COL,Bogotá,03 CHAPINERO,Burritos & Co,rappi,9.99,0.15,12.0,1.0
46086.0,12.0,COL,Bogotá,08 ANDES,Burritos & Co,rappi,11.86,0.58,0.33,1.0
46086.0,12.0,COL,Bogotá,01 USAQUEN,Burritos & Co,rappi,13.2,3.22,0.18,1.0
46086.0,12.0,COL,Bogotá,38 KENNEDY,Burritos & Co,rappi,13.02,0.17,8.04,1.0
46086.0,12.0,COL,Bogotá,69 ARRECIFE,Burritos & Co,rappi,10.76,0.9,2.53,1.0
46086.0,13.0,COL,Bogotá,36 VILLA DEL PRADO,Burritos & Co,rappi,16.97,0.23,7.08,1.0
46086.0,13.0,COL,Bogotá,15 ENGATIVA,Burritos & Co,rappi,10.96,5.67,0.9,1.0
46086.0,13.0,COL,Bogotá,45 VERAGUAS,Burritos & Co,rappi,12.81,0.48,4.26,1.0
46086.0,13.0,COL,Bogotá,01 USAQUEN,Burritos & Co,rappi,13.86,0.2,13.8,1.0
46086.0,13.0,COL,Bogotá,13 CHIA,Burritos & Co,rappi,17.9,0.15,0.16,1.0
46086.0,13.0,COL,Bogotá,08 ANDES,Burritos & Co,rappi,5.95,1.38,0.27,1.0
46086.0,13.0,COL,Bogotá,13 CHIA,Burritos & Co,rappi,22.72,1.52,1.09,1.0
46086.0,13.0,COL,Bogotá,03 CHAPINERO,Burritos & Co,rappi,3.38,0.35,30.66,1.0
46086.0,13.0,COL,Bogotá,69 ARRECIFE,Burritos & Co,rappi,11.93,9.33,2.64,1.0
46086.0,13.0,COL,Bogotá,69 ARRECIFE,Burritos & Co,rappi,9.95,9.32,4.63,1.0
46086.0,13.0,COL,Bogotá,01 USAQUEN,Burritos & Co,rappi,8.47,0.3,14.71,1.0
46086.0,13.0,COL,Bogotá,45 VERAGUAS,Burritos & Co,rappi,13.79,4.48,0.89,1.0
46086.0,13.0,COL,Bogotá,38 KENNEDY,Burritos & Co,rappi,19.62,1.52,0.94,1.0
46086.0,14.0,COL,Bogotá,38 KENNEDY,Burritos & Co,rappi,11.01,0.35,19.32,1.0
46086.0,14.0,COL,Bogotá,02 PARQUE 93,Burritos & Co,rappi,44.84,12.92,0.75,1.0
46086.0,14.0,COL,Bogotá,03 CHAPINERO,Burritos & Co,rappi,6.03,2.13,3.99,1.0
46086.0,14.0,COL,Bogotá,03 CHAPINERO,Burritos & Co,rappi,8.35,4.8,1.1,1.0
46086.0,14.0,COL,Bogotá,01 USAQUEN,Burritos & Co,rappi,10.34,0.87,5.05,1.0
46086.0,14.0,COL,Bogotá,45 VERAGUAS,Burritos & Co,rappi,11.05,2.02,4.11,1.0
46086.0,14.0,COL,Bogotá,45 VERAGUAS,Burritos & Co,rappi,14.93,2.02,0.24,1.0
46086.0,14.0,COL,Bogotá,01 USAQUEN,Burritos & Co,rappi,7.82,0.7,39.96,1.0
46086.0,14.0,COL,Bogotá,06 COLINA,Burritos & Co,rappi,10.9,0.53,44.02,1.0
46086.0,14.0,COL,Bogotá,01 USAQUEN,Burritos & Co,rappi,5.95,0.25,17.4,1.0
46086.0,14.0,COL,Bogotá,06 COLINA,Burritos & Co,rappi,13.98,0.88,15.44,1.0
46086.0,14.0,COL,Bogotá,13 CHIA,Burritos & Co,rappi,22.24,10.4,0.66,1.0
46086.0,15.0,COL,Bogotá,03 CHAPINERO,Burritos & Co,rappi,8.07,0.28,3.42,1.0
46086.0,15.0,COL,Bogotá,08 ANDES,Burritos & Co,rappi,4.8,0.7,3.22,1.0
46086.0,15.0,COL,Bogotá,06 COLINA,Burritos & Co,rappi,23.52,2.87,9.95,1.0
46086.0,15.0,COL,Bogotá,01 USAQUEN,Burritos & Co,rappi,16.9,0.3,42.68,1.0
46086.0,15.0,COL,Bogotá,45 VERAGUAS,Burritos & Co,rappi,7.32,0.4,45.78,1.0
46086.0,15.0,COL,Bogotá,15 ENGATIVA,Burritos & Co,rappi,12.95,6.92,0.37,1.0
46086.0,15.0,COL,Bogotá,02 PARQUE 93,Burritos & Co,rappi,0.0,,1.0,
46086.0,15.0,COL,Bogotá,02 PARQUE 93,Burritos & Co,rappi,0.0,,1.0,
46086.0,15.0,COL,Bogotá,15 ENGATIVA,Burritos & Co,rappi,10.08,0.65,38.9,1.0
46086.0,15.0,COL,Bogotá,03 CHAPINERO,Burritos & Co,rappi,7.9,0.27,5.17,1.0
46086.0,15.0,COL,Bogotá,13 CHIA,Burritos & Co,rappi,13.13,0.27,20.9,1.0
46086.0,15.0,COL,Bogotá,08 ANDES,Burritos & Co,rappi,1.98,0.18,14.9,1.0
46086.0,16.0,COL,Bogotá,03 CHAPINERO,Burritos & Co,rappi,4.39,0.23,2.77,1.0
46086.0,16.0,COL,Bogotá,15 ENGATIVA,Burritos & Co,rappi,16.22,0.3,18.69,1.0
46086.0,16.0,COL,Bogotá,03 CHAPINERO,Burritos & Co,rappi,3.47,0.72,4.58,1.0
46086.0,16.0,COL,Bogotá,13 CHIA,Burritos & Co,rappi,25.24,19.3,3.48,1.0
46086.0,17.0,COL,Bogotá,45 VERAGUAS,Burritos & Co,rappi,19.54,14.2,3.44,1.0
46086.0,17.0,COL,Bogotá,03 CHAPINERO,Burritos & Co,rappi,7.24,0.38,7.11,1.0
46086.0,17.0,COL,Bogotá,08 ANDES,Burritos & Co,rappi,3.23,0.32,17.94,1.0
46086.0,18.0,COL,Bogotá,45 VERAGUAS,Burritos & Co,rappi,10.04,0.32,8.14,1.0
46086.0,18.0,COL,Bogotá,03 CHAPINERO,Burritos & Co,rappi,25.53,8.83,1.21,1.0
46086.0,18.0,COL,Bogotá,13 CHIA,Burritos & Co,rappi,9.88,0.47,5.29,1.0
46086.0,18.0,COL,Bogotá,45 VERAGUAS,Burritos & Co,rappi,10.84,0.2,7.38,1.0
46086.0,18.0,COL,Bogotá,69 ARRECIFE,Burritos & Co,rappi,7.48,2.37,0.49,1.0
46086.0,18.0,COL,Bogotá,02 PARQUE 93,Burritos & Co,rappi,0.0,,1.0,
46086.0,18.0,COL,Bogotá,08 ANDES,Burritos & Co,rappi,5.04,0.43,36.07,1.0
46086.0,18.0,COL,Bogotá,15 ENGATIVA,Burritos & Co,rappi,20.74,3.15,5.46,1.0
46086.0,18.0,COL,Bogotá,08 ANDES,Burritos & Co,rappi,6.39,0.25,57.88,1.0
46086.0,19.0,COL,Bogotá,02 PARQUE 93,Burritos & Co,rappi,68.98,2.88,0.23,1.0
46086.0,19.0,COL,Bogotá,06 COLINA,Burritos & Co,rappi,15.68,12.58,16.21,1.0
46086.0,19.0,COL,Bogotá,06 COLINA,Burritos & Co,rappi,13.77,0.32,1.11,1.0
46086.0,19.0,COL,Bogotá,06 COLINA,Burritos & Co,rappi,28.6,12.6,1.16,1.0
46086.0,19.0,COL,Bogotá,01 USAQUEN,Burritos & Co,rappi,25.55,0.22,30.06,1.0
46086.0,19.0,COL,Bogotá,69 ARRECIFE,Burritos & Co,rappi,11.0,0.23,51.76,1.0
46086.0,19.0,COL,Bogotá,36 VILLA DEL PRADO,Burritos & Co,rappi,16.25,0.1,2.84,1.0
46086.0,19.0,COL,Bogotá,03 CHAPINERO,Burritos & Co,rappi,16.89,0.28,4.17,1.0
46086.0,19.0,COL,Bogotá,08 ANDES,Burritos & Co,rappi,6.98,0.27,5.08,1.0
46086.0,19.0,COL,Bogotá,13 CHIA,Burritos & Co,rappi,12.63,3.42,0.41,1.0
46086.0,19.0,COL,Bogotá,01 USAQUEN,Burritos & Co,rappi,5.76,1.77,13.27,1.0
46086.0,19.0,COL,Bogotá,08 ANDES,Burritos & Co,rappi,4.99,0.25,1.91,1.0
46086.0,19.0,COL,Bogotá,45 VERAGUAS,Burritos & Co,rappi,8.14,0.4,30.38,1.0
46086.0,19.0,COL,Bogotá,01 USAQUEN,Burritos & Co,rappi,18.97,0.32,39.3,1.0
46086.0,19.0,COL,Bogotá,06 COLINA,Burritos & Co,rappi,32.01,1.62,0.69,1.0
46086.0,20.0,COL,Bogotá,38 KENNEDY,Burritos & Co,rappi,36.54,8.05,0.78,1.0
46086.0,20.0,COL,Bogotá,01 USAQUEN,Burritos & Co,rappi,9.15,0.68,13.06,1.0
46086.0,20.0,COL,Bogotá,02 PARQUE 93,Burritos & Co,rappi,48.19,9.38,3.87,1.0
46086.0,20.0,COL,Bogotá,08 ANDES,Burritos & Co,rappi,10.69,0.45,10.54,1.0
46086.0,20.0,COL,Bogotá,06 COLINA,Burritos & Co,rappi,24.54,1.95,3.58,1.0
46086.0,20.0,COL,Bogotá,01 USAQUEN,Burritos & Co,rappi,10.3,4.72,0.62,1.0
46086.0,20.0,COL,Bogotá,01 USAQUEN,Burritos & Co,rappi,16.08,11.08,0.18,1.0
46086.0,20.0,COL,Bogotá,69 ARRECIFE,Burritos & Co,rappi,17.08,0.52,30.83,1.0
46086.0,20.0,COL,Bogotá,45 VERAGUAS,Burritos & Co,rappi,16.03,9.13,0.33,1.0
46086.0,20.0,COL,Bogotá,02 PARQUE 93,Burritos & Co,rappi,16.02,9.38,0.19,1.0
46086.0,20.0,COL,Bogotá,08 ANDES,Burritos & Co,rappi,19.02,7.35,0.19,1.0
46086.0,21.0,COL,Bogotá,08 ANDES,Burritos & Co,rappi,20.14,6.78,0.58,1.0
46086.0,21.0,COL,Bogotá,03 CHAPINERO,Burritos & Co,rappi,15.27,0.2,8.18,1.0
46086.0,21.0,COL,Bogotá,15 ENGATIVA,Burritos & Co,rappi,8.06,9.57,43.99,1.0
46086.0,21.0,COL,Bogotá,02 PARQUE 93,Burritos & Co,rappi,21.31,1.92,0.77,1.0
46086.0,21.0,COL,Bogotá,38 KENNEDY,Burritos & Co,rappi,0.0,,1.0,
46086.0,21.0,COL,Bogotá,08 ANDES,Burritos & Co,rappi,9.97,24.6,28.09,1.0
46086.0,21.0,COL,Bogotá,01 USAQUEN,Burritos & Co,rappi,19.45,0.58,21.53,1.0
46086.0,21.0,COL,Bogotá,08 ANDES,Burritos & Co,rappi,14.87,24.6,20.89,1.0
46086.0,21.0,COL,Bogotá,08 ANDES,Burritos & Co,rappi,8.29,17.83,19.94,1.0
46086.0,21.0,COL,Bogotá,08 ANDES,Burritos & Co,rappi,23.96,17.83,3.12,1.0
46086.0,21.0,COL,Bogotá,01 USAQUEN,Burritos & Co,rappi,10.81,1.32,5.22,1.0
46086.0,21.0,COL,Bogotá,08 ANDES,Burritos & Co,rappi,19.24,16.63,2.14,1.0
46086.0,21.0,COL,Bogotá,69 ARRECIFE,Burritos & Co,rappi,13.97,3.17,1.14,1.0
46086.0,21.0,COL,Bogotá,01 USAQUEN,Burritos & Co,rappi,5.61,0.2,13.98,1.0
46086.0,21.0,COL,Bogotá,36 VILLA DEL PRADO,Burritos & Co,rappi,8.05,0.32,24.17,1.0
46086.0,21.0,COL,Bogotá,06 COLINA,Burritos & Co,rappi,13.96,2.63,0.46,1.0
46086.0,21.0,COL,Bogotá,02 PARQUE 93,Burritos & Co,rappi,61.92,0.18,7.27,1.0
46086.0,22.0,COL,Bogotá,01 USAQUEN,Burritos & Co,rappi,19.96,15.18,0.11,1.0
46086.0,22.0,COL,Bogotá,03 CHAPINERO,Burritos & Co,rappi,7.24,0.48,1.3,1.0
46086.0,22.0,COL,Bogotá,01 USAQUEN,Burritos & Co,rappi,14.94,6.3,0.64,1.0
46086.0,22.0,COL,Bogotá,03 CHAPINERO,Burritos & Co,rappi,28.69,0.22,9.24,1.0
46086.0,23.0,COL,Bogotá,02 PARQUE 93,Burritos & Co,rappi,10.27,3.47,33.94,1.0
46086.0,23.0,COL,Bogotá,03 CHAPINERO,Burritos & Co,rappi,25.89,10.1,3.15,1.0
46086.0,23.0,COL,Bogotá,03 CHAPINERO,Burritos & Co,rappi,14.37,0.8,1.8,1.0
46086.0,23.0,COL,Bogotá,02 PARQUE 93,Burritos & Co,rappi,7.43,3.38,0.78,1.0
46086.0,11.0,COL,Bogotá,06 COLINA,Burritos & Co Turbo,rappi,2.66,2.2,7.23,1.0
46086.0,12.0,COL,Bogotá,08 ANDES,Burritos & Co Turbo,rappi,6.31,0.55,12.85,1.0
46086.0,12.0,COL,Bogotá,01 USAQUEN,Burritos & Co Turbo,rappi,4.07,0.0,0.87,1.0
46086.0,12.0,COL,Bogotá,01 USAQUEN,Burritos & Co Turbo,rappi,3.94,0.0,0.16,1.0
46086.0,12.0,COL,Bogotá,03 CHAPINERO,Burritos & Co Turbo,rappi,5.52,0.37,3.16,1.0
46086.0,13.0,COL,Bogotá,01 USAQUEN,Burritos & Co Turbo,rappi,3.1,0.98,5.79,1.0
46086.0,13.0,COL,Bogotá,01 USAQUEN,Burritos & Co Turbo,rappi,5.25,1.18,0.82,1.0
46086.0,13.0,COL,Bogotá,08 ANDES,Burritos & Co Turbo,rappi,2.78,0.0,1.48,1.0
46086.0,13.0,COL,Bogotá,38 KENNEDY,Burritos & Co Turbo,rappi,9.93,0.33,15.1,1.0
46086.0,14.0,COL,Bogotá,36 VILLA DEL PRADO,Burritos & Co Turbo,rappi,9.9,0.18,2.02,1.0
46086.0,14.0,COL,Bogotá,36 VILLA DEL PRADO,Burritos & Co Turbo,rappi,5.77,0.28,0.25,1.0
46086.0,14.0,COL,Bogotá,38 KENNEDY,Burritos & Co Turbo,rappi,2.07,0.0,1.1,1.0
46086.0,14.0,COL,Bogotá,36 VILLA DEL PRADO,Burritos & Co Turbo,rappi,6.94,2.55,0.76,1.0
46086.0,14.0,COL,Bogotá,38 KENNEDY,Burritos & Co Turbo,rappi,8.25,4.3,0.92,1.0
46086.0,15.0,COL,Bogotá,06 COLINA,Burritos & Co Turbo,rappi,9.26,7.98,3.72,1.0
46086.0,15.0,COL,Bogotá,36 VILLA DEL PRADO,Burritos & Co Turbo,rappi,7.3,3.23,0.81,1.0
46086.0,15.0,COL,Bogotá,08 ANDES,Burritos & Co Turbo,rappi,1.66,0.0,1.08,1.0
46086.0,15.0,COL,Bogotá,01 USAQUEN,Burritos & Co Turbo,rappi,0.82,,1.37,1.0
46086.0,16.0,COL,Bogotá,08 ANDES,Burritos & Co Turbo,rappi,4.81,0.88,1.1,1.0
46086.0,16.0,COL,Bogotá,03 CHAPINERO,Burritos & Co Turbo,rappi,8.92,4.1,0.23,1.0
46086.0,16.0,COL,Bogotá,36 VILLA DEL PRADO,Burritos & Co Turbo,rappi,5.11,0.62,0.34,1.0
46086.0,16.0,COL,Bogotá,08 ANDES,Burritos & Co Turbo,rappi,5.98,1.45,0.68,1.0
46086.0,16.0,COL,Bogotá,36 VILLA DEL PRADO,Burritos & Co Turbo,rappi,5.93,1.43,0.72,1.0
46086.0,16.0,COL,Bogotá,01 USAQUEN,Burritos & Co Turbo,rappi,9.03,5.53,1.27,1.0
46086.0,17.0,COL,Bogotá,36 VILLA DEL PRADO,Burritos & Co Turbo,rappi,5.81,0.52,7.23,1.0
46086.0,17.0,COL,Bogotá,08 ANDES,Burritos & Co Turbo,rappi,1.96,0.0,0.78,1.0
46086.0,17.0,COL,Bogotá,36 VILLA DEL PRADO,Burritos & Co Turbo,rappi,10.14,8.18,2.96,1.0
46086.0,17.0,COL,Bogotá,38 KENNEDY,Burritos & Co Turbo,rappi,3.31,0.22,1.8,1.0
46086.0,18.0,COL,Bogotá,38 KENNEDY,Burritos & Co Turbo,rappi,4.92,0.6,0.82,1.0
46086.0,18.0,COL,Bogotá,08 ANDES,Burritos & Co Turbo,rappi,2.0,0.4,3.22,1.0
46086.0,18.0,COL,Bogotá,06 COLINA,Burritos & Co Turbo,rappi,4.07,1.82,11.44,1.0
46086.0,18.0,COL,Bogotá,03 CHAPINERO,Burritos & Co Turbo,rappi,7.78,0.47,2.53,1.0
46086.0,18.0,COL,Bogotá,38 KENNEDY,Burritos & Co Turbo,rappi,3.16,0.52,2.64,1.0
46086.0,18.0,COL,Bogotá,38 KENNEDY,Burritos & Co Turbo,rappi,21.29,2.77,6.0,1.0
46086.0,18.0,COL,Bogotá,01 USAQUEN,Burritos & Co Turbo,rappi,5.58,1.23,0.96,1.0
46086.0,19.0,COL,Bogotá,06 COLINA,Burritos & Co Turbo,rappi,4.15,2.47,3.62,1.0
46086.0,19.0,COL,Bogotá,03 CHAPINERO,Burritos & Co Turbo,rappi,3.98,0.0,0.85,1.0
46086.0,19.0,COL,Bogotá,06 COLINA,Burritos & Co Turbo,rappi,4.15,1.02,21.91,1.0
46086.0,19.0,COL,Bogotá,06 COLINA,Burritos & Co Turbo,rappi,2.87,2.97,37.07,1.0
46086.0,19.0,COL,Bogotá,08 ANDES,Burritos & Co Turbo,rappi,4.52,0.17,2.42,1.0
46086.0,19.0,COL,Bogotá,01 USAQUEN,Burritos & Co Turbo,rappi,6.56,1.52,0.13,1.0
46086.0,19.0,COL,Bogotá,01 USAQUEN,Burritos & Co Turbo,rappi,6.79,2.23,0.3,1.0
46086.0,19.0,COL,Bogotá,36 VILLA DEL PRADO,Burritos & Co Turbo,rappi,5.91,1.58,0.41,1.0
46086.0,19.0,COL,Bogotá,08 ANDES,Burritos & Co Turbo,rappi,5.72,1.42,8.22,1.0
46086.0,19.0,COL,Bogotá,06 COLINA,Burritos & Co Turbo,rappi,3.31,3.95,5.65,1.0
46086.0,20.0,COL,Bogotá,03 CHAPINERO,Burritos & Co Turbo,rappi,10.98,5.78,0.7,1.0
46086.0,20.0,COL,Bogotá,06 COLINA,Burritos & Co Turbo,rappi,0.0,,1.0,
46086.0,20.0,COL,Bogotá,02 PARQUE 93,Burritos & Co Turbo,rappi,6.73,2.27,1.25,1.0
46086.0,20.0,COL,Bogotá,03 CHAPINERO,Burritos & Co Turbo,rappi,12.05,4.18,1.88,1.0
46086.0,20.0,COL,Bogotá,06 COLINA,Burritos & Co Turbo,rappi,13.89,0.48,5.95,1.0
46086.0,20.0,COL,Bogotá,08 ANDES,Burritos & Co Turbo,rappi,4.81,0.37,2.03,1.0
46086.0,20.0,COL,Bogotá,03 CHAPINERO,Burritos & Co Turbo,rappi,4.62,0.88,5.17,1.0
46086.0,20.0,COL,Bogotá,06 COLINA,Burritos & Co Turbo,rappi,7.76,9.12,9.22,1.0
46086.0,20.0,COL,Bogotá,08 ANDES,Burritos & Co Turbo,rappi,2.93,0.0,0.36,1.0
46086.0,21.0,COL,Bogotá,36 VILLA DEL PRADO,Burritos & Co Turbo,rappi,7.72,0.4,0.35,1.0
46086.0,21.0,COL,Bogotá,01 USAQUEN,Burritos & Co Turbo,rappi,6.72,1.65,0.05,1.0
46086.0,21.0,COL,Bogotá,03 CHAPINERO,Burritos & Co Turbo,rappi,3.94,0.98,2.58,1.0
46086.0,21.0,COL,Bogotá,08 ANDES,Burritos & Co Turbo,rappi,12.11,7.55,0.2,1.0
46086.0,21.0,COL,Bogotá,38 KENNEDY,Burritos & Co Turbo,rappi,8.47,1.02,7.49,1.0
46086.0,21.0,COL,Bogotá,03 CHAPINERO,Burritos & Co Turbo,rappi,21.35,4.13,0.86,1.0
46086.0,21.0,COL,Bogotá,65 CALLE 109,Burritos & Co Turbo,rappi,3.15,0.97,22.14,1.0
46086.0,21.0,COL,Bogotá,01 USAQUEN,Burritos & Co Turbo,rappi,6.77,0.6,1.49,1.0
46086.0,9.0,COL,Bogotá,03 CHAPINERO,Cacerola,didi,4.9,0.45,0.76,1.0
46086.0,11.0,COL,Bogotá,15 ENGATIVA,Cacerola,didi,13.57,1.02,1.58,1.0
46086.0,19.0,COL,Bogotá,03 CHAPINERO,Cacerola,didi,0.23,,25.92,1.0
46086.0,22.0,COL,Bogotá,03 CHAPINERO,Cacerola,didi,2.62,,5.49,1.0
46086.0,9.0,COL,Bogotá,08 ANDES,Cacerola Turbo,rappi,5.36,1.85,1.14,1.0
46086.0,21.0,COL,Bogotá,36 VILLA DEL PRADO,Cacerola Turbo,rappi,6.63,2.13,0.84,1.0
46086.0,13.0,COL,Bogotá,15 ENGATIVA,Casa arabe,rappi,16.92,0.9,11.98,1.0
46086.0,17.0,COL,Bogotá,13 CHIA,Casa arabe,rappi,17.89,1.23,2.34,1.0
46086.0,18.0,COL,Bogotá,08 ANDES,Casa arabe,rappi,5.6,0.27,7.17,1.0
46086.0,21.0,COL,Bogotá,06 COLINA,Casa arabe,rappi,14.01,2.1,2.89,1.0
46086.0,14.0,COL,Bogotá,65 CALLE 109,Casa Árabe Turbo,rappi,6.12,8.35,7.08,1.0
46086.0,15.0,COL,Bogotá,65 CALLE 109,Casa Árabe Turbo,rappi,3.79,11.33,12.79,1.0
46086.0,16.0,COL,Bogotá,02 PARQUE 93,Casa Árabe Turbo,rappi,6.14,1.83,0.73,1.0
46086.0,19.0,COL,Bogotá,02 PARQUE 93,Casa Árabe Turbo,rappi,10.97,6.72,0.85,1.0
46086.0,19.0,COL,Bogotá,06 COLINA,Casa Árabe Turbo,rappi,8.06,3.78,23.17,1.0
46086.0,20.0,COL,Bogotá,65 CALLE 109,Casa Árabe Turbo,rappi,7.26,16.0,16.28,1.0
46086.0,21.0,COL,Bogotá,02 PARQUE 93,Casa Árabe Turbo,rappi,9.68,5.95,1.26,1.0
46086.0,21.0,COL,Bogotá,02 PARQUE 93,Casa Árabe Turbo,rappi,11.07,5.3,22.96,1.0
46086.0,21.0,COL,Bogotá,03 CHAPINERO,Casa Árabe Turbo,rappi,12.88,1.87,3.38,1.0
46086.0,21.0,COL,Bogotá,65 CALLE 109,Casa Árabe Turbo,rappi,6.07,0.0,1.0,
46086.0,10.0,COL,Bogotá,15 ENGATIVA,Cinnabon,didi,15.33,9.42,3.74,1.0
46086.0,12.0,COL,Bogotá,01 USAQUEN,Cinnabon,didi,7.95,3.72,3.57,1.0
46086.0,14.0,COL,Bogotá,13 CHIA,Cinnabon,didi,14.03,10.92,1.91,1.0
46086.0,14.0,COL,Bogotá,36 VILLA DEL PRADO,Cinnabon,didi,9.16,4.63,0.21,1.0
46086.0,16.0,COL,Bogotá,15 ENGATIVA,Cinnabon,didi,16.73,3.6,0.42,1.0
46086.0,16.0,COL,Bogotá,15 ENGATIVA,Cinnabon,didi,19.74,1.63,0.36,1.0
46086.0,17.0,COL,Bogotá,36 VILLA DEL PRADO,Cinnabon,didi,12.23,6.75,0.16,1.0
46086.0,18.0,COL,Bogotá,15 ENGATIVA,Cinnabon,didi,16.7,7.3,0.15,1.0
46086.0,19.0,COL,Bogotá,36 VILLA DEL PRADO,Cinnabon,didi,7.08,0.45,5.7,1.0
46086.0,19.0,COL,Bogotá,15 ENGATIVA,Cinnabon,didi,6.82,6.72,19.29,1.0
46086.0,19.0,COL,Bogotá,03 CHAPINERO,Cinnabon,didi,6.46,2.62,0.91,1.0
46086.0,21.0,COL,Bogotá,03 CHAPINERO,Cinnabon,didi,8.04,3.73,0.78,1.0
46086.0,16.0,COL,Bogotá,06 COLINA,Cinnabon,justo,0.0,,1.0,
46086.0,18.0,COL,Bogotá,36 VILLA DEL PRADO,Cinnabon,justo,6.67,0.0,6.36,1.0
46086.0,7.0,COL,Bogotá,65 CALLE 109,Cinnabon,rappi,1.87,0.0,1.97,1.0
46086.0,8.0,COL,Bogotá,15 ENGATIVA,Cinnabon,rappi,10.64,3.88,1.04,1.0
46086.0,8.0,COL,Bogotá,38 KENNEDY,Cinnabon,rappi,24.04,20.38,1.18,1.0
46086.0,8.0,COL,Bogotá,15 ENGATIVA,Cinnabon,rappi,11.4,0.2,2.8,1.0
46086.0,10.0,COL,Bogotá,03 CHAPINERO,Cinnabon,rappi,12.16,0.2,6.77,1.0
46086.0,10.0,COL,Bogotá,38 KENNEDY,Cinnabon,rappi,7.97,0.8,1.94,1.0
46086.0,11.0,COL,Bogotá,03 CHAPINERO,Cinnabon,rappi,10.26,0.32,3.0,1.0
46086.0,11.0,COL,Bogotá,36 VILLA DEL PRADO,Cinnabon,rappi,5.38,0.3,4.68,1.0
46086.0,12.0,COL,Bogotá,03 CHAPINERO,Cinnabon,rappi,8.9,0.2,21.59,1.0
46086.0,12.0,COL,Bogotá,36 VILLA DEL PRADO,Cinnabon,rappi,8.13,0.85,20.54,1.0
46086.0,12.0,COL,Bogotá,03 CHAPINERO,Cinnabon,rappi,7.1,0.0,1.0,
46086.0,12.0,COL,Bogotá,38 KENNEDY,Cinnabon,rappi,10.8,2.78,0.46,1.0
46086.0,12.0,COL,Bogotá,45 VERAGUAS,Cinnabon,rappi,12.98,0.35,3.19,1.0
46086.0,12.0,COL,Bogotá,13 CHIA,Cinnabon,rappi,15.43,2.2,1.54,1.0
46086.0,13.0,COL,Bogotá,36 VILLA DEL PRADO,Cinnabon,rappi,4.84,0.37,1.96,1.0
46086.0,13.0,COL,Bogotá,03 CHAPINERO,Cinnabon,rappi,5.75,0.23,26.85,1.0
46086.0,13.0,COL,Bogotá,06 COLINA,Cinnabon,rappi,30.94,1.18,5.02,1.0
46086.0,13.0,COL,Bogotá,06 COLINA,Cinnabon,rappi,18.31,0.5,5.1,1.0
46086.0,14.0,COL,Bogotá,13 CHIA,Cinnabon,rappi,19.67,8.45,0.23,1.0
46086.0,14.0,COL,Bogotá,45 VERAGUAS,Cinnabon,rappi,17.3,0.2,12.02,1.0
46086.0,15.0,COL,Bogotá,06 COLINA,Cinnabon,rappi,23.04,3.62,36.02,1.0
46086.0,15.0,COL,Bogotá,03 CHAPINERO,Cinnabon,rappi,4.05,0.18,28.18,1.0
46086.0,15.0,COL,Bogotá,13 CHIA,Cinnabon,rappi,5.34,0.22,28.67,1.0
46086.0,15.0,COL,Bogotá,06 COLINA,Cinnabon,rappi,26.8,0.73,13.27,1.0
46086.0,16.0,COL,Bogotá,15 ENGATIVA,Cinnabon,rappi,14.89,0.52,14.01,1.0
46086.0,16.0,COL,Bogotá,36 VILLA DEL PRADO,Cinnabon,rappi,3.88,1.65,20.98,1.0
46086.0,16.0,COL,Bogotá,03 CHAPINERO,Cinnabon,rappi,7.55,6.23,26.35,1.0
46086.0,16.0,COL,Bogotá,01 USAQUEN,Cinnabon,rappi,6.84,0.53,32.0,1.0
46086.0,16.0,COL,Bogotá,65 CALLE 109,Cinnabon,rappi,5.88,0.33,5.09,1.0
46086.0,16.0,COL,Bogotá,15 ENGATIVA,Cinnabon,rappi,12.96,0.27,41.98,1.0
46086.0,16.0,COL,Bogotá,38 KENNEDY,Cinnabon,rappi,11.41,8.03,2.0,1.0
46086.0,16.0,COL,Bogotá,03 CHAPINERO,Cinnabon,rappi,24.33,6.23,2.02,1.0
46086.0,16.0,COL,Bogotá,03 CHAPINERO,Cinnabon,rappi,24.26,6.22,1.95,1.0
46086.0,16.0,COL,Bogotá,36 VILLA DEL PRADO,Cinnabon,rappi,9.87,2.53,6.26,1.0
46086.0,16.0,COL,Bogotá,36 VILLA DEL PRADO,Cinnabon,rappi,7.06,2.57,4.37,1.0
46086.0,16.0,COL,Bogotá,01 USAQUEN,Cinnabon,rappi,5.97,0.28,34.26,1.0
46086.0,16.0,COL,Bogotá,13 CHIA,Cinnabon,rappi,9.81,1.73,2.45,1.0
46086.0,16.0,COL,Bogotá,06 COLINA,Cinnabon,rappi,17.97,10.02,1.34,1.0
46086.0,16.0,COL,Bogotá,13 CHIA,Cinnabon,rappi,6.12,0.23,23.09,1.0
46086.0,16.0,COL,Bogotá,03 CHAPINERO,Cinnabon,rappi,21.37,0.32,31.64,1.0
46086.0,16.0,COL,Bogotá,13 CHIA,Cinnabon,rappi,16.88,0.2,11.14,1.0
46086.0,17.0,COL,Bogotá,01 USAQUEN,Cinnabon,rappi,3.99,0.28,4.24,1.0
46086.0,17.0,COL,Bogotá,03 CHAPINERO,Cinnabon,rappi,6.91,2.03,21.93,1.0
46086.0,17.0,COL,Bogotá,03 CHAPINERO,Cinnabon,rappi,5.12,2.02,6.86,1.0
46086.0,17.0,COL,Bogotá,03 CHAPINERO,Cinnabon,rappi,7.68,2.02,1.85,1.0
46086.0,17.0,COL,Bogotá,03 CHAPINERO,Cinnabon,rappi,15.03,0.2,32.01,1.0
46086.0,17.0,COL,Bogotá,38 KENNEDY,Cinnabon,rappi,13.99,1.05,6.1,1.0
46086.0,17.0,COL,Bogotá,13 CHIA,Cinnabon,rappi,12.77,0.0,1.0,
46086.0,18.0,COL,Bogotá,13 CHIA,Cinnabon,rappi,10.44,0.23,46.54,1.0
46086.0,18.0,COL,Bogotá,65 CALLE 109,Cinnabon,rappi,17.94,1.55,9.94,1.0
46086.0,18.0,COL,Bogotá,36 VILLA DEL PRADO,Cinnabon,rappi,9.27,0.38,21.14,1.0
46086.0,18.0,COL,Bogotá,65 CALLE 109,Cinnabon,rappi,7.52,3.28,1.04,1.0
46086.0,18.0,COL,Bogotá,36 VILLA DEL PRADO,Cinnabon,rappi,9.81,2.03,3.13,1.0
46086.0,18.0,COL,Bogotá,36 VILLA DEL PRADO,Cinnabon,rappi,11.18,2.05,0.91,1.0
46086.0,18.0,COL,Bogotá,36 VILLA DEL PRADO,Cinnabon,rappi,8.58,3.95,0.37,1.0
46086.0,18.0,COL,Bogotá,65 CALLE 109,Cinnabon,rappi,9.14,6.75,1.11,1.0
46086.0,18.0,COL,Bogotá,45 VERAGUAS,Cinnabon,rappi,10.58,0.72,54.22,1.0
46086.0,18.0,COL,Bogotá,38 KENNEDY,Cinnabon,rappi,22.93,12.07,6.94,1.0
46086.0,18.0,COL,Bogotá,38 KENNEDY,Cinnabon,rappi,51.17,21.97,1.18,1.0
46086.0,18.0,COL,Bogotá,03 CHAPINERO,Cinnabon,rappi,15.4,0.63,16.77,1.0
46086.0,18.0,COL,Bogotá,03 CHAPINERO,Cinnabon,rappi,11.72,0.65,16.26,1.0
46086.0,19.0,COL,Bogotá,15 ENGATIVA,Cinnabon,rappi,8.26,0.7,32.08,1.0
46086.0,19.0,COL,Bogotá,65 CALLE 109,Cinnabon,rappi,6.86,7.47,54.9,1.0
46086.0,19.0,COL,Bogotá,03 CHAPINERO,Cinnabon,rappi,46.1,6.85,7.79,1.0
46086.0,20.0,COL,Bogotá,38 KENNEDY,Cinnabon,rappi,14.81,1.28,64.29,1.0
46086.0,20.0,COL,Bogotá,01 USAQUEN,Cinnabon,rappi,7.03,0.0,1.0,
46086.0,20.0,COL,Bogotá,03 CHAPINERO,Cinnabon,rappi,27.17,0.17,15.13,1.0
46086.0,20.0,COL,Bogotá,13 CHIA,Cinnabon,rappi,16.84,0.2,19.98,1.0
46086.0,20.0,COL,Bogotá,03 CHAPINERO,Cinnabon,rappi,13.97,6.85,0.75,1.0
46086.0,20.0,COL,Bogotá,36 VILLA DEL PRADO,Cinnabon,rappi,8.83,0.53,14.15,1.0
46086.0,20.0,COL,Bogotá,06 COLINA,Cinnabon,rappi,6.88,0.13,32.33,1.0
46086.0,20.0,COL,Bogotá,36 VILLA DEL PRADO,Cinnabon,rappi,6.53,1.98,49.03,1.0
46086.0,21.0,COL,Bogotá,06 COLINA,Cinnabon,rappi,12.25,8.2,1.42,1.0
46086.0,21.0,COL,Bogotá,03 CHAPINERO,Cinnabon,rappi,24.13,3.68,20.83,1.0
46086.0,21.0,COL,Bogotá,65 CALLE 109,Cinnabon,rappi,27.04,6.88,1.4,1.0
46086.0,21.0,COL,Bogotá,38 KENNEDY,Cinnabon,rappi,44.82,7.65,2.48,1.0
46086.0,21.0,COL,Bogotá,36 VILLA DEL PRADO,Cinnabon,rappi,8.98,0.75,11.7,1.0
46086.0,21.0,COL,Bogotá,38 KENNEDY,Cinnabon,rappi,40.13,16.83,5.45,1.0
46086.0,21.0,COL,Bogotá,03 CHAPINERO,Cinnabon,rappi,13.07,3.68,0.9,1.0
46086.0,21.0,COL,Bogotá,01 USAQUEN,Cinnabon,rappi,5.04,0.63,17.66,1.0
46086.0,22.0,COL,Bogotá,01 USAQUEN,Cinnabon,rappi,2.21,0.63,8.48,1.0
46086.0,22.0,COL,Bogotá,01 USAQUEN,Cinnabon,rappi,7.88,0.8,38.0,1.0
46086.0,22.0,COL,Bogotá,01 USAQUEN,Cinnabon,rappi,27.04,4.25,0.8,1.0
46086.0,23.0,COL,Bogotá,01 USAQUEN,Cinnabon,rappi,13.73,9.1,0.31,1.0
46086.0,23.0,COL,Bogotá,03 CHAPINERO,Cinnabon,rappi,15.51,3.58,3.04,1.0
46086.0,23.0,COL,Bogotá,03 CHAPINERO,Cinnabon,rappi,19.16,0.45,8.61,1.0
46086.0,23.0,COL,Bogotá,03 CHAPINERO,Cinnabon,rappi,5.9,1.7,0.51,1.0
46086.0,23.0,COL,Bogotá,03 CHAPINERO,Cinnabon,rappi,23.41,0.23,9.05,1.0
46086.0,8.0,COL,Bogotá,66 PLAZA CLARO CINNA,Cinnabon Pase,foodologypos,0.0,,1.0,
46086.0,8.0,COL,Bogotá,61 CHICO CINNABON,Cinnabon Pase,foodologypos,0.0,,1.0,
46086.0,9.0,COL,Bogotá,39 SALVIO,Cinnabon Pase,foodologypos,0.0,,1.0,
46086.0,9.0,COL,Bogotá,66 PLAZA CLARO CINNA,Cinnabon Pase,foodologypos,0.0,,0.62,1.0
46086.0,9.0,COL,Bogotá,66 PLAZA CLARO CINNA,Cinnabon Pase,foodologypos,0.0,,1.0,
46086.0,10.0,COL,Bogotá,56 SANTAFE BOG,Cinnabon Pase,foodologypos,0.0,,0.01,1.0
46086.0,10.0,COL,Bogotá,56 SANTAFE BOG,Cinnabon Pase,foodologypos,0.0,,0.01,1.0
46086.0,10.0,COL,Bogotá,61 CHICO CINNABON,Cinnabon Pase,foodologypos,0.0,,0.01,1.0
46086.0,10.0,COL,Bogotá,66 PLAZA CLARO CINNA,Cinnabon Pase,foodologypos,0.0,,0.02,1.0
46086.0,10.0,COL,Bogotá,56 SANTAFE BOG,Cinnabon Pase,foodologypos,0.0,,0.03,1.0
46086.0,10.0,COL,Bogotá,56 SANTAFE BOG,Cinnabon Pase,foodologypos,0.0,,0.03,1.0
46086.0,11.0,COL,Bogotá,66 PLAZA CLARO CINNA,Cinnabon Pase,foodologypos,0.0,,1.0,
46086.0,11.0,COL,Bogotá,55 TITAN,Cinnabon Pase,foodologypos,0.0,,0.27,1.0
46086.0,11.0,COL,Bogotá,55 TITAN,Cinnabon Pase,foodologypos,0.0,,0.01,1.0
46086.0,11.0,COL,Bogotá,56 SANTAFE BOG,Cinnabon Pase,foodologypos,0.0,,0.01,1.0
46086.0,11.0,COL,Bogotá,39 SALVIO,Cinnabon Pase,foodologypos,0.0,,1.0,
46086.0,11.0,COL,Bogotá,55 TITAN,Cinnabon Pase,foodologypos,0.0,,0.0,1.0
46086.0,11.0,COL,Bogotá,56 SANTAFE BOG,Cinnabon Pase,foodologypos,0.0,,0.0,1.0
46086.0,11.0,COL,Bogotá,56 SANTAFE BOG,Cinnabon Pase,foodologypos,0.0,,0.02,1.0
46086.0,12.0,COL,Bogotá,56 SANTAFE BOG,Cinnabon Pase,foodologypos,0.0,,0.02,1.0
46086.0,12.0,COL,Bogotá,56 SANTAFE BOG,Cinnabon Pase,foodologypos,0.0,,0.01,1.0
46086.0,12.0,COL,Bogotá,56 SANTAFE BOG,Cinnabon Pase,foodologypos,0.0,,0.01,1.0
46086.0,12.0,COL,Bogotá,55 TITAN,Cinnabon Pase,foodologypos,0.0,,0.01,1.0
46086.0,12.0,COL,Bogotá,39 SALVIO,Cinnabon Pase,foodologypos,0.0,,1.0,
46086.0,12.0,COL,Bogotá,56 SANTAFE BOG,Cinnabon Pase,foodologypos,0.0,,0.12,1.0
46086.0,12.0,COL,Bogotá,56 SANTAFE BOG,Cinnabon Pase,foodologypos,0.0,,0.12,1.0
46086.0,12.0,COL,Bogotá,55 TITAN,Cinnabon Pase,foodologypos,0.0,,0.01,1.0
46086.0,12.0,COL,Bogotá,55 TITAN,Cinnabon Pase,foodologypos,0.0,,0.0,1.0
46086.0,12.0,COL,Bogotá,56 SANTAFE BOG,Cinnabon Pase,foodologypos,0.0,,0.41,1.0
46086.0,12.0,COL,Bogotá,66 PLAZA CLARO CINNA,Cinnabon Pase,foodologypos,0.0,,0.0,1.0
46086.0,12.0,COL,Bogotá,39 SALVIO,Cinnabon Pase,foodologypos,0.0,,1.0,
46086.0,12.0,COL,Bogotá,66 PLAZA CLARO CINNA,Cinnabon Pase,foodologypos,0.0,,0.02,1.0
46086.0,12.0,COL,Bogotá,66 PLAZA CLARO CINNA,Cinnabon Pase,foodologypos,0.0,,0.01,1.0
46086.0,12.0,COL,Bogotá,66 PLAZA CLARO CINNA,Cinnabon Pase,foodologypos,0.0,,1.0,
46086.0,12.0,COL,Bogotá,56 SANTAFE BOG,Cinnabon Pase,foodologypos,0.0,,2.15,1.0
46086.0,12.0,COL,Bogotá,39 SALVIO,Cinnabon Pase,foodologypos,0.0,,1.0,
46086.0,13.0,COL,Bogotá,56 SANTAFE BOG,Cinnabon Pase,foodologypos,0.0,,0.02,1.0
46086.0,13.0,COL,Bogotá,56 SANTAFE BOG,Cinnabon Pase,foodologypos,0.0,,0.01,1.0
46086.0,13.0,COL,Bogotá,66 PLAZA CLARO CINNA,Cinnabon Pase,foodologypos,0.0,,0.0,1.0
46086.0,13.0,COL,Bogotá,55 TITAN,Cinnabon Pase,foodologypos,0.0,,0.01,1.0
46086.0,13.0,COL,Bogotá,66 PLAZA CLARO CINNA,Cinnabon Pase,foodologypos,0.0,,1.0,
46086.0,13.0,COL,Bogotá,66 PLAZA CLARO CINNA,Cinnabon Pase,foodologypos,0.0,,0.01,1.0
46086.0,13.0,COL,Bogotá,39 SALVIO,Cinnabon Pase,foodologypos,0.0,,1.0,
46086.0,13.0,COL,Bogotá,39 SALVIO,Cinnabon Pase,foodologypos,0.0,,1.0,
46086.0,13.0,COL,Bogotá,56 SANTAFE BOG,Cinnabon Pase,foodologypos,0.0,,0.01,1.0
46086.0,13.0,COL,Bogotá,55 TITAN,Cinnabon Pase,foodologypos,0.0,,0.0,1.0
46086.0,13.0,COL,Bogotá,39 SALVIO,Cinnabon Pase,foodologypos,0.0,,1.0,
46086.0,13.0,COL,Bogotá,39 SALVIO,Cinnabon Pase,foodologypos,0.0,,1.0,
46086.0,13.0,COL,Bogotá,55 TITAN,Cinnabon Pase,foodologypos,0.0,,1.93,1.0
46086.0,13.0,COL,Bogotá,55 TITAN,Cinnabon Pase,foodologypos,0.0,,0.01,1.0
46086.0,13.0,COL,Bogotá,66 PLAZA CLARO CINNA,Cinnabon Pase,foodologypos,0.0,,0.01,1.0
46086.0,13.0,COL,Bogotá,56 SANTAFE BOG,Cinnabon Pase,foodologypos,0.0,,0.05,1.0
46086.0,13.0,COL,Bogotá,56 SANTAFE BOG,Cinnabon Pase,foodologypos,0.0,,0.11,1.0
46086.0,13.0,COL,Bogotá,66 PLAZA CLARO CINNA,Cinnabon Pase,foodologypos,0.0,,0.01,1.0
46086.0,13.0,COL,Bogotá,55 TITAN,Cinnabon Pase,foodologypos,0.0,,0.16,1.0
46086.0,13.0,COL,Bogotá,56 SANTAFE BOG,Cinnabon Pase,foodologypos,0.0,,0.12,1.0
46086.0,13.0,COL,Bogotá,55 TITAN,Cinnabon Pase,foodologypos,0.0,,0.01,1.0
46086.0,13.0,COL,Bogotá,55 TITAN,Cinnabon Pase,foodologypos,0.0,,0.04,1.0
46086.0,13.0,COL,Bogotá,39 SALVIO,Cinnabon Pase,foodologypos,0.0,,1.0,
46086.0,13.0,COL,Bogotá,55 TITAN,Cinnabon Pase,foodologypos,0.0,,0.49,1.0
46086.0,14.0,COL,Bogotá,66 PLAZA CLARO CINNA,Cinnabon Pase,foodologypos,0.0,,1.0,
46086.0,14.0,COL,Bogotá,39 SALVIO,Cinnabon Pase,foodologypos,0.0,,1.0,
46086.0,14.0,COL,Bogotá,56 SANTAFE BOG,Cinnabon Pase,foodologypos,0.0,,0.02,1.0
46086.0,14.0,COL,Bogotá,56 SANTAFE BOG,Cinnabon Pase,foodologypos,0.0,,0.05,1.0
46086.0,14.0,COL,Bogotá,56 SANTAFE BOG,Cinnabon Pase,foodologypos,0.0,,8.71,1.0
46086.0,14.0,COL,Bogotá,56 SANTAFE BOG,Cinnabon Pase,foodologypos,0.0,,8.7,1.0
46086.0,14.0,COL,Bogotá,66 PLAZA CLARO CINNA,Cinnabon Pase,foodologypos,0.0,,0.0,1.0
46086.0,14.0,COL,Bogotá,56 SANTAFE BOG,Cinnabon Pase,foodologypos,0.0,,0.02,1.0
46086.0,14.0,COL,Bogotá,55 TITAN,Cinnabon Pase,foodologypos,0.0,,0.01,1.0
46086.0,14.0,COL,Bogotá,55 TITAN,Cinnabon Pase,foodologypos,0.0,,1.13,1.0
46086.0,14.0,COL,Bogotá,55 TITAN,Cinnabon Pase,foodologypos,0.0,,0.01,1.0
46086.0,14.0,COL,Bogotá,56 SANTAFE BOG,Cinnabon Pase,foodologypos,0.0,,0.02,1.0
46086.0,14.0,COL,Bogotá,56 SANTAFE BOG,Cinnabon Pase,foodologypos,0.0,,2.56,1.0
46086.0,14.0,COL,Bogotá,55 TITAN,Cinnabon Pase,foodologypos,0.0,,1.05,1.0
46086.0,14.0,COL,Bogotá,55 TITAN,Cinnabon Pase,foodologypos,0.0,,0.41,1.0
46086.0,14.0,COL,Bogotá,56 SANTAFE BOG,Cinnabon Pase,foodologypos,0.0,,2.98,1.0
46086.0,14.0,COL,Bogotá,56 SANTAFE BOG,Cinnabon Pase,foodologypos,0.0,,0.42,1.0
46086.0,14.0,COL,Bogotá,66 PLAZA CLARO CINNA,Cinnabon Pase,foodologypos,0.0,,1.0,
46086.0,14.0,COL,Bogotá,56 SANTAFE BOG,Cinnabon Pase,foodologypos,0.0,,0.01,1.0
46086.0,14.0,COL,Bogotá,55 TITAN,Cinnabon Pase,foodologypos,0.0,,0.02,1.0
46086.0,14.0,COL,Bogotá,56 SANTAFE BOG,Cinnabon Pase,foodologypos,0.0,,0.09,1.0
46086.0,14.0,COL,Bogotá,39 SALVIO,Cinnabon Pase,foodologypos,0.0,,1.0,
46086.0,14.0,COL,Bogotá,39 SALVIO,Cinnabon Pase,foodologypos,0.0,,1.0,
46086.0,14.0,COL,Bogotá,55 TITAN,Cinnabon Pase,foodologypos,0.0,,0.09,1.0
46086.0,14.0,COL,Bogotá,56 SANTAFE BOG,Cinnabon Pase,foodologypos,0.0,,0.09,1.0
46086.0,14.0,COL,Bogotá,56 SANTAFE BOG,Cinnabon Pase,foodologypos,0.0,,0.07,1.0
46086.0,14.0,COL,Bogotá,39 SALVIO,Cinnabon Pase,foodologypos,0.0,,1.0,
46086.0,14.0,COL,Bogotá,55 TITAN,Cinnabon Pase,foodologypos,0.0,,0.01,1.0
46086.0,14.0,COL,Bogotá,66 PLAZA CLARO CINNA,Cinnabon Pase,foodologypos,0.0,,0.01,1.0
46086.0,14.0,COL,Bogotá,55 TITAN,Cinnabon Pase,foodologypos,0.0,,1.29,1.0
46086.0,14.0,COL,Bogotá,56 SANTAFE BOG,Cinnabon Pase,foodologypos,0.0,,0.05,1.0
46086.0,14.0,COL,Bogotá,39 SALVIO,Cinnabon Pase,foodologypos,0.0,,1.0,
46086.0,14.0,COL,Bogotá,61 CHICO CINNABON,Cinnabon Pase,foodologypos,0.0,,0.42,1.0
46086.0,14.0,COL,Bogotá,66 PLAZA CLARO CINNA,Cinnabon Pase,foodologypos,0.0,,0.01,1.0
46086.0,14.0,COL,Bogotá,66 PLAZA CLARO CINNA,Cinnabon Pase,foodologypos,0.0,,1.0,
46086.0,14.0,COL,Bogotá,55 TITAN,Cinnabon Pase,foodologypos,0.0,,0.01,1.0
46086.0,15.0,COL,Bogotá,39 SALVIO,Cinnabon Pase,foodologypos,0.0,,1.0,
46086.0,15.0,COL,Bogotá,66 PLAZA CLARO CINNA,Cinnabon Pase,foodologypos,0.0,,1.0,
46086.0,15.0,COL,Bogotá,56 SANTAFE BOG,Cinnabon Pase,foodologypos,0.0,,0.04,1.0
46086.0,15.0,COL,Bogotá,55 TITAN,Cinnabon Pase,foodologypos,0.0,,0.01,1.0
46086.0,15.0,COL,Bogotá,55 TITAN,Cinnabon Pase,foodologypos,0.0,,0.0,1.0
46086.0,15.0,COL,Bogotá,55 TITAN,Cinnabon Pase,foodologypos,0.0,,0.01,1.0
46086.0,15.0,COL,Bogotá,55 TITAN,Cinnabon Pase,foodologypos,0.0,,0.01,1.0
46086.0,15.0,COL,Bogotá,56 SANTAFE BOG,Cinnabon Pase,foodologypos,0.0,,0.06,1.0
46086.0,15.0,COL,Bogotá,39 SALVIO,Cinnabon Pase,foodologypos,0.0,,1.0,
46086.0,15.0,COL,Bogotá,56 SANTAFE BOG,Cinnabon Pase,foodologypos,0.0,,0.06,1.0
46086.0,15.0,COL,Bogotá,55 TITAN,Cinnabon Pase,foodologypos,0.0,,0.01,1.0
46086.0,15.0,COL,Bogotá,56 SANTAFE BOG,Cinnabon Pase,foodologypos,0.0,,0.08,1.0
46086.0,15.0,COL,Bogotá,55 TITAN,Cinnabon Pase,foodologypos,0.0,,1.0,1.0
46086.0,15.0,COL,Bogotá,55 TITAN,Cinnabon Pase,foodologypos,0.0,,1.03,1.0
46086.0,15.0,COL,Bogotá,55 TITAN,Cinnabon Pase,foodologypos,0.0,,0.99,1.0
46086.0,15.0,COL,Bogotá,66 PLAZA CLARO CINNA,Cinnabon Pase,foodologypos,0.0,,1.0,
46086.0,15.0,COL,Bogotá,56 SANTAFE BOG,Cinnabon Pase,foodologypos,0.0,,0.01,1.0
46086.0,15.0,COL,Bogotá,55 TITAN,Cinnabon Pase,foodologypos,0.0,,0.02,1.0
46086.0,15.0,COL,Bogotá,66 PLAZA CLARO CINNA,Cinnabon Pase,foodologypos,0.0,,0.02,1.0
46086.0,15.0,COL,Bogotá,55 TITAN,Cinnabon Pase,foodologypos,0.0,,0.09,1.0
46086.0,15.0,COL,Bogotá,39 SALVIO,Cinnabon Pase,foodologypos,0.0,,1.0,
46086.0,15.0,COL,Bogotá,39 SALVIO,Cinnabon Pase,foodologypos,0.0,,1.0,
46086.0,15.0,COL,Bogotá,56 SANTAFE BOG,Cinnabon Pase,foodologypos,0.0,,0.05,1.0
46086.0,15.0,COL,Bogotá,66 PLAZA CLARO CINNA,Cinnabon Pase,foodologypos,0.0,,1.0,
46086.0,15.0,COL,Bogotá,56 SANTAFE BOG,Cinnabon Pase,foodologypos,0.0,,0.02,1.0
46086.0,15.0,COL,Bogotá,66 PLAZA CLARO CINNA,Cinnabon Pase,foodologypos,0.0,,0.0,1.0
46086.0,15.0,COL,Bogotá,39 SALVIO,Cinnabon Pase,foodologypos,0.0,,1.0,
46086.0,15.0,COL,Bogotá,56 SANTAFE BOG,Cinnabon Pase,foodologypos,0.0,,0.02,1.0
46086.0,15.0,COL,Bogotá,39 SALVIO,Cinnabon Pase,foodologypos,0.0,,1.0,
46086.0,15.0,COL,Bogotá,55 TITAN,Cinnabon Pase,foodologypos,0.0,,0.0,1.0
46086.0,15.0,COL,Bogotá,39 SALVIO,Cinnabon Pase,foodologypos,0.0,,1.0,
46086.0,15.0,COL,Bogotá,61 CHICO CINNABON,Cinnabon Pase,foodologypos,0.0,,1.0,1.0
46086.0,15.0,COL,Bogotá,39 SALVIO,Cinnabon Pase,foodologypos,0.0,,1.0,
46086.0,15.0,COL,Bogotá,39 SALVIO,Cinnabon Pase,foodologypos,0.0,,1.0,
46086.0,15.0,COL,Bogotá,55 TITAN,Cinnabon Pase,foodologypos,0.0,,0.06,1.0
46086.0,15.0,COL,Bogotá,56 SANTAFE BOG,Cinnabon Pase,foodologypos,0.0,,0.06,1.0
46086.0,15.0,COL,Bogotá,66 PLAZA CLARO CINNA,Cinnabon Pase,foodologypos,0.0,,0.02,1.0
46086.0,15.0,COL,Bogotá,55 TITAN,Cinnabon Pase,foodologypos,0.0,,0.01,1.0
46086.0,15.0,COL,Bogotá,56 SANTAFE BOG,Cinnabon Pase,foodologypos,0.0,,0.08,1.0
46086.0,15.0,COL,Bogotá,56 SANTAFE BOG,Cinnabon Pase,foodologypos,0.0,,0.07,1.0
46086.0,15.0,COL,Bogotá,56 SANTAFE BOG,Cinnabon Pase,foodologypos,0.0,,0.01,1.0
46086.0,15.0,COL,Bogotá,56 SANTAFE BOG,Cinnabon Pase,foodologypos,0.0,,0.03,1.0
46086.0,15.0,COL,Bogotá,56 SANTAFE BOG,Cinnabon Pase,foodologypos,0.0,,0.01,1.0
46086.0,15.0,COL,Bogotá,55 TITAN,Cinnabon Pase,foodologypos,0.0,,0.0,1.0
46086.0,15.0,COL,Bogotá,56 SANTAFE BOG,Cinnabon Pase,foodologypos,0.0,,0.03,1.0
46086.0,15.0,COL,Bogotá,56 SANTAFE BOG,Cinnabon Pase,foodologypos,0.0,,0.02,1.0
46086.0,15.0,COL,Bogotá,55 TITAN,Cinnabon Pase,foodologypos,0.0,,2.0,1.0
46086.0,15.0,COL,Bogotá,39 SALVIO,Cinnabon Pase,foodologypos,0.0,,1.0,
46086.0,15.0,COL,Bogotá,56 SANTAFE BOG,Cinnabon Pase,foodologypos,0.0,,0.1,1.0
46086.0,15.0,COL,Bogotá,56 SANTAFE BOG,Cinnabon Pase,foodologypos,0.0,,0.12,1.0
46086.0,15.0,COL,Bogotá,56 SANTAFE BOG,Cinnabon Pase,foodologypos,0.0,,0.01,1.0
46086.0,15.0,COL,Bogotá,56 SANTAFE BOG,Cinnabon Pase,foodologypos,0.0,,0.02,1.0
46086.0,15.0,COL,Bogotá,55 TITAN,Cinnabon Pase,foodologypos,0.0,,0.01,1.0
46086.0,15.0,COL,Bogotá,56 SANTAFE BOG,Cinnabon Pase,foodologypos,0.0,,0.01,1.0
46086.0,16.0,COL,Bogotá,55 TITAN,Cinnabon Pase,foodologypos,0.0,,0.0,1.0
46086.0,16.0,COL,Bogotá,56 SANTAFE BOG,Cinnabon Pase,foodologypos,0.0,,6.81,1.0
46086.0,16.0,COL,Bogotá,55 TITAN,Cinnabon Pase,foodologypos,0.0,,0.0,1.0
46086.0,16.0,COL,Bogotá,56 SANTAFE BOG,Cinnabon Pase,foodologypos,0.0,,0.05,1.0
46086.0,16.0,COL,Bogotá,56 SANTAFE BOG,Cinnabon Pase,foodologypos,0.0,,0.02,1.0
46086.0,16.0,COL,Bogotá,55 TITAN,Cinnabon Pase,foodologypos,0.0,,0.03,1.0
46086.0,16.0,COL,Bogotá,56 SANTAFE BOG,Cinnabon Pase,foodologypos,0.0,,2.24,1.0
46086.0,16.0,COL,Bogotá,55 TITAN,Cinnabon Pase,foodologypos,0.0,,0.01,1.0
46086.0,16.0,COL,Bogotá,55 TITAN,Cinnabon Pase,foodologypos,0.0,,2.03,1.0
46086.0,16.0,COL,Bogotá,56 SANTAFE BOG,Cinnabon Pase,foodologypos,0.0,,0.02,1.0
46086.0,16.0,COL,Bogotá,39 SALVIO,Cinnabon Pase,foodologypos,0.0,,1.0,
46086.0,16.0,COL,Bogotá,56 SANTAFE BOG,Cinnabon Pase,foodologypos,0.0,,1.05,1.0
46086.0,16.0,COL,Bogotá,56 SANTAFE BOG,Cinnabon Pase,foodologypos,0.0,,0.03,1.0
46086.0,16.0,COL,Bogotá,56 SANTAFE BOG,Cinnabon Pase,foodologypos,0.0,,0.01,1.0
46086.0,16.0,COL,Bogotá,39 SALVIO,Cinnabon Pase,foodologypos,0.0,,1.0,
46086.0,16.0,COL,Bogotá,66 PLAZA CLARO CINNA,Cinnabon Pase,foodologypos,0.0,,1.0,
46086.0,16.0,COL,Bogotá,39 SALVIO,Cinnabon Pase,foodologypos,0.0,,1.0,
46086.0,16.0,COL,Bogotá,66 PLAZA CLARO CINNA,Cinnabon Pase,foodologypos,0.0,,0.0,1.0
46086.0,16.0,COL,Bogotá,55 TITAN,Cinnabon Pase,foodologypos,0.0,,0.01,1.0
46086.0,16.0,COL,Bogotá,66 PLAZA CLARO CINNA,Cinnabon Pase,foodologypos,0.0,,1.0,
46086.0,16.0,COL,Bogotá,55 TITAN,Cinnabon Pase,foodologypos,0.0,,0.01,1.0
46086.0,16.0,COL,Bogotá,55 TITAN,Cinnabon Pase,foodologypos,0.0,,0.0,1.0
46086.0,16.0,COL,Bogotá,66 PLAZA CLARO CINNA,Cinnabon Pase,foodologypos,0.0,,1.0,
46086.0,16.0,COL,Bogotá,66 PLAZA CLARO CINNA,Cinnabon Pase,foodologypos,0.0,,1.0,
46086.0,16.0,COL,Bogotá,55 TITAN,Cinnabon Pase,foodologypos,0.0,,1.87,1.0
46086.0,16.0,COL,Bogotá,39 SALVIO,Cinnabon Pase,foodologypos,0.0,,1.0,
46086.0,16.0,COL,Bogotá,56 SANTAFE BOG,Cinnabon Pase,foodologypos,0.0,,2.36,1.0
46086.0,16.0,COL,Bogotá,39 SALVIO,Cinnabon Pase,foodologypos,0.0,,1.0,
46086.0,16.0,COL,Bogotá,55 TITAN,Cinnabon Pase,foodologypos,0.0,,0.03,1.0
46086.0,16.0,COL,Bogotá,56 SANTAFE BOG,Cinnabon Pase,foodologypos,0.0,,2.38,1.0
46086.0,16.0,COL,Bogotá,39 SALVIO,Cinnabon Pase,foodologypos,0.0,,1.0,
46086.0,16.0,COL,Bogotá,56 SANTAFE BOG,Cinnabon Pase,foodologypos,0.0,,2.36,1.0
46086.0,16.0,COL,Bogotá,55 TITAN,Cinnabon Pase,foodologypos,0.0,,0.01,1.0
46086.0,16.0,COL,Bogotá,55 TITAN,Cinnabon Pase,foodologypos,0.0,,0.01,1.0
46086.0,16.0,COL,Bogotá,56 SANTAFE BOG,Cinnabon Pase,foodologypos,0.0,,2.38,1.0
46086.0,16.0,COL,Bogotá,39 SALVIO,Cinnabon Pase,foodologypos,0.0,,1.0,
46086.0,16.0,COL,Bogotá,66 PLAZA CLARO CINNA,Cinnabon Pase,foodologypos,0.0,,0.02,1.0
46086.0,16.0,COL,Bogotá,55 TITAN,Cinnabon Pase,foodologypos,0.0,,0.02,1.0
46086.0,16.0,COL,Bogotá,66 PLAZA CLARO CINNA,Cinnabon Pase,foodologypos,0.0,,1.66,1.0
46086.0,16.0,COL,Bogotá,55 TITAN,Cinnabon Pase,foodologypos,0.0,,0.0,1.0
46086.0,16.0,COL,Bogotá,66 PLAZA CLARO CINNA,Cinnabon Pase,foodologypos,0.0,,0.0,1.0
46086.0,16.0,COL,Bogotá,55 TITAN,Cinnabon Pase,foodologypos,0.0,,0.0,1.0
46086.0,16.0,COL,Bogotá,66 PLAZA CLARO CINNA,Cinnabon Pase,foodologypos,0.0,,1.0,
46086.0,16.0,COL,Bogotá,56 SANTAFE BOG,Cinnabon Pase,foodologypos,0.0,,0.01,1.0
46086.0,16.0,COL,Bogotá,39 SALVIO,Cinnabon Pase,foodologypos,0.0,,1.0,
46086.0,16.0,COL,Bogotá,39 SALVIO,Cinnabon Pase,foodologypos,0.0,,1.0,
46086.0,16.0,COL,Bogotá,66 PLAZA CLARO CINNA,Cinnabon Pase,foodologypos,0.0,,0.0,1.0
46086.0,16.0,COL,Bogotá,56 SANTAFE BOG,Cinnabon Pase,foodologypos,0.0,,0.02,1.0
46086.0,16.0,COL,Bogotá,66 PLAZA CLARO CINNA,Cinnabon Pase,foodologypos,0.0,,0.03,1.0
46086.0,16.0,COL,Bogotá,66 PLAZA CLARO CINNA,Cinnabon Pase,foodologypos,0.0,,0.07,1.0
46086.0,16.0,COL,Bogotá,66 PLAZA CLARO CINNA,Cinnabon Pase,foodologypos,0.0,,0.01,1.0
46086.0,16.0,COL,Bogotá,56 SANTAFE BOG,Cinnabon Pase,foodologypos,0.0,,0.04,1.0
46086.0,16.0,COL,Bogotá,66 PLAZA CLARO CINNA,Cinnabon Pase,foodologypos,0.0,,0.02,1.0
46086.0,16.0,COL,Bogotá,56 SANTAFE BOG,Cinnabon Pase,foodologypos,0.0,,0.07,1.0
46086.0,16.0,COL,Bogotá,66 PLAZA CLARO CINNA,Cinnabon Pase,foodologypos,0.0,,1.0,
46086.0,16.0,COL,Bogotá,66 PLAZA CLARO CINNA,Cinnabon Pase,foodologypos,0.0,,0.01,1.0
46086.0,17.0,COL,Bogotá,66 PLAZA CLARO CINNA,Cinnabon Pase,foodologypos,0.0,,0.07,1.0
46086.0,17.0,COL,Bogotá,56 SANTAFE BOG,Cinnabon Pase,foodologypos,0.0,,1.01,1.0
46086.0,17.0,COL,Bogotá,55 TITAN,Cinnabon Pase,foodologypos,0.0,,0.01,1.0
46086.0,17.0,COL,Bogotá,55 TITAN,Cinnabon Pase,foodologypos,0.0,,0.02,1.0
46086.0,17.0,COL,Bogotá,66 PLAZA CLARO CINNA,Cinnabon Pase,foodologypos,0.0,,0.01,1.0
46086.0,17.0,COL,Bogotá,55 TITAN,Cinnabon Pase,foodologypos,0.0,,0.01,1.0
46086.0,17.0,COL,Bogotá,55 TITAN,Cinnabon Pase,foodologypos,0.0,,0.01,1.0
46086.0,17.0,COL,Bogotá,56 SANTAFE BOG,Cinnabon Pase,foodologypos,0.0,,1.03,1.0
46086.0,17.0,COL,Bogotá,56 SANTAFE BOG,Cinnabon Pase,foodologypos,0.0,,0.02,1.0
46086.0,17.0,COL,Bogotá,55 TITAN,Cinnabon Pase,foodologypos,0.0,,1.05,1.0
46086.0,17.0,COL,Bogotá,55 TITAN,Cinnabon Pase,foodologypos,0.0,,0.0,1.0
46086.0,17.0,COL,Bogotá,56 SANTAFE BOG,Cinnabon Pase,foodologypos,0.0,,0.02,1.0
46086.0,17.0,COL,Bogotá,66 PLAZA CLARO CINNA,Cinnabon Pase,foodologypos,0.0,,0.0,1.0
46086.0,17.0,COL,Bogotá,66 PLAZA CLARO CINNA,Cinnabon Pase,foodologypos,0.0,,0.01,1.0
46086.0,17.0,COL,Bogotá,55 TITAN,Cinnabon Pase,foodologypos,0.0,,0.01,1.0
46086.0,17.0,COL,Bogotá,56 SANTAFE BOG,Cinnabon Pase,foodologypos,0.0,,0.1,1.0
46086.0,17.0,COL,Bogotá,66 PLAZA CLARO CINNA,Cinnabon Pase,foodologypos,0.0,,0.0,1.0
46086.0,17.0,COL,Bogotá,56 SANTAFE BOG,Cinnabon Pase,foodologypos,0.0,,0.02,1.0
46086.0,17.0,COL,Bogotá,55 TITAN,Cinnabon Pase,foodologypos,0.0,,0.02,1.0
46086.0,17.0,COL,Bogotá,56 SANTAFE BOG,Cinnabon Pase,foodologypos,0.0,,0.01,1.0
46086.0,17.0,COL,Bogotá,39 SALVIO,Cinnabon Pase,foodologypos,0.0,,1.0,
46086.0,17.0,COL,Bogotá,55 TITAN,Cinnabon Pase,foodologypos,0.0,,0.02,1.0
46086.0,17.0,COL,Bogotá,39 SALVIO,Cinnabon Pase,foodologypos,0.0,,1.0,
46086.0,17.0,COL,Bogotá,55 TITAN,Cinnabon Pase,foodologypos,0.0,,0.05,1.0
46086.0,17.0,COL,Bogotá,56 SANTAFE BOG,Cinnabon Pase,foodologypos,0.0,,0.02,1.0
46086.0,17.0,COL,Bogotá,55 TITAN,Cinnabon Pase,foodologypos,0.0,,0.01,1.0
46086.0,17.0,COL,Bogotá,56 SANTAFE BOG,Cinnabon Pase,foodologypos,0.0,,0.84,1.0
46086.0,17.0,COL,Bogotá,39 SALVIO,Cinnabon Pase,foodologypos,0.0,,1.0,
46086.0,17.0,COL,Bogotá,55 TITAN,Cinnabon Pase,foodologypos,0.0,,0.01,1.0
46086.0,17.0,COL,Bogotá,56 SANTAFE BOG,Cinnabon Pase,foodologypos,0.0,,0.01,1.0
46086.0,17.0,COL,Bogotá,56 SANTAFE BOG,Cinnabon Pase,foodologypos,0.0,,0.01,1.0
46086.0,17.0,COL,Bogotá,39 SALVIO,Cinnabon Pase,foodologypos,0.0,,1.0,
46086.0,17.0,COL,Bogotá,39 SALVIO,Cinnabon Pase,foodologypos,0.0,,1.0,
46086.0,17.0,COL,Bogotá,55 TITAN,Cinnabon Pase,foodologypos,0.0,,0.0,1.0
46086.0,17.0,COL,Bogotá,66 PLAZA CLARO CINNA,Cinnabon Pase,foodologypos,0.0,,0.01,1.0
46086.0,17.0,COL,Bogotá,55 TITAN,Cinnabon Pase,foodologypos,0.0,,0.12,1.0
46086.0,17.0,COL,Bogotá,39 SALVIO,Cinnabon Pase,foodologypos,0.0,,1.0,
46086.0,17.0,COL,Bogotá,56 SANTAFE BOG,Cinnabon Pase,foodologypos,0.0,,0.02,1.0
46086.0,17.0,COL,Bogotá,39 SALVIO,Cinnabon Pase,foodologypos,0.0,,1.0,
46086.0,17.0,COL,Bogotá,55 TITAN,Cinnabon Pase,foodologypos,0.0,,0.74,1.0
46086.0,17.0,COL,Bogotá,39 SALVIO,Cinnabon Pase,foodologypos,0.0,,1.0,
46086.0,17.0,COL,Bogotá,56 SANTAFE BOG,Cinnabon Pase,foodologypos,0.0,,0.92,1.0
46086.0,17.0,COL,Bogotá,55 TITAN,Cinnabon Pase,foodologypos,0.0,,0.58,1.0
46086.0,17.0,COL,Bogotá,39 SALVIO,Cinnabon Pase,foodologypos,0.0,,1.0,
46086.0,17.0,COL,Bogotá,56 SANTAFE BOG,Cinnabon Pase,foodologypos,0.0,,0.01,1.0
46086.0,17.0,COL,Bogotá,39 SALVIO,Cinnabon Pase,foodologypos,0.0,,1.0,
46086.0,17.0,COL,Bogotá,56 SANTAFE BOG,Cinnabon Pase,foodologypos,0.0,,0.01,1.0
46086.0,17.0,COL,Bogotá,66 PLAZA CLARO CINNA,Cinnabon Pase,foodologypos,0.0,,0.01,1.0
46086.0,17.0,COL,Bogotá,55 TITAN,Cinnabon Pase,foodologypos,0.0,,0.0,1.0
46086.0,17.0,COL,Bogotá,39 SALVIO,Cinnabon Pase,foodologypos,0.0,,1.0,
46086.0,17.0,COL,Bogotá,56 SANTAFE BOG,Cinnabon Pase,foodologypos,0.0,,0.37,1.0
46086.0,17.0,COL,Bogotá,39 SALVIO,Cinnabon Pase,foodologypos,0.0,,1.0,
46086.0,17.0,COL,Bogotá,55 TITAN,Cinnabon Pase,foodologypos,0.0,,0.0,1.0
46086.0,17.0,COL,Bogotá,55 TITAN,Cinnabon Pase,foodologypos,0.0,,0.43,1.0
46086.0,18.0,COL,Bogotá,56 SANTAFE BOG,Cinnabon Pase,foodologypos,0.0,,0.16,1.0
46086.0,18.0,COL,Bogotá,39 SALVIO,Cinnabon Pase,foodologypos,0.0,,1.0,
46086.0,18.0,COL,Bogotá,55 TITAN,Cinnabon Pase,foodologypos,0.0,,0.01,1.0
46086.0,18.0,COL,Bogotá,55 TITAN,Cinnabon Pase,foodologypos,0.0,,0.01,1.0
46086.0,18.0,COL,Bogotá,56 SANTAFE BOG,Cinnabon Pase,foodologypos,0.0,,0.27,1.0
46086.0,18.0,COL,Bogotá,66 PLAZA CLARO CINNA,Cinnabon Pase,foodologypos,0.0,,0.0,1.0
46086.0,18.0,COL,Bogotá,56 SANTAFE BOG,Cinnabon Pase,foodologypos,0.0,,0.01,1.0
46086.0,18.0,COL,Bogotá,66 PLAZA CLARO CINNA,Cinnabon Pase,foodologypos,0.0,,0.01,1.0
46086.0,18.0,COL,Bogotá,39 SALVIO,Cinnabon Pase,foodologypos,0.0,,1.0,
46086.0,18.0,COL,Bogotá,39 SALVIO,Cinnabon Pase,foodologypos,0.0,,0.0,1.0
46086.0,18.0,COL,Bogotá,56 SANTAFE BOG,Cinnabon Pase,foodologypos,0.0,,3.78,1.0
46086.0,18.0,COL,Bogotá,55 TITAN,Cinnabon Pase,foodologypos,0.0,,0.41,1.0
46086.0,18.0,COL,Bogotá,39 SALVIO,Cinnabon Pase,foodologypos,0.0,,1.0,
46086.0,18.0,COL,Bogotá,56 SANTAFE BOG,Cinnabon Pase,foodologypos,0.0,,0.04,1.0
46086.0,18.0,COL,Bogotá,55 TITAN,Cinnabon Pase,foodologypos,0.0,,0.01,1.0
46086.0,18.0,COL,Bogotá,56 SANTAFE BOG,Cinnabon Pase,foodologypos,0.0,,0.9,1.0
46086.0,18.0,COL,Bogotá,39 SALVIO,Cinnabon Pase,foodologypos,0.0,,1.0,
46086.0,18.0,COL,Bogotá,56 SANTAFE BOG,Cinnabon Pase,foodologypos,0.0,,0.01,1.0
46086.0,18.0,COL,Bogotá,56 SANTAFE BOG,Cinnabon Pase,foodologypos,0.0,,0.01,1.0
46086.0,18.0,COL,Bogotá,56 SANTAFE BOG,Cinnabon Pase,foodologypos,0.0,,0.0,1.0
46086.0,18.0,COL,Bogotá,39 SALVIO,Cinnabon Pase,foodologypos,0.0,,1.0,
46086.0,18.0,COL,Bogotá,56 SANTAFE BOG,Cinnabon Pase,foodologypos,0.0,,0.02,1.0
46086.0,18.0,COL,Bogotá,56 SANTAFE BOG,Cinnabon Pase,foodologypos,0.0,,0.03,1.0
46086.0,18.0,COL,Bogotá,66 PLAZA CLARO CINNA,Cinnabon Pase,foodologypos,0.0,,0.0,1.0
46086.0,18.0,COL,Bogotá,39 SALVIO,Cinnabon Pase,foodologypos,0.0,,1.0,
46086.0,18.0,COL,Bogotá,56 SANTAFE BOG,Cinnabon Pase,foodologypos,0.0,,0.01,1.0
46086.0,18.0,COL,Bogotá,55 TITAN,Cinnabon Pase,foodologypos,0.0,,0.0,1.0
46086.0,18.0,COL,Bogotá,56 SANTAFE BOG,Cinnabon Pase,foodologypos,0.0,,0.02,1.0
46086.0,18.0,COL,Bogotá,66 PLAZA CLARO CINNA,Cinnabon Pase,foodologypos,0.0,,0.01,1.0
46086.0,18.0,COL,Bogotá,56 SANTAFE BOG,Cinnabon Pase,foodologypos,0.0,,0.02,1.0
46086.0,18.0,COL,Bogotá,56 SANTAFE BOG,Cinnabon Pase,foodologypos,0.0,,0.03,1.0
46086.0,18.0,COL,Bogotá,66 PLAZA CLARO CINNA,Cinnabon Pase,foodologypos,0.0,,0.01,1.0
46086.0,18.0,COL,Bogotá,56 SANTAFE BOG,Cinnabon Pase,foodologypos,0.0,,0.01,1.0
46086.0,18.0,COL,Bogotá,56 SANTAFE BOG,Cinnabon Pase,foodologypos,0.0,,1.74,1.0
46086.0,18.0,COL,Bogotá,56 SANTAFE BOG,Cinnabon Pase,foodologypos,0.0,,0.17,1.0
46086.0,18.0,COL,Bogotá,56 SANTAFE BOG,Cinnabon Pase,foodologypos,0.0,,0.02,1.0
46086.0,18.0,COL,Bogotá,39 SALVIO,Cinnabon Pase,foodologypos,0.0,,1.0,
46086.0,18.0,COL,Bogotá,56 SANTAFE BOG,Cinnabon Pase,foodologypos,0.0,,0.02,1.0
46086.0,18.0,COL,Bogotá,55 TITAN,Cinnabon Pase,foodologypos,0.0,,0.02,1.0
46086.0,18.0,COL,Bogotá,66 PLAZA CLARO CINNA,Cinnabon Pase,foodologypos,0.0,,0.0,1.0
46086.0,19.0,COL,Bogotá,66 PLAZA CLARO CINNA,Cinnabon Pase,foodologypos,0.0,,0.01,1.0
46086.0,19.0,COL,Bogotá,39 SALVIO,Cinnabon Pase,foodologypos,0.0,,1.0,
46086.0,19.0,COL,Bogotá,55 TITAN,Cinnabon Pase,foodologypos,0.0,,0.01,1.0
46086.0,19.0,COL,Bogotá,56 SANTAFE BOG,Cinnabon Pase,foodologypos,0.0,,0.02,1.0
46086.0,19.0,COL,Bogotá,66 PLAZA CLARO CINNA,Cinnabon Pase,foodologypos,0.0,,0.01,1.0
46086.0,19.0,COL,Bogotá,56 SANTAFE BOG,Cinnabon Pase,foodologypos,0.0,,0.01,1.0
46086.0,19.0,COL,Bogotá,39 SALVIO,Cinnabon Pase,foodologypos,0.0,,1.0,
46086.0,19.0,COL,Bogotá,56 SANTAFE BOG,Cinnabon Pase,foodologypos,0.0,,0.0,1.0
46086.0,19.0,COL,Bogotá,66 PLAZA CLARO CINNA,Cinnabon Pase,foodologypos,0.0,,0.0,1.0
46086.0,19.0,COL,Bogotá,39 SALVIO,Cinnabon Pase,foodologypos,0.0,,1.0,
46086.0,19.0,COL,Bogotá,66 PLAZA CLARO CINNA,Cinnabon Pase,foodologypos,0.0,,1.0,
46086.0,19.0,COL,Bogotá,66 PLAZA CLARO CINNA,Cinnabon Pase,foodologypos,0.0,,1.0,
46086.0,19.0,COL,Bogotá,39 SALVIO,Cinnabon Pase,foodologypos,0.0,,1.0,
46086.0,19.0,COL,Bogotá,55 TITAN,Cinnabon Pase,foodologypos,0.0,,0.75,1.0
46086.0,19.0,COL,Bogotá,55 TITAN,Cinnabon Pase,foodologypos,0.0,,0.0,1.0
46086.0,19.0,COL,Bogotá,55 TITAN,Cinnabon Pase,foodologypos,0.0,,0.0,1.0
46086.0,19.0,COL,Bogotá,55 TITAN,Cinnabon Pase,foodologypos,0.0,,0.02,1.0
46086.0,19.0,COL,Bogotá,56 SANTAFE BOG,Cinnabon Pase,foodologypos,0.0,,0.0,1.0
46086.0,19.0,COL,Bogotá,55 TITAN,Cinnabon Pase,foodologypos,0.0,,0.02,1.0
46086.0,19.0,COL,Bogotá,56 SANTAFE BOG,Cinnabon Pase,foodologypos,0.0,,9.8,1.0
46086.0,19.0,COL,Bogotá,56 SANTAFE BOG,Cinnabon Pase,foodologypos,0.0,,2.03,1.0
46086.0,19.0,COL,Bogotá,56 SANTAFE BOG,Cinnabon Pase,foodologypos,0.0,,0.48,1.0
46086.0,13.0,COL,Bogotá,56 SANTAFE BOG,Cinnabon Pase,rappi,9.97,,14.91,1.0
46086.0,14.0,COL,Bogotá,66 PLAZA CLARO CINNA,Cinnabon Pase,rappi,1.32,,6.17,1.0
46086.0,15.0,COL,Bogotá,55 TITAN,Cinnabon Pase,rappi,13.45,,41.73,1.0
46086.0,15.0,COL,Bogotá,66 PLAZA CLARO CINNA,Cinnabon Pase,rappi,2.7,,5.97,1.0
46086.0,15.0,COL,Bogotá,55 TITAN,Cinnabon Pase,rappi,13.45,,1.9,1.0
46086.0,16.0,COL,Bogotá,61 CHICO CINNABON,Cinnabon Pase,rappi,6.22,,4.02,1.0
46086.0,16.0,COL,Bogotá,66 PLAZA CLARO CINNA,Cinnabon Pase,rappi,6.43,,14.41,1.0
46086.0,16.0,COL,Bogotá,55 TITAN,Cinnabon Pase,rappi,0.38,,0.03,1.0
46086.0,17.0,COL,Bogotá,66 PLAZA CLARO CINNA,Cinnabon Pase,rappi,0.2,,10.76,1.0
46086.0,17.0,COL,Bogotá,66 PLAZA CLARO CINNA,Cinnabon Pase,rappi,3.97,,2.03,1.0
46086.0,17.0,COL,Bogotá,66 PLAZA CLARO CINNA,Cinnabon Pase,rappi,0.22,,82.04,1.0
46086.0,17.0,COL,Bogotá,55 TITAN,Cinnabon Pase,rappi,11.55,,19.07,1.0
46086.0,18.0,COL,Bogotá,39 SALVIO,Cinnabon Pase,rappi,1.72,,67.98,1.0
46086.0,18.0,COL,Bogotá,39 SALVIO,Cinnabon Pase,rappi,1.37,,27.13,1.0
46086.0,18.0,COL,Bogotá,56 SANTAFE BOG,Cinnabon Pase,rappi,0.17,,26.79,1.0
46086.0,18.0,COL,Bogotá,39 SALVIO,Cinnabon Pase,rappi,13.1,,9.27,1.0
46086.0,18.0,COL,Bogotá,55 TITAN,Cinnabon Pase,rappi,7.52,,0.02,1.0
46086.0,18.0,COL,Bogotá,55 TITAN,Cinnabon Pase,rappi,7.5,,9.8,1.0
46086.0,18.0,COL,Bogotá,66 PLAZA CLARO CINNA,Cinnabon Pase,rappi,0.75,,0.52,1.0
46086.0,18.0,COL,Bogotá,55 TITAN,Cinnabon Pase,rappi,2.42,,9.68,1.0
46086.0,19.0,COL,Bogotá,39 SALVIO,Cinnabon Pase,rappi,12.42,,14.45,1.0
46086.0,11.0,COL,Bogotá,61 CHICO CINNABON,cinnabon pase turbo,rappi,4.12,,0.59,1.0
46086.0,11.0,COL,Bogotá,61 CHICO CINNABON,cinnabon pase turbo,rappi,0.53,,0.67,1.0
46086.0,13.0,COL,Bogotá,61 CHICO CINNABON,cinnabon pase turbo,rappi,3.93,,0.01,1.0
46086.0,15.0,COL,Bogotá,61 CHICO CINNABON,cinnabon pase turbo,rappi,6.27,,8.2,1.0
46086.0,15.0,COL,Bogotá,61 CHICO CINNABON,cinnabon pase turbo,rappi,12.57,,2.41,1.0
46086.0,8.0,COL,Bogotá,01 USAQUEN,Cinnabon Turbo,rappi,3.96,0.45,2.07,1.0
46086.0,9.0,COL,Bogotá,36 VILLA DEL PRADO,Cinnabon Turbo,rappi,15.23,2.15,12.49,1.0
46086.0,11.0,COL,Bogotá,01 USAQUEN,Cinnabon Turbo,rappi,3.86,0.0,0.29,1.0
46086.0,11.0,COL,Bogotá,36 VILLA DEL PRADO,Cinnabon Turbo,rappi,4.41,0.32,0.77,1.0
46086.0,12.0,COL,Bogotá,65 CALLE 109,Cinnabon Turbo,rappi,3.04,0.1,2.0,1.0
46086.0,12.0,COL,Bogotá,06 COLINA,Cinnabon Turbo,rappi,3.34,7.82,9.13,1.0
46086.0,12.0,COL,Bogotá,01 USAQUEN,Cinnabon Turbo,rappi,3.61,0.13,2.15,1.0
46086.0,13.0,COL,Bogotá,01 USAQUEN,Cinnabon Turbo,rappi,3.02,0.25,2.15,1.0
46086.0,13.0,COL,Bogotá,36 VILLA DEL PRADO,Cinnabon Turbo,rappi,4.28,0.0,0.68,1.0
46086.0,14.0,COL,Bogotá,65 CALLE 109,Cinnabon Turbo,rappi,2.71,0.78,6.09,1.0
46086.0,14.0,COL,Bogotá,36 VILLA DEL PRADO,Cinnabon Turbo,rappi,3.18,0.12,1.87,1.0
46086.0,14.0,COL,Bogotá,65 CALLE 109,Cinnabon Turbo,rappi,10.93,8.3,2.64,1.0
46086.0,15.0,COL,Bogotá,65 CALLE 109,Cinnabon Turbo,rappi,1.45,0.22,3.67,1.0
46086.0,15.0,COL,Bogotá,06 COLINA,Cinnabon Turbo,rappi,6.58,4.77,5.03,1.0
46086.0,15.0,COL,Bogotá,36 VILLA DEL PRADO,Cinnabon Turbo,rappi,6.57,0.58,0.15,1.0
46086.0,16.0,COL,Bogotá,03 CHAPINERO,Cinnabon Turbo,rappi,6.78,2.35,0.82,1.0
46086.0,16.0,COL,Bogotá,03 CHAPINERO,Cinnabon Turbo,rappi,4.15,0.0,0.66,1.0
46086.0,16.0,COL,Bogotá,65 CALLE 109,Cinnabon Turbo,rappi,3.69,0.0,0.35,1.0
46086.0,17.0,COL,Bogotá,06 COLINA,Cinnabon Turbo,rappi,2.89,1.95,15.63,1.0
46086.0,17.0,COL,Bogotá,01 USAQUEN,Cinnabon Turbo,rappi,3.17,0.0,0.65,1.0
46086.0,17.0,COL,Bogotá,65 CALLE 109,Cinnabon Turbo,rappi,5.1,1.87,1.81,1.0
46086.0,17.0,COL,Bogotá,06 COLINA,Cinnabon Turbo,rappi,8.21,2.67,27.76,1.0
46086.0,17.0,COL,Bogotá,36 VILLA DEL PRADO,Cinnabon Turbo,rappi,2.14,0.0,2.04,1.0
46086.0,18.0,COL,Bogotá,03 CHAPINERO,Cinnabon Turbo,rappi,2.66,0.42,4.93,1.0
46086.0,18.0,COL,Bogotá,36 VILLA DEL PRADO,Cinnabon Turbo,rappi,2.93,0.07,4.05,1.0
46086.0,18.0,COL,Bogotá,65 CALLE 109,Cinnabon Turbo,rappi,2.71,2.27,4.44,1.0
46086.0,18.0,COL,Bogotá,06 COLINA,Cinnabon Turbo,rappi,3.99,0.95,3.97,1.0
46086.0,18.0,COL,Bogotá,01 USAQUEN,Cinnabon Turbo,rappi,7.47,3.57,0.86,1.0
46086.0,19.0,COL,Bogotá,01 USAQUEN,Cinnabon Turbo,rappi,4.37,0.4,0.82,1.0
46086.0,20.0,COL,Bogotá,03 CHAPINERO,Cinnabon Turbo,rappi,5.68,0.72,0.14,1.0
46086.0,20.0,COL,Bogotá,01 USAQUEN,Cinnabon Turbo,rappi,5.85,0.88,0.08,1.0
46086.0,20.0,COL,Bogotá,65 CALLE 109,Cinnabon Turbo,rappi,7.49,9.82,9.83,1.0
46086.0,21.0,COL,Bogotá,03 CHAPINERO,Cinnabon Turbo,rappi,4.2,4.6,20.83,1.0
46086.0,21.0,COL,Bogotá,65 CALLE 109,Cinnabon Turbo,rappi,3.65,1.27,2.89,1.0
46086.0,21.0,COL,Bogotá,03 CHAPINERO,Cinnabon Turbo,rappi,6.99,2.9,0.93,1.0
46086.0,11.0,COL,Bogotá,13 CHIA,Dembow,rappi,28.19,21.78,0.64,1.0
46086.0,11.0,COL,Bogotá,01 USAQUEN,Dembow,rappi,23.17,9.28,1.16,1.0
46086.0,15.0,COL,Bogotá,01 USAQUEN,Dembow,rappi,28.59,0.27,14.35,1.0
46086.0,19.0,COL,Bogotá,65 CALLE 109,Dembow,rappi,12.05,9.48,2.62,1.0
46086.0,19.0,COL,Bogotá,15 ENGATIVA,Dembow,rappi,17.98,7.33,2.2,1.0
46086.0,20.0,COL,Bogotá,08 ANDES,Dembow,rappi,20.07,0.0,1.0,
46086.0,6.0,COL,Bogotá,69 ARRECIFE,Desayunos Colombianos,rappi,17.07,0.33,48.17,1.0
46086.0,6.0,COL,Bogotá,08 ANDES,Desayunos Colombianos,rappi,1.85,,2.03,1.0
46086.0,6.0,COL,Bogotá,06 COLINA,Desayunos Colombianos,rappi,41.1,3.83,1.64,1.0
46086.0,7.0,COL,Bogotá,03 CHAPINERO,Desayunos Colombianos,rappi,5.37,1.9,1.54,1.0
46086.0,7.0,COL,Bogotá,36 VILLA DEL PRADO,Desayunos Colombianos,rappi,20.98,0.1,1.69,1.0
46086.0,7.0,COL,Bogotá,69 ARRECIFE,Desayunos Colombianos,rappi,19.04,1.72,0.0,1.0
46086.0,7.0,COL,Bogotá,45 VERAGUAS,Desayunos Colombianos,rappi,11.06,6.83,0.83,1.0
46086.0,8.0,COL,Bogotá,65 CALLE 109,Desayunos Colombianos,rappi,20.09,7.8,0.21,1.0
46086.0,8.0,COL,Bogotá,65 CALLE 109,Desayunos Colombianos,rappi,27.03,0.12,5.97,1.0
46086.0,8.0,COL,Bogotá,03 CHAPINERO,Desayunos Colombianos,rappi,5.81,0.87,5.2,1.0
46086.0,8.0,COL,Bogotá,15 ENGATIVA,Desayunos Colombianos,rappi,26.03,1.7,0.52,1.0
46086.0,8.0,COL,Bogotá,03 CHAPINERO,Desayunos Colombianos,rappi,5.11,0.35,6.83,1.0
46086.0,8.0,COL,Bogotá,02 PARQUE 93,Desayunos Colombianos,rappi,16.85,7.83,0.44,1.0
46086.0,8.0,COL,Bogotá,50 CHICO,Desayunos Colombianos,rappi,15.61,0.93,0.35,1.0
46086.0,8.0,COL,Bogotá,50 CHICO,Desayunos Colombianos,rappi,11.26,2.55,2.73,1.0
46086.0,8.0,COL,Bogotá,45 VERAGUAS,Desayunos Colombianos,rappi,14.34,10.7,2.98,1.0
46086.0,8.0,COL,Bogotá,15 ENGATIVA,Desayunos Colombianos,rappi,15.8,0.08,13.37,1.0
46086.0,9.0,COL,Bogotá,50 CHICO,Desayunos Colombianos,rappi,3.16,2.33,4.03,1.0
46086.0,9.0,COL,Bogotá,69 ARRECIFE,Desayunos Colombianos,rappi,23.41,1.58,2.59,1.0
46086.0,9.0,COL,Bogotá,01 USAQUEN,Desayunos Colombianos,rappi,13.64,9.48,1.06,1.0
46086.0,9.0,COL,Bogotá,65 CALLE 109,Desayunos Colombianos,rappi,27.15,0.87,0.78,1.0
46086.0,9.0,COL,Bogotá,50 CHICO,Desayunos Colombianos,rappi,3.68,3.17,4.4,1.0
46086.0,9.0,COL,Bogotá,02 PARQUE 93,Desayunos Colombianos,rappi,32.13,0.38,3.73,1.0
46086.0,9.0,COL,Bogotá,06 COLINA,Desayunos Colombianos,rappi,22.66,12.63,1.34,1.0
46086.0,9.0,COL,Bogotá,03 CHAPINERO,Desayunos Colombianos,rappi,9.68,5.12,0.38,1.0
46086.0,9.0,COL,Bogotá,50 CHICO,Desayunos Colombianos,rappi,5.18,24.47,29.75,1.0
46086.0,10.0,COL,Bogotá,15 ENGATIVA,Desayunos Colombianos,rappi,22.85,15.47,0.17,1.0
46086.0,10.0,COL,Bogotá,36 VILLA DEL PRADO,Desayunos Colombianos,rappi,16.83,1.73,0.82,1.0
46086.0,10.0,COL,Bogotá,50 CHICO,Desayunos Colombianos,rappi,14.24,0.08,4.5,1.0
46086.0,10.0,COL,Bogotá,45 VERAGUAS,Desayunos Colombianos,rappi,16.65,10.77,1.0,1.0
46086.0,10.0,COL,Bogotá,15 ENGATIVA,Desayunos Colombianos,rappi,16.05,4.73,0.36,1.0
46086.0,10.0,COL,Bogotá,06 COLINA,Desayunos Colombianos,rappi,32.47,24.7,2.0,1.0
46086.0,10.0,COL,Bogotá,03 CHAPINERO,Desayunos Colombianos,rappi,8.19,3.78,0.66,1.0
46086.0,10.0,COL,Bogotá,08 ANDES,Desayunos Colombianos,rappi,8.73,0.65,7.4,1.0
46086.0,11.0,COL,Bogotá,13 CHIA,Desayunos Colombianos,rappi,20.75,12.1,1.19,1.0
46086.0,7.0,COL,Bogotá,08 ANDES,Desayunos de la Abuela,didi,5.96,0.88,3.52,1.0
46086.0,7.0,COL,Bogotá,38 KENNEDY,Desayunos de la Abuela,didi,18.0,14.4,1.37,1.0
46086.0,7.0,COL,Bogotá,03 CHAPINERO,Desayunos de la Abuela,didi,11.92,1.65,10.76,1.0
46086.0,8.0,COL,Bogotá,08 ANDES,Desayunos de la Abuela,didi,11.63,7.25,0.49,1.0
46086.0,8.0,COL,Bogotá,03 CHAPINERO,Desayunos de la Abuela,didi,5.03,0.45,0.23,1.0
46086.0,9.0,COL,Bogotá,01 USAQUEN,Desayunos de la Abuela,didi,14.19,0.47,12.08,1.0
46086.0,9.0,COL,Bogotá,45 VERAGUAS,Desayunos de la Abuela,didi,8.86,0.67,12.7,1.0
46086.0,9.0,COL,Bogotá,02 PARQUE 93,Desayunos de la Abuela,didi,8.94,3.6,0.55,1.0
46086.0,9.0,COL,Bogotá,01 USAQUEN,Desayunos de la Abuela,didi,8.14,0.8,10.23,1.0
46086.0,9.0,COL,Bogotá,36 VILLA DEL PRADO,Desayunos de la Abuela,didi,16.37,1.22,0.76,1.0
46086.0,9.0,COL,Bogotá,65 CALLE 109,Desayunos de la Abuela,didi,12.85,1.55,2.26,1.0
46086.0,9.0,COL,Bogotá,03 CHAPINERO,Desayunos de la Abuela,didi,11.29,4.33,0.81,1.0
46086.0,10.0,COL,Bogotá,50 CHICO,Desayunos de la Abuela,didi,3.87,3.67,9.93,1.0
46086.0,10.0,COL,Bogotá,38 KENNEDY,Desayunos de la Abuela,didi,8.98,7.0,3.09,1.0
46086.0,10.0,COL,Bogotá,50 CHICO,Desayunos de la Abuela,didi,9.05,9.62,8.24,1.0
46086.0,10.0,COL,Bogotá,50 CHICO,Desayunos de la Abuela,didi,8.07,3.48,0.2,1.0
46086.0,10.0,COL,Bogotá,03 CHAPINERO,Desayunos de la Abuela,didi,3.23,0.0,0.26,1.0
46086.0,10.0,COL,Bogotá,65 CALLE 109,Desayunos de la Abuela,didi,18.72,11.63,0.3,1.0
46086.0,10.0,COL,Bogotá,36 VILLA DEL PRADO,Desayunos de la Abuela,didi,21.04,6.27,1.98,1.0
46086.0,10.0,COL,Bogotá,36 VILLA DEL PRADO,Desayunos de la Abuela,didi,15.4,6.27,0.98,1.0
46086.0,10.0,COL,Bogotá,06 COLINA,Desayunos de la Abuela,didi,27.78,6.83,1.76,1.0
46086.0,10.0,COL,Bogotá,03 CHAPINERO,Desayunos de la Abuela,didi,3.98,0.95,2.76,1.0
46086.0,10.0,COL,Bogotá,13 CHIA,Desayunos de la Abuela,didi,10.73,5.97,0.24,1.0
46086.0,11.0,COL,Bogotá,02 PARQUE 93,Desayunos de la Abuela,didi,12.97,5.43,1.17,1.0
46086.0,11.0,COL,Bogotá,50 CHICO,Desayunos de la Abuela,didi,34.97,1.77,0.48,1.0
46086.0,11.0,COL,Bogotá,03 CHAPINERO,Desayunos de la Abuela,didi,11.14,0.48,1.78,1.0
46086.0,12.0,COL,Bogotá,02 PARQUE 93,Desayunos de la Abuela,didi,13.85,9.2,0.26,1.0
46086.0,6.0,COL,Bogotá,06 COLINA,Desayunos de la Abuela,rappi,41.78,8.27,0.89,1.0
46086.0,6.0,COL,Bogotá,65 CALLE 109,Desayunos de la Abuela,rappi,27.95,16.28,1.96,1.0
46086.0,6.0,COL,Bogotá,03 CHAPINERO,Desayunos de la Abuela,rappi,6.59,2.28,0.96,1.0
46086.0,6.0,COL,Bogotá,08 ANDES,Desayunos de la Abuela,rappi,8.63,2.6,0.37,1.0
46086.0,6.0,COL,Bogotá,02 PARQUE 93,Desayunos de la Abuela,rappi,14.22,9.92,0.72,1.0
46086.0,6.0,COL,Bogotá,06 COLINA,Desayunos de la Abuela,rappi,22.96,5.8,36.17,1.0
46086.0,7.0,COL,Bogotá,03 CHAPINERO,Desayunos de la Abuela,rappi,6.85,2.4,0.37,1.0
46086.0,7.0,COL,Bogotá,69 ARRECIFE,Desayunos de la Abuela,rappi,14.02,2.9,47.21,1.0
46086.0,7.0,COL,Bogotá,06 COLINA,Desayunos de la Abuela,rappi,27.87,0.48,15.4,1.0
46086.0,7.0,COL,Bogotá,36 VILLA DEL PRADO,Desayunos de la Abuela,rappi,11.26,18.2,18.7,1.0
46086.0,7.0,COL,Bogotá,65 CALLE 109,Desayunos de la Abuela,rappi,13.16,4.32,1.13,1.0
46086.0,7.0,COL,Bogotá,36 VILLA DEL PRADO,Desayunos de la Abuela,rappi,18.93,17.45,3.73,1.0
46086.0,7.0,COL,Bogotá,08 ANDES,Desayunos de la Abuela,rappi,8.14,2.37,4.25,1.0
46086.0,7.0,COL,Bogotá,08 ANDES,Desayunos de la Abuela,rappi,11.01,0.0,1.14,1.0
46086.0,7.0,COL,Bogotá,15 ENGATIVA,Desayunos de la Abuela,rappi,27.21,10.75,1.06,1.0
46086.0,7.0,COL,Bogotá,03 CHAPINERO,Desayunos de la Abuela,rappi,7.5,3.2,1.0,1.0
46086.0,7.0,COL,Bogotá,38 KENNEDY,Desayunos de la Abuela,rappi,16.99,6.18,2.08,1.0
46086.0,7.0,COL,Bogotá,03 CHAPINERO,Desayunos de la Abuela,rappi,9.88,5.57,0.85,1.0
46086.0,7.0,COL,Bogotá,02 PARQUE 93,Desayunos de la Abuela,rappi,14.02,4.67,0.33,1.0
46086.0,7.0,COL,Bogotá,06 COLINA,Desayunos de la Abuela,rappi,4.77,1.47,20.32,1.0
46086.0,7.0,COL,Bogotá,06 COLINA,Desayunos de la Abuela,rappi,8.92,1.27,15.15,1.0
46086.0,7.0,COL,Bogotá,36 VILLA DEL PRADO,Desayunos de la Abuela,rappi,15.26,9.03,1.0,1.0
46086.0,7.0,COL,Bogotá,38 KENNEDY,Desayunos de la Abuela,rappi,13.32,9.43,0.93,1.0
46086.0,7.0,COL,Bogotá,08 ANDES,Desayunos de la Abuela,rappi,7.17,6.95,4.78,1.0
46086.0,7.0,COL,Bogotá,08 ANDES,Desayunos de la Abuela,rappi,11.03,6.95,0.92,1.0
46086.0,8.0,COL,Bogotá,02 PARQUE 93,Desayunos de la Abuela,rappi,13.39,9.78,1.05,1.0
46086.0,8.0,COL,Bogotá,03 CHAPINERO,Desayunos de la Abuela,rappi,6.52,2.48,0.75,1.0
46086.0,8.0,COL,Bogotá,03 CHAPINERO,Desayunos de la Abuela,rappi,6.22,2.5,1.06,1.0
46086.0,8.0,COL,Bogotá,45 VERAGUAS,Desayunos de la Abuela,rappi,22.23,16.32,5.62,1.0
46086.0,8.0,COL,Bogotá,06 COLINA,Desayunos de la Abuela,rappi,21.84,7.03,1.2,1.0
46086.0,8.0,COL,Bogotá,03 CHAPINERO,Desayunos de la Abuela,rappi,8.84,3.37,1.11,1.0
46086.0,8.0,COL,Bogotá,65 CALLE 109,Desayunos de la Abuela,rappi,29.07,20.4,0.69,1.0
46086.0,8.0,COL,Bogotá,45 VERAGUAS,Desayunos de la Abuela,rappi,18.46,15.02,1.53,1.0
46086.0,8.0,COL,Bogotá,15 ENGATIVA,Desayunos de la Abuela,rappi,17.23,7.48,1.65,1.0
46086.0,8.0,COL,Bogotá,65 CALLE 109,Desayunos de la Abuela,rappi,11.56,1.93,0.58,1.0
46086.0,8.0,COL,Bogotá,38 KENNEDY,Desayunos de la Abuela,rappi,15.35,11.83,1.14,1.0
46086.0,8.0,COL,Bogotá,15 ENGATIVA,Desayunos de la Abuela,rappi,21.62,11.85,2.0,1.0
46086.0,8.0,COL,Bogotá,03 CHAPINERO,Desayunos de la Abuela,rappi,4.97,0.82,0.91,1.0
46086.0,8.0,COL,Bogotá,36 VILLA DEL PRADO,Desayunos de la Abuela,rappi,12.95,5.82,0.92,1.0
46086.0,8.0,COL,Bogotá,45 VERAGUAS,Desayunos de la Abuela,rappi,13.92,0.73,24.74,1.0
46086.0,8.0,COL,Bogotá,38 KENNEDY,Desayunos de la Abuela,rappi,0.0,,1.0,
46086.0,8.0,COL,Bogotá,01 USAQUEN,Desayunos de la Abuela,rappi,10.13,0.4,10.73,1.0
46086.0,8.0,COL,Bogotá,03 CHAPINERO,Desayunos de la Abuela,rappi,8.88,2.35,0.29,1.0
46086.0,8.0,COL,Bogotá,65 CALLE 109,Desayunos de la Abuela,rappi,20.19,8.1,0.7,1.0
46086.0,8.0,COL,Bogotá,50 CHICO,Desayunos de la Abuela,rappi,7.13,5.4,3.1,1.0
46086.0,8.0,COL,Bogotá,65 CALLE 109,Desayunos de la Abuela,rappi,27.03,0.5,1.67,1.0
46086.0,8.0,COL,Bogotá,02 PARQUE 93,Desayunos de la Abuela,rappi,26.24,15.4,0.83,1.0
46086.0,8.0,COL,Bogotá,50 CHICO,Desayunos de la Abuela,rappi,3.89,10.67,11.89,1.0
46086.0,8.0,COL,Bogotá,50 CHICO,Desayunos de la Abuela,rappi,15.62,10.68,0.15,1.0
46086.0,8.0,COL,Bogotá,06 COLINA,Desayunos de la Abuela,rappi,14.65,0.42,63.15,1.0
46086.0,8.0,COL,Bogotá,08 ANDES,Desayunos de la Abuela,rappi,8.06,4.88,1.86,1.0
46086.0,8.0,COL,Bogotá,38 KENNEDY,Desayunos de la Abuela,rappi,16.06,12.15,1.02,1.0
46086.0,8.0,COL,Bogotá,08 ANDES,Desayunos de la Abuela,rappi,9.91,5.78,0.53,1.0
46086.0,8.0,COL,Bogotá,69 ARRECIFE,Desayunos de la Abuela,rappi,31.15,14.75,3.18,1.0
46086.0,8.0,COL,Bogotá,06 COLINA,Desayunos de la Abuela,rappi,51.57,5.43,6.09,1.0
46086.0,8.0,COL,Bogotá,08 ANDES,Desayunos de la Abuela,rappi,10.19,6.13,0.87,1.0
46086.0,9.0,COL,Bogotá,06 COLINA,Desayunos de la Abuela,rappi,45.75,31.63,3.92,1.0
46086.0,9.0,COL,Bogotá,38 KENNEDY,Desayunos de la Abuela,rappi,13.74,8.93,0.21,1.0
46086.0,9.0,COL,Bogotá,01 USAQUEN,Desayunos de la Abuela,rappi,14.33,1.63,24.06,1.0
46086.0,9.0,COL,Bogotá,15 ENGATIVA,Desayunos de la Abuela,rappi,21.99,8.05,2.38,1.0
46086.0,9.0,COL,Bogotá,36 VILLA DEL PRADO,Desayunos de la Abuela,rappi,13.82,5.62,0.95,1.0
46086.0,9.0,COL,Bogotá,69 ARRECIFE,Desayunos de la Abuela,rappi,33.35,25.73,1.15,1.0
46086.0,9.0,COL,Bogotá,65 CALLE 109,Desayunos de la Abuela,rappi,17.8,3.85,0.87,1.0
46086.0,9.0,COL,Bogotá,69 ARRECIFE,Desayunos de la Abuela,rappi,21.99,3.45,2.11,1.0
46086.0,9.0,COL,Bogotá,36 VILLA DEL PRADO,Desayunos de la Abuela,rappi,21.91,10.58,0.14,1.0
46086.0,9.0,COL,Bogotá,03 CHAPINERO,Desayunos de la Abuela,rappi,10.14,2.0,0.87,1.0
46086.0,9.0,COL,Bogotá,69 ARRECIFE,Desayunos de la Abuela,rappi,40.53,4.8,1.1,1.0
46086.0,9.0,COL,Bogotá,01 USAQUEN,Desayunos de la Abuela,rappi,7.03,1.63,20.51,1.0
46086.0,9.0,COL,Bogotá,15 ENGATIVA,Desayunos de la Abuela,rappi,27.39,10.2,0.49,1.0
46086.0,9.0,COL,Bogotá,02 PARQUE 93,Desayunos de la Abuela,rappi,14.98,10.68,0.41,1.0
46086.0,9.0,COL,Bogotá,08 ANDES,Desayunos de la Abuela,rappi,12.26,10.52,5.06,1.0
46086.0,9.0,COL,Bogotá,08 ANDES,Desayunos de la Abuela,rappi,15.95,10.52,1.36,1.0
46086.0,9.0,COL,Bogotá,65 CALLE 109,Desayunos de la Abuela,rappi,17.34,2.13,8.82,1.0
46086.0,9.0,COL,Bogotá,03 CHAPINERO,Desayunos de la Abuela,rappi,4.96,0.2,32.49,1.0
46086.0,9.0,COL,Bogotá,65 CALLE 109,Desayunos de la Abuela,rappi,15.61,9.07,1.38,1.0
46086.0,9.0,COL,Bogotá,50 CHICO,Desayunos de la Abuela,rappi,3.98,0.48,2.05,1.0
46086.0,9.0,COL,Bogotá,02 PARQUE 93,Desayunos de la Abuela,rappi,9.6,3.82,0.3,1.0
46086.0,9.0,COL,Bogotá,15 ENGATIVA,Desayunos de la Abuela,rappi,15.18,0.72,1.18,1.0
46086.0,9.0,COL,Bogotá,50 CHICO,Desayunos de la Abuela,rappi,3.57,0.28,3.22,1.0
46086.0,9.0,COL,Bogotá,15 ENGATIVA,Desayunos de la Abuela,rappi,29.33,0.37,24.09,1.0
46086.0,9.0,COL,Bogotá,50 CHICO,Desayunos de la Abuela,rappi,3.99,2.33,3.59,1.0
46086.0,9.0,COL,Bogotá,01 USAQUEN,Desayunos de la Abuela,rappi,15.02,0.52,49.52,1.0
46086.0,9.0,COL,Bogotá,03 CHAPINERO,Desayunos de la Abuela,rappi,3.96,0.13,1.72,1.0
46086.0,9.0,COL,Bogotá,50 CHICO,Desayunos de la Abuela,rappi,3.01,0.0,1.97,1.0
46086.0,9.0,COL,Bogotá,38 KENNEDY,Desayunos de la Abuela,rappi,6.22,8.53,10.0,1.0
46086.0,9.0,COL,Bogotá,69 ARRECIFE,Desayunos de la Abuela,rappi,29.89,8.08,3.03,1.0
46086.0,9.0,COL,Bogotá,69 ARRECIFE,Desayunos de la Abuela,rappi,32.19,11.83,13.74,1.0
46086.0,9.0,COL,Bogotá,38 KENNEDY,Desayunos de la Abuela,rappi,4.15,0.72,4.04,1.0
46086.0,9.0,COL,Bogotá,03 CHAPINERO,Desayunos de la Abuela,rappi,6.64,1.85,0.26,1.0
46086.0,9.0,COL,Bogotá,45 VERAGUAS,Desayunos de la Abuela,rappi,25.06,0.8,6.43,1.0
46086.0,9.0,COL,Bogotá,15 ENGATIVA,Desayunos de la Abuela,rappi,26.14,0.75,9.57,1.0
46086.0,9.0,COL,Bogotá,65 CALLE 109,Desayunos de la Abuela,rappi,18.72,7.8,1.07,1.0
46086.0,9.0,COL,Bogotá,03 CHAPINERO,Desayunos de la Abuela,rappi,8.11,3.88,0.81,1.0
46086.0,9.0,COL,Bogotá,50 CHICO,Desayunos de la Abuela,rappi,1.89,3.55,8.96,1.0
46086.0,9.0,COL,Bogotá,03 CHAPINERO,Desayunos de la Abuela,rappi,13.64,5.83,0.42,1.0
46086.0,10.0,COL,Bogotá,38 KENNEDY,Desayunos de la Abuela,rappi,10.26,0.45,42.11,1.0
46086.0,10.0,COL,Bogotá,02 PARQUE 93,Desayunos de la Abuela,rappi,12.85,7.0,0.33,1.0
46086.0,10.0,COL,Bogotá,08 ANDES,Desayunos de la Abuela,rappi,13.92,9.47,1.27,1.0
46086.0,10.0,COL,Bogotá,02 PARQUE 93,Desayunos de la Abuela,rappi,9.97,4.35,0.33,1.0
46086.0,10.0,COL,Bogotá,03 CHAPINERO,Desayunos de la Abuela,rappi,5.05,5.98,9.06,1.0
46086.0,10.0,COL,Bogotá,03 CHAPINERO,Desayunos de la Abuela,rappi,12.84,5.98,1.26,1.0
46086.0,10.0,COL,Bogotá,36 VILLA DEL PRADO,Desayunos de la Abuela,rappi,14.99,6.48,2.1,1.0
46086.0,10.0,COL,Bogotá,01 USAQUEN,Desayunos de la Abuela,rappi,10.31,0.52,27.51,1.0
46086.0,10.0,COL,Bogotá,45 VERAGUAS,Desayunos de la Abuela,rappi,21.39,0.0,1.0,
46086.0,10.0,COL,Bogotá,15 ENGATIVA,Desayunos de la Abuela,rappi,29.6,18.25,1.08,1.0
46086.0,10.0,COL,Bogotá,45 VERAGUAS,Desayunos de la Abuela,rappi,24.5,0.0,1.0,
46086.0,10.0,COL,Bogotá,50 CHICO,Desayunos de la Abuela,rappi,14.89,8.6,3.83,1.0
46086.0,10.0,COL,Bogotá,03 CHAPINERO,Desayunos de la Abuela,rappi,8.95,4.38,0.47,1.0
46086.0,10.0,COL,Bogotá,01 USAQUEN,Desayunos de la Abuela,rappi,12.24,0.18,12.59,1.0
46086.0,10.0,COL,Bogotá,65 CALLE 109,Desayunos de la Abuela,rappi,18.01,0.3,5.54,1.0
46086.0,10.0,COL,Bogotá,36 VILLA DEL PRADO,Desayunos de la Abuela,rappi,13.55,11.77,2.54,1.0
46086.0,10.0,COL,Bogotá,02 PARQUE 93,Desayunos de la Abuela,rappi,4.26,0.08,0.77,1.0
46086.0,10.0,COL,Bogotá,36 VILLA DEL PRADO,Desayunos de la Abuela,rappi,14.57,2.67,1.11,1.0
46086.0,10.0,COL,Bogotá,02 PARQUE 93,Desayunos de la Abuela,rappi,16.87,10.03,0.7,1.0
46086.0,10.0,COL,Bogotá,50 CHICO,Desayunos de la Abuela,rappi,6.79,10.07,8.65,1.0
46086.0,10.0,COL,Bogotá,36 VILLA DEL PRADO,Desayunos de la Abuela,rappi,26.43,22.75,1.83,1.0
46086.0,10.0,COL,Bogotá,45 VERAGUAS,Desayunos de la Abuela,rappi,19.04,0.12,28.95,1.0
46086.0,10.0,COL,Bogotá,03 CHAPINERO,Desayunos de la Abuela,rappi,4.83,0.0,0.07,1.0
46086.0,10.0,COL,Bogotá,03 CHAPINERO,Desayunos de la Abuela,rappi,6.0,7.55,6.32,1.0
46086.0,10.0,COL,Bogotá,03 CHAPINERO,Desayunos de la Abuela,rappi,12.13,7.55,0.19,1.0
46086.0,10.0,COL,Bogotá,06 COLINA,Desayunos de la Abuela,rappi,39.35,18.33,0.89,1.0
46086.0,10.0,COL,Bogotá,03 CHAPINERO,Desayunos de la Abuela,rappi,13.13,3.0,1.3,1.0
46086.0,10.0,COL,Bogotá,03 CHAPINERO,Desayunos de la Abuela,rappi,14.02,0.25,0.7,1.0
46086.0,10.0,COL,Bogotá,01 USAQUEN,Desayunos de la Abuela,rappi,12.04,0.53,16.9,1.0
46086.0,10.0,COL,Bogotá,69 ARRECIFE,Desayunos de la Abuela,rappi,15.07,6.68,0.01,1.0
46086.0,10.0,COL,Bogotá,36 VILLA DEL PRADO,Desayunos de la Abuela,rappi,20.1,11.95,0.94,1.0
46086.0,10.0,COL,Bogotá,15 ENGATIVA,Desayunos de la Abuela,rappi,20.8,0.3,1.51,1.0
46086.0,10.0,COL,Bogotá,69 ARRECIFE,Desayunos de la Abuela,rappi,21.04,9.63,1.11,1.0
46086.0,10.0,COL,Bogotá,01 USAQUEN,Desayunos de la Abuela,rappi,13.87,0.68,9.02,1.0
46086.0,10.0,COL,Bogotá,01 USAQUEN,Desayunos de la Abuela,rappi,18.04,0.5,4.86,1.0
46086.0,10.0,COL,Bogotá,36 VILLA DEL PRADO,Desayunos de la Abuela,rappi,27.16,18.43,1.86,1.0
46086.0,10.0,COL,Bogotá,65 CALLE 109,Desayunos de la Abuela,rappi,14.07,6.05,1.65,1.0
46086.0,10.0,COL,Bogotá,08 ANDES,Desayunos de la Abuela,rappi,17.05,13.03,0.96,1.0
46086.0,10.0,COL,Bogotá,38 KENNEDY,Desayunos de la Abuela,rappi,13.28,0.87,0.77,1.0
46086.0,11.0,COL,Bogotá,50 CHICO,Desayunos de la Abuela,rappi,35.25,16.83,0.01,1.0
46086.0,11.0,COL,Bogotá,50 CHICO,Desayunos de la Abuela,rappi,4.55,0.0,21.96,1.0
46086.0,11.0,COL,Bogotá,36 VILLA DEL PRADO,Desayunos de la Abuela,rappi,18.87,6.33,1.06,1.0
46086.0,11.0,COL,Bogotá,38 KENNEDY,Desayunos de la Abuela,rappi,8.44,3.78,0.56,1.0
46086.0,11.0,COL,Bogotá,03 CHAPINERO,Desayunos de la Abuela,rappi,8.91,2.43,0.24,1.0
46086.0,11.0,COL,Bogotá,36 VILLA DEL PRADO,Desayunos de la Abuela,rappi,16.81,6.17,0.83,1.0
46086.0,11.0,COL,Bogotá,06 COLINA,Desayunos de la Abuela,rappi,14.12,0.4,8.8,1.0
46086.0,11.0,COL,Bogotá,03 CHAPINERO,Desayunos de la Abuela,rappi,9.15,2.83,0.77,1.0
46086.0,11.0,COL,Bogotá,15 ENGATIVA,Desayunos de la Abuela,rappi,13.88,0.13,10.13,1.0
46086.0,11.0,COL,Bogotá,36 VILLA DEL PRADO,Desayunos de la Abuela,rappi,14.29,5.58,1.22,1.0
46086.0,11.0,COL,Bogotá,03 CHAPINERO,Desayunos de la Abuela,rappi,10.14,8.03,2.85,1.0
46086.0,11.0,COL,Bogotá,50 CHICO,Desayunos de la Abuela,rappi,16.7,3.6,5.91,1.0
46086.0,11.0,COL,Bogotá,08 ANDES,Desayunos de la Abuela,rappi,6.91,1.32,0.26,1.0
46086.0,11.0,COL,Bogotá,38 KENNEDY,Desayunos de la Abuela,rappi,9.44,0.27,1.56,1.0
46086.0,11.0,COL,Bogotá,45 VERAGUAS,Desayunos de la Abuela,rappi,31.03,0.5,3.15,1.0
46086.0,11.0,COL,Bogotá,36 VILLA DEL PRADO,Desayunos de la Abuela,rappi,3.13,0.0,1.22,1.0
46086.0,11.0,COL,Bogotá,01 USAQUEN,Desayunos de la Abuela,rappi,12.79,7.53,1.07,1.0
46086.0,11.0,COL,Bogotá,69 ARRECIFE,Desayunos de la Abuela,rappi,16.24,2.3,16.87,1.0
46086.0,11.0,COL,Bogotá,01 USAQUEN,Desayunos de la Abuela,rappi,23.82,0.4,2.26,1.0
46086.0,11.0,COL,Bogotá,69 ARRECIFE,Desayunos de la Abuela,rappi,26.08,6.45,0.75,1.0
46086.0,11.0,COL,Bogotá,06 COLINA,Desayunos de la Abuela,rappi,7.07,0.6,22.03,1.0
46086.0,12.0,COL,Bogotá,03 CHAPINERO,Desayunos de la Abuela,rappi,10.31,5.8,0.55,1.0
46086.0,12.0,COL,Bogotá,15 ENGATIVA,Desayunos de la Abuela,rappi,10.93,0.35,2.67,1.0
46086.0,12.0,COL,Bogotá,36 VILLA DEL PRADO,Desayunos de la Abuela,rappi,21.51,3.73,0.97,1.0
46086.0,12.0,COL,Bogotá,06 COLINA,Desayunos de la Abuela,rappi,12.03,2.15,6.97,1.0
46086.0,12.0,COL,Bogotá,06 COLINA,Desayunos de la Abuela,rappi,13.31,0.12,43.6,1.0
46086.0,12.0,COL,Bogotá,08 ANDES,Desayunos de la Abuela,rappi,10.1,6.47,1.17,1.0
46086.0,13.0,COL,Bogotá,69 ARRECIFE,Desayunos de la Abuela,rappi,19.35,2.77,0.88,1.0
46086.0,14.0,COL,Bogotá,69 ARRECIFE,Desayunos de la Abuela,rappi,41.58,1.38,21.12,1.0
46086.0,16.0,COL,Bogotá,03 CHAPINERO,Desayunos de la Abuela,rappi,15.25,10.97,0.72,1.0
46086.0,16.0,COL,Bogotá,45 VERAGUAS,Desayunos de la Abuela,rappi,11.84,0.87,6.18,1.0
46086.0,16.0,COL,Bogotá,15 ENGATIVA,Desayunos de la Abuela,rappi,10.33,0.62,4.65,1.0
46086.0,16.0,COL,Bogotá,01 USAQUEN,Desayunos de la Abuela,rappi,15.22,0.3,19.66,1.0
46086.0,16.0,COL,Bogotá,03 CHAPINERO,Desayunos de la Abuela,rappi,28.86,13.6,0.22,1.0
46086.0,19.0,COL,Bogotá,13 CHIA,Desayunos de la Abuela,rappi,27.2,15.35,2.04,1.0
46086.0,19.0,COL,Bogotá,01 USAQUEN,Desayunos de la Abuela,rappi,32.92,0.17,30.84,1.0
46086.0,21.0,COL,Bogotá,01 USAQUEN,Desayunos de la Abuela,rappi,32.13,3.63,0.01,1.0
46086.0,21.0,COL,Bogotá,01 USAQUEN,Desayunos de la Abuela,rappi,24.5,0.58,14.93,1.0
46086.0,23.0,COL,Bogotá,01 USAQUEN,Desayunos de la Abuela,rappi,14.15,2.12,4.07,1.0
46086.0,8.0,COL,Bogotá,50 CHICO,Desayunos de la Abuela Turbo,rappi,3.75,5.8,7.11,1.0
46086.0,10.0,COL,Bogotá,08 ANDES,Desayunos de la Abuela Turbo,rappi,9.29,5.9,1.63,1.0
46086.0,8.0,COL,Bogotá,15 ENGATIVA,Desayunos de mi Tierrita,didi,14.9,0.53,4.29,1.0
46086.0,8.0,COL,Bogotá,03 CHAPINERO,Desayunos de mi Tierrita,didi,7.21,0.73,3.54,1.0
46086.0,8.0,COL,Bogotá,69 ARRECIFE,Desayunos de mi Tierrita,rappi,11.21,1.28,47.19,1.0
46086.0,12.0,COL,Bogotá,13 CHIA,Desgranados & Co,rappi,10.71,0.13,0.46,1.0
46086.0,18.0,COL,Bogotá,08 ANDES,Desgranados & Co,rappi,6.15,0.87,1.98,1.0
46086.0,21.0,COL,Bogotá,03 CHAPINERO,Desgranados & Co,rappi,17.52,13.63,0.85,1.0
46086.0,15.0,COL,Bogotá,08 ANDES,Desgranados & Co Turbo,rappi,3.97,0.0,0.83,1.0
46086.0,16.0,COL,Bogotá,01 USAQUEN,Desgranados & Co Turbo,rappi,6.01,1.53,0.29,1.0
46086.0,19.0,COL,Bogotá,02 PARQUE 93,Desgranados & Co Turbo,rappi,6.67,1.03,4.99,1.0
46086.0,19.0,COL,Bogotá,01 USAQUEN,Desgranados & Co Turbo,rappi,6.16,1.65,0.22,1.0
46086.0,19.0,COL,Bogotá,36 VILLA DEL PRADO,Desgranados & Co Turbo,rappi,4.78,0.23,0.74,1.0
46086.0,19.0,COL,Bogotá,03 CHAPINERO,Desgranados & Co Turbo,rappi,5.52,0.73,7.94,1.0
46086.0,19.0,COL,Bogotá,03 CHAPINERO,Desgranados & Co Turbo,rappi,3.46,0.0,0.81,1.0
46086.0,19.0,COL,Bogotá,06 COLINA,Desgranados & Co Turbo,rappi,6.09,10.02,33.7,1.0
46086.0,20.0,COL,Bogotá,36 VILLA DEL PRADO,Desgranados & Co Turbo,rappi,5.94,0.5,0.28,1.0
46086.0,20.0,COL,Bogotá,06 COLINA,Desgranados & Co Turbo,rappi,15.34,1.33,1.54,1.0
46086.0,21.0,COL,Bogotá,01 USAQUEN,Desgranados & Co Turbo,rappi,3.49,1.0,2.52,1.0
46086.0,21.0,COL,Bogotá,03 CHAPINERO,Desgranados & Co Turbo,rappi,7.0,0.42,13.77,1.0
46086.0,13.0,COL,Bogotá,08 ANDES,Doritos Locos By Dorito Turbo,rappi,2.58,0.65,3.18,1.0
46086.0,15.0,COL,Bogotá,01 USAQUEN,Doritos Locos By Dorito Turbo,rappi,4.11,0.0,0.81,1.0
46086.0,16.0,COL,Bogotá,08 ANDES,Doritos Locos By Dorito Turbo,rappi,2.11,0.0,1.63,1.0
46086.0,17.0,COL,Bogotá,03 CHAPINERO,Doritos Locos By Dorito Turbo,rappi,3.05,0.45,4.8,1.0
46086.0,20.0,COL,Bogotá,38 KENNEDY,Doritos Locos By Dorito Turbo,rappi,8.69,4.87,3.41,1.0
46086.0,20.0,COL,Bogotá,03 CHAPINERO,Doritos Locos By Dorito Turbo,rappi,2.88,0.0,0.15,1.0
46086.0,13.0,COL,Bogotá,45 VERAGUAS,El Ejecutivo,didi,6.97,2.8,1.55,1.0
46086.0,13.0,COL,Bogotá,13 CHIA,El Ejecutivo,didi,15.1,10.6,0.63,1.0
46086.0,14.0,COL,Bogotá,36 VILLA DEL PRADO,El Ejecutivo,didi,13.76,5.7,2.1,1.0
46086.0,16.0,COL,Bogotá,02 PARQUE 93,El Ejecutivo,didi,9.98,6.95,1.96,1.0
46086.0,16.0,COL,Bogotá,45 VERAGUAS,El Ejecutivo,rappi,9.91,2.62,1.7,1.0
46086.0,21.0,COL,Bogotá,03 CHAPINERO,El Ejecutivo,rappi,29.52,12.63,1.64,1.0
46086.0,20.0,COL,Bogotá,01 USAQUEN,El Jefe Turbo,rappi,6.77,2.12,0.69,1.0
46086.0,15.0,COL,Bogotá,08 ANDES,Foodhub,didi,10.95,1.4,17.91,1.0
46086.0,16.0,COL,Bogotá,69 ARRECIFE,Foodhub,foodologypos,14.97,0.0,0.68,1.0
46086.0,17.0,COL,Bogotá,69 ARRECIFE,Foodhub,foodologypos,5.46,0.0,1.09,1.0
46086.0,15.0,COL,Bogotá,08 ANDES,Foodhub,rappi,8.32,8.05,4.69,1.0
46086.0,21.0,COL,Bogotá,15 ENGATIVA,Foodhub,rappi,17.94,6.72,0.81,1.0
46086.0,8.0,COL,Bogotá,45 VERAGUAS,Foodology,didi,12.69,1.23,14.49,1.0
46086.0,12.0,COL,Bogotá,06 COLINA,Foodology,didi,19.21,1.43,7.84,1.0
46086.0,19.0,COL,Bogotá,06 COLINA,Foodology,didi,0.35,,0.74,1.0
46086.0,7.0,COL,Bogotá,08 ANDES,Foodology,rappi,8.22,0.85,11.81,1.0
46086.0,7.0,COL,Bogotá,38 KENNEDY,Foodology,rappi,14.3,0.12,5.01,1.0
46086.0,7.0,COL,Bogotá,01 USAQUEN,Foodology,rappi,7.01,0.32,9.02,1.0
46086.0,8.0,COL,Bogotá,15 ENGATIVA,Foodology,rappi,9.75,0.43,13.17,1.0
46086.0,17.0,COL,Bogotá,13 CHIA,Foodology,rappi,20.88,0.22,2.32,1.0
46086.0,11.0,COL,Bogotá,36 VILLA DEL PRADO,Frost by Oreo,rappi,3.47,,24.06,1.0
46086.0,15.0,COL,Bogotá,01 USAQUEN,Frost by Oreo,rappi,1.02,,15.69,1.0
46086.0,17.0,COL,Bogotá,38 KENNEDY,Frost by Oreo,rappi,0.43,,17.17,1.0
46086.0,17.0,COL,Bogotá,38 KENNEDY,Frost by Oreo,rappi,0.45,,72.92,1.0
46086.0,18.0,COL,Bogotá,02 PARQUE 93,Frost by Oreo,rappi,0.82,,84.97,1.0
46086.0,15.0,COL,Bogotá,06 COLINA,Frost By Oreo Turbo,rappi,0.02,,3.04,1.0
46086.0,15.0,COL,Bogotá,65 CALLE 109,Frost By Oreo Turbo,rappi,0.0,,3.1,1.0
46086.0,15.0,COL,Bogotá,08 ANDES,Frost By Oreo Turbo,rappi,0.0,,0.23,1.0
46086.0,16.0,COL,Bogotá,65 CALLE 109,Frost By Oreo Turbo,rappi,0.25,,6.12,1.0
46086.0,17.0,COL,Bogotá,03 CHAPINERO,Frost By Oreo Turbo,rappi,0.0,,3.29,1.0
46086.0,20.0,COL,Bogotá,65 CALLE 109,Frost By Oreo Turbo,rappi,1.03,,7.18,1.0
46086.0,20.0,COL,Bogotá,03 CHAPINERO,Frost By Oreo Turbo,rappi,0.52,,5.81,1.0
46086.0,20.0,COL,Bogotá,03 CHAPINERO,Frost By Oreo Turbo,rappi,0.0,,4.04,1.0
46086.0,21.0,COL,Bogotá,03 CHAPINERO,Frost By Oreo Turbo,rappi,1.8,,0.58,1.0
46086.0,21.0,COL,Bogotá,03 CHAPINERO,Frost By Oreo Turbo,rappi,0.23,,25.12,1.0
46086.0,11.0,COL,Bogotá,02 PARQUE 93,Green House,didi,19.93,13.55,0.76,1.0
46086.0,11.0,COL,Bogotá,45 VERAGUAS,Green House,didi,35.14,16.23,2.75,1.0
46086.0,11.0,COL,Bogotá,38 KENNEDY,Green House,didi,6.06,2.6,1.67,1.0
46086.0,12.0,COL,Bogotá,15 ENGATIVA,Green House,didi,14.12,0.27,9.03,1.0
46086.0,12.0,COL,Bogotá,36 VILLA DEL PRADO,Green House,didi,17.9,12.92,0.7,1.0
46086.0,12.0,COL,Bogotá,13 CHIA,Green House,didi,14.55,6.93,1.87,1.0
46086.0,12.0,COL,Bogotá,06 COLINA,Green House,didi,18.21,2.83,3.63,1.0
46086.0,13.0,COL,Bogotá,01 USAQUEN,Green House,didi,22.68,10.28,0.11,1.0
46086.0,13.0,COL,Bogotá,02 PARQUE 93,Green House,didi,16.24,3.47,0.74,1.0
46086.0,13.0,COL,Bogotá,15 ENGATIVA,Green House,didi,19.08,0.87,2.06,1.0
46086.0,13.0,COL,Bogotá,36 VILLA DEL PRADO,Green House,didi,9.14,1.23,2.84,1.0
46086.0,14.0,COL,Bogotá,38 KENNEDY,Green House,didi,10.9,3.93,1.58,1.0
46086.0,14.0,COL,Bogotá,03 CHAPINERO,Green House,didi,3.05,0.15,5.35,1.0
46086.0,15.0,COL,Bogotá,38 KENNEDY,Green House,didi,9.72,0.07,3.31,1.0
46086.0,15.0,COL,Bogotá,08 ANDES,Green House,didi,7.1,2.18,1.32,1.0
46086.0,15.0,COL,Bogotá,38 KENNEDY,Green House,didi,15.5,11.48,0.78,1.0
46086.0,15.0,COL,Bogotá,45 VERAGUAS,Green House,didi,12.93,10.4,4.09,1.0
46086.0,16.0,COL,Bogotá,36 VILLA DEL PRADO,Green House,didi,7.25,1.27,3.48,1.0
46086.0,16.0,COL,Bogotá,03 CHAPINERO,Green House,didi,9.27,0.4,8.59,1.0
46086.0,16.0,COL,Bogotá,03 CHAPINERO,Green House,didi,8.71,1.73,1.16,1.0
46086.0,17.0,COL,Bogotá,02 PARQUE 93,Green House,didi,18.95,9.9,0.11,1.0
46086.0,17.0,COL,Bogotá,06 COLINA,Green House,didi,31.89,15.87,1.15,1.0
46086.0,18.0,COL,Bogotá,65 CALLE 109,Green House,didi,9.01,1.92,0.55,1.0
46086.0,18.0,COL,Bogotá,02 PARQUE 93,Green House,didi,15.14,5.72,0.92,1.0
46086.0,19.0,COL,Bogotá,08 ANDES,Green House,didi,5.83,0.27,2.17,1.0
46086.0,19.0,COL,Bogotá,45 VERAGUAS,Green House,didi,9.03,1.25,0.77,1.0
46086.0,19.0,COL,Bogotá,03 CHAPINERO,Green House,didi,21.29,4.32,3.58,1.0
46086.0,19.0,COL,Bogotá,15 ENGATIVA,Green House,didi,15.29,5.32,0.72,1.0
46086.0,19.0,COL,Bogotá,03 CHAPINERO,Green House,didi,17.72,9.6,0.92,1.0
46086.0,19.0,COL,Bogotá,13 CHIA,Green House,didi,22.3,12.67,0.66,1.0
46086.0,19.0,COL,Bogotá,38 KENNEDY,Green House,didi,15.89,7.25,1.05,1.0
46086.0,19.0,COL,Bogotá,01 USAQUEN,Green House,didi,13.13,0.63,6.68,1.0
46086.0,20.0,COL,Bogotá,45 VERAGUAS,Green House,didi,10.53,0.48,17.41,1.0
46086.0,20.0,COL,Bogotá,03 CHAPINERO,Green House,didi,6.71,0.83,7.21,1.0
46086.0,20.0,COL,Bogotá,06 COLINA,Green House,didi,23.78,15.35,1.47,1.0
46086.0,20.0,COL,Bogotá,01 USAQUEN,Green House,didi,12.83,0.93,0.17,1.0
46086.0,20.0,COL,Bogotá,03 CHAPINERO,Green House,didi,14.53,0.68,4.19,1.0
46086.0,21.0,COL,Bogotá,03 CHAPINERO,Green House,didi,14.01,9.05,0.42,1.0
46086.0,21.0,COL,Bogotá,15 ENGATIVA,Green House,didi,17.11,2.7,0.84,1.0
46086.0,21.0,COL,Bogotá,01 USAQUEN,Green House,didi,10.94,6.23,0.18,1.0
46086.0,22.0,COL,Bogotá,01 USAQUEN,Green House,didi,16.6,11.62,2.1,1.0
46086.0,10.0,COL,Bogotá,45 VERAGUAS,Green House,rappi,17.85,13.63,0.91,1.0
46086.0,12.0,COL,Bogotá,13 CHIA,Green House,rappi,22.04,1.25,0.0,1.0
46086.0,12.0,COL,Bogotá,03 CHAPINERO,Green House,rappi,15.87,6.07,0.22,1.0
46086.0,12.0,COL,Bogotá,03 CHAPINERO,Green House,rappi,8.14,0.37,8.9,1.0
46086.0,12.0,COL,Bogotá,45 VERAGUAS,Green House,rappi,10.95,0.15,5.93,1.0
46086.0,12.0,COL,Bogotá,69 ARRECIFE,Green House,rappi,15.14,2.33,20.22,1.0
46086.0,12.0,COL,Bogotá,03 CHAPINERO,Green House,rappi,7.96,1.25,0.29,1.0
46086.0,12.0,COL,Bogotá,03 CHAPINERO,Green House,rappi,13.13,0.68,21.63,1.0
46086.0,12.0,COL,Bogotá,38 KENNEDY,Green House,rappi,7.77,3.13,0.94,1.0
46086.0,12.0,COL,Bogotá,01 USAQUEN,Green House,rappi,8.86,0.33,6.06,1.0
46086.0,13.0,COL,Bogotá,38 KENNEDY,Green House,rappi,18.68,0.4,14.34,1.0
46086.0,13.0,COL,Bogotá,06 COLINA,Green House,rappi,24.71,0.03,4.25,1.0
46086.0,13.0,COL,Bogotá,01 USAQUEN,Green House,rappi,3.23,0.17,1.85,1.0
46086.0,13.0,COL,Bogotá,03 CHAPINERO,Green House,rappi,4.18,2.05,22.95,1.0
46086.0,13.0,COL,Bogotá,02 PARQUE 93,Green House,rappi,9.41,3.62,0.71,1.0
46086.0,13.0,COL,Bogotá,03 CHAPINERO,Green House,rappi,20.07,0.3,17.07,1.0
46086.0,13.0,COL,Bogotá,03 CHAPINERO,Green House,rappi,4.2,0.52,34.72,1.0
46086.0,14.0,COL,Bogotá,02 PARQUE 93,Green House,rappi,12.23,7.73,0.18,1.0
46086.0,14.0,COL,Bogotá,02 PARQUE 93,Green House,rappi,11.26,7.73,1.16,1.0
46086.0,14.0,COL,Bogotá,03 CHAPINERO,Green House,rappi,5.98,0.42,4.99,1.0
46086.0,14.0,COL,Bogotá,36 VILLA DEL PRADO,Green House,rappi,19.67,0.85,8.32,1.0
46086.0,14.0,COL,Bogotá,02 PARQUE 93,Green House,rappi,15.54,6.07,0.79,1.0
46086.0,14.0,COL,Bogotá,13 CHIA,Green House,rappi,19.53,5.22,1.09,1.0
46086.0,14.0,COL,Bogotá,69 ARRECIFE,Green House,rappi,17.45,0.87,10.96,1.0
46086.0,14.0,COL,Bogotá,03 CHAPINERO,Green House,rappi,7.13,1.77,0.65,1.0
46086.0,15.0,COL,Bogotá,38 KENNEDY,Green House,rappi,20.38,0.25,6.04,1.0
46086.0,15.0,COL,Bogotá,69 ARRECIFE,Green House,rappi,10.2,2.27,39.62,1.0
46086.0,15.0,COL,Bogotá,65 CALLE 109,Green House,rappi,21.81,0.65,0.77,1.0
46086.0,16.0,COL,Bogotá,36 VILLA DEL PRADO,Green House,rappi,3.98,0.0,0.72,1.0
46086.0,16.0,COL,Bogotá,38 KENNEDY,Green House,rappi,12.68,7.0,2.0,1.0
46086.0,16.0,COL,Bogotá,06 COLINA,Green House,rappi,9.59,0.37,2.31,1.0
46086.0,16.0,COL,Bogotá,69 ARRECIFE,Green House,rappi,17.26,1.93,16.76,1.0
46086.0,16.0,COL,Bogotá,08 ANDES,Green House,rappi,6.06,0.0,5.1,1.0
46086.0,16.0,COL,Bogotá,03 CHAPINERO,Green House,rappi,6.17,0.72,15.63,1.0
46086.0,16.0,COL,Bogotá,15 ENGATIVA,Green House,rappi,29.78,0.65,44.05,1.0
46086.0,17.0,COL,Bogotá,45 VERAGUAS,Green House,rappi,12.48,0.13,5.1,1.0
46086.0,17.0,COL,Bogotá,03 CHAPINERO,Green House,rappi,10.47,0.47,27.57,1.0
46086.0,17.0,COL,Bogotá,36 VILLA DEL PRADO,Green House,rappi,15.68,0.62,14.21,1.0
46086.0,17.0,COL,Bogotá,65 CALLE 109,Green House,rappi,13.37,0.1,1.74,1.0
46086.0,18.0,COL,Bogotá,13 CHIA,Green House,rappi,5.29,0.18,47.0,1.0
46086.0,18.0,COL,Bogotá,65 CALLE 109,Green House,rappi,25.51,6.28,1.54,1.0
46086.0,18.0,COL,Bogotá,06 COLINA,Green House,rappi,18.94,15.13,2.69,1.0
46086.0,18.0,COL,Bogotá,15 ENGATIVA,Green House,rappi,32.64,17.83,0.27,1.0
46086.0,18.0,COL,Bogotá,03 CHAPINERO,Green House,rappi,12.08,4.85,2.13,1.0
46086.0,18.0,COL,Bogotá,02 PARQUE 93,Green House,rappi,18.07,7.8,0.74,1.0
46086.0,18.0,COL,Bogotá,03 CHAPINERO,Green House,rappi,13.07,5.47,0.09,1.0
46086.0,18.0,COL,Bogotá,01 USAQUEN,Green House,rappi,4.39,0.37,21.7,1.0
46086.0,19.0,COL,Bogotá,13 CHIA,Green House,rappi,29.04,17.57,0.16,1.0
46086.0,19.0,COL,Bogotá,65 CALLE 109,Green House,rappi,20.75,13.05,3.89,1.0
46086.0,19.0,COL,Bogotá,03 CHAPINERO,Green House,rappi,6.14,0.43,40.14,1.0
46086.0,19.0,COL,Bogotá,02 PARQUE 93,Green House,rappi,22.7,1.1,0.19,1.0
46086.0,19.0,COL,Bogotá,03 CHAPINERO,Green House,rappi,14.16,0.43,16.85,1.0
46086.0,19.0,COL,Bogotá,45 VERAGUAS,Green House,rappi,10.14,6.43,1.5,1.0
46086.0,19.0,COL,Bogotá,03 CHAPINERO,Green House,rappi,4.75,0.27,2.3,1.0
46086.0,19.0,COL,Bogotá,02 PARQUE 93,Green House,rappi,19.56,14.67,0.23,1.0
46086.0,19.0,COL,Bogotá,65 CALLE 109,Green House,rappi,19.4,8.38,2.12,1.0
46086.0,19.0,COL,Bogotá,13 CHIA,Green House,rappi,25.08,0.08,10.18,1.0
46086.0,20.0,COL,Bogotá,08 ANDES,Green House,rappi,12.2,0.27,4.63,1.0
46086.0,20.0,COL,Bogotá,08 ANDES,Green House,rappi,13.55,8.78,0.3,1.0
46086.0,20.0,COL,Bogotá,03 CHAPINERO,Green House,rappi,19.24,1.48,0.94,1.0
46086.0,21.0,COL,Bogotá,03 CHAPINERO,Green House,rappi,24.53,12.33,0.21,1.0
46086.0,21.0,COL,Bogotá,08 ANDES,Green House,rappi,35.07,0.63,0.1,1.0
46086.0,21.0,COL,Bogotá,03 CHAPINERO,Green House,rappi,13.52,0.68,7.28,1.0
46086.0,21.0,COL,Bogotá,15 ENGATIVA,Green House,rappi,12.63,8.0,0.33,1.0
46086.0,21.0,COL,Bogotá,65 CALLE 109,Green House,rappi,14.81,0.0,1.0,
46086.0,21.0,COL,Bogotá,06 COLINA,Green House,rappi,18.34,1.6,14.98,1.0
46086.0,21.0,COL,Bogotá,01 USAQUEN,Green House,rappi,16.16,5.9,0.58,1.0
46086.0,21.0,COL,Bogotá,03 CHAPINERO,Green House,rappi,18.82,7.4,0.18,1.0
46086.0,21.0,COL,Bogotá,03 CHAPINERO,Green House,rappi,17.95,0.18,10.05,1.0
46086.0,22.0,COL,Bogotá,03 CHAPINERO,Green House,rappi,10.12,5.9,0.91,1.0
46086.0,22.0,COL,Bogotá,01 USAQUEN,Green House,rappi,22.23,17.85,0.66,1.0
46086.0,22.0,COL,Bogotá,02 PARQUE 93,Green House,rappi,17.38,10.38,0.7,1.0
46086.0,22.0,COL,Bogotá,01 USAQUEN,Green House,rappi,13.79,2.3,0.21,1.0
46086.0,23.0,COL,Bogotá,03 CHAPINERO,Green House,rappi,23.97,14.02,0.82,1.0
46086.0,11.0,COL,Bogotá,01 USAQUEN,Green House Turbo,rappi,3.68,0.0,1.0,1.0
46086.0,13.0,COL,Bogotá,01 USAQUEN,Green House Turbo,rappi,2.07,0.0,2.02,1.0
46086.0,14.0,COL,Bogotá,01 USAQUEN,Green House Turbo,rappi,4.09,0.0,0.69,1.0
46086.0,14.0,COL,Bogotá,01 USAQUEN,Green House Turbo,rappi,3.89,0.0,0.92,1.0
46086.0,16.0,COL,Bogotá,38 KENNEDY,Green House Turbo,rappi,4.99,0.68,3.98,1.0
46086.0,16.0,COL,Bogotá,01 USAQUEN,Green House Turbo,rappi,8.63,3.83,0.24,1.0
46086.0,17.0,COL,Bogotá,38 KENNEDY,Green House Turbo,rappi,7.06,2.93,0.89,1.0
46086.0,18.0,COL,Bogotá,01 USAQUEN,Green House Turbo,rappi,5.79,1.48,0.88,1.0
46086.0,19.0,COL,Bogotá,01 USAQUEN,Green House Turbo,rappi,5.02,0.73,0.79,1.0
46086.0,19.0,COL,Bogotá,01 USAQUEN,Green House Turbo,rappi,6.57,0.47,0.31,1.0
46086.0,19.0,COL,Bogotá,01 USAQUEN,Green House Turbo,rappi,6.96,2.4,0.65,1.0
46086.0,20.0,COL,Bogotá,38 KENNEDY,Green House Turbo,rappi,9.0,4.25,1.32,1.0
46086.0,21.0,COL,Bogotá,03 CHAPINERO,Green House Turbo,rappi,8.07,0.43,0.96,1.0
46086.0,11.0,COL,Bogotá,15 ENGATIVA,Honest Food,rappi,15.37,11.43,0.87,1.0
46086.0,14.0,COL,Bogotá,65 CALLE 109,Honest Food,rappi,34.2,24.18,2.04,1.0
46086.0,15.0,COL,Bogotá,13 CHIA,Honest Food,rappi,16.76,7.77,0.42,1.0
46086.0,15.0,COL,Bogotá,15 ENGATIVA,Honest Food,rappi,19.08,13.67,0.9,1.0
46086.0,16.0,COL,Bogotá,65 CALLE 109,Honest Food,rappi,22.19,8.72,1.09,1.0
46086.0,18.0,COL,Bogotá,45 VERAGUAS,Honest Food,rappi,13.68,1.1,0.18,1.0
46086.0,18.0,COL,Bogotá,65 CALLE 109,Honest Food,rappi,19.53,9.42,0.35,1.0
46086.0,20.0,COL,Bogotá,03 CHAPINERO,Honest Food,rappi,15.48,1.27,8.5,1.0
46086.0,20.0,COL,Bogotá,03 CHAPINERO,Honest Food,rappi,4.93,4.7,16.97,1.0
46086.0,20.0,COL,Bogotá,36 VILLA DEL PRADO,Honest Food,rappi,24.82,17.7,0.64,1.0
46086.0,21.0,COL,Bogotá,69 ARRECIFE,Honest Food,rappi,11.23,0.42,0.0,1.0
46086.0,21.0,COL,Bogotá,65 CALLE 109,Honest Food,rappi,28.99,0.93,23.16,1.0
46086.0,21.0,COL,Bogotá,36 VILLA DEL PRADO,Honest Food,rappi,13.18,7.35,0.14,1.0
46086.0,22.0,COL,Bogotá,02 PARQUE 93,Honest Food,rappi,20.28,11.07,0.99,1.0
46086.0,23.0,COL,Bogotá,02 PARQUE 93,Honest Food,rappi,18.02,10.98,1.95,1.0
46086.0,23.0,COL,Bogotá,01 USAQUEN,Honest Food,rappi,19.75,15.62,1.0,1.0
46086.0,13.0,COL,Bogotá,65 CALLE 109,Honest Food Turbo,rappi,2.1,3.45,6.15,1.0
46086.0,13.0,COL,Bogotá,02 PARQUE 93,Honest Food Turbo,rappi,8.12,0.67,2.89,1.0
46086.0,19.0,COL,Bogotá,02 PARQUE 93,Honest Food Turbo,rappi,9.2,4.15,1.15,1.0
46086.0,20.0,COL,Bogotá,08 ANDES,Honest Food Turbo,rappi,5.04,0.48,0.64,1.0
46086.0,20.0,COL,Bogotá,01 USAQUEN,Honest Food Turbo,rappi,5.12,0.62,0.24,1.0
46086.0,21.0,COL,Bogotá,01 USAQUEN,Honest Food Turbo,rappi,9.68,4.75,0.16,1.0
46086.0,21.0,COL,Bogotá,01 USAQUEN,Honest Food Turbo,rappi,6.49,0.48,30.68,1.0
46086.0,22.0,COL,Bogotá,03 CHAPINERO,House of Burgers,rappi,17.16,1.23,7.74,1.0
46086.0,23.0,COL,Bogotá,03 CHAPINERO,House of Burgers,rappi,9.33,0.15,15.04,1.0
46086.0,20.0,COL,Bogotá,36 VILLA DEL PRADO,House Of Burgers Turbo,rappi,4.01,0.0,0.41,1.0
46086.0,16.0,COL,Bogotá,13 CHIA,House of Salads,didi,15.66,2.9,7.26,1.0
46086.0,11.0,COL,Bogotá,69 ARRECIFE,House of Salads,rappi,8.88,0.38,1.11,1.0
46086.0,12.0,COL,Bogotá,65 CALLE 109,House of Salads,rappi,21.19,12.63,29.78,1.0
46086.0,12.0,COL,Bogotá,03 CHAPINERO,House of Salads,rappi,14.89,10.22,0.23,1.0
46086.0,12.0,COL,Bogotá,02 PARQUE 93,House of Salads,rappi,67.37,6.9,0.7,1.0
46086.0,13.0,COL,Bogotá,06 COLINA,House of Salads,rappi,21.89,9.38,0.93,1.0
46086.0,13.0,COL,Bogotá,36 VILLA DEL PRADO,House of Salads,rappi,6.04,1.83,0.85,1.0
46086.0,13.0,COL,Bogotá,65 CALLE 109,House of Salads,rappi,0.0,,1.0,
46086.0,13.0,COL,Bogotá,08 ANDES,House of Salads,rappi,7.34,0.18,4.69,1.0
46086.0,14.0,COL,Bogotá,36 VILLA DEL PRADO,House of Salads,rappi,17.43,13.18,1.49,1.0
46086.0,15.0,COL,Bogotá,02 PARQUE 93,House of Salads,rappi,16.98,12.67,0.8,1.0
46086.0,16.0,COL,Bogotá,03 CHAPINERO,House of Salads,rappi,8.74,2.32,0.25,1.0
46086.0,18.0,COL,Bogotá,08 ANDES,House of Salads,rappi,3.27,0.0,0.84,1.0
46086.0,18.0,COL,Bogotá,38 KENNEDY,House of Salads,rappi,28.26,0.18,1.76,1.0
46086.0,18.0,COL,Bogotá,38 KENNEDY,House of Salads,rappi,34.04,8.38,1.79,1.0
46086.0,19.0,COL,Bogotá,01 USAQUEN,House of Salads,rappi,13.76,0.08,2.01,1.0
46086.0,19.0,COL,Bogotá,08 ANDES,House of Salads,rappi,4.66,0.07,0.36,1.0
46086.0,20.0,COL,Bogotá,08 ANDES,House of Salads,rappi,4.79,0.55,9.87,1.0
46086.0,20.0,COL,Bogotá,45 VERAGUAS,House of Salads,rappi,13.43,8.8,1.11,1.0
46086.0,20.0,COL,Bogotá,01 USAQUEN,House of Salads,rappi,9.19,2.5,0.1,1.0
46086.0,20.0,COL,Bogotá,36 VILLA DEL PRADO,House of Salads,rappi,11.44,7.13,0.63,1.0
46086.0,21.0,COL,Bogotá,36 VILLA DEL PRADO,House of Salads,rappi,8.92,0.57,3.02,1.0
46086.0,22.0,COL,Bogotá,01 USAQUEN,House of Salads,rappi,15.84,7.58,0.05,1.0
46086.0,23.0,COL,Bogotá,03 CHAPINERO,House of Salads,rappi,17.1,13.88,1.85,1.0
46086.0,12.0,COL,Bogotá,08 ANDES,House of Salads Turbo,rappi,6.14,1.88,0.77,1.0
46086.0,12.0,COL,Bogotá,36 VILLA DEL PRADO,House of Salads Turbo,rappi,6.8,2.4,0.83,1.0
46086.0,13.0,COL,Bogotá,36 VILLA DEL PRADO,House of Salads Turbo,rappi,5.9,1.38,0.71,1.0
46086.0,13.0,COL,Bogotá,06 COLINA,House of Salads Turbo,rappi,3.98,0.82,7.58,1.0
46086.0,13.0,COL,Bogotá,36 VILLA DEL PRADO,House of Salads Turbo,rappi,7.63,2.92,0.3,1.0
46086.0,14.0,COL,Bogotá,03 CHAPINERO,House of Salads Turbo,rappi,8.14,0.28,6.46,1.0
46086.0,14.0,COL,Bogotá,36 VILLA DEL PRADO,House of Salads Turbo,rappi,5.45,1.45,0.79,1.0
46086.0,16.0,COL,Bogotá,36 VILLA DEL PRADO,House of Salads Turbo,rappi,6.15,0.65,0.77,1.0
46086.0,16.0,COL,Bogotá,36 VILLA DEL PRADO,House of Salads Turbo,rappi,5.98,1.2,0.43,1.0
46086.0,19.0,COL,Bogotá,08 ANDES,House of Salads Turbo,rappi,5.97,0.67,0.82,1.0
46086.0,19.0,COL,Bogotá,08 ANDES,House of Salads Turbo,rappi,2.43,0.0,0.69,1.0
46086.0,19.0,COL,Bogotá,02 PARQUE 93,House of Salads Turbo,rappi,9.79,5.1,1.89,1.0
46086.0,19.0,COL,Bogotá,03 CHAPINERO,House of Salads Turbo,rappi,4.16,0.22,4.89,1.0
46086.0,21.0,COL,Bogotá,36 VILLA DEL PRADO,House of Salads Turbo,rappi,8.55,0.48,5.29,1.0
46086.0,12.0,COL,Bogotá,03 CHAPINERO,La Casa Mexicana,didi,5.95,1.17,0.13,1.0
46086.0,12.0,COL,Bogotá,03 CHAPINERO,La Casa Mexicana,didi,4.17,0.0,0.69,1.0
46086.0,12.0,COL,Bogotá,08 ANDES,La Casa Mexicana,didi,4.09,0.13,0.98,1.0
46086.0,13.0,COL,Bogotá,13 CHIA,La Casa Mexicana,didi,11.85,6.77,3.4,1.0
46086.0,13.0,COL,Bogotá,15 ENGATIVA,La Casa Mexicana,didi,10.19,1.73,0.8,1.0
46086.0,13.0,COL,Bogotá,03 CHAPINERO,La Casa Mexicana,didi,4.95,0.6,5.71,1.0
46086.0,14.0,COL,Bogotá,13 CHIA,La Casa Mexicana,didi,13.48,1.05,1.08,1.0
46086.0,14.0,COL,Bogotá,45 VERAGUAS,La Casa Mexicana,didi,13.96,0.35,3.37,1.0
46086.0,14.0,COL,Bogotá,45 VERAGUAS,La Casa Mexicana,didi,6.01,0.52,0.9,1.0
46086.0,15.0,COL,Bogotá,15 ENGATIVA,La Casa Mexicana,didi,11.82,1.03,2.39,1.0
46086.0,15.0,COL,Bogotá,03 CHAPINERO,La Casa Mexicana,didi,7.29,0.43,4.04,1.0
46086.0,15.0,COL,Bogotá,15 ENGATIVA,La Casa Mexicana,didi,19.85,21.03,13.93,1.0
46086.0,15.0,COL,Bogotá,02 PARQUE 93,La Casa Mexicana,didi,4.95,0.45,18.17,1.0
46086.0,15.0,COL,Bogotá,45 VERAGUAS,La Casa Mexicana,didi,5.13,0.85,11.58,1.0
46086.0,15.0,COL,Bogotá,08 ANDES,La Casa Mexicana,didi,5.11,1.18,18.82,1.0
46086.0,16.0,COL,Bogotá,02 PARQUE 93,La Casa Mexicana,didi,10.84,4.18,0.27,1.0
46086.0,16.0,COL,Bogotá,13 CHIA,La Casa Mexicana,didi,9.2,5.37,1.17,1.0
46086.0,18.0,COL,Bogotá,02 PARQUE 93,La Casa Mexicana,didi,10.65,3.47,1.01,1.0
46086.0,18.0,COL,Bogotá,45 VERAGUAS,La Casa Mexicana,didi,11.41,1.32,2.49,1.0
46086.0,20.0,COL,Bogotá,15 ENGATIVA,La Casa Mexicana,didi,5.97,0.9,7.32,1.0
46086.0,20.0,COL,Bogotá,45 VERAGUAS,La Casa Mexicana,didi,8.56,1.87,13.04,1.0
46086.0,21.0,COL,Bogotá,36 VILLA DEL PRADO,La Casa Mexicana,didi,12.91,5.78,0.28,1.0
46086.0,22.0,COL,Bogotá,03 CHAPINERO,La Casa Mexicana,didi,6.77,1.6,3.77,1.0
46086.0,22.0,COL,Bogotá,03 CHAPINERO,La Casa Mexicana,didi,5.26,1.6,3.71,1.0
46086.0,22.0,COL,Bogotá,02 PARQUE 93,La Casa Mexicana,didi,14.34,1.75,0.67,1.0
46086.0,23.0,COL,Bogotá,01 USAQUEN,La Casa Mexicana,didi,20.85,7.35,0.17,1.0
46086.0,12.0,COL,Bogotá,06 COLINA,La Casa Mexicana,rappi,30.06,6.27,1.7,1.0
46086.0,12.0,COL,Bogotá,02 PARQUE 93,La Casa Mexicana,rappi,25.93,22.95,2.02,1.0
46086.0,12.0,COL,Bogotá,03 CHAPINERO,La Casa Mexicana,rappi,3.93,0.3,22.94,1.0
46086.0,13.0,COL,Bogotá,69 ARRECIFE,La Casa Mexicana,rappi,12.33,1.4,43.77,1.0
46086.0,13.0,COL,Bogotá,45 VERAGUAS,La Casa Mexicana,rappi,8.89,2.17,1.17,1.0
46086.0,14.0,COL,Bogotá,69 ARRECIFE,La Casa Mexicana,rappi,4.92,1.1,22.76,1.0
46086.0,14.0,COL,Bogotá,69 ARRECIFE,La Casa Mexicana,rappi,8.85,1.4,12.1,1.0
46086.0,17.0,COL,Bogotá,38 KENNEDY,La Casa Mexicana,rappi,19.1,9.35,0.79,1.0
46086.0,18.0,COL,Bogotá,03 CHAPINERO,La Casa Mexicana,rappi,11.96,7.33,0.23,1.0
46086.0,18.0,COL,Bogotá,13 CHIA,La Casa Mexicana,rappi,15.12,8.6,0.89,1.0
46086.0,18.0,COL,Bogotá,01 USAQUEN,La Casa Mexicana,rappi,5.98,0.37,4.21,1.0
46086.0,19.0,COL,Bogotá,01 USAQUEN,La Casa Mexicana,rappi,15.49,6.95,0.21,1.0
46086.0,19.0,COL,Bogotá,15 ENGATIVA,La Casa Mexicana,rappi,9.24,0.33,2.07,1.0
46086.0,19.0,COL,Bogotá,36 VILLA DEL PRADO,La Casa Mexicana,rappi,11.7,0.68,6.13,1.0
46086.0,20.0,COL,Bogotá,65 CALLE 109,La Casa Mexicana,rappi,49.28,0.2,15.1,1.0
46086.0,20.0,COL,Bogotá,06 COLINA,La Casa Mexicana,rappi,33.15,1.68,4.72,1.0
46086.0,20.0,COL,Bogotá,01 USAQUEN,La Casa Mexicana,rappi,12.07,7.9,0.86,1.0
46086.0,21.0,COL,Bogotá,38 KENNEDY,La Casa Mexicana,rappi,38.5,21.67,5.48,1.0
46086.0,22.0,COL,Bogotá,03 CHAPINERO,La Casa Mexicana,rappi,13.94,0.62,7.39,1.0
46086.0,22.0,COL,Bogotá,01 USAQUEN,La Casa Mexicana,rappi,17.18,12.63,0.57,1.0
46086.0,23.0,COL,Bogotá,01 USAQUEN,La Casa Mexicana,rappi,17.94,12.37,0.8,1.0
46086.0,12.0,COL,Bogotá,08 ANDES,La Casa Mexicana Turbo,rappi,2.92,0.0,0.75,1.0
46086.0,13.0,COL,Bogotá,36 VILLA DEL PRADO,La Casa Mexicana Turbo,rappi,5.58,0.25,4.26,1.0
46086.0,13.0,COL,Bogotá,65 CALLE 109,La Casa Mexicana Turbo,rappi,2.02,0.63,3.34,1.0
46086.0,14.0,COL,Bogotá,01 USAQUEN,La Casa Mexicana Turbo,rappi,6.92,2.27,0.79,1.0
46086.0,15.0,COL,Bogotá,01 USAQUEN,La Casa Mexicana Turbo,rappi,5.01,0.3,1.5,1.0
46086.0,15.0,COL,Bogotá,36 VILLA DEL PRADO,La Casa Mexicana Turbo,rappi,6.52,1.73,0.3,1.0
46086.0,16.0,COL,Bogotá,01 USAQUEN,La Casa Mexicana Turbo,rappi,5.86,0.42,1.08,1.0
46086.0,16.0,COL,Bogotá,36 VILLA DEL PRADO,La Casa Mexicana Turbo,rappi,4.88,0.43,0.37,1.0
46086.0,17.0,COL,Bogotá,01 USAQUEN,La Casa Mexicana Turbo,rappi,6.08,1.28,0.77,1.0
46086.0,20.0,COL,Bogotá,01 USAQUEN,La Casa Mexicana Turbo,rappi,4.32,0.0,0.56,1.0
46086.0,20.0,COL,Bogotá,38 KENNEDY,La Casa Mexicana Turbo,rappi,11.41,4.93,0.99,1.0
46086.0,20.0,COL,Bogotá,36 VILLA DEL PRADO,La Casa Mexicana Turbo,rappi,4.78,0.43,1.09,1.0
46086.0,20.0,COL,Bogotá,38 KENNEDY,La Casa Mexicana Turbo,rappi,7.42,1.27,9.7,1.0
46086.0,21.0,COL,Bogotá,01 USAQUEN,La Casa Mexicana Turbo,rappi,8.13,3.87,0.78,1.0
46086.0,21.0,COL,Bogotá,01 USAQUEN,La Casa Mexicana Turbo,rappi,6.66,1.75,0.17,1.0
46086.0,11.0,COL,Bogotá,13 CHIA,La Cuadra,didi,21.02,14.4,0.36,1.0
46086.0,11.0,COL,Bogotá,01 USAQUEN,La Cuadra,didi,15.98,8.57,0.25,1.0
46086.0,11.0,COL,Bogotá,03 CHAPINERO,La Cuadra,didi,4.94,0.52,0.76,1.0
46086.0,12.0,COL,Bogotá,03 CHAPINERO,La Cuadra,didi,13.02,1.05,0.7,1.0
46086.0,12.0,COL,Bogotá,08 ANDES,La Cuadra,didi,7.04,0.82,11.27,1.0
46086.0,12.0,COL,Bogotá,01 USAQUEN,La Cuadra,didi,7.96,1.3,0.06,1.0
46086.0,12.0,COL,Bogotá,06 COLINA,La Cuadra,didi,18.89,14.6,0.42,1.0
46086.0,13.0,COL,Bogotá,45 VERAGUAS,La Cuadra,didi,9.05,0.5,0.26,1.0
46086.0,13.0,COL,Bogotá,01 USAQUEN,La Cuadra,didi,6.87,1.12,9.12,1.0
46086.0,13.0,COL,Bogotá,08 ANDES,La Cuadra,didi,5.49,1.72,0.91,1.0
46086.0,15.0,COL,Bogotá,13 CHIA,La Cuadra,didi,11.19,6.52,2.01,1.0
46086.0,15.0,COL,Bogotá,13 CHIA,La Cuadra,didi,11.29,6.52,1.88,1.0
46086.0,15.0,COL,Bogotá,08 ANDES,La Cuadra,didi,5.19,2.65,8.2,1.0
46086.0,15.0,COL,Bogotá,02 PARQUE 93,La Cuadra,didi,11.45,4.15,0.95,1.0
46086.0,16.0,COL,Bogotá,45 VERAGUAS,La Cuadra,didi,15.01,8.18,1.39,1.0
46086.0,16.0,COL,Bogotá,65 CALLE 109,La Cuadra,didi,9.82,5.03,0.22,1.0
46086.0,17.0,COL,Bogotá,08 ANDES,La Cuadra,didi,4.01,0.7,5.16,1.0
46086.0,17.0,COL,Bogotá,08 ANDES,La Cuadra,didi,2.07,0.0,2.41,1.0
46086.0,17.0,COL,Bogotá,45 VERAGUAS,La Cuadra,didi,10.03,1.82,0.1,1.0
46086.0,17.0,COL,Bogotá,01 USAQUEN,La Cuadra,didi,9.93,0.48,4.53,1.0
46086.0,19.0,COL,Bogotá,45 VERAGUAS,La Cuadra,didi,6.99,0.18,1.23,1.0
46086.0,20.0,COL,Bogotá,03 CHAPINERO,La Cuadra,didi,14.41,11.0,1.58,1.0
46086.0,20.0,COL,Bogotá,65 CALLE 109,La Cuadra,didi,18.14,1.97,1.16,1.0
46086.0,20.0,COL,Bogotá,65 CALLE 109,La Cuadra,didi,19.74,16.27,1.4,1.0
46086.0,20.0,COL,Bogotá,65 CALLE 109,La Cuadra,didi,29.22,8.4,14.0,1.0
46086.0,20.0,COL,Bogotá,06 COLINA,La Cuadra,didi,21.18,3.65,2.02,1.0
46086.0,20.0,COL,Bogotá,08 ANDES,La Cuadra,didi,17.85,13.22,0.26,1.0
46086.0,22.0,COL,Bogotá,01 USAQUEN,La Cuadra,didi,28.15,21.1,1.05,1.0
46086.0,11.0,COL,Bogotá,13 CHIA,La Cuadra,rappi,26.01,15.83,0.78,1.0
46086.0,11.0,COL,Bogotá,02 PARQUE 93,La Cuadra,rappi,18.27,1.17,0.7,1.0
46086.0,11.0,COL,Bogotá,45 VERAGUAS,La Cuadra,rappi,11.27,0.25,8.73,1.0
46086.0,11.0,COL,Bogotá,13 CHIA,La Cuadra,rappi,29.29,21.72,0.11,1.0
46086.0,11.0,COL,Bogotá,38 KENNEDY,La Cuadra,rappi,10.99,0.42,3.03,1.0
46086.0,11.0,COL,Bogotá,03 CHAPINERO,La Cuadra,rappi,16.68,0.22,4.27,1.0
46086.0,11.0,COL,Bogotá,65 CALLE 109,La Cuadra,rappi,17.31,0.5,8.95,1.0
46086.0,12.0,COL,Bogotá,06 COLINA,La Cuadra,rappi,19.73,11.67,1.95,1.0
46086.0,12.0,COL,Bogotá,15 ENGATIVA,La Cuadra,rappi,16.78,1.83,0.2,1.0
46086.0,12.0,COL,Bogotá,08 ANDES,La Cuadra,rappi,4.68,0.18,10.05,1.0
46086.0,12.0,COL,Bogotá,65 CALLE 109,La Cuadra,rappi,14.74,1.92,0.86,1.0
46086.0,12.0,COL,Bogotá,45 VERAGUAS,La Cuadra,rappi,16.51,0.35,1.45,1.0
46086.0,12.0,COL,Bogotá,45 VERAGUAS,La Cuadra,rappi,18.51,0.57,3.57,1.0
46086.0,12.0,COL,Bogotá,45 VERAGUAS,La Cuadra,rappi,20.66,9.9,0.28,1.0
46086.0,12.0,COL,Bogotá,45 VERAGUAS,La Cuadra,rappi,17.23,14.07,1.79,1.0
46086.0,12.0,COL,Bogotá,03 CHAPINERO,La Cuadra,rappi,7.87,0.37,21.95,1.0
46086.0,13.0,COL,Bogotá,03 CHAPINERO,La Cuadra,rappi,5.07,0.85,0.81,1.0
46086.0,13.0,COL,Bogotá,06 COLINA,La Cuadra,rappi,23.75,1.13,24.31,1.0
46086.0,13.0,COL,Bogotá,65 CALLE 109,La Cuadra,rappi,29.13,0.25,17.05,1.0
46086.0,13.0,COL,Bogotá,36 VILLA DEL PRADO,La Cuadra,rappi,17.21,3.62,1.47,1.0
46086.0,13.0,COL,Bogotá,02 PARQUE 93,La Cuadra,rappi,12.06,1.02,0.63,1.0
46086.0,13.0,COL,Bogotá,38 KENNEDY,La Cuadra,rappi,7.91,0.15,52.98,1.0
46086.0,13.0,COL,Bogotá,65 CALLE 109,La Cuadra,rappi,18.3,0.6,0.88,1.0
46086.0,13.0,COL,Bogotá,38 KENNEDY,La Cuadra,rappi,6.18,0.2,76.04,1.0
46086.0,13.0,COL,Bogotá,02 PARQUE 93,La Cuadra,rappi,49.14,1.65,0.3,1.0
46086.0,13.0,COL,Bogotá,36 VILLA DEL PRADO,La Cuadra,rappi,8.88,3.2,0.7,1.0
46086.0,13.0,COL,Bogotá,65 CALLE 109,La Cuadra,rappi,44.83,23.53,17.05,1.0
46086.0,14.0,COL,Bogotá,06 COLINA,La Cuadra,rappi,17.37,1.08,22.96,1.0
46086.0,14.0,COL,Bogotá,65 CALLE 109,La Cuadra,rappi,33.75,5.62,0.17,1.0
46086.0,14.0,COL,Bogotá,03 CHAPINERO,La Cuadra,rappi,5.93,0.3,17.09,1.0
46086.0,14.0,COL,Bogotá,69 ARRECIFE,La Cuadra,rappi,27.94,1.22,7.55,1.0
46086.0,14.0,COL,Bogotá,65 CALLE 109,La Cuadra,rappi,35.1,31.32,1.07,1.0
46086.0,14.0,COL,Bogotá,15 ENGATIVA,La Cuadra,rappi,19.72,0.25,3.29,1.0
46086.0,14.0,COL,Bogotá,36 VILLA DEL PRADO,La Cuadra,rappi,21.02,11.37,2.53,1.0
46086.0,14.0,COL,Bogotá,13 CHIA,La Cuadra,rappi,19.89,6.13,0.68,1.0
46086.0,14.0,COL,Bogotá,13 CHIA,La Cuadra,rappi,22.18,3.62,0.58,1.0
46086.0,14.0,COL,Bogotá,02 PARQUE 93,La Cuadra,rappi,27.11,4.5,0.23,1.0
46086.0,14.0,COL,Bogotá,06 COLINA,La Cuadra,rappi,7.27,0.77,37.64,1.0
46086.0,14.0,COL,Bogotá,01 USAQUEN,La Cuadra,rappi,10.19,0.28,3.97,1.0
46086.0,14.0,COL,Bogotá,65 CALLE 109,La Cuadra,rappi,14.11,2.42,0.99,1.0
46086.0,15.0,COL,Bogotá,02 PARQUE 93,La Cuadra,rappi,66.12,0.3,11.57,1.0
46086.0,15.0,COL,Bogotá,02 PARQUE 93,La Cuadra,rappi,15.66,7.87,1.04,1.0
46086.0,15.0,COL,Bogotá,36 VILLA DEL PRADO,La Cuadra,rappi,6.79,1.05,8.05,1.0
46086.0,15.0,COL,Bogotá,13 CHIA,La Cuadra,rappi,5.29,0.23,48.08,1.0
46086.0,16.0,COL,Bogotá,08 ANDES,La Cuadra,rappi,4.35,0.0,0.52,1.0
46086.0,16.0,COL,Bogotá,01 USAQUEN,La Cuadra,rappi,11.17,0.3,8.87,1.0
46086.0,16.0,COL,Bogotá,45 VERAGUAS,La Cuadra,rappi,10.77,0.78,4.0,1.0
46086.0,16.0,COL,Bogotá,45 VERAGUAS,La Cuadra,rappi,10.39,0.78,3.55,1.0
46086.0,16.0,COL,Bogotá,38 KENNEDY,La Cuadra,rappi,18.18,0.32,32.9,1.0
46086.0,16.0,COL,Bogotá,03 CHAPINERO,La Cuadra,rappi,8.37,0.27,11.82,1.0
46086.0,18.0,COL,Bogotá,06 COLINA,La Cuadra,rappi,13.24,0.83,16.93,1.0
46086.0,18.0,COL,Bogotá,03 CHAPINERO,La Cuadra,rappi,14.07,8.55,0.81,1.0
46086.0,18.0,COL,Bogotá,36 VILLA DEL PRADO,La Cuadra,rappi,6.7,0.43,4.87,1.0
46086.0,20.0,COL,Bogotá,15 ENGATIVA,La Cuadra,rappi,12.77,0.38,8.9,1.0
46086.0,20.0,COL,Bogotá,08 ANDES,La Cuadra,rappi,16.05,0.18,11.96,1.0
46086.0,21.0,COL,Bogotá,65 CALLE 109,La Cuadra,rappi,34.6,22.25,2.38,1.0
46086.0,21.0,COL,Bogotá,38 KENNEDY,La Cuadra,rappi,43.34,34.7,1.61,1.0
46086.0,22.0,COL,Bogotá,01 USAQUEN,La Cuadra,rappi,12.09,0.55,1.58,1.0
46086.0,23.0,COL,Bogotá,01 USAQUEN,La Cuadra,rappi,11.11,0.28,26.1,1.0
46086.0,23.0,COL,Bogotá,01 USAQUEN,La Cuadra,rappi,16.97,16.38,10.91,1.0
46086.0,23.0,COL,Bogotá,01 USAQUEN,La Cuadra,rappi,22.65,16.37,1.08,1.0
46086.0,6.0,COL,Bogotá,03 CHAPINERO,La Cuadra Desayunos,rappi,22.76,0.22,2.13,1.0
46086.0,7.0,COL,Bogotá,03 CHAPINERO,La Cuadra Desayunos,rappi,3.98,0.17,1.09,1.0
46086.0,19.0,COL,Bogotá,69 ARRECIFE,La Cuadra Desayunos,rappi,9.87,1.62,3.94,1.0
46086.0,8.0,COL,Bogotá,65 CALLE 109,La Cuadra Desayunos Turbo,rappi,3.17,4.88,6.74,1.0
46086.0,20.0,COL,Bogotá,02 PARQUE 93,La Cuadra Desayunos Turbo,rappi,0.5,,3.04,1.0
46086.0,11.0,COL,Bogotá,03 CHAPINERO,La Cuadra Turbo,rappi,5.12,0.67,0.27,1.0
46086.0,11.0,COL,Bogotá,03 CHAPINERO,La Cuadra Turbo,rappi,11.01,6.58,0.33,1.0
46086.0,12.0,COL,Bogotá,01 USAQUEN,La Cuadra Turbo,rappi,5.05,0.23,0.51,1.0
46086.0,12.0,COL,Bogotá,01 USAQUEN,La Cuadra Turbo,rappi,2.83,0.48,2.85,1.0
46086.0,13.0,COL,Bogotá,01 USAQUEN,La Cuadra Turbo,rappi,5.94,1.15,0.14,1.0
46086.0,13.0,COL,Bogotá,08 ANDES,La Cuadra Turbo,rappi,6.05,1.75,0.78,1.0
46086.0,13.0,COL,Bogotá,01 USAQUEN,La Cuadra Turbo,rappi,4.55,0.0,0.23,1.0
46086.0,13.0,COL,Bogotá,38 KENNEDY,La Cuadra Turbo,rappi,5.97,0.25,2.2,1.0
46086.0,13.0,COL,Bogotá,03 CHAPINERO,La Cuadra Turbo,rappi,4.68,0.5,3.23,1.0
46086.0,13.0,COL,Bogotá,08 ANDES,La Cuadra Turbo,rappi,3.61,0.62,2.14,1.0
46086.0,13.0,COL,Bogotá,08 ANDES,La Cuadra Turbo,rappi,4.82,0.0,0.04,1.0
46086.0,14.0,COL,Bogotá,01 USAQUEN,La Cuadra Turbo,rappi,7.04,1.47,0.98,1.0
46086.0,14.0,COL,Bogotá,08 ANDES,La Cuadra Turbo,rappi,5.03,0.67,0.74,1.0
46086.0,14.0,COL,Bogotá,03 CHAPINERO,La Cuadra Turbo,rappi,4.53,0.3,6.47,1.0
46086.0,14.0,COL,Bogotá,08 ANDES,La Cuadra Turbo,rappi,3.74,0.17,4.0,1.0
46086.0,14.0,COL,Bogotá,01 USAQUEN,La Cuadra Turbo,rappi,6.88,2.07,0.44,1.0
46086.0,15.0,COL,Bogotá,08 ANDES,La Cuadra Turbo,rappi,2.2,0.0,0.81,1.0
46086.0,15.0,COL,Bogotá,03 CHAPINERO,La Cuadra Turbo,rappi,6.57,1.77,0.27,1.0
46086.0,15.0,COL,Bogotá,03 CHAPINERO,La Cuadra Turbo,rappi,5.06,0.63,0.71,1.0
46086.0,15.0,COL,Bogotá,02 PARQUE 93,La Cuadra Turbo,rappi,9.53,4.87,0.36,1.0
46086.0,16.0,COL,Bogotá,03 CHAPINERO,La Cuadra Turbo,rappi,4.53,8.75,10.48,1.0
46086.0,16.0,COL,Bogotá,08 ANDES,La Cuadra Turbo,rappi,2.59,0.0,1.4,1.0
46086.0,16.0,COL,Bogotá,08 ANDES,La Cuadra Turbo,rappi,4.23,0.0,0.07,1.0
46086.0,17.0,COL,Bogotá,08 ANDES,La Cuadra Turbo,rappi,5.25,1.27,0.9,1.0
46086.0,18.0,COL,Bogotá,08 ANDES,La Cuadra Turbo,rappi,3.46,0.0,0.67,1.0
46086.0,18.0,COL,Bogotá,08 ANDES,La Cuadra Turbo,rappi,3.12,8.95,10.82,1.0
46086.0,18.0,COL,Bogotá,08 ANDES,La Cuadra Turbo,rappi,5.18,1.25,0.96,1.0
46086.0,18.0,COL,Bogotá,01 USAQUEN,La Cuadra Turbo,rappi,7.73,2.4,0.19,1.0
46086.0,18.0,COL,Bogotá,36 VILLA DEL PRADO,La Cuadra Turbo,rappi,2.27,0.0,2.01,1.0
46086.0,18.0,COL,Bogotá,01 USAQUEN,La Cuadra Turbo,rappi,4.75,0.0,0.22,1.0
46086.0,19.0,COL,Bogotá,01 USAQUEN,La Cuadra Turbo,rappi,7.21,2.7,0.64,1.0
46086.0,19.0,COL,Bogotá,01 USAQUEN,La Cuadra Turbo,rappi,5.76,0.9,0.15,1.0
46086.0,19.0,COL,Bogotá,08 ANDES,La Cuadra Turbo,rappi,4.11,0.0,0.12,1.0
46086.0,20.0,COL,Bogotá,03 CHAPINERO,La Cuadra Turbo,rappi,8.43,1.02,1.76,1.0
46086.0,20.0,COL,Bogotá,08 ANDES,La Cuadra Turbo,rappi,3.83,0.0,1.1,1.0
46086.0,20.0,COL,Bogotá,03 CHAPINERO,La Cuadra Turbo,rappi,10.02,1.45,0.79,1.0
46086.0,20.0,COL,Bogotá,38 KENNEDY,La Cuadra Turbo,rappi,3.01,0.0,1.07,1.0
46086.0,20.0,COL,Bogotá,01 USAQUEN,La Cuadra Turbo,rappi,4.71,0.0,0.08,1.0
46086.0,20.0,COL,Bogotá,08 ANDES,La Cuadra Turbo,rappi,4.77,0.15,1.96,1.0
46086.0,21.0,COL,Bogotá,01 USAQUEN,La Cuadra Turbo,rappi,7.17,1.42,0.72,1.0
46086.0,21.0,COL,Bogotá,08 ANDES,La Cuadra Turbo,rappi,8.04,3.48,0.67,1.0
46086.0,21.0,COL,Bogotá,01 USAQUEN,La Cuadra Turbo,rappi,9.42,4.42,0.22,1.0
46086.0,21.0,COL,Bogotá,03 CHAPINERO,La Cuadra Turbo,rappi,3.8,0.38,1.41,1.0
46086.0,21.0,COL,Bogotá,08 ANDES,La Cuadra Turbo,rappi,11.95,2.5,0.12,1.0
46086.0,21.0,COL,Bogotá,03 CHAPINERO,La Cuadra Turbo,rappi,7.07,2.78,0.8,1.0
46086.0,21.0,COL,Bogotá,03 CHAPINERO,La Cuadra Turbo,rappi,4.93,0.17,7.41,1.0
46086.0,8.0,COL,Bogotá,36 VILLA DEL PRADO,La Folie,rappi,6.77,,1.97,1.0
46086.0,12.0,COL,Bogotá,01 USAQUEN,La Folie,rappi,2.02,,0.64,1.0
46086.0,14.0,COL,Bogotá,15 ENGATIVA,La Folie,rappi,5.5,,1.12,1.0
46086.0,14.0,COL,Bogotá,06 COLINA,La Folie,rappi,5.58,,0.3,1.0
46086.0,15.0,COL,Bogotá,36 VILLA DEL PRADO,La Folie,rappi,12.48,,3.79,1.0
46086.0,17.0,COL,Bogotá,15 ENGATIVA,La Folie,rappi,6.1,,0.69,1.0
46086.0,18.0,COL,Bogotá,06 COLINA,La Folie,rappi,5.33,,1.04,1.0
46086.0,7.0,COL,Bogotá,03 CHAPINERO,LA ÑAMGUCHERIA,didi,11.16,7.0,0.83,1.0
46086.0,8.0,COL,Bogotá,15 ENGATIVA,LA ÑAMGUCHERIA,didi,13.69,4.5,1.23,1.0
46086.0,9.0,COL,Bogotá,36 VILLA DEL PRADO,LA ÑAMGUCHERIA,didi,14.34,3.98,0.92,1.0
46086.0,12.0,COL,Bogotá,06 COLINA,LA ÑAMGUCHERIA,didi,24.2,7.77,2.11,1.0
46086.0,12.0,COL,Bogotá,15 ENGATIVA,LA ÑAMGUCHERIA,didi,10.15,6.55,1.16,1.0
46086.0,13.0,COL,Bogotá,01 USAQUEN,LA ÑAMGUCHERIA,didi,12.1,8.48,1.17,1.0
46086.0,13.0,COL,Bogotá,01 USAQUEN,LA ÑAMGUCHERIA,didi,16.77,1.17,2.18,1.0
46086.0,13.0,COL,Bogotá,03 CHAPINERO,LA ÑAMGUCHERIA,didi,17.08,12.55,12.19,1.0
46086.0,13.0,COL,Bogotá,38 KENNEDY,LA ÑAMGUCHERIA,didi,22.01,1.17,1.77,1.0
46086.0,15.0,COL,Bogotá,15 ENGATIVA,LA ÑAMGUCHERIA,didi,20.06,11.72,2.38,1.0
46086.0,16.0,COL,Bogotá,38 KENNEDY,LA ÑAMGUCHERIA,didi,8.13,3.97,1.19,1.0
46086.0,16.0,COL,Bogotá,08 ANDES,LA ÑAMGUCHERIA,didi,6.91,0.5,22.18,1.0
46086.0,17.0,COL,Bogotá,45 VERAGUAS,LA ÑAMGUCHERIA,didi,17.95,5.57,1.1,1.0
46086.0,17.0,COL,Bogotá,02 PARQUE 93,LA ÑAMGUCHERIA,didi,18.34,11.0,0.83,1.0
46086.0,18.0,COL,Bogotá,38 KENNEDY,LA ÑAMGUCHERIA,didi,24.07,0.47,12.78,1.0
46086.0,18.0,COL,Bogotá,38 KENNEDY,LA ÑAMGUCHERIA,didi,23.99,17.77,1.03,1.0
46086.0,18.0,COL,Bogotá,03 CHAPINERO,LA ÑAMGUCHERIA,didi,9.23,1.03,8.81,1.0
46086.0,18.0,COL,Bogotá,06 COLINA,LA ÑAMGUCHERIA,didi,19.07,2.97,4.85,1.0
46086.0,19.0,COL,Bogotá,03 CHAPINERO,LA ÑAMGUCHERIA,didi,12.91,2.12,1.9,1.0
46086.0,19.0,COL,Bogotá,36 VILLA DEL PRADO,LA ÑAMGUCHERIA,didi,8.27,8.95,8.02,1.0
46086.0,19.0,COL,Bogotá,45 VERAGUAS,LA ÑAMGUCHERIA,didi,8.54,1.6,9.7,1.0
46086.0,19.0,COL,Bogotá,06 COLINA,LA ÑAMGUCHERIA,didi,25.41,12.68,1.92,1.0
46086.0,19.0,COL,Bogotá,03 CHAPINERO,LA ÑAMGUCHERIA,didi,26.04,8.68,1.12,1.0
46086.0,20.0,COL,Bogotá,45 VERAGUAS,LA ÑAMGUCHERIA,didi,10.84,0.57,2.83,1.0
46086.0,20.0,COL,Bogotá,02 PARQUE 93,LA ÑAMGUCHERIA,didi,24.15,15.77,1.07,1.0
46086.0,20.0,COL,Bogotá,36 VILLA DEL PRADO,LA ÑAMGUCHERIA,didi,9.64,5.27,0.91,1.0
46086.0,20.0,COL,Bogotá,01 USAQUEN,LA ÑAMGUCHERIA,didi,14.93,1.23,4.05,1.0
46086.0,20.0,COL,Bogotá,01 USAQUEN,LA ÑAMGUCHERIA,didi,17.77,7.03,0.26,1.0
46086.0,21.0,COL,Bogotá,36 VILLA DEL PRADO,LA ÑAMGUCHERIA,didi,22.82,15.33,0.83,1.0
46086.0,21.0,COL,Bogotá,03 CHAPINERO,LA ÑAMGUCHERIA,didi,18.88,0.32,5.94,1.0
46086.0,21.0,COL,Bogotá,38 KENNEDY,LA ÑAMGUCHERIA,didi,25.33,20.68,2.87,1.0
46086.0,21.0,COL,Bogotá,03 CHAPINERO,LA ÑAMGUCHERIA,didi,15.2,0.72,7.65,1.0
46086.0,22.0,COL,Bogotá,03 CHAPINERO,LA ÑAMGUCHERIA,didi,14.88,1.13,7.39,1.0
46086.0,22.0,COL,Bogotá,01 USAQUEN,LA ÑAMGUCHERIA,didi,23.0,8.0,1.66,1.0
46086.0,22.0,COL,Bogotá,01 USAQUEN,LA ÑAMGUCHERIA,didi,18.83,11.77,1.15,1.0
46086.0,22.0,COL,Bogotá,01 USAQUEN,LA ÑAMGUCHERIA,didi,19.19,11.77,0.19,1.0
46086.0,23.0,COL,Bogotá,02 PARQUE 93,LA ÑAMGUCHERIA,didi,16.27,10.12,0.66,1.0
46086.0,6.0,COL,Bogotá,45 VERAGUAS,LA ÑAMGUCHERIA,rappi,27.93,4.83,0.96,1.0
46086.0,8.0,COL,Bogotá,08 ANDES,LA ÑAMGUCHERIA,rappi,11.21,8.43,2.04,1.0
46086.0,10.0,COL,Bogotá,08 ANDES,LA ÑAMGUCHERIA,rappi,15.77,11.13,0.29,1.0
46086.0,11.0,COL,Bogotá,06 COLINA,LA ÑAMGUCHERIA,rappi,42.07,14.02,2.63,1.0
46086.0,11.0,COL,Bogotá,65 CALLE 109,LA ÑAMGUCHERIA,rappi,17.41,10.28,1.74,1.0
46086.0,11.0,COL,Bogotá,38 KENNEDY,LA ÑAMGUCHERIA,rappi,7.61,6.1,3.39,1.0
46086.0,11.0,COL,Bogotá,03 CHAPINERO,LA ÑAMGUCHERIA,rappi,16.13,12.03,0.86,1.0
46086.0,11.0,COL,Bogotá,13 CHIA,LA ÑAMGUCHERIA,rappi,33.18,5.67,0.64,1.0
46086.0,11.0,COL,Bogotá,02 PARQUE 93,LA ÑAMGUCHERIA,rappi,28.27,15.25,0.9,1.0
46086.0,11.0,COL,Bogotá,06 COLINA,LA ÑAMGUCHERIA,rappi,15.94,4.98,1.78,1.0
46086.0,11.0,COL,Bogotá,13 CHIA,LA ÑAMGUCHERIA,rappi,25.35,10.37,1.96,1.0
46086.0,11.0,COL,Bogotá,36 VILLA DEL PRADO,LA ÑAMGUCHERIA,rappi,19.97,11.77,0.92,1.0
46086.0,12.0,COL,Bogotá,45 VERAGUAS,LA ÑAMGUCHERIA,rappi,22.48,0.33,0.51,1.0
46086.0,12.0,COL,Bogotá,36 VILLA DEL PRADO,LA ÑAMGUCHERIA,rappi,9.35,2.22,9.48,1.0
46086.0,12.0,COL,Bogotá,08 ANDES,LA ÑAMGUCHERIA,rappi,10.22,0.35,24.03,1.0
46086.0,12.0,COL,Bogotá,13 CHIA,LA ÑAMGUCHERIA,rappi,14.33,0.37,2.55,1.0
46086.0,12.0,COL,Bogotá,15 ENGATIVA,LA ÑAMGUCHERIA,rappi,11.82,7.17,0.92,1.0
46086.0,12.0,COL,Bogotá,06 COLINA,LA ÑAMGUCHERIA,rappi,21.92,0.0,1.0,
46086.0,12.0,COL,Bogotá,65 CALLE 109,LA ÑAMGUCHERIA,rappi,12.79,1.28,1.04,1.0
46086.0,12.0,COL,Bogotá,36 VILLA DEL PRADO,LA ÑAMGUCHERIA,rappi,12.2,1.12,11.73,1.0
46086.0,12.0,COL,Bogotá,02 PARQUE 93,LA ÑAMGUCHERIA,rappi,67.89,12.93,0.95,1.0
46086.0,12.0,COL,Bogotá,38 KENNEDY,LA ÑAMGUCHERIA,rappi,10.03,5.32,2.58,1.0
46086.0,12.0,COL,Bogotá,15 ENGATIVA,LA ÑAMGUCHERIA,rappi,16.76,1.47,1.15,1.0
46086.0,12.0,COL,Bogotá,02 PARQUE 93,LA ÑAMGUCHERIA,rappi,42.14,2.55,0.88,1.0
46086.0,13.0,COL,Bogotá,38 KENNEDY,LA ÑAMGUCHERIA,rappi,16.17,0.15,32.0,1.0
46086.0,13.0,COL,Bogotá,36 VILLA DEL PRADO,LA ÑAMGUCHERIA,rappi,10.79,0.2,3.12,1.0
46086.0,13.0,COL,Bogotá,06 COLINA,LA ÑAMGUCHERIA,rappi,23.47,14.08,2.64,1.0
46086.0,13.0,COL,Bogotá,65 CALLE 109,LA ÑAMGUCHERIA,rappi,9.03,0.83,29.18,1.0
46086.0,13.0,COL,Bogotá,13 CHIA,LA ÑAMGUCHERIA,rappi,19.44,5.38,1.59,1.0
46086.0,13.0,COL,Bogotá,15 ENGATIVA,LA ÑAMGUCHERIA,rappi,21.1,1.37,0.84,1.0
46086.0,13.0,COL,Bogotá,13 CHIA,LA ÑAMGUCHERIA,rappi,22.95,8.38,1.13,1.0
46086.0,13.0,COL,Bogotá,36 VILLA DEL PRADO,LA ÑAMGUCHERIA,rappi,16.67,1.35,10.08,1.0
46086.0,14.0,COL,Bogotá,15 ENGATIVA,LA ÑAMGUCHERIA,rappi,21.88,2.0,1.26,1.0
46086.0,14.0,COL,Bogotá,08 ANDES,LA ÑAMGUCHERIA,rappi,12.9,0.88,0.34,1.0
46086.0,14.0,COL,Bogotá,38 KENNEDY,LA ÑAMGUCHERIA,rappi,16.44,9.78,3.66,1.0
46086.0,14.0,COL,Bogotá,02 PARQUE 93,LA ÑAMGUCHERIA,rappi,70.44,9.83,1.05,1.0
46086.0,14.0,COL,Bogotá,69 ARRECIFE,LA ÑAMGUCHERIA,rappi,19.92,0.42,8.4,1.0
46086.0,14.0,COL,Bogotá,65 CALLE 109,LA ÑAMGUCHERIA,rappi,69.41,1.3,5.55,1.0
46086.0,14.0,COL,Bogotá,38 KENNEDY,LA ÑAMGUCHERIA,rappi,20.97,11.68,0.9,1.0
46086.0,14.0,COL,Bogotá,36 VILLA DEL PRADO,LA ÑAMGUCHERIA,rappi,16.28,11.67,1.54,1.0
46086.0,14.0,COL,Bogotá,13 CHIA,LA ÑAMGUCHERIA,rappi,3.45,,0.77,1.0
46086.0,15.0,COL,Bogotá,36 VILLA DEL PRADO,LA ÑAMGUCHERIA,rappi,11.36,1.05,1.67,1.0
46086.0,15.0,COL,Bogotá,02 PARQUE 93,LA ÑAMGUCHERIA,rappi,17.9,8.78,0.26,1.0
46086.0,15.0,COL,Bogotá,08 ANDES,LA ÑAMGUCHERIA,rappi,13.16,7.98,0.75,1.0
46086.0,16.0,COL,Bogotá,03 CHAPINERO,LA ÑAMGUCHERIA,rappi,8.97,11.85,30.64,1.0
46086.0,16.0,COL,Bogotá,36 VILLA DEL PRADO,LA ÑAMGUCHERIA,rappi,15.86,11.63,0.99,1.0
46086.0,16.0,COL,Bogotá,03 CHAPINERO,LA ÑAMGUCHERIA,rappi,7.32,0.0,2.56,1.0
46086.0,16.0,COL,Bogotá,06 COLINA,LA ÑAMGUCHERIA,rappi,20.91,0.58,22.46,1.0
46086.0,16.0,COL,Bogotá,13 CHIA,LA ÑAMGUCHERIA,rappi,14.13,0.13,3.79,1.0
46086.0,16.0,COL,Bogotá,69 ARRECIFE,LA ÑAMGUCHERIA,rappi,24.86,1.42,30.0,1.0
46086.0,17.0,COL,Bogotá,38 KENNEDY,LA ÑAMGUCHERIA,rappi,14.69,0.27,5.41,1.0
46086.0,17.0,COL,Bogotá,15 ENGATIVA,LA ÑAMGUCHERIA,rappi,27.55,0.4,59.3,1.0
46086.0,17.0,COL,Bogotá,08 ANDES,LA ÑAMGUCHERIA,rappi,11.74,7.1,0.8,1.0
46086.0,17.0,COL,Bogotá,02 PARQUE 93,LA ÑAMGUCHERIA,rappi,33.22,5.27,0.21,1.0
46086.0,17.0,COL,Bogotá,38 KENNEDY,LA ÑAMGUCHERIA,rappi,16.91,2.48,1.14,1.0
46086.0,17.0,COL,Bogotá,65 CALLE 109,LA ÑAMGUCHERIA,rappi,24.61,7.32,3.29,1.0
46086.0,17.0,COL,Bogotá,08 ANDES,LA ÑAMGUCHERIA,rappi,6.02,1.72,0.79,1.0
46086.0,18.0,COL,Bogotá,45 VERAGUAS,LA ÑAMGUCHERIA,rappi,13.98,9.48,1.53,1.0
46086.0,18.0,COL,Bogotá,38 KENNEDY,LA ÑAMGUCHERIA,rappi,23.22,0.27,18.47,1.0
46086.0,18.0,COL,Bogotá,38 KENNEDY,LA ÑAMGUCHERIA,rappi,25.91,23.63,2.44,1.0
46086.0,18.0,COL,Bogotá,03 CHAPINERO,LA ÑAMGUCHERIA,rappi,8.85,0.33,16.82,1.0
46086.0,18.0,COL,Bogotá,03 CHAPINERO,LA ÑAMGUCHERIA,rappi,17.93,4.52,1.15,1.0
46086.0,18.0,COL,Bogotá,65 CALLE 109,LA ÑAMGUCHERIA,rappi,36.53,16.1,3.9,1.0
46086.0,18.0,COL,Bogotá,15 ENGATIVA,LA ÑAMGUCHERIA,rappi,25.39,12.6,1.57,1.0
46086.0,18.0,COL,Bogotá,06 COLINA,LA ÑAMGUCHERIA,rappi,6.38,1.77,33.51,1.0
46086.0,19.0,COL,Bogotá,06 COLINA,LA ÑAMGUCHERIA,rappi,20.69,1.77,1.9,1.0
46086.0,19.0,COL,Bogotá,03 CHAPINERO,LA ÑAMGUCHERIA,rappi,10.29,1.52,1.12,1.0
46086.0,19.0,COL,Bogotá,65 CALLE 109,LA ÑAMGUCHERIA,rappi,19.78,1.6,6.21,1.0
46086.0,19.0,COL,Bogotá,36 VILLA DEL PRADO,LA ÑAMGUCHERIA,rappi,16.05,8.8,5.04,1.0
46086.0,19.0,COL,Bogotá,36 VILLA DEL PRADO,LA ÑAMGUCHERIA,rappi,16.22,8.8,1.72,1.0
46086.0,19.0,COL,Bogotá,02 PARQUE 93,LA ÑAMGUCHERIA,rappi,0.0,,1.0,
46086.0,19.0,COL,Bogotá,08 ANDES,LA ÑAMGUCHERIA,rappi,9.66,4.65,0.13,1.0
46086.0,19.0,COL,Bogotá,36 VILLA DEL PRADO,LA ÑAMGUCHERIA,rappi,12.7,0.58,9.19,1.0
46086.0,19.0,COL,Bogotá,13 CHIA,LA ÑAMGUCHERIA,rappi,14.97,3.13,1.61,1.0
46086.0,19.0,COL,Bogotá,08 ANDES,LA ÑAMGUCHERIA,rappi,7.66,0.23,22.33,1.0
46086.0,19.0,COL,Bogotá,65 CALLE 109,LA ÑAMGUCHERIA,rappi,6.32,2.35,0.88,1.0
46086.0,19.0,COL,Bogotá,36 VILLA DEL PRADO,LA ÑAMGUCHERIA,rappi,12.97,8.32,0.91,1.0
46086.0,19.0,COL,Bogotá,06 COLINA,LA ÑAMGUCHERIA,rappi,28.86,2.7,1.27,1.0
46086.0,19.0,COL,Bogotá,03 CHAPINERO,LA ÑAMGUCHERIA,rappi,19.97,14.68,0.92,1.0
46086.0,19.0,COL,Bogotá,38 KENNEDY,LA ÑAMGUCHERIA,rappi,21.99,13.82,1.54,1.0
46086.0,19.0,COL,Bogotá,65 CALLE 109,LA ÑAMGUCHERIA,rappi,14.85,1.57,2.53,1.0
46086.0,19.0,COL,Bogotá,38 KENNEDY,LA ÑAMGUCHERIA,rappi,27.85,3.57,33.88,1.0
46086.0,19.0,COL,Bogotá,06 COLINA,LA ÑAMGUCHERIA,rappi,40.34,5.48,9.59,1.0
46086.0,19.0,COL,Bogotá,65 CALLE 109,LA ÑAMGUCHERIA,rappi,15.75,9.55,2.06,1.0
46086.0,19.0,COL,Bogotá,01 USAQUEN,LA ÑAMGUCHERIA,rappi,15.26,0.95,0.67,1.0
46086.0,19.0,COL,Bogotá,65 CALLE 109,LA ÑAMGUCHERIA,rappi,35.81,0.0,1.0,
46086.0,19.0,COL,Bogotá,65 CALLE 109,LA ÑAMGUCHERIA,rappi,41.66,31.0,1.44,1.0
46086.0,19.0,COL,Bogotá,13 CHIA,LA ÑAMGUCHERIA,rappi,23.76,0.18,10.0,1.0
46086.0,19.0,COL,Bogotá,65 CALLE 109,LA ÑAMGUCHERIA,rappi,34.71,9.13,0.0,1.0
46086.0,20.0,COL,Bogotá,38 KENNEDY,LA ÑAMGUCHERIA,rappi,30.79,0.45,33.36,1.0
46086.0,20.0,COL,Bogotá,02 PARQUE 93,LA ÑAMGUCHERIA,rappi,36.1,7.07,1.9,1.0
46086.0,20.0,COL,Bogotá,08 ANDES,LA ÑAMGUCHERIA,rappi,11.38,2.38,1.06,1.0
46086.0,20.0,COL,Bogotá,65 CALLE 109,LA ÑAMGUCHERIA,rappi,28.68,16.48,16.88,1.0
46086.0,20.0,COL,Bogotá,08 ANDES,LA ÑAMGUCHERIA,rappi,10.1,0.27,32.66,1.0
46086.0,20.0,COL,Bogotá,65 CALLE 109,LA ÑAMGUCHERIA,rappi,62.73,1.88,13.18,1.0
46086.0,20.0,COL,Bogotá,02 PARQUE 93,LA ÑAMGUCHERIA,rappi,20.05,16.15,1.03,1.0
46086.0,20.0,COL,Bogotá,65 CALLE 109,LA ÑAMGUCHERIA,rappi,67.6,3.98,1.28,1.0
46086.0,20.0,COL,Bogotá,65 CALLE 109,LA ÑAMGUCHERIA,rappi,45.4,6.4,2.14,1.0
46086.0,20.0,COL,Bogotá,13 CHIA,LA ÑAMGUCHERIA,rappi,14.65,6.9,1.27,1.0
46086.0,20.0,COL,Bogotá,02 PARQUE 93,LA ÑAMGUCHERIA,rappi,22.01,7.08,1.84,1.0
46086.0,20.0,COL,Bogotá,06 COLINA,LA ÑAMGUCHERIA,rappi,9.43,5.5,1.53,1.0
46086.0,20.0,COL,Bogotá,06 COLINA,LA ÑAMGUCHERIA,rappi,31.94,18.4,9.87,1.0
46086.0,20.0,COL,Bogotá,01 USAQUEN,LA ÑAMGUCHERIA,rappi,11.96,7.57,0.76,1.0
46086.0,20.0,COL,Bogotá,01 USAQUEN,LA ÑAMGUCHERIA,rappi,24.28,5.55,0.79,1.0
46086.0,20.0,COL,Bogotá,06 COLINA,LA ÑAMGUCHERIA,rappi,30.27,26.77,1.58,1.0
46086.0,20.0,COL,Bogotá,08 ANDES,LA ÑAMGUCHERIA,rappi,6.97,2.68,0.83,1.0
46086.0,20.0,COL,Bogotá,06 COLINA,LA ÑAMGUCHERIA,rappi,30.22,0.55,8.46,1.0
46086.0,20.0,COL,Bogotá,69 ARRECIFE,LA ÑAMGUCHERIA,rappi,23.7,5.75,2.32,1.0
46086.0,20.0,COL,Bogotá,65 CALLE 109,LA ÑAMGUCHERIA,rappi,27.18,4.9,1.51,1.0
46086.0,20.0,COL,Bogotá,65 CALLE 109,LA ÑAMGUCHERIA,rappi,44.95,8.12,1.93,1.0
46086.0,20.0,COL,Bogotá,36 VILLA DEL PRADO,LA ÑAMGUCHERIA,rappi,16.8,8.3,3.14,1.0
46086.0,20.0,COL,Bogotá,36 VILLA DEL PRADO,LA ÑAMGUCHERIA,rappi,12.76,4.27,1.19,1.0
46086.0,20.0,COL,Bogotá,38 KENNEDY,LA ÑAMGUCHERIA,rappi,23.43,26.25,10.04,1.0
46086.0,20.0,COL,Bogotá,01 USAQUEN,LA ÑAMGUCHERIA,rappi,11.06,1.55,0.1,1.0
46086.0,20.0,COL,Bogotá,02 PARQUE 93,LA ÑAMGUCHERIA,rappi,46.66,7.08,1.26,1.0
46086.0,20.0,COL,Bogotá,36 VILLA DEL PRADO,LA ÑAMGUCHERIA,rappi,26.08,0.23,2.31,1.0
46086.0,21.0,COL,Bogotá,65 CALLE 109,LA ÑAMGUCHERIA,rappi,42.07,0.0,1.0,
46086.0,21.0,COL,Bogotá,65 CALLE 109,LA ÑAMGUCHERIA,rappi,20.01,17.87,11.98,1.0
46086.0,21.0,COL,Bogotá,01 USAQUEN,LA ÑAMGUCHERIA,rappi,16.74,11.78,2.39,1.0
46086.0,21.0,COL,Bogotá,01 USAQUEN,LA ÑAMGUCHERIA,rappi,17.82,11.78,1.31,1.0
46086.0,21.0,COL,Bogotá,01 USAQUEN,LA ÑAMGUCHERIA,rappi,16.14,11.73,0.28,1.0
46086.0,21.0,COL,Bogotá,06 COLINA,LA ÑAMGUCHERIA,rappi,24.02,20.1,2.83,1.0
46086.0,21.0,COL,Bogotá,08 ANDES,LA ÑAMGUCHERIA,rappi,14.03,9.25,0.1,1.0
46086.0,21.0,COL,Bogotá,08 ANDES,LA ÑAMGUCHERIA,rappi,23.01,4.18,0.5,1.0
46086.0,21.0,COL,Bogotá,65 CALLE 109,LA ÑAMGUCHERIA,rappi,18.85,16.77,2.98,1.0
46086.0,21.0,COL,Bogotá,08 ANDES,LA ÑAMGUCHERIA,rappi,28.29,0.32,2.0,1.0
46086.0,21.0,COL,Bogotá,65 CALLE 109,LA ÑAMGUCHERIA,rappi,37.33,3.05,22.9,1.0
46086.0,21.0,COL,Bogotá,01 USAQUEN,LA ÑAMGUCHERIA,rappi,11.06,6.17,0.34,1.0
46086.0,21.0,COL,Bogotá,06 COLINA,LA ÑAMGUCHERIA,rappi,22.82,0.12,10.69,1.0
46086.0,21.0,COL,Bogotá,08 ANDES,LA ÑAMGUCHERIA,rappi,16.93,0.25,5.74,1.0
46086.0,21.0,COL,Bogotá,15 ENGATIVA,LA ÑAMGUCHERIA,rappi,18.88,0.23,0.05,1.0
46086.0,21.0,COL,Bogotá,02 PARQUE 93,LA ÑAMGUCHERIA,rappi,35.68,6.42,16.51,1.0
46086.0,22.0,COL,Bogotá,01 USAQUEN,LA ÑAMGUCHERIA,rappi,12.05,2.0,0.99,1.0
46086.0,22.0,COL,Bogotá,02 PARQUE 93,LA ÑAMGUCHERIA,rappi,22.26,6.42,2.09,1.0
46086.0,22.0,COL,Bogotá,03 CHAPINERO,LA ÑAMGUCHERIA,rappi,16.9,0.4,10.11,1.0
46086.0,22.0,COL,Bogotá,01 USAQUEN,LA ÑAMGUCHERIA,rappi,15.27,1.87,0.68,1.0
46086.0,22.0,COL,Bogotá,01 USAQUEN,LA ÑAMGUCHERIA,rappi,14.8,1.85,1.16,1.0
46086.0,22.0,COL,Bogotá,03 CHAPINERO,LA ÑAMGUCHERIA,rappi,11.29,7.97,1.67,1.0
46086.0,22.0,COL,Bogotá,03 CHAPINERO,LA ÑAMGUCHERIA,rappi,11.95,8.15,1.12,1.0
46086.0,23.0,COL,Bogotá,02 PARQUE 93,LA ÑAMGUCHERIA,rappi,23.23,2.73,1.9,1.0
46086.0,23.0,COL,Bogotá,02 PARQUE 93,LA ÑAMGUCHERIA,rappi,22.34,0.65,0.91,1.0
46086.0,23.0,COL,Bogotá,01 USAQUEN,LA ÑAMGUCHERIA,rappi,17.23,0.13,9.11,1.0
46086.0,23.0,COL,Bogotá,03 CHAPINERO,LA ÑAMGUCHERIA,rappi,27.2,6.62,1.14,1.0
46086.0,23.0,COL,Bogotá,03 CHAPINERO,LA ÑAMGUCHERIA,rappi,21.88,0.52,15.93,1.0
46086.0,6.0,COL,Bogotá,03 CHAPINERO,LA PANQUEQUERIA,rappi,14.1,0.1,13.9,1.0
46086.0,7.0,COL,Bogotá,06 COLINA,LA PANQUEQUERIA,rappi,4.1,0.65,5.36,1.0
46086.0,7.0,COL,Bogotá,69 ARRECIFE,LA PANQUEQUERIA,rappi,19.54,2.15,20.43,1.0
46086.0,7.0,COL,Bogotá,65 CALLE 109,LA PANQUEQUERIA,rappi,28.09,18.23,1.88,1.0
46086.0,8.0,COL,Bogotá,50 CHICO,LA PANQUEQUERIA,rappi,7.18,0.18,3.2,1.0
46086.0,8.0,COL,Bogotá,01 USAQUEN,LA PANQUEQUERIA,rappi,11.09,1.07,0.33,1.0
46086.0,9.0,COL,Bogotá,36 VILLA DEL PRADO,LA PANQUEQUERIA,rappi,22.99,14.93,0.36,1.0
46086.0,9.0,COL,Bogotá,38 KENNEDY,LA PANQUEQUERIA,rappi,8.48,0.98,1.91,1.0
46086.0,9.0,COL,Bogotá,65 CALLE 109,LA PANQUEQUERIA,rappi,12.16,3.87,0.6,1.0
46086.0,10.0,COL,Bogotá,36 VILLA DEL PRADO,LA PANQUEQUERIA,rappi,13.76,3.17,9.95,1.0
46086.0,11.0,COL,Bogotá,03 CHAPINERO,LA PANQUEQUERIA,rappi,8.08,0.25,11.44,1.0
46086.0,11.0,COL,Bogotá,02 PARQUE 93,LA PANQUEQUERIA,rappi,10.31,3.33,0.66,1.0
46086.0,11.0,COL,Bogotá,03 CHAPINERO,LA PANQUEQUERIA,rappi,9.11,0.18,4.57,1.0
46086.0,12.0,COL,Bogotá,50 CHICO,LA PANQUEQUERIA,rappi,12.13,3.48,1.23,1.0
46086.0,12.0,COL,Bogotá,01 USAQUEN,LA PANQUEQUERIA,rappi,3.51,0.45,6.14,1.0
46086.0,17.0,COL,Bogotá,02 PARQUE 93,LA PANQUEQUERIA,rappi,17.88,2.53,1.01,1.0
46086.0,20.0,COL,Bogotá,45 VERAGUAS,LA PANQUEQUERIA,rappi,0.1,,20.05,1.0
46086.0,21.0,COL,Bogotá,01 USAQUEN,LA PANQUEQUERIA,rappi,1.63,,14.91,1.0
46086.0,21.0,COL,Bogotá,08 ANDES,LA PANQUEQUERIA,rappi,21.94,11.3,0.26,1.0
46086.0,19.0,COL,Bogotá,15 ENGATIVA,Local - Cocina Consciente,didi,12.8,0.92,16.88,1.0
46086.0,12.0,COL,Bogotá,13 CHIA,Local - Cocina Consciente,rappi,13.33,0.57,5.83,1.0
46086.0,21.0,COL,Bogotá,03 CHAPINERO,Local - Cocina Consciente,rappi,0.18,,8.66,1.0
46086.0,21.0,COL,Bogotá,65 CALLE 109,Local - Cocina Consciente,rappi,6.76,0.13,16.13,1.0
46086.0,11.0,COL,Bogotá,69 ARRECIFE,Mañanero Diario,rappi,7.8,3.4,18.94,1.0
46086.0,13.0,COL,Bogotá,65 CALLE 109,Mañanero Diario,rappi,7.84,2.23,0.66,1.0
46086.0,11.0,COL,Bogotá,50 CHICO,Mañanero Diario Turbo,rappi,3.78,3.67,5.01,1.0
46086.0,15.0,COL,Bogotá,03 CHAPINERO,Mañanero Diario Turbo,rappi,12.78,8.28,0.38,1.0
46086.0,16.0,COL,Bogotá,15 ENGATIVA,MonteVerde,didi,16.87,2.78,0.28,1.0
46086.0,19.0,COL,Bogotá,08 ANDES,MonteVerde,didi,10.92,6.78,0.95,1.0
46086.0,12.0,COL,Bogotá,15 ENGATIVA,MonteVerde,rappi,18.2,0.43,20.75,1.0
46086.0,16.0,COL,Bogotá,45 VERAGUAS,MonteVerde,rappi,13.81,0.23,6.11,1.0
46086.0,11.0,COL,Bogotá,03 CHAPINERO,Monteverde Turbo,rappi,6.32,2.0,0.89,1.0
46086.0,12.0,COL,Bogotá,01 USAQUEN,Monteverde Turbo,rappi,3.12,0.42,2.72,1.0
46086.0,13.0,COL,Bogotá,01 USAQUEN,Monteverde Turbo,rappi,5.06,0.32,0.11,1.0
46086.0,13.0,COL,Bogotá,01 USAQUEN,Monteverde Turbo,rappi,2.71,0.3,4.12,1.0
46086.0,16.0,COL,Bogotá,08 ANDES,Monteverde Turbo,rappi,4.57,0.0,0.15,1.0
46086.0,18.0,COL,Bogotá,01 USAQUEN,Monteverde Turbo,rappi,4.34,0.1,0.7,1.0
46086.0,18.0,COL,Bogotá,03 CHAPINERO,Monteverde Turbo,rappi,6.17,0.63,3.5,1.0
46086.0,19.0,COL,Bogotá,08 ANDES,Monteverde Turbo,rappi,3.09,0.0,0.15,1.0
46086.0,19.0,COL,Bogotá,36 VILLA DEL PRADO,Monteverde Turbo,rappi,5.31,1.27,0.83,1.0
46086.0,19.0,COL,Bogotá,08 ANDES,Monteverde Turbo,rappi,6.03,1.4,0.61,1.0
46086.0,19.0,COL,Bogotá,03 CHAPINERO,Monteverde Turbo,rappi,7.14,0.28,1.87,1.0
46086.0,19.0,COL,Bogotá,03 CHAPINERO,Monteverde Turbo,rappi,5.93,1.23,0.6,1.0
46086.0,19.0,COL,Bogotá,01 USAQUEN,Monteverde Turbo,rappi,7.33,2.78,0.62,1.0
46086.0,19.0,COL,Bogotá,03 CHAPINERO,Monteverde Turbo,rappi,5.0,0.37,4.25,1.0
46086.0,20.0,COL,Bogotá,01 USAQUEN,Monteverde Turbo,rappi,4.95,0.22,0.16,1.0
46086.0,20.0,COL,Bogotá,03 CHAPINERO,Monteverde Turbo,rappi,15.8,7.93,0.7,1.0
46086.0,20.0,COL,Bogotá,03 CHAPINERO,Monteverde Turbo,rappi,10.32,6.28,0.82,1.0
46086.0,20.0,COL,Bogotá,08 ANDES,Monteverde Turbo,rappi,4.81,0.52,0.5,1.0
46086.0,20.0,COL,Bogotá,36 VILLA DEL PRADO,Monteverde Turbo,rappi,5.17,0.7,0.24,1.0
46086.0,20.0,COL,Bogotá,08 ANDES,Monteverde Turbo,rappi,6.85,0.72,0.08,1.0
46086.0,20.0,COL,Bogotá,03 CHAPINERO,Monteverde Turbo,rappi,2.2,0.0,1.27,1.0
46086.0,21.0,COL,Bogotá,03 CHAPINERO,Monteverde Turbo,rappi,3.01,0.0,0.28,1.0
46086.0,21.0,COL,Bogotá,03 CHAPINERO,Monteverde Turbo,rappi,5.84,1.3,4.09,1.0
46086.0,21.0,COL,Bogotá,03 CHAPINERO,Monteverde Turbo,rappi,16.48,8.9,0.55,1.0
46086.0,21.0,COL,Bogotá,03 CHAPINERO,Monteverde Turbo,rappi,5.1,0.47,1.47,1.0
46086.0,21.0,COL,Bogotá,03 CHAPINERO,Monteverde Turbo,rappi,11.23,4.77,0.75,1.0
46086.0,21.0,COL,Bogotá,03 CHAPINERO,Monteverde Turbo,rappi,12.28,0.0,1.0,
46086.0,21.0,COL,Bogotá,03 CHAPINERO,Monteverde Turbo,rappi,7.18,0.45,22.2,1.0
46086.0,11.0,COL,Bogotá,15 ENGATIVA,Mr Beast Burger,didi,10.15,1.47,6.03,1.0
46086.0,11.0,COL,Bogotá,13 CHIA,Mr Beast Burger,didi,33.13,27.27,1.09,1.0
46086.0,11.0,COL,Bogotá,13 CHIA,Mr Beast Burger,didi,29.98,25.32,0.19,1.0
46086.0,11.0,COL,Bogotá,02 PARQUE 93,Mr Beast Burger,didi,16.17,10.3,0.74,1.0
46086.0,11.0,COL,Bogotá,03 CHAPINERO,Mr Beast Burger,didi,11.84,8.68,1.96,1.0
46086.0,11.0,COL,Bogotá,38 KENNEDY,Mr Beast Burger,didi,7.92,2.35,1.4,1.0
46086.0,11.0,COL,Bogotá,36 VILLA DEL PRADO,Mr Beast Burger,didi,13.64,7.45,1.08,1.0
46086.0,11.0,COL,Bogotá,03 CHAPINERO,Mr Beast Burger,didi,14.56,1.0,3.54,1.0
46086.0,11.0,COL,Bogotá,65 CALLE 109,Mr Beast Burger,didi,14.26,8.58,1.81,1.0
46086.0,12.0,COL,Bogotá,08 ANDES,Mr Beast Burger,didi,6.13,0.68,20.26,1.0
46086.0,12.0,COL,Bogotá,15 ENGATIVA,Mr Beast Burger,didi,16.03,12.03,6.2,1.0
46086.0,12.0,COL,Bogotá,15 ENGATIVA,Mr Beast Burger,didi,17.73,12.03,1.44,1.0
46086.0,12.0,COL,Bogotá,65 CALLE 109,Mr Beast Burger,didi,6.38,2.43,0.75,1.0
46086.0,12.0,COL,Bogotá,01 USAQUEN,Mr Beast Burger,didi,10.32,1.97,12.58,1.0
46086.0,12.0,COL,Bogotá,01 USAQUEN,Mr Beast Burger,didi,11.39,1.05,13.63,1.0
46086.0,12.0,COL,Bogotá,06 COLINA,Mr Beast Burger,didi,20.7,14.37,2.33,1.0
46086.0,13.0,COL,Bogotá,03 CHAPINERO,Mr Beast Burger,didi,10.89,0.57,8.24,1.0
46086.0,13.0,COL,Bogotá,01 USAQUEN,Mr Beast Burger,didi,11.82,0.57,11.15,1.0
46086.0,13.0,COL,Bogotá,08 ANDES,Mr Beast Burger,didi,7.04,0.77,2.73,1.0
46086.0,13.0,COL,Bogotá,08 ANDES,Mr Beast Burger,didi,6.93,2.55,0.38,1.0
46086.0,13.0,COL,Bogotá,15 ENGATIVA,Mr Beast Burger,didi,13.09,6.08,0.85,1.0
46086.0,13.0,COL,Bogotá,01 USAQUEN,Mr Beast Burger,didi,22.31,5.42,1.89,1.0
46086.0,13.0,COL,Bogotá,08 ANDES,Mr Beast Burger,didi,6.96,1.17,0.85,1.0
46086.0,13.0,COL,Bogotá,15 ENGATIVA,Mr Beast Burger,didi,11.23,7.07,0.99,1.0
46086.0,13.0,COL,Bogotá,15 ENGATIVA,Mr Beast Burger,didi,19.97,5.3,1.66,1.0
46086.0,13.0,COL,Bogotá,15 ENGATIVA,Mr Beast Burger,didi,21.88,11.92,2.16,1.0
46086.0,13.0,COL,Bogotá,02 PARQUE 93,Mr Beast Burger,didi,13.88,6.48,0.29,1.0
46086.0,13.0,COL,Bogotá,13 CHIA,Mr Beast Burger,didi,21.47,15.53,0.6,1.0
46086.0,13.0,COL,Bogotá,38 KENNEDY,Mr Beast Burger,didi,11.77,0.55,3.59,1.0
46086.0,13.0,COL,Bogotá,45 VERAGUAS,Mr Beast Burger,didi,8.93,4.67,0.93,1.0
46086.0,13.0,COL,Bogotá,08 ANDES,Mr Beast Burger,didi,5.98,4.97,3.98,1.0
46086.0,13.0,COL,Bogotá,15 ENGATIVA,Mr Beast Burger,didi,20.19,15.92,0.34,1.0
46086.0,13.0,COL,Bogotá,36 VILLA DEL PRADO,Mr Beast Burger,didi,14.42,5.8,0.99,1.0
46086.0,13.0,COL,Bogotá,13 CHIA,Mr Beast Burger,didi,18.35,9.87,1.96,1.0
46086.0,13.0,COL,Bogotá,08 ANDES,Mr Beast Burger,didi,7.76,6.17,21.12,1.0
46086.0,13.0,COL,Bogotá,06 COLINA,Mr Beast Burger,didi,26.84,2.08,1.92,1.0
46086.0,13.0,COL,Bogotá,45 VERAGUAS,Mr Beast Burger,didi,9.32,2.05,5.03,1.0
46086.0,13.0,COL,Bogotá,02 PARQUE 93,Mr Beast Burger,didi,14.25,9.48,1.58,1.0
46086.0,13.0,COL,Bogotá,08 ANDES,Mr Beast Burger,didi,7.93,0.82,2.21,1.0
46086.0,14.0,COL,Bogotá,38 KENNEDY,Mr Beast Burger,didi,19.37,6.08,1.53,1.0
46086.0,14.0,COL,Bogotá,38 KENNEDY,Mr Beast Burger,didi,19.44,11.78,2.5,1.0
46086.0,14.0,COL,Bogotá,36 VILLA DEL PRADO,Mr Beast Burger,didi,20.59,12.23,1.35,1.0
46086.0,14.0,COL,Bogotá,06 COLINA,Mr Beast Burger,didi,14.24,10.52,1.05,1.0
46086.0,14.0,COL,Bogotá,36 VILLA DEL PRADO,Mr Beast Burger,didi,21.12,11.58,1.53,1.0
46086.0,14.0,COL,Bogotá,03 CHAPINERO,Mr Beast Burger,didi,10.34,0.93,8.22,1.0
46086.0,14.0,COL,Bogotá,15 ENGATIVA,Mr Beast Burger,didi,11.99,3.37,0.9,1.0
46086.0,14.0,COL,Bogotá,06 COLINA,Mr Beast Burger,didi,18.06,2.78,9.14,1.0
46086.0,14.0,COL,Bogotá,15 ENGATIVA,Mr Beast Burger,didi,20.78,12.1,2.65,1.0
46086.0,14.0,COL,Bogotá,06 COLINA,Mr Beast Burger,didi,21.95,2.63,1.13,1.0
46086.0,14.0,COL,Bogotá,01 USAQUEN,Mr Beast Burger,didi,18.15,5.48,1.72,1.0
46086.0,14.0,COL,Bogotá,03 CHAPINERO,Mr Beast Burger,didi,9.6,2.07,0.11,1.0
46086.0,14.0,COL,Bogotá,13 CHIA,Mr Beast Burger,didi,24.31,15.97,1.66,1.0
46086.0,14.0,COL,Bogotá,01 USAQUEN,Mr Beast Burger,didi,14.07,1.83,2.17,1.0
46086.0,14.0,COL,Bogotá,02 PARQUE 93,Mr Beast Burger,didi,15.12,8.43,0.78,1.0
46086.0,14.0,COL,Bogotá,36 VILLA DEL PRADO,Mr Beast Burger,didi,20.01,4.27,0.49,1.0
46086.0,14.0,COL,Bogotá,06 COLINA,Mr Beast Burger,didi,10.99,3.28,1.74,1.0
46086.0,14.0,COL,Bogotá,38 KENNEDY,Mr Beast Burger,didi,8.44,2.75,3.87,1.0
46086.0,14.0,COL,Bogotá,15 ENGATIVA,Mr Beast Burger,didi,11.64,4.65,1.1,1.0
46086.0,14.0,COL,Bogotá,36 VILLA DEL PRADO,Mr Beast Burger,didi,9.68,5.2,0.84,1.0
46086.0,14.0,COL,Bogotá,08 ANDES,Mr Beast Burger,didi,7.99,3.72,0.82,1.0
46086.0,14.0,COL,Bogotá,03 CHAPINERO,Mr Beast Burger,didi,6.71,2.15,0.36,1.0
46086.0,14.0,COL,Bogotá,15 ENGATIVA,Mr Beast Burger,didi,11.54,1.32,13.11,1.0
46086.0,15.0,COL,Bogotá,38 KENNEDY,Mr Beast Burger,didi,11.03,1.52,3.07,1.0
46086.0,15.0,COL,Bogotá,13 CHIA,Mr Beast Burger,didi,9.8,4.77,0.73,1.0
46086.0,15.0,COL,Bogotá,06 COLINA,Mr Beast Burger,didi,13.06,9.58,2.12,1.0
46086.0,15.0,COL,Bogotá,03 CHAPINERO,Mr Beast Burger,didi,12.67,7.02,2.14,1.0
46086.0,15.0,COL,Bogotá,06 COLINA,Mr Beast Burger,didi,29.73,8.12,2.92,1.0
46086.0,15.0,COL,Bogotá,45 VERAGUAS,Mr Beast Burger,didi,10.25,0.92,7.27,1.0
46086.0,15.0,COL,Bogotá,45 VERAGUAS,Mr Beast Burger,didi,17.87,14.67,1.91,1.0
46086.0,15.0,COL,Bogotá,45 VERAGUAS,Mr Beast Burger,didi,10.82,1.53,3.5,1.0
46086.0,15.0,COL,Bogotá,08 ANDES,Mr Beast Burger,didi,9.93,0.58,5.83,1.0
46086.0,15.0,COL,Bogotá,15 ENGATIVA,Mr Beast Burger,didi,11.97,5.9,1.08,1.0
46086.0,15.0,COL,Bogotá,15 ENGATIVA,Mr Beast Burger,didi,12.89,8.15,0.98,1.0
46086.0,15.0,COL,Bogotá,01 USAQUEN,Mr Beast Burger,didi,16.86,7.83,1.17,1.0
46086.0,15.0,COL,Bogotá,36 VILLA DEL PRADO,Mr Beast Burger,didi,17.02,12.97,0.94,1.0
46086.0,15.0,COL,Bogotá,65 CALLE 109,Mr Beast Burger,didi,14.96,7.13,0.93,1.0
46086.0,15.0,COL,Bogotá,06 COLINA,Mr Beast Burger,didi,23.21,6.08,1.87,1.0
46086.0,15.0,COL,Bogotá,36 VILLA DEL PRADO,Mr Beast Burger,didi,16.82,10.18,0.73,1.0
46086.0,15.0,COL,Bogotá,06 COLINA,Mr Beast Burger,didi,20.05,13.58,2.0,1.0
46086.0,15.0,COL,Bogotá,15 ENGATIVA,Mr Beast Burger,didi,20.45,12.0,0.98,1.0
46086.0,15.0,COL,Bogotá,15 ENGATIVA,Mr Beast Burger,didi,21.2,15.78,2.06,1.0
46086.0,15.0,COL,Bogotá,13 CHIA,Mr Beast Burger,didi,14.61,7.28,2.06,1.0
46086.0,15.0,COL,Bogotá,03 CHAPINERO,Mr Beast Burger,didi,17.38,13.58,0.94,1.0
46086.0,15.0,COL,Bogotá,45 VERAGUAS,Mr Beast Burger,didi,7.19,0.73,9.67,1.0
46086.0,15.0,COL,Bogotá,45 VERAGUAS,Mr Beast Burger,didi,7.23,1.67,7.83,1.0
46086.0,15.0,COL,Bogotá,02 PARQUE 93,Mr Beast Burger,didi,16.93,12.57,1.01,1.0
46086.0,15.0,COL,Bogotá,08 ANDES,Mr Beast Burger,didi,5.98,3.25,2.13,1.0
46086.0,15.0,COL,Bogotá,38 KENNEDY,Mr Beast Burger,didi,10.1,0.8,3.26,1.0
46086.0,15.0,COL,Bogotá,15 ENGATIVA,Mr Beast Burger,didi,24.06,9.07,3.19,1.0
46086.0,15.0,COL,Bogotá,36 VILLA DEL PRADO,Mr Beast Burger,didi,11.83,6.85,0.22,1.0
46086.0,16.0,COL,Bogotá,03 CHAPINERO,Mr Beast Burger,didi,21.09,16.82,4.07,1.0
46086.0,16.0,COL,Bogotá,03 CHAPINERO,Mr Beast Burger,didi,27.14,21.55,1.54,1.0
46086.0,16.0,COL,Bogotá,03 CHAPINERO,Mr Beast Burger,didi,24.87,20.88,1.07,1.0
46086.0,16.0,COL,Bogotá,03 CHAPINERO,Mr Beast Burger,didi,7.05,,15.38,1.0
46086.0,16.0,COL,Bogotá,06 COLINA,Mr Beast Burger,didi,14.45,3.57,1.54,1.0
46086.0,16.0,COL,Bogotá,03 CHAPINERO,Mr Beast Burger,didi,22.0,13.0,0.89,1.0
46086.0,16.0,COL,Bogotá,15 ENGATIVA,Mr Beast Burger,didi,9.47,5.58,0.86,1.0
46086.0,16.0,COL,Bogotá,02 PARQUE 93,Mr Beast Burger,didi,19.72,8.8,0.81,1.0
46086.0,16.0,COL,Bogotá,45 VERAGUAS,Mr Beast Burger,didi,14.08,1.2,1.73,1.0
46086.0,16.0,COL,Bogotá,03 CHAPINERO,Mr Beast Burger,didi,25.78,20.75,0.06,1.0
46086.0,16.0,COL,Bogotá,15 ENGATIVA,Mr Beast Burger,didi,18.84,3.57,0.88,1.0
46086.0,16.0,COL,Bogotá,13 CHIA,Mr Beast Burger,didi,25.78,20.48,0.17,1.0
46086.0,16.0,COL,Bogotá,15 ENGATIVA,Mr Beast Burger,didi,17.15,3.8,0.88,1.0
46086.0,16.0,COL,Bogotá,15 ENGATIVA,Mr Beast Burger,didi,15.03,5.82,1.21,1.0
46086.0,16.0,COL,Bogotá,08 ANDES,Mr Beast Burger,didi,16.36,0.75,10.94,1.0
46086.0,16.0,COL,Bogotá,38 KENNEDY,Mr Beast Burger,didi,16.05,12.2,1.32,1.0
46086.0,16.0,COL,Bogotá,03 CHAPINERO,Mr Beast Burger,didi,20.7,8.35,0.44,1.0
46086.0,16.0,COL,Bogotá,06 COLINA,Mr Beast Burger,didi,10.28,6.33,0.9,1.0
46086.0,16.0,COL,Bogotá,01 USAQUEN,Mr Beast Burger,didi,16.81,12.45,0.44,1.0
46086.0,16.0,COL,Bogotá,13 CHIA,Mr Beast Burger,didi,16.8,13.8,2.05,1.0
46086.0,16.0,COL,Bogotá,36 VILLA DEL PRADO,Mr Beast Burger,didi,5.2,0.62,0.75,1.0
46086.0,16.0,COL,Bogotá,13 CHIA,Mr Beast Burger,didi,14.98,11.68,1.81,1.0
46086.0,17.0,COL,Bogotá,36 VILLA DEL PRADO,Mr Beast Burger,didi,7.7,3.07,1.03,1.0
46086.0,17.0,COL,Bogotá,03 CHAPINERO,Mr Beast Burger,didi,22.59,14.03,0.33,1.0
46086.0,17.0,COL,Bogotá,06 COLINA,Mr Beast Burger,didi,10.84,0.97,18.98,1.0
46086.0,17.0,COL,Bogotá,13 CHIA,Mr Beast Burger,didi,6.27,1.18,6.32,1.0
46086.0,17.0,COL,Bogotá,15 ENGATIVA,Mr Beast Burger,didi,22.07,13.8,1.28,1.0
46086.0,17.0,COL,Bogotá,45 VERAGUAS,Mr Beast Burger,didi,14.32,5.8,7.86,1.0
46086.0,17.0,COL,Bogotá,03 CHAPINERO,Mr Beast Burger,didi,19.64,8.25,0.25,1.0
46086.0,17.0,COL,Bogotá,03 CHAPINERO,Mr Beast Burger,didi,23.97,16.98,0.61,1.0
46086.0,17.0,COL,Bogotá,38 KENNEDY,Mr Beast Burger,didi,9.2,4.33,0.96,1.0
46086.0,17.0,COL,Bogotá,38 KENNEDY,Mr Beast Burger,didi,10.9,0.65,1.87,1.0
46086.0,17.0,COL,Bogotá,38 KENNEDY,Mr Beast Burger,didi,9.99,3.6,1.08,1.0
46086.0,17.0,COL,Bogotá,38 KENNEDY,Mr Beast Burger,didi,12.97,0.58,9.95,1.0
46086.0,17.0,COL,Bogotá,45 VERAGUAS,Mr Beast Burger,didi,14.86,8.4,0.82,1.0
46086.0,17.0,COL,Bogotá,02 PARQUE 93,Mr Beast Burger,didi,14.92,7.35,0.97,1.0
46086.0,17.0,COL,Bogotá,03 CHAPINERO,Mr Beast Burger,didi,14.27,3.08,0.62,1.0
46086.0,17.0,COL,Bogotá,15 ENGATIVA,Mr Beast Burger,didi,11.94,1.62,27.95,1.0
46086.0,17.0,COL,Bogotá,45 VERAGUAS,Mr Beast Burger,didi,10.09,6.02,0.9,1.0
46086.0,17.0,COL,Bogotá,15 ENGATIVA,Mr Beast Burger,didi,16.79,1.15,4.21,1.0
46086.0,17.0,COL,Bogotá,36 VILLA DEL PRADO,Mr Beast Burger,didi,11.93,6.02,1.06,1.0
46086.0,17.0,COL,Bogotá,13 CHIA,Mr Beast Burger,didi,12.43,1.95,2.74,1.0
46086.0,17.0,COL,Bogotá,36 VILLA DEL PRADO,Mr Beast Burger,didi,7.07,0.87,4.05,1.0
46086.0,17.0,COL,Bogotá,08 ANDES,Mr Beast Burger,didi,6.09,2.23,1.01,1.0
46086.0,17.0,COL,Bogotá,15 ENGATIVA,Mr Beast Burger,didi,16.79,9.3,1.08,1.0
46086.0,17.0,COL,Bogotá,01 USAQUEN,Mr Beast Burger,didi,11.22,0.15,7.03,1.0
46086.0,18.0,COL,Bogotá,45 VERAGUAS,Mr Beast Burger,didi,10.6,0.58,16.49,1.0
46086.0,18.0,COL,Bogotá,38 KENNEDY,Mr Beast Burger,didi,18.06,10.15,0.98,1.0
46086.0,18.0,COL,Bogotá,38 KENNEDY,Mr Beast Burger,didi,18.97,0.78,22.28,1.0
46086.0,18.0,COL,Bogotá,03 CHAPINERO,Mr Beast Burger,didi,6.41,0.43,2.73,1.0
46086.0,18.0,COL,Bogotá,36 VILLA DEL PRADO,Mr Beast Burger,didi,11.9,5.5,0.93,1.0
46086.0,18.0,COL,Bogotá,01 USAQUEN,Mr Beast Burger,didi,11.19,1.1,3.76,1.0
46086.0,18.0,COL,Bogotá,38 KENNEDY,Mr Beast Burger,didi,45.15,26.95,1.88,1.0
46086.0,18.0,COL,Bogotá,01 USAQUEN,Mr Beast Burger,didi,9.51,1.05,1.33,1.0
46086.0,18.0,COL,Bogotá,45 VERAGUAS,Mr Beast Burger,didi,12.85,7.7,0.85,1.0
46086.0,18.0,COL,Bogotá,08 ANDES,Mr Beast Burger,didi,13.83,0.7,7.66,1.0
46086.0,18.0,COL,Bogotá,03 CHAPINERO,Mr Beast Burger,didi,13.82,3.4,9.84,1.0
46086.0,18.0,COL,Bogotá,03 CHAPINERO,Mr Beast Burger,didi,18.69,3.37,0.89,1.0
46086.0,18.0,COL,Bogotá,15 ENGATIVA,Mr Beast Burger,didi,14.74,7.27,1.21,1.0
46086.0,18.0,COL,Bogotá,03 CHAPINERO,Mr Beast Burger,didi,12.97,5.68,1.05,1.0
46086.0,18.0,COL,Bogotá,38 KENNEDY,Mr Beast Burger,didi,33.94,10.97,8.18,1.0
46086.0,18.0,COL,Bogotá,06 COLINA,Mr Beast Burger,didi,16.64,1.13,1.1,1.0
46086.0,18.0,COL,Bogotá,08 ANDES,Mr Beast Burger,didi,6.71,2.18,8.87,1.0
46086.0,18.0,COL,Bogotá,15 ENGATIVA,Mr Beast Burger,didi,12.19,6.63,0.83,1.0
46086.0,18.0,COL,Bogotá,01 USAQUEN,Mr Beast Burger,didi,18.94,2.32,1.96,1.0
46086.0,18.0,COL,Bogotá,45 VERAGUAS,Mr Beast Burger,didi,13.07,0.18,18.15,1.0
46086.0,18.0,COL,Bogotá,06 COLINA,Mr Beast Burger,didi,8.16,14.28,25.32,1.0
46086.0,18.0,COL,Bogotá,01 USAQUEN,Mr Beast Burger,didi,17.64,2.57,0.41,1.0
46086.0,18.0,COL,Bogotá,08 ANDES,Mr Beast Burger,didi,8.94,4.63,0.41,1.0
46086.0,18.0,COL,Bogotá,38 KENNEDY,Mr Beast Burger,didi,31.13,9.37,1.78,1.0
46086.0,18.0,COL,Bogotá,65 CALLE 109,Mr Beast Burger,didi,11.3,9.5,2.99,1.0
46086.0,18.0,COL,Bogotá,36 VILLA DEL PRADO,Mr Beast Burger,didi,11.04,4.28,0.9,1.0
46086.0,18.0,COL,Bogotá,08 ANDES,Mr Beast Burger,didi,9.91,0.5,2.94,1.0
46086.0,18.0,COL,Bogotá,15 ENGATIVA,Mr Beast Burger,didi,21.98,10.28,0.87,1.0
46086.0,18.0,COL,Bogotá,65 CALLE 109,Mr Beast Burger,didi,30.18,14.43,13.93,1.0
46086.0,18.0,COL,Bogotá,06 COLINA,Mr Beast Burger,didi,21.54,11.68,2.0,1.0
46086.0,18.0,COL,Bogotá,06 COLINA,Mr Beast Burger,didi,19.97,14.28,1.48,1.0
46086.0,18.0,COL,Bogotá,02 PARQUE 93,Mr Beast Burger,didi,26.05,12.03,0.97,1.0
46086.0,19.0,COL,Bogotá,45 VERAGUAS,Mr Beast Burger,didi,9.9,0.65,3.7,1.0
46086.0,19.0,COL,Bogotá,06 COLINA,Mr Beast Burger,didi,17.93,2.02,10.28,1.0
46086.0,19.0,COL,Bogotá,45 VERAGUAS,Mr Beast Burger,didi,6.22,0.43,8.72,1.0
46086.0,19.0,COL,Bogotá,15 ENGATIVA,Mr Beast Burger,didi,11.99,0.65,1.0,1.0
46086.0,19.0,COL,Bogotá,01 USAQUEN,Mr Beast Burger,didi,29.14,8.62,0.2,1.0
46086.0,19.0,COL,Bogotá,15 ENGATIVA,Mr Beast Burger,didi,9.95,6.9,1.97,1.0
46086.0,19.0,COL,Bogotá,45 VERAGUAS,Mr Beast Burger,didi,10.86,0.7,11.29,1.0
46086.0,19.0,COL,Bogotá,08 ANDES,Mr Beast Burger,didi,10.05,0.87,5.09,1.0
46086.0,19.0,COL,Bogotá,03 CHAPINERO,Mr Beast Burger,didi,8.82,0.38,11.21,1.0
46086.0,19.0,COL,Bogotá,65 CALLE 109,Mr Beast Burger,didi,16.97,7.55,2.69,1.0
46086.0,19.0,COL,Bogotá,01 USAQUEN,Mr Beast Burger,didi,28.39,13.98,0.76,1.0
46086.0,19.0,COL,Bogotá,15 ENGATIVA,Mr Beast Burger,didi,10.89,7.67,6.95,1.0
46086.0,19.0,COL,Bogotá,06 COLINA,Mr Beast Burger,didi,26.13,4.87,3.92,1.0
46086.0,19.0,COL,Bogotá,01 USAQUEN,Mr Beast Burger,didi,18.3,3.83,0.7,1.0
46086.0,19.0,COL,Bogotá,03 CHAPINERO,Mr Beast Burger,didi,23.11,19.6,1.25,1.0
46086.0,19.0,COL,Bogotá,01 USAQUEN,Mr Beast Burger,didi,17.57,2.82,9.36,1.0
46086.0,19.0,COL,Bogotá,03 CHAPINERO,Mr Beast Burger,didi,20.83,12.73,1.24,1.0
46086.0,19.0,COL,Bogotá,08 ANDES,Mr Beast Burger,didi,10.61,2.27,0.25,1.0
46086.0,19.0,COL,Bogotá,38 KENNEDY,Mr Beast Burger,didi,15.02,1.42,2.24,1.0
46086.0,19.0,COL,Bogotá,36 VILLA DEL PRADO,Mr Beast Burger,didi,17.16,0.9,13.86,1.0
46086.0,19.0,COL,Bogotá,13 CHIA,Mr Beast Burger,didi,20.2,12.6,1.0,1.0
46086.0,19.0,COL,Bogotá,03 CHAPINERO,Mr Beast Burger,didi,20.21,5.42,1.18,1.0
46086.0,19.0,COL,Bogotá,36 VILLA DEL PRADO,Mr Beast Burger,didi,18.03,3.0,2.71,1.0
46086.0,19.0,COL,Bogotá,03 CHAPINERO,Mr Beast Burger,didi,19.21,9.98,1.72,1.0
46086.0,19.0,COL,Bogotá,65 CALLE 109,Mr Beast Burger,didi,21.47,14.43,3.98,1.0
46086.0,19.0,COL,Bogotá,01 USAQUEN,Mr Beast Burger,didi,18.93,5.6,1.02,1.0
46086.0,19.0,COL,Bogotá,01 USAQUEN,Mr Beast Burger,didi,19.0,5.6,0.97,1.0
46086.0,19.0,COL,Bogotá,38 KENNEDY,Mr Beast Burger,didi,31.09,3.38,1.84,1.0
46086.0,19.0,COL,Bogotá,02 PARQUE 93,Mr Beast Burger,didi,9.49,6.07,1.53,1.0
46086.0,19.0,COL,Bogotá,38 KENNEDY,Mr Beast Burger,didi,16.39,6.02,0.02,1.0
46086.0,19.0,COL,Bogotá,06 COLINA,Mr Beast Burger,didi,21.21,12.73,2.25,1.0
46086.0,19.0,COL,Bogotá,03 CHAPINERO,Mr Beast Burger,didi,40.18,20.98,0.97,1.0
46086.0,19.0,COL,Bogotá,13 CHIA,Mr Beast Burger,didi,12.7,7.42,0.96,1.0
46086.0,19.0,COL,Bogotá,65 CALLE 109,Mr Beast Burger,didi,23.02,4.35,5.02,1.0
46086.0,19.0,COL,Bogotá,36 VILLA DEL PRADO,Mr Beast Burger,didi,18.82,11.58,7.04,1.0
46086.0,19.0,COL,Bogotá,02 PARQUE 93,Mr Beast Burger,didi,13.24,9.13,0.81,1.0
46086.0,19.0,COL,Bogotá,38 KENNEDY,Mr Beast Burger,didi,13.0,7.83,1.78,1.0
46086.0,20.0,COL,Bogotá,01 USAQUEN,Mr Beast Burger,didi,11.22,0.7,6.55,1.0
46086.0,20.0,COL,Bogotá,13 CHIA,Mr Beast Burger,didi,24.01,13.47,0.52,1.0
46086.0,20.0,COL,Bogotá,02 PARQUE 93,Mr Beast Burger,didi,27.0,9.08,0.49,1.0
46086.0,20.0,COL,Bogotá,36 VILLA DEL PRADO,Mr Beast Burger,didi,17.26,11.58,0.82,1.0
46086.0,20.0,COL,Bogotá,38 KENNEDY,Mr Beast Burger,didi,19.72,1.65,30.24,1.0
46086.0,20.0,COL,Bogotá,03 CHAPINERO,Mr Beast Burger,didi,29.01,16.03,2.49,1.0
46086.0,20.0,COL,Bogotá,45 VERAGUAS,Mr Beast Burger,didi,13.93,0.65,48.8,1.0
46086.0,20.0,COL,Bogotá,15 ENGATIVA,Mr Beast Burger,didi,7.97,2.73,15.91,1.0
46086.0,20.0,COL,Bogotá,08 ANDES,Mr Beast Burger,didi,8.34,0.43,8.9,1.0
46086.0,20.0,COL,Bogotá,06 COLINA,Mr Beast Burger,didi,29.78,15.83,1.23,1.0
46086.0,20.0,COL,Bogotá,36 VILLA DEL PRADO,Mr Beast Burger,didi,11.18,6.83,0.31,1.0
46086.0,20.0,COL,Bogotá,15 ENGATIVA,Mr Beast Burger,didi,10.73,1.82,15.99,1.0
46086.0,20.0,COL,Bogotá,08 ANDES,Mr Beast Burger,didi,10.68,5.37,0.4,1.0
46086.0,20.0,COL,Bogotá,45 VERAGUAS,Mr Beast Burger,didi,10.22,3.9,0.71,1.0
46086.0,20.0,COL,Bogotá,02 PARQUE 93,Mr Beast Burger,didi,11.82,7.22,0.7,1.0
46086.0,20.0,COL,Bogotá,65 CALLE 109,Mr Beast Burger,didi,46.02,26.5,5.07,1.0
46086.0,20.0,COL,Bogotá,02 PARQUE 93,Mr Beast Burger,didi,30.11,11.83,0.95,1.0
46086.0,20.0,COL,Bogotá,13 CHIA,Mr Beast Burger,didi,11.5,1.65,1.79,1.0
46086.0,20.0,COL,Bogotá,06 COLINA,Mr Beast Burger,didi,20.07,14.72,1.54,1.0
46086.0,20.0,COL,Bogotá,13 CHIA,Mr Beast Burger,didi,11.82,6.37,7.14,1.0
46086.0,20.0,COL,Bogotá,02 PARQUE 93,Mr Beast Burger,didi,27.11,9.52,0.26,1.0
46086.0,20.0,COL,Bogotá,01 USAQUEN,Mr Beast Burger,didi,24.93,11.55,0.13,1.0
46086.0,20.0,COL,Bogotá,15 ENGATIVA,Mr Beast Burger,didi,8.33,1.8,12.07,1.0
46086.0,20.0,COL,Bogotá,13 CHIA,Mr Beast Burger,didi,12.08,7.33,4.68,1.0
46086.0,20.0,COL,Bogotá,02 PARQUE 93,Mr Beast Burger,didi,50.05,11.33,1.62,1.0
46086.0,20.0,COL,Bogotá,38 KENNEDY,Mr Beast Burger,didi,24.15,19.57,1.8,1.0
46086.0,20.0,COL,Bogotá,13 CHIA,Mr Beast Burger,didi,12.71,1.3,0.12,1.0
46086.0,20.0,COL,Bogotá,06 COLINA,Mr Beast Burger,didi,21.57,14.95,2.43,1.0
46086.0,20.0,COL,Bogotá,06 COLINA,Mr Beast Burger,didi,20.0,1.88,7.9,1.0
46086.0,20.0,COL,Bogotá,36 VILLA DEL PRADO,Mr Beast Burger,didi,9.62,2.73,1.11,1.0
46086.0,20.0,COL,Bogotá,38 KENNEDY,Mr Beast Burger,didi,22.79,16.62,10.67,1.0
46086.0,20.0,COL,Bogotá,13 CHIA,Mr Beast Burger,didi,6.01,1.0,5.94,1.0
46086.0,20.0,COL,Bogotá,08 ANDES,Mr Beast Burger,didi,9.51,0.53,3.19,1.0
46086.0,20.0,COL,Bogotá,15 ENGATIVA,Mr Beast Burger,didi,12.82,2.47,4.18,1.0
46086.0,20.0,COL,Bogotá,15 ENGATIVA,Mr Beast Burger,didi,9.77,1.17,3.32,1.0
46086.0,20.0,COL,Bogotá,45 VERAGUAS,Mr Beast Burger,didi,16.54,11.37,0.49,1.0
46086.0,20.0,COL,Bogotá,38 KENNEDY,Mr Beast Burger,didi,22.91,16.57,1.8,1.0
46086.0,20.0,COL,Bogotá,02 PARQUE 93,Mr Beast Burger,didi,14.06,3.97,1.85,1.0
46086.0,20.0,COL,Bogotá,15 ENGATIVA,Mr Beast Burger,didi,22.59,15.55,2.2,1.0
46086.0,20.0,COL,Bogotá,08 ANDES,Mr Beast Burger,didi,13.73,8.12,0.9,1.0
46086.0,20.0,COL,Bogotá,02 PARQUE 93,Mr Beast Burger,didi,18.36,8.38,1.6,1.0
46086.0,20.0,COL,Bogotá,15 ENGATIVA,Mr Beast Burger,didi,22.86,15.55,0.98,1.0
46086.0,20.0,COL,Bogotá,01 USAQUEN,Mr Beast Burger,didi,18.07,8.63,0.12,1.0
46086.0,20.0,COL,Bogotá,15 ENGATIVA,Mr Beast Burger,didi,21.8,0.8,4.14,1.0
46086.0,20.0,COL,Bogotá,08 ANDES,Mr Beast Burger,didi,18.07,1.5,10.07,1.0
46086.0,20.0,COL,Bogotá,08 ANDES,Mr Beast Burger,didi,21.6,0.62,25.31,1.0
46086.0,20.0,COL,Bogotá,08 ANDES,Mr Beast Burger,didi,13.26,5.52,0.61,1.0
46086.0,20.0,COL,Bogotá,36 VILLA DEL PRADO,Mr Beast Burger,didi,23.35,17.98,0.87,1.0
46086.0,21.0,COL,Bogotá,02 PARQUE 93,Mr Beast Burger,didi,14.93,9.22,0.89,1.0
46086.0,21.0,COL,Bogotá,02 PARQUE 93,Mr Beast Burger,didi,20.17,7.48,0.72,1.0
46086.0,21.0,COL,Bogotá,02 PARQUE 93,Mr Beast Burger,didi,20.99,4.9,0.71,1.0
46086.0,21.0,COL,Bogotá,03 CHAPINERO,Mr Beast Burger,didi,22.76,0.43,4.4,1.0
46086.0,21.0,COL,Bogotá,36 VILLA DEL PRADO,Mr Beast Burger,didi,16.28,5.82,0.75,1.0
46086.0,21.0,COL,Bogotá,65 CALLE 109,Mr Beast Burger,didi,20.1,10.52,1.67,1.0
46086.0,21.0,COL,Bogotá,06 COLINA,Mr Beast Burger,didi,13.0,3.08,0.83,1.0
46086.0,21.0,COL,Bogotá,38 KENNEDY,Mr Beast Burger,didi,16.68,8.43,1.01,1.0
46086.0,21.0,COL,Bogotá,08 ANDES,Mr Beast Burger,didi,16.82,8.97,1.08,1.0
46086.0,21.0,COL,Bogotá,38 KENNEDY,Mr Beast Burger,didi,14.12,9.63,1.65,1.0
46086.0,21.0,COL,Bogotá,15 ENGATIVA,Mr Beast Burger,didi,26.7,15.25,0.35,1.0
46086.0,21.0,COL,Bogotá,02 PARQUE 93,Mr Beast Burger,didi,9.8,5.15,0.28,1.0
46086.0,21.0,COL,Bogotá,36 VILLA DEL PRADO,Mr Beast Burger,didi,19.75,13.38,0.26,1.0
46086.0,21.0,COL,Bogotá,15 ENGATIVA,Mr Beast Burger,didi,19.97,11.02,1.17,1.0
46086.0,21.0,COL,Bogotá,38 KENNEDY,Mr Beast Burger,didi,27.06,15.05,2.21,1.0
46086.0,21.0,COL,Bogotá,15 ENGATIVA,Mr Beast Burger,didi,23.63,18.57,0.37,1.0
46086.0,21.0,COL,Bogotá,01 USAQUEN,Mr Beast Burger,didi,12.98,6.58,0.14,1.0
46086.0,21.0,COL,Bogotá,15 ENGATIVA,Mr Beast Burger,didi,20.97,11.27,0.91,1.0
46086.0,21.0,COL,Bogotá,15 ENGATIVA,Mr Beast Burger,didi,22.19,6.3,0.85,1.0
46086.0,21.0,COL,Bogotá,06 COLINA,Mr Beast Burger,didi,11.75,0.9,2.82,1.0
46086.0,21.0,COL,Bogotá,36 VILLA DEL PRADO,Mr Beast Burger,didi,13.4,1.22,1.49,1.0
46086.0,21.0,COL,Bogotá,03 CHAPINERO,Mr Beast Burger,didi,16.07,6.0,0.79,1.0
46086.0,21.0,COL,Bogotá,06 COLINA,Mr Beast Burger,didi,14.15,14.37,5.14,1.0
46086.0,21.0,COL,Bogotá,02 PARQUE 93,Mr Beast Burger,didi,12.66,8.37,0.94,1.0
46086.0,21.0,COL,Bogotá,03 CHAPINERO,Mr Beast Burger,didi,8.73,2.0,0.23,1.0
46086.0,22.0,COL,Bogotá,02 PARQUE 93,Mr Beast Burger,didi,24.87,5.8,1.27,1.0
46086.0,22.0,COL,Bogotá,02 PARQUE 93,Mr Beast Burger,didi,14.17,10.43,1.07,1.0
46086.0,22.0,COL,Bogotá,02 PARQUE 93,Mr Beast Burger,didi,18.86,8.8,1.02,1.0
46086.0,22.0,COL,Bogotá,03 CHAPINERO,Mr Beast Burger,didi,13.3,6.37,0.79,1.0
46086.0,22.0,COL,Bogotá,03 CHAPINERO,Mr Beast Burger,didi,13.23,9.53,1.47,1.0
46086.0,22.0,COL,Bogotá,03 CHAPINERO,Mr Beast Burger,didi,7.69,2.52,1.09,1.0
46086.0,22.0,COL,Bogotá,01 USAQUEN,Mr Beast Burger,didi,18.15,11.68,2.12,1.0
46086.0,23.0,COL,Bogotá,02 PARQUE 93,Mr Beast Burger,didi,7.56,2.88,1.59,1.0
46086.0,23.0,COL,Bogotá,02 PARQUE 93,Mr Beast Burger,didi,9.22,2.97,0.73,1.0
46086.0,23.0,COL,Bogotá,01 USAQUEN,Mr Beast Burger,didi,12.25,0.38,4.72,1.0
46086.0,11.0,COL,Bogotá,38 KENNEDY,Mr Beast Burger,rappi,8.04,0.53,16.45,1.0
46086.0,11.0,COL,Bogotá,36 VILLA DEL PRADO,Mr Beast Burger,rappi,20.94,1.03,4.26,1.0
46086.0,11.0,COL,Bogotá,03 CHAPINERO,Mr Beast Burger,rappi,12.16,7.43,0.27,1.0
46086.0,11.0,COL,Bogotá,69 ARRECIFE,Mr Beast Burger,rappi,17.26,0.18,29.74,1.0
46086.0,11.0,COL,Bogotá,36 VILLA DEL PRADO,Mr Beast Burger,rappi,19.03,8.7,2.83,1.0
46086.0,12.0,COL,Bogotá,15 ENGATIVA,Mr Beast Burger,rappi,13.08,0.27,4.92,1.0
46086.0,12.0,COL,Bogotá,38 KENNEDY,Mr Beast Burger,rappi,11.83,0.73,7.22,1.0
46086.0,12.0,COL,Bogotá,08 ANDES,Mr Beast Burger,rappi,17.74,14.25,1.39,1.0
46086.0,13.0,COL,Bogotá,01 USAQUEN,Mr Beast Burger,rappi,32.84,0.4,6.84,1.0
46086.0,13.0,COL,Bogotá,65 CALLE 109,Mr Beast Burger,rappi,25.26,13.67,2.11,1.0
46086.0,13.0,COL,Bogotá,65 CALLE 109,Mr Beast Burger,rappi,58.68,11.73,0.09,1.0
46086.0,14.0,COL,Bogotá,15 ENGATIVA,Mr Beast Burger,rappi,14.61,0.15,6.01,1.0
46086.0,14.0,COL,Bogotá,06 COLINA,Mr Beast Burger,rappi,17.37,0.57,13.9,1.0
46086.0,14.0,COL,Bogotá,01 USAQUEN,Mr Beast Burger,rappi,23.82,0.43,27.42,1.0
46086.0,14.0,COL,Bogotá,13 CHIA,Mr Beast Burger,rappi,26.93,0.17,1.18,1.0
46086.0,14.0,COL,Bogotá,65 CALLE 109,Mr Beast Burger,rappi,58.26,18.58,3.1,1.0
46086.0,14.0,COL,Bogotá,15 ENGATIVA,Mr Beast Burger,rappi,15.91,0.3,14.24,1.0
46086.0,15.0,COL,Bogotá,65 CALLE 109,Mr Beast Burger,rappi,40.31,9.52,0.97,1.0
46086.0,15.0,COL,Bogotá,36 VILLA DEL PRADO,Mr Beast Burger,rappi,16.8,7.1,3.07,1.0
46086.0,16.0,COL,Bogotá,03 CHAPINERO,Mr Beast Burger,rappi,26.14,13.7,2.28,1.0
46086.0,16.0,COL,Bogotá,13 CHIA,Mr Beast Burger,rappi,13.89,6.93,28.04,1.0
46086.0,16.0,COL,Bogotá,03 CHAPINERO,Mr Beast Burger,rappi,28.49,0.0,1.0,
46086.0,16.0,COL,Bogotá,45 VERAGUAS,Mr Beast Burger,rappi,0.6,,0.72,1.0
46086.0,16.0,COL,Bogotá,15 ENGATIVA,Mr Beast Burger,rappi,15.51,0.0,1.0,
46086.0,17.0,COL,Bogotá,06 COLINA,Mr Beast Burger,rappi,11.12,0.4,23.04,1.0
46086.0,17.0,COL,Bogotá,03 CHAPINERO,Mr Beast Burger,rappi,12.34,0.45,5.55,1.0
46086.0,18.0,COL,Bogotá,36 VILLA DEL PRADO,Mr Beast Burger,rappi,12.34,0.27,1.1,1.0
46086.0,18.0,COL,Bogotá,02 PARQUE 93,Mr Beast Burger,rappi,67.1,9.57,2.1,1.0
46086.0,18.0,COL,Bogotá,65 CALLE 109,Mr Beast Burger,rappi,22.63,9.65,2.29,1.0
46086.0,18.0,COL,Bogotá,38 KENNEDY,Mr Beast Burger,rappi,43.02,20.05,1.22,1.0
46086.0,18.0,COL,Bogotá,03 CHAPINERO,Mr Beast Burger,rappi,16.15,0.13,51.02,1.0
46086.0,18.0,COL,Bogotá,02 PARQUE 93,Mr Beast Burger,rappi,40.2,9.55,2.01,1.0
46086.0,18.0,COL,Bogotá,13 CHIA,Mr Beast Burger,rappi,18.81,9.95,1.05,1.0
46086.0,19.0,COL,Bogotá,65 CALLE 109,Mr Beast Burger,rappi,53.61,19.6,3.31,1.0
46086.0,19.0,COL,Bogotá,38 KENNEDY,Mr Beast Burger,rappi,10.89,1.4,18.97,1.0
46086.0,19.0,COL,Bogotá,69 ARRECIFE,Mr Beast Burger,rappi,13.94,0.13,35.99,1.0
46086.0,19.0,COL,Bogotá,13 CHIA,Mr Beast Burger,rappi,21.81,0.3,3.27,1.0
46086.0,19.0,COL,Bogotá,02 PARQUE 93,Mr Beast Burger,rappi,46.17,9.15,0.81,1.0
46086.0,19.0,COL,Bogotá,03 CHAPINERO,Mr Beast Burger,rappi,46.3,7.27,1.78,1.0
46086.0,19.0,COL,Bogotá,06 COLINA,Mr Beast Burger,rappi,32.8,0.38,9.52,1.0
46086.0,19.0,COL,Bogotá,65 CALLE 109,Mr Beast Burger,rappi,24.1,0.13,19.55,1.0
46086.0,20.0,COL,Bogotá,65 CALLE 109,Mr Beast Burger,rappi,42.66,34.17,2.98,1.0
46086.0,20.0,COL,Bogotá,65 CALLE 109,Mr Beast Burger,rappi,33.99,27.9,4.22,1.0
46086.0,20.0,COL,Bogotá,65 CALLE 109,Mr Beast Burger,rappi,35.7,30.82,1.86,1.0
46086.0,20.0,COL,Bogotá,36 VILLA DEL PRADO,Mr Beast Burger,rappi,13.98,0.0,52.11,1.0
46086.0,20.0,COL,Bogotá,45 VERAGUAS,Mr Beast Burger,rappi,7.82,1.48,0.84,1.0
46086.0,20.0,COL,Bogotá,01 USAQUEN,Mr Beast Burger,rappi,21.19,16.78,0.66,1.0
46086.0,20.0,COL,Bogotá,06 COLINA,Mr Beast Burger,rappi,15.85,10.68,0.89,1.0
46086.0,21.0,COL,Bogotá,38 KENNEDY,Mr Beast Burger,rappi,25.54,3.35,1.62,1.0
46086.0,21.0,COL,Bogotá,36 VILLA DEL PRADO,Mr Beast Burger,rappi,19.17,0.65,5.8,1.0
46086.0,21.0,COL,Bogotá,65 CALLE 109,Mr Beast Burger,rappi,35.99,18.98,4.36,1.0
46086.0,21.0,COL,Bogotá,36 VILLA DEL PRADO,Mr Beast Burger,rappi,23.37,6.57,0.94,1.0
46086.0,21.0,COL,Bogotá,02 PARQUE 93,Mr Beast Burger,rappi,59.14,7.87,0.73,1.0
46086.0,21.0,COL,Bogotá,69 ARRECIFE,Mr Beast Burger,rappi,32.4,25.77,0.83,1.0
46086.0,21.0,COL,Bogotá,69 ARRECIFE,Mr Beast Burger,rappi,24.53,5.55,1.22,1.0
46086.0,21.0,COL,Bogotá,01 USAQUEN,Mr Beast Burger,rappi,15.74,0.43,8.21,1.0
46086.0,21.0,COL,Bogotá,15 ENGATIVA,Mr Beast Burger,rappi,23.35,0.47,15.15,1.0
46086.0,21.0,COL,Bogotá,65 CALLE 109,Mr Beast Burger,rappi,21.31,8.07,2.76,1.0
46086.0,22.0,COL,Bogotá,01 USAQUEN,Mr Beast Burger,rappi,13.38,0.63,7.73,1.0
46086.0,22.0,COL,Bogotá,02 PARQUE 93,Mr Beast Burger,rappi,30.84,8.6,2.06,1.0
46086.0,22.0,COL,Bogotá,02 PARQUE 93,Mr Beast Burger,rappi,30.61,4.93,0.43,1.0
46086.0,23.0,COL,Bogotá,02 PARQUE 93,Mr Beast Burger,rappi,10.96,5.28,14.26,1.0
46086.0,23.0,COL,Bogotá,03 CHAPINERO,Mr Beast Burger,rappi,1.6,,19.48,1.0
46086.0,23.0,COL,Bogotá,02 PARQUE 93,Mr Beast Burger,rappi,10.67,5.28,1.25,1.0
46086.0,13.0,COL,Bogotá,38 KENNEDY,Mr Beast Burger Turbo,rappi,6.01,0.3,0.98,1.0
46086.0,15.0,COL,Bogotá,38 KENNEDY,Mr Beast Burger Turbo,rappi,5.18,0.65,1.8,1.0
46086.0,17.0,COL,Bogotá,38 KENNEDY,Mr Beast Burger Turbo,rappi,5.11,0.95,4.69,1.0
46086.0,17.0,COL,Bogotá,38 KENNEDY,Mr Beast Burger Turbo,rappi,5.45,1.25,1.09,1.0
46086.0,18.0,COL,Bogotá,38 KENNEDY,Mr Beast Burger Turbo,rappi,7.8,0.9,3.47,1.0
46086.0,18.0,COL,Bogotá,38 KENNEDY,Mr Beast Burger Turbo,rappi,13.25,8.2,1.68,1.0
46086.0,19.0,COL,Bogotá,38 KENNEDY,Mr Beast Burger Turbo,rappi,8.81,0.55,21.27,1.0
46086.0,19.0,COL,Bogotá,08 ANDES,Mr Beast Burger Turbo,rappi,2.67,0.58,4.94,1.0
46086.0,19.0,COL,Bogotá,38 KENNEDY,Mr Beast Burger Turbo,rappi,6.2,2.65,1.18,1.0
46086.0,19.0,COL,Bogotá,08 ANDES,Mr Beast Burger Turbo,rappi,4.46,0.42,0.77,1.0
46086.0,19.0,COL,Bogotá,08 ANDES,Mr Beast Burger Turbo,rappi,4.86,0.43,0.39,1.0
46086.0,21.0,COL,Bogotá,08 ANDES,Mr Beast Burger Turbo,rappi,4.77,0.97,1.18,1.0
46086.0,21.0,COL,Bogotá,08 ANDES,Mr Beast Burger Turbo,rappi,4.91,5.62,5.84,1.0
46086.0,21.0,COL,Bogotá,38 KENNEDY,Mr Beast Burger Turbo,rappi,9.83,0.72,5.08,1.0
46086.0,13.0,COL,Bogotá,01 USAQUEN,Ñamgucheria Turbo,rappi,3.22,0.0,0.78,1.0
46086.0,14.0,COL,Bogotá,01 USAQUEN,Ñamgucheria Turbo,rappi,5.07,0.17,1.87,1.0
46086.0,14.0,COL,Bogotá,38 KENNEDY,Ñamgucheria Turbo,rappi,8.96,5.77,2.71,1.0
46086.0,15.0,COL,Bogotá,08 ANDES,Ñamgucheria Turbo,rappi,6.29,3.5,2.0,1.0
46086.0,19.0,COL,Bogotá,01 USAQUEN,Ñamgucheria Turbo,rappi,5.22,0.42,0.77,1.0
46086.0,19.0,COL,Bogotá,01 USAQUEN,Ñamgucheria Turbo,rappi,9.09,4.52,0.21,1.0
46086.0,19.0,COL,Bogotá,01 USAQUEN,Ñamgucheria Turbo,rappi,5.3,1.18,0.79,1.0
46086.0,19.0,COL,Bogotá,01 USAQUEN,Ñamgucheria Turbo,rappi,6.28,2.12,0.74,1.0
46086.0,20.0,COL,Bogotá,08 ANDES,Ñamgucheria Turbo,rappi,7.77,3.02,0.39,1.0
46086.0,20.0,COL,Bogotá,01 USAQUEN,Ñamgucheria Turbo,rappi,4.27,0.02,0.73,1.0
46086.0,20.0,COL,Bogotá,01 USAQUEN,Ñamgucheria Turbo,rappi,4.18,0.0,0.61,1.0
46086.0,20.0,COL,Bogotá,01 USAQUEN,Ñamgucheria Turbo,rappi,6.26,1.57,0.47,1.0
46086.0,21.0,COL,Bogotá,08 ANDES,Ñamgucheria Turbo,rappi,9.78,0.48,5.95,1.0
46086.0,21.0,COL,Bogotá,01 USAQUEN,Ñamgucheria Turbo,rappi,5.24,0.67,5.65,1.0
46086.0,12.0,COL,Bogotá,03 CHAPINERO,Numa Cocina Mediterranea,didi,7.74,3.08,0.29,1.0
46086.0,12.0,COL,Bogotá,02 PARQUE 93,Numa Cocina Mediterranea,didi,22.88,2.8,0.36,1.0
46086.0,13.0,COL,Bogotá,03 CHAPINERO,Numa Cocina Mediterranea,didi,5.94,0.32,9.08,1.0
46086.0,18.0,COL,Bogotá,03 CHAPINERO,Numa Cocina Mediterranea,didi,0.53,,18.45,1.0
46086.0,14.0,COL,Bogotá,15 ENGATIVA,Numa Cocina Mediterranea,rappi,17.37,5.65,0.82,1.0
46086.0,16.0,COL,Bogotá,08 ANDES,Numa Cocina Mediterranea - Turbo,rappi,4.5,0.0,0.15,1.0
46086.0,19.0,COL,Bogotá,08 ANDES,Numa Cocina Mediterranea - Turbo,rappi,5.29,0.67,0.1,1.0
46086.0,21.0,COL,Bogotá,08 ANDES,Numa Cocina Mediterranea - Turbo,rappi,15.88,11.15,0.19,1.0
46086.0,6.0,COL,Bogotá,03 CHAPINERO,Pret Sandwich Bistro,rappi,10.67,0.2,20.42,1.0
46086.0,10.0,COL,Bogotá,15 ENGATIVA,Pret Sandwich Bistro,rappi,18.86,4.77,0.5,1.0
46086.0,12.0,COL,Bogotá,38 KENNEDY,Pret Sandwich Bistro,rappi,9.37,0.3,50.97,1.0
46086.0,12.0,COL,Bogotá,02 PARQUE 93,Pret Sandwich Bistro,rappi,30.02,6.4,0.88,1.0
46086.0,12.0,COL,Bogotá,15 ENGATIVA,Pret Sandwich Bistro,rappi,18.39,0.23,12.95,1.0
46086.0,19.0,COL,Bogotá,15 ENGATIVA,Pret Sandwich Bistro,rappi,27.04,0.77,0.37,1.0
46086.0,19.0,COL,Bogotá,65 CALLE 109,Pret Sandwich Bistro,rappi,23.22,2.52,12.95,1.0
46086.0,20.0,COL,Bogotá,01 USAQUEN,Pret Sandwich Bistro,rappi,28.72,8.75,0.29,1.0
46086.0,21.0,COL,Bogotá,65 CALLE 109,Pret Sandwich Bistro,rappi,24.29,1.17,7.75,1.0
46086.0,23.0,COL,Bogotá,01 USAQUEN,Pret Sandwich Bistro,rappi,7.66,0.15,26.09,1.0
46086.0,23.0,COL,Bogotá,03 CHAPINERO,Pret Sandwich Bistro,rappi,33.38,16.98,0.55,1.0
46086.0,11.0,COL,Bogotá,02 PARQUE 93,Que Chicken,rappi,20.0,7.52,0.95,1.0
46086.0,12.0,COL,Bogotá,36 VILLA DEL PRADO,Que Chicken,rappi,21.75,11.62,0.99,1.0
46086.0,14.0,COL,Bogotá,02 PARQUE 93,Que Chicken,rappi,13.28,9.48,0.99,1.0
46086.0,14.0,COL,Bogotá,01 USAQUEN,Que Chicken,rappi,20.43,0.22,6.98,1.0
46086.0,14.0,COL,Bogotá,01 USAQUEN,Que Chicken,rappi,18.5,0.0,1.0,
46086.0,18.0,COL,Bogotá,01 USAQUEN,Que Chicken,rappi,18.17,8.55,0.88,1.0
46086.0,18.0,COL,Bogotá,38 KENNEDY,Que Chicken,rappi,16.88,5.88,24.18,1.0
46086.0,18.0,COL,Bogotá,01 USAQUEN,Que Chicken,rappi,30.18,0.0,1.0,
46086.0,19.0,COL,Bogotá,08 ANDES,Que Chicken,rappi,12.98,8.02,0.26,1.0
46086.0,21.0,COL,Bogotá,01 USAQUEN,Que Chicken,rappi,16.26,8.98,0.07,1.0
46086.0,22.0,COL,Bogotá,01 USAQUEN,Que Chicken,rappi,17.99,12.43,0.36,1.0
46086.0,19.0,COL,Bogotá,15 ENGATIVA,San Jeronimo,didi,1.92,,0.98,1.0
46086.0,10.0,COL,Bogotá,02 PARQUE 93,San Jeronimo,rappi,1.18,,9.94,1.0
46086.0,11.0,COL,Bogotá,01 USAQUEN,San Jeronimo,rappi,0.22,,5.41,1.0
46086.0,14.0,COL,Bogotá,06 COLINA,San Jeronimo,rappi,1.22,,38.11,1.0
46086.0,15.0,COL,Bogotá,02 PARQUE 93,San Jeronimo,rappi,0.47,,37.79,1.0
46086.0,15.0,COL,Bogotá,45 VERAGUAS,San Jeronimo,rappi,0.42,,3.99,1.0
46086.0,15.0,COL,Bogotá,03 CHAPINERO,San Jeronimo,rappi,0.23,,24.75,1.0
46086.0,16.0,COL,Bogotá,13 CHIA,San Jeronimo,rappi,3.17,,0.72,1.0
46086.0,17.0,COL,Bogotá,03 CHAPINERO,San Jeronimo,rappi,0.18,,38.0,1.0
46086.0,17.0,COL,Bogotá,45 VERAGUAS,San Jeronimo,rappi,0.0,,1.0,
46086.0,18.0,COL,Bogotá,02 PARQUE 93,San Jeronimo,rappi,0.0,,1.0,
46086.0,18.0,COL,Bogotá,36 VILLA DEL PRADO,San Jeronimo,rappi,0.87,,9.26,1.0
46086.0,13.0,COL,Bogotá,02 PARQUE 93,SAN JERÓNIMO TURBO,rappi,0.4,,5.61,1.0
46086.0,15.0,COL,Bogotá,01 USAQUEN,SAN JERÓNIMO TURBO,rappi,0.0,,2.89,1.0
46086.0,15.0,COL,Bogotá,01 USAQUEN,SAN JERÓNIMO TURBO,rappi,0.82,,1.65,1.0
46086.0,15.0,COL,Bogotá,01 USAQUEN,SAN JERÓNIMO TURBO,rappi,0.0,,1.23,1.0
46086.0,16.0,COL,Bogotá,06 COLINA,SAN JERÓNIMO TURBO,rappi,0.22,,5.15,1.0
46086.0,16.0,COL,Bogotá,01 USAQUEN,SAN JERÓNIMO TURBO,rappi,0.0,,4.19,1.0
46086.0,16.0,COL,Bogotá,01 USAQUEN,SAN JERÓNIMO TURBO,rappi,0.0,,3.28,1.0
46086.0,16.0,COL,Bogotá,01 USAQUEN,SAN JERÓNIMO TURBO,rappi,0.0,,2.59,1.0
46086.0,16.0,COL,Bogotá,02 PARQUE 93,SAN JERÓNIMO TURBO,rappi,0.0,,0.9,1.0
46086.0,16.0,COL,Bogotá,38 KENNEDY,SAN JERÓNIMO TURBO,rappi,0.72,,8.29,1.0
46086.0,16.0,COL,Bogotá,02 PARQUE 93,SAN JERÓNIMO TURBO,rappi,0.0,,0.99,1.0
46086.0,16.0,COL,Bogotá,01 USAQUEN,SAN JERÓNIMO TURBO,rappi,0.43,,4.42,1.0
46086.0,16.0,COL,Bogotá,06 COLINA,SAN JERÓNIMO TURBO,rappi,1.28,,18.87,1.0
46086.0,17.0,COL,Bogotá,01 USAQUEN,SAN JERÓNIMO TURBO,rappi,0.18,,4.23,1.0
46086.0,17.0,COL,Bogotá,02 PARQUE 93,SAN JERÓNIMO TURBO,rappi,0.0,,1.02,1.0
46086.0,17.0,COL,Bogotá,01 USAQUEN,SAN JERÓNIMO TURBO,rappi,0.0,,3.95,1.0
46086.0,17.0,COL,Bogotá,02 PARQUE 93,SAN JERÓNIMO TURBO,rappi,0.0,,1.65,1.0
46086.0,17.0,COL,Bogotá,03 CHAPINERO,SAN JERÓNIMO TURBO,rappi,0.0,,3.1,1.0
46086.0,18.0,COL,Bogotá,36 VILLA DEL PRADO,SAN JERÓNIMO TURBO,rappi,0.0,,1.02,1.0
46086.0,19.0,COL,Bogotá,06 COLINA,SAN JERÓNIMO TURBO,rappi,1.3,,44.96,1.0
46086.0,19.0,COL,Bogotá,02 PARQUE 93,SAN JERÓNIMO TURBO,rappi,0.0,,0.37,1.0
46086.0,20.0,COL,Bogotá,01 USAQUEN,SAN JERÓNIMO TURBO,rappi,0.0,,1.95,1.0
46086.0,20.0,COL,Bogotá,08 ANDES,SAN JERÓNIMO TURBO,rappi,0.0,,1.94,1.0
46086.0,20.0,COL,Bogotá,08 ANDES,SAN JERÓNIMO TURBO,rappi,1.88,,12.2,1.0
46086.0,21.0,COL,Bogotá,02 PARQUE 93,SAN JERÓNIMO TURBO,rappi,0.55,,9.08,1.0
46086.0,21.0,COL,Bogotá,02 PARQUE 93,SAN JERÓNIMO TURBO,rappi,0.38,,46.48,1.0
46086.0,21.0,COL,Bogotá,01 USAQUEN,SAN JERÓNIMO TURBO,rappi,0.33,,12.93,1.0
46086.0,9.0,COL,Bogotá,06 COLINA,SÁNDUCHES EL JEFE,didi,47.6,29.87,1.84,1.0
46086.0,19.0,COL,Bogotá,13 CHIA,SÁNDUCHES EL JEFE,didi,19.27,9.87,0.16,1.0
46086.0,20.0,COL,Bogotá,15 ENGATIVA,SÁNDUCHES EL JEFE,didi,24.79,5.13,0.51,1.0
46086.0,21.0,COL,Bogotá,15 ENGATIVA,SÁNDUCHES EL JEFE,didi,16.49,4.7,0.8,1.0
46086.0,22.0,COL,Bogotá,03 CHAPINERO,SÁNDUCHES EL JEFE,didi,12.26,1.42,0.72,1.0
46086.0,7.0,COL,Bogotá,03 CHAPINERO,SÁNDUCHES EL JEFE,rappi,9.12,4.03,13.34,1.0
46086.0,10.0,COL,Bogotá,38 KENNEDY,SÁNDUCHES EL JEFE,rappi,10.92,7.22,1.42,1.0
46086.0,12.0,COL,Bogotá,03 CHAPINERO,SÁNDUCHES EL JEFE,rappi,6.06,2.53,12.81,1.0
46086.0,13.0,COL,Bogotá,13 CHIA,SÁNDUCHES EL JEFE,rappi,19.95,13.95,0.28,1.0
46086.0,18.0,COL,Bogotá,13 CHIA,SÁNDUCHES EL JEFE,rappi,14.49,8.83,0.54,1.0
46086.0,23.0,COL,Bogotá,03 CHAPINERO,SÁNDUCHES EL JEFE,rappi,26.91,6.0,13.83,1.0
46086.0,17.0,COL,Bogotá,36 VILLA DEL PRADO,Selvatiko,didi,0.0,,1.48,1.0
46086.0,12.0,COL,Bogotá,08 ANDES,Selvatiko,rappi,7.71,0.23,10.4,1.0
46086.0,13.0,COL,Bogotá,03 CHAPINERO,Selvatiko,rappi,14.92,0.62,29.75,1.0
46086.0,14.0,COL,Bogotá,13 CHIA,Selvatiko,rappi,16.06,0.27,62.75,1.0
46086.0,15.0,COL,Bogotá,65 CALLE 109,Selvatiko,rappi,9.79,5.4,0.43,1.0
46086.0,18.0,COL,Bogotá,02 PARQUE 93,Selvatiko,rappi,37.32,7.15,0.73,1.0
46086.0,21.0,COL,Bogotá,65 CALLE 109,Selvatiko,rappi,0.0,,1.0,
46086.0,16.0,COL,Bogotá,36 VILLA DEL PRADO,Señor Burrito,didi,12.04,2.63,0.7,1.0
46086.0,17.0,COL,Bogotá,01 USAQUEN,Señor Burrito,didi,5.06,0.57,0.67,1.0
46086.0,20.0,COL,Bogotá,01 USAQUEN,Señor Burrito,didi,10.68,2.0,18.97,1.0
46086.0,20.0,COL,Bogotá,45 VERAGUAS,Señor Burrito,didi,11.17,2.38,25.93,1.0
46086.0,23.0,COL,Bogotá,03 CHAPINERO,Señor Burrito,didi,5.1,1.58,1.22,1.0
46086.0,12.0,COL,Bogotá,13 CHIA,Señor Burrito,rappi,18.08,0.23,14.75,1.0
46086.0,13.0,COL,Bogotá,36 VILLA DEL PRADO,Señor Burrito,rappi,15.53,10.4,1.47,1.0
46086.0,13.0,COL,Bogotá,13 CHIA,Señor Burrito,rappi,9.32,0.33,4.16,1.0
46086.0,13.0,COL,Bogotá,15 ENGATIVA,Señor Burrito,rappi,19.21,0.57,14.98,1.0
46086.0,13.0,COL,Bogotá,36 VILLA DEL PRADO,Señor Burrito,rappi,15.98,4.55,0.3,1.0
46086.0,16.0,COL,Bogotá,65 CALLE 109,Señor Burrito,rappi,32.92,6.43,0.16,1.0
46086.0,13.0,COL,Bogotá,01 USAQUEN,Señor Burrito Turbo,rappi,1.92,0.38,4.88,1.0
46086.0,15.0,COL,Bogotá,03 CHAPINERO,Señor Burrito Turbo,rappi,2.87,0.53,2.87,1.0
46086.0,7.0,COL,Bogotá,38 KENNEDY,The Breakfast Club,didi,4.12,0.82,10.27,1.0
46086.0,7.0,COL,Bogotá,38 KENNEDY,The Breakfast Club,didi,11.9,4.27,0.85,1.0
46086.0,8.0,COL,Bogotá,02 PARQUE 93,The Breakfast Club,didi,5.04,1.7,4.54,1.0
46086.0,8.0,COL,Bogotá,01 USAQUEN,The Breakfast Club,didi,11.52,8.75,1.93,1.0
46086.0,8.0,COL,Bogotá,03 CHAPINERO,The Breakfast Club,didi,7.92,0.92,1.08,1.0
46086.0,8.0,COL,Bogotá,03 CHAPINERO,The Breakfast Club,didi,3.71,0.8,14.94,1.0
46086.0,8.0,COL,Bogotá,15 ENGATIVA,The Breakfast Club,didi,14.57,0.78,1.02,1.0
46086.0,9.0,COL,Bogotá,15 ENGATIVA,The Breakfast Club,didi,26.76,22.2,0.78,1.0
46086.0,9.0,COL,Bogotá,36 VILLA DEL PRADO,The Breakfast Club,didi,20.87,16.45,0.38,1.0
46086.0,12.0,COL,Bogotá,36 VILLA DEL PRADO,The Breakfast Club,didi,15.92,10.13,0.94,1.0
46086.0,14.0,COL,Bogotá,03 CHAPINERO,The Breakfast Club,didi,13.38,6.2,0.6,1.0
46086.0,20.0,COL,Bogotá,13 CHIA,The Breakfast Club,didi,18.35,3.08,0.74,1.0
46086.0,7.0,COL,Bogotá,65 CALLE 109,The Breakfast Club,rappi,12.15,6.23,2.54,1.0
46086.0,7.0,COL,Bogotá,02 PARQUE 93,The Breakfast Club,rappi,20.02,9.78,1.01,1.0
46086.0,7.0,COL,Bogotá,36 VILLA DEL PRADO,The Breakfast Club,rappi,24.12,22.75,3.29,1.0
46086.0,7.0,COL,Bogotá,03 CHAPINERO,The Breakfast Club,rappi,2.05,0.17,9.72,1.0
46086.0,7.0,COL,Bogotá,15 ENGATIVA,The Breakfast Club,rappi,13.13,8.87,0.77,1.0
46086.0,8.0,COL,Bogotá,01 USAQUEN,The Breakfast Club,rappi,18.99,2.82,1.56,1.0
46086.0,8.0,COL,Bogotá,50 CHICO,The Breakfast Club,rappi,7.09,3.53,1.18,1.0
46086.0,8.0,COL,Bogotá,06 COLINA,The Breakfast Club,rappi,12.68,2.25,0.55,1.0
46086.0,8.0,COL,Bogotá,36 VILLA DEL PRADO,The Breakfast Club,rappi,7.84,3.4,0.79,1.0
46086.0,8.0,COL,Bogotá,03 CHAPINERO,The Breakfast Club,rappi,8.69,0.17,1.43,1.0
46086.0,8.0,COL,Bogotá,38 KENNEDY,The Breakfast Club,rappi,13.03,8.72,0.44,1.0
46086.0,8.0,COL,Bogotá,50 CHICO,The Breakfast Club,rappi,16.97,10.35,4.31,1.0
46086.0,8.0,COL,Bogotá,50 CHICO,The Breakfast Club,rappi,7.14,15.5,11.82,1.0
46086.0,8.0,COL,Bogotá,02 PARQUE 93,The Breakfast Club,rappi,33.18,6.88,0.88,1.0
46086.0,8.0,COL,Bogotá,50 CHICO,The Breakfast Club,rappi,10.59,8.05,3.06,1.0
46086.0,8.0,COL,Bogotá,03 CHAPINERO,The Breakfast Club,rappi,10.8,4.72,2.74,1.0
46086.0,8.0,COL,Bogotá,38 KENNEDY,The Breakfast Club,rappi,15.15,10.65,0.62,1.0
46086.0,8.0,COL,Bogotá,06 COLINA,The Breakfast Club,rappi,65.93,4.32,1.62,1.0
46086.0,8.0,COL,Bogotá,50 CHICO,The Breakfast Club,rappi,5.38,4.23,3.74,1.0
46086.0,8.0,COL,Bogotá,15 ENGATIVA,The Breakfast Club,rappi,14.16,0.57,16.86,1.0
46086.0,9.0,COL,Bogotá,03 CHAPINERO,The Breakfast Club,rappi,9.31,0.12,4.06,1.0
46086.0,9.0,COL,Bogotá,65 CALLE 109,The Breakfast Club,rappi,8.81,6.88,3.11,1.0
46086.0,9.0,COL,Bogotá,65 CALLE 109,The Breakfast Club,rappi,13.68,3.8,0.18,1.0
46086.0,9.0,COL,Bogotá,03 CHAPINERO,The Breakfast Club,rappi,6.01,0.33,3.21,1.0
46086.0,10.0,COL,Bogotá,08 ANDES,The Breakfast Club,rappi,13.96,10.35,1.23,1.0
46086.0,10.0,COL,Bogotá,36 VILLA DEL PRADO,The Breakfast Club,rappi,16.99,9.67,1.64,1.0
46086.0,10.0,COL,Bogotá,03 CHAPINERO,The Breakfast Club,rappi,5.15,0.1,34.82,1.0
46086.0,10.0,COL,Bogotá,36 VILLA DEL PRADO,The Breakfast Club,rappi,33.41,8.98,1.8,1.0
46086.0,10.0,COL,Bogotá,03 CHAPINERO,The Breakfast Club,rappi,11.7,0.15,3.19,1.0
46086.0,10.0,COL,Bogotá,03 CHAPINERO,The Breakfast Club,rappi,11.75,2.18,0.35,1.0
46086.0,10.0,COL,Bogotá,03 CHAPINERO,The Breakfast Club,rappi,5.77,0.35,17.44,1.0
46086.0,10.0,COL,Bogotá,03 CHAPINERO,The Breakfast Club,rappi,6.98,0.38,12.48,1.0
46086.0,10.0,COL,Bogotá,36 VILLA DEL PRADO,The Breakfast Club,rappi,21.75,0.17,16.68,1.0
46086.0,11.0,COL,Bogotá,13 CHIA,The Breakfast Club,rappi,22.83,1.1,11.04,1.0
46086.0,11.0,COL,Bogotá,38 KENNEDY,The Breakfast Club,rappi,15.39,8.42,0.79,1.0
46086.0,11.0,COL,Bogotá,03 CHAPINERO,The Breakfast Club,rappi,11.98,0.05,6.23,1.0
46086.0,11.0,COL,Bogotá,08 ANDES,The Breakfast Club,rappi,10.87,6.57,0.83,1.0
46086.0,11.0,COL,Bogotá,03 CHAPINERO,The Breakfast Club,rappi,7.51,0.53,0.62,1.0
46086.0,12.0,COL,Bogotá,03 CHAPINERO,The Breakfast Club,rappi,12.34,3.78,0.7,1.0
46086.0,12.0,COL,Bogotá,38 KENNEDY,The Breakfast Club,rappi,15.18,8.2,1.63,1.0
46086.0,20.0,COL,Bogotá,01 USAQUEN,The Breakfast Club,rappi,30.1,22.55,0.85,1.0
46086.0,21.0,COL,Bogotá,03 CHAPINERO,The Breakfast Club,rappi,14.99,3.85,0.19,1.0
46086.0,8.0,COL,Bogotá,01 USAQUEN,The Breakfast Club Turbo,rappi,6.82,2.7,0.98,1.0
46086.0,8.0,COL,Bogotá,01 USAQUEN,The Breakfast Club Turbo,rappi,4.95,0.23,1.27,1.0
46086.0,9.0,COL,Bogotá,01 USAQUEN,The Breakfast Club Turbo,rappi,7.09,2.58,0.24,1.0
46086.0,9.0,COL,Bogotá,08 ANDES,The Breakfast Club Turbo,rappi,8.05,3.52,0.25,1.0
46086.0,12.0,COL,Bogotá,36 VILLA DEL PRADO,The Breakfast Club Turbo,rappi,7.31,3.3,0.85,1.0
46086.0,19.0,COL,Bogotá,01 USAQUEN,The Breakfast Club Turbo,rappi,6.33,2.62,1.03,1.0
46086.0,19.0,COL,Bogotá,01 USAQUEN,The Breakfast Club Turbo,rappi,7.03,2.3,0.53,1.0
46086.0,20.0,COL,Bogotá,03 CHAPINERO,The Breakfast Club Turbo,rappi,16.79,12.0,0.2,1.0
46086.0,20.0,COL,Bogotá,36 VILLA DEL PRADO,The Breakfast Club Turbo,rappi,8.85,2.0,0.28,1.0
46086.0,10.0,COL,Bogotá,02 PARQUE 93,The Egg Spot,didi,14.85,7.6,0.8,1.0
46086.0,6.0,COL,Bogotá,01 USAQUEN,The Egg Spot,rappi,18.14,0.67,15.2,1.0
46086.0,8.0,COL,Bogotá,06 COLINA,The Egg Spot,rappi,35.29,17.0,26.56,1.0
46086.0,9.0,COL,Bogotá,45 VERAGUAS,The Egg Spot,rappi,12.92,5.88,0.33,1.0
46086.0,10.0,COL,Bogotá,45 VERAGUAS,The Egg Spot,rappi,18.06,1.83,0.81,1.0
46086.0,11.0,COL,Bogotá,08 ANDES,The Egg Spot,rappi,11.7,5.53,0.39,1.0
46086.0,8.0,COL,Bogotá,01 USAQUEN,The Egg Spot Turbo,rappi,5.85,0.98,0.14,1.0
46086.0,7.0,COL,Bogotá,69 ARRECIFE,Vicio,rappi,5.05,,1.9,1.0
46086.0,10.0,COL,Bogotá,13 CHIA,Vicio,rappi,3.98,,1.0,1.0
46086.0,14.0,COL,Bogotá,15 ENGATIVA,Vicio,rappi,7.45,,1.97,1.0
46086.0,16.0,COL,Bogotá,06 COLINA,Vicio,rappi,0.67,,7.18,1.0
46086.0,18.0,COL,Bogotá,65 CALLE 109,Vicio,rappi,2.35,,5.89,1.0
46086.0,19.0,COL,Bogotá,65 CALLE 109,Vicio,rappi,0.75,,6.32,1.0
46086.0,21.0,COL,Bogotá,01 USAQUEN,Vicio,rappi,1.08,,40.86,1.0
46086.0,11.0,COL,Bogotá,36 VILLA DEL PRADO,Vicio Turbo,rappi,0.28,,1.92,1.0
46086.0,16.0,COL,Bogotá,36 VILLA DEL PRADO,Vicio Turbo,rappi,0.85,,4.9,1.0
46086.0,21.0,COL,Bogotá,02 PARQUE 93,Vicio Turbo,rappi,0.0,,1.0,
46086.0,21.0,COL,Bogotá,01 USAQUEN,Vicio Turbo,rappi,0.68,,7.04,1.0
46086.0,21.0,COL,Bogotá,03 CHAPINERO,Vicio Turbo,rappi,0.3,,24.91,1.0
46086.0,15.0,COL,Bucaramanga,42 CABECERA,ACPM Corrientazo,rappi,6.14,0.38,22.2,1.0
46086.0,13.0,COL,Bucaramanga,42 CABECERA,Alba Vegetarian,didi,21.17,1.5,0.65,1.0
46086.0,19.0,COL,Bucaramanga,42 CABECERA,Alba Vegetarian,didi,7.41,0.65,0.9,1.0
46086.0,13.0,COL,Bucaramanga,42 CABECERA,Alba Vegetarian,rappi,4.78,0.58,31.95,1.0
46086.0,19.0,COL,Bucaramanga,42 CABECERA,Alba Vegetarian,rappi,12.21,0.72,14.97,1.0
46086.0,11.0,COL,Bucaramanga,42 CABECERA,Almuerzos de la Casa,didi,20.0,14.05,0.63,1.0
46086.0,11.0,COL,Bucaramanga,42 CABECERA,Almuerzos de la Casa,didi,23.2,15.33,1.96,1.0
46086.0,12.0,COL,Bucaramanga,42 CABECERA,Almuerzos de la Casa,didi,26.27,20.87,0.69,1.0
46086.0,12.0,COL,Bucaramanga,42 CABECERA,Almuerzos de la Casa,didi,29.67,24.62,0.09,1.0
46086.0,12.0,COL,Bucaramanga,42 CABECERA,Almuerzos de la Casa,didi,16.78,4.35,0.08,1.0
46086.0,12.0,COL,Bucaramanga,42 CABECERA,Almuerzos de la Casa,didi,22.22,12.77,0.68,1.0
46086.0,12.0,COL,Bucaramanga,42 CABECERA,Almuerzos de la Casa,didi,13.96,1.3,10.78,1.0
46086.0,12.0,COL,Bucaramanga,42 CABECERA,Almuerzos de la Casa,didi,5.95,0.18,13.87,1.0
46086.0,13.0,COL,Bucaramanga,42 CABECERA,Almuerzos de la Casa,didi,11.91,6.27,0.21,1.0
46086.0,13.0,COL,Bucaramanga,42 CABECERA,Almuerzos de la Casa,didi,22.92,14.33,0.16,1.0
46086.0,13.0,COL,Bucaramanga,42 CABECERA,Almuerzos de la Casa,didi,11.12,1.3,0.73,1.0
46086.0,14.0,COL,Bucaramanga,42 CABECERA,Almuerzos de la Casa,didi,12.26,8.23,0.86,1.0
46086.0,15.0,COL,Bucaramanga,42 CABECERA,Almuerzos de la Casa,didi,14.66,10.65,1.1,1.0
46086.0,16.0,COL,Bucaramanga,42 CABECERA,Almuerzos de la Casa,didi,11.32,10.7,9.9,1.0
46086.0,21.0,COL,Bucaramanga,42 CABECERA,Almuerzos de la Casa,didi,7.28,3.02,0.71,1.0
46086.0,11.0,COL,Bucaramanga,42 CABECERA,Almuerzos de la Casa,rappi,18.05,15.6,3.08,1.0
46086.0,11.0,COL,Bucaramanga,42 CABECERA,Almuerzos de la Casa,rappi,22.87,18.15,0.19,1.0
46086.0,11.0,COL,Bucaramanga,42 CABECERA,Almuerzos de la Casa,rappi,30.15,9.28,0.03,1.0
46086.0,11.0,COL,Bucaramanga,42 CABECERA,Almuerzos de la Casa,rappi,21.98,7.9,0.13,1.0
46086.0,13.0,COL,Bucaramanga,42 CABECERA,Almuerzos de la Casa,rappi,20.92,9.5,1.27,1.0
46086.0,15.0,COL,Bucaramanga,42 CABECERA,Almuerzos de la Casa,rappi,9.03,0.2,20.45,1.0
46086.0,15.0,COL,Bucaramanga,42 CABECERA,Almuerzos de la Casa,rappi,15.81,0.8,40.03,1.0
46086.0,12.0,COL,Bucaramanga,42 CABECERA,Almuerzos de la Casa Turbo,rappi,1.91,0.63,5.66,1.0
46086.0,11.0,COL,Bucaramanga,42 CABECERA,Avocalia,didi,7.17,3.35,1.02,1.0
46086.0,11.0,COL,Bucaramanga,42 CABECERA,Avocalia,rappi,21.99,0.0,21.04,1.0
46086.0,11.0,COL,Bucaramanga,42 CABECERA,Avocalia,rappi,18.27,0.0,20.78,1.0
46086.0,12.0,COL,Bucaramanga,42 CABECERA,Avocalia,rappi,12.51,0.55,29.0,1.0
46086.0,13.0,COL,Bucaramanga,42 CABECERA,Avocalia,rappi,27.31,0.0,22.92,1.0
46086.0,13.0,COL,Bucaramanga,42 CABECERA,Avocalia,rappi,22.91,0.0,18.83,1.0
46086.0,15.0,COL,Bucaramanga,42 CABECERA,Avocalia,rappi,12.76,0.0,3.46,1.0
46086.0,17.0,COL,Bucaramanga,42 CABECERA,Avocalia,rappi,22.8,0.23,0.21,1.0
46086.0,11.0,COL,Bucaramanga,42 CABECERA,AVOCALIA TURBO,rappi,9.15,3.87,0.0,1.0
46086.0,12.0,COL,Bucaramanga,42 CABECERA,AVOCALIA TURBO,rappi,10.22,5.23,0.71,1.0
46086.0,12.0,COL,Bucaramanga,42 CABECERA,AVOCALIA TURBO,rappi,13.0,8.03,0.01,1.0
46086.0,12.0,COL,Bucaramanga,42 CABECERA,AVOCALIA TURBO,rappi,14.72,9.62,0.21,1.0
46086.0,13.0,COL,Bucaramanga,42 CABECERA,AVOCALIA TURBO,rappi,4.73,1.52,1.95,1.0
46086.0,13.0,COL,Bucaramanga,42 CABECERA,AVOCALIA TURBO,rappi,7.25,2.93,0.69,1.0
46086.0,14.0,COL,Bucaramanga,42 CABECERA,AVOCALIA TURBO,rappi,6.85,2.48,0.42,1.0
46086.0,17.0,COL,Bucaramanga,42 CABECERA,Bottaniko,rappi,5.32,,1.95,1.0
46086.0,7.0,COL,Bucaramanga,42 CABECERA,Brunch & Munch,didi,12.65,1.68,1.02,1.0
46086.0,19.0,COL,Bucaramanga,42 CABECERA,Brunch & Munch,didi,2.65,,10.21,1.0
46086.0,7.0,COL,Bucaramanga,42 CABECERA,Brunch & Munch,rappi,15.93,10.05,0.47,1.0
46086.0,7.0,COL,Bucaramanga,42 CABECERA,Brunch & Munch,rappi,3.3,0.23,3.88,1.0
46086.0,8.0,COL,Bucaramanga,42 CABECERA,Brunch & Munch,rappi,18.92,0.0,1.42,1.0
46086.0,8.0,COL,Bucaramanga,42 CABECERA,Brunch & Munch,rappi,12.92,0.0,7.87,1.0
46086.0,9.0,COL,Bucaramanga,42 CABECERA,Brunch & Munch,rappi,11.85,0.0,5.52,1.0
46086.0,9.0,COL,Bucaramanga,42 CABECERA,Brunch & Munch,rappi,9.27,0.0,5.12,1.0
46086.0,9.0,COL,Bucaramanga,42 CABECERA,Brunch & Munch,rappi,23.03,0.0,13.24,1.0
46086.0,15.0,COL,Bucaramanga,42 CABECERA,Brunch & Munch,rappi,30.91,0.0,16.2,1.0
46086.0,19.0,COL,Bucaramanga,42 CABECERA,Brunch & Munch,rappi,5.7,0.0,7.22,1.0
46086.0,9.0,COL,Bucaramanga,42 CABECERA,BRUNCH & MUNCH TURBO,rappi,2.25,0.27,2.91,1.0
46086.0,17.0,COL,Bucaramanga,42 CABECERA,BRUNCH & MUNCH TURBO,rappi,8.05,4.63,2.05,1.0
46086.0,7.0,COL,Bucaramanga,42 CABECERA,Brunch Club,didi,11.86,7.42,0.77,1.0
46086.0,8.0,COL,Bucaramanga,42 CABECERA,Brunch Club,didi,6.65,8.05,0.3,1.0
46086.0,23.0,COL,Bucaramanga,42 CABECERA,Burrito Cantina,rappi,13.47,8.45,3.51,1.0
46086.0,10.0,COL,Bucaramanga,42 CABECERA,Burritos & Co,didi,21.07,12.18,0.72,1.0
46086.0,11.0,COL,Bucaramanga,42 CABECERA,Burritos & Co,didi,16.02,11.37,0.18,1.0
46086.0,12.0,COL,Bucaramanga,42 CABECERA,Burritos & Co,didi,7.96,2.42,12.92,1.0
46086.0,12.0,COL,Bucaramanga,42 CABECERA,Burritos & Co,didi,14.46,2.42,0.51,1.0
46086.0,12.0,COL,Bucaramanga,42 CABECERA,Burritos & Co,didi,30.15,23.9,0.95,1.0
46086.0,12.0,COL,Bucaramanga,42 CABECERA,Burritos & Co,didi,14.76,3.02,0.21,1.0
46086.0,13.0,COL,Bucaramanga,42 CABECERA,Burritos & Co,didi,27.36,7.93,0.71,1.0
46086.0,13.0,COL,Bucaramanga,42 CABECERA,Burritos & Co,didi,22.29,0.17,6.61,1.0
46086.0,13.0,COL,Bucaramanga,42 CABECERA,Burritos & Co,didi,18.03,0.32,7.96,1.0
46086.0,17.0,COL,Bucaramanga,42 CABECERA,Burritos & Co,didi,13.93,3.75,0.11,1.0
46086.0,19.0,COL,Bucaramanga,42 CABECERA,Burritos & Co,didi,9.54,0.77,1.65,1.0
46086.0,21.0,COL,Bucaramanga,42 CABECERA,Burritos & Co,didi,7.96,9.43,6.36,1.0
46086.0,22.0,COL,Bucaramanga,42 CABECERA,Burritos & Co,didi,5.15,0.67,0.22,1.0
46086.0,11.0,COL,Bucaramanga,42 CABECERA,Burritos & Co,rappi,18.21,0.0,23.71,1.0
46086.0,12.0,COL,Bucaramanga,42 CABECERA,Burritos & Co,rappi,11.56,0.27,11.91,1.0
46086.0,12.0,COL,Bucaramanga,42 CABECERA,Burritos & Co,rappi,16.11,1.72,0.66,1.0
46086.0,14.0,COL,Bucaramanga,42 CABECERA,Burritos & Co,rappi,6.48,0.0,25.48,1.0
46086.0,15.0,COL,Bucaramanga,42 CABECERA,Burritos & Co,rappi,3.52,0.0,4.97,1.0
46086.0,20.0,COL,Bucaramanga,42 CABECERA,Burritos & Co,rappi,13.7,0.0,4.04,1.0
46086.0,22.0,COL,Bucaramanga,42 CABECERA,Burritos & Co,rappi,6.92,2.8,5.04,1.0
46086.0,23.0,COL,Bucaramanga,42 CABECERA,Burritos & Co,rappi,22.21,2.07,6.81,1.0
46086.0,23.0,COL,Bucaramanga,42 CABECERA,Burritos & Co,rappi,9.4,1.12,2.41,1.0
46086.0,11.0,COL,Bucaramanga,42 CABECERA,Burritos & Co Turbo,rappi,11.08,6.2,0.03,1.0
46086.0,12.0,COL,Bucaramanga,42 CABECERA,Burritos & Co Turbo,rappi,13.2,8.57,0.13,1.0
46086.0,12.0,COL,Bucaramanga,42 CABECERA,Burritos & Co Turbo,rappi,7.91,2.93,0.03,1.0
46086.0,12.0,COL,Bucaramanga,42 CABECERA,Burritos & Co Turbo,rappi,5.01,0.6,0.74,1.0
46086.0,12.0,COL,Bucaramanga,42 CABECERA,Burritos & Co Turbo,rappi,2.35,0.0,0.78,1.0
46086.0,13.0,COL,Bucaramanga,42 CABECERA,Burritos & Co Turbo,rappi,13.09,8.52,0.6,1.0
46086.0,13.0,COL,Bucaramanga,42 CABECERA,Burritos & Co Turbo,rappi,14.79,14.05,3.78,1.0
46086.0,14.0,COL,Bucaramanga,42 CABECERA,Burritos & Co Turbo,rappi,5.31,1.32,0.86,1.0
46086.0,15.0,COL,Bucaramanga,42 CABECERA,Burritos & Co Turbo,rappi,8.18,3.6,0.57,1.0
46086.0,17.0,COL,Bucaramanga,42 CABECERA,Burritos & Co Turbo,rappi,0.0,,2.96,1.0
46086.0,19.0,COL,Bucaramanga,42 CABECERA,Burritos & Co Turbo,rappi,4.28,0.28,3.45,1.0
46086.0,20.0,COL,Bucaramanga,42 CABECERA,Burritos & Co Turbo,rappi,5.0,0.67,0.39,1.0
46086.0,20.0,COL,Bucaramanga,42 CABECERA,Burritos & Co Turbo,rappi,6.45,2.7,0.95,1.0
46086.0,14.0,COL,Bucaramanga,42 CABECERA,Cacerola,didi,2.68,,1.79,1.0
46086.0,10.0,COL,Bucaramanga,42 CABECERA,Cacerola Turbo,rappi,6.87,2.37,0.33,1.0
46086.0,20.0,COL,Bucaramanga,42 CABECERA,Casa arabe,rappi,16.98,9.1,1.68,1.0
46086.0,23.0,COL,Bucaramanga,42 CABECERA,Cinnabon,didi,19.04,14.97,2.83,1.0
46086.0,7.0,COL,Bucaramanga,42 CABECERA,Cinnabon,rappi,5.35,2.67,2.04,1.0
46086.0,15.0,COL,Bucaramanga,42 CABECERA,Cinnabon,rappi,8.77,0.62,18.75,1.0
46086.0,11.0,COL,Bucaramanga,42 CABECERA,Cinnabon Turbo,rappi,12.4,7.73,0.74,1.0
46086.0,12.0,COL,Bucaramanga,42 CABECERA,Cinnabon Turbo,rappi,5.02,0.6,0.33,1.0
46086.0,12.0,COL,Bucaramanga,42 CABECERA,Cinnabon Turbo,rappi,4.92,0.02,0.08,1.0
46086.0,14.0,COL,Bucaramanga,42 CABECERA,Cinnabon Turbo,rappi,4.14,0.0,0.72,1.0
46086.0,16.0,COL,Bucaramanga,42 CABECERA,Cinnabon Turbo,rappi,7.78,5.47,2.89,1.0
46086.0,18.0,COL,Bucaramanga,42 CABECERA,Cinnabon Turbo,rappi,3.75,0.08,1.29,1.0
46086.0,13.0,COL,Bucaramanga,42 CABECERA,Dembow,rappi,21.93,0.0,8.26,1.0
46086.0,8.0,COL,Bucaramanga,42 CABECERA,Desayunos Colombianos,rappi,15.59,9.12,0.47,1.0
46086.0,8.0,COL,Bucaramanga,42 CABECERA,Desayunos Colombianos,rappi,6.18,1.68,0.22,1.0
46086.0,9.0,COL,Bucaramanga,42 CABECERA,Desayunos Colombianos,rappi,11.48,4.55,0.67,1.0
46086.0,10.0,COL,Bucaramanga,42 CABECERA,Desayunos Colombianos,rappi,4.19,0.0,0.32,1.0
46086.0,11.0,COL,Bucaramanga,42 CABECERA,Desayunos Colombianos,rappi,18.45,14.1,0.76,1.0
46086.0,9.0,COL,Bucaramanga,42 CABECERA,Desayunos de la Abuela,didi,15.81,10.73,0.15,1.0
46086.0,9.0,COL,Bucaramanga,42 CABECERA,Desayunos de la Abuela,didi,17.98,6.98,1.11,1.0
46086.0,13.0,COL,Bucaramanga,42 CABECERA,Desayunos de la Abuela,didi,7.09,2.73,0.32,1.0
46086.0,6.0,COL,Bucaramanga,42 CABECERA,Desayunos de la Abuela,rappi,7.02,2.9,0.5,1.0
46086.0,7.0,COL,Bucaramanga,42 CABECERA,Desayunos de la Abuela,rappi,3.14,0.0,1.63,1.0
46086.0,8.0,COL,Bucaramanga,42 CABECERA,Desayunos de la Abuela,rappi,9.82,6.18,1.28,1.0
46086.0,8.0,COL,Bucaramanga,42 CABECERA,Desayunos de la Abuela,rappi,11.93,7.85,0.96,1.0
46086.0,8.0,COL,Bucaramanga,42 CABECERA,Desayunos de la Abuela,rappi,19.69,2.25,1.04,1.0
46086.0,8.0,COL,Bucaramanga,42 CABECERA,Desayunos de la Abuela,rappi,17.22,21.53,7.82,1.0
46086.0,8.0,COL,Bucaramanga,42 CABECERA,Desayunos de la Abuela,rappi,20.71,15.65,0.06,1.0
46086.0,8.0,COL,Bucaramanga,42 CABECERA,Desayunos de la Abuela,rappi,21.27,11.0,0.73,1.0
46086.0,8.0,COL,Bucaramanga,42 CABECERA,Desayunos de la Abuela,rappi,7.3,2.82,0.57,1.0
46086.0,8.0,COL,Bucaramanga,42 CABECERA,Desayunos de la Abuela,rappi,18.02,13.6,0.33,1.0
46086.0,9.0,COL,Bucaramanga,42 CABECERA,Desayunos de la Abuela,rappi,14.84,11.12,2.79,1.0
46086.0,10.0,COL,Bucaramanga,42 CABECERA,Desayunos de la Abuela,rappi,3.98,1.83,2.54,1.0
46086.0,10.0,COL,Bucaramanga,42 CABECERA,Desayunos de la Abuela,rappi,13.7,8.55,0.33,1.0
46086.0,11.0,COL,Bucaramanga,42 CABECERA,Desayunos de la Abuela,rappi,35.87,9.57,0.76,1.0
46086.0,13.0,COL,Bucaramanga,42 CABECERA,Desayunos de la Abuela,rappi,11.39,1.87,0.85,1.0
46086.0,14.0,COL,Bucaramanga,42 CABECERA,Desayunos de la Abuela,rappi,4.0,0.0,0.74,1.0
46086.0,14.0,COL,Bucaramanga,42 CABECERA,Desayunos de la Abuela,rappi,6.11,6.72,5.72,1.0
46086.0,18.0,COL,Bucaramanga,42 CABECERA,Desayunos de la Abuela,rappi,6.39,2.9,1.53,1.0
46086.0,20.0,COL,Bucaramanga,42 CABECERA,Desayunos de la Abuela,rappi,15.82,6.12,1.87,1.0
46086.0,21.0,COL,Bucaramanga,42 CABECERA,Desayunos de la Abuela,rappi,6.87,0.22,3.84,1.0
46086.0,23.0,COL,Bucaramanga,42 CABECERA,Desayunos de la Abuela,rappi,22.11,17.82,0.92,1.0
46086.0,8.0,COL,Bucaramanga,42 CABECERA,Desayunos de la Abuela Turbo,rappi,9.68,5.33,0.9,1.0
46086.0,11.0,COL,Bucaramanga,42 CABECERA,Desayunos de la Abuela Turbo,rappi,14.78,10.1,0.74,1.0
46086.0,11.0,COL,Bucaramanga,42 CABECERA,Desgranados & Co,rappi,20.22,18.62,6.67,1.0
46086.0,11.0,COL,Bucaramanga,42 CABECERA,Desgranados & Co,rappi,25.99,18.6,0.88,1.0
46086.0,13.0,COL,Bucaramanga,42 CABECERA,Desgranados & Co,rappi,2.32,0.25,7.94,1.0
46086.0,23.0,COL,Bucaramanga,42 CABECERA,Desgranados & Co,rappi,11.75,5.13,0.88,1.0
46086.0,13.0,COL,Bucaramanga,42 CABECERA,Desgranados & Co Turbo,rappi,9.01,4.4,0.62,1.0
46086.0,12.0,COL,Bucaramanga,42 CABECERA,El Ejecutivo,didi,28.72,15.87,0.09,1.0
46086.0,11.0,COL,Bucaramanga,42 CABECERA,El Ejecutivo,rappi,10.47,6.2,0.84,1.0
46086.0,13.0,COL,Bucaramanga,42 CABECERA,El Ejecutivo,rappi,17.49,8.82,0.63,1.0
46086.0,13.0,COL,Bucaramanga,42 CABECERA,El Ejecutivo,rappi,10.08,8.17,5.88,1.0
46086.0,22.0,COL,Bucaramanga,42 CABECERA,El Ejecutivo,rappi,4.24,0.27,0.9,1.0
46086.0,23.0,COL,Bucaramanga,42 CABECERA,El Ejecutivo,rappi,15.21,10.37,6.99,1.0
46086.0,12.0,COL,Bucaramanga,42 CABECERA,El Ejecutivo Turbo,rappi,8.05,3.87,0.86,1.0
46086.0,10.0,COL,Bucaramanga,42 CABECERA,Foodhub,rappi,9.17,2.9,1.51,1.0
46086.0,12.0,COL,Bucaramanga,42 CABECERA,Foodhub,rappi,16.85,0.18,18.24,1.0
46086.0,12.0,COL,Bucaramanga,42 CABECERA,Green House,didi,9.25,0.65,25.25,1.0
46086.0,12.0,COL,Bucaramanga,42 CABECERA,Green House,didi,3.11,0.8,17.04,1.0
46086.0,18.0,COL,Bucaramanga,42 CABECERA,Green House,didi,5.7,1.32,0.47,1.0
46086.0,19.0,COL,Bucaramanga,42 CABECERA,Green House,didi,10.02,1.57,9.65,1.0
46086.0,19.0,COL,Bucaramanga,42 CABECERA,Green House,rappi,6.38,0.3,5.09,1.0
46086.0,20.0,COL,Bucaramanga,42 CABECERA,Green House,rappi,16.08,2.82,13.15,1.0
46086.0,20.0,COL,Bucaramanga,42 CABECERA,Green House,rappi,19.02,2.82,10.21,1.0
46086.0,22.0,COL,Bucaramanga,42 CABECERA,Green House,rappi,10.92,0.32,13.07,1.0
46086.0,22.0,COL,Bucaramanga,42 CABECERA,Green House,rappi,4.3,0.42,5.74,1.0
46086.0,22.0,COL,Bucaramanga,42 CABECERA,Green House,rappi,18.22,22.43,9.01,1.0
46086.0,11.0,COL,Bucaramanga,42 CABECERA,Green House Turbo,rappi,5.91,1.53,0.39,1.0
46086.0,12.0,COL,Bucaramanga,42 CABECERA,Green House Turbo,rappi,14.23,8.6,0.01,1.0
46086.0,13.0,COL,Bucaramanga,42 CABECERA,Green House Turbo,rappi,6.69,2.28,0.88,1.0
46086.0,14.0,COL,Bucaramanga,42 CABECERA,Green House Turbo,rappi,8.11,3.63,0.65,1.0
46086.0,14.0,COL,Bucaramanga,42 CABECERA,Green House Turbo,rappi,3.15,0.0,0.77,1.0
46086.0,16.0,COL,Bucaramanga,42 CABECERA,Green House Turbo,rappi,9.02,4.05,0.61,1.0
46086.0,20.0,COL,Bucaramanga,42 CABECERA,Green House Turbo,rappi,5.03,1.17,1.04,1.0
46086.0,13.0,COL,Bucaramanga,42 CABECERA,Honest Food,rappi,5.21,1.12,0.83,1.0
46086.0,22.0,COL,Bucaramanga,42 CABECERA,Honest Food,rappi,14.19,41.12,31.87,1.0
46086.0,16.0,COL,Bucaramanga,42 CABECERA,Honest Food Turbo,rappi,8.49,3.52,0.88,1.0
46086.0,14.0,COL,Bucaramanga,42 CABECERA,House Of Burgers Turbo,rappi,9.48,5.17,0.67,1.0
46086.0,11.0,COL,Bucaramanga,42 CABECERA,House of Salads,didi,6.23,0.6,2.9,1.0
46086.0,19.0,COL,Bucaramanga,42 CABECERA,House of Salads Turbo,rappi,7.02,2.35,0.57,1.0
46086.0,11.0,COL,Bucaramanga,42 CABECERA,La Casa Mexicana,didi,9.75,3.37,0.79,1.0
46086.0,11.0,COL,Bucaramanga,42 CABECERA,La Casa Mexicana,didi,7.89,1.98,0.17,1.0
46086.0,11.0,COL,Bucaramanga,42 CABECERA,La Casa Mexicana,didi,24.24,18.7,0.58,1.0
46086.0,13.0,COL,Bucaramanga,42 CABECERA,La Casa Mexicana,didi,14.21,0.87,1.94,1.0
46086.0,17.0,COL,Bucaramanga,42 CABECERA,La Casa Mexicana,didi,10.96,5.12,0.26,1.0
46086.0,22.0,COL,Bucaramanga,42 CABECERA,La Casa Mexicana,didi,10.36,4.97,1.82,1.0
46086.0,23.0,COL,Bucaramanga,42 CABECERA,La Casa Mexicana,didi,7.71,3.72,1.11,1.0
46086.0,23.0,COL,Bucaramanga,42 CABECERA,La Casa Mexicana,didi,20.14,7.3,0.54,1.0
46086.0,19.0,COL,Bucaramanga,42 CABECERA,La Casa Mexicana,rappi,7.1,1.35,0.37,1.0
46086.0,22.0,COL,Bucaramanga,42 CABECERA,La Casa Mexicana,rappi,13.05,8.33,0.14,1.0
46086.0,12.0,COL,Bucaramanga,42 CABECERA,La Cuadra,didi,13.87,2.8,0.07,1.0
46086.0,12.0,COL,Bucaramanga,42 CABECERA,La Cuadra,didi,23.67,3.38,0.07,1.0
46086.0,12.0,COL,Bucaramanga,42 CABECERA,La Cuadra,didi,18.14,4.73,0.16,1.0
46086.0,12.0,COL,Bucaramanga,42 CABECERA,La Cuadra,didi,9.87,0.53,6.47,1.0
46086.0,14.0,COL,Bucaramanga,42 CABECERA,La Cuadra,didi,10.02,4.95,0.16,1.0
46086.0,15.0,COL,Bucaramanga,42 CABECERA,La Cuadra,didi,8.95,4.5,0.73,1.0
46086.0,15.0,COL,Bucaramanga,42 CABECERA,La Cuadra,didi,6.62,1.62,0.14,1.0
46086.0,15.0,COL,Bucaramanga,42 CABECERA,La Cuadra,didi,10.1,1.88,7.84,1.0
46086.0,16.0,COL,Bucaramanga,42 CABECERA,La Cuadra,didi,9.71,0.98,9.22,1.0
46086.0,17.0,COL,Bucaramanga,42 CABECERA,La Cuadra,didi,14.47,9.97,0.49,1.0
46086.0,19.0,COL,Bucaramanga,42 CABECERA,La Cuadra,didi,7.99,2.97,1.13,1.0
46086.0,19.0,COL,Bucaramanga,42 CABECERA,La Cuadra,didi,5.3,0.9,0.63,1.0
46086.0,20.0,COL,Bucaramanga,42 CABECERA,La Cuadra,didi,8.1,3.6,8.06,1.0
46086.0,21.0,COL,Bucaramanga,42 CABECERA,La Cuadra,didi,6.86,2.05,0.16,1.0
46086.0,22.0,COL,Bucaramanga,42 CABECERA,La Cuadra,didi,7.68,3.13,0.39,1.0
46086.0,23.0,COL,Bucaramanga,42 CABECERA,La Cuadra,didi,15.38,11.6,0.96,1.0
46086.0,11.0,COL,Bucaramanga,42 CABECERA,La Cuadra,rappi,10.95,2.42,0.76,1.0
46086.0,11.0,COL,Bucaramanga,42 CABECERA,La Cuadra,rappi,22.42,0.35,0.11,1.0
46086.0,12.0,COL,Bucaramanga,42 CABECERA,La Cuadra,rappi,23.8,1.53,4.1,1.0
46086.0,12.0,COL,Bucaramanga,42 CABECERA,La Cuadra,rappi,17.92,7.33,0.07,1.0
46086.0,12.0,COL,Bucaramanga,42 CABECERA,La Cuadra,rappi,8.99,0.25,23.1,1.0
46086.0,12.0,COL,Bucaramanga,42 CABECERA,La Cuadra,rappi,6.7,0.22,26.94,1.0
46086.0,13.0,COL,Bucaramanga,42 CABECERA,La Cuadra,rappi,0.0,,1.0,
46086.0,14.0,COL,Bucaramanga,42 CABECERA,La Cuadra,rappi,8.06,1.2,22.92,1.0
46086.0,14.0,COL,Bucaramanga,42 CABECERA,La Cuadra,rappi,9.85,1.78,24.29,1.0
46086.0,14.0,COL,Bucaramanga,42 CABECERA,La Cuadra,rappi,7.17,0.68,27.18,1.0
46086.0,14.0,COL,Bucaramanga,42 CABECERA,La Cuadra,rappi,23.83,1.2,2.52,1.0
46086.0,14.0,COL,Bucaramanga,42 CABECERA,La Cuadra,rappi,12.28,0.83,23.81,1.0
46086.0,15.0,COL,Bucaramanga,42 CABECERA,La Cuadra,rappi,9.66,0.35,19.19,1.0
46086.0,15.0,COL,Bucaramanga,42 CABECERA,La Cuadra,rappi,12.12,0.43,13.12,1.0
46086.0,17.0,COL,Bucaramanga,42 CABECERA,La Cuadra,rappi,24.39,0.25,10.96,1.0
46086.0,20.0,COL,Bucaramanga,42 CABECERA,La Cuadra,rappi,10.84,4.48,0.36,1.0
46086.0,20.0,COL,Bucaramanga,42 CABECERA,La Cuadra,rappi,12.42,1.18,18.57,1.0
46086.0,21.0,COL,Bucaramanga,42 CABECERA,La Cuadra,rappi,9.78,6.28,1.77,1.0
46086.0,11.0,COL,Bucaramanga,42 CABECERA,La Cuadra Turbo,rappi,13.38,8.68,4.64,1.0
46086.0,13.0,COL,Bucaramanga,42 CABECERA,La Cuadra Turbo,rappi,6.98,1.82,0.69,1.0
46086.0,13.0,COL,Bucaramanga,42 CABECERA,La Cuadra Turbo,rappi,8.98,4.23,0.15,1.0
46086.0,13.0,COL,Bucaramanga,42 CABECERA,La Cuadra Turbo,rappi,7.94,3.47,0.72,1.0
46086.0,13.0,COL,Bucaramanga,42 CABECERA,La Cuadra Turbo,rappi,4.17,0.0,0.28,1.0
46086.0,14.0,COL,Bucaramanga,42 CABECERA,La Cuadra Turbo,rappi,12.18,0.47,7.13,1.0
46086.0,14.0,COL,Bucaramanga,42 CABECERA,La Cuadra Turbo,rappi,5.56,0.77,0.27,1.0
46086.0,14.0,COL,Bucaramanga,42 CABECERA,La Cuadra Turbo,rappi,8.78,3.88,0.46,1.0
46086.0,14.0,COL,Bucaramanga,42 CABECERA,La Cuadra Turbo,rappi,6.72,2.18,0.78,1.0
46086.0,14.0,COL,Bucaramanga,42 CABECERA,La Cuadra Turbo,rappi,9.9,5.6,0.85,1.0
46086.0,14.0,COL,Bucaramanga,42 CABECERA,La Cuadra Turbo,rappi,5.76,2.05,1.25,1.0
46086.0,15.0,COL,Bucaramanga,42 CABECERA,La Cuadra Turbo,rappi,7.04,2.6,0.71,1.0
46086.0,15.0,COL,Bucaramanga,42 CABECERA,La Cuadra Turbo,rappi,2.43,0.0,2.49,1.0
46086.0,15.0,COL,Bucaramanga,42 CABECERA,La Cuadra Turbo,rappi,7.17,3.37,1.03,1.0
46086.0,15.0,COL,Bucaramanga,42 CABECERA,La Cuadra Turbo,rappi,5.65,0.47,4.34,1.0
46086.0,15.0,COL,Bucaramanga,42 CABECERA,La Cuadra Turbo,rappi,7.14,2.9,0.79,1.0
46086.0,19.0,COL,Bucaramanga,42 CABECERA,La Cuadra Turbo,rappi,4.91,0.53,0.39,1.0
46086.0,20.0,COL,Bucaramanga,42 CABECERA,La Cuadra Turbo,rappi,8.15,0.67,0.92,1.0
46086.0,21.0,COL,Bucaramanga,42 CABECERA,La Cuadra Turbo,rappi,4.86,0.63,3.76,1.0
46086.0,11.0,COL,Bucaramanga,42 CABECERA,LA ÑAMGUCHERIA,didi,12.07,7.67,0.7,1.0
46086.0,13.0,COL,Bucaramanga,42 CABECERA,LA ÑAMGUCHERIA,rappi,34.22,13.97,0.81,1.0
46086.0,14.0,COL,Bucaramanga,42 CABECERA,LA ÑAMGUCHERIA,rappi,19.96,5.88,0.27,1.0
46086.0,14.0,COL,Bucaramanga,42 CABECERA,LA ÑAMGUCHERIA,rappi,6.03,0.52,12.59,1.0
46086.0,15.0,COL,Bucaramanga,42 CABECERA,LA ÑAMGUCHERIA,rappi,10.78,4.57,0.18,1.0
46086.0,16.0,COL,Bucaramanga,42 CABECERA,LA ÑAMGUCHERIA,rappi,12.44,1.1,10.75,1.0
46086.0,21.0,COL,Bucaramanga,42 CABECERA,LA ÑAMGUCHERIA,rappi,27.06,6.55,0.24,1.0
46086.0,21.0,COL,Bucaramanga,42 CABECERA,LA ÑAMGUCHERIA,rappi,16.18,12.75,1.25,1.0
46086.0,21.0,COL,Bucaramanga,42 CABECERA,LA ÑAMGUCHERIA,rappi,6.39,2.5,0.91,1.0
46086.0,22.0,COL,Bucaramanga,42 CABECERA,LA ÑAMGUCHERIA,rappi,9.82,2.25,0.31,1.0
46086.0,22.0,COL,Bucaramanga,42 CABECERA,LA ÑAMGUCHERIA,rappi,7.1,3.12,0.94,1.0
46086.0,23.0,COL,Bucaramanga,42 CABECERA,LA ÑAMGUCHERIA,rappi,4.63,1.52,2.05,1.0
46086.0,23.0,COL,Bucaramanga,42 CABECERA,LA ÑAMGUCHERIA,rappi,8.08,0.77,1.08,1.0
46086.0,20.0,COL,Bucaramanga,42 CABECERA,LA PANQUEQUERIA,rappi,11.99,0.98,11.69,1.0
46086.0,21.0,COL,Bucaramanga,42 CABECERA,LA PANQUEQUERIA,rappi,1.17,,6.65,1.0
46086.0,23.0,COL,Bucaramanga,42 CABECERA,Local - Cocina Consciente,rappi,22.35,18.52,0.94,1.0
46086.0,7.0,COL,Bucaramanga,42 CABECERA,Mañanero Diario,rappi,23.18,12.05,1.28,1.0
46086.0,21.0,COL,Bucaramanga,42 CABECERA,MonteVerde,rappi,4.91,2.17,2.15,1.0
46086.0,11.0,COL,Bucaramanga,42 CABECERA,Monteverde Turbo,rappi,5.38,1.07,0.65,1.0
46086.0,13.0,COL,Bucaramanga,42 CABECERA,Monteverde Turbo,rappi,7.34,3.02,0.68,1.0
46086.0,14.0,COL,Bucaramanga,42 CABECERA,Monteverde Turbo,rappi,8.51,3.5,0.18,1.0
46086.0,19.0,COL,Bucaramanga,42 CABECERA,Monteverde Turbo,rappi,5.2,1.4,1.43,1.0
46086.0,11.0,COL,Bucaramanga,42 CABECERA,Mr Beast Burger,didi,12.91,8.32,0.25,1.0
46086.0,11.0,COL,Bucaramanga,42 CABECERA,Mr Beast Burger,didi,28.04,9.22,5.9,1.0
46086.0,12.0,COL,Bucaramanga,42 CABECERA,Mr Beast Burger,didi,13.85,6.88,0.09,1.0
46086.0,12.0,COL,Bucaramanga,42 CABECERA,Mr Beast Burger,didi,15.3,1.18,5.85,1.0
46086.0,12.0,COL,Bucaramanga,42 CABECERA,Mr Beast Burger,didi,19.88,2.88,0.59,1.0
46086.0,12.0,COL,Bucaramanga,42 CABECERA,Mr Beast Burger,didi,17.01,0.77,11.85,1.0
46086.0,13.0,COL,Bucaramanga,42 CABECERA,Mr Beast Burger,didi,40.44,2.35,0.03,1.0
46086.0,13.0,COL,Bucaramanga,42 CABECERA,Mr Beast Burger,didi,26.76,22.3,0.41,1.0
46086.0,13.0,COL,Bucaramanga,42 CABECERA,Mr Beast Burger,didi,20.12,6.28,0.75,1.0
46086.0,14.0,COL,Bucaramanga,42 CABECERA,Mr Beast Burger,didi,13.41,6.97,0.69,1.0
46086.0,14.0,COL,Bucaramanga,42 CABECERA,Mr Beast Burger,didi,10.37,0.57,1.87,1.0
46086.0,15.0,COL,Bucaramanga,42 CABECERA,Mr Beast Burger,didi,14.99,5.97,1.03,1.0
46086.0,15.0,COL,Bucaramanga,42 CABECERA,Mr Beast Burger,didi,10.89,3.7,1.03,1.0
46086.0,15.0,COL,Bucaramanga,42 CABECERA,Mr Beast Burger,didi,11.71,7.28,0.85,1.0
46086.0,17.0,COL,Bucaramanga,42 CABECERA,Mr Beast Burger,didi,18.11,0.97,9.82,1.0
46086.0,17.0,COL,Bucaramanga,42 CABECERA,Mr Beast Burger,didi,14.7,11.8,2.16,1.0
46086.0,18.0,COL,Bucaramanga,42 CABECERA,Mr Beast Burger,didi,7.08,0.82,2.94,1.0
46086.0,19.0,COL,Bucaramanga,42 CABECERA,Mr Beast Burger,didi,9.73,5.13,0.73,1.0
46086.0,19.0,COL,Bucaramanga,42 CABECERA,Mr Beast Burger,didi,9.09,3.88,0.0,1.0
46086.0,20.0,COL,Bucaramanga,42 CABECERA,Mr Beast Burger,didi,12.73,7.98,0.84,1.0
46086.0,20.0,COL,Bucaramanga,42 CABECERA,Mr Beast Burger,didi,16.61,10.13,1.04,1.0
46086.0,21.0,COL,Bucaramanga,42 CABECERA,Mr Beast Burger,didi,10.71,6.33,0.88,1.0
46086.0,22.0,COL,Bucaramanga,42 CABECERA,Mr Beast Burger,didi,14.82,11.73,2.25,1.0
46086.0,22.0,COL,Bucaramanga,42 CABECERA,Mr Beast Burger,didi,10.7,3.53,1.07,1.0
46086.0,23.0,COL,Bucaramanga,42 CABECERA,Mr Beast Burger,didi,27.8,23.35,0.79,1.0
46086.0,23.0,COL,Bucaramanga,42 CABECERA,Mr Beast Burger,didi,11.08,2.18,1.16,1.0
46086.0,23.0,COL,Bucaramanga,42 CABECERA,Mr Beast Burger,didi,7.6,0.5,7.07,1.0
46086.0,15.0,COL,Bucaramanga,42 CABECERA,Mr Beast Burger,rappi,7.48,1.48,18.51,1.0
46086.0,19.0,COL,Bucaramanga,42 CABECERA,Mr Beast Burger,rappi,9.76,0.18,3.88,1.0
46086.0,22.0,COL,Bucaramanga,42 CABECERA,Mr Beast Burger,rappi,10.43,1.38,1.58,1.0
46086.0,22.0,COL,Bucaramanga,42 CABECERA,Mr Beast Burger,rappi,12.04,4.73,47.12,1.0
46086.0,23.0,COL,Bucaramanga,42 CABECERA,Mr Beast Burger,rappi,16.18,8.58,0.76,1.0
46086.0,13.0,COL,Bucaramanga,42 CABECERA,Mr Beast Burger Turbo,rappi,5.62,0.85,6.13,1.0
46086.0,13.0,COL,Bucaramanga,42 CABECERA,Mr Beast Burger Turbo,rappi,8.38,4.62,0.97,1.0
46086.0,16.0,COL,Bucaramanga,42 CABECERA,Mr Beast Burger Turbo,rappi,7.94,1.88,5.88,1.0
46086.0,16.0,COL,Bucaramanga,42 CABECERA,Mr Beast Burger Turbo,rappi,7.13,5.9,3.8,1.0
46086.0,19.0,COL,Bucaramanga,42 CABECERA,Mr Beast Burger Turbo,rappi,8.17,3.48,0.53,1.0
46086.0,20.0,COL,Bucaramanga,42 CABECERA,Mr Beast Burger Turbo,rappi,7.09,2.15,0.73,1.0
46086.0,21.0,COL,Bucaramanga,42 CABECERA,Mr Beast Burger Turbo,rappi,8.66,4.52,1.02,1.0
46086.0,11.0,COL,Bucaramanga,42 CABECERA,Numa Cocina Mediterranea,rappi,24.92,16.7,0.17,1.0
46086.0,14.0,COL,Bucaramanga,42 CABECERA,Numa Cocina Mediterranea,rappi,12.74,0.77,13.0,1.0
46086.0,16.0,COL,Bucaramanga,42 CABECERA,San Jeronimo,didi,1.08,,17.19,1.0
46086.0,16.0,COL,Bucaramanga,42 CABECERA,SAN JERÓNIMO TURBO,rappi,0.57,,0.83,1.0
46086.0,22.0,COL,Bucaramanga,42 CABECERA,SÁNDUCHES EL JEFE,didi,12.84,9.75,1.96,1.0
46086.0,16.0,COL,Bucaramanga,42 CABECERA,Selvatiko,didi,7.86,0.72,16.15,1.0
46086.0,19.0,COL,Bucaramanga,42 CABECERA,Selvatiko Turbo,rappi,0.65,,0.73,1.0
46086.0,9.0,COL,Bucaramanga,42 CABECERA,The Breakfast Club,rappi,14.2,9.63,0.17,1.0
46086.0,9.0,COL,Bucaramanga,42 CABECERA,The Breakfast Club,rappi,21.06,7.52,0.76,1.0
46086.0,9.0,COL,Bucaramanga,42 CABECERA,The Breakfast Club,rappi,8.37,1.07,0.45,1.0
46086.0,9.0,COL,Bucaramanga,42 CABECERA,The Breakfast Club,rappi,6.06,1.25,0.34,1.0
46086.0,9.0,COL,Bucaramanga,42 CABECERA,The Breakfast Club,rappi,30.2,26.18,0.89,1.0
46086.0,10.0,COL,Bucaramanga,42 CABECERA,The Breakfast Club,rappi,18.11,0.52,0.79,1.0
46086.0,10.0,COL,Bucaramanga,42 CABECERA,The Breakfast Club,rappi,8.48,4.47,0.79,1.0
46086.0,11.0,COL,Bucaramanga,42 CABECERA,The Breakfast Club,rappi,4.43,0.62,0.91,1.0
46086.0,19.0,COL,Bucaramanga,42 CABECERA,The Breakfast Club,rappi,15.92,12.08,1.1,1.0
46086.0,16.0,COL,Bucaramanga,42 CABECERA,Vicio,rappi,0.58,,22.02,1.0
46086.0,22.0,COL,Bucaramanga,42 CABECERA,Vicio,rappi,0.0,,25.13,1.0
46086.0,12.0,COL,Cali,46 INGENIO,Alba Vegetarian,didi,7.39,1.07,7.59,1.0
46086.0,20.0,COL,Cali,24 SAN FERNANDO,Alba Vegetarian,rappi,7.07,0.37,24.0,1.0
46086.0,13.0,COL,Cali,22 SANTA MONICA,Alba Vegetarian Turbo,rappi,5.82,2.12,1.23,1.0
46086.0,11.0,COL,Cali,46 INGENIO,Almuerzos de la Casa,didi,10.82,1.28,0.25,1.0
46086.0,12.0,COL,Cali,22 SANTA MONICA,Almuerzos de la Casa,didi,9.48,2.0,12.65,1.0
46086.0,13.0,COL,Cali,46 INGENIO,Almuerzos de la Casa,didi,4.84,1.65,19.75,1.0
46086.0,13.0,COL,Cali,22 SANTA MONICA,Almuerzos de la Casa,didi,12.13,1.75,38.17,1.0
46086.0,13.0,COL,Cali,24 SAN FERNANDO,Almuerzos de la Casa,didi,9.05,4.98,1.5,1.0
46086.0,14.0,COL,Cali,24 SAN FERNANDO,Almuerzos de la Casa,didi,31.94,6.98,1.04,1.0
46086.0,14.0,COL,Cali,46 INGENIO,Almuerzos de la Casa,didi,4.09,0.83,59.82,1.0
46086.0,15.0,COL,Cali,22 SANTA MONICA,Almuerzos de la Casa,didi,23.02,3.98,10.25,1.0
46086.0,11.0,COL,Cali,46 INGENIO,Almuerzos de la Casa,rappi,7.86,0.25,21.36,1.0
46086.0,14.0,COL,Cali,46 INGENIO,Almuerzos de la Casa,rappi,12.0,0.33,23.58,1.0
46086.0,15.0,COL,Cali,24 SAN FERNANDO,Almuerzos de la Casa,rappi,19.75,2.65,2.17,1.0
46086.0,16.0,COL,Cali,46 INGENIO,Almuerzos de la Casa,rappi,10.89,68.52,62.81,1.0
46086.0,17.0,COL,Cali,24 SAN FERNANDO,Almuerzos de la Casa,rappi,5.26,0.23,2.67,1.0
46086.0,18.0,COL,Cali,22 SANTA MONICA,Almuerzos de la Casa,rappi,3.37,4.37,8.84,1.0
46086.0,21.0,COL,Cali,46 INGENIO,Almuerzos de la Casa,rappi,8.52,0.37,14.12,1.0
46086.0,12.0,COL,Cali,22 SANTA MONICA,Almuerzos de la Casa Turbo,rappi,4.68,1.05,6.34,1.0
46086.0,15.0,COL,Cali,22 SANTA MONICA,Almuerzos de la Casa Turbo,rappi,8.9,2.78,0.89,1.0
46086.0,7.0,COL,Cali,22 SANTA MONICA,Avocalia,rappi,30.2,17.37,3.94,1.0
46086.0,8.0,COL,Cali,22 SANTA MONICA,Avocalia,rappi,12.9,19.5,14.89,1.0
46086.0,8.0,COL,Cali,22 SANTA MONICA,Avocalia,rappi,17.62,13.45,1.04,1.0
46086.0,9.0,COL,Cali,22 SANTA MONICA,Avocalia,rappi,24.83,16.17,2.9,1.0
46086.0,11.0,COL,Cali,46 INGENIO,Avocalia,rappi,8.18,1.17,7.73,1.0
46086.0,12.0,COL,Cali,22 SANTA MONICA,Avocalia,rappi,6.76,6.17,36.08,1.0
46086.0,12.0,COL,Cali,22 SANTA MONICA,Avocalia,rappi,19.26,6.15,12.01,1.0
46086.0,12.0,COL,Cali,22 SANTA MONICA,Avocalia,rappi,20.31,6.17,10.82,1.0
46086.0,12.0,COL,Cali,46 INGENIO,Avocalia,rappi,32.99,3.75,1.23,1.0
46086.0,12.0,COL,Cali,22 SANTA MONICA,Avocalia,rappi,18.13,0.7,11.97,1.0
46086.0,12.0,COL,Cali,46 INGENIO,Avocalia,rappi,14.0,0.4,8.07,1.0
46086.0,12.0,COL,Cali,22 SANTA MONICA,Avocalia,rappi,11.04,6.47,24.91,1.0
46086.0,13.0,COL,Cali,22 SANTA MONICA,Avocalia,rappi,22.96,0.62,16.93,1.0
46086.0,13.0,COL,Cali,46 INGENIO,Avocalia,rappi,12.27,0.23,12.61,1.0
46086.0,14.0,COL,Cali,46 INGENIO,Avocalia,rappi,9.09,0.28,11.93,1.0
46086.0,14.0,COL,Cali,22 SANTA MONICA,Avocalia,rappi,33.14,0.0,1.0,
46086.0,14.0,COL,Cali,22 SANTA MONICA,Avocalia,rappi,16.06,4.23,19.16,1.0
46086.0,14.0,COL,Cali,46 INGENIO,Avocalia,rappi,5.1,0.3,11.0,1.0
46086.0,15.0,COL,Cali,22 SANTA MONICA,Avocalia,rappi,19.8,2.9,30.31,1.0
46086.0,15.0,COL,Cali,24 SAN FERNANDO,Avocalia,rappi,29.81,4.5,0.95,1.0
46086.0,15.0,COL,Cali,22 SANTA MONICA,Avocalia,rappi,15.0,1.25,10.85,1.0
46086.0,16.0,COL,Cali,46 INGENIO,Avocalia,rappi,14.95,5.03,0.28,1.0
46086.0,16.0,COL,Cali,46 INGENIO,Avocalia,rappi,10.08,0.23,4.86,1.0
46086.0,18.0,COL,Cali,24 SAN FERNANDO,Avocalia,rappi,14.06,0.22,9.84,1.0
46086.0,20.0,COL,Cali,24 SAN FERNANDO,Avocalia,rappi,26.5,5.03,1.01,1.0
46086.0,20.0,COL,Cali,22 SANTA MONICA,Avocalia,rappi,15.74,1.07,17.18,1.0
46086.0,21.0,COL,Cali,22 SANTA MONICA,Avocalia,rappi,7.26,2.0,16.96,1.0
46086.0,23.0,COL,Cali,24 SAN FERNANDO,Avocalia,rappi,10.23,0.27,13.44,1.0
46086.0,12.0,COL,Cali,22 SANTA MONICA,AVOCALIA TURBO,rappi,5.84,2.03,1.18,1.0
46086.0,12.0,COL,Cali,24 SAN FERNANDO,AVOCALIA TURBO,rappi,10.74,6.5,0.95,1.0
46086.0,13.0,COL,Cali,24 SAN FERNANDO,AVOCALIA TURBO,rappi,8.1,5.3,2.05,1.0
46086.0,13.0,COL,Cali,24 SAN FERNANDO,AVOCALIA TURBO,rappi,11.5,7.68,0.9,1.0
46086.0,13.0,COL,Cali,24 SAN FERNANDO,AVOCALIA TURBO,rappi,6.92,1.12,15.84,1.0
46086.0,18.0,COL,Cali,22 SANTA MONICA,AVOCALIA TURBO,rappi,5.69,1.78,1.15,1.0
46086.0,19.0,COL,Cali,24 SAN FERNANDO,AVOCALIA TURBO,rappi,10.03,0.67,10.74,1.0
46086.0,20.0,COL,Cali,24 SAN FERNANDO,AVOCALIA TURBO,rappi,4.06,0.32,19.3,1.0
46086.0,20.0,COL,Cali,24 SAN FERNANDO,AVOCALIA TURBO,rappi,21.59,3.1,8.98,1.0
46086.0,7.0,COL,Cali,24 SAN FERNANDO,Bottaniko,rappi,13.67,0.97,46.43,1.0
46086.0,12.0,COL,Cali,24 SAN FERNANDO,Bottaniko Turbo,rappi,14.11,0.0,1.0,
46086.0,13.0,COL,Cali,24 SAN FERNANDO,Bottaniko Turbo,rappi,16.2,1.17,8.54,1.0
46086.0,14.0,COL,Cali,24 SAN FERNANDO,Bottaniko Turbo,rappi,10.72,6.82,1.16,1.0
46086.0,19.0,COL,Cali,24 SAN FERNANDO,Bottaniko Turbo,rappi,12.35,0.0,1.0,
46086.0,19.0,COL,Cali,24 SAN FERNANDO,Bottaniko Turbo,rappi,11.47,0.0,1.0,
46086.0,11.0,COL,Cali,46 INGENIO,Brunch & Munch,didi,8.94,0.58,9.81,1.0
46086.0,23.0,COL,Cali,22 SANTA MONICA,Brunch & Munch,didi,14.86,1.1,20.46,1.0
46086.0,7.0,COL,Cali,46 INGENIO,Brunch & Munch,rappi,26.96,14.22,0.44,1.0
46086.0,7.0,COL,Cali,24 SAN FERNANDO,Brunch & Munch,rappi,14.38,9.8,17.03,1.0
46086.0,7.0,COL,Cali,22 SANTA MONICA,Brunch & Munch,rappi,16.62,0.95,6.19,1.0
46086.0,7.0,COL,Cali,46 INGENIO,Brunch & Munch,rappi,18.51,13.9,2.29,1.0
46086.0,7.0,COL,Cali,24 SAN FERNANDO,Brunch & Munch,rappi,14.12,10.72,1.28,1.0
46086.0,7.0,COL,Cali,24 SAN FERNANDO,Brunch & Munch,rappi,13.65,2.37,1.19,1.0
46086.0,7.0,COL,Cali,46 INGENIO,Brunch & Munch,rappi,11.08,2.48,0.23,1.0
46086.0,7.0,COL,Cali,46 INGENIO,Brunch & Munch,rappi,13.83,5.13,1.09,1.0
46086.0,7.0,COL,Cali,46 INGENIO,Brunch & Munch,rappi,14.84,3.58,0.94,1.0
46086.0,7.0,COL,Cali,46 INGENIO,Brunch & Munch,rappi,15.5,12.28,1.94,1.0
46086.0,7.0,COL,Cali,22 SANTA MONICA,Brunch & Munch,rappi,31.03,28.9,3.86,1.0
46086.0,8.0,COL,Cali,46 INGENIO,Brunch & Munch,rappi,11.55,3.43,0.98,1.0
46086.0,8.0,COL,Cali,46 INGENIO,Brunch & Munch,rappi,7.73,0.8,9.91,1.0
46086.0,8.0,COL,Cali,24 SAN FERNANDO,Brunch & Munch,rappi,24.12,1.17,6.12,1.0
46086.0,8.0,COL,Cali,22 SANTA MONICA,Brunch & Munch,rappi,15.02,0.15,2.13,1.0
46086.0,8.0,COL,Cali,46 INGENIO,Brunch & Munch,rappi,8.31,9.75,27.73,1.0
46086.0,8.0,COL,Cali,46 INGENIO,Brunch & Munch,rappi,19.92,17.93,5.83,1.0
46086.0,8.0,COL,Cali,22 SANTA MONICA,Brunch & Munch,rappi,17.79,4.55,1.2,1.0
46086.0,8.0,COL,Cali,24 SAN FERNANDO,Brunch & Munch,rappi,17.0,0.35,19.2,1.0
46086.0,8.0,COL,Cali,46 INGENIO,Brunch & Munch,rappi,9.2,7.13,2.86,1.0
46086.0,8.0,COL,Cali,46 INGENIO,Brunch & Munch,rappi,10.01,6.83,1.87,1.0
46086.0,9.0,COL,Cali,46 INGENIO,Brunch & Munch,rappi,9.97,6.12,2.6,1.0
46086.0,9.0,COL,Cali,24 SAN FERNANDO,Brunch & Munch,rappi,27.85,1.17,1.16,1.0
46086.0,9.0,COL,Cali,46 INGENIO,Brunch & Munch,rappi,17.95,0.68,9.79,1.0
46086.0,9.0,COL,Cali,24 SAN FERNANDO,Brunch & Munch,rappi,36.0,18.13,1.0,1.0
46086.0,9.0,COL,Cali,22 SANTA MONICA,Brunch & Munch,rappi,9.2,17.67,32.84,1.0
46086.0,9.0,COL,Cali,22 SANTA MONICA,Brunch & Munch,rappi,11.08,0.22,23.75,1.0
46086.0,9.0,COL,Cali,24 SAN FERNANDO,Brunch & Munch,rappi,26.16,0.98,6.1,1.0
46086.0,9.0,COL,Cali,24 SAN FERNANDO,Brunch & Munch,rappi,34.83,16.62,3.03,1.0
46086.0,9.0,COL,Cali,24 SAN FERNANDO,Brunch & Munch,rappi,14.83,0.58,27.48,1.0
46086.0,9.0,COL,Cali,46 INGENIO,Brunch & Munch,rappi,15.98,12.68,8.83,1.0
46086.0,9.0,COL,Cali,22 SANTA MONICA,Brunch & Munch,rappi,22.04,5.68,1.85,1.0
46086.0,9.0,COL,Cali,46 INGENIO,Brunch & Munch,rappi,15.73,12.42,1.92,1.0
46086.0,9.0,COL,Cali,46 INGENIO,Brunch & Munch,rappi,12.18,8.6,3.61,1.0
46086.0,9.0,COL,Cali,46 INGENIO,Brunch & Munch,rappi,27.06,22.72,2.54,1.0
46086.0,9.0,COL,Cali,46 INGENIO,Brunch & Munch,rappi,19.91,9.13,1.71,1.0
46086.0,9.0,COL,Cali,46 INGENIO,Brunch & Munch,rappi,7.32,5.28,11.8,1.0
46086.0,9.0,COL,Cali,24 SAN FERNANDO,Brunch & Munch,rappi,22.75,11.02,1.15,1.0
46086.0,10.0,COL,Cali,24 SAN FERNANDO,Brunch & Munch,rappi,20.34,5.82,2.06,1.0
46086.0,10.0,COL,Cali,24 SAN FERNANDO,Brunch & Munch,rappi,19.88,2.82,2.03,1.0
46086.0,10.0,COL,Cali,22 SANTA MONICA,Brunch & Munch,rappi,20.53,15.9,1.13,1.0
46086.0,10.0,COL,Cali,24 SAN FERNANDO,Brunch & Munch,rappi,18.33,0.25,8.76,1.0
46086.0,10.0,COL,Cali,46 INGENIO,Brunch & Munch,rappi,11.26,5.07,1.03,1.0
46086.0,10.0,COL,Cali,22 SANTA MONICA,Brunch & Munch,rappi,21.07,19.27,9.65,1.0
46086.0,10.0,COL,Cali,46 INGENIO,Brunch & Munch,rappi,12.84,9.67,1.54,1.0
46086.0,10.0,COL,Cali,22 SANTA MONICA,Brunch & Munch,rappi,10.09,4.43,2.01,1.0
46086.0,11.0,COL,Cali,46 INGENIO,Brunch & Munch,rappi,16.24,0.25,5.3,1.0
46086.0,11.0,COL,Cali,22 SANTA MONICA,Brunch & Munch,rappi,20.75,21.92,43.83,1.0
46086.0,11.0,COL,Cali,24 SAN FERNANDO,Brunch & Munch,rappi,9.81,0.42,25.85,1.0
46086.0,12.0,COL,Cali,46 INGENIO,Brunch & Munch,rappi,18.2,11.9,0.92,1.0
46086.0,12.0,COL,Cali,24 SAN FERNANDO,Brunch & Munch,rappi,24.28,0.28,3.91,1.0
46086.0,17.0,COL,Cali,22 SANTA MONICA,Brunch & Munch,rappi,22.21,7.07,1.97,1.0
46086.0,19.0,COL,Cali,46 INGENIO,Brunch & Munch,rappi,8.22,0.7,29.55,1.0
46086.0,20.0,COL,Cali,22 SANTA MONICA,Brunch & Munch,rappi,21.89,0.83,15.38,1.0
46086.0,22.0,COL,Cali,46 INGENIO,Brunch & Munch,rappi,14.79,5.93,1.99,1.0
46086.0,23.0,COL,Cali,24 SAN FERNANDO,Brunch & Munch,rappi,43.99,14.73,0.34,1.0
46086.0,7.0,COL,Cali,24 SAN FERNANDO,Brunch Club,didi,17.34,1.65,0.83,1.0
46086.0,8.0,COL,Cali,22 SANTA MONICA,Brunch Club,didi,35.72,3.28,1.16,1.0
46086.0,10.0,COL,Cali,46 INGENIO,Brunch Club,didi,12.99,5.05,0.65,1.0
46086.0,8.0,COL,Cali,22 SANTA MONICA,Burrito Cantina,rappi,10.41,3.03,3.66,1.0
46086.0,14.0,COL,Cali,46 INGENIO,Burrito Cantina,rappi,6.75,0.6,2.05,1.0
46086.0,20.0,COL,Cali,24 SAN FERNANDO,Burrito Cantina Turbo,rappi,20.64,1.38,8.26,1.0
46086.0,12.0,COL,Cali,24 SAN FERNANDO,Burritos & Co,didi,13.06,1.87,13.83,1.0
46086.0,14.0,COL,Cali,46 INGENIO,Burritos & Co,didi,9.27,5.53,39.62,1.0
46086.0,15.0,COL,Cali,22 SANTA MONICA,Burritos & Co,didi,14.21,3.97,1.86,1.0
46086.0,18.0,COL,Cali,22 SANTA MONICA,Burritos & Co,didi,10.86,0.83,22.9,1.0
46086.0,20.0,COL,Cali,24 SAN FERNANDO,Burritos & Co,didi,7.92,5.13,107.03,1.0
46086.0,20.0,COL,Cali,46 INGENIO,Burritos & Co,didi,11.16,1.15,42.97,1.0
46086.0,11.0,COL,Cali,22 SANTA MONICA,Burritos & Co,rappi,16.85,4.85,30.05,1.0
46086.0,12.0,COL,Cali,24 SAN FERNANDO,Burritos & Co,rappi,17.99,0.45,20.58,1.0
46086.0,12.0,COL,Cali,22 SANTA MONICA,Burritos & Co,rappi,20.76,12.1,2.2,1.0
46086.0,13.0,COL,Cali,46 INGENIO,Burritos & Co,rappi,9.73,0.57,13.98,1.0
46086.0,14.0,COL,Cali,24 SAN FERNANDO,Burritos & Co,rappi,16.73,0.18,2.93,1.0
46086.0,14.0,COL,Cali,22 SANTA MONICA,Burritos & Co,rappi,11.05,6.28,17.64,1.0
46086.0,15.0,COL,Cali,24 SAN FERNANDO,Burritos & Co,rappi,26.94,12.95,34.72,1.0
46086.0,15.0,COL,Cali,24 SAN FERNANDO,Burritos & Co,rappi,30.13,19.77,1.21,1.0
46086.0,15.0,COL,Cali,24 SAN FERNANDO,Burritos & Co,rappi,18.98,0.27,9.36,1.0
46086.0,16.0,COL,Cali,46 INGENIO,Burritos & Co,rappi,9.91,3.4,1.18,1.0
46086.0,17.0,COL,Cali,46 INGENIO,Burritos & Co,rappi,7.03,0.35,20.04,1.0
46086.0,19.0,COL,Cali,46 INGENIO,Burritos & Co,rappi,19.93,0.28,20.19,1.0
46086.0,19.0,COL,Cali,46 INGENIO,Burritos & Co,rappi,16.75,0.27,14.8,1.0
46086.0,19.0,COL,Cali,24 SAN FERNANDO,Burritos & Co,rappi,10.93,0.33,34.93,1.0
46086.0,20.0,COL,Cali,22 SANTA MONICA,Burritos & Co,rappi,19.68,0.95,7.39,1.0
46086.0,20.0,COL,Cali,24 SAN FERNANDO,Burritos & Co,rappi,24.73,0.2,14.5,1.0
46086.0,21.0,COL,Cali,46 INGENIO,Burritos & Co,rappi,16.86,10.47,0.13,1.0
46086.0,21.0,COL,Cali,24 SAN FERNANDO,Burritos & Co,rappi,15.83,5.15,0.37,1.0
46086.0,21.0,COL,Cali,22 SANTA MONICA,Burritos & Co,rappi,8.94,3.72,14.98,1.0
46086.0,22.0,COL,Cali,24 SAN FERNANDO,Burritos & Co,rappi,11.35,0.25,12.91,1.0
46086.0,22.0,COL,Cali,24 SAN FERNANDO,Burritos & Co,rappi,33.14,11.72,0.86,1.0
46086.0,22.0,COL,Cali,24 SAN FERNANDO,Burritos & Co,rappi,30.09,0.3,1.74,1.0
46086.0,22.0,COL,Cali,22 SANTA MONICA,Burritos & Co,rappi,10.14,1.1,6.34,1.0
46086.0,22.0,COL,Cali,22 SANTA MONICA,Burritos & Co,rappi,7.13,0.63,2.91,1.0
46086.0,23.0,COL,Cali,24 SAN FERNANDO,Burritos & Co,rappi,46.96,26.73,0.95,1.0
46086.0,19.0,COL,Cali,24 SAN FERNANDO,Burritos & Co Turbo,rappi,13.27,0.77,8.9,1.0
46086.0,21.0,COL,Cali,24 SAN FERNANDO,Burritos & Co Turbo,rappi,30.32,5.92,0.72,1.0
46086.0,21.0,COL,Cali,24 SAN FERNANDO,Burritos & Co Turbo,rappi,31.98,7.13,0.72,1.0
46086.0,19.0,COL,Cali,24 SAN FERNANDO,Casa Árabe Turbo,rappi,20.94,0.32,0.82,1.0
46086.0,11.0,COL,Cali,24 SAN FERNANDO,Cinnabon,didi,6.94,0.0,1.0,
46086.0,17.0,COL,Cali,22 SANTA MONICA,Cinnabon,didi,7.23,2.68,12.99,1.0
46086.0,22.0,COL,Cali,24 SAN FERNANDO,Cinnabon,didi,9.58,0.65,56.71,1.0
46086.0,8.0,COL,Cali,24 SAN FERNANDO,Cinnabon,rappi,18.34,0.88,43.91,1.0
46086.0,15.0,COL,Cali,46 INGENIO,Cinnabon,rappi,6.15,2.22,1.87,1.0
46086.0,16.0,COL,Cali,24 SAN FERNANDO,Cinnabon,rappi,13.33,2.37,0.66,1.0
46086.0,16.0,COL,Cali,46 INGENIO,Cinnabon,rappi,0.0,,1.0,
46086.0,18.0,COL,Cali,46 INGENIO,Cinnabon,rappi,17.13,12.57,0.21,1.0
46086.0,19.0,COL,Cali,46 INGENIO,Cinnabon,rappi,19.99,0.2,18.97,1.0
46086.0,19.0,COL,Cali,46 INGENIO,Cinnabon,rappi,5.08,0.0,25.54,1.0
46086.0,20.0,COL,Cali,46 INGENIO,Cinnabon,rappi,5.57,0.0,5.01,1.0
46086.0,22.0,COL,Cali,22 SANTA MONICA,Cinnabon,rappi,3.08,6.8,9.55,1.0
46086.0,23.0,COL,Cali,46 INGENIO,Cinnabon,rappi,6.82,0.32,19.96,1.0
46086.0,23.0,COL,Cali,22 SANTA MONICA,Cinnabon,rappi,13.13,3.42,17.57,1.0
46086.0,17.0,COL,Cali,24 SAN FERNANDO,Cinnabon Turbo,rappi,5.86,1.13,0.2,1.0
46086.0,17.0,COL,Cali,22 SANTA MONICA,Cinnabon Turbo,rappi,9.08,2.07,0.75,1.0
46086.0,18.0,COL,Cali,22 SANTA MONICA,Cinnabon Turbo,rappi,7.18,3.42,1.05,1.0
46086.0,20.0,COL,Cali,24 SAN FERNANDO,Cinnabon Turbo,rappi,25.7,0.75,10.24,1.0
46086.0,21.0,COL,Cali,24 SAN FERNANDO,Cinnabon Turbo,rappi,12.12,3.28,0.8,1.0
46086.0,7.0,COL,Cali,24 SAN FERNANDO,Desayunos Colombianos,rappi,13.08,0.32,6.02,1.0
46086.0,7.0,COL,Cali,46 INGENIO,Desayunos Colombianos,rappi,26.17,5.93,0.33,1.0
46086.0,9.0,COL,Cali,24 SAN FERNANDO,Desayunos Colombianos,rappi,22.68,0.7,2.07,1.0
46086.0,9.0,COL,Cali,46 INGENIO,Desayunos Colombianos,rappi,13.11,8.02,0.73,1.0
46086.0,9.0,COL,Cali,24 SAN FERNANDO,Desayunos Colombianos,rappi,26.49,0.78,9.68,1.0
46086.0,10.0,COL,Cali,46 INGENIO,Desayunos Colombianos,rappi,19.88,13.88,1.31,1.0
46086.0,11.0,COL,Cali,46 INGENIO,Desayunos Colombianos,rappi,11.09,0.5,15.69,1.0
46086.0,7.0,COL,Cali,22 SANTA MONICA,Desayunos de la Abuela,didi,15.32,13.32,2.86,1.0
46086.0,7.0,COL,Cali,46 INGENIO,Desayunos de la Abuela,didi,14.98,6.47,16.57,1.0
46086.0,7.0,COL,Cali,24 SAN FERNANDO,Desayunos de la Abuela,didi,17.16,1.22,6.11,1.0
46086.0,8.0,COL,Cali,22 SANTA MONICA,Desayunos de la Abuela,didi,25.99,10.4,33.73,1.0
46086.0,8.0,COL,Cali,46 INGENIO,Desayunos de la Abuela,didi,16.63,0.32,26.09,1.0
46086.0,8.0,COL,Cali,24 SAN FERNANDO,Desayunos de la Abuela,didi,15.17,0.82,33.84,1.0
46086.0,8.0,COL,Cali,46 INGENIO,Desayunos de la Abuela,didi,15.05,0.32,17.88,1.0
46086.0,8.0,COL,Cali,24 SAN FERNANDO,Desayunos de la Abuela,didi,8.17,1.08,23.29,1.0
46086.0,7.0,COL,Cali,46 INGENIO,Desayunos de la Abuela,rappi,16.64,9.88,0.38,1.0
46086.0,7.0,COL,Cali,46 INGENIO,Desayunos de la Abuela,rappi,20.09,16.97,1.87,1.0
46086.0,7.0,COL,Cali,46 INGENIO,Desayunos de la Abuela,rappi,21.7,15.68,0.52,1.0
46086.0,7.0,COL,Cali,46 INGENIO,Desayunos de la Abuela,rappi,14.73,11.9,2.19,1.0
46086.0,7.0,COL,Cali,46 INGENIO,Desayunos de la Abuela,rappi,22.63,0.15,12.58,1.0
46086.0,7.0,COL,Cali,22 SANTA MONICA,Desayunos de la Abuela,rappi,13.68,2.32,2.42,1.0
46086.0,8.0,COL,Cali,24 SAN FERNANDO,Desayunos de la Abuela,rappi,20.13,4.8,10.68,1.0
46086.0,8.0,COL,Cali,46 INGENIO,Desayunos de la Abuela,rappi,9.77,6.18,1.31,1.0
46086.0,8.0,COL,Cali,24 SAN FERNANDO,Desayunos de la Abuela,rappi,15.26,4.0,1.78,1.0
46086.0,8.0,COL,Cali,46 INGENIO,Desayunos de la Abuela,rappi,9.28,7.67,5.2,1.0
46086.0,8.0,COL,Cali,46 INGENIO,Desayunos de la Abuela,rappi,14.03,7.65,0.45,1.0
46086.0,8.0,COL,Cali,22 SANTA MONICA,Desayunos de la Abuela,rappi,19.87,19.48,15.08,1.0
46086.0,8.0,COL,Cali,22 SANTA MONICA,Desayunos de la Abuela,rappi,13.28,5.65,6.0,1.0
46086.0,8.0,COL,Cali,46 INGENIO,Desayunos de la Abuela,rappi,20.71,17.0,3.06,1.0
46086.0,8.0,COL,Cali,46 INGENIO,Desayunos de la Abuela,rappi,9.08,16.98,14.69,1.0
46086.0,8.0,COL,Cali,22 SANTA MONICA,Desayunos de la Abuela,rappi,23.39,20.45,1.86,1.0
46086.0,8.0,COL,Cali,22 SANTA MONICA,Desayunos de la Abuela,rappi,24.86,21.17,7.08,1.0
46086.0,8.0,COL,Cali,24 SAN FERNANDO,Desayunos de la Abuela,rappi,30.93,0.32,14.98,1.0
46086.0,9.0,COL,Cali,24 SAN FERNANDO,Desayunos de la Abuela,rappi,32.28,3.48,1.08,1.0
46086.0,9.0,COL,Cali,24 SAN FERNANDO,Desayunos de la Abuela,rappi,29.71,0.55,7.46,1.0
46086.0,9.0,COL,Cali,24 SAN FERNANDO,Desayunos de la Abuela,rappi,33.88,11.13,1.9,1.0
46086.0,9.0,COL,Cali,46 INGENIO,Desayunos de la Abuela,rappi,3.25,0.38,3.07,1.0
46086.0,9.0,COL,Cali,24 SAN FERNANDO,Desayunos de la Abuela,rappi,22.18,0.15,3.17,1.0
46086.0,9.0,COL,Cali,22 SANTA MONICA,Desayunos de la Abuela,rappi,13.11,5.62,17.12,1.0
46086.0,9.0,COL,Cali,46 INGENIO,Desayunos de la Abuela,rappi,12.11,0.25,3.19,1.0
46086.0,10.0,COL,Cali,22 SANTA MONICA,Desayunos de la Abuela,rappi,4.16,5.38,19.05,1.0
46086.0,10.0,COL,Cali,22 SANTA MONICA,Desayunos de la Abuela,rappi,18.13,5.38,5.08,1.0
46086.0,10.0,COL,Cali,24 SAN FERNANDO,Desayunos de la Abuela,rappi,15.8,25.4,21.29,1.0
46086.0,10.0,COL,Cali,24 SAN FERNANDO,Desayunos de la Abuela,rappi,17.34,0.78,5.14,1.0
46086.0,10.0,COL,Cali,22 SANTA MONICA,Desayunos de la Abuela,rappi,17.19,12.57,3.05,1.0
46086.0,10.0,COL,Cali,46 INGENIO,Desayunos de la Abuela,rappi,11.45,7.43,0.8,1.0
46086.0,10.0,COL,Cali,22 SANTA MONICA,Desayunos de la Abuela,rappi,21.74,0.95,9.99,1.0
46086.0,10.0,COL,Cali,22 SANTA MONICA,Desayunos de la Abuela,rappi,15.1,3.33,3.01,1.0
46086.0,10.0,COL,Cali,46 INGENIO,Desayunos de la Abuela,rappi,15.99,6.98,3.67,1.0
46086.0,10.0,COL,Cali,46 INGENIO,Desayunos de la Abuela,rappi,8.21,3.87,0.31,1.0
46086.0,11.0,COL,Cali,22 SANTA MONICA,Desayunos de la Abuela,rappi,12.97,4.53,22.0,1.0
46086.0,11.0,COL,Cali,46 INGENIO,Desayunos de la Abuela,rappi,12.01,8.03,1.01,1.0
46086.0,14.0,COL,Cali,24 SAN FERNANDO,Desayunos de la Abuela,rappi,18.8,3.25,0.41,1.0
46086.0,14.0,COL,Cali,46 INGENIO,Desayunos de la Abuela,rappi,5.18,0.15,7.94,1.0
46086.0,17.0,COL,Cali,46 INGENIO,Desayunos de la Abuela,rappi,7.09,4.32,2.1,1.0
46086.0,20.0,COL,Cali,22 SANTA MONICA,Desayunos de la Abuela,rappi,18.98,5.78,2.06,1.0
46086.0,21.0,COL,Cali,22 SANTA MONICA,Desayunos de la Abuela,rappi,15.75,1.52,7.9,1.0
46086.0,21.0,COL,Cali,22 SANTA MONICA,Desayunos de la Abuela,rappi,8.92,0.08,3.1,1.0
46086.0,22.0,COL,Cali,22 SANTA MONICA,Desayunos de la Abuela Turbo,rappi,7.07,2.92,0.87,1.0
46086.0,18.0,COL,Cali,22 SANTA MONICA,Desgranados & Co,rappi,12.29,0.0,17.85,1.0
46086.0,19.0,COL,Cali,24 SAN FERNANDO,Desgranados & Co,rappi,17.83,0.57,1.92,1.0
46086.0,21.0,COL,Cali,24 SAN FERNANDO,Desgranados & Co,rappi,25.86,14.08,0.69,1.0
46086.0,23.0,COL,Cali,46 INGENIO,Desgranados & Co,rappi,9.08,2.95,0.4,1.0
46086.0,19.0,COL,Cali,22 SANTA MONICA,Desgranados & Co Turbo,rappi,5.39,2.18,1.7,1.0
46086.0,21.0,COL,Cali,22 SANTA MONICA,Desgranados & Co Turbo,rappi,5.8,1.35,0.4,1.0
46086.0,21.0,COL,Cali,22 SANTA MONICA,Desgranados & Co Turbo,rappi,6.65,2.25,0.49,1.0
46086.0,11.0,COL,Cali,22 SANTA MONICA,El Ejecutivo,didi,15.92,9.73,1.97,1.0
46086.0,13.0,COL,Cali,24 SAN FERNANDO,El Ejecutivo,didi,16.87,12.52,0.87,1.0
46086.0,15.0,COL,Cali,24 SAN FERNANDO,El Ejecutivo,didi,32.3,2.63,1.68,1.0
46086.0,18.0,COL,Cali,22 SANTA MONICA,El Ejecutivo,didi,14.23,1.7,18.63,1.0
46086.0,22.0,COL,Cali,22 SANTA MONICA,El Ejecutivo,didi,13.6,2.13,28.95,1.0
46086.0,12.0,COL,Cali,24 SAN FERNANDO,El Ejecutivo,rappi,12.64,0.15,1.18,1.0
46086.0,22.0,COL,Cali,24 SAN FERNANDO,El Ejecutivo Turbo,rappi,11.88,4.87,2.96,1.0
46086.0,9.0,COL,Cali,22 SANTA MONICA,Foodhub,rappi,21.17,9.78,9.62,1.0
46086.0,18.0,COL,Cali,22 SANTA MONICA,Frost by Oreo,didi,6.38,,1.12,1.0
46086.0,13.0,COL,Cali,22 SANTA MONICA,Frost by Oreo,rappi,0.0,,100.81,1.0
46086.0,16.0,COL,Cali,22 SANTA MONICA,Frost by Oreo,rappi,1.03,,10.14,1.0
46086.0,21.0,COL,Cali,22 SANTA MONICA,Frost By Oreo Turbo,rappi,0.4,,1.62,1.0
46086.0,11.0,COL,Cali,46 INGENIO,Green House,didi,13.06,6.03,27.12,1.0
46086.0,12.0,COL,Cali,24 SAN FERNANDO,Green House,didi,19.26,4.73,4.1,1.0
46086.0,12.0,COL,Cali,24 SAN FERNANDO,Green House,didi,8.9,4.82,0.97,1.0
46086.0,20.0,COL,Cali,24 SAN FERNANDO,Green House,didi,42.33,38.25,0.8,1.0
46086.0,12.0,COL,Cali,24 SAN FERNANDO,Green House,rappi,18.71,1.2,2.93,1.0
46086.0,13.0,COL,Cali,24 SAN FERNANDO,Green House,rappi,20.74,0.22,7.1,1.0
46086.0,13.0,COL,Cali,24 SAN FERNANDO,Green House,rappi,15.97,11.22,3.13,1.0
46086.0,14.0,COL,Cali,24 SAN FERNANDO,Green House,rappi,15.42,8.22,2.74,1.0
46086.0,15.0,COL,Cali,22 SANTA MONICA,Green House,rappi,17.12,2.45,6.82,1.0
46086.0,21.0,COL,Cali,24 SAN FERNANDO,Green House,rappi,14.89,0.18,4.23,1.0
46086.0,22.0,COL,Cali,24 SAN FERNANDO,Green House,rappi,24.72,18.3,1.13,1.0
46086.0,22.0,COL,Cali,46 INGENIO,Green House,rappi,3.4,0.3,1.96,1.0
46086.0,23.0,COL,Cali,24 SAN FERNANDO,Green House,rappi,9.38,5.55,0.93,1.0
46086.0,20.0,COL,Cali,24 SAN FERNANDO,Green House Turbo,rappi,14.07,1.53,5.13,1.0
46086.0,20.0,COL,Cali,24 SAN FERNANDO,Green House Turbo,rappi,36.36,3.85,0.74,1.0
46086.0,21.0,COL,Cali,24 SAN FERNANDO,Green House Turbo,rappi,25.98,5.17,0.39,1.0
46086.0,13.0,COL,Cali,22 SANTA MONICA,Honest Food,rappi,24.95,0.2,9.36,1.0
46086.0,13.0,COL,Cali,46 INGENIO,Honest Food,rappi,13.18,9.02,0.77,1.0
46086.0,15.0,COL,Cali,22 SANTA MONICA,Honest Food,rappi,9.77,0.37,38.76,1.0
46086.0,16.0,COL,Cali,22 SANTA MONICA,Honest Food,rappi,12.54,3.32,1.6,1.0
46086.0,20.0,COL,Cali,24 SAN FERNANDO,Honest Food,rappi,36.31,4.27,0.96,1.0
46086.0,20.0,COL,Cali,24 SAN FERNANDO,Honest Food Turbo,rappi,21.41,3.23,1.52,1.0
46086.0,21.0,COL,Cali,46 INGENIO,House of Burgers,rappi,12.13,0.13,4.09,1.0
46086.0,12.0,COL,Cali,24 SAN FERNANDO,House of Salads,rappi,18.93,0.43,22.62,1.0
46086.0,13.0,COL,Cali,46 INGENIO,House of Salads,rappi,13.85,9.05,0.31,1.0
46086.0,14.0,COL,Cali,24 SAN FERNANDO,House of Salads,rappi,23.63,4.63,19.48,1.0
46086.0,16.0,COL,Cali,46 INGENIO,House of Salads,rappi,15.58,0.1,5.42,1.0
46086.0,16.0,COL,Cali,46 INGENIO,House of Salads,rappi,10.89,6.23,0.63,1.0
46086.0,20.0,COL,Cali,46 INGENIO,House of Salads,rappi,12.05,0.22,1.54,1.0
46086.0,20.0,COL,Cali,24 SAN FERNANDO,House of Salads,rappi,27.78,0.57,0.11,1.0
46086.0,13.0,COL,Cali,22 SANTA MONICA,House of Salads Turbo,rappi,7.82,4.4,1.39,1.0
46086.0,14.0,COL,Cali,22 SANTA MONICA,House of Salads Turbo,rappi,7.45,18.85,16.05,1.0
46086.0,20.0,COL,Cali,22 SANTA MONICA,House of Salads Turbo,rappi,4.9,1.12,1.35,1.0
46086.0,14.0,COL,Cali,22 SANTA MONICA,La Casa Mexicana,didi,25.85,26.75,5.99,1.0
46086.0,14.0,COL,Cali,22 SANTA MONICA,La Casa Mexicana,didi,20.98,18.52,4.51,1.0
46086.0,19.0,COL,Cali,46 INGENIO,La Casa Mexicana,didi,16.15,2.32,51.85,1.0
46086.0,19.0,COL,Cali,22 SANTA MONICA,La Casa Mexicana,didi,9.72,6.7,2.09,1.0
46086.0,20.0,COL,Cali,46 INGENIO,La Casa Mexicana,didi,7.52,9.72,20.72,1.0
46086.0,22.0,COL,Cali,22 SANTA MONICA,La Casa Mexicana,didi,6.74,1.97,43.45,1.0
46086.0,11.0,COL,Cali,22 SANTA MONICA,La Casa Mexicana,rappi,14.87,10.27,2.0,1.0
46086.0,21.0,COL,Cali,46 INGENIO,La Casa Mexicana,rappi,16.17,0.15,3.56,1.0
46086.0,22.0,COL,Cali,46 INGENIO,La Casa Mexicana,rappi,9.5,0.38,1.62,1.0
46086.0,20.0,COL,Cali,24 SAN FERNANDO,La Casa Mexicana Turbo,rappi,13.73,1.87,0.23,1.0
46086.0,20.0,COL,Cali,24 SAN FERNANDO,La Casa Mexicana Turbo,rappi,14.18,1.65,0.93,1.0
46086.0,12.0,COL,Cali,24 SAN FERNANDO,La Cuadra,didi,28.06,1.7,2.28,1.0
46086.0,12.0,COL,Cali,46 INGENIO,La Cuadra,didi,5.86,0.35,21.4,1.0
46086.0,12.0,COL,Cali,24 SAN FERNANDO,La Cuadra,didi,25.19,10.32,0.84,1.0
46086.0,13.0,COL,Cali,46 INGENIO,La Cuadra,didi,10.21,1.83,18.02,1.0
46086.0,13.0,COL,Cali,24 SAN FERNANDO,La Cuadra,didi,11.31,4.02,0.67,1.0
46086.0,14.0,COL,Cali,46 INGENIO,La Cuadra,didi,4.85,0.92,2.1,1.0
46086.0,14.0,COL,Cali,24 SAN FERNANDO,La Cuadra,didi,23.68,0.63,1.49,1.0
46086.0,14.0,COL,Cali,46 INGENIO,La Cuadra,didi,9.23,6.73,2.58,1.0
46086.0,14.0,COL,Cali,24 SAN FERNANDO,La Cuadra,didi,15.8,9.97,1.01,1.0
46086.0,14.0,COL,Cali,24 SAN FERNANDO,La Cuadra,didi,36.67,10.1,0.9,1.0
46086.0,14.0,COL,Cali,46 INGENIO,La Cuadra,didi,2.83,0.83,15.8,1.0
46086.0,15.0,COL,Cali,24 SAN FERNANDO,La Cuadra,didi,29.11,14.87,0.97,1.0
46086.0,18.0,COL,Cali,46 INGENIO,La Cuadra,didi,9.53,4.15,6.14,1.0
46086.0,15.0,COL,Cali,46 INGENIO,La Cuadra,justo,5.92,0.0,57.17,1.0
46086.0,11.0,COL,Cali,46 INGENIO,La Cuadra,rappi,3.19,0.32,17.01,1.0
46086.0,11.0,COL,Cali,46 INGENIO,La Cuadra,rappi,14.86,0.15,6.26,1.0
46086.0,12.0,COL,Cali,46 INGENIO,La Cuadra,rappi,15.23,5.75,0.79,1.0
46086.0,12.0,COL,Cali,46 INGENIO,La Cuadra,rappi,11.83,0.42,19.06,1.0
46086.0,12.0,COL,Cali,24 SAN FERNANDO,La Cuadra,rappi,14.53,0.18,17.29,1.0
46086.0,12.0,COL,Cali,24 SAN FERNANDO,La Cuadra,rappi,18.89,1.9,2.12,1.0
46086.0,12.0,COL,Cali,46 INGENIO,La Cuadra,rappi,7.37,0.18,21.58,1.0
46086.0,12.0,COL,Cali,46 INGENIO,La Cuadra,rappi,10.14,0.38,20.93,1.0
46086.0,13.0,COL,Cali,22 SANTA MONICA,La Cuadra,rappi,8.75,2.37,31.2,1.0
46086.0,13.0,COL,Cali,24 SAN FERNANDO,La Cuadra,rappi,21.66,2.12,0.89,1.0
46086.0,13.0,COL,Cali,46 INGENIO,La Cuadra,rappi,14.82,0.22,8.21,1.0
46086.0,13.0,COL,Cali,46 INGENIO,La Cuadra,rappi,9.69,0.23,10.13,1.0
46086.0,13.0,COL,Cali,46 INGENIO,La Cuadra,rappi,9.33,0.3,25.52,1.0
46086.0,14.0,COL,Cali,46 INGENIO,La Cuadra,rappi,8.79,0.4,17.86,1.0
46086.0,14.0,COL,Cali,46 INGENIO,La Cuadra,rappi,9.97,0.27,15.18,1.0
46086.0,14.0,COL,Cali,46 INGENIO,La Cuadra,rappi,10.81,2.45,10.19,1.0
46086.0,14.0,COL,Cali,46 INGENIO,La Cuadra,rappi,10.97,0.45,16.08,1.0
46086.0,14.0,COL,Cali,24 SAN FERNANDO,La Cuadra,rappi,18.92,13.07,0.25,1.0
46086.0,14.0,COL,Cali,22 SANTA MONICA,La Cuadra,rappi,9.06,0.2,24.15,1.0
46086.0,14.0,COL,Cali,24 SAN FERNANDO,La Cuadra,rappi,9.07,0.18,8.85,1.0
46086.0,15.0,COL,Cali,46 INGENIO,La Cuadra,rappi,3.21,0.18,18.72,1.0
46086.0,15.0,COL,Cali,46 INGENIO,La Cuadra,rappi,9.12,0.28,3.15,1.0
46086.0,16.0,COL,Cali,46 INGENIO,La Cuadra,rappi,15.7,1.7,1.28,1.0
46086.0,17.0,COL,Cali,46 INGENIO,La Cuadra,rappi,18.32,0.38,6.03,1.0
46086.0,17.0,COL,Cali,46 INGENIO,La Cuadra,rappi,9.86,2.05,0.89,1.0
46086.0,18.0,COL,Cali,46 INGENIO,La Cuadra,rappi,4.77,0.25,11.0,1.0
46086.0,19.0,COL,Cali,22 SANTA MONICA,La Cuadra,rappi,18.1,0.85,18.01,1.0
46086.0,20.0,COL,Cali,46 INGENIO,La Cuadra,rappi,14.31,0.28,16.81,1.0
46086.0,21.0,COL,Cali,22 SANTA MONICA,La Cuadra,rappi,8.99,0.68,14.11,1.0
46086.0,21.0,COL,Cali,46 INGENIO,La Cuadra,rappi,3.77,1.07,6.41,1.0
46086.0,21.0,COL,Cali,24 SAN FERNANDO,La Cuadra,rappi,4.04,0.48,62.48,1.0
46086.0,22.0,COL,Cali,46 INGENIO,La Cuadra,rappi,17.72,1.73,7.04,1.0
46086.0,22.0,COL,Cali,46 INGENIO,La Cuadra,rappi,4.6,0.68,13.35,1.0
46086.0,23.0,COL,Cali,46 INGENIO,La Cuadra,rappi,5.26,8.0,11.62,1.0
46086.0,23.0,COL,Cali,46 INGENIO,La Cuadra,rappi,6.68,0.5,1.9,1.0
46086.0,8.0,COL,Cali,24 SAN FERNANDO,La Cuadra Desayunos,rappi,21.08,0.2,1.7,1.0
46086.0,8.0,COL,Cali,22 SANTA MONICA,La Cuadra Desayunos Turbo,rappi,6.86,8.18,6.24,1.0
46086.0,12.0,COL,Cali,22 SANTA MONICA,La Cuadra Turbo,rappi,8.77,22.3,35.74,1.0
46086.0,14.0,COL,Cali,22 SANTA MONICA,La Cuadra Turbo,rappi,6.91,4.23,2.22,1.0
46086.0,15.0,COL,Cali,24 SAN FERNANDO,La Cuadra Turbo,rappi,20.07,17.75,2.33,1.0
46086.0,18.0,COL,Cali,24 SAN FERNANDO,La Cuadra Turbo,rappi,5.84,2.22,1.68,1.0
46086.0,19.0,COL,Cali,24 SAN FERNANDO,La Cuadra Turbo,rappi,4.89,0.42,4.72,1.0
46086.0,21.0,COL,Cali,24 SAN FERNANDO,La Cuadra Turbo,rappi,21.16,1.3,2.95,1.0
46086.0,11.0,COL,Cali,24 SAN FERNANDO,LA ÑAMGUCHERIA,didi,14.04,0.65,37.89,1.0
46086.0,16.0,COL,Cali,24 SAN FERNANDO,LA ÑAMGUCHERIA,didi,14.13,0.63,24.62,1.0
46086.0,21.0,COL,Cali,46 INGENIO,LA ÑAMGUCHERIA,didi,13.23,10.12,1.81,1.0
46086.0,21.0,COL,Cali,46 INGENIO,LA ÑAMGUCHERIA,didi,12.03,0.17,38.28,1.0
46086.0,12.0,COL,Cali,22 SANTA MONICA,LA ÑAMGUCHERIA,rappi,24.72,0.87,2.97,1.0
46086.0,15.0,COL,Cali,24 SAN FERNANDO,LA ÑAMGUCHERIA,rappi,17.07,14.17,2.02,1.0
46086.0,19.0,COL,Cali,46 INGENIO,LA ÑAMGUCHERIA,rappi,25.68,1.07,0.13,1.0
46086.0,19.0,COL,Cali,22 SANTA MONICA,LA ÑAMGUCHERIA,rappi,23.34,3.55,4.7,1.0
46086.0,20.0,COL,Cali,46 INGENIO,LA ÑAMGUCHERIA,rappi,24.56,21.07,1.9,1.0
46086.0,20.0,COL,Cali,46 INGENIO,LA ÑAMGUCHERIA,rappi,16.97,9.72,1.8,1.0
46086.0,23.0,COL,Cali,22 SANTA MONICA,LA ÑAMGUCHERIA,rappi,11.66,1.08,12.31,1.0
46086.0,7.0,COL,Cali,22 SANTA MONICA,LA PANQUEQUERIA,rappi,16.03,14.1,3.01,1.0
46086.0,7.0,COL,Cali,46 INGENIO,LA PANQUEQUERIA,rappi,9.09,4.88,0.43,1.0
46086.0,11.0,COL,Cali,46 INGENIO,LA PANQUEQUERIA,rappi,8.32,0.22,2.16,1.0
46086.0,11.0,COL,Cali,24 SAN FERNANDO,LA PANQUEQUERIA,rappi,20.12,13.08,1.65,1.0
46086.0,13.0,COL,Cali,46 INGENIO,Local - Cocina Consciente,rappi,6.84,0.17,7.85,1.0
46086.0,18.0,COL,Cali,46 INGENIO,Local - Cocina Consciente,rappi,10.77,0.35,2.87,1.0
46086.0,19.0,COL,Cali,24 SAN FERNANDO,Local - Cocina Consciente,rappi,16.0,11.52,0.3,1.0
46086.0,20.0,COL,Cali,22 SANTA MONICA,Local - Cocina Consciente,rappi,7.15,2.13,1.8,1.0
46086.0,14.0,COL,Cali,22 SANTA MONICA,MonteVerde,didi,16.79,10.52,6.49,1.0
46086.0,13.0,COL,Cali,22 SANTA MONICA,MonteVerde,rappi,6.64,0.7,5.1,1.0
46086.0,14.0,COL,Cali,24 SAN FERNANDO,MonteVerde,rappi,18.21,4.72,1.93,1.0
46086.0,20.0,COL,Cali,24 SAN FERNANDO,MonteVerde,rappi,21.72,11.92,1.03,1.0
46086.0,18.0,COL,Cali,24 SAN FERNANDO,Monteverde Turbo,rappi,10.15,5.88,0.76,1.0
46086.0,22.0,COL,Cali,24 SAN FERNANDO,Monteverde Turbo,rappi,11.29,0.35,6.84,1.0
46086.0,11.0,COL,Cali,46 INGENIO,Mr Beast Burger,didi,11.09,1.67,4.84,1.0
46086.0,12.0,COL,Cali,22 SANTA MONICA,Mr Beast Burger,didi,14.86,1.3,7.06,1.0
46086.0,15.0,COL,Cali,46 INGENIO,Mr Beast Burger,didi,9.01,1.12,15.09,1.0
46086.0,15.0,COL,Cali,22 SANTA MONICA,Mr Beast Burger,didi,16.0,2.53,1.88,1.0
46086.0,15.0,COL,Cali,46 INGENIO,Mr Beast Burger,didi,0.0,,1.0,
46086.0,15.0,COL,Cali,46 INGENIO,Mr Beast Burger,didi,10.82,1.92,9.93,1.0
46086.0,15.0,COL,Cali,24 SAN FERNANDO,Mr Beast Burger,didi,22.42,4.32,1.55,1.0
46086.0,15.0,COL,Cali,46 INGENIO,Mr Beast Burger,didi,8.34,1.58,2.9,1.0
46086.0,16.0,COL,Cali,22 SANTA MONICA,Mr Beast Burger,didi,20.19,1.68,5.1,1.0
46086.0,16.0,COL,Cali,46 INGENIO,Mr Beast Burger,didi,10.06,5.57,0.26,1.0
46086.0,17.0,COL,Cali,24 SAN FERNANDO,Mr Beast Burger,didi,15.28,3.27,1.68,1.0
46086.0,18.0,COL,Cali,22 SANTA MONICA,Mr Beast Burger,didi,12.15,1.73,35.0,1.0
46086.0,18.0,COL,Cali,46 INGENIO,Mr Beast Burger,didi,12.22,9.23,1.9,1.0
46086.0,18.0,COL,Cali,24 SAN FERNANDO,Mr Beast Burger,didi,19.91,3.78,1.77,1.0
46086.0,19.0,COL,Cali,46 INGENIO,Mr Beast Burger,didi,14.95,5.32,35.08,1.0
46086.0,19.0,COL,Cali,46 INGENIO,Mr Beast Burger,didi,17.84,0.95,41.73,1.0
46086.0,19.0,COL,Cali,46 INGENIO,Mr Beast Burger,didi,11.98,0.0,1.0,
46086.0,19.0,COL,Cali,46 INGENIO,Mr Beast Burger,didi,6.19,3.22,31.49,1.0
46086.0,20.0,COL,Cali,24 SAN FERNANDO,Mr Beast Burger,didi,17.47,12.23,2.59,1.0
46086.0,20.0,COL,Cali,24 SAN FERNANDO,Mr Beast Burger,didi,22.76,1.2,25.22,1.0
46086.0,20.0,COL,Cali,46 INGENIO,Mr Beast Burger,didi,10.67,4.92,0.95,1.0
46086.0,20.0,COL,Cali,46 INGENIO,Mr Beast Burger,didi,12.58,1.17,22.77,1.0
46086.0,21.0,COL,Cali,46 INGENIO,Mr Beast Burger,didi,13.89,1.08,36.85,1.0
46086.0,21.0,COL,Cali,22 SANTA MONICA,Mr Beast Burger,didi,12.81,0.78,12.97,1.0
46086.0,21.0,COL,Cali,22 SANTA MONICA,Mr Beast Burger,didi,7.86,1.23,14.32,1.0
46086.0,21.0,COL,Cali,46 INGENIO,Mr Beast Burger,didi,9.94,0.4,25.93,1.0
46086.0,21.0,COL,Cali,24 SAN FERNANDO,Mr Beast Burger,didi,20.32,1.45,21.12,1.0
46086.0,22.0,COL,Cali,22 SANTA MONICA,Mr Beast Burger,didi,18.15,1.35,37.86,1.0
46086.0,22.0,COL,Cali,24 SAN FERNANDO,Mr Beast Burger,didi,17.86,2.73,1.31,1.0
46086.0,23.0,COL,Cali,22 SANTA MONICA,Mr Beast Burger,didi,18.79,2.27,36.98,1.0
46086.0,23.0,COL,Cali,22 SANTA MONICA,Mr Beast Burger,didi,16.96,1.6,30.44,1.0
46086.0,11.0,COL,Cali,24 SAN FERNANDO,Mr Beast Burger,rappi,10.28,0.78,21.69,1.0
46086.0,11.0,COL,Cali,24 SAN FERNANDO,Mr Beast Burger,rappi,22.16,0.53,19.72,1.0
46086.0,12.0,COL,Cali,22 SANTA MONICA,Mr Beast Burger,rappi,17.25,0.2,2.42,1.0
46086.0,13.0,COL,Cali,46 INGENIO,Mr Beast Burger,rappi,8.19,0.23,14.99,1.0
46086.0,15.0,COL,Cali,46 INGENIO,Mr Beast Burger,rappi,6.82,0.33,11.93,1.0
46086.0,18.0,COL,Cali,24 SAN FERNANDO,Mr Beast Burger,rappi,21.2,11.9,3.1,1.0
46086.0,19.0,COL,Cali,46 INGENIO,Mr Beast Burger,rappi,17.16,0.23,3.66,1.0
46086.0,19.0,COL,Cali,46 INGENIO,Mr Beast Burger,rappi,11.32,0.28,10.97,1.0
46086.0,20.0,COL,Cali,22 SANTA MONICA,Mr Beast Burger,rappi,16.02,1.2,16.23,1.0
46086.0,23.0,COL,Cali,24 SAN FERNANDO,Mr Beast Burger,rappi,30.84,22.85,1.16,1.0
46086.0,23.0,COL,Cali,46 INGENIO,Mr Beast Burger,rappi,8.78,2.78,0.18,1.0
46086.0,20.0,COL,Cali,24 SAN FERNANDO,Mr Beast Burger Turbo,rappi,18.64,0.38,12.06,1.0
46086.0,21.0,COL,Cali,24 SAN FERNANDO,Mr Beast Burger Turbo,rappi,20.77,0.75,17.77,1.0
46086.0,21.0,COL,Cali,24 SAN FERNANDO,Mr Beast Burger Turbo,rappi,34.82,11.17,1.82,1.0
46086.0,21.0,COL,Cali,24 SAN FERNANDO,Mr Beast Burger Turbo,rappi,16.97,1.63,2.91,1.0
46086.0,8.0,COL,Cali,46 INGENIO,Pret Sandwich Bistro,rappi,29.87,15.07,0.91,1.0
46086.0,9.0,COL,Cali,22 SANTA MONICA,Pret Sandwich Bistro,rappi,16.71,4.17,5.29,1.0
46086.0,9.0,COL,Cali,24 SAN FERNANDO,Pret Sandwich Bistro,rappi,20.15,9.52,1.76,1.0
46086.0,18.0,COL,Cali,24 SAN FERNANDO,Pret Sandwich Bistro,rappi,7.05,0.77,2.46,1.0
46086.0,22.0,COL,Cali,46 INGENIO,Pret Sandwich Bistro,rappi,16.0,9.8,0.28,1.0
46086.0,17.0,COL,Cali,46 INGENIO,San Jeronimo,rappi,1.23,,0.31,1.0
46086.0,21.0,COL,Cali,24 SAN FERNANDO,San Jeronimo,rappi,6.88,,29.78,1.0
46086.0,16.0,COL,Cali,22 SANTA MONICA,SAN JERÓNIMO TURBO,rappi,2.25,,2.2,1.0
46086.0,18.0,COL,Cali,24 SAN FERNANDO,SÁNDUCHES EL JEFE,didi,12.99,1.38,0.56,1.0
46086.0,19.0,COL,Cali,22 SANTA MONICA,SÁNDUCHES EL JEFE,didi,12.2,1.72,34.9,1.0
46086.0,20.0,COL,Cali,24 SAN FERNANDO,SÁNDUCHES EL JEFE,didi,21.92,0.95,12.01,1.0
46086.0,16.0,COL,Cali,46 INGENIO,SÁNDUCHES EL JEFE,rappi,13.98,3.92,3.43,1.0
46086.0,23.0,COL,Cali,24 SAN FERNANDO,SÁNDUCHES EL JEFE,rappi,36.11,9.62,5.89,1.0
46086.0,17.0,COL,Cali,22 SANTA MONICA,Selvatiko,didi,19.99,3.02,2.21,1.0
46086.0,8.0,COL,Cali,22 SANTA MONICA,The Breakfast Club,didi,17.84,17.7,49.33,1.0
46086.0,9.0,COL,Cali,46 INGENIO,The Breakfast Club,didi,17.04,0.53,5.75,1.0
46086.0,10.0,COL,Cali,24 SAN FERNANDO,The Breakfast Club,didi,26.1,1.5,20.16,1.0
46086.0,7.0,COL,Cali,24 SAN FERNANDO,The Breakfast Club,rappi,15.16,4.65,1.71,1.0
46086.0,8.0,COL,Cali,22 SANTA MONICA,The Breakfast Club,rappi,26.52,12.78,2.45,1.0
46086.0,9.0,COL,Cali,46 INGENIO,The Breakfast Club,rappi,6.2,2.32,0.98,1.0
46086.0,9.0,COL,Cali,22 SANTA MONICA,The Breakfast Club,rappi,23.51,17.87,4.21,1.0
46086.0,9.0,COL,Cali,24 SAN FERNANDO,The Breakfast Club,rappi,21.86,3.92,1.21,1.0
46086.0,9.0,COL,Cali,46 INGENIO,The Breakfast Club,rappi,11.21,0.1,2.72,1.0
46086.0,10.0,COL,Cali,46 INGENIO,The Breakfast Club,rappi,21.0,24.95,8.95,1.0
46086.0,10.0,COL,Cali,46 INGENIO,The Breakfast Club,rappi,11.14,7.17,0.92,1.0
46086.0,10.0,COL,Cali,46 INGENIO,The Breakfast Club,rappi,19.09,15.28,1.06,1.0
46086.0,10.0,COL,Cali,46 INGENIO,The Breakfast Club,rappi,16.94,10.18,0.27,1.0
46086.0,12.0,COL,Cali,22 SANTA MONICA,The Breakfast Club,rappi,21.11,7.68,15.09,1.0
46086.0,12.0,COL,Cali,22 SANTA MONICA,The Breakfast Club,rappi,33.55,1.48,17.04,1.0
46086.0,14.0,COL,Cali,24 SAN FERNANDO,The Breakfast Club,rappi,16.57,0.15,23.05,1.0
46086.0,20.0,COL,Cali,46 INGENIO,The Breakfast Club,rappi,9.15,4.03,0.31,1.0
46086.0,21.0,COL,Cali,22 SANTA MONICA,The Breakfast Club,rappi,14.54,0.22,14.72,1.0
46086.0,21.0,COL,Cali,46 INGENIO,The Breakfast Club,rappi,18.16,11.92,1.05,1.0
46086.0,9.0,COL,Cali,22 SANTA MONICA,The Egg Spot,rappi,12.97,9.05,4.06,1.0
46086.0,22.0,COL,Cali,46 INGENIO,The Egg Spot,rappi,10.5,0.3,6.45,1.0
46086.0,22.0,COL,Cali,24 SAN FERNANDO,The Egg Spot,rappi,30.15,13.02,1.24,1.0
46086.0,13.0,COL,Cartagena,33 CARTAGENA,Alba Vegetarian,didi,13.79,0.28,1.39,1.0
46086.0,20.0,COL,Cartagena,33 CARTAGENA,Alba Vegetarian,rappi,10.64,0.97,9.39,1.0
46086.0,15.0,COL,Cartagena,33 CARTAGENA,Almuerzos de la Casa,didi,18.03,1.77,1.53,1.0
46086.0,7.0,COL,Cartagena,33 CARTAGENA,Avocalia,rappi,43.96,12.35,3.02,1.0
46086.0,8.0,COL,Cartagena,33 CARTAGENA,Avocalia,rappi,8.97,0.82,2.66,1.0
46086.0,11.0,COL,Cartagena,33 CARTAGENA,Avocalia,rappi,25.27,0.17,2.0,1.0
46086.0,11.0,COL,Cartagena,33 CARTAGENA,Avocalia,rappi,15.28,5.83,0.19,1.0
46086.0,11.0,COL,Cartagena,33 CARTAGENA,Avocalia,rappi,15.76,0.17,18.31,1.0
46086.0,12.0,COL,Cartagena,33 CARTAGENA,Avocalia,rappi,19.89,0.62,31.25,1.0
46086.0,14.0,COL,Cartagena,33 CARTAGENA,Avocalia,rappi,16.04,0.0,8.91,1.0
46086.0,15.0,COL,Cartagena,33 CARTAGENA,Avocalia,rappi,18.28,0.27,21.53,1.0
46086.0,12.0,COL,Cartagena,33 CARTAGENA,AVOCALIA TURBO,rappi,3.0,0.0,0.86,1.0
46086.0,14.0,COL,Cartagena,33 CARTAGENA,AVOCALIA TURBO,rappi,6.22,0.25,13.89,1.0
46086.0,20.0,COL,Cartagena,33 CARTAGENA,AVOCALIA TURBO,rappi,3.19,0.93,8.67,1.0
46086.0,21.0,COL,Cartagena,33 CARTAGENA,AVOCALIA TURBO,rappi,5.34,0.92,0.6,1.0
46086.0,7.0,COL,Cartagena,33 CARTAGENA,Brunch & Munch,rappi,36.03,0.43,1.7,1.0
46086.0,8.0,COL,Cartagena,33 CARTAGENA,Brunch & Munch,rappi,15.68,0.35,49.28,1.0
46086.0,8.0,COL,Cartagena,33 CARTAGENA,Brunch & Munch,rappi,14.7,0.37,54.0,1.0
46086.0,8.0,COL,Cartagena,33 CARTAGENA,Brunch & Munch,rappi,7.93,0.78,41.47,1.0
46086.0,9.0,COL,Cartagena,33 CARTAGENA,Brunch & Munch,rappi,21.77,0.18,31.85,1.0
46086.0,9.0,COL,Cartagena,33 CARTAGENA,Brunch & Munch,rappi,13.02,10.32,2.16,1.0
46086.0,12.0,COL,Cartagena,33 CARTAGENA,Brunch & Munch,rappi,23.4,0.18,18.05,1.0
46086.0,19.0,COL,Cartagena,33 CARTAGENA,Brunch & Munch,rappi,11.7,0.3,23.17,1.0
46086.0,21.0,COL,Cartagena,33 CARTAGENA,Brunch & Munch,rappi,12.75,0.45,24.36,1.0
46086.0,21.0,COL,Cartagena,33 CARTAGENA,Brunch & Munch,rappi,17.81,0.45,10.3,1.0
46086.0,19.0,COL,Cartagena,33 CARTAGENA,Burrito Cantina,rappi,4.02,0.37,21.47,1.0
46086.0,12.0,COL,Cartagena,33 CARTAGENA,Burritos & Co,rappi,21.21,13.37,0.92,1.0
46086.0,13.0,COL,Cartagena,33 CARTAGENA,Burritos & Co,rappi,17.97,0.62,10.43,1.0
46086.0,19.0,COL,Cartagena,33 CARTAGENA,Burritos & Co,rappi,11.15,4.02,0.8,1.0
46086.0,20.0,COL,Cartagena,33 CARTAGENA,Burritos & Co,rappi,10.02,0.25,17.83,1.0
46086.0,23.0,COL,Cartagena,33 CARTAGENA,Burritos & Co,rappi,13.61,9.02,0.39,1.0
46086.0,19.0,COL,Cartagena,33 CARTAGENA,Burritos & Co Turbo,rappi,4.97,0.4,10.11,1.0
46086.0,12.0,COL,Cartagena,33 CARTAGENA,Casa arabe,rappi,18.88,0.45,42.34,1.0
46086.0,15.0,COL,Cartagena,33 CARTAGENA,Casa arabe,rappi,18.8,0.22,76.17,1.0
46086.0,20.0,COL,Cartagena,33 CARTAGENA,Cinnabon,foodologypos,4.05,0.0,24.14,1.0
46086.0,15.0,COL,Cartagena,33 CARTAGENA,Cinnabon,rappi,19.04,7.85,0.0,1.0
46086.0,22.0,COL,Cartagena,33 CARTAGENA,Cinnabon,rappi,10.85,0.37,1.99,1.0
46086.0,18.0,COL,Cartagena,33 CARTAGENA,Dembow,didi,13.98,13.42,5.67,1.0
46086.0,12.0,COL,Cartagena,33 CARTAGENA,Dembow,rappi,21.44,7.23,0.75,1.0
46086.0,7.0,COL,Cartagena,33 CARTAGENA,Desayunos Colombianos,rappi,45.17,35.18,2.51,1.0
46086.0,7.0,COL,Cartagena,33 CARTAGENA,Desayunos Colombianos,rappi,18.11,9.5,0.96,1.0
46086.0,10.0,COL,Cartagena,33 CARTAGENA,Desayunos de la Abuela,didi,4.2,0.0,0.72,1.0
46086.0,23.0,COL,Cartagena,33 CARTAGENA,Desayunos de la Abuela,didi,13.54,3.98,1.05,1.0
46086.0,6.0,COL,Cartagena,33 CARTAGENA,Desayunos de la Abuela,rappi,25.97,0.85,0.06,1.0
46086.0,7.0,COL,Cartagena,33 CARTAGENA,Desayunos de la Abuela,rappi,12.62,0.47,12.06,1.0
46086.0,7.0,COL,Cartagena,33 CARTAGENA,Desayunos de la Abuela,rappi,9.85,10.83,11.39,1.0
46086.0,7.0,COL,Cartagena,33 CARTAGENA,Desayunos de la Abuela,rappi,18.26,10.83,0.98,1.0
46086.0,7.0,COL,Cartagena,33 CARTAGENA,Desayunos de la Abuela,rappi,35.99,5.85,8.41,1.0
46086.0,7.0,COL,Cartagena,33 CARTAGENA,Desayunos de la Abuela,rappi,44.17,1.47,10.65,1.0
46086.0,8.0,COL,Cartagena,33 CARTAGENA,Desayunos de la Abuela,rappi,15.2,0.68,22.02,1.0
46086.0,8.0,COL,Cartagena,33 CARTAGENA,Desayunos de la Abuela,rappi,18.4,0.68,3.98,1.0
46086.0,8.0,COL,Cartagena,33 CARTAGENA,Desayunos de la Abuela,rappi,17.54,0.37,32.24,1.0
46086.0,9.0,COL,Cartagena,33 CARTAGENA,Desayunos de la Abuela,rappi,20.33,0.75,13.75,1.0
46086.0,9.0,COL,Cartagena,33 CARTAGENA,Desayunos de la Abuela,rappi,23.41,0.42,16.14,1.0
46086.0,10.0,COL,Cartagena,33 CARTAGENA,Desayunos de la Abuela,rappi,24.31,7.57,9.93,1.0
46086.0,10.0,COL,Cartagena,33 CARTAGENA,Desayunos de la Abuela,rappi,32.74,0.17,5.37,1.0
46086.0,11.0,COL,Cartagena,33 CARTAGENA,Desayunos de la Abuela,rappi,31.03,7.37,1.58,1.0
46086.0,12.0,COL,Cartagena,33 CARTAGENA,Desayunos de la Abuela,rappi,31.97,25.38,19.05,1.0
46086.0,12.0,COL,Cartagena,33 CARTAGENA,Desayunos de la Abuela,rappi,31.03,28.55,2.29,1.0
46086.0,23.0,COL,Cartagena,33 CARTAGENA,Desayunos de la Abuela,rappi,0.0,,1.0,
46086.0,23.0,COL,Cartagena,33 CARTAGENA,Desayunos de la Abuela,rappi,9.87,0.5,17.84,1.0
46086.0,23.0,COL,Cartagena,33 CARTAGENA,Desayunos de la Abuela,rappi,15.68,0.0,1.0,
46086.0,23.0,COL,Cartagena,33 CARTAGENA,Desayunos de la Abuela,rappi,23.54,0.0,1.0,
46086.0,11.0,COL,Cartagena,33 CARTAGENA,El Ejecutivo,didi,12.15,0.87,11.91,1.0
46086.0,12.0,COL,Cartagena,33 CARTAGENA,El Ejecutivo,didi,20.31,0.45,18.21,1.0
46086.0,13.0,COL,Cartagena,33 CARTAGENA,El Ejecutivo,didi,8.16,5.33,2.02,1.0
46086.0,11.0,COL,Cartagena,33 CARTAGENA,El Ejecutivo Turbo,rappi,4.21,0.88,20.85,1.0
46086.0,13.0,COL,Cartagena,33 CARTAGENA,El Ejecutivo Turbo,rappi,6.83,0.0,1.0,
46086.0,17.0,COL,Cartagena,33 CARTAGENA,El Ejecutivo Turbo,rappi,6.94,0.52,6.74,1.0
46086.0,22.0,COL,Cartagena,33 CARTAGENA,Foodology,didi,14.29,6.0,0.99,1.0
46086.0,7.0,COL,Cartagena,33 CARTAGENA,Foodology,rappi,8.19,0.17,66.76,1.0
46086.0,17.0,COL,Cartagena,33 CARTAGENA,Green House,didi,8.81,4.17,0.25,1.0
46086.0,23.0,COL,Cartagena,33 CARTAGENA,Green House,didi,0.95,,12.22,1.0
46086.0,11.0,COL,Cartagena,33 CARTAGENA,Green House,rappi,16.07,4.87,0.91,1.0
46086.0,11.0,COL,Cartagena,33 CARTAGENA,Green House,rappi,10.06,1.57,3.19,1.0
46086.0,11.0,COL,Cartagena,33 CARTAGENA,Green House,rappi,33.1,0.47,17.08,1.0
46086.0,12.0,COL,Cartagena,33 CARTAGENA,Green House,rappi,13.05,0.45,11.96,1.0
46086.0,12.0,COL,Cartagena,33 CARTAGENA,Green House,rappi,27.56,2.0,64.45,1.0
46086.0,12.0,COL,Cartagena,33 CARTAGENA,Green House,rappi,27.4,0.48,26.03,1.0
46086.0,12.0,COL,Cartagena,33 CARTAGENA,Green House,rappi,20.41,0.48,18.03,1.0
46086.0,13.0,COL,Cartagena,33 CARTAGENA,Green House,rappi,21.69,0.37,34.13,1.0
46086.0,13.0,COL,Cartagena,33 CARTAGENA,Green House,rappi,15.47,10.92,1.77,1.0
46086.0,13.0,COL,Cartagena,33 CARTAGENA,Green House,rappi,17.05,0.53,17.2,1.0
46086.0,13.0,COL,Cartagena,33 CARTAGENA,Green House,rappi,15.75,0.57,9.13,1.0
46086.0,14.0,COL,Cartagena,33 CARTAGENA,Green House,rappi,11.96,2.13,77.07,1.0
46086.0,15.0,COL,Cartagena,33 CARTAGENA,Green House,rappi,10.86,0.23,0.0,1.0
46086.0,16.0,COL,Cartagena,33 CARTAGENA,Green House,rappi,32.39,0.35,35.72,1.0
46086.0,19.0,COL,Cartagena,33 CARTAGENA,Green House,rappi,6.74,0.3,29.27,1.0
46086.0,23.0,COL,Cartagena,33 CARTAGENA,Green House,rappi,13.9,0.0,1.0,
46086.0,15.0,COL,Cartagena,33 CARTAGENA,Green House Turbo,rappi,3.15,0.17,28.89,1.0
46086.0,12.0,COL,Cartagena,33 CARTAGENA,Honest Food,rappi,15.22,0.25,7.85,1.0
46086.0,12.0,COL,Cartagena,33 CARTAGENA,Honest Food,rappi,10.05,0.22,13.95,1.0
46086.0,19.0,COL,Cartagena,33 CARTAGENA,Honest Food,rappi,8.95,0.45,34.3,1.0
46086.0,22.0,COL,Cartagena,33 CARTAGENA,Honest Food,rappi,20.17,11.55,1.81,1.0
46086.0,22.0,COL,Cartagena,33 CARTAGENA,House of Burgers,rappi,25.9,0.33,8.17,1.0
46086.0,18.0,COL,Cartagena,33 CARTAGENA,House Of Burgers Turbo,rappi,5.78,0.63,4.38,1.0
46086.0,18.0,COL,Cartagena,33 CARTAGENA,House Of Burgers Turbo,rappi,7.96,3.58,0.77,1.0
46086.0,16.0,COL,Cartagena,33 CARTAGENA,House of Salads,rappi,13.12,0.0,1.0,
46086.0,20.0,COL,Cartagena,33 CARTAGENA,House of Salads Turbo,rappi,4.47,0.07,0.97,1.0
46086.0,20.0,COL,Cartagena,33 CARTAGENA,La Casa Mexicana,rappi,3.4,0.13,1.68,1.0
46086.0,23.0,COL,Cartagena,33 CARTAGENA,La Casa Mexicana,rappi,16.83,0.0,1.0,
46086.0,14.0,COL,Cartagena,33 CARTAGENA,La Casa Mexicana Turbo,rappi,4.07,0.88,30.32,1.0
46086.0,17.0,COL,Cartagena,33 CARTAGENA,La Casa Mexicana Turbo,rappi,6.15,1.52,0.54,1.0
46086.0,12.0,COL,Cartagena,33 CARTAGENA,La Cuadra,didi,24.49,8.8,0.51,1.0
46086.0,22.0,COL,Cartagena,33 CARTAGENA,La Cuadra,didi,12.1,5.68,1.7,1.0
46086.0,11.0,COL,Cartagena,33 CARTAGENA,La Cuadra,rappi,20.85,6.23,0.75,1.0
46086.0,11.0,COL,Cartagena,33 CARTAGENA,La Cuadra,rappi,9.77,0.27,2.25,1.0
46086.0,11.0,COL,Cartagena,33 CARTAGENA,La Cuadra,rappi,7.08,2.37,0.11,1.0
46086.0,20.0,COL,Cartagena,33 CARTAGENA,La Cuadra Turbo,rappi,7.58,0.33,8.52,1.0
46086.0,21.0,COL,Cartagena,33 CARTAGENA,LA ÑAMGUCHERIA,didi,8.11,2.63,13.17,1.0
46086.0,10.0,COL,Cartagena,33 CARTAGENA,LA ÑAMGUCHERIA,rappi,27.01,0.12,43.02,1.0
46086.0,11.0,COL,Cartagena,33 CARTAGENA,LA ÑAMGUCHERIA,rappi,12.2,0.25,9.98,1.0
46086.0,21.0,COL,Cartagena,33 CARTAGENA,LA ÑAMGUCHERIA,rappi,7.59,0.68,61.12,1.0
46086.0,22.0,COL,Cartagena,33 CARTAGENA,LA ÑAMGUCHERIA,rappi,16.09,1.82,1.05,1.0
46086.0,7.0,COL,Cartagena,33 CARTAGENA,LA PANQUEQUERIA,rappi,30.11,0.62,0.73,1.0
46086.0,8.0,COL,Cartagena,33 CARTAGENA,LA PANQUEQUERIA,rappi,9.84,2.45,15.38,1.0
46086.0,11.0,COL,Cartagena,33 CARTAGENA,LA PANQUEQUERIA,rappi,14.74,7.35,3.92,1.0
46086.0,23.0,COL,Cartagena,33 CARTAGENA,Local - Cocina Consciente,didi,15.04,2.42,0.7,1.0
46086.0,18.0,COL,Cartagena,33 CARTAGENA,MonteVerde,rappi,10.12,2.27,0.09,1.0
46086.0,20.0,COL,Cartagena,33 CARTAGENA,MonteVerde,rappi,10.26,0.62,7.25,1.0
46086.0,12.0,COL,Cartagena,33 CARTAGENA,Mr Beast Burger,didi,12.91,7.22,0.84,1.0
46086.0,15.0,COL,Cartagena,33 CARTAGENA,Mr Beast Burger,didi,13.82,0.65,12.04,1.0
46086.0,21.0,COL,Cartagena,33 CARTAGENA,Mr Beast Burger,didi,11.73,0.0,1.0,
46086.0,23.0,COL,Cartagena,33 CARTAGENA,Mr Beast Burger,didi,15.57,10.12,0.92,1.0
46086.0,14.0,COL,Cartagena,33 CARTAGENA,Mr Beast Burger,rappi,15.37,0.17,17.66,1.0
46086.0,17.0,COL,Cartagena,33 CARTAGENA,Mr Beast Burger,rappi,16.7,0.17,18.48,1.0
46086.0,20.0,COL,Cartagena,33 CARTAGENA,Mr Beast Burger,rappi,22.08,2.27,10.54,1.0
46086.0,20.0,COL,Cartagena,33 CARTAGENA,Mr Beast Burger,rappi,10.09,2.25,0.99,1.0
46086.0,22.0,COL,Cartagena,33 CARTAGENA,Mr Beast Burger,rappi,16.14,0.38,2.26,1.0
46086.0,12.0,COL,Cartagena,33 CARTAGENA,Mr Beast Burger Turbo,rappi,4.22,0.2,1.95,1.0
46086.0,21.0,COL,Cartagena,33 CARTAGENA,Mr Beast Burger Turbo,rappi,8.47,4.07,0.56,1.0
46086.0,12.0,COL,Cartagena,33 CARTAGENA,Numa Cocina Mediterranea,rappi,20.63,12.07,0.96,1.0
46086.0,18.0,COL,Cartagena,33 CARTAGENA,Pret Sandwich Bistro,rappi,9.9,0.5,62.45,1.0
46086.0,16.0,COL,Cartagena,33 CARTAGENA,Que Chicken,rappi,23.86,1.25,63.19,1.0
46086.0,22.0,COL,Cartagena,33 CARTAGENA,Que Chicken,rappi,19.83,0.23,3.01,1.0
46086.0,10.0,COL,Cartagena,33 CARTAGENA,SÁNDUCHES EL JEFE,didi,22.33,14.72,0.93,1.0
46086.0,8.0,COL,Cartagena,33 CARTAGENA,The Breakfast Club,rappi,20.76,0.4,9.26,1.0
46086.0,9.0,COL,Cartagena,33 CARTAGENA,The Breakfast Club,rappi,20.98,0.2,3.2,1.0
46086.0,10.0,COL,Cartagena,33 CARTAGENA,The Breakfast Club,rappi,19.71,12.22,0.24,1.0
46086.0,9.0,COL,Cartagena,33 CARTAGENA,The Egg Spot,rappi,17.84,0.0,1.0,
46086.0,9.0,COL,Cartagena,33 CARTAGENA,The Egg Spot,rappi,17.13,0.32,16.25,1.0
46086.0,9.0,COL,Cartagena,33 CARTAGENA,The Egg Spot,rappi,25.95,0.17,3.28,1.0
46086.0,15.0,COL,Cartagena,33 CARTAGENA,Vicio Turbo,rappi,0.35,,30.15,1.0
46086.0,19.0,COL,Medellín,11 MANILA,Acpm Corrientazo Turbo,rappi,5.77,0.9,0.17,1.0
46086.0,11.0,COL,Medellín,14 ENVIGADO,Alba Vegetarian,didi,9.21,3.83,0.64,1.0
46086.0,13.0,COL,Medellín,11 MANILA,Alba Vegetarian,didi,4.13,1.08,1.91,1.0
46086.0,13.0,COL,Medellín,11 MANILA,Alba Vegetarian,didi,11.33,9.08,2.71,1.0
46086.0,14.0,COL,Medellín,12 LAURELES,Alba Vegetarian,didi,11.26,6.67,0.83,1.0
46086.0,15.0,COL,Medellín,12 LAURELES,Alba Vegetarian,didi,5.2,14.53,25.08,1.0
46086.0,15.0,COL,Medellín,18 BELLO,Alba Vegetarian,didi,20.93,14.33,1.85,1.0
46086.0,15.0,COL,Medellín,18 BELLO,Alba Vegetarian,didi,20.82,8.65,1.03,1.0
46086.0,17.0,COL,Medellín,12 LAURELES,Alba Vegetarian,didi,5.11,2.2,12.14,1.0
46086.0,18.0,COL,Medellín,12 LAURELES,Alba Vegetarian,didi,3.44,0.7,8.97,1.0
46086.0,18.0,COL,Medellín,14 ENVIGADO,Alba Vegetarian,didi,6.31,2.15,0.76,1.0
46086.0,18.0,COL,Medellín,14 ENVIGADO,Alba Vegetarian,didi,6.96,0.0,1.0,
46086.0,19.0,COL,Medellín,18 BELLO,Alba Vegetarian,didi,17.23,1.95,12.14,1.0
46086.0,19.0,COL,Medellín,11 MANILA,Alba Vegetarian,didi,9.83,4.4,6.9,1.0
46086.0,21.0,COL,Medellín,29 ITAGUI,Alba Vegetarian,didi,13.95,1.22,0.69,1.0
46086.0,11.0,COL,Medellín,11 MANILA,Alba Vegetarian,rappi,9.64,0.37,7.9,1.0
46086.0,19.0,COL,Medellín,29 ITAGUI,Alba Vegetarian,rappi,20.01,0.58,6.77,1.0
46086.0,23.0,COL,Medellín,11 MANILA,Alba Vegetarian,rappi,11.6,0.23,3.06,1.0
46086.0,11.0,COL,Medellín,14 ENVIGADO,Almuerzos de la Casa,didi,14.74,2.22,1.09,1.0
46086.0,12.0,COL,Medellín,12 LAURELES,Almuerzos de la Casa,didi,3.71,0.0,0.81,1.0
46086.0,12.0,COL,Medellín,11 MANILA,Almuerzos de la Casa,didi,5.83,0.63,0.08,1.0
46086.0,13.0,COL,Medellín,12 LAURELES,Almuerzos de la Casa,didi,16.18,7.32,1.06,1.0
46086.0,13.0,COL,Medellín,14 ENVIGADO,Almuerzos de la Casa,didi,5.57,0.67,10.51,1.0
46086.0,13.0,COL,Medellín,14 ENVIGADO,Almuerzos de la Casa,didi,10.71,10.37,6.54,1.0
46086.0,13.0,COL,Medellín,14 ENVIGADO,Almuerzos de la Casa,didi,7.78,3.25,0.36,1.0
46086.0,14.0,COL,Medellín,11 MANILA,Almuerzos de la Casa,didi,2.9,0.98,3.07,1.0
46086.0,16.0,COL,Medellín,12 LAURELES,Almuerzos de la Casa,didi,9.1,2.68,8.0,1.0
46086.0,11.0,COL,Medellín,12 LAURELES,Almuerzos de la Casa,rappi,6.93,0.52,2.26,1.0
46086.0,11.0,COL,Medellín,11 MANILA,Almuerzos de la Casa,rappi,12.75,0.15,24.96,1.0
46086.0,11.0,COL,Medellín,14 ENVIGADO,Almuerzos de la Casa,rappi,11.79,0.57,81.18,1.0
46086.0,12.0,COL,Medellín,18 BELLO,Almuerzos de la Casa,rappi,29.2,19.85,0.68,1.0
46086.0,14.0,COL,Medellín,18 BELLO,Almuerzos de la Casa,rappi,16.91,2.52,0.47,1.0
46086.0,15.0,COL,Medellín,11 MANILA,Almuerzos de la Casa Turbo,rappi,3.91,0.0,1.0,1.0
46086.0,11.0,COL,Medellín,14 ENVIGADO,Avocalia,didi,6.11,1.83,0.8,1.0
46086.0,12.0,COL,Medellín,14 ENVIGADO,Avocalia,didi,10.9,2.95,1.07,1.0
46086.0,13.0,COL,Medellín,18 BELLO,Avocalia,didi,13.66,2.05,15.03,1.0
46086.0,13.0,COL,Medellín,14 ENVIGADO,Avocalia,didi,11.25,1.73,6.72,1.0
46086.0,15.0,COL,Medellín,29 ITAGUI,Avocalia,didi,20.94,5.08,6.28,1.0
46086.0,18.0,COL,Medellín,14 ENVIGADO,Avocalia,didi,8.06,4.4,1.56,1.0
46086.0,18.0,COL,Medellín,18 BELLO,Avocalia,didi,2.89,0.85,3.2,1.0
46086.0,19.0,COL,Medellín,29 ITAGUI,Avocalia,didi,17.98,2.8,0.17,1.0
46086.0,19.0,COL,Medellín,18 BELLO,Avocalia,didi,29.22,16.67,0.09,1.0
46086.0,20.0,COL,Medellín,11 MANILA,Avocalia,didi,13.05,3.65,0.89,1.0
46086.0,7.0,COL,Medellín,18 BELLO,Avocalia,rappi,9.05,0.37,20.99,1.0
46086.0,9.0,COL,Medellín,29 ITAGUI,Avocalia,rappi,32.01,1.92,0.17,1.0
46086.0,9.0,COL,Medellín,12 LAURELES,Avocalia,rappi,4.21,0.92,27.98,1.0
46086.0,9.0,COL,Medellín,11 MANILA,Avocalia,rappi,11.01,0.2,37.66,1.0
46086.0,9.0,COL,Medellín,12 LAURELES,Avocalia,rappi,5.87,0.27,4.95,1.0
46086.0,11.0,COL,Medellín,12 LAURELES,Avocalia,rappi,11.05,5.15,0.36,1.0
46086.0,11.0,COL,Medellín,12 LAURELES,Avocalia,rappi,14.29,1.12,14.71,1.0
46086.0,11.0,COL,Medellín,11 MANILA,Avocalia,rappi,3.72,0.15,19.3,1.0
46086.0,11.0,COL,Medellín,14 ENVIGADO,Avocalia,rappi,11.43,1.3,2.98,1.0
46086.0,11.0,COL,Medellín,12 LAURELES,Avocalia,rappi,22.09,1.73,0.32,1.0
46086.0,11.0,COL,Medellín,14 ENVIGADO,Avocalia,rappi,6.56,1.28,1.4,1.0
46086.0,12.0,COL,Medellín,18 BELLO,Avocalia,rappi,14.55,0.12,7.26,1.0
46086.0,12.0,COL,Medellín,29 ITAGUI,Avocalia,rappi,23.14,0.22,23.22,1.0
46086.0,12.0,COL,Medellín,11 MANILA,Avocalia,rappi,4.11,0.17,1.79,1.0
46086.0,12.0,COL,Medellín,14 ENVIGADO,Avocalia,rappi,7.72,0.43,4.18,1.0
46086.0,12.0,COL,Medellín,12 LAURELES,Avocalia,rappi,20.19,3.6,0.83,1.0
46086.0,12.0,COL,Medellín,12 LAURELES,Avocalia,rappi,24.95,0.37,5.83,1.0
46086.0,12.0,COL,Medellín,29 ITAGUI,Avocalia,rappi,38.84,14.53,2.99,1.0
46086.0,13.0,COL,Medellín,14 ENVIGADO,Avocalia,rappi,14.33,0.18,9.63,1.0
46086.0,13.0,COL,Medellín,14 ENVIGADO,Avocalia,rappi,7.2,0.33,3.79,1.0
46086.0,14.0,COL,Medellín,14 ENVIGADO,Avocalia,rappi,5.35,0.48,49.02,1.0
46086.0,14.0,COL,Medellín,14 ENVIGADO,Avocalia,rappi,10.25,0.5,6.84,1.0
46086.0,14.0,COL,Medellín,29 ITAGUI,Avocalia,rappi,13.47,17.62,12.8,1.0
46086.0,14.0,COL,Medellín,12 LAURELES,Avocalia,rappi,6.3,0.57,66.9,1.0
46086.0,14.0,COL,Medellín,18 BELLO,Avocalia,rappi,26.82,6.85,0.31,1.0
46086.0,14.0,COL,Medellín,18 BELLO,Avocalia,rappi,21.35,14.73,0.81,1.0
46086.0,14.0,COL,Medellín,29 ITAGUI,Avocalia,rappi,24.23,5.9,1.5,1.0
46086.0,14.0,COL,Medellín,12 LAURELES,Avocalia,rappi,25.06,3.48,37.3,1.0
46086.0,14.0,COL,Medellín,12 LAURELES,Avocalia,rappi,9.86,0.28,65.16,1.0
46086.0,15.0,COL,Medellín,12 LAURELES,Avocalia,rappi,6.22,0.28,56.15,1.0
46086.0,15.0,COL,Medellín,14 ENVIGADO,Avocalia,rappi,17.51,11.92,1.06,1.0
46086.0,15.0,COL,Medellín,14 ENVIGADO,Avocalia,rappi,11.61,0.38,36.95,1.0
46086.0,17.0,COL,Medellín,14 ENVIGADO,Avocalia,rappi,15.97,6.65,0.47,1.0
46086.0,17.0,COL,Medellín,11 MANILA,Avocalia,rappi,10.97,2.15,0.41,1.0
46086.0,17.0,COL,Medellín,29 ITAGUI,Avocalia,rappi,9.32,1.97,0.93,1.0
46086.0,18.0,COL,Medellín,12 LAURELES,Avocalia,rappi,3.81,0.93,98.13,1.0
46086.0,19.0,COL,Medellín,14 ENVIGADO,Avocalia,rappi,11.43,0.13,49.72,1.0
46086.0,19.0,COL,Medellín,29 ITAGUI,Avocalia,rappi,10.5,0.15,10.77,1.0
46086.0,20.0,COL,Medellín,12 LAURELES,Avocalia,rappi,9.31,0.4,44.15,1.0
46086.0,20.0,COL,Medellín,18 BELLO,Avocalia,rappi,9.91,0.18,23.78,1.0
46086.0,21.0,COL,Medellín,11 MANILA,Avocalia,rappi,9.27,1.88,1.84,1.0
46086.0,21.0,COL,Medellín,14 ENVIGADO,Avocalia,rappi,14.9,0.3,2.84,1.0
46086.0,21.0,COL,Medellín,11 MANILA,Avocalia,rappi,9.51,0.23,15.87,1.0
46086.0,21.0,COL,Medellín,12 LAURELES,Avocalia,rappi,20.5,0.65,13.94,1.0
46086.0,22.0,COL,Medellín,11 MANILA,Avocalia,rappi,11.85,0.62,6.36,1.0
46086.0,22.0,COL,Medellín,11 MANILA,Avocalia,rappi,16.44,0.5,13.9,1.0
46086.0,12.0,COL,Medellín,12 LAURELES,AVOCALIA TURBO,rappi,4.45,0.68,0.94,1.0
46086.0,12.0,COL,Medellín,11 MANILA,AVOCALIA TURBO,rappi,4.14,0.0,0.85,1.0
46086.0,12.0,COL,Medellín,11 MANILA,AVOCALIA TURBO,rappi,3.59,0.0,0.26,1.0
46086.0,12.0,COL,Medellín,12 LAURELES,AVOCALIA TURBO,rappi,10.0,5.93,0.94,1.0
46086.0,13.0,COL,Medellín,11 MANILA,AVOCALIA TURBO,rappi,3.98,0.15,1.49,1.0
46086.0,13.0,COL,Medellín,11 MANILA,AVOCALIA TURBO,rappi,3.11,0.0,0.42,1.0
46086.0,13.0,COL,Medellín,12 LAURELES,AVOCALIA TURBO,rappi,5.28,1.47,0.99,1.0
46086.0,13.0,COL,Medellín,11 MANILA,AVOCALIA TURBO,rappi,4.05,0.0,0.61,1.0
46086.0,13.0,COL,Medellín,11 MANILA,AVOCALIA TURBO,rappi,6.26,1.88,0.64,1.0
46086.0,13.0,COL,Medellín,12 LAURELES,AVOCALIA TURBO,rappi,10.68,5.75,0.15,1.0
46086.0,13.0,COL,Medellín,12 LAURELES,AVOCALIA TURBO,rappi,4.99,0.7,0.81,1.0
46086.0,13.0,COL,Medellín,12 LAURELES,AVOCALIA TURBO,rappi,7.99,9.27,6.16,1.0
46086.0,13.0,COL,Medellín,12 LAURELES,AVOCALIA TURBO,rappi,11.87,7.37,0.34,1.0
46086.0,14.0,COL,Medellín,11 MANILA,AVOCALIA TURBO,rappi,5.46,1.22,0.66,1.0
46086.0,14.0,COL,Medellín,11 MANILA,AVOCALIA TURBO,rappi,3.93,0.0,0.25,1.0
46086.0,14.0,COL,Medellín,12 LAURELES,AVOCALIA TURBO,rappi,7.85,3.35,0.36,1.0
46086.0,14.0,COL,Medellín,11 MANILA,AVOCALIA TURBO,rappi,6.03,1.9,0.46,1.0
46086.0,15.0,COL,Medellín,12 LAURELES,AVOCALIA TURBO,rappi,3.03,0.0,0.87,1.0
46086.0,15.0,COL,Medellín,11 MANILA,AVOCALIA TURBO,rappi,4.08,0.0,0.25,1.0
46086.0,16.0,COL,Medellín,11 MANILA,AVOCALIA TURBO,rappi,6.37,2.47,0.89,1.0
46086.0,17.0,COL,Medellín,12 LAURELES,AVOCALIA TURBO,rappi,2.31,0.0,0.83,1.0
46086.0,17.0,COL,Medellín,11 MANILA,AVOCALIA TURBO,rappi,3.18,0.0,0.66,1.0
46086.0,18.0,COL,Medellín,11 MANILA,AVOCALIA TURBO,rappi,3.59,0.0,0.91,1.0
46086.0,18.0,COL,Medellín,11 MANILA,AVOCALIA TURBO,rappi,7.21,2.53,0.09,1.0
46086.0,19.0,COL,Medellín,12 LAURELES,AVOCALIA TURBO,rappi,4.18,0.25,0.95,1.0
46086.0,19.0,COL,Medellín,11 MANILA,AVOCALIA TURBO,rappi,4.08,0.0,0.47,1.0
46086.0,19.0,COL,Medellín,12 LAURELES,AVOCALIA TURBO,rappi,8.95,5.27,1.19,1.0
46086.0,19.0,COL,Medellín,11 MANILA,AVOCALIA TURBO,rappi,3.14,0.0,0.11,1.0
46086.0,19.0,COL,Medellín,11 MANILA,AVOCALIA TURBO,rappi,4.93,0.02,0.04,1.0
46086.0,19.0,COL,Medellín,11 MANILA,AVOCALIA TURBO,rappi,4.04,0.0,0.63,1.0
46086.0,19.0,COL,Medellín,11 MANILA,AVOCALIA TURBO,rappi,2.53,0.0,0.81,1.0
46086.0,20.0,COL,Medellín,11 MANILA,AVOCALIA TURBO,rappi,4.93,0.27,0.62,1.0
46086.0,20.0,COL,Medellín,11 MANILA,AVOCALIA TURBO,rappi,7.87,3.1,0.18,1.0
46086.0,20.0,COL,Medellín,11 MANILA,AVOCALIA TURBO,rappi,6.01,1.5,0.25,1.0
46086.0,20.0,COL,Medellín,11 MANILA,AVOCALIA TURBO,rappi,4.65,0.2,0.86,1.0
46086.0,20.0,COL,Medellín,11 MANILA,AVOCALIA TURBO,rappi,5.18,1.28,0.98,1.0
46086.0,20.0,COL,Medellín,11 MANILA,AVOCALIA TURBO,rappi,5.93,1.53,0.77,1.0
46086.0,20.0,COL,Medellín,11 MANILA,AVOCALIA TURBO,rappi,3.63,0.0,0.28,1.0
46086.0,21.0,COL,Medellín,11 MANILA,AVOCALIA TURBO,rappi,3.99,0.0,0.63,1.0
46086.0,21.0,COL,Medellín,12 LAURELES,AVOCALIA TURBO,rappi,5.05,0.78,0.84,1.0
46086.0,21.0,COL,Medellín,11 MANILA,AVOCALIA TURBO,rappi,7.65,2.53,0.05,1.0
46086.0,21.0,COL,Medellín,12 LAURELES,AVOCALIA TURBO,rappi,9.99,5.67,0.4,1.0
46086.0,21.0,COL,Medellín,12 LAURELES,AVOCALIA TURBO,rappi,6.03,3.32,2.14,1.0
46086.0,21.0,COL,Medellín,12 LAURELES,AVOCALIA TURBO,rappi,8.66,2.28,0.28,1.0
46086.0,21.0,COL,Medellín,11 MANILA,AVOCALIA TURBO,rappi,5.33,1.18,0.78,1.0
46086.0,21.0,COL,Medellín,11 MANILA,AVOCALIA TURBO,rappi,5.18,0.95,0.76,1.0
46086.0,20.0,COL,Medellín,11 MANILA,Bottaniko Turbo,rappi,6.28,2.08,0.75,1.0
46086.0,7.0,COL,Medellín,12 LAURELES,Brunch & Munch,didi,15.09,6.67,0.84,1.0
46086.0,7.0,COL,Medellín,18 BELLO,Brunch & Munch,didi,11.04,6.37,0.17,1.0
46086.0,8.0,COL,Medellín,12 LAURELES,Brunch & Munch,didi,15.0,10.6,0.36,1.0
46086.0,8.0,COL,Medellín,18 BELLO,Brunch & Munch,didi,19.09,1.55,31.62,1.0
46086.0,8.0,COL,Medellín,14 ENVIGADO,Brunch & Munch,didi,11.41,7.1,0.63,1.0
46086.0,8.0,COL,Medellín,12 LAURELES,Brunch & Munch,didi,18.98,9.53,0.63,1.0
46086.0,9.0,COL,Medellín,14 ENVIGADO,Brunch & Munch,didi,18.64,13.0,0.91,1.0
46086.0,9.0,COL,Medellín,29 ITAGUI,Brunch & Munch,didi,25.97,9.87,0.3,1.0
46086.0,9.0,COL,Medellín,11 MANILA,Brunch & Munch,didi,8.24,3.87,0.66,1.0
46086.0,10.0,COL,Medellín,11 MANILA,Brunch & Munch,didi,8.0,4.57,1.73,1.0
46086.0,10.0,COL,Medellín,12 LAURELES,Brunch & Munch,didi,10.38,3.37,1.0,1.0
46086.0,11.0,COL,Medellín,14 ENVIGADO,Brunch & Munch,didi,11.04,6.75,0.79,1.0
46086.0,11.0,COL,Medellín,12 LAURELES,Brunch & Munch,didi,11.25,6.95,0.72,1.0
46086.0,12.0,COL,Medellín,14 ENVIGADO,Brunch & Munch,didi,16.05,6.17,1.82,1.0
46086.0,16.0,COL,Medellín,18 BELLO,Brunch & Munch,didi,19.41,9.73,0.84,1.0
46086.0,16.0,COL,Medellín,18 BELLO,Brunch & Munch,didi,0.0,,1.22,1.0
46086.0,18.0,COL,Medellín,14 ENVIGADO,Brunch & Munch,didi,11.84,8.32,1.33,1.0
46086.0,14.0,COL,Medellín,11 MANILA,Brunch & Munch,foodologypos,21.67,0.0,18.98,1.0
46086.0,6.0,COL,Medellín,11 MANILA,Brunch & Munch,rappi,10.6,0.28,37.32,1.0
46086.0,6.0,COL,Medellín,12 LAURELES,Brunch & Munch,rappi,12.26,2.03,0.76,1.0
46086.0,6.0,COL,Medellín,11 MANILA,Brunch & Munch,rappi,18.86,5.9,0.24,1.0
46086.0,6.0,COL,Medellín,11 MANILA,Brunch & Munch,rappi,7.98,0.48,6.32,1.0
46086.0,6.0,COL,Medellín,14 ENVIGADO,Brunch & Munch,rappi,22.47,3.4,38.05,1.0
46086.0,6.0,COL,Medellín,11 MANILA,Brunch & Munch,rappi,17.24,0.43,12.94,1.0
46086.0,7.0,COL,Medellín,12 LAURELES,Brunch & Munch,rappi,10.14,0.23,23.3,1.0
46086.0,7.0,COL,Medellín,12 LAURELES,Brunch & Munch,rappi,10.32,4.33,1.1,1.0
46086.0,7.0,COL,Medellín,12 LAURELES,Brunch & Munch,rappi,12.7,0.35,23.36,1.0
46086.0,7.0,COL,Medellín,14 ENVIGADO,Brunch & Munch,rappi,10.03,0.58,0.73,1.0
46086.0,7.0,COL,Medellín,14 ENVIGADO,Brunch & Munch,rappi,9.02,4.68,0.37,1.0
46086.0,7.0,COL,Medellín,12 LAURELES,Brunch & Munch,rappi,16.59,10.28,1.21,1.0
46086.0,7.0,COL,Medellín,12 LAURELES,Brunch & Munch,rappi,17.18,0.22,14.89,1.0
46086.0,7.0,COL,Medellín,14 ENVIGADO,Brunch & Munch,rappi,11.08,0.93,5.66,1.0
46086.0,7.0,COL,Medellín,18 BELLO,Brunch & Munch,rappi,13.28,10.13,4.96,1.0
46086.0,7.0,COL,Medellín,12 LAURELES,Brunch & Munch,rappi,15.56,0.28,11.26,1.0
46086.0,7.0,COL,Medellín,12 LAURELES,Brunch & Munch,rappi,8.07,0.25,2.93,1.0
46086.0,7.0,COL,Medellín,11 MANILA,Brunch & Munch,rappi,17.23,11.12,0.93,1.0
46086.0,7.0,COL,Medellín,29 ITAGUI,Brunch & Munch,rappi,11.28,0.2,25.89,1.0
46086.0,7.0,COL,Medellín,14 ENVIGADO,Brunch & Munch,rappi,9.14,0.18,4.11,1.0
46086.0,7.0,COL,Medellín,29 ITAGUI,Brunch & Munch,rappi,52.38,0.57,29.7,1.0
46086.0,8.0,COL,Medellín,14 ENVIGADO,Brunch & Munch,rappi,12.47,0.47,1.96,1.0
46086.0,8.0,COL,Medellín,29 ITAGUI,Brunch & Munch,rappi,46.4,0.18,21.64,1.0
46086.0,8.0,COL,Medellín,12 LAURELES,Brunch & Munch,rappi,5.32,0.23,14.07,1.0
46086.0,8.0,COL,Medellín,12 LAURELES,Brunch & Munch,rappi,4.93,0.2,33.67,1.0
46086.0,8.0,COL,Medellín,14 ENVIGADO,Brunch & Munch,rappi,9.97,0.38,6.09,1.0
46086.0,8.0,COL,Medellín,12 LAURELES,Brunch & Munch,rappi,13.17,0.37,3.49,1.0
46086.0,8.0,COL,Medellín,12 LAURELES,Brunch & Munch,rappi,12.21,4.33,0.8,1.0
46086.0,8.0,COL,Medellín,29 ITAGUI,Brunch & Munch,rappi,49.79,0.57,4.14,1.0
46086.0,8.0,COL,Medellín,18 BELLO,Brunch & Munch,rappi,14.89,2.9,0.83,1.0
46086.0,8.0,COL,Medellín,14 ENVIGADO,Brunch & Munch,rappi,13.62,0.37,1.31,1.0
46086.0,8.0,COL,Medellín,12 LAURELES,Brunch & Munch,rappi,17.24,7.98,0.78,1.0
46086.0,8.0,COL,Medellín,12 LAURELES,Brunch & Munch,rappi,22.67,13.67,6.16,1.0
46086.0,8.0,COL,Medellín,14 ENVIGADO,Brunch & Munch,rappi,21.22,0.27,8.51,1.0
46086.0,8.0,COL,Medellín,29 ITAGUI,Brunch & Munch,rappi,50.07,28.52,1.07,1.0
46086.0,8.0,COL,Medellín,14 ENVIGADO,Brunch & Munch,rappi,21.92,13.38,2.46,1.0
46086.0,8.0,COL,Medellín,14 ENVIGADO,Brunch & Munch,rappi,22.92,13.38,0.45,1.0
46086.0,9.0,COL,Medellín,14 ENVIGADO,Brunch & Munch,rappi,20.56,0.45,13.5,1.0
46086.0,9.0,COL,Medellín,14 ENVIGADO,Brunch & Munch,rappi,14.87,1.18,0.68,1.0
46086.0,9.0,COL,Medellín,12 LAURELES,Brunch & Munch,rappi,14.52,7.63,17.44,1.0
46086.0,9.0,COL,Medellín,18 BELLO,Brunch & Munch,rappi,15.18,13.6,3.78,1.0
46086.0,9.0,COL,Medellín,11 MANILA,Brunch & Munch,rappi,5.05,2.05,23.48,1.0
46086.0,9.0,COL,Medellín,11 MANILA,Brunch & Munch,rappi,13.73,0.55,11.8,1.0
46086.0,9.0,COL,Medellín,14 ENVIGADO,Brunch & Munch,rappi,6.28,6.13,50.55,1.0
46086.0,9.0,COL,Medellín,11 MANILA,Brunch & Munch,rappi,17.01,2.05,0.53,1.0
46086.0,9.0,COL,Medellín,11 MANILA,Brunch & Munch,rappi,17.97,11.5,0.79,1.0
46086.0,9.0,COL,Medellín,14 ENVIGADO,Brunch & Munch,rappi,13.19,0.45,2.17,1.0
46086.0,9.0,COL,Medellín,12 LAURELES,Brunch & Munch,rappi,10.14,6.47,1.14,1.0
46086.0,9.0,COL,Medellín,12 LAURELES,Brunch & Munch,rappi,10.47,9.85,18.64,1.0
46086.0,9.0,COL,Medellín,29 ITAGUI,Brunch & Munch,rappi,33.26,22.03,0.91,1.0
46086.0,9.0,COL,Medellín,14 ENVIGADO,Brunch & Munch,rappi,9.84,0.47,23.07,1.0
46086.0,9.0,COL,Medellín,12 LAURELES,Brunch & Munch,rappi,21.27,9.85,0.84,1.0
46086.0,9.0,COL,Medellín,11 MANILA,Brunch & Munch,rappi,7.21,0.28,6.89,1.0
46086.0,9.0,COL,Medellín,12 LAURELES,Brunch & Munch,rappi,27.2,12.15,10.97,1.0
46086.0,9.0,COL,Medellín,29 ITAGUI,Brunch & Munch,rappi,47.04,9.75,0.1,1.0
46086.0,9.0,COL,Medellín,18 BELLO,Brunch & Munch,rappi,19.74,14.08,2.47,1.0
46086.0,9.0,COL,Medellín,11 MANILA,Brunch & Munch,rappi,2.81,0.17,3.39,1.0
46086.0,10.0,COL,Medellín,12 LAURELES,Brunch & Munch,rappi,16.95,0.3,2.45,1.0
46086.0,10.0,COL,Medellín,12 LAURELES,Brunch & Munch,rappi,13.21,12.15,11.66,1.0
46086.0,10.0,COL,Medellín,29 ITAGUI,Brunch & Munch,rappi,37.12,14.13,0.0,1.0
46086.0,10.0,COL,Medellín,12 LAURELES,Brunch & Munch,rappi,14.15,0.2,12.08,1.0
46086.0,10.0,COL,Medellín,11 MANILA,Brunch & Munch,rappi,6.92,0.25,16.79,1.0
46086.0,10.0,COL,Medellín,29 ITAGUI,Brunch & Munch,rappi,27.08,19.0,0.45,1.0
46086.0,10.0,COL,Medellín,12 LAURELES,Brunch & Munch,rappi,18.34,12.17,0.84,1.0
46086.0,10.0,COL,Medellín,14 ENVIGADO,Brunch & Munch,rappi,17.81,0.32,8.39,1.0
46086.0,10.0,COL,Medellín,12 LAURELES,Brunch & Munch,rappi,19.83,4.63,0.27,1.0
46086.0,10.0,COL,Medellín,18 BELLO,Brunch & Munch,rappi,16.59,3.77,0.35,1.0
46086.0,10.0,COL,Medellín,11 MANILA,Brunch & Munch,rappi,15.34,0.58,21.97,1.0
46086.0,10.0,COL,Medellín,11 MANILA,Brunch & Munch,rappi,2.17,0.4,14.79,1.0
46086.0,10.0,COL,Medellín,12 LAURELES,Brunch & Munch,rappi,4.67,0.65,9.42,1.0
46086.0,10.0,COL,Medellín,11 MANILA,Brunch & Munch,rappi,10.82,0.15,21.54,1.0
46086.0,10.0,COL,Medellín,12 LAURELES,Brunch & Munch,rappi,6.88,1.5,5.85,1.0
46086.0,10.0,COL,Medellín,11 MANILA,Brunch & Munch,rappi,10.38,5.47,2.65,1.0
46086.0,10.0,COL,Medellín,14 ENVIGADO,Brunch & Munch,rappi,13.53,1.22,8.55,1.0
46086.0,10.0,COL,Medellín,14 ENVIGADO,Brunch & Munch,rappi,19.76,3.93,0.76,1.0
46086.0,10.0,COL,Medellín,29 ITAGUI,Brunch & Munch,rappi,28.19,0.55,4.94,1.0
46086.0,11.0,COL,Medellín,14 ENVIGADO,Brunch & Munch,rappi,12.14,3.8,3.12,1.0
46086.0,11.0,COL,Medellín,11 MANILA,Brunch & Munch,rappi,10.87,0.22,7.96,1.0
46086.0,11.0,COL,Medellín,12 LAURELES,Brunch & Munch,rappi,6.35,2.08,0.98,1.0
46086.0,11.0,COL,Medellín,12 LAURELES,Brunch & Munch,rappi,7.01,3.13,3.23,1.0
46086.0,11.0,COL,Medellín,29 ITAGUI,Brunch & Munch,rappi,22.68,12.13,0.51,1.0
46086.0,11.0,COL,Medellín,14 ENVIGADO,Brunch & Munch,rappi,17.85,0.5,13.29,1.0
46086.0,11.0,COL,Medellín,12 LAURELES,Brunch & Munch,rappi,7.01,2.93,0.93,1.0
46086.0,11.0,COL,Medellín,12 LAURELES,Brunch & Munch,rappi,8.83,4.67,22.3,1.0
46086.0,11.0,COL,Medellín,12 LAURELES,Brunch & Munch,rappi,16.99,0.95,27.07,1.0
46086.0,11.0,COL,Medellín,12 LAURELES,Brunch & Munch,rappi,16.13,6.47,0.96,1.0
46086.0,11.0,COL,Medellín,12 LAURELES,Brunch & Munch,rappi,16.98,0.93,18.25,1.0
46086.0,11.0,COL,Medellín,11 MANILA,Brunch & Munch,rappi,5.12,0.0,1.0,
46086.0,11.0,COL,Medellín,12 LAURELES,Brunch & Munch,rappi,16.24,0.27,20.94,1.0
46086.0,12.0,COL,Medellín,18 BELLO,Brunch & Munch,rappi,18.18,1.2,10.98,1.0
46086.0,12.0,COL,Medellín,18 BELLO,Brunch & Munch,rappi,19.12,6.02,0.84,1.0
46086.0,12.0,COL,Medellín,14 ENVIGADO,Brunch & Munch,rappi,7.84,0.3,11.28,1.0
46086.0,13.0,COL,Medellín,12 LAURELES,Brunch & Munch,rappi,4.79,0.0,1.0,
46086.0,13.0,COL,Medellín,14 ENVIGADO,Brunch & Munch,rappi,20.84,10.85,0.16,1.0
46086.0,13.0,COL,Medellín,18 BELLO,Brunch & Munch,rappi,17.66,11.85,0.29,1.0
46086.0,13.0,COL,Medellín,12 LAURELES,Brunch & Munch,rappi,23.85,0.57,118.2,1.0
46086.0,13.0,COL,Medellín,11 MANILA,Brunch & Munch,rappi,16.07,1.07,5.84,1.0
46086.0,17.0,COL,Medellín,11 MANILA,Brunch & Munch,rappi,0.17,,8.06,1.0
46086.0,19.0,COL,Medellín,12 LAURELES,Brunch & Munch,rappi,9.12,0.0,1.0,
46086.0,19.0,COL,Medellín,14 ENVIGADO,Brunch & Munch,rappi,17.77,0.25,19.9,1.0
46086.0,21.0,COL,Medellín,12 LAURELES,Brunch & Munch,rappi,12.08,1.2,36.25,1.0
46086.0,21.0,COL,Medellín,12 LAURELES,Brunch & Munch,rappi,16.95,1.2,24.36,1.0
46086.0,22.0,COL,Medellín,12 LAURELES,Brunch & Munch,rappi,6.93,0.45,2.29,1.0
46086.0,23.0,COL,Medellín,12 LAURELES,Brunch & Munch,rappi,6.93,0.3,5.06,1.0
46086.0,23.0,COL,Medellín,12 LAURELES,Brunch & Munch,rappi,7.16,2.07,0.86,1.0
46086.0,8.0,COL,Medellín,12 LAURELES,BRUNCH & MUNCH TURBO,rappi,8.6,0.32,2.37,1.0
46086.0,8.0,COL,Medellín,11 MANILA,BRUNCH & MUNCH TURBO,rappi,5.96,0.17,1.05,1.0
46086.0,8.0,COL,Medellín,11 MANILA,BRUNCH & MUNCH TURBO,rappi,4.74,0.33,0.86,1.0
46086.0,8.0,COL,Medellín,12 LAURELES,BRUNCH & MUNCH TURBO,rappi,4.69,0.45,1.27,1.0
46086.0,8.0,COL,Medellín,11 MANILA,BRUNCH & MUNCH TURBO,rappi,3.18,0.0,1.0,
46086.0,9.0,COL,Medellín,12 LAURELES,BRUNCH & MUNCH TURBO,rappi,5.61,0.38,3.89,1.0
46086.0,9.0,COL,Medellín,11 MANILA,BRUNCH & MUNCH TURBO,rappi,2.43,0.0,0.09,1.0
46086.0,9.0,COL,Medellín,12 LAURELES,BRUNCH & MUNCH TURBO,rappi,8.49,3.57,0.24,1.0
46086.0,9.0,COL,Medellín,12 LAURELES,BRUNCH & MUNCH TURBO,rappi,4.05,0.0,0.87,1.0
46086.0,10.0,COL,Medellín,11 MANILA,BRUNCH & MUNCH TURBO,rappi,1.74,3.9,7.19,1.0
46086.0,10.0,COL,Medellín,11 MANILA,BRUNCH & MUNCH TURBO,rappi,1.8,1.67,4.98,1.0
46086.0,10.0,COL,Medellín,11 MANILA,BRUNCH & MUNCH TURBO,rappi,5.71,0.8,0.16,1.0
46086.0,10.0,COL,Medellín,11 MANILA,BRUNCH & MUNCH TURBO,rappi,2.49,0.0,0.75,1.0
46086.0,10.0,COL,Medellín,11 MANILA,BRUNCH & MUNCH TURBO,rappi,3.94,3.35,4.66,1.0
46086.0,11.0,COL,Medellín,12 LAURELES,BRUNCH & MUNCH TURBO,rappi,5.52,1.58,0.79,1.0
46086.0,11.0,COL,Medellín,11 MANILA,BRUNCH & MUNCH TURBO,rappi,3.06,0.47,2.2,1.0
46086.0,11.0,COL,Medellín,11 MANILA,BRUNCH & MUNCH TURBO,rappi,4.98,0.42,0.66,1.0
46086.0,11.0,COL,Medellín,12 LAURELES,BRUNCH & MUNCH TURBO,rappi,7.75,0.78,14.08,1.0
46086.0,11.0,COL,Medellín,11 MANILA,BRUNCH & MUNCH TURBO,rappi,2.57,0.0,0.91,1.0
46086.0,11.0,COL,Medellín,11 MANILA,BRUNCH & MUNCH TURBO,rappi,5.14,0.87,0.78,1.0
46086.0,11.0,COL,Medellín,12 LAURELES,BRUNCH & MUNCH TURBO,rappi,12.03,8.63,1.42,1.0
46086.0,12.0,COL,Medellín,11 MANILA,BRUNCH & MUNCH TURBO,rappi,7.11,3.0,0.87,1.0
46086.0,12.0,COL,Medellín,12 LAURELES,BRUNCH & MUNCH TURBO,rappi,6.02,1.23,0.11,1.0
46086.0,12.0,COL,Medellín,11 MANILA,BRUNCH & MUNCH TURBO,rappi,3.59,0.0,1.29,1.0
46086.0,13.0,COL,Medellín,11 MANILA,BRUNCH & MUNCH TURBO,rappi,2.97,0.0,0.85,1.0
46086.0,14.0,COL,Medellín,11 MANILA,BRUNCH & MUNCH TURBO,rappi,5.75,1.48,0.91,1.0
46086.0,15.0,COL,Medellín,11 MANILA,BRUNCH & MUNCH TURBO,rappi,7.0,2.4,0.22,1.0
46086.0,15.0,COL,Medellín,12 LAURELES,BRUNCH & MUNCH TURBO,rappi,4.11,0.0,0.67,1.0
46086.0,16.0,COL,Medellín,11 MANILA,BRUNCH & MUNCH TURBO,rappi,5.14,0.8,0.73,1.0
46086.0,19.0,COL,Medellín,11 MANILA,BRUNCH & MUNCH TURBO,rappi,5.98,1.7,0.83,1.0
46086.0,19.0,COL,Medellín,11 MANILA,BRUNCH & MUNCH TURBO,rappi,5.3,0.67,0.09,1.0
46086.0,19.0,COL,Medellín,12 LAURELES,BRUNCH & MUNCH TURBO,rappi,6.94,2.53,0.37,1.0
46086.0,21.0,COL,Medellín,11 MANILA,BRUNCH & MUNCH TURBO,rappi,5.78,1.15,0.3,1.0
46086.0,21.0,COL,Medellín,11 MANILA,BRUNCH & MUNCH TURBO,rappi,0.0,,2.07,1.0
46086.0,22.0,COL,Medellín,12 LAURELES,BRUNCH & MUNCH TURBO,rappi,5.37,0.47,3.73,1.0
46086.0,7.0,COL,Medellín,29 ITAGUI,Brunch Club,didi,16.09,12.2,1.02,1.0
46086.0,7.0,COL,Medellín,14 ENVIGADO,Brunch Club,didi,15.96,11.43,0.28,1.0
46086.0,7.0,COL,Medellín,11 MANILA,Brunch Club,didi,13.1,1.18,0.18,1.0
46086.0,8.0,COL,Medellín,12 LAURELES,Brunch Club,didi,17.56,7.3,0.24,1.0
46086.0,9.0,COL,Medellín,12 LAURELES,Brunch Club,didi,9.89,3.88,0.79,1.0
46086.0,9.0,COL,Medellín,12 LAURELES,Brunch Club,didi,16.24,12.25,0.9,1.0
46086.0,9.0,COL,Medellín,14 ENVIGADO,Brunch Club,didi,9.88,0.45,6.92,1.0
46086.0,10.0,COL,Medellín,11 MANILA,Brunch Club,didi,8.0,2.13,1.53,1.0
46086.0,11.0,COL,Medellín,18 BELLO,Brunch Club,didi,13.98,9.43,0.27,1.0
46086.0,20.0,COL,Medellín,12 LAURELES,Brunch Club,didi,10.34,1.85,2.56,1.0
46086.0,20.0,COL,Medellín,29 ITAGUI,Burguer Lane,didi,0.5,,0.06,1.0
46086.0,23.0,COL,Medellín,12 LAURELES,Burguer Lane,didi,9.78,1.08,6.86,1.0
46086.0,18.0,COL,Medellín,29 ITAGUI,Burrito Cantina,rappi,11.11,0.32,17.95,1.0
46086.0,9.0,COL,Medellín,11 MANILA,Burritos & Co,didi,6.26,0.65,2.57,1.0
46086.0,10.0,COL,Medellín,12 LAURELES,Burritos & Co,didi,6.74,2.43,0.89,1.0
46086.0,11.0,COL,Medellín,14 ENVIGADO,Burritos & Co,didi,8.14,3.68,0.73,1.0
46086.0,11.0,COL,Medellín,14 ENVIGADO,Burritos & Co,didi,10.33,1.78,0.92,1.0
46086.0,11.0,COL,Medellín,12 LAURELES,Burritos & Co,didi,10.0,5.72,0.81,1.0
46086.0,11.0,COL,Medellín,12 LAURELES,Burritos & Co,didi,9.86,6.37,1.74,1.0
46086.0,12.0,COL,Medellín,18 BELLO,Burritos & Co,didi,36.69,27.72,0.22,1.0
46086.0,12.0,COL,Medellín,29 ITAGUI,Burritos & Co,didi,38.16,26.65,0.4,1.0
46086.0,12.0,COL,Medellín,29 ITAGUI,Burritos & Co,didi,39.23,31.62,0.77,1.0
46086.0,12.0,COL,Medellín,12 LAURELES,Burritos & Co,didi,18.3,14.25,0.83,1.0
46086.0,12.0,COL,Medellín,18 BELLO,Burritos & Co,didi,22.09,2.57,25.09,1.0
46086.0,12.0,COL,Medellín,12 LAURELES,Burritos & Co,didi,9.42,1.65,0.94,1.0
46086.0,12.0,COL,Medellín,29 ITAGUI,Burritos & Co,didi,27.02,17.22,0.31,1.0
46086.0,12.0,COL,Medellín,12 LAURELES,Burritos & Co,didi,11.1,1.77,0.32,1.0
46086.0,13.0,COL,Medellín,12 LAURELES,Burritos & Co,didi,9.14,4.6,0.71,1.0
46086.0,13.0,COL,Medellín,18 BELLO,Burritos & Co,didi,18.04,9.8,1.05,1.0
46086.0,13.0,COL,Medellín,18 BELLO,Burritos & Co,didi,21.0,8.13,2.37,1.0
46086.0,13.0,COL,Medellín,18 BELLO,Burritos & Co,didi,20.37,0.78,1.91,1.0
46086.0,13.0,COL,Medellín,29 ITAGUI,Burritos & Co,didi,18.62,0.55,0.97,1.0
46086.0,14.0,COL,Medellín,12 LAURELES,Burritos & Co,didi,12.28,9.28,1.87,1.0
46086.0,14.0,COL,Medellín,12 LAURELES,Burritos & Co,didi,7.26,7.48,5.0,1.0
46086.0,14.0,COL,Medellín,29 ITAGUI,Burritos & Co,didi,21.41,3.22,1.08,1.0
46086.0,14.0,COL,Medellín,11 MANILA,Burritos & Co,didi,12.86,7.22,1.77,1.0
46086.0,15.0,COL,Medellín,18 BELLO,Burritos & Co,didi,22.96,18.18,0.89,1.0
46086.0,15.0,COL,Medellín,29 ITAGUI,Burritos & Co,didi,16.05,2.93,0.86,1.0
46086.0,15.0,COL,Medellín,18 BELLO,Burritos & Co,didi,26.12,14.7,0.17,1.0
46086.0,17.0,COL,Medellín,12 LAURELES,Burritos & Co,didi,4.07,0.0,0.32,1.0
46086.0,18.0,COL,Medellín,14 ENVIGADO,Burritos & Co,didi,10.83,1.78,5.18,1.0
46086.0,18.0,COL,Medellín,11 MANILA,Burritos & Co,didi,7.54,1.02,2.49,1.0
46086.0,19.0,COL,Medellín,29 ITAGUI,Burritos & Co,didi,14.06,9.53,0.69,1.0
46086.0,19.0,COL,Medellín,11 MANILA,Burritos & Co,didi,6.61,1.63,0.3,1.0
46086.0,19.0,COL,Medellín,14 ENVIGADO,Burritos & Co,didi,14.08,6.05,0.65,1.0
46086.0,19.0,COL,Medellín,11 MANILA,Burritos & Co,didi,5.84,1.37,12.84,1.0
46086.0,19.0,COL,Medellín,12 LAURELES,Burritos & Co,didi,3.76,0.83,9.82,1.0
46086.0,20.0,COL,Medellín,12 LAURELES,Burritos & Co,didi,7.78,9.93,7.18,1.0
46086.0,21.0,COL,Medellín,11 MANILA,Burritos & Co,didi,6.2,2.52,1.1,1.0
46086.0,21.0,COL,Medellín,11 MANILA,Burritos & Co,didi,7.3,3.92,1.64,1.0
46086.0,21.0,COL,Medellín,12 LAURELES,Burritos & Co,didi,17.1,13.05,0.9,1.0
46086.0,23.0,COL,Medellín,14 ENVIGADO,Burritos & Co,didi,10.75,1.22,1.11,1.0
46086.0,23.0,COL,Medellín,14 ENVIGADO,Burritos & Co,didi,8.8,0.2,6.05,1.0
46086.0,7.0,COL,Medellín,11 MANILA,Burritos & Co,rappi,4.0,0.37,8.72,1.0
46086.0,8.0,COL,Medellín,11 MANILA,Burritos & Co,rappi,3.06,0.13,4.15,1.0
46086.0,10.0,COL,Medellín,11 MANILA,Burritos & Co,rappi,4.05,0.15,6.94,1.0
46086.0,11.0,COL,Medellín,29 ITAGUI,Burritos & Co,rappi,26.34,14.15,0.63,1.0
46086.0,11.0,COL,Medellín,14 ENVIGADO,Burritos & Co,rappi,11.09,0.6,4.72,1.0
46086.0,11.0,COL,Medellín,11 MANILA,Burritos & Co,rappi,6.02,0.12,4.5,1.0
46086.0,12.0,COL,Medellín,11 MANILA,Burritos & Co,rappi,3.3,0.15,18.9,1.0
46086.0,12.0,COL,Medellín,11 MANILA,Burritos & Co,rappi,4.88,0.3,4.64,1.0
46086.0,13.0,COL,Medellín,11 MANILA,Burritos & Co,rappi,2.96,0.82,23.88,1.0
46086.0,13.0,COL,Medellín,11 MANILA,Burritos & Co,rappi,0.0,,1.0,
46086.0,13.0,COL,Medellín,11 MANILA,Burritos & Co,rappi,3.8,0.28,8.86,1.0
46086.0,13.0,COL,Medellín,12 LAURELES,Burritos & Co,rappi,10.95,5.63,32.43,1.0
46086.0,13.0,COL,Medellín,12 LAURELES,Burritos & Co,rappi,21.97,0.57,19.09,1.0
46086.0,13.0,COL,Medellín,12 LAURELES,Burritos & Co,rappi,10.21,0.67,21.01,1.0
46086.0,13.0,COL,Medellín,12 LAURELES,Burritos & Co,rappi,9.99,0.67,19.76,1.0
46086.0,13.0,COL,Medellín,14 ENVIGADO,Burritos & Co,rappi,10.29,35.55,30.03,1.0
46086.0,13.0,COL,Medellín,14 ENVIGADO,Burritos & Co,rappi,9.07,2.03,29.23,1.0
46086.0,13.0,COL,Medellín,11 MANILA,Burritos & Co,rappi,6.04,0.25,9.07,1.0
46086.0,13.0,COL,Medellín,18 BELLO,Burritos & Co,rappi,20.07,16.1,0.97,1.0
46086.0,13.0,COL,Medellín,12 LAURELES,Burritos & Co,rappi,11.95,5.67,1.44,1.0
46086.0,13.0,COL,Medellín,18 BELLO,Burritos & Co,rappi,13.95,0.08,13.74,1.0
46086.0,13.0,COL,Medellín,12 LAURELES,Burritos & Co,rappi,11.27,0.75,42.15,1.0
46086.0,14.0,COL,Medellín,12 LAURELES,Burritos & Co,rappi,9.0,0.4,42.76,1.0
46086.0,15.0,COL,Medellín,12 LAURELES,Burritos & Co,rappi,10.0,0.67,44.05,1.0
46086.0,15.0,COL,Medellín,14 ENVIGADO,Burritos & Co,rappi,6.72,0.0,23.09,1.0
46086.0,16.0,COL,Medellín,12 LAURELES,Burritos & Co,rappi,7.63,0.37,29.16,1.0
46086.0,16.0,COL,Medellín,12 LAURELES,Burritos & Co,rappi,5.71,0.38,29.1,1.0
46086.0,16.0,COL,Medellín,11 MANILA,Burritos & Co,rappi,6.19,0.35,32.16,1.0
46086.0,16.0,COL,Medellín,29 ITAGUI,Burritos & Co,rappi,18.65,6.9,0.3,1.0
46086.0,18.0,COL,Medellín,14 ENVIGADO,Burritos & Co,rappi,9.34,0.0,1.0,
46086.0,18.0,COL,Medellín,12 LAURELES,Burritos & Co,rappi,5.39,9.17,42.73,1.0
46086.0,19.0,COL,Medellín,12 LAURELES,Burritos & Co,rappi,14.22,9.18,1.06,1.0
46086.0,19.0,COL,Medellín,29 ITAGUI,Burritos & Co,rappi,10.75,0.28,2.33,1.0
46086.0,20.0,COL,Medellín,12 LAURELES,Burritos & Co,rappi,7.75,0.5,50.47,1.0
46086.0,20.0,COL,Medellín,11 MANILA,Burritos & Co,rappi,6.33,0.53,40.79,1.0
46086.0,20.0,COL,Medellín,12 LAURELES,Burritos & Co,rappi,10.12,3.18,86.86,1.0
46086.0,20.0,COL,Medellín,11 MANILA,Burritos & Co,rappi,6.88,0.0,1.0,
46086.0,20.0,COL,Medellín,12 LAURELES,Burritos & Co,rappi,14.9,7.2,55.11,1.0
46086.0,20.0,COL,Medellín,11 MANILA,Burritos & Co,rappi,16.23,0.22,37.66,1.0
46086.0,21.0,COL,Medellín,12 LAURELES,Burritos & Co,rappi,7.21,0.57,46.76,1.0
46086.0,21.0,COL,Medellín,12 LAURELES,Burritos & Co,rappi,22.05,7.18,0.97,1.0
46086.0,22.0,COL,Medellín,12 LAURELES,Burritos & Co,rappi,6.93,0.35,11.95,1.0
46086.0,22.0,COL,Medellín,12 LAURELES,Burritos & Co,rappi,2.02,0.35,12.32,1.0
46086.0,22.0,COL,Medellín,11 MANILA,Burritos & Co,rappi,9.04,0.28,1.12,1.0
46086.0,23.0,COL,Medellín,11 MANILA,Burritos & Co,rappi,10.46,0.22,23.66,1.0
46086.0,23.0,COL,Medellín,11 MANILA,Burritos & Co,rappi,9.18,4.72,0.64,1.0
46086.0,23.0,COL,Medellín,12 LAURELES,Burritos & Co,rappi,3.92,0.32,26.91,1.0
46086.0,23.0,COL,Medellín,14 ENVIGADO,Burritos & Co,rappi,9.02,0.48,10.12,1.0
46086.0,11.0,COL,Medellín,12 LAURELES,Burritos & Co Turbo,rappi,6.3,0.25,7.82,1.0
46086.0,12.0,COL,Medellín,11 MANILA,Burritos & Co Turbo,rappi,4.19,0.0,0.68,1.0
46086.0,12.0,COL,Medellín,11 MANILA,Burritos & Co Turbo,rappi,3.74,0.0,1.04,1.0
46086.0,13.0,COL,Medellín,11 MANILA,Burritos & Co Turbo,rappi,6.22,1.78,0.23,1.0
46086.0,13.0,COL,Medellín,11 MANILA,Burritos & Co Turbo,rappi,5.01,0.55,0.31,1.0
46086.0,13.0,COL,Medellín,12 LAURELES,Burritos & Co Turbo,rappi,4.96,0.87,0.95,1.0
46086.0,13.0,COL,Medellín,11 MANILA,Burritos & Co Turbo,rappi,4.88,0.07,0.13,1.0
46086.0,13.0,COL,Medellín,12 LAURELES,Burritos & Co Turbo,rappi,5.02,0.65,0.75,1.0
46086.0,13.0,COL,Medellín,11 MANILA,Burritos & Co Turbo,rappi,3.13,0.0,0.28,1.0
46086.0,13.0,COL,Medellín,12 LAURELES,Burritos & Co Turbo,rappi,5.04,0.32,0.14,1.0
46086.0,14.0,COL,Medellín,12 LAURELES,Burritos & Co Turbo,rappi,8.21,3.82,0.26,1.0
46086.0,14.0,COL,Medellín,12 LAURELES,Burritos & Co Turbo,rappi,9.42,5.48,0.85,1.0
46086.0,14.0,COL,Medellín,12 LAURELES,Burritos & Co Turbo,rappi,6.19,2.0,0.79,1.0
46086.0,14.0,COL,Medellín,11 MANILA,Burritos & Co Turbo,rappi,4.75,0.0,0.25,1.0
46086.0,14.0,COL,Medellín,11 MANILA,Burritos & Co Turbo,rappi,4.38,0.0,0.59,1.0
46086.0,14.0,COL,Medellín,12 LAURELES,Burritos & Co Turbo,rappi,5.17,1.22,0.97,1.0
46086.0,16.0,COL,Medellín,11 MANILA,Burritos & Co Turbo,rappi,4.1,0.08,0.94,1.0
46086.0,16.0,COL,Medellín,11 MANILA,Burritos & Co Turbo,rappi,2.98,0.0,0.84,1.0
46086.0,16.0,COL,Medellín,12 LAURELES,Burritos & Co Turbo,rappi,3.86,0.0,0.19,1.0
46086.0,17.0,COL,Medellín,11 MANILA,Burritos & Co Turbo,rappi,4.09,0.0,0.6,1.0
46086.0,17.0,COL,Medellín,11 MANILA,Burritos & Co Turbo,rappi,6.94,2.57,0.77,1.0
46086.0,17.0,COL,Medellín,12 LAURELES,Burritos & Co Turbo,rappi,2.15,0.0,2.79,1.0
46086.0,18.0,COL,Medellín,12 LAURELES,Burritos & Co Turbo,rappi,2.21,0.32,3.99,1.0
46086.0,18.0,COL,Medellín,12 LAURELES,Burritos & Co Turbo,rappi,3.18,0.0,0.7,1.0
46086.0,18.0,COL,Medellín,11 MANILA,Burritos & Co Turbo,rappi,4.85,0.25,0.68,1.0
46086.0,19.0,COL,Medellín,11 MANILA,Burritos & Co Turbo,rappi,7.49,3.37,0.71,1.0
46086.0,19.0,COL,Medellín,12 LAURELES,Burritos & Co Turbo,rappi,3.32,0.18,1.99,1.0
46086.0,19.0,COL,Medellín,12 LAURELES,Burritos & Co Turbo,rappi,3.13,0.0,0.92,1.0
46086.0,19.0,COL,Medellín,12 LAURELES,Burritos & Co Turbo,rappi,3.9,0.0,0.7,1.0
46086.0,19.0,COL,Medellín,12 LAURELES,Burritos & Co Turbo,rappi,6.46,1.82,0.4,1.0
46086.0,19.0,COL,Medellín,11 MANILA,Burritos & Co Turbo,rappi,6.09,1.55,0.22,1.0
46086.0,20.0,COL,Medellín,11 MANILA,Burritos & Co Turbo,rappi,5.25,0.77,0.58,1.0
46086.0,20.0,COL,Medellín,11 MANILA,Burritos & Co Turbo,rappi,6.05,1.25,0.09,1.0
46086.0,20.0,COL,Medellín,12 LAURELES,Burritos & Co Turbo,rappi,5.04,0.87,0.87,1.0
46086.0,20.0,COL,Medellín,12 LAURELES,Burritos & Co Turbo,rappi,5.46,1.6,0.87,1.0
46086.0,20.0,COL,Medellín,11 MANILA,Burritos & Co Turbo,rappi,8.43,0.53,0.42,1.0
46086.0,20.0,COL,Medellín,12 LAURELES,Burritos & Co Turbo,rappi,8.14,3.45,0.12,1.0
46086.0,20.0,COL,Medellín,11 MANILA,Burritos & Co Turbo,rappi,2.0,0.0,0.53,1.0
46086.0,21.0,COL,Medellín,12 LAURELES,Burritos & Co Turbo,rappi,5.8,1.37,0.4,1.0
46086.0,21.0,COL,Medellín,11 MANILA,Burritos & Co Turbo,rappi,5.7,0.88,0.22,1.0
46086.0,21.0,COL,Medellín,11 MANILA,Burritos & Co Turbo,rappi,7.61,2.65,0.16,1.0
46086.0,21.0,COL,Medellín,11 MANILA,Burritos & Co Turbo,rappi,4.96,0.08,0.07,1.0
46086.0,21.0,COL,Medellín,12 LAURELES,Burritos & Co Turbo,rappi,3.83,0.08,1.2,1.0
46086.0,21.0,COL,Medellín,12 LAURELES,Burritos & Co Turbo,rappi,11.27,6.95,0.27,1.0
46086.0,21.0,COL,Medellín,11 MANILA,Burritos & Co Turbo,rappi,4.2,0.22,0.91,1.0
46086.0,21.0,COL,Medellín,11 MANILA,Burritos & Co Turbo,rappi,2.77,0.0,0.16,1.0
46086.0,21.0,COL,Medellín,12 LAURELES,Burritos & Co Turbo,rappi,12.05,8.03,0.95,1.0
46086.0,21.0,COL,Medellín,12 LAURELES,Burritos & Co Turbo,rappi,12.27,5.98,2.22,1.0
46086.0,21.0,COL,Medellín,11 MANILA,Burritos & Co Turbo,rappi,6.14,1.43,0.1,1.0
46086.0,21.0,COL,Medellín,12 LAURELES,Burritos & Co Turbo,rappi,12.95,8.88,0.96,1.0
46086.0,21.0,COL,Medellín,12 LAURELES,Burritos & Co Turbo,rappi,11.16,6.57,0.57,1.0
46086.0,9.0,COL,Medellín,14 ENVIGADO,Cacerola,didi,16.06,5.47,0.15,1.0
46086.0,9.0,COL,Medellín,29 ITAGUI,Cacerola,didi,30.21,20.05,0.91,1.0
46086.0,9.0,COL,Medellín,11 MANILA,Cacerola Turbo,rappi,6.17,1.55,0.55,1.0
46086.0,12.0,COL,Medellín,29 ITAGUI,Casa arabe,rappi,40.14,0.22,20.17,1.0
46086.0,16.0,COL,Medellín,29 ITAGUI,Casa arabe,rappi,26.86,0.38,13.25,1.0
46086.0,21.0,COL,Medellín,12 LAURELES,Casa arabe,rappi,26.87,0.42,34.83,1.0
46086.0,9.0,COL,Medellín,29 ITAGUI,Cinnabon,didi,34.0,30.1,1.45,1.0
46086.0,15.0,COL,Medellín,29 ITAGUI,Cinnabon,didi,12.82,8.77,1.03,1.0
46086.0,17.0,COL,Medellín,29 ITAGUI,Cinnabon,didi,5.95,1.38,15.02,1.0
46086.0,19.0,COL,Medellín,29 ITAGUI,Cinnabon,didi,6.05,1.43,0.2,1.0
46086.0,6.0,COL,Medellín,12 LAURELES,Cinnabon,rappi,19.53,0.62,0.73,1.0
46086.0,10.0,COL,Medellín,29 ITAGUI,Cinnabon,rappi,45.98,12.18,0.72,1.0
46086.0,10.0,COL,Medellín,12 LAURELES,Cinnabon,rappi,21.02,3.8,0.83,1.0
46086.0,10.0,COL,Medellín,18 BELLO,Cinnabon,rappi,8.02,11.15,9.36,1.0
46086.0,11.0,COL,Medellín,11 MANILA,Cinnabon,rappi,3.08,0.23,9.92,1.0
46086.0,11.0,COL,Medellín,11 MANILA,Cinnabon,rappi,3.22,0.28,19.04,1.0
46086.0,13.0,COL,Medellín,29 ITAGUI,Cinnabon,rappi,36.02,5.3,1.1,1.0
46086.0,13.0,COL,Medellín,12 LAURELES,Cinnabon,rappi,12.62,0.2,12.3,1.0
46086.0,13.0,COL,Medellín,14 ENVIGADO,Cinnabon,rappi,3.86,0.47,11.81,1.0
46086.0,13.0,COL,Medellín,12 LAURELES,Cinnabon,rappi,23.76,0.37,7.13,1.0
46086.0,14.0,COL,Medellín,14 ENVIGADO,Cinnabon,rappi,13.52,2.5,0.31,1.0
46086.0,14.0,COL,Medellín,18 BELLO,Cinnabon,rappi,8.78,5.97,15.33,1.0
46086.0,14.0,COL,Medellín,14 ENVIGADO,Cinnabon,rappi,3.12,0.13,14.12,1.0
46086.0,14.0,COL,Medellín,14 ENVIGADO,Cinnabon,rappi,12.01,0.32,41.7,1.0
46086.0,15.0,COL,Medellín,18 BELLO,Cinnabon,rappi,23.1,0.4,22.04,1.0
46086.0,15.0,COL,Medellín,29 ITAGUI,Cinnabon,rappi,11.48,7.18,0.63,1.0
46086.0,15.0,COL,Medellín,18 BELLO,Cinnabon,rappi,16.66,2.62,1.24,1.0
46086.0,15.0,COL,Medellín,29 ITAGUI,Cinnabon,rappi,29.01,2.05,5.6,1.0
46086.0,15.0,COL,Medellín,12 LAURELES,Cinnabon,rappi,7.92,0.43,5.62,1.0
46086.0,15.0,COL,Medellín,12 LAURELES,Cinnabon,rappi,10.97,0.47,21.84,1.0
46086.0,16.0,COL,Medellín,12 LAURELES,Cinnabon,rappi,5.05,0.25,8.0,1.0
46086.0,16.0,COL,Medellín,12 LAURELES,Cinnabon,rappi,6.88,0.13,47.28,1.0
46086.0,16.0,COL,Medellín,14 ENVIGADO,Cinnabon,rappi,10.79,0.32,6.02,1.0
46086.0,16.0,COL,Medellín,29 ITAGUI,Cinnabon,rappi,10.18,6.37,31.17,1.0
46086.0,16.0,COL,Medellín,12 LAURELES,Cinnabon,rappi,3.87,0.0,1.0,
46086.0,16.0,COL,Medellín,12 LAURELES,Cinnabon,rappi,11.18,0.37,16.03,1.0
46086.0,16.0,COL,Medellín,29 ITAGUI,Cinnabon,rappi,4.93,1.37,1.28,1.0
46086.0,17.0,COL,Medellín,29 ITAGUI,Cinnabon,rappi,20.38,0.33,3.78,1.0
46086.0,17.0,COL,Medellín,18 BELLO,Cinnabon,rappi,15.48,5.32,0.98,1.0
46086.0,17.0,COL,Medellín,14 ENVIGADO,Cinnabon,rappi,16.12,0.33,21.83,1.0
46086.0,17.0,COL,Medellín,29 ITAGUI,Cinnabon,rappi,10.07,0.3,2.93,1.0
46086.0,18.0,COL,Medellín,14 ENVIGADO,Cinnabon,rappi,10.59,0.62,12.01,1.0
46086.0,18.0,COL,Medellín,18 BELLO,Cinnabon,rappi,10.07,0.93,2.72,1.0
46086.0,18.0,COL,Medellín,12 LAURELES,Cinnabon,rappi,6.39,0.22,30.64,1.0
46086.0,18.0,COL,Medellín,18 BELLO,Cinnabon,rappi,11.37,6.05,0.88,1.0
46086.0,18.0,COL,Medellín,12 LAURELES,Cinnabon,rappi,4.0,0.32,71.04,1.0
46086.0,19.0,COL,Medellín,12 LAURELES,Cinnabon,rappi,20.51,6.52,0.86,1.0
46086.0,20.0,COL,Medellín,29 ITAGUI,Cinnabon,rappi,9.21,2.55,0.19,1.0
46086.0,21.0,COL,Medellín,18 BELLO,Cinnabon,rappi,0.0,,1.0,
46086.0,22.0,COL,Medellín,12 LAURELES,Cinnabon,rappi,8.16,0.25,3.01,1.0
46086.0,22.0,COL,Medellín,11 MANILA,Cinnabon,rappi,7.33,6.88,5.97,1.0
46086.0,22.0,COL,Medellín,11 MANILA,Cinnabon,rappi,10.18,6.28,0.97,1.0
46086.0,22.0,COL,Medellín,12 LAURELES,Cinnabon,rappi,4.3,0.47,19.58,1.0
46086.0,18.0,COL,Medellín,58 VIVA MED,Cinnabon Pase,didi,0.2,,29.93,1.0
46086.0,11.0,COL,Medellín,57 SANTAFE MED,Cinnabon Pase,foodologypos,0.0,,0.01,1.0
46086.0,12.0,COL,Medellín,57 SANTAFE MED,Cinnabon Pase,foodologypos,0.0,,0.01,1.0
46086.0,12.0,COL,Medellín,58 VIVA MED,Cinnabon Pase,foodologypos,0.0,,0.01,1.0
46086.0,12.0,COL,Medellín,58 VIVA MED,Cinnabon Pase,foodologypos,0.0,,0.42,1.0
46086.0,12.0,COL,Medellín,58 VIVA MED,Cinnabon Pase,foodologypos,0.0,,0.01,1.0
46086.0,13.0,COL,Medellín,58 VIVA MED,Cinnabon Pase,foodologypos,0.0,,0.0,1.0
46086.0,13.0,COL,Medellín,57 SANTAFE MED,Cinnabon Pase,foodologypos,0.0,,0.0,1.0
46086.0,13.0,COL,Medellín,57 SANTAFE MED,Cinnabon Pase,foodologypos,0.0,,0.0,1.0
46086.0,13.0,COL,Medellín,58 VIVA MED,Cinnabon Pase,foodologypos,0.0,,0.01,1.0
46086.0,13.0,COL,Medellín,58 VIVA MED,Cinnabon Pase,foodologypos,0.0,,0.02,1.0
46086.0,13.0,COL,Medellín,58 VIVA MED,Cinnabon Pase,foodologypos,0.0,,0.03,1.0
46086.0,13.0,COL,Medellín,58 VIVA MED,Cinnabon Pase,foodologypos,0.0,,1.81,1.0
46086.0,13.0,COL,Medellín,58 VIVA MED,Cinnabon Pase,foodologypos,0.0,,0.9,1.0
46086.0,13.0,COL,Medellín,57 SANTAFE MED,Cinnabon Pase,foodologypos,0.0,,0.0,1.0
46086.0,14.0,COL,Medellín,58 VIVA MED,Cinnabon Pase,foodologypos,0.0,,0.0,1.0
46086.0,14.0,COL,Medellín,58 VIVA MED,Cinnabon Pase,foodologypos,0.0,,0.02,1.0
46086.0,14.0,COL,Medellín,58 VIVA MED,Cinnabon Pase,foodologypos,0.0,,0.02,1.0
46086.0,14.0,COL,Medellín,58 VIVA MED,Cinnabon Pase,foodologypos,0.0,,0.02,1.0
46086.0,15.0,COL,Medellín,57 SANTAFE MED,Cinnabon Pase,foodologypos,0.0,,0.02,1.0
46086.0,15.0,COL,Medellín,57 SANTAFE MED,Cinnabon Pase,foodologypos,0.0,,0.01,1.0
46086.0,15.0,COL,Medellín,57 SANTAFE MED,Cinnabon Pase,foodologypos,0.0,,0.0,1.0
46086.0,15.0,COL,Medellín,57 SANTAFE MED,Cinnabon Pase,foodologypos,0.0,,0.01,1.0
46086.0,15.0,COL,Medellín,57 SANTAFE MED,Cinnabon Pase,foodologypos,0.0,,0.01,1.0
46086.0,15.0,COL,Medellín,57 SANTAFE MED,Cinnabon Pase,foodologypos,0.0,,0.01,1.0
46086.0,15.0,COL,Medellín,57 SANTAFE MED,Cinnabon Pase,foodologypos,0.0,,0.0,1.0
46086.0,16.0,COL,Medellín,57 SANTAFE MED,Cinnabon Pase,foodologypos,0.0,,0.01,1.0
46086.0,16.0,COL,Medellín,58 VIVA MED,Cinnabon Pase,foodologypos,0.0,,0.0,1.0
46086.0,16.0,COL,Medellín,57 SANTAFE MED,Cinnabon Pase,foodologypos,0.0,,0.01,1.0
46086.0,16.0,COL,Medellín,58 VIVA MED,Cinnabon Pase,foodologypos,0.0,,0.02,1.0
46086.0,16.0,COL,Medellín,58 VIVA MED,Cinnabon Pase,foodologypos,0.0,,0.03,1.0
46086.0,16.0,COL,Medellín,57 SANTAFE MED,Cinnabon Pase,foodologypos,0.0,,0.0,1.0
46086.0,16.0,COL,Medellín,58 VIVA MED,Cinnabon Pase,foodologypos,0.0,,0.02,1.0
46086.0,16.0,COL,Medellín,58 VIVA MED,Cinnabon Pase,foodologypos,0.0,,0.01,1.0
46086.0,17.0,COL,Medellín,57 SANTAFE MED,Cinnabon Pase,foodologypos,0.0,,0.08,1.0
46086.0,17.0,COL,Medellín,58 VIVA MED,Cinnabon Pase,foodologypos,0.0,,0.0,1.0
46086.0,17.0,COL,Medellín,58 VIVA MED,Cinnabon Pase,foodologypos,0.0,,0.01,1.0
46086.0,17.0,COL,Medellín,57 SANTAFE MED,Cinnabon Pase,foodologypos,0.0,,0.0,1.0
46086.0,17.0,COL,Medellín,58 VIVA MED,Cinnabon Pase,foodologypos,0.0,,0.0,1.0
46086.0,17.0,COL,Medellín,58 VIVA MED,Cinnabon Pase,foodologypos,0.0,,0.01,1.0
46086.0,17.0,COL,Medellín,57 SANTAFE MED,Cinnabon Pase,foodologypos,0.0,,0.01,1.0
46086.0,17.0,COL,Medellín,57 SANTAFE MED,Cinnabon Pase,foodologypos,0.0,,0.0,1.0
46086.0,17.0,COL,Medellín,57 SANTAFE MED,Cinnabon Pase,foodologypos,0.0,,0.01,1.0
46086.0,17.0,COL,Medellín,58 VIVA MED,Cinnabon Pase,foodologypos,0.0,,0.01,1.0
46086.0,17.0,COL,Medellín,57 SANTAFE MED,Cinnabon Pase,foodologypos,0.0,,0.01,1.0
46086.0,17.0,COL,Medellín,57 SANTAFE MED,Cinnabon Pase,foodologypos,0.0,,0.01,1.0
46086.0,17.0,COL,Medellín,57 SANTAFE MED,Cinnabon Pase,foodologypos,0.0,,0.01,1.0
46086.0,17.0,COL,Medellín,57 SANTAFE MED,Cinnabon Pase,foodologypos,0.0,,0.0,1.0
46086.0,17.0,COL,Medellín,57 SANTAFE MED,Cinnabon Pase,foodologypos,0.0,,0.0,1.0
46086.0,17.0,COL,Medellín,57 SANTAFE MED,Cinnabon Pase,foodologypos,0.0,,0.01,1.0
46086.0,17.0,COL,Medellín,57 SANTAFE MED,Cinnabon Pase,foodologypos,0.0,,0.01,1.0
46086.0,18.0,COL,Medellín,58 VIVA MED,Cinnabon Pase,foodologypos,0.0,,0.01,1.0
46086.0,18.0,COL,Medellín,58 VIVA MED,Cinnabon Pase,foodologypos,0.0,,0.01,1.0
46086.0,18.0,COL,Medellín,58 VIVA MED,Cinnabon Pase,foodologypos,0.0,,1.31,1.0
46086.0,18.0,COL,Medellín,58 VIVA MED,Cinnabon Pase,foodologypos,0.0,,0.18,1.0
46086.0,18.0,COL,Medellín,57 SANTAFE MED,Cinnabon Pase,foodologypos,0.0,,0.0,1.0
46086.0,18.0,COL,Medellín,57 SANTAFE MED,Cinnabon Pase,foodologypos,0.0,,0.0,1.0
46086.0,18.0,COL,Medellín,58 VIVA MED,Cinnabon Pase,foodologypos,0.0,,3.94,1.0
46086.0,18.0,COL,Medellín,57 SANTAFE MED,Cinnabon Pase,foodologypos,0.0,,0.0,1.0
46086.0,18.0,COL,Medellín,58 VIVA MED,Cinnabon Pase,foodologypos,0.0,,0.02,1.0
46086.0,19.0,COL,Medellín,57 SANTAFE MED,Cinnabon Pase,foodologypos,0.0,,0.01,1.0
46086.0,19.0,COL,Medellín,57 SANTAFE MED,Cinnabon Pase,foodologypos,0.0,,0.01,1.0
46086.0,19.0,COL,Medellín,57 SANTAFE MED,Cinnabon Pase,foodologypos,0.0,,0.02,1.0
46086.0,19.0,COL,Medellín,58 VIVA MED,Cinnabon Pase,foodologypos,0.0,,1.0,
46086.0,19.0,COL,Medellín,58 VIVA MED,Cinnabon Pase,foodologypos,0.0,,0.01,1.0
46086.0,19.0,COL,Medellín,58 VIVA MED,Cinnabon Pase,foodologypos,0.0,,0.07,1.0
46086.0,19.0,COL,Medellín,58 VIVA MED,Cinnabon Pase,foodologypos,0.0,,0.04,1.0
46086.0,11.0,COL,Medellín,57 SANTAFE MED,Cinnabon Pase,rappi,0.18,,4.74,1.0
46086.0,14.0,COL,Medellín,57 SANTAFE MED,Cinnabon Pase,rappi,0.28,,37.34,1.0
46086.0,15.0,COL,Medellín,57 SANTAFE MED,Cinnabon Pase,rappi,0.58,,12.58,1.0
46086.0,16.0,COL,Medellín,57 SANTAFE MED,Cinnabon Pase,rappi,0.32,,7.04,1.0
46086.0,18.0,COL,Medellín,58 VIVA MED,Cinnabon Pase,rappi,0.2,,83.77,1.0
46086.0,8.0,COL,Medellín,11 MANILA,Cinnabon Turbo,rappi,5.96,2.03,1.45,1.0
46086.0,10.0,COL,Medellín,12 LAURELES,Cinnabon Turbo,rappi,3.21,0.0,0.89,1.0
46086.0,11.0,COL,Medellín,12 LAURELES,Cinnabon Turbo,rappi,2.76,0.37,2.45,1.0
46086.0,11.0,COL,Medellín,12 LAURELES,Cinnabon Turbo,rappi,3.3,0.2,2.56,1.0
46086.0,13.0,COL,Medellín,11 MANILA,Cinnabon Turbo,rappi,4.19,0.0,0.6,1.0
46086.0,14.0,COL,Medellín,11 MANILA,Cinnabon Turbo,rappi,2.49,0.32,3.41,1.0
46086.0,15.0,COL,Medellín,12 LAURELES,Cinnabon Turbo,rappi,5.45,0.3,0.36,1.0
46086.0,15.0,COL,Medellín,12 LAURELES,Cinnabon Turbo,rappi,4.7,0.57,1.03,1.0
46086.0,16.0,COL,Medellín,11 MANILA,Cinnabon Turbo,rappi,3.1,0.0,0.8,1.0
46086.0,17.0,COL,Medellín,11 MANILA,Cinnabon Turbo,rappi,4.95,0.8,0.92,1.0
46086.0,17.0,COL,Medellín,12 LAURELES,Cinnabon Turbo,rappi,2.17,0.0,0.14,1.0
46086.0,18.0,COL,Medellín,12 LAURELES,Cinnabon Turbo,rappi,7.01,2.83,0.88,1.0
46086.0,18.0,COL,Medellín,12 LAURELES,Cinnabon Turbo,rappi,5.27,0.7,0.53,1.0
46086.0,19.0,COL,Medellín,11 MANILA,Cinnabon Turbo,rappi,4.23,0.0,0.09,1.0
46086.0,19.0,COL,Medellín,12 LAURELES,Cinnabon Turbo,rappi,6.59,1.85,0.31,1.0
46086.0,20.0,COL,Medellín,11 MANILA,Cinnabon Turbo,rappi,3.91,0.0,0.08,1.0
46086.0,21.0,COL,Medellín,11 MANILA,Cinnabon Turbo,rappi,6.73,1.78,0.12,1.0
46086.0,21.0,COL,Medellín,12 LAURELES,Cinnabon Turbo,rappi,11.39,6.98,0.58,1.0
46086.0,21.0,COL,Medellín,12 LAURELES,Cinnabon Turbo,rappi,8.2,2.32,1.06,1.0
46086.0,21.0,COL,Medellín,18 BELLO,Dembow,didi,18.46,6.5,1.56,1.0
46086.0,11.0,COL,Medellín,14 ENVIGADO,Dembow,rappi,15.86,2.05,1.12,1.0
46086.0,11.0,COL,Medellín,11 MANILA,Dembow,rappi,8.07,0.17,33.08,1.0
46086.0,21.0,COL,Medellín,12 LAURELES,Dembow,rappi,0.22,,9.85,1.0
46086.0,23.0,COL,Medellín,12 LAURELES,Dembow,rappi,6.08,0.35,7.06,1.0
46086.0,18.0,COL,Medellín,11 MANILA,Dembow by Maluma Turbo,rappi,0.0,,2.87,1.0
46086.0,19.0,COL,Medellín,11 MANILA,Dembow by Maluma Turbo,rappi,8.04,3.32,0.68,1.0
46086.0,20.0,COL,Medellín,11 MANILA,Dembow by Maluma Turbo,rappi,6.7,2.27,0.44,1.0
46086.0,7.0,COL,Medellín,29 ITAGUI,Desayunos Colombianos,rappi,12.01,0.15,33.0,1.0
46086.0,7.0,COL,Medellín,14 ENVIGADO,Desayunos Colombianos,rappi,9.48,0.6,0.79,1.0
46086.0,8.0,COL,Medellín,11 MANILA,Desayunos Colombianos,rappi,8.74,0.18,0.49,1.0
46086.0,8.0,COL,Medellín,29 ITAGUI,Desayunos Colombianos,rappi,0.0,,1.0,
46086.0,8.0,COL,Medellín,12 LAURELES,Desayunos Colombianos,rappi,16.91,9.57,0.79,1.0
46086.0,8.0,COL,Medellín,18 BELLO,Desayunos Colombianos,rappi,19.52,0.0,16.25,1.0
46086.0,9.0,COL,Medellín,14 ENVIGADO,Desayunos Colombianos,rappi,7.47,0.88,56.99,1.0
46086.0,9.0,COL,Medellín,18 BELLO,Desayunos Colombianos,rappi,14.26,10.0,0.73,1.0
46086.0,9.0,COL,Medellín,11 MANILA,Desayunos Colombianos,rappi,15.06,0.2,7.84,1.0
46086.0,9.0,COL,Medellín,29 ITAGUI,Desayunos Colombianos,rappi,35.94,28.57,4.21,1.0
46086.0,9.0,COL,Medellín,12 LAURELES,Desayunos Colombianos,rappi,28.3,23.32,0.96,1.0
46086.0,10.0,COL,Medellín,12 LAURELES,Desayunos Colombianos,rappi,20.4,13.95,0.58,1.0
46086.0,10.0,COL,Medellín,11 MANILA,Desayunos Colombianos,rappi,6.71,1.77,0.13,1.0
46086.0,10.0,COL,Medellín,29 ITAGUI,Desayunos Colombianos,rappi,50.83,41.72,14.03,1.0
46086.0,10.0,COL,Medellín,29 ITAGUI,Desayunos Colombianos,rappi,51.14,41.72,0.69,1.0
46086.0,11.0,COL,Medellín,11 MANILA,Desayunos Colombianos,rappi,10.48,0.4,1.59,1.0
46086.0,11.0,COL,Medellín,11 MANILA,Desayunos Colombianos,rappi,7.09,3.42,1.54,1.0
46086.0,8.0,COL,Medellín,18 BELLO,Desayunos de la Abuela,didi,14.01,9.88,0.89,1.0
46086.0,8.0,COL,Medellín,12 LAURELES,Desayunos de la Abuela,didi,14.78,10.37,0.4,1.0
46086.0,8.0,COL,Medellín,18 BELLO,Desayunos de la Abuela,didi,15.82,1.6,0.72,1.0
46086.0,8.0,COL,Medellín,29 ITAGUI,Desayunos de la Abuela,didi,48.6,14.05,0.26,1.0
46086.0,8.0,COL,Medellín,14 ENVIGADO,Desayunos de la Abuela,didi,12.12,2.78,6.68,1.0
46086.0,8.0,COL,Medellín,14 ENVIGADO,Desayunos de la Abuela,didi,15.25,2.78,1.61,1.0
46086.0,8.0,COL,Medellín,14 ENVIGADO,Desayunos de la Abuela,didi,23.63,2.12,1.0,1.0
46086.0,8.0,COL,Medellín,18 BELLO,Desayunos de la Abuela,didi,17.41,16.15,3.9,1.0
46086.0,8.0,COL,Medellín,11 MANILA,Desayunos de la Abuela,didi,6.41,1.47,0.67,1.0
46086.0,9.0,COL,Medellín,11 MANILA,Desayunos de la Abuela,didi,21.2,6.43,0.76,1.0
46086.0,9.0,COL,Medellín,12 LAURELES,Desayunos de la Abuela,didi,30.06,22.43,6.12,1.0
46086.0,10.0,COL,Medellín,14 ENVIGADO,Desayunos de la Abuela,didi,8.08,7.58,10.72,1.0
46086.0,10.0,COL,Medellín,14 ENVIGADO,Desayunos de la Abuela,didi,16.15,9.73,0.66,1.0
46086.0,10.0,COL,Medellín,14 ENVIGADO,Desayunos de la Abuela,didi,11.0,3.8,2.79,1.0
46086.0,10.0,COL,Medellín,18 BELLO,Desayunos de la Abuela,didi,20.91,12.13,1.1,1.0
46086.0,11.0,COL,Medellín,18 BELLO,Desayunos de la Abuela,didi,14.15,14.95,5.81,1.0
46086.0,11.0,COL,Medellín,14 ENVIGADO,Desayunos de la Abuela,didi,10.93,4.17,0.83,1.0
46086.0,11.0,COL,Medellín,18 BELLO,Desayunos de la Abuela,didi,10.45,2.4,1.08,1.0
46086.0,11.0,COL,Medellín,18 BELLO,Desayunos de la Abuela,didi,13.32,7.28,0.62,1.0
46086.0,12.0,COL,Medellín,14 ENVIGADO,Desayunos de la Abuela,didi,12.19,2.4,0.96,1.0
46086.0,6.0,COL,Medellín,11 MANILA,Desayunos de la Abuela,rappi,30.99,1.97,5.52,1.0
46086.0,6.0,COL,Medellín,12 LAURELES,Desayunos de la Abuela,rappi,17.46,5.25,1.97,1.0
46086.0,6.0,COL,Medellín,18 BELLO,Desayunos de la Abuela,rappi,21.8,11.88,0.88,1.0
46086.0,7.0,COL,Medellín,12 LAURELES,Desayunos de la Abuela,rappi,11.92,6.98,0.94,1.0
46086.0,7.0,COL,Medellín,14 ENVIGADO,Desayunos de la Abuela,rappi,10.04,1.63,0.91,1.0
46086.0,7.0,COL,Medellín,14 ENVIGADO,Desayunos de la Abuela,rappi,12.86,8.4,0.37,1.0
46086.0,7.0,COL,Medellín,11 MANILA,Desayunos de la Abuela,rappi,13.84,0.57,24.44,1.0
46086.0,7.0,COL,Medellín,14 ENVIGADO,Desayunos de la Abuela,rappi,16.05,0.2,22.19,1.0
46086.0,7.0,COL,Medellín,12 LAURELES,Desayunos de la Abuela,rappi,12.3,8.12,0.77,1.0
46086.0,7.0,COL,Medellín,29 ITAGUI,Desayunos de la Abuela,rappi,20.15,7.68,0.68,1.0
46086.0,7.0,COL,Medellín,14 ENVIGADO,Desayunos de la Abuela,rappi,5.3,0.85,13.86,1.0
46086.0,7.0,COL,Medellín,14 ENVIGADO,Desayunos de la Abuela,rappi,13.99,0.83,5.17,1.0
46086.0,7.0,COL,Medellín,12 LAURELES,Desayunos de la Abuela,rappi,8.91,0.43,17.29,1.0
46086.0,8.0,COL,Medellín,14 ENVIGADO,Desayunos de la Abuela,rappi,11.52,0.0,39.41,1.0
46086.0,8.0,COL,Medellín,11 MANILA,Desayunos de la Abuela,rappi,7.54,0.23,1.64,1.0
46086.0,8.0,COL,Medellín,29 ITAGUI,Desayunos de la Abuela,rappi,44.94,16.17,0.23,1.0
46086.0,8.0,COL,Medellín,11 MANILA,Desayunos de la Abuela,rappi,10.82,0.12,38.83,1.0
46086.0,8.0,COL,Medellín,29 ITAGUI,Desayunos de la Abuela,rappi,53.08,3.65,2.11,1.0
46086.0,8.0,COL,Medellín,11 MANILA,Desayunos de la Abuela,rappi,13.15,0.42,0.86,1.0
46086.0,8.0,COL,Medellín,12 LAURELES,Desayunos de la Abuela,rappi,7.01,0.1,6.77,1.0
46086.0,8.0,COL,Medellín,18 BELLO,Desayunos de la Abuela,rappi,13.69,0.85,6.14,1.0
46086.0,8.0,COL,Medellín,12 LAURELES,Desayunos de la Abuela,rappi,22.21,15.8,28.25,1.0
46086.0,8.0,COL,Medellín,11 MANILA,Desayunos de la Abuela,rappi,11.97,0.62,11.03,1.0
46086.0,8.0,COL,Medellín,29 ITAGUI,Desayunos de la Abuela,rappi,48.22,35.35,2.31,1.0
46086.0,8.0,COL,Medellín,11 MANILA,Desayunos de la Abuela,rappi,4.67,0.4,26.27,1.0
46086.0,8.0,COL,Medellín,12 LAURELES,Desayunos de la Abuela,rappi,29.11,4.32,2.69,1.0
46086.0,8.0,COL,Medellín,12 LAURELES,Desayunos de la Abuela,rappi,23.36,19.92,1.57,1.0
46086.0,8.0,COL,Medellín,11 MANILA,Desayunos de la Abuela,rappi,9.55,0.35,8.49,1.0
46086.0,8.0,COL,Medellín,29 ITAGUI,Desayunos de la Abuela,rappi,45.8,17.0,0.93,1.0
46086.0,8.0,COL,Medellín,11 MANILA,Desayunos de la Abuela,rappi,7.87,0.37,16.07,1.0
46086.0,8.0,COL,Medellín,11 MANILA,Desayunos de la Abuela,rappi,8.99,0.35,12.95,1.0
46086.0,8.0,COL,Medellín,11 MANILA,Desayunos de la Abuela,rappi,9.04,5.82,1.43,1.0
46086.0,8.0,COL,Medellín,12 LAURELES,Desayunos de la Abuela,rappi,20.57,13.3,0.32,1.0
46086.0,8.0,COL,Medellín,11 MANILA,Desayunos de la Abuela,rappi,9.85,0.17,3.02,1.0
46086.0,8.0,COL,Medellín,12 LAURELES,Desayunos de la Abuela,rappi,20.03,12.12,0.68,1.0
46086.0,8.0,COL,Medellín,11 MANILA,Desayunos de la Abuela,rappi,4.6,0.38,6.36,1.0
46086.0,9.0,COL,Medellín,18 BELLO,Desayunos de la Abuela,rappi,20.78,16.08,0.22,1.0
46086.0,9.0,COL,Medellín,11 MANILA,Desayunos de la Abuela,rappi,5.01,0.28,3.54,1.0
46086.0,9.0,COL,Medellín,14 ENVIGADO,Desayunos de la Abuela,rappi,19.08,0.83,0.71,1.0
46086.0,9.0,COL,Medellín,12 LAURELES,Desayunos de la Abuela,rappi,9.51,1.13,0.7,1.0
46086.0,9.0,COL,Medellín,12 LAURELES,Desayunos de la Abuela,rappi,15.06,10.95,1.95,1.0
46086.0,9.0,COL,Medellín,12 LAURELES,Desayunos de la Abuela,rappi,13.14,9.55,1.57,1.0
46086.0,9.0,COL,Medellín,12 LAURELES,Desayunos de la Abuela,rappi,17.17,13.13,2.29,1.0
46086.0,9.0,COL,Medellín,12 LAURELES,Desayunos de la Abuela,rappi,17.12,13.13,2.35,1.0
46086.0,9.0,COL,Medellín,11 MANILA,Desayunos de la Abuela,rappi,20.06,10.88,0.76,1.0
46086.0,9.0,COL,Medellín,29 ITAGUI,Desayunos de la Abuela,rappi,30.55,0.1,7.79,1.0
46086.0,9.0,COL,Medellín,11 MANILA,Desayunos de la Abuela,rappi,10.74,0.35,6.85,1.0
46086.0,9.0,COL,Medellín,12 LAURELES,Desayunos de la Abuela,rappi,10.86,6.58,0.86,1.0
46086.0,9.0,COL,Medellín,18 BELLO,Desayunos de la Abuela,rappi,19.67,15.35,0.53,1.0
46086.0,9.0,COL,Medellín,12 LAURELES,Desayunos de la Abuela,rappi,20.88,0.27,11.62,1.0
46086.0,9.0,COL,Medellín,18 BELLO,Desayunos de la Abuela,rappi,14.33,8.52,1.02,1.0
46086.0,9.0,COL,Medellín,14 ENVIGADO,Desayunos de la Abuela,rappi,9.63,3.88,1.1,1.0
46086.0,9.0,COL,Medellín,11 MANILA,Desayunos de la Abuela,rappi,10.18,0.38,13.03,1.0
46086.0,9.0,COL,Medellín,12 LAURELES,Desayunos de la Abuela,rappi,24.46,0.6,5.74,1.0
46086.0,9.0,COL,Medellín,11 MANILA,Desayunos de la Abuela,rappi,1.17,0.0,1.18,1.0
46086.0,9.0,COL,Medellín,12 LAURELES,Desayunos de la Abuela,rappi,17.67,23.48,12.15,1.0
46086.0,9.0,COL,Medellín,12 LAURELES,Desayunos de la Abuela,rappi,22.49,23.5,7.32,1.0
46086.0,9.0,COL,Medellín,12 LAURELES,Desayunos de la Abuela,rappi,28.95,23.48,0.85,1.0
46086.0,9.0,COL,Medellín,12 LAURELES,Desayunos de la Abuela,rappi,11.97,4.97,0.34,1.0
46086.0,9.0,COL,Medellín,18 BELLO,Desayunos de la Abuela,rappi,14.61,10.03,0.4,1.0
46086.0,9.0,COL,Medellín,11 MANILA,Desayunos de la Abuela,rappi,9.23,0.07,23.68,1.0
46086.0,10.0,COL,Medellín,11 MANILA,Desayunos de la Abuela,rappi,3.84,0.23,6.95,1.0
46086.0,10.0,COL,Medellín,12 LAURELES,Desayunos de la Abuela,rappi,18.97,24.97,11.0,1.0
46086.0,10.0,COL,Medellín,12 LAURELES,Desayunos de la Abuela,rappi,28.88,24.97,1.08,1.0
46086.0,10.0,COL,Medellín,14 ENVIGADO,Desayunos de la Abuela,rappi,7.21,0.13,0.8,1.0
46086.0,10.0,COL,Medellín,12 LAURELES,Desayunos de la Abuela,rappi,20.3,11.87,0.69,1.0
46086.0,10.0,COL,Medellín,29 ITAGUI,Desayunos de la Abuela,rappi,50.22,15.25,0.22,1.0
46086.0,10.0,COL,Medellín,12 LAURELES,Desayunos de la Abuela,rappi,17.05,12.8,0.8,1.0
46086.0,10.0,COL,Medellín,12 LAURELES,Desayunos de la Abuela,rappi,24.12,0.23,6.04,1.0
46086.0,10.0,COL,Medellín,11 MANILA,Desayunos de la Abuela,rappi,12.03,0.2,2.52,1.0
46086.0,10.0,COL,Medellín,12 LAURELES,Desayunos de la Abuela,rappi,17.0,11.98,0.39,1.0
46086.0,10.0,COL,Medellín,11 MANILA,Desayunos de la Abuela,rappi,7.94,0.17,24.88,1.0
46086.0,10.0,COL,Medellín,11 MANILA,Desayunos de la Abuela,rappi,8.1,0.18,1.97,1.0
46086.0,10.0,COL,Medellín,12 LAURELES,Desayunos de la Abuela,rappi,13.86,3.2,1.84,1.0
46086.0,10.0,COL,Medellín,11 MANILA,Desayunos de la Abuela,rappi,10.18,1.25,8.17,1.0
46086.0,10.0,COL,Medellín,14 ENVIGADO,Desayunos de la Abuela,rappi,12.7,8.2,1.2,1.0
46086.0,10.0,COL,Medellín,18 BELLO,Desayunos de la Abuela,rappi,16.27,9.55,0.82,1.0
46086.0,10.0,COL,Medellín,14 ENVIGADO,Desayunos de la Abuela,rappi,10.87,6.07,0.16,1.0
46086.0,10.0,COL,Medellín,12 LAURELES,Desayunos de la Abuela,rappi,8.37,0.0,1.0,
46086.0,10.0,COL,Medellín,12 LAURELES,Desayunos de la Abuela,rappi,8.89,4.73,1.2,1.0
46086.0,10.0,COL,Medellín,11 MANILA,Desayunos de la Abuela,rappi,1.84,1.28,6.54,1.0
46086.0,10.0,COL,Medellín,12 LAURELES,Desayunos de la Abuela,rappi,7.03,2.88,0.89,1.0
46086.0,10.0,COL,Medellín,14 ENVIGADO,Desayunos de la Abuela,rappi,20.13,15.63,2.05,1.0
46086.0,10.0,COL,Medellín,14 ENVIGADO,Desayunos de la Abuela,rappi,9.09,2.28,0.36,1.0
46086.0,11.0,COL,Medellín,12 LAURELES,Desayunos de la Abuela,rappi,7.94,3.57,0.77,1.0
46086.0,11.0,COL,Medellín,11 MANILA,Desayunos de la Abuela,rappi,10.77,0.23,15.44,1.0
46086.0,11.0,COL,Medellín,18 BELLO,Desayunos de la Abuela,rappi,19.65,15.35,0.53,1.0
46086.0,11.0,COL,Medellín,12 LAURELES,Desayunos de la Abuela,rappi,11.29,7.97,1.68,1.0
46086.0,11.0,COL,Medellín,29 ITAGUI,Desayunos de la Abuela,rappi,36.99,31.17,4.15,1.0
46086.0,11.0,COL,Medellín,11 MANILA,Desayunos de la Abuela,rappi,4.24,0.1,0.81,1.0
46086.0,11.0,COL,Medellín,18 BELLO,Desayunos de la Abuela,rappi,15.59,13.85,3.29,1.0
46086.0,11.0,COL,Medellín,14 ENVIGADO,Desayunos de la Abuela,rappi,11.05,6.5,0.24,1.0
46086.0,11.0,COL,Medellín,12 LAURELES,Desayunos de la Abuela,rappi,13.88,9.42,0.74,1.0
46086.0,11.0,COL,Medellín,12 LAURELES,Desayunos de la Abuela,rappi,15.95,9.37,1.96,1.0
46086.0,11.0,COL,Medellín,11 MANILA,Desayunos de la Abuela,rappi,6.56,0.85,26.35,1.0
46086.0,12.0,COL,Medellín,11 MANILA,Desayunos de la Abuela,rappi,5.11,0.53,12.88,1.0
46086.0,12.0,COL,Medellín,18 BELLO,Desayunos de la Abuela,rappi,19.32,7.27,0.73,1.0
46086.0,12.0,COL,Medellín,11 MANILA,Desayunos de la Abuela,rappi,8.03,0.18,1.73,1.0
46086.0,12.0,COL,Medellín,29 ITAGUI,Desayunos de la Abuela,rappi,55.97,33.2,1.36,1.0
46086.0,12.0,COL,Medellín,18 BELLO,Desayunos de la Abuela,rappi,0.0,,1.0,
46086.0,13.0,COL,Medellín,11 MANILA,Desayunos de la Abuela,rappi,7.86,0.33,12.43,1.0
46086.0,13.0,COL,Medellín,12 LAURELES,Desayunos de la Abuela,rappi,7.54,4.33,2.07,1.0
46086.0,13.0,COL,Medellín,12 LAURELES,Desayunos de la Abuela,rappi,11.01,4.88,0.26,1.0
46086.0,13.0,COL,Medellín,29 ITAGUI,Desayunos de la Abuela,rappi,21.78,14.15,0.35,1.0
46086.0,13.0,COL,Medellín,12 LAURELES,Desayunos de la Abuela,rappi,15.6,6.75,1.15,1.0
46086.0,13.0,COL,Medellín,12 LAURELES,Desayunos de la Abuela,rappi,13.22,0.67,8.77,1.0
46086.0,15.0,COL,Medellín,11 MANILA,Desayunos de la Abuela,rappi,5.11,0.5,6.54,1.0
46086.0,15.0,COL,Medellín,12 LAURELES,Desayunos de la Abuela,rappi,6.41,2.98,1.57,1.0
46086.0,16.0,COL,Medellín,12 LAURELES,Desayunos de la Abuela,rappi,6.63,0.38,23.36,1.0
46086.0,16.0,COL,Medellín,12 LAURELES,Desayunos de la Abuela,rappi,10.12,4.73,2.18,1.0
46086.0,18.0,COL,Medellín,14 ENVIGADO,Desayunos de la Abuela,rappi,14.71,2.92,1.09,1.0
46086.0,20.0,COL,Medellín,11 MANILA,Desayunos de la Abuela,rappi,6.27,0.22,4.06,1.0
46086.0,22.0,COL,Medellín,14 ENVIGADO,Desayunos de la Abuela,rappi,18.4,12.35,0.78,1.0
46086.0,23.0,COL,Medellín,14 ENVIGADO,Desayunos de la Abuela,rappi,12.65,8.98,1.33,1.0
46086.0,23.0,COL,Medellín,11 MANILA,Desayunos de la Abuela,rappi,18.04,1.97,7.86,1.0
46086.0,8.0,COL,Medellín,11 MANILA,Desayunos de la Abuela Turbo,rappi,4.84,0.0,0.13,1.0
46086.0,10.0,COL,Medellín,12 LAURELES,Desayunos de la Abuela Turbo,rappi,13.59,8.7,0.21,1.0
46086.0,10.0,COL,Medellín,11 MANILA,Desayunos de la Abuela Turbo,rappi,2.26,0.0,1.15,1.0
46086.0,10.0,COL,Medellín,12 LAURELES,Desayunos de la Abuela Turbo,rappi,14.58,9.7,0.22,1.0
46086.0,21.0,COL,Medellín,11 MANILA,Desayunos de la Abuela Turbo,rappi,7.22,2.58,0.11,1.0
46086.0,7.0,COL,Medellín,11 MANILA,Desayunos de mi Tierrita,didi,22.12,20.22,2.98,1.0
46086.0,8.0,COL,Medellín,14 ENVIGADO,Desayunos de mi Tierrita,didi,17.21,5.25,0.81,1.0
46086.0,17.0,COL,Medellín,14 ENVIGADO,Desayunos de mi Tierrita,didi,15.01,0.38,10.93,1.0
46086.0,9.0,COL,Medellín,11 MANILA,Desayunos mi Tierrita Turbo,rappi,8.27,10.22,6.85,1.0
46086.0,13.0,COL,Medellín,29 ITAGUI,Desgranados & Co,rappi,17.95,9.93,0.74,1.0
46086.0,15.0,COL,Medellín,18 BELLO,Desgranados & Co,rappi,10.75,0.6,12.9,1.0
46086.0,13.0,COL,Medellín,12 LAURELES,Desgranados & Co Turbo,rappi,3.37,0.0,0.69,1.0
46086.0,15.0,COL,Medellín,11 MANILA,Desgranados & Co Turbo,rappi,5.03,0.72,2.14,1.0
46086.0,17.0,COL,Medellín,12 LAURELES,Desgranados & Co Turbo,rappi,3.27,0.0,0.64,1.0
46086.0,17.0,COL,Medellín,11 MANILA,Desgranados & Co Turbo,rappi,6.06,1.5,0.62,1.0
46086.0,18.0,COL,Medellín,11 MANILA,Desgranados & Co Turbo,rappi,7.04,2.22,0.09,1.0
46086.0,19.0,COL,Medellín,11 MANILA,Desgranados & Co Turbo,rappi,7.18,2.87,0.73,1.0
46086.0,19.0,COL,Medellín,11 MANILA,Desgranados & Co Turbo,rappi,3.6,0.0,0.92,1.0
46086.0,19.0,COL,Medellín,11 MANILA,Desgranados & Co Turbo,rappi,5.06,0.6,0.68,1.0
46086.0,19.0,COL,Medellín,11 MANILA,Desgranados & Co Turbo,rappi,3.08,0.0,0.11,1.0
46086.0,20.0,COL,Medellín,11 MANILA,Desgranados & Co Turbo,rappi,5.01,0.18,0.09,1.0
46086.0,20.0,COL,Medellín,11 MANILA,Desgranados & Co Turbo,rappi,6.3,2.02,0.69,1.0
46086.0,21.0,COL,Medellín,11 MANILA,Desgranados & Co Turbo,rappi,8.28,3.78,0.57,1.0
46086.0,22.0,COL,Medellín,12 LAURELES,Desgranados & Co Turbo,rappi,5.71,0.32,14.02,1.0
46086.0,11.0,COL,Medellín,18 BELLO,El Ejecutivo,didi,32.84,27.83,0.27,1.0
46086.0,13.0,COL,Medellín,11 MANILA,El Ejecutivo,didi,4.35,7.52,7.94,1.0
46086.0,13.0,COL,Medellín,18 BELLO,El Ejecutivo,didi,21.76,3.13,4.94,1.0
46086.0,15.0,COL,Medellín,12 LAURELES,El Ejecutivo,didi,5.84,0.0,1.0,
46086.0,17.0,COL,Medellín,14 ENVIGADO,El Ejecutivo,didi,9.6,2.63,4.39,1.0
46086.0,19.0,COL,Medellín,29 ITAGUI,El Ejecutivo,didi,10.35,4.48,0.63,1.0
46086.0,12.0,COL,Medellín,12 LAURELES,El Ejecutivo,rappi,14.84,7.08,0.78,1.0
46086.0,14.0,COL,Medellín,18 BELLO,El Ejecutivo,rappi,24.11,13.58,1.19,1.0
46086.0,14.0,COL,Medellín,12 LAURELES,El Ejecutivo,rappi,6.01,2.08,1.04,1.0
46086.0,14.0,COL,Medellín,11 MANILA,El Ejecutivo Turbo,rappi,8.19,3.68,0.23,1.0
46086.0,14.0,COL,Medellín,11 MANILA,El Jefe Turbo,rappi,4.75,0.0,0.19,1.0
46086.0,16.0,COL,Medellín,11 MANILA,El Jefe Turbo,rappi,5.66,0.85,0.24,1.0
46086.0,15.0,COL,Medellín,29 ITAGUI,Foodhub,didi,15.5,9.68,0.77,1.0
46086.0,18.0,COL,Medellín,18 BELLO,Foodhub,didi,11.81,7.8,1.13,1.0
46086.0,20.0,COL,Medellín,29 ITAGUI,Foodhub,didi,7.38,2.8,0.09,1.0
46086.0,10.0,COL,Medellín,29 ITAGUI,Foodhub,rappi,40.67,32.75,0.23,1.0
46086.0,12.0,COL,Medellín,14 ENVIGADO,Foodology,didi,11.56,6.42,2.04,1.0
46086.0,20.0,COL,Medellín,18 BELLO,Foodology,didi,8.91,4.28,0.25,1.0
46086.0,23.0,COL,Medellín,11 MANILA,Foodology,didi,9.55,,11.99,1.0
46086.0,6.0,COL,Medellín,14 ENVIGADO,Foodology,rappi,22.05,1.83,31.71,1.0
46086.0,7.0,COL,Medellín,14 ENVIGADO,Foodology,rappi,11.8,0.42,1.18,1.0
46086.0,17.0,COL,Medellín,18 BELLO,Foodology,rappi,18.73,0.28,6.1,1.0
46086.0,21.0,COL,Medellín,11 MANILA,Foodology Court Turbo,rappi,1.35,,4.77,1.0
46086.0,18.0,COL,Medellín,12 LAURELES,Frost by Oreo,didi,0.58,,12.37,1.0
46086.0,20.0,COL,Medellín,18 BELLO,Frost by Oreo,didi,1.15,,13.77,1.0
46086.0,16.0,COL,Medellín,29 ITAGUI,Frost by Oreo,rappi,0.57,,15.94,1.0
46086.0,17.0,COL,Medellín,11 MANILA,Frost by Oreo,rappi,0.52,,9.56,1.0
46086.0,13.0,COL,Medellín,11 MANILA,Frost By Oreo Turbo,rappi,0.0,,1.24,1.0
46086.0,14.0,COL,Medellín,11 MANILA,Frost By Oreo Turbo,rappi,0.0,,4.04,1.0
46086.0,14.0,COL,Medellín,11 MANILA,Frost By Oreo Turbo,rappi,0.0,,0.1,1.0
46086.0,21.0,COL,Medellín,12 LAURELES,Frost By Oreo Turbo,rappi,0.0,,0.11,1.0
46086.0,21.0,COL,Medellín,12 LAURELES,Frost By Oreo Turbo,rappi,0.0,,2.77,1.0
46086.0,21.0,COL,Medellín,11 MANILA,Frost By Oreo Turbo,rappi,0.0,,0.22,1.0
46086.0,21.0,COL,Medellín,11 MANILA,Frost By Oreo Turbo,rappi,0.0,,0.08,1.0
46086.0,21.0,COL,Medellín,11 MANILA,Frost By Oreo Turbo,rappi,0.0,,0.28,1.0
46086.0,21.0,COL,Medellín,12 LAURELES,Frost By Oreo Turbo,rappi,4.45,,0.09,1.0
46086.0,22.0,COL,Medellín,12 LAURELES,Frost By Oreo Turbo,rappi,0.0,,2.58,1.0
46086.0,11.0,COL,Medellín,12 LAURELES,Green House,didi,15.32,8.98,0.73,1.0
46086.0,11.0,COL,Medellín,14 ENVIGADO,Green House,didi,12.95,8.52,0.75,1.0
46086.0,11.0,COL,Medellín,29 ITAGUI,Green House,didi,35.03,17.78,0.12,1.0
46086.0,11.0,COL,Medellín,12 LAURELES,Green House,didi,19.77,13.23,0.79,1.0
46086.0,11.0,COL,Medellín,12 LAURELES,Green House,didi,14.84,10.35,0.76,1.0
46086.0,12.0,COL,Medellín,12 LAURELES,Green House,didi,12.01,12.25,5.12,1.0
46086.0,12.0,COL,Medellín,12 LAURELES,Green House,didi,10.97,0.18,14.75,1.0
46086.0,12.0,COL,Medellín,18 BELLO,Green House,didi,16.04,3.85,0.81,1.0
46086.0,12.0,COL,Medellín,18 BELLO,Green House,didi,28.27,12.57,0.63,1.0
46086.0,12.0,COL,Medellín,29 ITAGUI,Green House,didi,34.83,22.47,41.8,1.0
46086.0,12.0,COL,Medellín,14 ENVIGADO,Green House,didi,15.22,3.42,6.98,1.0
46086.0,12.0,COL,Medellín,12 LAURELES,Green House,didi,16.27,5.77,1.55,1.0
46086.0,13.0,COL,Medellín,11 MANILA,Green House,didi,5.3,1.63,1.07,1.0
46086.0,13.0,COL,Medellín,29 ITAGUI,Green House,didi,17.4,0.65,3.83,1.0
46086.0,13.0,COL,Medellín,14 ENVIGADO,Green House,didi,10.07,4.38,4.21,1.0
46086.0,14.0,COL,Medellín,11 MANILA,Green House,didi,3.83,0.92,2.1,1.0
46086.0,14.0,COL,Medellín,18 BELLO,Green House,didi,16.46,7.67,1.04,1.0
46086.0,14.0,COL,Medellín,12 LAURELES,Green House,didi,19.07,6.42,0.81,1.0
46086.0,14.0,COL,Medellín,18 BELLO,Green House,didi,13.12,1.12,2.91,1.0
46086.0,14.0,COL,Medellín,12 LAURELES,Green House,didi,9.76,10.82,6.11,1.0
46086.0,14.0,COL,Medellín,12 LAURELES,Green House,didi,5.27,1.12,5.94,1.0
46086.0,15.0,COL,Medellín,29 ITAGUI,Green House,didi,17.03,3.72,0.72,1.0
46086.0,15.0,COL,Medellín,14 ENVIGADO,Green House,didi,9.8,4.75,0.43,1.0
46086.0,15.0,COL,Medellín,18 BELLO,Green House,didi,19.0,3.17,2.25,1.0
46086.0,15.0,COL,Medellín,18 BELLO,Green House,didi,20.29,10.83,0.11,1.0
46086.0,15.0,COL,Medellín,18 BELLO,Green House,didi,15.87,1.98,19.01,1.0
46086.0,16.0,COL,Medellín,11 MANILA,Green House,didi,11.11,3.17,0.23,1.0
46086.0,17.0,COL,Medellín,18 BELLO,Green House,didi,19.76,7.22,0.34,1.0
46086.0,17.0,COL,Medellín,14 ENVIGADO,Green House,didi,13.94,1.9,0.94,1.0
46086.0,17.0,COL,Medellín,12 LAURELES,Green House,didi,4.83,0.48,5.14,1.0
46086.0,17.0,COL,Medellín,12 LAURELES,Green House,didi,4.09,0.0,0.72,1.0
46086.0,17.0,COL,Medellín,14 ENVIGADO,Green House,didi,8.79,3.07,7.25,1.0
46086.0,17.0,COL,Medellín,12 LAURELES,Green House,didi,7.8,2.68,0.3,1.0
46086.0,17.0,COL,Medellín,14 ENVIGADO,Green House,didi,15.0,0.68,0.39,1.0
46086.0,17.0,COL,Medellín,29 ITAGUI,Green House,didi,10.08,5.07,0.69,1.0
46086.0,18.0,COL,Medellín,14 ENVIGADO,Green House,didi,16.28,3.67,12.17,1.0
46086.0,18.0,COL,Medellín,11 MANILA,Green House,didi,14.53,10.23,0.61,1.0
46086.0,18.0,COL,Medellín,14 ENVIGADO,Green House,didi,12.18,1.57,0.64,1.0
46086.0,18.0,COL,Medellín,12 LAURELES,Green House,didi,5.74,1.05,0.27,1.0
46086.0,19.0,COL,Medellín,12 LAURELES,Green House,didi,20.79,15.13,0.29,1.0
46086.0,19.0,COL,Medellín,12 LAURELES,Green House,didi,12.59,10.65,3.19,1.0
46086.0,20.0,COL,Medellín,11 MANILA,Green House,didi,18.28,13.95,0.68,1.0
46086.0,20.0,COL,Medellín,12 LAURELES,Green House,didi,6.72,1.1,2.19,1.0
46086.0,20.0,COL,Medellín,12 LAURELES,Green House,didi,5.76,3.15,7.15,1.0
46086.0,20.0,COL,Medellín,14 ENVIGADO,Green House,didi,10.43,0.62,7.13,1.0
46086.0,22.0,COL,Medellín,11 MANILA,Green House,didi,5.95,1.13,0.11,1.0
46086.0,22.0,COL,Medellín,11 MANILA,Green House,didi,8.65,0.32,17.81,1.0
46086.0,11.0,COL,Medellín,12 LAURELES,Green House,rappi,12.79,6.95,2.21,1.0
46086.0,11.0,COL,Medellín,14 ENVIGADO,Green House,rappi,20.51,12.63,1.0,1.0
46086.0,11.0,COL,Medellín,18 BELLO,Green House,rappi,19.97,14.52,0.78,1.0
46086.0,11.0,COL,Medellín,18 BELLO,Green House,rappi,15.4,11.1,0.64,1.0
46086.0,11.0,COL,Medellín,11 MANILA,Green House,rappi,8.82,0.0,1.0,
46086.0,11.0,COL,Medellín,18 BELLO,Green House,rappi,20.47,11.45,0.69,1.0
46086.0,11.0,COL,Medellín,18 BELLO,Green House,rappi,21.93,12.95,0.92,1.0
46086.0,12.0,COL,Medellín,14 ENVIGADO,Green House,rappi,8.73,3.75,0.1,1.0
46086.0,12.0,COL,Medellín,29 ITAGUI,Green House,rappi,42.27,12.93,0.85,1.0
46086.0,12.0,COL,Medellín,12 LAURELES,Green House,rappi,8.81,5.27,1.74,1.0
46086.0,12.0,COL,Medellín,12 LAURELES,Green House,rappi,16.13,1.28,0.75,1.0
46086.0,12.0,COL,Medellín,12 LAURELES,Green House,rappi,13.99,0.72,44.15,1.0
46086.0,12.0,COL,Medellín,12 LAURELES,Green House,rappi,14.05,9.82,0.83,1.0
46086.0,13.0,COL,Medellín,12 LAURELES,Green House,rappi,4.87,0.78,18.89,1.0
46086.0,13.0,COL,Medellín,12 LAURELES,Green House,rappi,11.02,0.42,14.85,1.0
46086.0,13.0,COL,Medellín,18 BELLO,Green House,rappi,21.51,1.55,3.46,1.0
46086.0,13.0,COL,Medellín,12 LAURELES,Green House,rappi,18.01,11.33,0.33,1.0
46086.0,13.0,COL,Medellín,12 LAURELES,Green House,rappi,18.73,17.77,5.39,1.0
46086.0,14.0,COL,Medellín,12 LAURELES,Green House,rappi,20.34,0.52,12.5,1.0
46086.0,14.0,COL,Medellín,12 LAURELES,Green House,rappi,5.91,0.68,10.04,1.0
46086.0,14.0,COL,Medellín,12 LAURELES,Green House,rappi,15.53,11.27,1.44,1.0
46086.0,15.0,COL,Medellín,14 ENVIGADO,Green House,rappi,12.11,0.47,18.06,1.0
46086.0,18.0,COL,Medellín,12 LAURELES,Green House,rappi,2.34,0.97,17.0,1.0
46086.0,18.0,COL,Medellín,14 ENVIGADO,Green House,rappi,4.36,0.13,0.72,1.0
46086.0,19.0,COL,Medellín,11 MANILA,Green House,rappi,29.15,0.7,11.65,1.0
46086.0,20.0,COL,Medellín,14 ENVIGADO,Green House,rappi,9.52,0.63,1.92,1.0
46086.0,20.0,COL,Medellín,14 ENVIGADO,Green House,rappi,8.84,5.02,1.15,1.0
46086.0,20.0,COL,Medellín,12 LAURELES,Green House,rappi,9.99,6.03,1.15,1.0
46086.0,20.0,COL,Medellín,12 LAURELES,Green House,rappi,7.05,0.55,7.76,1.0
46086.0,21.0,COL,Medellín,12 LAURELES,Green House,rappi,17.2,19.4,7.83,1.0
46086.0,21.0,COL,Medellín,12 LAURELES,Green House,rappi,6.38,0.35,3.89,1.0
46086.0,21.0,COL,Medellín,11 MANILA,Green House,rappi,12.43,0.0,16.86,1.0
46086.0,22.0,COL,Medellín,11 MANILA,Green House,rappi,10.02,0.28,1.05,1.0
46086.0,22.0,COL,Medellín,11 MANILA,Green House,rappi,9.29,0.4,8.73,1.0
46086.0,22.0,COL,Medellín,11 MANILA,Green House,rappi,9.04,0.27,28.05,1.0
46086.0,23.0,COL,Medellín,14 ENVIGADO,Green House,rappi,14.13,0.97,0.31,1.0
46086.0,12.0,COL,Medellín,12 LAURELES,Green House Turbo,rappi,17.05,12.98,0.91,1.0
46086.0,13.0,COL,Medellín,12 LAURELES,Green House Turbo,rappi,3.78,0.07,1.65,1.0
46086.0,14.0,COL,Medellín,12 LAURELES,Green House Turbo,rappi,14.75,9.72,0.47,1.0
46086.0,14.0,COL,Medellín,12 LAURELES,Green House Turbo,rappi,4.39,0.28,0.77,1.0
46086.0,14.0,COL,Medellín,12 LAURELES,Green House Turbo,rappi,6.11,2.23,1.01,1.0
46086.0,16.0,COL,Medellín,12 LAURELES,Green House Turbo,rappi,4.69,0.9,1.4,1.0
46086.0,17.0,COL,Medellín,12 LAURELES,Green House Turbo,rappi,1.9,0.0,2.73,1.0
46086.0,17.0,COL,Medellín,12 LAURELES,Green House Turbo,rappi,4.44,0.37,0.77,1.0
46086.0,18.0,COL,Medellín,12 LAURELES,Green House Turbo,rappi,5.95,1.77,0.87,1.0
46086.0,18.0,COL,Medellín,12 LAURELES,Green House Turbo,rappi,5.14,2.0,1.85,1.0
46086.0,18.0,COL,Medellín,12 LAURELES,Green House Turbo,rappi,1.93,0.0,2.05,1.0
46086.0,19.0,COL,Medellín,12 LAURELES,Green House Turbo,rappi,7.92,3.0,0.05,1.0
46086.0,20.0,COL,Medellín,12 LAURELES,Green House Turbo,rappi,2.79,0.0,1.01,1.0
46086.0,20.0,COL,Medellín,12 LAURELES,Green House Turbo,rappi,8.49,3.68,0.29,1.0
46086.0,20.0,COL,Medellín,12 LAURELES,Green House Turbo,rappi,9.85,4.97,0.1,1.0
46086.0,15.0,COL,Medellín,11 MANILA,Honest Food,didi,6.11,0.78,12.09,1.0
46086.0,13.0,COL,Medellín,12 LAURELES,Honest Food,rappi,5.99,0.22,12.27,1.0
46086.0,14.0,COL,Medellín,14 ENVIGADO,Honest Food,rappi,10.04,0.65,7.17,1.0
46086.0,16.0,COL,Medellín,11 MANILA,Honest Food,rappi,8.08,3.7,0.73,1.0
46086.0,16.0,COL,Medellín,11 MANILA,Honest Food,rappi,14.65,3.92,0.95,1.0
46086.0,19.0,COL,Medellín,12 LAURELES,Honest Food,rappi,7.21,0.52,28.0,1.0
46086.0,22.0,COL,Medellín,11 MANILA,Honest Food,rappi,11.91,0.2,12.83,1.0
46086.0,22.0,COL,Medellín,12 LAURELES,Honest Food,rappi,10.67,5.2,0.2,1.0
46086.0,23.0,COL,Medellín,12 LAURELES,Honest Food,rappi,3.1,0.4,8.69,1.0
46086.0,18.0,COL,Medellín,12 LAURELES,Honest Food Turbo,rappi,4.04,0.0,0.8,1.0
46086.0,18.0,COL,Medellín,11 MANILA,Honest Food Turbo,rappi,4.95,0.35,0.64,1.0
46086.0,19.0,COL,Medellín,11 MANILA,Honest Food Turbo,rappi,6.57,1.5,0.1,1.0
46086.0,19.0,COL,Medellín,12 LAURELES,Honest Food Turbo,rappi,4.2,0.1,1.19,1.0
46086.0,19.0,COL,Medellín,12 LAURELES,Honest Food Turbo,rappi,4.22,1.67,2.9,1.0
46086.0,19.0,COL,Medellín,11 MANILA,Honest Food Turbo,rappi,0.0,,1.32,1.0
46086.0,20.0,COL,Medellín,12 LAURELES,Honest Food Turbo,rappi,5.57,0.88,0.34,1.0
46086.0,20.0,COL,Medellín,11 MANILA,Honest Food Turbo,rappi,3.75,0.07,1.31,1.0
46086.0,22.0,COL,Medellín,12 LAURELES,Honest Food Turbo,rappi,6.01,0.38,3.64,1.0
46086.0,21.0,COL,Medellín,11 MANILA,House Of Burgers Turbo,rappi,5.46,1.52,0.83,1.0
46086.0,12.0,COL,Medellín,12 LAURELES,House of Salads,didi,3.72,0.0,0.93,1.0
46086.0,12.0,COL,Medellín,29 ITAGUI,House of Salads,didi,37.83,30.03,0.93,1.0
46086.0,13.0,COL,Medellín,12 LAURELES,House of Salads,didi,9.03,4.57,0.29,1.0
46086.0,16.0,COL,Medellín,12 LAURELES,House of Salads,didi,4.47,0.0,0.43,1.0
46086.0,21.0,COL,Medellín,12 LAURELES,House of Salads,didi,12.26,3.18,0.21,1.0
46086.0,12.0,COL,Medellín,12 LAURELES,House of Salads,rappi,13.27,1.25,2.6,1.0
46086.0,15.0,COL,Medellín,12 LAURELES,House of Salads,rappi,7.88,0.22,0.19,1.0
46086.0,15.0,COL,Medellín,11 MANILA,House of Salads,rappi,10.64,3.5,0.36,1.0
46086.0,19.0,COL,Medellín,14 ENVIGADO,House of Salads,rappi,19.29,14.77,0.91,1.0
46086.0,20.0,COL,Medellín,12 LAURELES,House of Salads,rappi,14.91,1.75,1.07,1.0
46086.0,21.0,COL,Medellín,14 ENVIGADO,House of Salads,rappi,15.37,7.97,0.86,1.0
46086.0,23.0,COL,Medellín,11 MANILA,House of Salads,rappi,8.32,3.68,0.08,1.0
46086.0,13.0,COL,Medellín,12 LAURELES,House of Salads Turbo,rappi,8.0,3.37,0.28,1.0
46086.0,19.0,COL,Medellín,11 MANILA,House of Salads Turbo,rappi,7.87,3.12,0.18,1.0
46086.0,20.0,COL,Medellín,11 MANILA,House of Salads Turbo,rappi,6.34,1.93,0.61,1.0
46086.0,20.0,COL,Medellín,11 MANILA,House of Salads Turbo,rappi,4.64,0.0,0.08,1.0
46086.0,20.0,COL,Medellín,12 LAURELES,House of Salads Turbo,rappi,8.94,4.4,0.28,1.0
46086.0,11.0,COL,Medellín,11 MANILA,La Casa Mexicana,didi,9.01,4.77,0.84,1.0
46086.0,12.0,COL,Medellín,11 MANILA,La Casa Mexicana,didi,3.18,0.25,1.95,1.0
46086.0,12.0,COL,Medellín,14 ENVIGADO,La Casa Mexicana,didi,9.11,5.75,1.32,1.0
46086.0,12.0,COL,Medellín,12 LAURELES,La Casa Mexicana,didi,17.03,12.58,0.31,1.0
46086.0,12.0,COL,Medellín,14 ENVIGADO,La Casa Mexicana,didi,20.67,1.65,0.77,1.0
46086.0,13.0,COL,Medellín,14 ENVIGADO,La Casa Mexicana,didi,9.0,1.12,6.0,1.0
46086.0,13.0,COL,Medellín,12 LAURELES,La Casa Mexicana,didi,7.87,6.62,3.88,1.0
46086.0,13.0,COL,Medellín,29 ITAGUI,La Casa Mexicana,didi,26.53,21.67,0.25,1.0
46086.0,13.0,COL,Medellín,18 BELLO,La Casa Mexicana,didi,17.23,8.02,1.01,1.0
46086.0,13.0,COL,Medellín,18 BELLO,La Casa Mexicana,didi,15.05,6.47,1.92,1.0
46086.0,13.0,COL,Medellín,11 MANILA,La Casa Mexicana,didi,1.44,5.77,9.0,1.0
46086.0,14.0,COL,Medellín,18 BELLO,La Casa Mexicana,didi,15.18,6.72,0.27,1.0
46086.0,14.0,COL,Medellín,18 BELLO,La Casa Mexicana,didi,28.38,16.17,0.89,1.0
46086.0,15.0,COL,Medellín,11 MANILA,La Casa Mexicana,didi,11.69,7.32,0.89,1.0
46086.0,15.0,COL,Medellín,11 MANILA,La Casa Mexicana,didi,3.9,0.55,6.27,1.0
46086.0,15.0,COL,Medellín,14 ENVIGADO,La Casa Mexicana,didi,6.14,1.3,17.94,1.0
46086.0,16.0,COL,Medellín,18 BELLO,La Casa Mexicana,didi,13.01,3.72,6.19,1.0
46086.0,16.0,COL,Medellín,11 MANILA,La Casa Mexicana,didi,5.04,7.03,40.13,1.0
46086.0,16.0,COL,Medellín,18 BELLO,La Casa Mexicana,didi,19.76,3.92,10.83,1.0
46086.0,17.0,COL,Medellín,29 ITAGUI,La Casa Mexicana,didi,15.16,8.75,0.23,1.0
46086.0,18.0,COL,Medellín,12 LAURELES,La Casa Mexicana,didi,4.08,0.28,1.08,1.0
46086.0,18.0,COL,Medellín,12 LAURELES,La Casa Mexicana,didi,4.46,6.23,6.67,1.0
46086.0,19.0,COL,Medellín,12 LAURELES,La Casa Mexicana,didi,10.18,5.92,0.76,1.0
46086.0,19.0,COL,Medellín,29 ITAGUI,La Casa Mexicana,didi,22.85,13.42,0.13,1.0
46086.0,19.0,COL,Medellín,14 ENVIGADO,La Casa Mexicana,didi,12.88,2.82,1.01,1.0
46086.0,19.0,COL,Medellín,12 LAURELES,La Casa Mexicana,didi,19.92,15.27,0.25,1.0
46086.0,19.0,COL,Medellín,12 LAURELES,La Casa Mexicana,didi,8.22,1.4,0.6,1.0
46086.0,19.0,COL,Medellín,12 LAURELES,La Casa Mexicana,didi,7.5,3.83,0.98,1.0
46086.0,20.0,COL,Medellín,11 MANILA,La Casa Mexicana,didi,8.94,6.33,2.64,1.0
46086.0,20.0,COL,Medellín,18 BELLO,La Casa Mexicana,didi,24.82,8.45,1.04,1.0
46086.0,20.0,COL,Medellín,14 ENVIGADO,La Casa Mexicana,didi,6.69,0.58,1.27,1.0
46086.0,20.0,COL,Medellín,14 ENVIGADO,La Casa Mexicana,didi,3.95,2.53,3.75,1.0
46086.0,20.0,COL,Medellín,14 ENVIGADO,La Casa Mexicana,didi,7.9,6.03,3.1,1.0
46086.0,21.0,COL,Medellín,14 ENVIGADO,La Casa Mexicana,didi,8.08,4.03,0.98,1.0
46086.0,21.0,COL,Medellín,12 LAURELES,La Casa Mexicana,didi,23.16,18.95,0.79,1.0
46086.0,21.0,COL,Medellín,14 ENVIGADO,La Casa Mexicana,didi,9.98,5.93,0.96,1.0
46086.0,21.0,COL,Medellín,12 LAURELES,La Casa Mexicana,didi,22.13,16.3,0.7,1.0
46086.0,21.0,COL,Medellín,11 MANILA,La Casa Mexicana,didi,16.1,8.0,0.17,1.0
46086.0,22.0,COL,Medellín,14 ENVIGADO,La Casa Mexicana,didi,4.18,0.0,0.68,1.0
46086.0,22.0,COL,Medellín,14 ENVIGADO,La Casa Mexicana,didi,8.11,4.0,0.87,1.0
46086.0,22.0,COL,Medellín,12 LAURELES,La Casa Mexicana,didi,7.09,2.68,0.7,1.0
46086.0,22.0,COL,Medellín,14 ENVIGADO,La Casa Mexicana,didi,10.07,6.25,1.07,1.0
46086.0,22.0,COL,Medellín,14 ENVIGADO,La Casa Mexicana,didi,9.32,3.13,1.08,1.0
46086.0,23.0,COL,Medellín,14 ENVIGADO,La Casa Mexicana,didi,17.84,0.78,4.1,1.0
46086.0,23.0,COL,Medellín,11 MANILA,La Casa Mexicana,didi,16.03,0.43,0.85,1.0
46086.0,12.0,COL,Medellín,18 BELLO,La Casa Mexicana,rappi,34.49,27.07,0.24,1.0
46086.0,12.0,COL,Medellín,12 LAURELES,La Casa Mexicana,rappi,8.98,0.72,11.08,1.0
46086.0,14.0,COL,Medellín,11 MANILA,La Casa Mexicana,rappi,12.7,8.4,0.93,1.0
46086.0,14.0,COL,Medellín,12 LAURELES,La Casa Mexicana,rappi,9.31,6.07,1.71,1.0
46086.0,18.0,COL,Medellín,11 MANILA,La Casa Mexicana,rappi,7.24,0.95,1.8,1.0
46086.0,18.0,COL,Medellín,18 BELLO,La Casa Mexicana,rappi,10.0,5.85,0.91,1.0
46086.0,19.0,COL,Medellín,29 ITAGUI,La Casa Mexicana,rappi,11.3,4.12,3.06,1.0
46086.0,18.0,COL,Medellín,11 MANILA,La Casa Mexicana Turbo,rappi,4.24,0.0,0.69,1.0
46086.0,19.0,COL,Medellín,11 MANILA,La Casa Mexicana Turbo,rappi,4.99,0.62,0.37,1.0
46086.0,20.0,COL,Medellín,11 MANILA,La Casa Mexicana Turbo,rappi,4.61,0.0,0.11,1.0
46086.0,21.0,COL,Medellín,12 LAURELES,La Casa Mexicana Turbo,rappi,4.81,0.18,0.26,1.0
46086.0,21.0,COL,Medellín,12 LAURELES,La Casa Mexicana Turbo,rappi,10.26,6.18,0.84,1.0
46086.0,12.0,COL,Medellín,12 LAURELES,La Cuadra,didi,10.2,3.1,0.86,1.0
46086.0,12.0,COL,Medellín,12 LAURELES,La Cuadra,didi,8.9,1.75,0.8,1.0
46086.0,12.0,COL,Medellín,18 BELLO,La Cuadra,didi,20.69,7.0,0.36,1.0
46086.0,13.0,COL,Medellín,11 MANILA,La Cuadra,didi,4.76,5.35,5.84,1.0
46086.0,13.0,COL,Medellín,11 MANILA,La Cuadra,didi,5.85,2.2,1.25,1.0
46086.0,13.0,COL,Medellín,18 BELLO,La Cuadra,didi,25.4,2.7,0.05,1.0
46086.0,14.0,COL,Medellín,14 ENVIGADO,La Cuadra,didi,8.02,1.52,8.11,1.0
46086.0,14.0,COL,Medellín,12 LAURELES,La Cuadra,didi,7.79,8.5,5.89,1.0
46086.0,14.0,COL,Medellín,29 ITAGUI,La Cuadra,didi,8.67,4.63,1.09,1.0
46086.0,15.0,COL,Medellín,11 MANILA,La Cuadra,didi,5.94,4.9,3.99,1.0
46086.0,17.0,COL,Medellín,11 MANILA,La Cuadra,didi,5.55,8.5,7.72,1.0
46086.0,17.0,COL,Medellín,12 LAURELES,La Cuadra,didi,2.96,2.28,5.11,1.0
46086.0,20.0,COL,Medellín,14 ENVIGADO,La Cuadra,didi,8.29,4.2,0.81,1.0
46086.0,20.0,COL,Medellín,11 MANILA,La Cuadra,didi,8.0,1.47,0.67,1.0
46086.0,22.0,COL,Medellín,12 LAURELES,La Cuadra,didi,4.35,3.43,9.83,1.0
46086.0,22.0,COL,Medellín,11 MANILA,La Cuadra,didi,1.45,,11.89,1.0
46086.0,11.0,COL,Medellín,11 MANILA,La Cuadra,rappi,3.19,0.12,20.79,1.0
46086.0,11.0,COL,Medellín,11 MANILA,La Cuadra,rappi,7.77,1.73,0.24,1.0
46086.0,12.0,COL,Medellín,12 LAURELES,La Cuadra,rappi,13.82,6.48,1.26,1.0
46086.0,12.0,COL,Medellín,29 ITAGUI,La Cuadra,rappi,36.93,29.47,0.46,1.0
46086.0,12.0,COL,Medellín,14 ENVIGADO,La Cuadra,rappi,6.0,0.38,35.9,1.0
46086.0,13.0,COL,Medellín,14 ENVIGADO,La Cuadra,rappi,12.81,0.15,9.88,1.0
46086.0,13.0,COL,Medellín,14 ENVIGADO,La Cuadra,rappi,6.14,0.9,34.26,1.0
46086.0,13.0,COL,Medellín,11 MANILA,La Cuadra,rappi,7.13,0.57,99.93,1.0
46086.0,13.0,COL,Medellín,14 ENVIGADO,La Cuadra,rappi,7.87,0.9,30.07,1.0
46086.0,13.0,COL,Medellín,12 LAURELES,La Cuadra,rappi,5.68,0.47,11.32,1.0
46086.0,13.0,COL,Medellín,12 LAURELES,La Cuadra,rappi,17.78,0.35,55.29,1.0
46086.0,14.0,COL,Medellín,12 LAURELES,La Cuadra,rappi,19.8,0.4,52.92,1.0
46086.0,14.0,COL,Medellín,29 ITAGUI,La Cuadra,rappi,10.93,0.4,15.3,1.0
46086.0,14.0,COL,Medellín,12 LAURELES,La Cuadra,rappi,0.0,,1.0,
46086.0,14.0,COL,Medellín,18 BELLO,La Cuadra,rappi,15.01,1.02,0.39,1.0
46086.0,15.0,COL,Medellín,11 MANILA,La Cuadra,rappi,7.69,0.22,13.33,1.0
46086.0,16.0,COL,Medellín,11 MANILA,La Cuadra,rappi,7.74,0.27,13.79,1.0
46086.0,16.0,COL,Medellín,29 ITAGUI,La Cuadra,rappi,8.98,2.03,2.36,1.0
46086.0,17.0,COL,Medellín,18 BELLO,La Cuadra,rappi,14.29,1.78,0.06,1.0
46086.0,17.0,COL,Medellín,29 ITAGUI,La Cuadra,rappi,10.68,0.5,3.09,1.0
46086.0,19.0,COL,Medellín,29 ITAGUI,La Cuadra,rappi,7.97,3.25,0.55,1.0
46086.0,20.0,COL,Medellín,11 MANILA,La Cuadra,rappi,5.02,0.45,2.81,1.0
46086.0,20.0,COL,Medellín,14 ENVIGADO,La Cuadra,rappi,12.94,0.17,54.34,1.0
46086.0,22.0,COL,Medellín,12 LAURELES,La Cuadra,rappi,9.22,0.48,8.64,1.0
46086.0,22.0,COL,Medellín,12 LAURELES,La Cuadra,rappi,7.3,0.18,12.86,1.0
46086.0,23.0,COL,Medellín,11 MANILA,La Cuadra,rappi,15.67,0.17,28.22,1.0
46086.0,7.0,COL,Medellín,12 LAURELES,La Cuadra Desayunos,rappi,15.11,0.22,21.16,1.0
46086.0,11.0,COL,Medellín,11 MANILA,La Cuadra Turbo,rappi,5.68,0.72,0.9,1.0
46086.0,12.0,COL,Medellín,11 MANILA,La Cuadra Turbo,rappi,5.91,1.13,0.15,1.0
46086.0,12.0,COL,Medellín,12 LAURELES,La Cuadra Turbo,rappi,8.81,4.33,0.37,1.0
46086.0,12.0,COL,Medellín,12 LAURELES,La Cuadra Turbo,rappi,14.75,9.25,0.23,1.0
46086.0,13.0,COL,Medellín,12 LAURELES,La Cuadra Turbo,rappi,5.69,1.2,0.41,1.0
46086.0,13.0,COL,Medellín,11 MANILA,La Cuadra Turbo,rappi,2.84,0.0,0.2,1.0
46086.0,13.0,COL,Medellín,12 LAURELES,La Cuadra Turbo,rappi,4.4,0.7,1.96,1.0
46086.0,13.0,COL,Medellín,11 MANILA,La Cuadra Turbo,rappi,2.79,0.0,0.26,1.0
46086.0,14.0,COL,Medellín,11 MANILA,La Cuadra Turbo,rappi,2.53,0.0,0.84,1.0
46086.0,14.0,COL,Medellín,11 MANILA,La Cuadra Turbo,rappi,4.92,0.37,0.29,1.0
46086.0,15.0,COL,Medellín,11 MANILA,La Cuadra Turbo,rappi,2.89,0.8,2.97,1.0
46086.0,15.0,COL,Medellín,11 MANILA,La Cuadra Turbo,rappi,5.96,1.47,0.3,1.0
46086.0,16.0,COL,Medellín,12 LAURELES,La Cuadra Turbo,rappi,5.9,1.32,1.21,1.0
46086.0,16.0,COL,Medellín,11 MANILA,La Cuadra Turbo,rappi,4.49,0.22,0.63,1.0
46086.0,18.0,COL,Medellín,12 LAURELES,La Cuadra Turbo,rappi,2.91,0.0,0.54,1.0
46086.0,18.0,COL,Medellín,12 LAURELES,La Cuadra Turbo,rappi,5.04,0.9,0.88,1.0
46086.0,18.0,COL,Medellín,12 LAURELES,La Cuadra Turbo,rappi,3.72,0.0,0.18,1.0
46086.0,18.0,COL,Medellín,11 MANILA,La Cuadra Turbo,rappi,4.01,0.0,0.46,1.0
46086.0,19.0,COL,Medellín,11 MANILA,La Cuadra Turbo,rappi,7.74,3.42,0.5,1.0
46086.0,20.0,COL,Medellín,11 MANILA,La Cuadra Turbo,rappi,5.0,0.3,5.45,1.0
46086.0,20.0,COL,Medellín,12 LAURELES,La Cuadra Turbo,rappi,0.0,,1.25,1.0
46086.0,21.0,COL,Medellín,11 MANILA,La Cuadra Turbo,rappi,5.37,0.9,0.15,1.0
46086.0,21.0,COL,Medellín,11 MANILA,La Cuadra Turbo,rappi,8.79,3.83,0.09,1.0
46086.0,21.0,COL,Medellín,11 MANILA,La Cuadra Turbo,rappi,5.06,0.98,0.92,1.0
46086.0,21.0,COL,Medellín,12 LAURELES,La Cuadra Turbo,rappi,11.44,7.28,0.71,1.0
46086.0,21.0,COL,Medellín,12 LAURELES,La Cuadra Turbo,rappi,4.41,0.93,1.14,1.0
46086.0,21.0,COL,Medellín,11 MANILA,La Cuadra Turbo,rappi,3.78,0.0,0.17,1.0
46086.0,21.0,COL,Medellín,11 MANILA,La Cuadra Turbo,rappi,4.2,0.0,0.11,1.0
46086.0,21.0,COL,Medellín,11 MANILA,La Cuadra Turbo,rappi,5.15,1.08,0.89,1.0
46086.0,21.0,COL,Medellín,11 MANILA,La Cuadra Turbo,rappi,4.82,0.1,2.14,1.0
46086.0,7.0,COL,Medellín,29 ITAGUI,LA ÑAMGUCHERIA,didi,15.22,3.93,0.28,1.0
46086.0,8.0,COL,Medellín,29 ITAGUI,LA ÑAMGUCHERIA,didi,45.68,32.55,0.37,1.0
46086.0,12.0,COL,Medellín,12 LAURELES,LA ÑAMGUCHERIA,didi,25.7,19.95,0.07,1.0
46086.0,13.0,COL,Medellín,14 ENVIGADO,LA ÑAMGUCHERIA,didi,7.05,0.47,2.29,1.0
46086.0,14.0,COL,Medellín,12 LAURELES,LA ÑAMGUCHERIA,didi,10.03,5.97,0.53,1.0
46086.0,15.0,COL,Medellín,12 LAURELES,LA ÑAMGUCHERIA,didi,13.32,9.23,0.8,1.0
46086.0,17.0,COL,Medellín,14 ENVIGADO,LA ÑAMGUCHERIA,didi,17.81,4.25,5.72,1.0
46086.0,19.0,COL,Medellín,11 MANILA,LA ÑAMGUCHERIA,didi,17.12,12.72,0.29,1.0
46086.0,22.0,COL,Medellín,12 LAURELES,LA ÑAMGUCHERIA,didi,6.86,2.3,0.69,1.0
46086.0,23.0,COL,Medellín,12 LAURELES,LA ÑAMGUCHERIA,didi,9.03,5.02,0.96,1.0
46086.0,6.0,COL,Medellín,12 LAURELES,LA ÑAMGUCHERIA,rappi,13.4,5.37,0.82,1.0
46086.0,8.0,COL,Medellín,14 ENVIGADO,LA ÑAMGUCHERIA,rappi,19.73,2.63,0.83,1.0
46086.0,10.0,COL,Medellín,11 MANILA,LA ÑAMGUCHERIA,rappi,7.92,0.2,5.05,1.0
46086.0,11.0,COL,Medellín,14 ENVIGADO,LA ÑAMGUCHERIA,rappi,23.07,18.12,1.87,1.0
46086.0,11.0,COL,Medellín,14 ENVIGADO,LA ÑAMGUCHERIA,rappi,24.02,18.13,0.92,1.0
46086.0,12.0,COL,Medellín,29 ITAGUI,LA ÑAMGUCHERIA,rappi,21.18,17.13,0.86,1.0
46086.0,13.0,COL,Medellín,18 BELLO,LA ÑAMGUCHERIA,rappi,20.0,13.88,0.68,1.0
46086.0,14.0,COL,Medellín,12 LAURELES,LA ÑAMGUCHERIA,rappi,21.14,0.5,1.79,1.0
46086.0,16.0,COL,Medellín,11 MANILA,LA ÑAMGUCHERIA,rappi,11.22,0.57,11.27,1.0
46086.0,18.0,COL,Medellín,29 ITAGUI,LA ÑAMGUCHERIA,rappi,10.89,4.43,0.86,1.0
46086.0,18.0,COL,Medellín,11 MANILA,LA ÑAMGUCHERIA,rappi,7.65,0.25,74.4,1.0
46086.0,18.0,COL,Medellín,14 ENVIGADO,LA ÑAMGUCHERIA,rappi,12.62,5.17,0.97,1.0
46086.0,18.0,COL,Medellín,11 MANILA,LA ÑAMGUCHERIA,rappi,20.12,1.6,73.7,1.0
46086.0,19.0,COL,Medellín,12 LAURELES,LA ÑAMGUCHERIA,rappi,17.8,12.63,0.75,1.0
46086.0,20.0,COL,Medellín,11 MANILA,LA ÑAMGUCHERIA,rappi,16.34,4.58,0.86,1.0
46086.0,21.0,COL,Medellín,18 BELLO,LA ÑAMGUCHERIA,rappi,0.0,,1.0,
46086.0,12.0,COL,Medellín,12 LAURELES,LA PANQUEQUERIA,didi,13.09,9.05,0.92,1.0
46086.0,7.0,COL,Medellín,11 MANILA,LA PANQUEQUERIA,rappi,9.63,1.45,0.44,1.0
46086.0,9.0,COL,Medellín,11 MANILA,LA PANQUEQUERIA,rappi,18.89,6.92,0.69,1.0
46086.0,9.0,COL,Medellín,12 LAURELES,LA PANQUEQUERIA,rappi,13.26,7.23,0.77,1.0
46086.0,9.0,COL,Medellín,14 ENVIGADO,LA PANQUEQUERIA,rappi,11.74,7.33,0.84,1.0
46086.0,10.0,COL,Medellín,29 ITAGUI,LA PANQUEQUERIA,rappi,50.7,0.32,16.3,1.0
46086.0,10.0,COL,Medellín,18 BELLO,LA PANQUEQUERIA,rappi,10.82,4.82,0.14,1.0
46086.0,11.0,COL,Medellín,12 LAURELES,LA PANQUEQUERIA,rappi,2.15,0.52,10.15,1.0
46086.0,12.0,COL,Medellín,29 ITAGUI,LA PANQUEQUERIA,rappi,24.41,3.22,0.84,1.0
46086.0,12.0,COL,Medellín,29 ITAGUI,LA PANQUEQUERIA,rappi,14.32,,0.65,1.0
46086.0,13.0,COL,Medellín,12 LAURELES,LA PANQUEQUERIA,rappi,17.4,9.83,0.68,1.0
46086.0,15.0,COL,Medellín,11 MANILA,LA PANQUEQUERIA,rappi,19.0,15.65,1.38,1.0
46086.0,16.0,COL,Medellín,12 LAURELES,LA PANQUEQUERIA,rappi,8.63,1.68,1.04,1.0
46086.0,18.0,COL,Medellín,29 ITAGUI,LA PANQUEQUERIA,rappi,0.37,,17.92,1.0
46086.0,21.0,COL,Medellín,12 LAURELES,LA PANQUEQUERIA,rappi,22.0,0.83,4.67,1.0
46086.0,23.0,COL,Medellín,12 LAURELES,LA PANQUEQUERIA,rappi,0.57,,33.16,1.0
46086.0,21.0,COL,Medellín,12 LAURELES,Local - Cocina Consciente,didi,12.55,4.77,0.26,1.0
46086.0,9.0,COL,Medellín,11 MANILA,Local - Cocina Consciente,rappi,11.12,6.65,0.66,1.0
46086.0,13.0,COL,Medellín,18 BELLO,Local - Cocina Consciente,rappi,16.3,4.8,0.73,1.0
46086.0,8.0,COL,Medellín,11 MANILA,Mañanero Diario,rappi,19.9,6.53,0.08,1.0
46086.0,8.0,COL,Medellín,29 ITAGUI,Mañanero Diario,rappi,47.73,39.33,0.38,1.0
46086.0,21.0,COL,Medellín,11 MANILA,Mañanero Diario Turbo,rappi,7.12,2.47,0.14,1.0
46086.0,21.0,COL,Medellín,14 ENVIGADO,MonteVerde,didi,6.68,1.17,1.34,1.0
46086.0,11.0,COL,Medellín,12 LAURELES,MonteVerde,rappi,16.34,9.13,0.72,1.0
46086.0,12.0,COL,Medellín,11 MANILA,MonteVerde,rappi,6.9,7.05,5.11,1.0
46086.0,13.0,COL,Medellín,12 LAURELES,MonteVerde,rappi,10.92,4.52,0.63,1.0
46086.0,16.0,COL,Medellín,14 ENVIGADO,MonteVerde,rappi,8.29,0.85,0.89,1.0
46086.0,16.0,COL,Medellín,12 LAURELES,MonteVerde,rappi,5.75,0.35,1.87,1.0
46086.0,20.0,COL,Medellín,14 ENVIGADO,MonteVerde,rappi,7.44,0.15,4.15,1.0
46086.0,21.0,COL,Medellín,12 LAURELES,MonteVerde,rappi,12.86,7.77,2.11,1.0
46086.0,12.0,COL,Medellín,12 LAURELES,Monteverde Turbo,rappi,7.61,2.83,0.27,1.0
46086.0,16.0,COL,Medellín,11 MANILA,Monteverde Turbo,rappi,2.22,0.0,0.68,1.0
46086.0,19.0,COL,Medellín,12 LAURELES,Monteverde Turbo,rappi,5.08,0.55,0.63,1.0
46086.0,19.0,COL,Medellín,11 MANILA,Monteverde Turbo,rappi,5.27,0.82,0.61,1.0
46086.0,19.0,COL,Medellín,11 MANILA,Monteverde Turbo,rappi,3.96,0.0,0.6,1.0
46086.0,20.0,COL,Medellín,12 LAURELES,Monteverde Turbo,rappi,2.01,0.0,2.33,1.0
46086.0,20.0,COL,Medellín,11 MANILA,Monteverde Turbo,rappi,5.19,0.75,0.23,1.0
46086.0,21.0,COL,Medellín,12 LAURELES,Monteverde Turbo,rappi,9.19,6.23,1.95,1.0
46086.0,22.0,COL,Medellín,12 LAURELES,Monteverde Turbo,rappi,9.79,0.22,14.11,1.0
46086.0,11.0,COL,Medellín,18 BELLO,Mr Beast Burger,didi,18.17,1.2,14.06,1.0
46086.0,11.0,COL,Medellín,14 ENVIGADO,Mr Beast Burger,didi,16.64,11.22,0.4,1.0
46086.0,11.0,COL,Medellín,14 ENVIGADO,Mr Beast Burger,didi,10.5,6.58,0.83,1.0
46086.0,12.0,COL,Medellín,29 ITAGUI,Mr Beast Burger,didi,32.56,27.28,3.14,1.0
46086.0,12.0,COL,Medellín,14 ENVIGADO,Mr Beast Burger,didi,10.06,4.73,0.93,1.0
46086.0,12.0,COL,Medellín,12 LAURELES,Mr Beast Burger,didi,22.26,18.18,0.83,1.0
46086.0,12.0,COL,Medellín,18 BELLO,Mr Beast Burger,didi,20.68,11.0,0.35,1.0
46086.0,12.0,COL,Medellín,12 LAURELES,Mr Beast Burger,didi,15.25,5.5,0.74,1.0
46086.0,13.0,COL,Medellín,12 LAURELES,Mr Beast Burger,didi,16.91,12.45,0.33,1.0
46086.0,13.0,COL,Medellín,29 ITAGUI,Mr Beast Burger,didi,14.15,3.25,1.08,1.0
46086.0,13.0,COL,Medellín,12 LAURELES,Mr Beast Burger,didi,10.99,5.82,0.88,1.0
46086.0,13.0,COL,Medellín,14 ENVIGADO,Mr Beast Burger,didi,9.69,4.22,0.44,1.0
46086.0,13.0,COL,Medellín,14 ENVIGADO,Mr Beast Burger,didi,8.33,4.75,15.75,1.0
46086.0,14.0,COL,Medellín,14 ENVIGADO,Mr Beast Burger,didi,9.22,5.47,11.02,1.0
46086.0,14.0,COL,Medellín,14 ENVIGADO,Mr Beast Burger,didi,12.97,2.55,7.74,1.0
46086.0,14.0,COL,Medellín,14 ENVIGADO,Mr Beast Burger,didi,11.96,4.75,0.89,1.0
46086.0,14.0,COL,Medellín,12 LAURELES,Mr Beast Burger,didi,18.21,14.35,0.98,1.0
46086.0,14.0,COL,Medellín,18 BELLO,Mr Beast Burger,didi,15.0,6.35,1.13,1.0
46086.0,14.0,COL,Medellín,11 MANILA,Mr Beast Burger,didi,6.99,0.58,1.06,1.0
46086.0,14.0,COL,Medellín,11 MANILA,Mr Beast Burger,didi,11.83,0.67,3.75,1.0
46086.0,14.0,COL,Medellín,29 ITAGUI,Mr Beast Burger,didi,13.59,5.85,0.28,1.0
46086.0,15.0,COL,Medellín,14 ENVIGADO,Mr Beast Burger,didi,11.31,7.37,0.91,1.0
46086.0,15.0,COL,Medellín,12 LAURELES,Mr Beast Burger,didi,11.03,7.02,0.96,1.0
46086.0,15.0,COL,Medellín,14 ENVIGADO,Mr Beast Burger,didi,9.74,7.32,2.42,1.0
46086.0,15.0,COL,Medellín,18 BELLO,Mr Beast Burger,didi,26.11,22.3,1.24,1.0
46086.0,15.0,COL,Medellín,18 BELLO,Mr Beast Burger,didi,22.48,7.18,1.37,1.0
46086.0,15.0,COL,Medellín,12 LAURELES,Mr Beast Burger,didi,5.85,0.5,6.09,1.0
46086.0,15.0,COL,Medellín,29 ITAGUI,Mr Beast Burger,didi,11.23,4.17,1.05,1.0
46086.0,15.0,COL,Medellín,14 ENVIGADO,Mr Beast Burger,didi,10.16,9.63,7.96,1.0
46086.0,16.0,COL,Medellín,18 BELLO,Mr Beast Burger,didi,16.4,12.67,0.98,1.0
46086.0,16.0,COL,Medellín,12 LAURELES,Mr Beast Burger,didi,5.9,0.13,4.74,1.0
46086.0,16.0,COL,Medellín,14 ENVIGADO,Mr Beast Burger,didi,5.81,0.47,20.26,1.0
46086.0,17.0,COL,Medellín,14 ENVIGADO,Mr Beast Burger,didi,12.01,4.67,2.57,1.0
46086.0,17.0,COL,Medellín,18 BELLO,Mr Beast Burger,didi,14.04,6.12,1.01,1.0
46086.0,17.0,COL,Medellín,18 BELLO,Mr Beast Burger,didi,27.8,15.95,2.14,1.0
46086.0,18.0,COL,Medellín,11 MANILA,Mr Beast Burger,didi,5.77,2.45,1.89,1.0
46086.0,18.0,COL,Medellín,12 LAURELES,Mr Beast Burger,didi,7.71,2.65,3.23,1.0
46086.0,18.0,COL,Medellín,12 LAURELES,Mr Beast Burger,didi,5.2,1.43,1.04,1.0
46086.0,18.0,COL,Medellín,14 ENVIGADO,Mr Beast Burger,didi,15.17,0.0,1.0,
46086.0,18.0,COL,Medellín,18 BELLO,Mr Beast Burger,didi,22.94,11.12,6.74,1.0
46086.0,18.0,COL,Medellín,11 MANILA,Mr Beast Burger,didi,13.87,5.52,0.32,1.0
46086.0,19.0,COL,Medellín,29 ITAGUI,Mr Beast Burger,didi,12.58,3.62,0.45,1.0
46086.0,19.0,COL,Medellín,29 ITAGUI,Mr Beast Burger,didi,11.22,6.33,6.0,1.0
46086.0,19.0,COL,Medellín,29 ITAGUI,Mr Beast Burger,didi,18.99,1.93,0.12,1.0
46086.0,19.0,COL,Medellín,11 MANILA,Mr Beast Burger,didi,11.26,4.32,0.85,1.0
46086.0,19.0,COL,Medellín,12 LAURELES,Mr Beast Burger,didi,14.57,11.88,1.96,1.0
46086.0,19.0,COL,Medellín,14 ENVIGADO,Mr Beast Burger,didi,18.27,0.78,10.97,1.0
46086.0,19.0,COL,Medellín,12 LAURELES,Mr Beast Burger,didi,14.92,10.97,1.04,1.0
46086.0,19.0,COL,Medellín,11 MANILA,Mr Beast Burger,didi,8.34,6.38,2.87,1.0
46086.0,19.0,COL,Medellín,14 ENVIGADO,Mr Beast Burger,didi,24.17,0.0,1.0,
46086.0,19.0,COL,Medellín,14 ENVIGADO,Mr Beast Burger,didi,13.83,1.48,4.31,1.0
46086.0,19.0,COL,Medellín,12 LAURELES,Mr Beast Burger,didi,7.99,2.7,8.49,1.0
46086.0,19.0,COL,Medellín,14 ENVIGADO,Mr Beast Burger,didi,9.01,6.4,18.92,1.0
46086.0,20.0,COL,Medellín,14 ENVIGADO,Mr Beast Burger,didi,8.19,1.27,7.0,1.0
46086.0,20.0,COL,Medellín,29 ITAGUI,Mr Beast Burger,didi,10.13,5.17,1.14,1.0
46086.0,20.0,COL,Medellín,14 ENVIGADO,Mr Beast Burger,didi,7.84,1.83,1.0,1.0
46086.0,20.0,COL,Medellín,11 MANILA,Mr Beast Burger,didi,14.75,4.55,1.89,1.0
46086.0,20.0,COL,Medellín,11 MANILA,Mr Beast Burger,didi,13.89,8.5,0.06,1.0
46086.0,20.0,COL,Medellín,29 ITAGUI,Mr Beast Burger,didi,13.08,4.98,1.04,1.0
46086.0,20.0,COL,Medellín,12 LAURELES,Mr Beast Burger,didi,12.04,1.18,0.3,1.0
46086.0,20.0,COL,Medellín,12 LAURELES,Mr Beast Burger,didi,9.51,3.88,1.28,1.0
46086.0,20.0,COL,Medellín,14 ENVIGADO,Mr Beast Burger,didi,11.0,11.02,5.0,1.0
46086.0,20.0,COL,Medellín,14 ENVIGADO,Mr Beast Burger,didi,6.98,2.75,0.85,1.0
46086.0,20.0,COL,Medellín,11 MANILA,Mr Beast Burger,didi,20.22,8.75,0.14,1.0
46086.0,20.0,COL,Medellín,12 LAURELES,Mr Beast Burger,didi,7.63,3.15,0.42,1.0
46086.0,21.0,COL,Medellín,12 LAURELES,Mr Beast Burger,didi,10.81,2.93,0.34,1.0
46086.0,21.0,COL,Medellín,29 ITAGUI,Mr Beast Burger,didi,8.22,4.63,1.53,1.0
46086.0,21.0,COL,Medellín,14 ENVIGADO,Mr Beast Burger,didi,11.25,13.72,8.78,1.0
46086.0,21.0,COL,Medellín,18 BELLO,Mr Beast Burger,didi,22.85,8.08,1.99,1.0
46086.0,21.0,COL,Medellín,14 ENVIGADO,Mr Beast Burger,didi,8.0,3.9,0.91,1.0
46086.0,21.0,COL,Medellín,12 LAURELES,Mr Beast Burger,didi,5.83,0.73,9.85,1.0
46086.0,21.0,COL,Medellín,14 ENVIGADO,Mr Beast Burger,didi,16.84,11.82,0.99,1.0
46086.0,21.0,COL,Medellín,18 BELLO,Mr Beast Burger,didi,17.67,13.95,1.29,1.0
46086.0,21.0,COL,Medellín,29 ITAGUI,Mr Beast Burger,didi,9.9,2.68,0.92,1.0
46086.0,21.0,COL,Medellín,18 BELLO,Mr Beast Burger,didi,0.0,,1.0,
46086.0,22.0,COL,Medellín,12 LAURELES,Mr Beast Burger,didi,8.15,0.65,2.63,1.0
46086.0,22.0,COL,Medellín,12 LAURELES,Mr Beast Burger,didi,7.1,1.37,6.78,1.0
46086.0,22.0,COL,Medellín,14 ENVIGADO,Mr Beast Burger,didi,12.84,3.22,1.41,1.0
46086.0,22.0,COL,Medellín,12 LAURELES,Mr Beast Burger,didi,6.46,1.72,0.75,1.0
46086.0,23.0,COL,Medellín,12 LAURELES,Mr Beast Burger,didi,7.57,3.15,0.9,1.0
46086.0,23.0,COL,Medellín,14 ENVIGADO,Mr Beast Burger,didi,8.09,1.57,0.89,1.0
46086.0,23.0,COL,Medellín,11 MANILA,Mr Beast Burger,didi,13.69,7.7,0.94,1.0
46086.0,12.0,COL,Medellín,11 MANILA,Mr Beast Burger,rappi,9.65,1.58,8.2,1.0
46086.0,13.0,COL,Medellín,11 MANILA,Mr Beast Burger,rappi,14.68,10.25,0.45,1.0
46086.0,15.0,COL,Medellín,11 MANILA,Mr Beast Burger,rappi,10.51,0.37,17.54,1.0
46086.0,16.0,COL,Medellín,12 LAURELES,Mr Beast Burger,rappi,4.02,0.0,1.0,
46086.0,16.0,COL,Medellín,14 ENVIGADO,Mr Beast Burger,rappi,13.84,0.47,0.82,1.0
46086.0,17.0,COL,Medellín,12 LAURELES,Mr Beast Burger,rappi,15.8,0.22,14.21,1.0
46086.0,17.0,COL,Medellín,18 BELLO,Mr Beast Burger,rappi,20.26,0.98,6.11,1.0
46086.0,19.0,COL,Medellín,18 BELLO,Mr Beast Burger,rappi,29.51,0.57,25.46,1.0
46086.0,20.0,COL,Medellín,18 BELLO,Mr Beast Burger,rappi,13.48,0.3,2.89,1.0
46086.0,20.0,COL,Medellín,18 BELLO,Mr Beast Burger,rappi,0.35,,27.14,1.0
46086.0,20.0,COL,Medellín,12 LAURELES,Mr Beast Burger,rappi,17.23,0.67,78.16,1.0
46086.0,20.0,COL,Medellín,14 ENVIGADO,Mr Beast Burger,rappi,11.24,0.0,36.97,1.0
46086.0,21.0,COL,Medellín,18 BELLO,Mr Beast Burger,rappi,14.44,5.48,0.99,1.0
46086.0,23.0,COL,Medellín,11 MANILA,Mr Beast Burger,rappi,14.83,11.33,16.86,1.0
46086.0,23.0,COL,Medellín,11 MANILA,Mr Beast Burger,rappi,20.86,11.33,0.82,1.0
46086.0,13.0,COL,Medellín,12 LAURELES,Mr Beast Burger Turbo,rappi,16.49,13.68,1.89,1.0
46086.0,13.0,COL,Medellín,12 LAURELES,Mr Beast Burger Turbo,rappi,6.35,2.17,0.73,1.0
46086.0,14.0,COL,Medellín,12 LAURELES,Mr Beast Burger Turbo,rappi,7.71,5.25,4.09,1.0
46086.0,17.0,COL,Medellín,12 LAURELES,Mr Beast Burger Turbo,rappi,5.33,1.52,0.97,1.0
46086.0,17.0,COL,Medellín,12 LAURELES,Mr Beast Burger Turbo,rappi,3.03,0.72,3.58,1.0
46086.0,18.0,COL,Medellín,12 LAURELES,Mr Beast Burger Turbo,rappi,6.12,2.13,0.95,1.0
46086.0,19.0,COL,Medellín,12 LAURELES,Mr Beast Burger Turbo,rappi,4.32,0.13,0.72,1.0
46086.0,20.0,COL,Medellín,12 LAURELES,Mr Beast Burger Turbo,rappi,6.4,3.32,1.75,1.0
46086.0,20.0,COL,Medellín,12 LAURELES,Mr Beast Burger Turbo,rappi,3.95,0.0,0.82,1.0
46086.0,21.0,COL,Medellín,12 LAURELES,Mr Beast Burger Turbo,rappi,9.51,5.57,0.8,1.0
46086.0,21.0,COL,Medellín,12 LAURELES,Mr Beast Burger Turbo,rappi,5.88,0.67,1.76,1.0
46086.0,21.0,COL,Medellín,12 LAURELES,Mr Beast Burger Turbo,rappi,7.32,2.73,0.51,1.0
46086.0,11.0,COL,Medellín,12 LAURELES,Ñamgucheria Turbo,rappi,5.19,0.32,1.57,1.0
46086.0,18.0,COL,Medellín,12 LAURELES,Ñamgucheria Turbo,rappi,7.86,3.03,0.15,1.0
46086.0,19.0,COL,Medellín,12 LAURELES,Ñamgucheria Turbo,rappi,5.37,1.2,0.73,1.0
46086.0,19.0,COL,Medellín,12 LAURELES,Ñamgucheria Turbo,rappi,6.83,1.63,0.32,1.0
46086.0,20.0,COL,Medellín,12 LAURELES,Ñamgucheria Turbo,rappi,9.06,4.8,0.8,1.0
46086.0,21.0,COL,Medellín,12 LAURELES,Ñamgucheria Turbo,rappi,10.71,6.0,0.27,1.0
46086.0,21.0,COL,Medellín,12 LAURELES,Ñamgucheria Turbo,rappi,9.37,5.62,0.98,1.0
46086.0,13.0,COL,Medellín,12 LAURELES,Pret Sandwich Bistro,rappi,21.14,0.0,1.0,
46086.0,14.0,COL,Medellín,18 BELLO,Pret Sandwich Bistro,rappi,17.2,0.38,5.31,1.0
46086.0,16.0,COL,Medellín,29 ITAGUI,Pret Sandwich Bistro,rappi,16.09,0.2,4.46,1.0
46086.0,20.0,COL,Medellín,12 LAURELES,Pret Sandwich Bistro,rappi,3.35,0.55,21.75,1.0
46086.0,21.0,COL,Medellín,12 LAURELES,Pret Sandwich Bistro,rappi,4.02,0.68,17.6,1.0
46086.0,21.0,COL,Medellín,11 MANILA,Pret Sandwich Bistro,rappi,7.0,0.22,3.01,1.0
46086.0,22.0,COL,Medellín,11 MANILA,Pret Sandwich Bistro,rappi,10.14,2.65,21.97,1.0
46086.0,21.0,COL,Medellín,11 MANILA,Pret Sandwich Bistro Turbo,rappi,3.94,0.0,0.27,1.0
46086.0,21.0,COL,Medellín,12 LAURELES,Pret Sandwich Bistro Turbo,rappi,10.24,1.67,13.1,1.0
46086.0,12.0,COL,Medellín,12 LAURELES,Que Chicken,rappi,15.61,10.7,0.19,1.0
46086.0,16.0,COL,Medellín,18 BELLO,Que Chicken,rappi,20.09,0.77,0.66,1.0
46086.0,22.0,COL,Medellín,11 MANILA,Que Chicken,rappi,9.97,5.6,0.76,1.0
46086.0,19.0,COL,Medellín,14 ENVIGADO,San Jeronimo,didi,5.52,,0.75,1.0
46086.0,12.0,COL,Medellín,11 MANILA,San Jeronimo,rappi,0.63,,91.77,1.0
46086.0,14.0,COL,Medellín,11 MANILA,San Jeronimo,rappi,0.18,,59.95,1.0
46086.0,22.0,COL,Medellín,12 LAURELES,San Jeronimo,rappi,0.23,,12.81,1.0
46086.0,14.0,COL,Medellín,11 MANILA,SAN JERÓNIMO TURBO,rappi,0.33,,3.71,1.0
46086.0,14.0,COL,Medellín,12 LAURELES,SAN JERÓNIMO TURBO,rappi,0.42,,4.16,1.0
46086.0,14.0,COL,Medellín,11 MANILA,SAN JERÓNIMO TURBO,rappi,0.0,,0.88,1.0
46086.0,14.0,COL,Medellín,11 MANILA,SAN JERÓNIMO TURBO,rappi,0.32,,2.37,1.0
46086.0,15.0,COL,Medellín,12 LAURELES,SAN JERÓNIMO TURBO,rappi,0.05,,1.69,1.0
46086.0,16.0,COL,Medellín,11 MANILA,SAN JERÓNIMO TURBO,rappi,0.0,,0.85,1.0
46086.0,17.0,COL,Medellín,11 MANILA,SAN JERÓNIMO TURBO,rappi,0.0,,1.92,1.0
46086.0,17.0,COL,Medellín,11 MANILA,SAN JERÓNIMO TURBO,rappi,0.0,,2.18,1.0
46086.0,17.0,COL,Medellín,11 MANILA,SAN JERÓNIMO TURBO,rappi,0.0,,1.89,1.0
46086.0,17.0,COL,Medellín,11 MANILA,SAN JERÓNIMO TURBO,rappi,0.0,,3.74,1.0
46086.0,18.0,COL,Medellín,11 MANILA,SAN JERÓNIMO TURBO,rappi,0.0,,0.1,1.0
46086.0,19.0,COL,Medellín,12 LAURELES,SAN JERÓNIMO TURBO,rappi,0.23,,1.98,1.0
46086.0,19.0,COL,Medellín,11 MANILA,SAN JERÓNIMO TURBO,rappi,0.0,,0.78,1.0
46086.0,20.0,COL,Medellín,12 LAURELES,SAN JERÓNIMO TURBO,rappi,0.0,,0.77,1.0
46086.0,8.0,COL,Medellín,29 ITAGUI,SÁNDUCHES EL JEFE,didi,24.3,19.6,0.94,1.0
46086.0,8.0,COL,Medellín,18 BELLO,SÁNDUCHES EL JEFE,didi,11.46,1.27,0.69,1.0
46086.0,8.0,COL,Medellín,18 BELLO,SÁNDUCHES EL JEFE,didi,15.31,9.68,0.77,1.0
46086.0,8.0,COL,Medellín,29 ITAGUI,SÁNDUCHES EL JEFE,didi,40.96,34.17,0.08,1.0
46086.0,11.0,COL,Medellín,12 LAURELES,SÁNDUCHES EL JEFE,didi,7.36,1.18,3.1,1.0
46086.0,11.0,COL,Medellín,29 ITAGUI,SÁNDUCHES EL JEFE,didi,21.0,4.47,0.79,1.0
46086.0,12.0,COL,Medellín,29 ITAGUI,SÁNDUCHES EL JEFE,didi,31.99,4.68,1.07,1.0
46086.0,12.0,COL,Medellín,18 BELLO,SÁNDUCHES EL JEFE,didi,14.04,9.48,0.74,1.0
46086.0,13.0,COL,Medellín,11 MANILA,SÁNDUCHES EL JEFE,didi,12.5,10.72,2.92,1.0
46086.0,13.0,COL,Medellín,29 ITAGUI,SÁNDUCHES EL JEFE,didi,25.34,11.88,1.03,1.0
46086.0,14.0,COL,Medellín,14 ENVIGADO,SÁNDUCHES EL JEFE,didi,7.29,9.63,8.73,1.0
46086.0,18.0,COL,Medellín,14 ENVIGADO,SÁNDUCHES EL JEFE,didi,10.04,6.17,1.23,1.0
46086.0,18.0,COL,Medellín,12 LAURELES,SÁNDUCHES EL JEFE,didi,6.92,7.83,5.96,1.0
46086.0,21.0,COL,Medellín,14 ENVIGADO,SÁNDUCHES EL JEFE,didi,17.09,11.03,0.83,1.0
46086.0,9.0,COL,Medellín,18 BELLO,SÁNDUCHES EL JEFE,rappi,20.94,1.52,4.64,1.0
46086.0,9.0,COL,Medellín,18 BELLO,SÁNDUCHES EL JEFE,rappi,17.06,12.17,1.34,1.0
46086.0,19.0,COL,Medellín,11 MANILA,SÁNDUCHES EL JEFE,rappi,7.04,2.98,0.93,1.0
46086.0,21.0,COL,Medellín,18 BELLO,SÁNDUCHES EL JEFE,rappi,20.22,12.28,6.84,1.0
46086.0,21.0,COL,Medellín,18 BELLO,SÁNDUCHES EL JEFE,rappi,18.37,14.67,1.12,1.0
46086.0,21.0,COL,Medellín,18 BELLO,SÁNDUCHES EL JEFE,rappi,69.39,3.52,0.0,1.0
46086.0,10.0,COL,Medellín,12 LAURELES,Selvatiko,didi,14.97,5.38,0.36,1.0
46086.0,12.0,COL,Medellín,12 LAURELES,Selvatiko,rappi,8.97,0.2,2.04,1.0
46086.0,15.0,COL,Medellín,11 MANILA,Selvatiko Turbo,rappi,5.17,0.83,0.72,1.0
46086.0,19.0,COL,Medellín,12 LAURELES,Selvatiko Turbo,rappi,4.85,0.0,0.13,1.0
46086.0,19.0,COL,Medellín,11 MANILA,Selvatiko Turbo,rappi,5.63,0.95,0.33,1.0
46086.0,8.0,COL,Medellín,11 MANILA,Señor Burrito,didi,8.21,4.23,0.91,1.0
46086.0,9.0,COL,Medellín,12 LAURELES,Señor Burrito,didi,16.94,12.27,0.59,1.0
46086.0,13.0,COL,Medellín,18 BELLO,Señor Burrito,didi,16.39,7.7,0.81,1.0
46086.0,13.0,COL,Medellín,12 LAURELES,Señor Burrito,didi,10.97,0.52,9.07,1.0
46086.0,18.0,COL,Medellín,18 BELLO,Señor Burrito,didi,19.56,4.67,2.12,1.0
46086.0,21.0,COL,Medellín,12 LAURELES,Señor Burrito,rappi,12.25,2.05,1.07,1.0
46086.0,13.0,COL,Medellín,11 MANILA,Señor Burrito Turbo,rappi,3.14,0.0,0.2,1.0
46086.0,19.0,COL,Medellín,12 LAURELES,Señor Burrito Turbo,rappi,4.98,0.77,0.45,1.0
46086.0,20.0,COL,Medellín,11 MANILA,Señor Burrito Turbo,rappi,6.02,1.2,0.09,1.0
46086.0,21.0,COL,Medellín,11 MANILA,Señor Burrito Turbo,rappi,7.22,2.78,0.63,1.0
46086.0,7.0,COL,Medellín,12 LAURELES,The Breakfast Club,didi,8.91,2.73,1.03,1.0
46086.0,8.0,COL,Medellín,14 ENVIGADO,The Breakfast Club,didi,6.08,1.18,0.94,1.0
46086.0,8.0,COL,Medellín,14 ENVIGADO,The Breakfast Club,didi,11.74,2.62,0.28,1.0
46086.0,8.0,COL,Medellín,12 LAURELES,The Breakfast Club,didi,11.5,8.97,2.06,1.0
46086.0,9.0,COL,Medellín,14 ENVIGADO,The Breakfast Club,didi,6.25,2.07,0.77,1.0
46086.0,10.0,COL,Medellín,29 ITAGUI,The Breakfast Club,didi,32.42,28.53,0.89,1.0
46086.0,10.0,COL,Medellín,14 ENVIGADO,The Breakfast Club,didi,11.45,5.72,0.64,1.0
46086.0,11.0,COL,Medellín,14 ENVIGADO,The Breakfast Club,didi,10.05,6.02,0.92,1.0
46086.0,12.0,COL,Medellín,14 ENVIGADO,The Breakfast Club,didi,9.65,5.02,0.88,1.0
46086.0,19.0,COL,Medellín,11 MANILA,The Breakfast Club,didi,13.3,15.8,7.17,1.0
46086.0,22.0,COL,Medellín,14 ENVIGADO,The Breakfast Club,didi,6.57,1.88,0.34,1.0
46086.0,6.0,COL,Medellín,11 MANILA,The Breakfast Club,rappi,20.15,6.17,3.66,1.0
46086.0,6.0,COL,Medellín,11 MANILA,The Breakfast Club,rappi,7.98,6.17,9.69,1.0
46086.0,7.0,COL,Medellín,11 MANILA,The Breakfast Club,rappi,8.5,0.27,17.87,1.0
46086.0,7.0,COL,Medellín,11 MANILA,The Breakfast Club,rappi,12.84,0.13,23.03,1.0
46086.0,7.0,COL,Medellín,14 ENVIGADO,The Breakfast Club,rappi,9.96,2.03,8.25,1.0
46086.0,7.0,COL,Medellín,11 MANILA,The Breakfast Club,rappi,9.02,0.13,3.12,1.0
46086.0,7.0,COL,Medellín,11 MANILA,The Breakfast Club,rappi,14.63,6.13,0.15,1.0
46086.0,7.0,COL,Medellín,14 ENVIGADO,The Breakfast Club,rappi,12.09,3.87,0.76,1.0
46086.0,8.0,COL,Medellín,14 ENVIGADO,The Breakfast Club,rappi,10.64,5.43,1.34,1.0
46086.0,8.0,COL,Medellín,14 ENVIGADO,The Breakfast Club,rappi,9.67,0.0,0.3,1.0
46086.0,8.0,COL,Medellín,11 MANILA,The Breakfast Club,rappi,12.92,0.23,2.98,1.0
46086.0,8.0,COL,Medellín,14 ENVIGADO,The Breakfast Club,rappi,0.0,,1.0,
46086.0,9.0,COL,Medellín,14 ENVIGADO,The Breakfast Club,rappi,18.33,11.8,0.65,1.0
46086.0,9.0,COL,Medellín,11 MANILA,The Breakfast Club,rappi,10.32,3.7,2.01,1.0
46086.0,9.0,COL,Medellín,14 ENVIGADO,The Breakfast Club,rappi,17.01,13.78,1.84,1.0
46086.0,9.0,COL,Medellín,18 BELLO,The Breakfast Club,rappi,17.2,12.5,1.57,1.0
46086.0,9.0,COL,Medellín,11 MANILA,The Breakfast Club,rappi,18.42,6.75,0.54,1.0
46086.0,9.0,COL,Medellín,11 MANILA,The Breakfast Club,rappi,27.52,13.68,12.19,1.0
46086.0,9.0,COL,Medellín,29 ITAGUI,The Breakfast Club,rappi,33.38,30.78,2.07,1.0
46086.0,9.0,COL,Medellín,14 ENVIGADO,The Breakfast Club,rappi,13.69,8.73,0.14,1.0
46086.0,9.0,COL,Medellín,14 ENVIGADO,The Breakfast Club,rappi,9.96,0.25,6.9,1.0
46086.0,9.0,COL,Medellín,14 ENVIGADO,The Breakfast Club,rappi,14.71,0.57,2.15,1.0
46086.0,9.0,COL,Medellín,11 MANILA,The Breakfast Club,rappi,3.69,0.12,8.11,1.0
46086.0,9.0,COL,Medellín,29 ITAGUI,The Breakfast Club,rappi,26.11,22.35,1.09,1.0
46086.0,10.0,COL,Medellín,11 MANILA,The Breakfast Club,rappi,12.86,2.63,0.39,1.0
46086.0,10.0,COL,Medellín,11 MANILA,The Breakfast Club,rappi,2.49,0.18,7.75,1.0
46086.0,10.0,COL,Medellín,14 ENVIGADO,The Breakfast Club,rappi,15.73,0.27,5.89,1.0
46086.0,10.0,COL,Medellín,11 MANILA,The Breakfast Club,rappi,10.01,0.37,30.15,1.0
46086.0,10.0,COL,Medellín,18 BELLO,The Breakfast Club,rappi,11.15,2.73,1.9,1.0
46086.0,10.0,COL,Medellín,29 ITAGUI,The Breakfast Club,rappi,0.0,,1.0,
46086.0,10.0,COL,Medellín,11 MANILA,The Breakfast Club,rappi,7.89,0.45,18.82,1.0
46086.0,10.0,COL,Medellín,14 ENVIGADO,The Breakfast Club,rappi,11.03,7.92,1.91,1.0
46086.0,10.0,COL,Medellín,11 MANILA,The Breakfast Club,rappi,11.18,2.23,1.61,1.0
46086.0,10.0,COL,Medellín,14 ENVIGADO,The Breakfast Club,rappi,9.37,0.72,9.68,1.0
46086.0,10.0,COL,Medellín,11 MANILA,The Breakfast Club,rappi,4.87,0.3,13.33,1.0
46086.0,10.0,COL,Medellín,11 MANILA,The Breakfast Club,rappi,6.32,0.37,7.98,1.0
46086.0,10.0,COL,Medellín,11 MANILA,The Breakfast Club,rappi,6.62,0.3,7.25,1.0
46086.0,11.0,COL,Medellín,11 MANILA,The Breakfast Club,rappi,16.19,8.65,1.11,1.0
46086.0,11.0,COL,Medellín,14 ENVIGADO,The Breakfast Club,rappi,10.35,2.9,0.7,1.0
46086.0,11.0,COL,Medellín,11 MANILA,The Breakfast Club,rappi,6.94,0.32,8.05,1.0
46086.0,11.0,COL,Medellín,11 MANILA,The Breakfast Club,rappi,5.01,0.27,5.21,1.0
46086.0,13.0,COL,Medellín,18 BELLO,The Breakfast Club,rappi,17.44,0.45,35.75,1.0
46086.0,15.0,COL,Medellín,11 MANILA,The Breakfast Club,rappi,8.87,0.83,25.17,1.0
46086.0,8.0,COL,Medellín,11 MANILA,The Breakfast Club Turbo,rappi,6.18,0.43,1.15,1.0
46086.0,8.0,COL,Medellín,11 MANILA,The Breakfast Club Turbo,rappi,6.83,6.12,4.23,1.0
46086.0,8.0,COL,Medellín,11 MANILA,The Breakfast Club Turbo,rappi,2.62,0.0,0.3,1.0
46086.0,9.0,COL,Medellín,11 MANILA,The Breakfast Club Turbo,rappi,4.12,0.0,0.25,1.0
46086.0,9.0,COL,Medellín,11 MANILA,The Breakfast Club Turbo,rappi,5.38,1.65,0.98,1.0
46086.0,9.0,COL,Medellín,11 MANILA,The Breakfast Club Turbo,rappi,1.54,0.0,0.89,1.0
46086.0,9.0,COL,Medellín,12 LAURELES,The Breakfast Club Turbo,rappi,5.49,0.38,0.25,1.0
46086.0,10.0,COL,Medellín,12 LAURELES,The Breakfast Club Turbo,rappi,9.26,5.17,0.83,1.0
46086.0,10.0,COL,Medellín,12 LAURELES,The Breakfast Club Turbo,rappi,8.85,4.57,0.87,1.0
46086.0,10.0,COL,Medellín,11 MANILA,The Breakfast Club Turbo,rappi,6.17,1.5,0.09,1.0
46086.0,10.0,COL,Medellín,11 MANILA,The Breakfast Club Turbo,rappi,5.19,0.48,0.09,1.0
46086.0,11.0,COL,Medellín,11 MANILA,The Breakfast Club Turbo,rappi,6.74,1.93,0.19,1.0
46086.0,12.0,COL,Medellín,12 LAURELES,The Breakfast Club Turbo,rappi,5.09,0.98,0.89,1.0
46086.0,17.0,COL,Medellín,12 LAURELES,The Breakfast Club Turbo,rappi,20.59,0.0,1.0,
46086.0,22.0,COL,Medellín,12 LAURELES,The Egg Spot,didi,12.05,0.68,9.93,1.0
46086.0,6.0,COL,Medellín,11 MANILA,The Egg Spot,rappi,19.16,12.62,0.16,1.0
46086.0,8.0,COL,Medellín,12 LAURELES,The Egg Spot,rappi,12.83,8.5,0.85,1.0
46086.0,8.0,COL,Medellín,11 MANILA,The Egg Spot,rappi,5.97,1.62,0.37,1.0
46086.0,8.0,COL,Medellín,12 LAURELES,The Egg Spot,rappi,24.5,19.6,0.24,1.0
46086.0,9.0,COL,Medellín,12 LAURELES,The Egg Spot,rappi,14.92,0.88,0.79,1.0
46086.0,9.0,COL,Medellín,11 MANILA,The Egg Spot,rappi,21.16,1.8,0.85,1.0
46086.0,9.0,COL,Medellín,29 ITAGUI,The Egg Spot,rappi,35.89,32.05,1.11,1.0
46086.0,9.0,COL,Medellín,14 ENVIGADO,The Egg Spot,rappi,15.65,6.52,0.51,1.0
46086.0,9.0,COL,Medellín,11 MANILA,The Egg Spot,rappi,5.85,1.88,1.06,1.0
46086.0,10.0,COL,Medellín,11 MANILA,The Egg Spot,rappi,6.02,0.07,7.81,1.0
46086.0,13.0,COL,Medellín,11 MANILA,The Egg Spot,rappi,4.14,0.17,4.21,1.0
46086.0,8.0,COL,Medellín,11 MANILA,The Egg Spot Turbo,rappi,4.75,0.53,0.93,1.0
46086.0,9.0,COL,Medellín,11 MANILA,The Egg Spot Turbo,rappi,6.39,2.1,0.64,1.0
46086.0,9.0,COL,Medellín,11 MANILA,The Egg Spot Turbo,rappi,4.23,0.0,0.71,1.0
46086.0,10.0,COL,Medellín,12 LAURELES,The Egg Spot Turbo,rappi,13.68,9.35,0.91,1.0
46086.0,11.0,COL,Medellín,11 MANILA,The Egg Spot Turbo,rappi,5.62,1.08,0.42,1.0
46086.0,12.0,COL,Medellín,11 MANILA,The Egg Spot Turbo,rappi,5.31,1.42,0.92,1.0
46086.0,14.0,COL,Medellín,11 MANILA,The Egg Spot Turbo,rappi,5.69,0.73,0.14,1.0
46086.0,18.0,COL,Medellín,12 LAURELES,The Egg Spot Turbo,rappi,5.92,1.67,0.47,1.0
46086.0,20.0,COL,Medellín,12 LAURELES,The Egg Spot Turbo,rappi,9.03,4.48,0.25,1.0
46086.0,21.0,COL,Medellín,11 MANILA,The Egg Spot Turbo,rappi,7.74,3.13,0.73,1.0
46086.0,21.0,COL,Medellín,11 MANILA,The Egg Spot Turbo,rappi,5.42,2.02,1.58,1.0
46086.0,10.0,COL,Medellín,14 ENVIGADO,Vicio,didi,0.83,,9.31,1.0
46086.0,10.0,COL,Medellín,11 MANILA,Vicio,rappi,0.17,,4.82,1.0
46086.0,12.0,COL,Medellín,11 MANILA,Vicio Turbo,rappi,0.0,,0.16,1.0
46086.0,14.0,COL,Medellín,11 MANILA,Vicio Turbo,rappi,0.0,,1.11,1.0
46086.0,18.0,COL,Medellín,11 MANILA,Vicio Turbo,rappi,0.0,,3.63,1.0
46086.0,19.0,COL,Medellín,11 MANILA,Vicio Turbo,rappi,0.0,,1.3,1.0
46086.0,21.0,COL,Medellín,11 MANILA,Vicio Turbo,rappi,0.0,,0.7,1.0
46086.0,14.0,COL,Pereira,28 PEREIRA,Alba Vegetarian,rappi,21.74,7.1,0.45,1.0
46086.0,15.0,COL,Pereira,28 PEREIRA,Alba Vegetarian,rappi,6.53,0.33,12.49,1.0
46086.0,11.0,COL,Pereira,28 PEREIRA,Almuerzos de la Casa,rappi,15.62,3.63,0.44,1.0
46086.0,12.0,COL,Pereira,28 PEREIRA,Almuerzos de la Casa,rappi,4.67,0.28,17.42,1.0
46086.0,13.0,COL,Pereira,28 PEREIRA,Almuerzos de la Casa,rappi,25.47,11.13,1.57,1.0
46086.0,13.0,COL,Pereira,28 PEREIRA,Almuerzos de la Casa,rappi,16.98,5.42,4.32,1.0
46086.0,14.0,COL,Pereira,28 PEREIRA,Almuerzos de la Casa,rappi,20.05,8.53,0.67,1.0
46086.0,11.0,COL,Pereira,28 PEREIRA,Avocalia,rappi,15.87,0.47,21.75,1.0
46086.0,12.0,COL,Pereira,28 PEREIRA,Avocalia,rappi,13.32,0.42,5.92,1.0
46086.0,12.0,COL,Pereira,28 PEREIRA,Avocalia,rappi,5.51,0.75,2.88,1.0
46086.0,13.0,COL,Pereira,28 PEREIRA,Avocalia,rappi,7.72,2.27,31.16,1.0
46086.0,13.0,COL,Pereira,28 PEREIRA,Avocalia,rappi,10.07,0.9,14.43,1.0
46086.0,13.0,COL,Pereira,28 PEREIRA,Avocalia,rappi,14.39,0.88,1.42,1.0
46086.0,15.0,COL,Pereira,28 PEREIRA,Avocalia,rappi,9.05,0.65,11.19,1.0
46086.0,17.0,COL,Pereira,28 PEREIRA,Avocalia,rappi,7.21,0.4,22.07,1.0
46086.0,18.0,COL,Pereira,28 PEREIRA,Avocalia,rappi,5.01,0.33,25.02,1.0
46086.0,19.0,COL,Pereira,28 PEREIRA,Avocalia,rappi,4.2,2.65,24.33,1.0
46086.0,19.0,COL,Pereira,28 PEREIRA,Avocalia,rappi,9.89,0.43,5.84,1.0
46086.0,19.0,COL,Pereira,28 PEREIRA,Avocalia,rappi,30.88,9.98,1.13,1.0
46086.0,19.0,COL,Pereira,28 PEREIRA,Avocalia,rappi,14.63,0.5,5.14,1.0
46086.0,19.0,COL,Pereira,28 PEREIRA,Avocalia,rappi,13.99,3.6,13.18,1.0
46086.0,6.0,COL,Pereira,28 PEREIRA,Brunch & Munch,rappi,20.66,13.75,7.3,1.0
46086.0,6.0,COL,Pereira,28 PEREIRA,Brunch & Munch,rappi,20.45,13.75,2.96,1.0
46086.0,8.0,COL,Pereira,28 PEREIRA,Brunch & Munch,rappi,13.94,0.17,1.15,1.0
46086.0,8.0,COL,Pereira,28 PEREIRA,Brunch & Munch,rappi,8.17,0.13,6.12,1.0
46086.0,8.0,COL,Pereira,28 PEREIRA,Brunch & Munch,rappi,18.78,0.0,1.0,
46086.0,8.0,COL,Pereira,28 PEREIRA,Brunch & Munch,rappi,4.99,0.52,0.29,1.0
46086.0,8.0,COL,Pereira,28 PEREIRA,Brunch & Munch,rappi,14.25,0.45,13.73,1.0
46086.0,9.0,COL,Pereira,28 PEREIRA,Brunch & Munch,rappi,12.9,1.85,3.96,1.0
46086.0,9.0,COL,Pereira,28 PEREIRA,Brunch & Munch,rappi,12.48,0.18,15.06,1.0
46086.0,9.0,COL,Pereira,28 PEREIRA,Brunch & Munch,rappi,15.36,6.55,2.64,1.0
46086.0,10.0,COL,Pereira,28 PEREIRA,Brunch & Munch,rappi,12.02,0.13,15.09,1.0
46086.0,11.0,COL,Pereira,28 PEREIRA,Brunch & Munch,rappi,27.98,0.32,1.11,1.0
46086.0,20.0,COL,Pereira,28 PEREIRA,Brunch & Munch,rappi,6.05,0.33,19.95,1.0
46086.0,11.0,COL,Pereira,28 PEREIRA,Burrito Cantina,rappi,26.82,16.67,0.21,1.0
46086.0,13.0,COL,Pereira,28 PEREIRA,Burritos & Co,rappi,5.93,0.22,18.11,1.0
46086.0,15.0,COL,Pereira,28 PEREIRA,Burritos & Co,rappi,9.36,0.15,39.57,1.0
46086.0,18.0,COL,Pereira,28 PEREIRA,Burritos & Co,rappi,5.36,0.53,22.62,1.0
46086.0,19.0,COL,Pereira,28 PEREIRA,Burritos & Co,rappi,4.91,0.37,15.74,1.0
46086.0,20.0,COL,Pereira,28 PEREIRA,Burritos & Co,rappi,7.76,0.52,15.12,1.0
46086.0,22.0,COL,Pereira,28 PEREIRA,Burritos & Co,rappi,6.59,0.0,1.0,
46086.0,13.0,COL,Pereira,28 PEREIRA,Cinnabon,rappi,8.48,0.4,14.02,1.0
46086.0,14.0,COL,Pereira,28 PEREIRA,Cinnabon,rappi,3.26,0.18,43.82,1.0
46086.0,16.0,COL,Pereira,28 PEREIRA,Cinnabon,rappi,6.25,0.4,8.84,1.0
46086.0,17.0,COL,Pereira,28 PEREIRA,Cinnabon,rappi,6.11,0.3,24.76,1.0
46086.0,17.0,COL,Pereira,28 PEREIRA,Cinnabon,rappi,7.3,1.98,1.74,1.0
46086.0,8.0,COL,Pereira,28 PEREIRA,Desayunos Colombianos,rappi,8.05,3.48,0.22,1.0
46086.0,8.0,COL,Pereira,28 PEREIRA,Desayunos Colombianos,rappi,12.87,0.42,0.31,1.0
46086.0,10.0,COL,Pereira,28 PEREIRA,Desayunos Colombianos,rappi,11.86,6.77,0.99,1.0
46086.0,6.0,COL,Pereira,28 PEREIRA,Desayunos de la Abuela,rappi,17.41,12.95,0.55,1.0
46086.0,7.0,COL,Pereira,28 PEREIRA,Desayunos de la Abuela,rappi,10.01,0.58,4.18,1.0
46086.0,7.0,COL,Pereira,28 PEREIRA,Desayunos de la Abuela,rappi,8.06,0.5,7.18,1.0
46086.0,8.0,COL,Pereira,28 PEREIRA,Desayunos de la Abuela,rappi,5.17,15.08,14.9,1.0
46086.0,8.0,COL,Pereira,28 PEREIRA,Desayunos de la Abuela,rappi,9.16,6.37,2.05,1.0
46086.0,8.0,COL,Pereira,28 PEREIRA,Desayunos de la Abuela,rappi,3.48,6.37,7.71,1.0
46086.0,9.0,COL,Pereira,28 PEREIRA,Desayunos de la Abuela,rappi,11.83,1.15,4.89,1.0
46086.0,9.0,COL,Pereira,28 PEREIRA,Desayunos de la Abuela,rappi,7.8,3.7,1.75,1.0
46086.0,9.0,COL,Pereira,28 PEREIRA,Desayunos de la Abuela,rappi,18.35,15.37,1.84,1.0
46086.0,9.0,COL,Pereira,28 PEREIRA,Desayunos de la Abuela,rappi,18.02,12.82,0.44,1.0
46086.0,9.0,COL,Pereira,28 PEREIRA,Desayunos de la Abuela,rappi,20.69,15.87,0.21,1.0
46086.0,10.0,COL,Pereira,28 PEREIRA,Desayunos de la Abuela,rappi,14.82,1.12,0.93,1.0
46086.0,10.0,COL,Pereira,28 PEREIRA,Desayunos de la Abuela,rappi,7.11,1.15,0.89,1.0
46086.0,10.0,COL,Pereira,28 PEREIRA,Desayunos de la Abuela,rappi,7.17,0.28,5.76,1.0
46086.0,10.0,COL,Pereira,28 PEREIRA,Desayunos de la Abuela,rappi,3.95,0.62,8.57,1.0
46086.0,10.0,COL,Pereira,28 PEREIRA,Desayunos de la Abuela,rappi,7.7,0.32,6.24,1.0
46086.0,11.0,COL,Pereira,28 PEREIRA,Desayunos de la Abuela,rappi,21.49,14.63,0.82,1.0
46086.0,11.0,COL,Pereira,28 PEREIRA,Desayunos de la Abuela,rappi,18.41,13.37,0.72,1.0
46086.0,15.0,COL,Pereira,28 PEREIRA,Desgranados & Co,rappi,9.42,0.5,24.0,1.0
46086.0,12.0,COL,Pereira,28 PEREIRA,El Ejecutivo,rappi,9.82,0.37,7.27,1.0
46086.0,13.0,COL,Pereira,28 PEREIRA,El Ejecutivo,rappi,10.26,0.48,4.8,1.0
46086.0,13.0,COL,Pereira,28 PEREIRA,Green House,rappi,12.02,0.5,15.1,1.0
46086.0,21.0,COL,Pereira,28 PEREIRA,Green House,rappi,8.13,0.0,25.62,1.0
46086.0,11.0,COL,Pereira,28 PEREIRA,Honest Food,rappi,14.0,9.38,0.24,1.0
46086.0,19.0,COL,Pereira,28 PEREIRA,Honest Food,rappi,27.85,10.02,0.14,1.0
46086.0,11.0,COL,Pereira,28 PEREIRA,La Casa Mexicana,rappi,21.65,0.15,2.09,1.0
46086.0,14.0,COL,Pereira,28 PEREIRA,La Casa Mexicana,rappi,16.45,1.43,0.83,1.0
46086.0,18.0,COL,Pereira,28 PEREIRA,La Casa Mexicana,rappi,8.29,0.13,8.03,1.0
46086.0,11.0,COL,Pereira,28 PEREIRA,La Cuadra,rappi,13.93,4.3,12.3,1.0
46086.0,12.0,COL,Pereira,28 PEREIRA,La Cuadra,rappi,12.09,8.0,2.04,1.0
46086.0,12.0,COL,Pereira,28 PEREIRA,La Cuadra,rappi,12.84,0.5,13.72,1.0
46086.0,13.0,COL,Pereira,28 PEREIRA,La Cuadra,rappi,26.3,0.88,40.73,1.0
46086.0,14.0,COL,Pereira,28 PEREIRA,La Cuadra,rappi,7.14,0.32,9.91,1.0
46086.0,17.0,COL,Pereira,28 PEREIRA,La Cuadra,rappi,7.66,0.45,13.14,1.0
46086.0,18.0,COL,Pereira,28 PEREIRA,La Cuadra,rappi,9.13,0.58,8.72,1.0
46086.0,23.0,COL,Pereira,28 PEREIRA,La Cuadra,rappi,4.82,0.0,1.0,
46086.0,9.0,COL,Pereira,28 PEREIRA,LA ÑAMGUCHERIA,rappi,14.68,1.83,1.31,1.0
46086.0,9.0,COL,Pereira,28 PEREIRA,LA ÑAMGUCHERIA,rappi,12.18,0.55,6.06,1.0
46086.0,9.0,COL,Pereira,28 PEREIRA,LA ÑAMGUCHERIA,rappi,16.06,0.55,2.17,1.0
46086.0,14.0,COL,Pereira,28 PEREIRA,LA ÑAMGUCHERIA,rappi,15.17,8.42,1.93,1.0
46086.0,14.0,COL,Pereira,28 PEREIRA,LA ÑAMGUCHERIA,rappi,14.95,0.52,4.98,1.0
46086.0,16.0,COL,Pereira,28 PEREIRA,LA ÑAMGUCHERIA,rappi,16.76,0.22,3.99,1.0
46086.0,21.0,COL,Pereira,28 PEREIRA,LA ÑAMGUCHERIA,rappi,12.97,7.68,1.82,1.0
46086.0,21.0,COL,Pereira,28 PEREIRA,LA ÑAMGUCHERIA,rappi,9.17,1.33,9.68,1.0
46086.0,21.0,COL,Pereira,28 PEREIRA,LA ÑAMGUCHERIA,rappi,11.76,0.0,11.15,1.0
46086.0,22.0,COL,Pereira,28 PEREIRA,LA ÑAMGUCHERIA,rappi,6.34,0.22,9.67,1.0
46086.0,17.0,COL,Pereira,28 PEREIRA,Mr Beast Burger,rappi,10.69,0.17,10.32,1.0
46086.0,19.0,COL,Pereira,28 PEREIRA,Mr Beast Burger,rappi,17.34,0.3,1.82,1.0
46086.0,22.0,COL,Pereira,28 PEREIRA,Mr Beast Burger,rappi,8.86,0.97,36.28,1.0
46086.0,8.0,COL,Pereira,28 PEREIRA,SÁNDUCHES EL JEFE,rappi,6.13,3.0,1.85,1.0
46086.0,9.0,COL,Pereira,28 PEREIRA,SÁNDUCHES EL JEFE,rappi,12.1,7.27,10.25,1.0
46086.0,8.0,COL,Pereira,28 PEREIRA,Señor Burrito,rappi,16.94,1.23,23.8,1.0
46086.0,6.0,COL,Pereira,28 PEREIRA,The Breakfast Club,rappi,9.24,0.28,5.64,1.0
46086.0,7.0,COL,Pereira,28 PEREIRA,The Breakfast Club,rappi,7.33,0.23,36.89,1.0
46086.0,7.0,COL,Pereira,28 PEREIRA,The Breakfast Club,rappi,12.05,0.25,9.75,1.0
46086.0,8.0,COL,Pereira,28 PEREIRA,The Breakfast Club,rappi,10.63,5.82,6.05,1.0
46086.0,11.0,COL,Pereira,28 PEREIRA,The Breakfast Club,rappi,25.87,5.03,0.21,1.0
46086.0,19.0,COL,Pereira,28 PEREIRA,The Egg Spot,rappi,16.93,9.12,0.75,1.0
46086.0,15.0,MEX,Ciudad de México,09 CHURUBUSCO,House of Salads,didi,17.84,59.22,60.34,1.0
46086.0,14.0,MEX,Ciudad de México,03 POLANCO,Mr Beast Burger,didi,6.08,54.12,52.91,1.0
46086.0,13.0,MEX,Merida,31 MONTEJO,Avocalia,rappi,48.21,43.83,0.61,1.0
46086.0,11.0,MEX,Guadalajara,25 TABACHINES,Órale Desayunos,ubereats,35.1,42.65,23.88,1.0
46086.0,16.0,MEX,Guadalajara,19 LA CALMA,Fonda Local,didi,42.66,38.17,0.95,1.0
46086.0,16.0,MEX,Guadalajara,19 LA CALMA,Honest Food,rappi,39.65,35.43,1.03,1.0
46086.0,13.0,MEX,Merida,31 MONTEJO,Honest Food,didi,38.94,33.8,0.86,1.0
46086.0,16.0,MEX,Ciudad de México,01 DOCTORES,Green House,ubereats,42.66,32.12,1.08,1.0
46086.0,16.0,MEX,Ciudad de México,01 DOCTORES,Honest Food,ubereats,29.1,31.28,28.37,1.0
46086.0,13.0,MEX,Merida,31 MONTEJO,The Wrap Company MX,ubereats,46.08,31.23,1.11,1.0
46086.0,19.0,MEX,Ciudad de México,12 DEL VALLE,Avocalia,ubereats,9.04,29.97,28.96,1.0
46086.0,11.0,MEX,Guadalajara,25 TABACHINES,Brunch & Munch,ubereats,47.98,29.85,0.01,1.0
46086.0,13.0,MEX,Merida,31 MONTEJO,Green House,ubereats,30.43,29.7,11.67,1.0
46086.0,13.0,MEX,Merida,31 MONTEJO,Green House,ubereats,40.72,29.67,0.12,1.0
46086.0,12.0,MEX,Ciudad de México,01 DOCTORES,Desayunos de la Abuela,didi,33.78,28.88,0.07,1.0
46086.0,11.0,MEX,Ciudad de México,03 POLANCO,Avocalia,didi,12.86,28.67,20.87,1.0
46086.0,12.0,MEX,Merida,31 MONTEJO,Órale Desayunos,ubereats,39.35,27.95,0.87,1.0
46086.0,7.0,MEX,Ciudad de México,04 SANTA FE,LA PANQUEQUERIA,ubereats,10.19,27.8,20.95,1.0
46086.0,13.0,MEX,Ciudad de México,16 PEDREGAL,Honest Food,ubereats,35.01,27.75,2.77,1.0
46086.0,14.0,MEX,Merida,31 MONTEJO,Honest Food,ubereats,36.31,27.42,1.77,1.0
46086.0,14.0,MEX,Merida,31 MONTEJO,Green House,ubereats,45.86,27.4,1.25,1.0
46086.0,11.0,MEX,Guadalajara,25 TABACHINES,Órale Desayunos,didi,36.07,27.15,13.92,1.0
46086.0,9.0,MEX,Monterrey,10 SAN JERONIMO,LA PANQUEQUERIA,ubereats,51.84,27.15,5.09,1.0
46086.0,13.0,MEX,Ciudad de México,16 PEDREGAL,Eggy by Chef Eva,ubereats,25.36,26.8,8.66,1.0
46086.0,11.0,MEX,Guadalajara,14 JARDINES,Avocalia,didi,33.9,26.77,0.05,1.0
46086.0,16.0,MEX,Merida,37 CANEK,Avocalia,didi,36.65,26.63,0.42,1.0
46086.0,14.0,MEX,Merida,31 MONTEJO,Honest Food,ubereats,26.35,26.4,12.63,1.0
46086.0,13.0,MEX,Merida,31 MONTEJO,Honest Food,didi,41.99,26.38,0.36,1.0
46086.0,15.0,MEX,Ciudad de México,16 PEDREGAL,Mr Beast Burger,didi,32.12,25.82,1.69,1.0
46086.0,13.0,MEX,Merida,31 MONTEJO,Numa Cocina Mediterranea,ubereats,46.74,25.8,1.04,1.0
46086.0,14.0,MEX,Merida,31 MONTEJO,Avocalia,didi,30.7,25.58,40.21,1.0
46086.0,12.0,MEX,Merida,31 MONTEJO,LA PANQUEQUERIA,rappi,33.55,25.55,0.1,1.0
46086.0,10.0,MEX,Ciudad de México,02 SAN ANGEL,LA PANQUEQUERIA,ubereats,38.21,25.18,4.0,1.0
46086.0,9.0,MEX,Ciudad de México,16 PEDREGAL,LA PANQUEQUERIA,ubereats,29.76,24.58,1.94,1.0
46086.0,16.0,MEX,Ciudad de México,03 POLANCO,Cocina Corrida,ubereats,9.56,24.57,31.31,1.0
46086.0,20.0,MEX,Ciudad de México,01 DOCTORES,Green House,ubereats,29.0,24.55,0.62,1.0
46086.0,9.0,MEX,Ciudad de México,51 SAMARA,Desayunos de la Abuela,rappi,11.11,24.47,21.54,1.0
46086.0,12.0,MEX,Merida,31 MONTEJO,Eggy by Chef Eva,rappi,29.89,24.45,0.77,1.0
46086.0,11.0,MEX,Monterrey,10 SAN JERONIMO,LA PANQUEQUERIA,rappi,30.2,24.43,0.85,1.0
46086.0,15.0,MEX,Ciudad de México,16 PEDREGAL,Avocalia,ubereats,33.25,24.38,2.64,1.0
46086.0,11.0,MEX,Guadalajara,25 TABACHINES,Órale Desayunos,ubereats,36.51,24.32,8.43,1.0
46086.0,20.0,MEX,Guadalajara,21 SANTA TERESITA,Avocalia,ubereats,32.98,24.25,4.13,1.0
46086.0,14.0,MEX,Ciudad de México,01 DOCTORES,Chemaquiles,rappi,31.23,24.23,0.72,1.0
46086.0,15.0,MEX,Monterrey,17 CUMBRES,Que Chicken,rappi,23.96,23.85,4.87,1.0
46086.0,9.0,MEX,Ciudad de México,16 PEDREGAL,The Breakfast Club,ubereats,30.09,23.62,1.82,1.0
46086.0,11.0,MEX,Ciudad de México,09 CHURUBUSCO,LA PANQUEQUERIA,ubereats,28.98,23.52,3.03,1.0
46086.0,15.0,MEX,Monterrey,17 CUMBRES,Cocina Corrida,rappi,44.4,23.48,10.06,1.0
46086.0,9.0,MEX,Ciudad de México,04 SANTA FE,Eggy by Chef Eva,ubereats,20.82,23.4,11.71,1.0
46086.0,16.0,MEX,Merida,31 MONTEJO,Green House,rappi,28.32,23.37,0.52,1.0
46086.0,15.0,MEX,Ciudad de México,02 SAN ANGEL,Mr Beast Burger,ubereats,29.1,23.22,1.57,1.0
46086.0,15.0,MEX,Ciudad de México,01 DOCTORES,Green House,ubereats,34.96,23.15,1.05,1.0
46086.0,21.0,MEX,Merida,31 MONTEJO,Avocalia,didi,11.08,23.08,24.88,1.0
46086.0,7.0,MEX,Guadalajara,25 TABACHINES,LA PANQUEQUERIA,ubereats,59.0,23.03,3.0,1.0
46086.0,13.0,MEX,Merida,31 MONTEJO,The Wrap Company MX,didi,36.09,23.02,0.65,1.0
46086.0,18.0,MEX,Ciudad de México,01 DOCTORES,LA PANQUEQUERIA,rappi,31.72,22.88,0.07,1.0
46086.0,12.0,MEX,Ciudad de México,01 DOCTORES,The Breakfast Club,didi,25.84,22.78,2.03,1.0
46086.0,11.0,MEX,Merida,37 CANEK,Brunch & Munch,ubereats,38.06,22.7,2.0,1.0
46086.0,14.0,MEX,Guadalajara,34 TLAQUEPAQUE,Honest Food,ubereats,29.47,22.65,2.38,1.0
46086.0,11.0,MEX,Guadalajara,14 JARDINES,House of Salads,didi,28.14,22.58,0.21,1.0
46086.0,9.0,MEX,Monterrey,10 SAN JERONIMO,The Breakfast Club,ubereats,26.1,22.55,3.18,1.0
46086.0,7.0,MEX,Ciudad de México,12 DEL VALLE,Órale Desayunos,ubereats,29.02,22.35,2.99,1.0
46086.0,10.0,MEX,Guadalajara,25 TABACHINES,Brunch & Munch,rappi,44.48,22.33,8.67,1.0
46086.0,13.0,MEX,Merida,31 MONTEJO,House of Burgers,rappi,66.42,22.28,0.53,1.0
46086.0,11.0,MEX,Guadalajara,21 SANTA TERESITA,Desayunos de la Abuela,didi,12.31,22.15,21.82,1.0
46086.0,8.0,MEX,Guadalajara,14 JARDINES,Brunch & Munch,ubereats,34.01,22.12,0.03,1.0
46086.0,10.0,MEX,Guadalajara,25 TABACHINES,Brunch & Munch,ubereats,34.27,22.08,1.01,1.0
46086.0,7.0,MEX,Ciudad de México,12 DEL VALLE,LA PANQUEQUERIA,ubereats,27.23,21.98,1.96,1.0
46086.0,20.0,MEX,Merida,37 CANEK,House of Salads,didi,28.56,21.77,0.19,1.0
46086.0,18.0,MEX,Ciudad de México,01 DOCTORES,Avocalia,ubereats,29.95,21.75,0.35,1.0
46086.0,12.0,MEX,Ciudad de México,09 CHURUBUSCO,Mr Beast Burger,didi,14.63,21.72,12.1,1.0
46086.0,13.0,MEX,Merida,31 MONTEJO,Green House,ubereats,40.87,21.63,1.05,1.0
46086.0,9.0,MEX,Ciudad de México,11 AZCAPOTZALCO,Brunch & Munch,didi,16.0,21.43,10.18,1.0
46086.0,16.0,MEX,Merida,37 CANEK,Don Gyros & Kebab,rappi,38.75,21.37,0.46,1.0
46086.0,18.0,MEX,Ciudad de México,01 DOCTORES,House of Salads,ubereats,31.57,21.35,0.19,1.0
46086.0,12.0,MEX,Merida,31 MONTEJO,Chemaquiles,didi,36.52,21.33,1.03,1.0
46086.0,18.0,MEX,Ciudad de México,01 DOCTORES,House of Salads,ubereats,24.32,21.32,8.88,1.0
46086.0,9.0,MEX,Ciudad de México,16 PEDREGAL,LA PANQUEQUERIA,ubereats,23.08,21.22,4.7,1.0
46086.0,11.0,MEX,Ciudad de México,16 PEDREGAL,Avocalia,ubereats,36.04,21.2,1.74,1.0
46086.0,20.0,MEX,Ciudad de México,01 DOCTORES,Green House,ubereats,29.81,21.13,0.16,1.0
46086.0,12.0,MEX,Merida,31 MONTEJO,Honest Food,rappi,32.9,20.9,0.19,1.0
46086.0,12.0,MEX,Ciudad de México,12 DEL VALLE,Brunch & Munch,rappi,29.63,20.87,3.14,1.0
46086.0,13.0,MEX,Guadalajara,19 LA CALMA,La Neta Burgers (Orale Burgers),rappi,27.18,20.8,3.61,1.0
46086.0,15.0,MEX,Ciudad de México,16 PEDREGAL,Avocalia,ubereats,30.1,20.78,1.19,1.0
46086.0,9.0,MEX,Ciudad de México,16 PEDREGAL,Brunch & Munch,ubereats,26.91,20.77,1.9,1.0
46086.0,15.0,MEX,Ciudad de México,16 PEDREGAL,Que Chicken,didi,19.87,20.63,5.82,1.0
46086.0,8.0,MEX,Guadalajara,25 TABACHINES,Desayunos de la Abuela,ubereats,34.88,20.6,2.0,1.0
46086.0,15.0,MEX,Ciudad de México,01 DOCTORES,Green House,ubereats,29.54,20.58,2.01,1.0
46086.0,20.0,MEX,Ciudad de México,01 DOCTORES,Mr Beast Burger,didi,28.13,20.57,0.09,1.0
46086.0,20.0,MEX,Ciudad de México,01 DOCTORES,The Salad Project,didi,34.58,20.57,0.09,1.0
46086.0,14.0,MEX,Ciudad de México,04 SANTA FE,Numa Cocina Mediterranea,ubereats,24.26,20.55,3.88,1.0
46086.0,14.0,MEX,Monterrey,23 SANTA CATARINA,Honest Food,rappi,11.19,20.55,18.57,1.0
46086.0,10.0,MEX,Guadalajara,14 JARDINES,Brunch & Munch,ubereats,32.15,20.53,1.53,1.0
46086.0,9.0,MEX,Guadalajara,14 JARDINES,Avocalia,rappi,33.12,20.5,0.06,1.0
46086.0,21.0,MEX,Ciudad de México,01 DOCTORES,Avocalia,ubereats,21.12,20.45,9.85,1.0
46086.0,20.0,MEX,Ciudad de México,03 POLANCO,Mr Beast Burger Turbo,rappi,13.01,20.4,12.16,1.0
46086.0,16.0,MEX,Puebla,41 VOLCANES,House of Salads,didi,24.81,20.38,2.24,1.0
46086.0,15.0,MEX,Ciudad de México,01 DOCTORES,Green House,ubereats,24.16,20.32,0.96,1.0
46086.0,14.0,MEX,Ciudad de México,16 PEDREGAL,The Wrap Company MX,didi,20.94,20.32,4.17,1.0
46086.0,13.0,MEX,Merida,31 MONTEJO,Órale Desayunos,ubereats,36.86,20.32,1.35,1.0
46086.0,16.0,MEX,Merida,37 CANEK,La Neta Burgers (Orale Burgers),rappi,31.0,20.3,1.41,1.0
46086.0,8.0,MEX,Merida,31 MONTEJO,LA PANQUEQUERIA,ubereats,31.92,20.22,1.41,1.0
46086.0,11.0,MEX,Guadalajara,25 TABACHINES,Brunch & Munch,rappi,31.99,20.18,25.18,1.0
46086.0,10.0,MEX,Monterrey,10 SAN JERONIMO,Órale Desayunos,rappi,36.76,20.12,1.33,1.0
46086.0,16.0,MEX,Puebla,41 VOLCANES,The Salad Project,rappi,26.92,19.97,1.1,1.0
46086.0,7.0,MEX,Ciudad de México,12 DEL VALLE,Órale Desayunos,ubereats,27.26,19.92,1.32,1.0
46086.0,11.0,MEX,Ciudad de México,09 CHURUBUSCO,Órale Desayunos,ubereats,29.76,19.87,1.89,1.0
46086.0,16.0,MEX,Merida,37 CANEK,Green House,ubereats,35.22,19.87,2.73,1.0
46086.0,10.0,MEX,Ciudad de México,09 CHURUBUSCO,Desayunos de la Abuela,ubereats,14.41,19.77,20.05,1.0
46086.0,20.0,MEX,Monterrey,17 CUMBRES,House of Salads,didi,19.62,19.57,10.17,1.0
46086.0,16.0,MEX,Merida,31 MONTEJO,Mr Beast Burger,didi,37.04,19.53,20.12,1.0
46086.0,7.0,MEX,Merida,31 MONTEJO,Brunch & Munch,ubereats,32.81,19.52,3.59,1.0
46086.0,19.0,MEX,Ciudad de México,09 CHURUBUSCO,Don Gyros & Kebab,didi,32.1,19.43,0.95,1.0
46086.0,12.0,MEX,Ciudad de México,16 PEDREGAL,Green House,ubereats,29.73,19.43,5.01,1.0
46086.0,9.0,MEX,Ciudad de México,51 SAMARA,Brunch & Munch,rappi,25.94,19.42,2.98,1.0
46086.0,8.0,MEX,Ciudad de México,16 PEDREGAL,Brunch & Munch,ubereats,26.91,19.42,2.34,1.0
46086.0,9.0,MEX,Monterrey,10 SAN JERONIMO,Desayunos de la Abuela,didi,25.1,19.4,1.88,1.0
46086.0,7.0,MEX,Ciudad de México,12 DEL VALLE,Brunch & Munch,ubereats,23.45,19.32,1.07,1.0
46086.0,17.0,MEX,Guadalajara,34 TLAQUEPAQUE,House of Salads,ubereats,25.84,19.32,1.92,1.0
46086.0,14.0,MEX,Merida,37 CANEK,Honest Food,rappi,23.7,19.32,0.8,1.0
46086.0,20.0,MEX,Ciudad de México,01 DOCTORES,Brunch & Munch,ubereats,25.1,19.27,1.02,1.0
46086.0,9.0,MEX,Ciudad de México,16 PEDREGAL,LA PANQUEQUERIA,rappi,27.43,19.25,0.78,1.0
46086.0,9.0,MEX,Ciudad de México,12 DEL VALLE,The Breakfast Club,ubereats,27.14,19.15,3.91,1.0
46086.0,11.0,MEX,Guadalajara,25 TABACHINES,Brunch & Munch,ubereats,31.37,19.15,3.08,1.0
46086.0,10.0,MEX,Monterrey,10 SAN JERONIMO,Desayunos de la Abuela,didi,43.75,19.1,0.28,1.0
46086.0,11.0,MEX,Ciudad de México,16 PEDREGAL,The Egg Spot,ubereats,23.01,19.08,1.68,1.0
46086.0,7.0,MEX,Merida,31 MONTEJO,Foodhub,ubereats,41.29,19.07,0.84,1.0
46086.0,10.0,MEX,Monterrey,17 CUMBRES,Desayunos de la Abuela,didi,22.53,19.05,1.41,1.0
46086.0,13.0,MEX,Puebla,26 CIUDAD JUDICIAL,Mr Beast Burger,rappi,23.17,18.95,1.28,1.0
46086.0,15.0,MEX,Ciudad de México,16 PEDREGAL,Avocalia,ubereats,30.35,18.88,1.72,1.0
46086.0,7.0,MEX,Ciudad de México,01 DOCTORES,LA PANQUEQUERIA,ubereats,23.54,18.87,0.29,1.0
46086.0,11.0,MEX,Ciudad de México,09 CHURUBUSCO,Desayunos de la Abuela,didi,22.93,18.75,0.83,1.0
46086.0,18.0,MEX,Ciudad de México,09 CHURUBUSCO,Mr Beast Burger,rappi,24.11,18.72,0.84,1.0
46086.0,10.0,MEX,Monterrey,17 CUMBRES,Pozórale,didi,27.52,18.55,0.66,1.0
46086.0,11.0,MEX,Ciudad de México,04 SANTA FE,Brunch & Munch,rappi,30.2,18.53,0.75,1.0
46086.0,9.0,MEX,Guadalajara,21 SANTA TERESITA,Brunch & Munch,didi,22.97,18.45,0.22,1.0
46086.0,8.0,MEX,Ciudad de México,16 PEDREGAL,Órale Desayunos,ubereats,22.07,18.42,1.09,1.0
46086.0,8.0,MEX,Merida,31 MONTEJO,Brunch & Munch,ubereats,18.77,18.37,18.01,1.0
46086.0,9.0,MEX,Merida,31 MONTEJO,Brunch & Munch,ubereats,25.36,18.37,1.69,1.0
46086.0,7.0,MEX,Ciudad de México,12 DEL VALLE,Brunch & Munch,ubereats,25.32,18.28,2.65,1.0
46086.0,7.0,MEX,Ciudad de México,15 LINDAVISTA,Brunch & Munch,ubereats,18.82,18.25,4.35,1.0
46086.0,10.0,MEX,Ciudad de México,05 COAPA,Brunch & Munch,ubereats,25.53,18.25,2.82,1.0
46086.0,18.0,MEX,Ciudad de México,04 SANTA FE,Que Chicken,ubereats,39.56,18.25,3.37,1.0
46086.0,15.0,MEX,Ciudad de México,09 CHURUBUSCO,The Breakfast Club Turbo,rappi,23.08,18.25,6.86,1.0
46086.0,12.0,MEX,Merida,31 MONTEJO,Honest Food,ubereats,34.93,18.23,1.26,1.0
46086.0,15.0,MEX,Ciudad de México,02 SAN ANGEL,Que Chicken,ubereats,32.76,18.17,1.56,1.0
46086.0,8.0,MEX,Ciudad de México,01 DOCTORES,Órale Desayunos,ubereats,23.03,18.1,1.3,1.0
46086.0,7.0,MEX,Guadalajara,14 JARDINES,Chemaquiles,ubereats,31.91,18.07,1.84,1.0
46086.0,10.0,MEX,Guadalajara,25 TABACHINES,Órale Desayunos,rappi,29.84,18.07,0.01,1.0
46086.0,14.0,MEX,Ciudad de México,01 DOCTORES,Avocalia,didi,22.82,18.02,0.09,1.0
46086.0,13.0,MEX,Ciudad de México,09 CHURUBUSCO,Mr Beast Burger,didi,21.25,17.97,1.63,1.0
46086.0,10.0,MEX,Ciudad de México,12 DEL VALLE,Brunch & Munch,ubereats,22.91,17.88,2.08,1.0
46086.0,17.0,MEX,Merida,37 CANEK,The Wrap Company MX,didi,22.0,17.87,0.44,1.0
46086.0,9.0,MEX,Monterrey,10 SAN JERONIMO,LA PANQUEQUERIA,rappi,44.67,17.83,3.32,1.0
46086.0,16.0,MEX,Guadalajara,19 LA CALMA,Que Chicken,rappi,24.89,17.8,2.15,1.0
46086.0,10.0,MEX,Guadalajara,40 JARDINES DEL VALL,Órale Desayunos,didi,18.97,17.75,3.38,1.0
46086.0,9.0,MEX,Ciudad de México,16 PEDREGAL,Brunch & Munch,ubereats,24.7,17.72,2.01,1.0
46086.0,13.0,MEX,Ciudad de México,03 POLANCO,Chicken Tenders Hub,ubereats,10.07,17.57,20.12,1.0
46086.0,7.0,MEX,Ciudad de México,12 DEL VALLE,Eggy by Chef Eva,ubereats,23.57,17.57,1.99,1.0
46086.0,17.0,MEX,Guadalajara,34 TLAQUEPAQUE,House of Salads,ubereats,19.01,17.55,23.46,1.0
46086.0,12.0,MEX,Ciudad de México,16 PEDREGAL,LA PANQUEQUERIA,ubereats,27.14,17.48,0.23,1.0
46086.0,12.0,MEX,Ciudad de México,16 PEDREGAL,Brunch & Munch,ubereats,26.24,17.42,0.94,1.0
46086.0,15.0,MEX,Ciudad de México,16 PEDREGAL,Honest Food,ubereats,26.92,17.42,5.88,1.0
46086.0,9.0,MEX,Guadalajara,21 SANTA TERESITA,Desayunos de la Abuela,ubereats,24.87,17.4,4.1,1.0
46086.0,15.0,MEX,Ciudad de México,16 PEDREGAL,Green House,ubereats,21.42,17.38,1.85,1.0
46086.0,13.0,MEX,Ciudad de México,16 PEDREGAL,Green House,rappi,21.4,17.33,0.71,1.0
46086.0,20.0,MEX,Monterrey,28 CARRETERA NACIONA,Don Gyros & Kebab,rappi,18.56,17.28,5.54,1.0
46086.0,12.0,MEX,Ciudad de México,12 DEL VALLE,LA PANQUEQUERIA,rappi,25.64,17.25,0.85,1.0
46086.0,12.0,MEX,Guadalajara,14 JARDINES,Numa Cocina Mediterranea,ubereats,32.15,17.23,0.33,1.0
46086.0,20.0,MEX,Guadalajara,21 SANTA TERESITA,Numa Cocina Mediterranea,ubereats,34.68,17.23,0.29,1.0
46086.0,10.0,MEX,Monterrey,22 SAN NICOLAS,Brunch & Munch,rappi,24.23,17.23,2.7,1.0
46086.0,14.0,MEX,Ciudad de México,01 DOCTORES,Brunch & Munch,ubereats,25.9,17.22,1.26,1.0
46086.0,12.0,MEX,Guadalajara,21 SANTA TERESITA,Foodhub,rappi,21.13,17.1,1.96,1.0
46086.0,14.0,MEX,Ciudad de México,06 SATELITE,La Neta Burgers (Orale Burgers),didi,24.1,17.03,1.05,1.0
46086.0,20.0,MEX,Ciudad de México,04 SANTA FE,Que Chicken,ubereats,22.15,17.02,1.15,1.0
46086.0,19.0,MEX,Ciudad de México,04 SANTA FE,Que Chicken,ubereats,5.68,17.0,34.82,1.0
46086.0,16.0,MEX,Merida,31 MONTEJO,Fonda Local,rappi,19.07,17.0,29.4,1.0
46086.0,10.0,MEX,Ciudad de México,15 LINDAVISTA,Mega Greens (Super Ensaladas),didi,17.14,16.97,4.74,1.0
46086.0,9.0,MEX,Ciudad de México,04 SANTA FE,LA PANQUEQUERIA,rappi,23.94,16.93,1.11,1.0
46086.0,13.0,MEX,Merida,31 MONTEJO,Avocalia,ubereats,34.12,16.93,0.96,1.0
46086.0,12.0,MEX,Ciudad de México,09 CHURUBUSCO,Avocalia,didi,22.55,16.92,1.06,1.0
46086.0,15.0,MEX,Merida,37 CANEK,Avocalia,ubereats,25.84,16.87,6.96,1.0
46086.0,20.0,MEX,Guadalajara,21 SANTA TERESITA,Mr Beast Burger,didi,20.38,16.85,1.03,1.0
46086.0,11.0,MEX,Guadalajara,14 JARDINES,Green House,ubereats,34.72,16.82,0.24,1.0
46086.0,14.0,MEX,Guadalajara,34 TLAQUEPAQUE,Sandwiches & Soups,ubereats,31.04,16.82,3.0,1.0
46086.0,11.0,MEX,Guadalajara,14 JARDINES,Desayunos de la Abuela,didi,29.77,16.77,3.93,1.0
46086.0,10.0,MEX,Ciudad de México,02 SAN ANGEL,Brunch & Munch,ubereats,24.0,16.73,1.5,1.0
46086.0,12.0,MEX,Ciudad de México,12 DEL VALLE,Brunch & Munch,didi,20.28,16.72,1.07,1.0
46086.0,15.0,MEX,Ciudad de México,09 CHURUBUSCO,Mr Beast Burger,ubereats,20.8,16.65,1.0,1.0
46086.0,8.0,MEX,Ciudad de México,16 PEDREGAL,Brunch & Munch,ubereats,21.65,16.62,1.38,1.0
46086.0,9.0,MEX,Ciudad de México,16 PEDREGAL,Órale Desayunos,didi,23.28,16.62,1.56,1.0
46086.0,8.0,MEX,Ciudad de México,01 DOCTORES,Órale Desayunos,ubereats,16.62,,18.71,1.0
46086.0,12.0,MEX,Ciudad de México,03 POLANCO,Órale Desayunos Turbo,rappi,6.85,16.62,61.97,1.0
46086.0,12.0,MEX,Monterrey,10 SAN JERONIMO,Brunch & Munch,ubereats,24.25,16.62,1.81,1.0
46086.0,8.0,MEX,Ciudad de México,11 AZCAPOTZALCO,Avocalia Desayunos,ubereats,12.37,16.6,13.05,1.0
46086.0,10.0,MEX,Ciudad de México,12 DEL VALLE,Órale Desayunos,ubereats,29.83,16.57,3.07,1.0
46086.0,19.0,MEX,Guadalajara,21 SANTA TERESITA,Green House,didi,22.86,16.57,0.12,1.0
46086.0,22.0,MEX,Ciudad de México,01 DOCTORES,Mega Greens (Super Ensaladas),ubereats,21.06,16.55,0.19,1.0
46086.0,21.0,MEX,Ciudad de México,01 DOCTORES,Avocalia,ubereats,26.57,16.53,0.32,1.0
46086.0,10.0,MEX,Ciudad de México,01 DOCTORES,The Egg Spot,didi,21.05,16.48,0.15,1.0
46086.0,16.0,MEX,Guadalajara,19 LA CALMA,Cocina Corrida turbo,rappi,20.91,16.4,0.27,1.0
46086.0,11.0,MEX,Guadalajara,21 SANTA TERESITA,Desayunos de la Abuela,didi,8.84,16.37,24.32,1.0
46086.0,19.0,MEX,Guadalajara,21 SANTA TERESITA,Mr Beast Burger,rappi,14.04,16.33,7.49,1.0
46086.0,20.0,MEX,Ciudad de México,11 AZCAPOTZALCO,Numa Cocina Mediterranea,ubereats,22.43,16.3,2.73,1.0
46086.0,11.0,MEX,Guadalajara,14 JARDINES,Brunch & Munch,rappi,40.11,16.3,6.96,1.0
46086.0,20.0,MEX,Ciudad de México,01 DOCTORES,Brunch & Munch,ubereats,23.34,16.28,0.8,1.0
46086.0,9.0,MEX,Ciudad de México,04 SANTA FE,LA PANQUEQUERIA,rappi,26.15,16.28,1.75,1.0
46086.0,13.0,MEX,Ciudad de México,09 CHURUBUSCO,Mr Beast Burger,didi,21.09,16.28,2.61,1.0
46086.0,13.0,MEX,Ciudad de México,16 PEDREGAL,Chemaquiles,ubereats,14.05,16.27,7.03,1.0
46086.0,10.0,MEX,Guadalajara,25 TABACHINES,Eggy by Chef Eva,ubereats,30.09,16.27,0.89,1.0
46086.0,21.0,MEX,Guadalajara,21 SANTA TERESITA,Mr Beast Burger,ubereats,26.28,16.27,2.7,1.0
46086.0,10.0,MEX,Monterrey,17 CUMBRES,LA PANQUEQUERIA,rappi,22.03,16.27,1.98,1.0
46086.0,14.0,MEX,Ciudad de México,04 SANTA FE,Green House,rappi,16.32,16.25,4.73,1.0
46086.0,11.0,MEX,Guadalajara,25 TABACHINES,Brunch & Munch,ubereats,34.55,16.22,1.55,1.0
46086.0,7.0,MEX,Ciudad de México,12 DEL VALLE,The Breakfast Club,ubereats,24.38,16.18,2.81,1.0
46086.0,20.0,MEX,Guadalajara,21 SANTA TERESITA,Don Gyros & Kebab,rappi,15.84,16.18,7.0,1.0
46086.0,12.0,MEX,Ciudad de México,09 CHURUBUSCO,Avocalia,ubereats,20.9,16.17,2.82,1.0
46086.0,14.0,MEX,Monterrey,17 CUMBRES,Mr Beast Burger,didi,19.98,16.15,1.0,1.0
46086.0,15.0,MEX,Ciudad de México,01 DOCTORES,Avocalia,ubereats,23.91,16.1,1.17,1.0
46086.0,10.0,MEX,Ciudad de México,04 SANTA FE,LA PANQUEQUERIA,rappi,18.67,16.1,3.92,1.0
46086.0,8.0,MEX,Merida,31 MONTEJO,Foodhub,rappi,20.11,16.1,0.87,1.0
46086.0,11.0,MEX,Ciudad de México,01 DOCTORES,Brunch & Munch,ubereats,19.06,16.05,1.87,1.0
46086.0,21.0,MEX,Ciudad de México,12 DEL VALLE,Green House,ubereats,19.3,16.03,2.6,1.0
46086.0,9.0,MEX,Ciudad de México,12 DEL VALLE,LA PANQUEQUERIA,ubereats,22.76,16.03,2.46,1.0
46086.0,16.0,MEX,Ciudad de México,02 SAN ANGEL,Que Chicken,rappi,20.3,16.03,94.72,1.0
46086.0,15.0,MEX,Ciudad de México,01 DOCTORES,House of Salads,ubereats,27.68,16.02,0.89,1.0
46086.0,9.0,MEX,Ciudad de México,11 AZCAPOTZALCO,Desayunos de la Abuela,didi,13.74,15.98,8.02,1.0
46086.0,9.0,MEX,Ciudad de México,11 AZCAPOTZALCO,Desayunos de la Abuela,didi,18.85,15.98,2.64,1.0
46086.0,13.0,MEX,Guadalajara,34 TLAQUEPAQUE,House of Salads,didi,20.14,15.97,0.75,1.0
46086.0,20.0,MEX,Ciudad de México,03 POLANCO,House of Salads,ubereats,21.02,15.95,0.04,1.0
46086.0,16.0,MEX,Merida,37 CANEK,Green House,rappi,29.9,15.93,0.99,1.0
46086.0,16.0,MEX,Merida,31 MONTEJO,Avocalia,ubereats,28.31,15.92,0.95,1.0
46086.0,14.0,MEX,Ciudad de México,01 DOCTORES,Mr Beast Burger,ubereats,24.7,15.88,1.15,1.0
46086.0,15.0,MEX,Monterrey,38 SALTILLO CENTRO,Mr Beast Burger,didi,19.96,15.88,0.88,1.0
46086.0,9.0,MEX,Ciudad de México,01 DOCTORES,Brunch & Munch,ubereats,20.01,15.87,0.83,1.0
46086.0,8.0,MEX,Ciudad de México,16 PEDREGAL,LA PANQUEQUERIA,ubereats,22.52,15.87,0.38,1.0
46086.0,9.0,MEX,Monterrey,10 SAN JERONIMO,Brunch & Munch,ubereats,26.58,15.87,2.12,1.0
46086.0,11.0,MEX,Guadalajara,25 TABACHINES,Brunch & Munch,didi,23.16,15.85,0.81,1.0
46086.0,15.0,MEX,Ciudad de México,09 CHURUBUSCO,Mr Beast Burger,didi,19.76,15.8,1.05,1.0
46086.0,7.0,MEX,Merida,31 MONTEJO,Brunch & Munch,ubereats,34.46,15.8,2.57,1.0
46086.0,22.0,MEX,Merida,37 CANEK,House of Salads,ubereats,23.63,15.8,1.89,1.0
46086.0,9.0,MEX,Ciudad de México,16 PEDREGAL,Brunch & Munch,ubereats,20.5,15.7,1.88,1.0
46086.0,8.0,MEX,Ciudad de México,12 DEL VALLE,Desayunos de la Abuela,didi,20.09,15.65,0.85,1.0
46086.0,14.0,MEX,Merida,37 CANEK,La Neta Burgers (Orale Burgers),rappi,22.41,15.65,0.75,1.0
46086.0,10.0,MEX,Ciudad de México,03 POLANCO,The Wrap Company MX,didi,7.68,15.63,13.03,1.0
46086.0,17.0,MEX,Merida,31 MONTEJO,Green House,rappi,20.17,15.62,0.1,1.0
46086.0,19.0,MEX,Puebla,26 CIUDAD JUDICIAL,Avocalia,didi,16.29,15.62,3.99,1.0
46086.0,10.0,MEX,Ciudad de México,09 CHURUBUSCO,Brunch & Munch,ubereats,21.06,15.58,2.42,1.0
46086.0,12.0,MEX,Guadalajara,21 SANTA TERESITA,The Wrap Company MX,didi,19.29,15.55,1.62,1.0
46086.0,16.0,MEX,Puebla,41 VOLCANES,Mr Beast Burger,ubereats,22.17,15.52,6.19,1.0
46086.0,15.0,MEX,Puebla,41 VOLCANES,Don Gyros & Kebab,didi,21.72,15.5,1.1,1.0
46086.0,7.0,MEX,Ciudad de México,16 PEDREGAL,Brunch & Munch,ubereats,22.7,15.47,2.36,1.0
46086.0,11.0,MEX,Ciudad de México,04 SANTA FE,Brunch & Munch,ubereats,24.17,15.47,4.76,1.0
46086.0,11.0,MEX,Ciudad de México,04 SANTA FE,Brunch & Munch,ubereats,27.01,15.43,1.82,1.0
46086.0,10.0,MEX,Ciudad de México,02 SAN ANGEL,LA PANQUEQUERIA,ubereats,23.81,15.43,3.09,1.0
46086.0,12.0,MEX,Ciudad de México,16 PEDREGAL,Desayunos de la Abuela,ubereats,28.02,15.42,1.63,1.0
46086.0,10.0,MEX,Ciudad de México,12 DEL VALLE,Brunch & Munch,rappi,32.65,15.4,1.49,1.0
46086.0,10.0,MEX,Ciudad de México,12 DEL VALLE,Brunch & Munch,rappi,13.9,15.4,18.7,1.0
46086.0,12.0,MEX,Ciudad de México,01 DOCTORES,Órale Desayunos,rappi,30.04,15.4,0.16,1.0
46086.0,10.0,MEX,Guadalajara,34 TLAQUEPAQUE,Órale Desayunos,didi,14.74,15.38,15.36,1.0
46086.0,14.0,MEX,Merida,37 CANEK,Chicken Tenders Hub,didi,23.51,15.37,0.49,1.0
46086.0,14.0,MEX,Merida,37 CANEK,Fonda Local,ubereats,27.17,15.37,1.77,1.0
46086.0,13.0,MEX,Ciudad de México,06 SATELITE,House of Salads,ubereats,21.37,15.33,1.02,1.0
46086.0,13.0,MEX,Ciudad de México,09 CHURUBUSCO,Que Chicken,rappi,18.91,15.32,1.19,1.0
46086.0,10.0,MEX,Ciudad de México,02 SAN ANGEL,Avocalia Desayunos,ubereats,20.83,15.3,11.13,1.0
46086.0,14.0,MEX,Guadalajara,21 SANTA TERESITA,Que Chicken,rappi,4.98,15.3,22.78,1.0
46086.0,16.0,MEX,Ciudad de México,12 DEL VALLE,Green House,ubereats,28.27,15.28,1.05,1.0
46086.0,9.0,MEX,Ciudad de México,16 PEDREGAL,Órale Desayunos,ubereats,20.01,15.28,2.91,1.0
46086.0,14.0,MEX,Guadalajara,21 SANTA TERESITA,Que Chicken,rappi,21.09,15.28,0.67,1.0
46086.0,12.0,MEX,Merida,31 MONTEJO,Brunch & Munch,ubereats,38.94,15.28,1.41,1.0
46086.0,18.0,MEX,Ciudad de México,09 CHURUBUSCO,House of Salads,didi,20.27,15.2,0.8,1.0
46086.0,20.0,MEX,Monterrey,17 CUMBRES,Mr Beast Burger,didi,19.63,15.2,0.5,1.0
46086.0,15.0,MEX,Ciudad de México,16 PEDREGAL,Fonda Local,didi,19.98,15.12,4.1,1.0
46086.0,18.0,MEX,Ciudad de México,09 CHURUBUSCO,House of Salads,ubereats,24.91,15.12,1.03,1.0
46086.0,10.0,MEX,Ciudad de México,05 COAPA,LA PANQUEQUERIA,ubereats,17.91,15.12,3.43,1.0
46086.0,14.0,MEX,Guadalajara,34 TLAQUEPAQUE,Honest Food,rappi,19.79,15.12,2.13,1.0
46086.0,9.0,MEX,Ciudad de México,51 SAMARA,The Breakfast Club,rappi,24.88,15.1,1.15,1.0
46086.0,16.0,MEX,Puebla,41 VOLCANES,Avocalia,ubereats,25.8,15.1,1.88,1.0
46086.0,9.0,MEX,Ciudad de México,12 DEL VALLE,Brunch & Munch,ubereats,29.17,15.03,1.91,1.0
46086.0,21.0,MEX,Ciudad de México,16 PEDREGAL,Mr Beast Burger,ubereats,18.15,14.97,1.34,1.0
46086.0,10.0,MEX,Ciudad de México,02 SAN ANGEL,Brunch & Munch,rappi,23.92,14.95,2.67,1.0
46086.0,7.0,MEX,Ciudad de México,15 LINDAVISTA,Brunch & Munch,ubereats,21.55,14.95,1.36,1.0
46086.0,16.0,MEX,Guadalajara,21 SANTA TERESITA,Avocalia,didi,20.22,14.9,0.95,1.0
46086.0,9.0,MEX,Merida,31 MONTEJO,LA PANQUEQUERIA,ubereats,27.28,14.9,3.07,1.0
46086.0,8.0,MEX,Ciudad de México,15 LINDAVISTA,Brunch & Munch,didi,10.82,14.88,20.36,1.0
46086.0,14.0,MEX,Monterrey,28 CARRETERA NACIONA,Fonda Local,didi,19.01,14.88,0.82,1.0
46086.0,14.0,MEX,Ciudad de México,01 DOCTORES,Mr Beast Burger,didi,19.33,14.87,0.51,1.0
46086.0,16.0,MEX,Ciudad de México,16 PEDREGAL,Brunch & Munch,ubereats,18.37,14.83,7.75,1.0
46086.0,14.0,MEX,Merida,31 MONTEJO,Mr Beast Burger,didi,35.37,14.83,13.57,1.0
46086.0,9.0,MEX,Ciudad de México,12 DEL VALLE,Brunch & Munch,ubereats,18.95,14.8,3.22,1.0
46086.0,20.0,MEX,Ciudad de México,01 DOCTORES,Honest Food,ubereats,21.75,14.8,7.08,1.0
46086.0,20.0,MEX,Ciudad de México,01 DOCTORES,Green House,ubereats,19.13,14.77,0.94,1.0
46086.0,16.0,MEX,Guadalajara,21 SANTA TERESITA,The Wrap Company MX,didi,28.72,14.77,0.11,1.0
46086.0,11.0,MEX,Ciudad de México,01 DOCTORES,Eggy by Chef Eva,ubereats,26.98,14.75,1.06,1.0
46086.0,15.0,MEX,Ciudad de México,09 CHURUBUSCO,Que Chicken,didi,18.96,14.75,0.99,1.0
46086.0,10.0,MEX,Ciudad de México,05 COAPA,The Wrap Company MX,didi,19.21,14.75,0.16,1.0
46086.0,11.0,MEX,Guadalajara,40 JARDINES DEL VALL,Brunch & Munch,rappi,21.83,14.75,5.97,1.0
46086.0,14.0,MEX,Puebla,41 VOLCANES,Honest Food,rappi,40.05,14.73,20.66,1.0
46086.0,7.0,MEX,Ciudad de México,12 DEL VALLE,Eggy by Chef Eva,ubereats,25.23,14.72,1.13,1.0
46086.0,13.0,MEX,Ciudad de México,16 PEDREGAL,Honest Food,didi,21.17,14.72,1.64,1.0
46086.0,12.0,MEX,Ciudad de México,09 CHURUBUSCO,LA PANQUEQUERIA,ubereats,22.09,14.72,1.87,1.0
46086.0,16.0,MEX,Monterrey,22 SAN NICOLAS,The Wrap Company MX,didi,15.21,14.72,9.72,1.0
46086.0,11.0,MEX,Ciudad de México,09 CHURUBUSCO,Desayunos de la Abuela,ubereats,27.02,14.7,1.06,1.0
46086.0,9.0,MEX,Monterrey,10 SAN JERONIMO,Desayunos de la Abuela,didi,32.13,14.7,1.22,1.0
46086.0,12.0,MEX,Ciudad de México,02 SAN ANGEL,Avocalia,didi,19.56,14.67,0.28,1.0
46086.0,12.0,MEX,Ciudad de México,12 DEL VALLE,Honest Food,ubereats,27.43,14.65,1.2,1.0
46086.0,9.0,MEX,Guadalajara,14 JARDINES,Avocalia Desayunos,ubereats,20.49,14.65,3.82,1.0
46086.0,9.0,MEX,Guadalajara,14 JARDINES,Brunch & Munch,ubereats,23.78,14.65,1.06,1.0
46086.0,13.0,MEX,Merida,31 MONTEJO,Honest Food,ubereats,45.94,14.65,6.9,1.0
46086.0,13.0,MEX,Merida,31 MONTEJO,Honest Food,ubereats,45.26,14.65,1.01,1.0
46086.0,12.0,MEX,Merida,31 MONTEJO,Numa Cocina Mediterranea,didi,26.97,14.65,1.0,1.0
46086.0,15.0,MEX,Ciudad de México,11 AZCAPOTZALCO,Que Chicken,ubereats,8.74,14.63,11.99,1.0
46086.0,15.0,MEX,Ciudad de México,11 AZCAPOTZALCO,Green House,ubereats,19.63,14.62,1.21,1.0
46086.0,14.0,MEX,Ciudad de México,04 SANTA FE,Que Chicken,ubereats,18.74,14.6,1.93,1.0
46086.0,15.0,MEX,Ciudad de México,06 SATELITE,Avocalia,ubereats,14.86,14.57,8.33,1.0
46086.0,11.0,MEX,Ciudad de México,09 CHURUBUSCO,Brunch & Munch,ubereats,19.78,14.57,3.86,1.0
46086.0,16.0,MEX,Ciudad de México,01 DOCTORES,La Neta Burgers (Orale Burgers),rappi,16.67,14.57,53.37,1.0
46086.0,18.0,MEX,Ciudad de México,09 CHURUBUSCO,Avocalia,ubereats,25.35,14.53,1.61,1.0
46086.0,18.0,MEX,Guadalajara,34 TLAQUEPAQUE,Numa Cocina Mediterranea,rappi,22.02,14.53,0.81,1.0
46086.0,7.0,MEX,Guadalajara,19 LA CALMA,Órale Desayunos,didi,17.49,14.52,1.74,1.0
46086.0,11.0,MEX,Merida,37 CANEK,Órale Desayunos,didi,18.69,14.52,1.49,1.0
46086.0,11.0,MEX,Monterrey,10 SAN JERONIMO,LA PANQUEQUERIA,rappi,23.68,14.52,2.01,1.0
46086.0,20.0,MEX,Ciudad de México,12 DEL VALLE,Don Gyros & Kebab,didi,31.49,14.5,1.72,1.0
46086.0,9.0,MEX,Ciudad de México,52 MANACAR,The Breakfast Club,ubereats,24.86,14.5,2.42,1.0
46086.0,12.0,MEX,Ciudad de México,27 IZTAPALAPA,Avocalia,didi,18.83,14.48,0.37,1.0
46086.0,10.0,MEX,Monterrey,10 SAN JERONIMO,Brunch & Munch,rappi,32.57,14.45,1.37,1.0
46086.0,7.0,MEX,Ciudad de México,04 SANTA FE,Desayunos de la Abuela,ubereats,28.77,14.4,1.16,1.0
46086.0,12.0,MEX,Ciudad de México,09 CHURUBUSCO,House of Salads,ubereats,23.17,14.38,2.27,1.0
46086.0,10.0,MEX,Ciudad de México,01 DOCTORES,House of Salads,didi,18.98,14.35,0.54,1.0
46086.0,8.0,MEX,Guadalajara,19 LA CALMA,Orale Chilaquiles Turbo,rappi,15.03,14.35,4.11,1.0
46086.0,22.0,MEX,Ciudad de México,01 DOCTORES,Mr Beast Burger,ubereats,22.3,14.33,0.77,1.0
46086.0,14.0,MEX,Ciudad de México,16 PEDREGAL,La Neta Burgers (Orale Burgers),rappi,21.79,14.3,1.36,1.0
46086.0,15.0,MEX,Ciudad de México,01 DOCTORES,Tasty Foods,didi,19.86,14.3,0.12,1.0
46086.0,9.0,MEX,Merida,37 CANEK,Órale Desayunos,ubereats,13.02,14.3,8.67,1.0
46086.0,16.0,MEX,Zona Centro,24 METEPEC,Brunch & Munch,rappi,22.12,14.3,2.25,1.0
46086.0,9.0,MEX,Merida,31 MONTEJO,Foodhub,didi,21.61,14.28,0.54,1.0
46086.0,9.0,MEX,Merida,31 MONTEJO,LA PANQUEQUERIA,ubereats,18.04,14.27,2.75,1.0
46086.0,20.0,MEX,Ciudad de México,12 DEL VALLE,Mr Beast Burger,ubereats,22.67,14.25,0.41,1.0
46086.0,16.0,MEX,Merida,37 CANEK,Signature Salads,rappi,22.17,14.25,0.85,1.0
46086.0,15.0,MEX,Ciudad de México,12 DEL VALLE,Desayunos de la Abuela Turbo,rappi,17.93,14.23,1.12,1.0
46086.0,15.0,MEX,Ciudad de México,03 POLANCO,Que Chicken,ubereats,17.85,14.23,1.21,1.0
46086.0,9.0,MEX,Merida,31 MONTEJO,LA PANQUEQUERIA,ubereats,11.23,14.23,18.94,1.0
46086.0,20.0,MEX,Ciudad de México,12 DEL VALLE,Avocalia,ubereats,19.08,14.2,15.87,1.0
46086.0,7.0,MEX,Ciudad de México,15 LINDAVISTA,Órale Desayunos,ubereats,16.43,14.18,6.38,1.0
46086.0,14.0,MEX,Merida,31 MONTEJO,Honest Food,didi,34.15,14.17,13.13,1.0
46086.0,14.0,MEX,Merida,37 CANEK,House of Salads,ubereats,30.17,14.15,1.9,1.0
46086.0,14.0,MEX,Merida,37 CANEK,Mr Beast Burger,ubereats,18.94,14.15,4.86,1.0
46086.0,17.0,MEX,Puebla,41 VOLCANES,Avocalia,didi,18.36,14.15,0.66,1.0
46086.0,16.0,MEX,Puebla,41 VOLCANES,Avocalia,ubereats,23.25,14.15,7.53,1.0
46086.0,7.0,MEX,Monterrey,10 SAN JERONIMO,The Wrap Company MX,didi,19.51,14.12,1.32,1.0
46086.0,12.0,MEX,Merida,31 MONTEJO,LA PANQUEQUERIA,ubereats,31.76,14.1,1.94,1.0
46086.0,14.0,MEX,Ciudad de México,01 DOCTORES,Honest Food,ubereats,26.3,14.08,0.84,1.0
46086.0,14.0,MEX,Ciudad de México,01 DOCTORES,Que Chicken,didi,19.71,14.08,0.13,1.0
46086.0,14.0,MEX,Ciudad de México,01 DOCTORES,Mr Beast Burger Turbo,rappi,18.81,14.05,0.11,1.0
46086.0,8.0,MEX,Guadalajara,25 TABACHINES,Brunch & Munch,ubereats,36.54,14.03,0.46,1.0
46086.0,11.0,MEX,Guadalajara,14 JARDINES,The Egg Spot,ubereats,21.88,14.03,0.17,1.0
46086.0,13.0,MEX,Monterrey,38 SALTILLO CENTRO,Mr Beast Burger,rappi,20.19,14.02,0.95,1.0
46086.0,16.0,MEX,Puebla,26 CIUDAD JUDICIAL,Fonda Local,rappi,18.03,14.02,0.89,1.0
46086.0,11.0,MEX,Puebla,41 VOLCANES,Órale Desayunos,didi,18.06,14.0,0.45,1.0
46086.0,16.0,MEX,Guadalajara,21 SANTA TERESITA,Green House,ubereats,22.8,13.95,15.38,1.0
46086.0,20.0,MEX,Ciudad de México,01 DOCTORES,Green House,ubereats,20.17,13.93,1.15,1.0
46086.0,15.0,MEX,Merida,37 CANEK,Avocalia,ubereats,24.05,13.9,0.91,1.0
46086.0,9.0,MEX,Monterrey,10 SAN JERONIMO,Brunch & Munch,ubereats,21.02,13.88,3.2,1.0
46086.0,7.0,MEX,Ciudad de México,01 DOCTORES,Brunch & Munch,ubereats,15.83,13.87,5.29,1.0
46086.0,16.0,MEX,Merida,37 CANEK,Brunch & Munch,ubereats,29.52,13.87,0.92,1.0
46086.0,15.0,MEX,Ciudad de México,04 SANTA FE,Cocina Corrida,rappi,18.29,13.82,0.12,1.0
46086.0,15.0,MEX,Ciudad de México,16 PEDREGAL,Honest Food,rappi,30.86,13.82,3.1,1.0
46086.0,11.0,MEX,Guadalajara,14 JARDINES,Brunch & Munch,ubereats,33.5,13.8,0.44,1.0
46086.0,15.0,MEX,Monterrey,13 TEC,House of Salads,didi,16.07,13.75,3.83,1.0
46086.0,11.0,MEX,Ciudad de México,04 SANTA FE,Brunch & Munch,ubereats,22.81,13.73,2.13,1.0
46086.0,10.0,MEX,Ciudad de México,01 DOCTORES,Desayunos de la Abuela,ubereats,19.7,13.73,6.42,1.0
46086.0,11.0,MEX,Ciudad de México,12 DEL VALLE,The Wrap Company MX,didi,18.0,13.73,0.92,1.0
46086.0,13.0,MEX,Ciudad de México,15 LINDAVISTA,Mr Beast Burger,didi,17.95,13.7,0.78,1.0
46086.0,17.0,MEX,Monterrey,13 TEC,Que Chicken,rappi,16.94,13.68,2.69,1.0
46086.0,8.0,MEX,Ciudad de México,02 SAN ANGEL,Brunch & Munch,ubereats,18.88,13.67,0.87,1.0
46086.0,11.0,MEX,Merida,37 CANEK,Brunch & Munch,rappi,20.37,13.67,0.78,1.0
46086.0,14.0,MEX,Ciudad de México,09 CHURUBUSCO,Honest Food,rappi,10.95,13.63,7.33,1.0
46086.0,15.0,MEX,Monterrey,17 CUMBRES,Que Chicken,rappi,23.4,13.63,0.0,1.0
46086.0,12.0,MEX,Ciudad de México,52 MANACAR,Avocalia,didi,17.85,13.62,0.44,1.0
46086.0,10.0,MEX,Ciudad de México,03 POLANCO,Brunch & Munch,rappi,22.35,13.62,1.08,1.0
46086.0,16.0,MEX,Guadalajara,34 TLAQUEPAQUE,FC Barcelona,rappi,17.42,13.62,0.88,1.0
46086.0,15.0,MEX,Guadalajara,19 LA CALMA,Green House,rappi,13.32,13.6,8.94,1.0
46086.0,12.0,MEX,Merida,31 MONTEJO,Órale Desayunos,didi,28.17,13.6,1.12,1.0
46086.0,15.0,MEX,Ciudad de México,16 PEDREGAL,Mr Beast Burger,didi,23.09,13.58,14.84,1.0
46086.0,16.0,MEX,Ciudad de México,01 DOCTORES,Avocalia,ubereats,26.89,13.57,9.22,1.0
46086.0,10.0,MEX,Ciudad de México,16 PEDREGAL,Brunch & Munch,ubereats,29.04,13.53,1.03,1.0
46086.0,15.0,MEX,Merida,31 MONTEJO,The Wrap Company MX,didi,20.97,13.5,0.05,1.0
46086.0,14.0,MEX,Guadalajara,14 JARDINES,Tasty Foods,didi,20.11,13.48,1.08,1.0
46086.0,10.0,MEX,Monterrey,13 TEC,Órale Desayunos,didi,18.77,13.48,0.28,1.0
46086.0,12.0,MEX,Ciudad de México,12 DEL VALLE,LA PANQUEQUERIA,ubereats,20.73,13.47,2.49,1.0
46086.0,16.0,MEX,Merida,37 CANEK,Mr Beast Burger,rappi,30.72,13.47,1.17,1.0
46086.0,19.0,MEX,Ciudad de México,12 DEL VALLE,Honest Food,ubereats,18.53,13.45,2.58,1.0
46086.0,16.0,MEX,Guadalajara,45 ESTADIO,La Neta Burgers (Orale Burgers),rappi,15.07,13.45,7.86,1.0
46086.0,12.0,MEX,Guadalajara,19 LA CALMA,The Wrap Company MX,didi,10.54,13.45,8.06,1.0
46086.0,15.0,MEX,Zona Centro,24 METEPEC,House of Salads,ubereats,17.69,13.45,0.52,1.0
46086.0,12.0,MEX,Ciudad de México,15 LINDAVISTA,Órale Desayunos,didi,10.05,13.43,8.52,1.0
46086.0,7.0,MEX,Monterrey,17 CUMBRES,Órale Desayunos,didi,17.9,13.42,0.95,1.0
46086.0,14.0,MEX,Monterrey,38 SALTILLO CENTRO,Que Chicken,rappi,22.78,13.42,0.13,1.0
46086.0,10.0,MEX,Ciudad de México,01 DOCTORES,Brunch & Munch,ubereats,24.24,13.38,1.51,1.0
46086.0,11.0,MEX,Ciudad de México,09 CHURUBUSCO,Desayunos de la Abuela,didi,18.19,13.38,0.87,1.0
46086.0,15.0,MEX,Ciudad de México,16 PEDREGAL,Honest Food,ubereats,26.03,13.38,3.9,1.0
46086.0,12.0,MEX,Ciudad de México,12 DEL VALLE,Avocalia Desayunos,ubereats,22.73,13.35,1.34,1.0
46086.0,12.0,MEX,Ciudad de México,09 CHURUBUSCO,La Neta Burgers (Orale Burgers),didi,20.6,13.35,0.37,1.0
46086.0,13.0,MEX,Guadalajara,21 SANTA TERESITA,Fonda Local,didi,23.87,13.33,8.01,1.0
46086.0,9.0,MEX,Ciudad de México,02 SAN ANGEL,Brunch & Munch,ubereats,8.12,13.32,11.97,1.0
46086.0,10.0,MEX,Ciudad de México,12 DEL VALLE,LA PANQUEQUERIA,ubereats,29.71,13.28,2.03,1.0
46086.0,14.0,MEX,Ciudad de México,09 CHURUBUSCO,The Breakfast Club,didi,21.49,13.27,0.48,1.0
46086.0,15.0,MEX,Merida,31 MONTEJO,Cocina Corrida,rappi,17.84,13.25,0.23,1.0
46086.0,14.0,MEX,Monterrey,22 SAN NICOLAS,Avocalia,didi,18.8,13.25,1.93,1.0
46086.0,16.0,MEX,Puebla,41 VOLCANES,Signature Salads,didi,26.13,13.25,0.3,1.0
46086.0,11.0,MEX,Ciudad de México,12 DEL VALLE,Avocalia,didi,17.32,13.23,0.74,1.0
46086.0,20.0,MEX,Ciudad de México,12 DEL VALLE,Mr Beast Burger,ubereats,17.17,13.22,2.18,1.0
46086.0,12.0,MEX,Ciudad de México,12 DEL VALLE,Desayunos de la Abuela Turbo,rappi,9.03,13.18,11.97,1.0
46086.0,15.0,MEX,Ciudad de México,03 POLANCO,Honest Food,didi,17.85,13.17,0.58,1.0
46086.0,11.0,MEX,Puebla,41 VOLCANES,The Wrap Company MX,didi,18.8,13.15,0.14,1.0
46086.0,10.0,MEX,Ciudad de México,02 SAN ANGEL,Brunch & Munch,ubereats,28.51,13.12,1.18,1.0
46086.0,14.0,MEX,Ciudad de México,06 SATELITE,Avocalia,ubereats,20.85,13.08,0.89,1.0
46086.0,18.0,MEX,Ciudad de México,09 CHURUBUSCO,Avocalia,ubereats,24.44,13.08,0.97,1.0
46086.0,10.0,MEX,Ciudad de México,52 MANACAR,Desayunos de la Abuela,ubereats,24.21,13.08,1.63,1.0
46086.0,14.0,MEX,Ciudad de México,01 DOCTORES,LA PANQUEQUERIA,didi,19.14,13.07,0.6,1.0
46086.0,21.0,MEX,Ciudad de México,01 DOCTORES,Mr Beast Burger,didi,21.66,13.07,1.27,1.0
46086.0,15.0,MEX,Puebla,41 VOLCANES,Numa Cocina Mediterranea,ubereats,24.1,13.07,0.88,1.0
46086.0,20.0,MEX,Ciudad de México,04 SANTA FE,La Neta Burgers (Orale Burgers),rappi,22.59,13.05,0.25,1.0
46086.0,9.0,MEX,Ciudad de México,16 PEDREGAL,Órale Desayunos,ubereats,30.16,13.05,2.09,1.0
46086.0,16.0,MEX,Merida,37 CANEK,Honest Food,rappi,19.62,13.05,0.95,1.0
46086.0,10.0,MEX,Monterrey,22 SAN NICOLAS,Brunch & Munch,ubereats,21.91,13.05,3.93,1.0
46086.0,15.0,MEX,Ciudad de México,03 POLANCO,Fonda Local,didi,20.57,13.02,4.92,1.0
46086.0,7.0,MEX,Merida,37 CANEK,Órale Desayunos,didi,16.85,13.02,1.09,1.0
46086.0,11.0,MEX,Ciudad de México,03 POLANCO,Órale Desayunos,didi,11.92,12.98,6.01,1.0
46086.0,15.0,MEX,Ciudad de México,09 CHURUBUSCO,Órale Desayunos,ubereats,18.15,12.98,1.75,1.0
46086.0,10.0,MEX,Guadalajara,25 TABACHINES,Eggy by Chef Eva,ubereats,32.92,12.98,51.23,1.0
46086.0,10.0,MEX,Puebla,41 VOLCANES,Órale Desayunos,ubereats,23.2,12.98,0.13,1.0
46086.0,7.0,MEX,Guadalajara,14 JARDINES,LA PANQUEQUERIA,ubereats,37.34,12.95,0.53,1.0
46086.0,12.0,MEX,Monterrey,10 SAN JERONIMO,Órale Desayunos Turbo,rappi,21.28,12.95,1.76,1.0
46086.0,15.0,MEX,Puebla,41 VOLCANES,Brunch & Munch,didi,25.08,12.95,0.84,1.0
46086.0,18.0,MEX,Ciudad de México,05 COAPA,Honest Food,rappi,23.04,12.92,0.87,1.0
46086.0,14.0,MEX,Ciudad de México,03 POLANCO,Honest Food,ubereats,20.22,12.92,0.65,1.0
46086.0,9.0,MEX,Monterrey,13 TEC,The Wrap Company MX,didi,14.67,12.9,7.34,1.0
46086.0,14.0,MEX,Monterrey,17 CUMBRES,Pozórale,rappi,15.82,12.88,2.03,1.0
46086.0,21.0,MEX,Monterrey,28 CARRETERA NACIONA,Avocalia,rappi,20.84,12.87,0.71,1.0
46086.0,13.0,MEX,Guadalajara,21 SANTA TERESITA,Avocalia,didi,23.0,12.85,0.3,1.0
46086.0,12.0,MEX,Monterrey,10 SAN JERONIMO,Avocalia,didi,19.06,12.85,1.03,1.0
46086.0,9.0,MEX,Ciudad de México,01 DOCTORES,Brunch & Munch,ubereats,12.94,12.83,4.9,1.0
46086.0,8.0,MEX,Ciudad de México,52 MANACAR,The Breakfast Club,didi,20.94,12.83,0.76,1.0
46086.0,8.0,MEX,Merida,37 CANEK,The Wrap Company MX,didi,17.0,12.83,0.83,1.0
46086.0,15.0,MEX,Puebla,41 VOLCANES,Órale Desayunos,ubereats,19.13,12.83,1.33,1.0
46086.0,20.0,MEX,Ciudad de México,01 DOCTORES,Honest Food,ubereats,18.16,12.78,1.04,1.0
46086.0,11.0,MEX,Guadalajara,14 JARDINES,Chemaquiles,ubereats,35.0,12.78,0.33,1.0
46086.0,8.0,MEX,Ciudad de México,12 DEL VALLE,Órale Desayunos,didi,16.98,12.77,0.84,1.0
46086.0,13.0,MEX,Ciudad de México,15 LINDAVISTA,Órale Desayunos,ubereats,16.4,12.75,3.76,1.0
46086.0,15.0,MEX,Ciudad de México,16 PEDREGAL,Mr Beast Burger,ubereats,18.77,12.73,1.18,1.0
46086.0,12.0,MEX,Ciudad de México,16 PEDREGAL,The Breakfast Club,rappi,17.07,12.73,0.96,1.0
46086.0,19.0,MEX,Guadalajara,25 TABACHINES,La Neta Burgers (Orale Burgers),rappi,19.99,12.73,25.96,1.0
46086.0,14.0,MEX,Monterrey,38 SALTILLO CENTRO,Órale Desayunos,didi,17.17,12.72,0.18,1.0
46086.0,12.0,MEX,Monterrey,17 CUMBRES,Órale Desayunos,rappi,17.01,12.72,0.76,1.0
46086.0,16.0,MEX,Guadalajara,40 JARDINES DEL VALL,Green House,ubereats,25.37,12.68,0.84,1.0
46086.0,15.0,MEX,Guadalajara,45 ESTADIO,Tasty Foods,rappi,16.3,12.67,1.03,1.0
46086.0,19.0,MEX,Ciudad de México,01 DOCTORES,Numa Cocina Mediterranea,ubereats,21.9,12.65,0.27,1.0
46086.0,15.0,MEX,Monterrey,13 TEC,Honest Food,didi,6.8,12.65,5.82,1.0
46086.0,15.0,MEX,Ciudad de México,01 DOCTORES,House of Salads,didi,22.38,12.6,0.53,1.0
46086.0,18.0,MEX,Ciudad de México,01 DOCTORES,Green House,ubereats,30.73,12.58,0.47,1.0
46086.0,17.0,MEX,Ciudad de México,09 CHURUBUSCO,Mr Beast Burger,didi,21.66,12.58,0.92,1.0
46086.0,8.0,MEX,Ciudad de México,12 DEL VALLE,LA PANQUEQUERIA,ubereats,16.99,12.57,1.08,1.0
46086.0,10.0,MEX,Monterrey,17 CUMBRES,Brunch & Munch,rappi,22.93,12.55,1.2,1.0
46086.0,12.0,MEX,Ciudad de México,09 CHURUBUSCO,Green House,rappi,17.65,12.53,0.83,1.0
46086.0,8.0,MEX,Guadalajara,25 TABACHINES,Órale Desayunos,didi,21.72,12.52,1.0,
46086.0,15.0,MEX,Merida,37 CANEK,Honest Food,rappi,16.93,12.52,0.31,1.0
46086.0,12.0,MEX,Guadalajara,14 JARDINES,Green House,ubereats,28.1,12.48,2.02,1.0
46086.0,17.0,MEX,Guadalajara,14 JARDINES,Honest Food,rappi,24.12,12.48,2.23,1.0
46086.0,19.0,MEX,Ciudad de México,01 DOCTORES,The Egg Spot,didi,25.46,12.45,0.1,1.0
46086.0,16.0,MEX,Monterrey,13 TEC,House of Salads,ubereats,19.46,12.45,2.5,1.0
46086.0,15.0,MEX,Ciudad de México,11 AZCAPOTZALCO,Avocalia,didi,16.99,12.43,0.38,1.0
46086.0,12.0,MEX,Monterrey,28 CARRETERA NACIONA,Honest Food,rappi,17.62,12.43,1.23,1.0
46086.0,15.0,MEX,Monterrey,17 CUMBRES,House of Salads,ubereats,31.67,12.43,1.17,1.0
46086.0,17.0,MEX,Puebla,41 VOLCANES,Mr Beast Burger,ubereats,24.96,12.43,1.73,1.0
46086.0,9.0,MEX,Ciudad de México,03 POLANCO,LA PANQUEQUERIA,ubereats,8.14,12.42,15.64,1.0
46086.0,20.0,MEX,Merida,37 CANEK,The Egg Spot,rappi,19.9,12.42,1.03,1.0
46086.0,12.0,MEX,Monterrey,10 SAN JERONIMO,The Breakfast Club,ubereats,24.82,12.4,4.08,1.0
46086.0,11.0,MEX,Monterrey,13 TEC,The Egg Spot,didi,17.81,12.4,0.37,1.0
46086.0,12.0,MEX,Ciudad de México,12 DEL VALLE,LA PANQUEQUERIA,didi,26.81,12.35,2.16,1.0
46086.0,9.0,MEX,Monterrey,10 SAN JERONIMO,Brunch & Munch,ubereats,18.67,12.35,2.88,1.0
46086.0,19.0,MEX,Ciudad de México,09 CHURUBUSCO,FC Barcelona,rappi,23.74,12.3,3.0,1.0
46086.0,14.0,MEX,Ciudad de México,03 POLANCO,Honest Food,didi,16.84,12.3,0.25,1.0
46086.0,16.0,MEX,Guadalajara,45 ESTADIO,Honest Food,rappi,17.0,12.3,0.88,1.0
46086.0,19.0,MEX,Guadalajara,21 SANTA TERESITA,Que Chicken,rappi,13.93,12.3,3.8,1.0
46086.0,12.0,MEX,Ciudad de México,27 IZTAPALAPA,Fonda Local,didi,16.94,12.28,2.34,1.0
46086.0,16.0,MEX,Ciudad de México,09 CHURUBUSCO,Green House,rappi,19.86,12.28,0.48,1.0
46086.0,11.0,MEX,Guadalajara,34 TLAQUEPAQUE,Brunch & Munch,ubereats,18.63,12.28,1.31,1.0
46086.0,10.0,MEX,Guadalajara,40 JARDINES DEL VALL,Desayunos de la Abuela,didi,16.81,12.28,1.88,1.0
46086.0,13.0,MEX,Monterrey,38 SALTILLO CENTRO,Fonda Local,didi,24.97,12.27,1.55,1.0
46086.0,14.0,MEX,Ciudad de México,03 POLANCO,Avocalia,ubereats,15.23,12.25,1.82,1.0
46086.0,11.0,MEX,Ciudad de México,04 SANTA FE,Eggy by Chef Eva,ubereats,30.7,12.25,1.43,1.0
46086.0,17.0,MEX,Puebla,41 VOLCANES,Fonda Local,rappi,19.14,12.25,0.82,1.0
46086.0,14.0,MEX,Guadalajara,34 TLAQUEPAQUE,Que Chicken,rappi,16.34,12.22,3.62,1.0
46086.0,11.0,MEX,Monterrey,10 SAN JERONIMO,The Breakfast Club,ubereats,21.96,12.22,5.65,1.0
46086.0,8.0,MEX,Ciudad de México,06 SATELITE,Desayunos de la Abuela,ubereats,14.64,12.2,2.42,1.0
46086.0,14.0,MEX,Guadalajara,45 ESTADIO,Green House,rappi,15.73,12.18,1.28,1.0
46086.0,16.0,MEX,Merida,37 CANEK,Honest Food,rappi,16.74,12.18,0.29,1.0
46086.0,22.0,MEX,Ciudad de México,01 DOCTORES,Fonda Local,didi,16.35,12.17,0.65,1.0
46086.0,10.0,MEX,Zona Centro,24 METEPEC,Desayunos de la Abuela,rappi,17.97,12.15,0.66,1.0
46086.0,21.0,MEX,Ciudad de México,03 POLANCO,Fonda Local,didi,16.08,12.13,0.89,1.0
46086.0,8.0,MEX,Monterrey,10 SAN JERONIMO,Brunch & Munch,ubereats,22.03,12.13,1.69,1.0
46086.0,9.0,MEX,Ciudad de México,01 DOCTORES,Brunch & Munch,ubereats,18.93,12.12,0.49,1.0
46086.0,16.0,MEX,Ciudad de México,09 CHURUBUSCO,House of Salads,didi,16.33,12.12,1.0,1.0
46086.0,9.0,MEX,Guadalajara,21 SANTA TERESITA,The Wrap Company MX,didi,24.71,12.12,0.27,1.0
46086.0,13.0,MEX,Ciudad de México,01 DOCTORES,Órale Desayunos,ubereats,21.01,12.1,0.9,1.0
46086.0,9.0,MEX,Guadalajara,21 SANTA TERESITA,LA PANQUEQUERIA,ubereats,28.11,12.1,0.81,1.0
46086.0,10.0,MEX,Puebla,26 CIUDAD JUDICIAL,Brunch & Munch,ubereats,28.17,12.1,0.81,1.0
46086.0,18.0,MEX,Ciudad de México,01 DOCTORES,Avocalia,ubereats,26.86,12.08,0.75,1.0
46086.0,10.0,MEX,Ciudad de México,09 CHURUBUSCO,Brunch & Munch,ubereats,26.68,12.08,0.88,1.0
46086.0,9.0,MEX,Ciudad de México,01 DOCTORES,The Egg Spot Turbo,rappi,17.07,12.08,0.12,1.0
46086.0,20.0,MEX,Guadalajara,34 TLAQUEPAQUE,La Neta Burgers (Orale Burgers),rappi,18.31,12.08,0.74,1.0
46086.0,20.0,MEX,Guadalajara,34 TLAQUEPAQUE,La Neta Burgers (Orale Burgers),rappi,12.13,12.08,6.93,1.0
46086.0,8.0,MEX,Ciudad de México,15 LINDAVISTA,Brunch & Munch,ubereats,18.5,12.05,5.47,1.0
46086.0,12.0,MEX,Monterrey,17 CUMBRES,Chemaquiles,didi,16.14,12.05,0.8,1.0
46086.0,12.0,MEX,Ciudad de México,09 CHURUBUSCO,Avocalia,didi,16.22,12.03,0.28,1.0
46086.0,13.0,MEX,Ciudad de México,16 PEDREGAL,Avocalia,ubereats,19.08,12.03,1.07,1.0
46086.0,9.0,MEX,Ciudad de México,52 MANACAR,The Breakfast Club,ubereats,15.31,12.02,1.62,1.0
46086.0,7.0,MEX,Monterrey,10 SAN JERONIMO,The Wrap Company MX,didi,16.8,12.02,0.24,1.0
46086.0,15.0,MEX,Ciudad de México,11 AZCAPOTZALCO,Órale Desayunos,ubereats,15.84,12.0,3.09,1.0
46086.0,10.0,MEX,Guadalajara,40 JARDINES DEL VALL,Avocalia Desayunos,ubereats,23.33,12.0,1.52,1.0
46086.0,10.0,MEX,Zona Centro,24 METEPEC,Órale Desayunos,ubereats,18.07,12.0,5.1,1.0
46086.0,9.0,MEX,Ciudad de México,16 PEDREGAL,The Egg Spot,ubereats,23.93,11.98,1.65,1.0
46086.0,10.0,MEX,Merida,37 CANEK,Desayunos de la Abuela,rappi,15.29,11.98,1.63,1.0
46086.0,20.0,MEX,Ciudad de México,04 SANTA FE,Numa Cocina Mediterranea,ubereats,23.01,11.97,0.74,1.0
46086.0,14.0,MEX,Puebla,41 VOLCANES,Green House,ubereats,21.36,11.97,6.03,1.0
46086.0,10.0,MEX,Guadalajara,40 JARDINES DEL VALL,Desayunos de la Abuela,ubereats,22.01,11.93,4.7,1.0
46086.0,11.0,MEX,Ciudad de México,16 PEDREGAL,The Wrap Company MX,didi,16.24,11.92,0.61,1.0
46086.0,12.0,MEX,Guadalajara,21 SANTA TERESITA,Fonda Local,didi,16.86,11.92,1.12,1.0
46086.0,10.0,MEX,Guadalajara,40 JARDINES DEL VALL,Órale Desayunos,ubereats,23.11,11.92,1.12,1.0
46086.0,10.0,MEX,Monterrey,10 SAN JERONIMO,Brunch & Munch,ubereats,26.02,11.92,2.82,1.0
46086.0,14.0,MEX,Ciudad de México,05 COAPA,House of Salads,ubereats,19.66,11.9,2.05,1.0
46086.0,15.0,MEX,Puebla,41 VOLCANES,La Neta Burgers (Orale Burgers),rappi,16.2,11.9,1.95,1.0
46086.0,10.0,MEX,Ciudad de México,09 CHURUBUSCO,Brunch & Munch,ubereats,24.18,11.87,0.98,1.0
46086.0,9.0,MEX,Ciudad de México,04 SANTA FE,Desayunos de la Abuela,rappi,28.5,11.87,0.2,1.0
46086.0,8.0,MEX,Ciudad de México,06 SATELITE,Órale Desayunos,ubereats,19.24,11.87,0.72,1.0
46086.0,15.0,MEX,Puebla,41 VOLCANES,Avocalia,didi,15.95,11.87,0.89,1.0
46086.0,20.0,MEX,Monterrey,17 CUMBRES,La Neta Burgers (Orale Burgers),rappi,16.88,11.85,0.51,1.0
46086.0,11.0,MEX,Merida,31 MONTEJO,Avocalia Desayunos,rappi,15.38,11.83,1.45,1.0
46086.0,14.0,MEX,Ciudad de México,27 IZTAPALAPA,Mr Beast Burger,didi,17.45,11.82,3.59,1.0
46086.0,11.0,MEX,Ciudad de México,09 CHURUBUSCO,Brunch & Munch,ubereats,23.32,11.8,2.6,1.0
46086.0,20.0,MEX,Ciudad de México,04 SANTA FE,Mr Beast Burger,didi,24.98,11.8,1.06,1.0
46086.0,14.0,MEX,Ciudad de México,03 POLANCO,Avocalia,ubereats,21.54,11.78,1.23,1.0
46086.0,16.0,MEX,Ciudad de México,01 DOCTORES,Avocalia,ubereats,24.19,11.78,0.88,1.0
46086.0,11.0,MEX,Guadalajara,25 TABACHINES,Brunch & Munch,rappi,35.89,11.78,35.09,1.0
46086.0,8.0,MEX,Monterrey,38 SALTILLO CENTRO,Desayunos de la Abuela,rappi,17.15,11.78,0.64,1.0
46086.0,20.0,MEX,Ciudad de México,12 DEL VALLE,Brunch & Munch,ubereats,23.47,11.77,0.18,1.0
46086.0,10.0,MEX,Ciudad de México,16 PEDREGAL,Desayunos de la Abuela,didi,18.05,11.77,0.12,1.0
46086.0,10.0,MEX,Ciudad de México,05 COAPA,Brunch & Munch,didi,18.75,11.75,0.29,1.0
46086.0,11.0,MEX,Ciudad de México,09 CHURUBUSCO,LA PANQUEQUERIA,ubereats,23.96,11.75,2.76,1.0
46086.0,16.0,MEX,Ciudad de México,01 DOCTORES,Mr Beast Burger,didi,14.99,11.75,6.26,1.0
46086.0,16.0,MEX,Ciudad de México,01 DOCTORES,Mr Beast Burger,didi,19.11,11.75,0.18,1.0
46086.0,12.0,MEX,Monterrey,13 TEC,Órale Desayunos,ubereats,7.45,11.75,13.51,1.0
46086.0,12.0,MEX,Guadalajara,14 JARDINES,Chemaquiles,didi,16.46,11.73,0.68,1.0
46086.0,11.0,MEX,Guadalajara,14 JARDINES,Órale Desayunos,rappi,26.46,11.72,0.19,1.0
46086.0,15.0,MEX,Ciudad de México,09 CHURUBUSCO,Mr Beast Burger,rappi,18.45,11.7,1.74,1.0
46086.0,10.0,MEX,Merida,31 MONTEJO,Brunch & Munch,rappi,16.54,11.7,1.16,1.0
46086.0,15.0,MEX,Monterrey,17 CUMBRES,Mr Beast Burger,rappi,15.84,11.7,0.9,1.0
46086.0,14.0,MEX,Puebla,26 CIUDAD JUDICIAL,Avocalia,didi,15.84,11.7,2.37,1.0
46086.0,14.0,MEX,Puebla,41 VOLCANES,Mr Beast Burger,rappi,21.78,11.7,1.83,1.0
46086.0,15.0,MEX,Ciudad de México,09 CHURUBUSCO,Green House,ubereats,19.33,11.68,1.53,1.0
46086.0,9.0,MEX,Ciudad de México,09 CHURUBUSCO,Órale Desayunos,ubereats,22.35,11.68,1.62,1.0
46086.0,16.0,MEX,Guadalajara,19 LA CALMA,Avocalia,rappi,18.93,11.68,1.15,1.0
46086.0,21.0,MEX,Guadalajara,21 SANTA TERESITA,Mr Beast Burger,rappi,19.7,11.68,0.2,1.0
46086.0,17.0,MEX,Puebla,41 VOLCANES,Mr Beast Burger,didi,28.04,11.67,0.97,1.0
46086.0,15.0,MEX,Ciudad de México,01 DOCTORES,Avocalia,ubereats,19.54,11.65,0.18,1.0
46086.0,9.0,MEX,Ciudad de México,12 DEL VALLE,Brunch & Munch,ubereats,27.22,11.65,1.79,1.0
46086.0,13.0,MEX,Guadalajara,40 JARDINES DEL VALL,Don Gyros & Kebab,rappi,11.96,11.65,4.36,1.0
46086.0,18.0,MEX,Ciudad de México,01 DOCTORES,Avocalia,ubereats,26.77,11.63,0.8,1.0
46086.0,9.0,MEX,Ciudad de México,16 PEDREGAL,Brunch & Munch,ubereats,23.11,11.63,1.98,1.0
46086.0,10.0,MEX,Ciudad de México,02 SAN ANGEL,Brunch & Munch,ubereats,22.24,11.63,3.99,1.0
46086.0,10.0,MEX,Ciudad de México,09 CHURUBUSCO,Brunch & Munch,ubereats,22.41,11.63,2.86,1.0
46086.0,16.0,MEX,Ciudad de México,01 DOCTORES,Honest Food,rappi,28.94,11.63,1.52,1.0
46086.0,16.0,MEX,Monterrey,10 SAN JERONIMO,Fonda Local,didi,22.86,11.63,1.14,1.0
46086.0,17.0,MEX,Guadalajara,45 ESTADIO,Green House,ubereats,11.91,11.62,19.39,1.0
46086.0,17.0,MEX,Guadalajara,34 TLAQUEPAQUE,Honest Food,ubereats,17.8,11.62,3.78,1.0
46086.0,10.0,MEX,Monterrey,17 CUMBRES,Órale Desayunos,rappi,22.45,11.62,1.49,1.0
46086.0,9.0,MEX,Ciudad de México,02 SAN ANGEL,Desayunos de la Abuela,ubereats,17.2,11.6,10.13,1.0
46086.0,14.0,MEX,Merida,31 MONTEJO,Honest Food,didi,29.74,11.6,54.0,1.0
46086.0,11.0,MEX,Ciudad de México,02 SAN ANGEL,Brunch & Munch,rappi,20.38,11.58,2.82,1.0
46086.0,10.0,MEX,Ciudad de México,04 SANTA FE,Brunch & Munch,ubereats,17.0,11.57,10.71,1.0
46086.0,12.0,MEX,Ciudad de México,04 SANTA FE,Que Chicken,ubereats,27.26,11.57,2.84,1.0
46086.0,19.0,MEX,Puebla,26 CIUDAD JUDICIAL,Honest Food,ubereats,6.16,11.57,18.09,1.0
46086.0,12.0,MEX,Ciudad de México,27 IZTAPALAPA,Fonda Local,didi,15.9,11.53,0.33,1.0
46086.0,21.0,MEX,Ciudad de México,01 DOCTORES,Mr Beast Burger,didi,25.56,11.53,0.25,1.0
46086.0,10.0,MEX,Ciudad de México,01 DOCTORES,Órale Desayunos,ubereats,18.15,11.53,0.39,1.0
46086.0,9.0,MEX,Guadalajara,25 TABACHINES,Órale Desayunos,ubereats,17.95,11.53,0.31,1.0
46086.0,20.0,MEX,Monterrey,17 CUMBRES,Green House,rappi,20.75,11.53,1.24,1.0
46086.0,21.0,MEX,Ciudad de México,16 PEDREGAL,Honest Food,ubereats,14.06,11.52,2.56,1.0
46086.0,12.0,MEX,Ciudad de México,12 DEL VALLE,LA PANQUEQUERIA,didi,22.58,11.52,1.88,1.0
46086.0,15.0,MEX,Ciudad de México,16 PEDREGAL,Numa Cocina Mediterranea,ubereats,16.52,11.52,1.73,1.0
46086.0,10.0,MEX,Guadalajara,14 JARDINES,Brunch & Munch,ubereats,25.58,11.52,2.5,1.0
46086.0,16.0,MEX,Guadalajara,19 LA CALMA,Don Gyros & Kebab,didi,31.49,11.52,0.73,1.0
46086.0,11.0,MEX,Ciudad de México,52 MANACAR,Brunch & Munch,rappi,20.89,11.5,0.98,1.0
46086.0,9.0,MEX,Ciudad de México,12 DEL VALLE,Eggy by Chef Eva,ubereats,19.27,11.5,4.85,1.0
46086.0,15.0,MEX,Ciudad de México,06 SATELITE,Honest Food,ubereats,20.01,11.5,0.99,1.0
46086.0,7.0,MEX,Ciudad de México,09 CHURUBUSCO,Órale Desayunos,ubereats,19.98,11.48,1.78,1.0
46086.0,8.0,MEX,Guadalajara,25 TABACHINES,Desayunos de la Abuela,didi,18.98,11.48,0.08,1.0
46086.0,9.0,MEX,Ciudad de México,01 DOCTORES,Brunch & Munch,ubereats,17.08,11.47,0.28,1.0
46086.0,15.0,MEX,Ciudad de México,09 CHURUBUSCO,Honest Food,didi,15.49,11.47,0.69,1.0
46086.0,15.0,MEX,Ciudad de México,05 COAPA,Que Chicken,rappi,17.71,11.47,0.45,1.0
46086.0,10.0,MEX,Ciudad de México,04 SANTA FE,Brunch & Munch,ubereats,20.87,11.45,1.51,1.0
46086.0,10.0,MEX,Ciudad de México,05 COAPA,Brunch & Munch,ubereats,17.3,11.45,1.54,1.0
46086.0,10.0,MEX,Guadalajara,14 JARDINES,Brunch & Munch,ubereats,20.39,11.43,1.9,1.0
46086.0,15.0,MEX,Monterrey,23 SANTA CATARINA,Que Chicken,rappi,18.86,11.43,1.33,1.0
46086.0,16.0,MEX,Guadalajara,45 ESTADIO,Mr Beast Burger,rappi,14.93,11.42,1.22,1.0
46086.0,9.0,MEX,Monterrey,23 SANTA CATARINA,The Wrap Company MX,didi,14.84,11.42,1.71,1.0
46086.0,10.0,MEX,Ciudad de México,12 DEL VALLE,LA PANQUEQUERIA,didi,23.95,11.4,0.81,1.0
46086.0,16.0,MEX,Guadalajara,14 JARDINES,Fonda Local,rappi,19.31,11.37,4.82,1.0
46086.0,19.0,MEX,Ciudad de México,01 DOCTORES,Mr Beast Burger,didi,16.41,11.35,0.6,1.0
46086.0,8.0,MEX,Ciudad de México,02 SAN ANGEL,Brunch & Munch,ubereats,17.41,11.33,0.91,1.0
46086.0,8.0,MEX,Ciudad de México,06 SATELITE,Órale Desayunos,ubereats,16.97,11.3,1.7,1.0
46086.0,11.0,MEX,Ciudad de México,51 SAMARA,Brunch & Munch,ubereats,10.28,11.28,34.71,1.0
46086.0,12.0,MEX,Ciudad de México,03 POLANCO,Desayunos de la Abuela,didi,15.7,11.28,0.39,1.0
46086.0,15.0,MEX,Ciudad de México,16 PEDREGAL,Honest Food,rappi,18.26,11.25,15.77,1.0
46086.0,9.0,MEX,Ciudad de México,51 SAMARA,The Egg Spot,ubereats,26.95,11.25,4.01,1.0
46086.0,7.0,MEX,Monterrey,10 SAN JERONIMO,Pozórale,ubereats,26.54,11.25,2.14,1.0
46086.0,13.0,MEX,Ciudad de México,15 LINDAVISTA,Avocalia,ubereats,13.18,11.22,5.23,1.0
46086.0,15.0,MEX,Ciudad de México,03 POLANCO,Fonda Local,didi,15.02,11.22,1.43,1.0
46086.0,14.0,MEX,Ciudad de México,01 DOCTORES,La Neta Burgers (Orale Burgers),rappi,24.96,11.22,0.15,1.0
46086.0,10.0,MEX,Guadalajara,45 ESTADIO,Avocalia,didi,13.52,11.22,15.75,1.0
46086.0,9.0,MEX,Guadalajara,34 TLAQUEPAQUE,Eggy by Chef Eva,ubereats,24.08,11.22,1.25,1.0
46086.0,10.0,MEX,Monterrey,13 TEC,Freshlab,didi,7.2,11.18,8.83,1.0
46086.0,14.0,MEX,Ciudad de México,04 SANTA FE,Que Chicken,ubereats,19.95,11.15,0.98,1.0
46086.0,9.0,MEX,Guadalajara,19 LA CALMA,Brunch & Munch,ubereats,22.79,11.15,4.2,1.0
46086.0,17.0,MEX,Puebla,41 VOLCANES,Avocalia,ubereats,21.99,11.15,1.27,1.0
46086.0,10.0,MEX,Puebla,41 VOLCANES,Desayunos de la Abuela,didi,20.12,11.15,2.68,1.0
46086.0,9.0,MEX,Ciudad de México,12 DEL VALLE,Brunch & Munch,ubereats,21.53,11.12,3.48,1.0
46086.0,16.0,MEX,Guadalajara,21 SANTA TERESITA,Avocalia,rappi,25.21,11.12,0.83,1.0
46086.0,16.0,MEX,Puebla,41 VOLCANES,House of Salads,didi,24.11,11.08,3.96,1.0
46086.0,13.0,MEX,Zona Centro,24 METEPEC,House of Salads,didi,19.0,11.08,0.71,1.0
46086.0,12.0,MEX,Ciudad de México,09 CHURUBUSCO,Mr Beast Burger,didi,15.78,11.07,1.23,1.0
46086.0,19.0,MEX,Guadalajara,21 SANTA TERESITA,Avocalia,didi,20.01,11.07,0.14,1.0
46086.0,9.0,MEX,Guadalajara,14 JARDINES,LA PANQUEQUERIA,rappi,24.79,11.07,1.39,1.0
46086.0,15.0,MEX,Ciudad de México,04 SANTA FE,LA PANQUEQUERIA,rappi,12.11,11.05,3.88,1.0
46086.0,13.0,MEX,Merida,37 CANEK,Tender Lovers,rappi,18.7,11.05,0.78,1.0
46086.0,9.0,MEX,Ciudad de México,27 IZTAPALAPA,Brunch & Munch,didi,3.04,11.03,12.89,1.0
46086.0,21.0,MEX,Ciudad de México,01 DOCTORES,Brunch & Munch,ubereats,21.0,11.03,0.76,1.0
46086.0,9.0,MEX,Ciudad de México,52 MANACAR,The Breakfast Club,ubereats,22.17,11.03,1.77,1.0
46086.0,19.0,MEX,Guadalajara,19 LA CALMA,Honest Food,rappi,14.21,11.03,1.7,1.0
46086.0,15.0,MEX,Merida,37 CANEK,Avocalia Desayunos,rappi,15.24,11.02,0.7,1.0
46086.0,11.0,MEX,Guadalajara,40 JARDINES DEL VALL,Chemaquiles,rappi,14.78,11.0,1.13,1.0
46086.0,15.0,MEX,Ciudad de México,09 CHURUBUSCO,Avocalia,didi,15.33,10.98,1.48,1.0
46086.0,14.0,MEX,Ciudad de México,15 LINDAVISTA,Eggy by Chef Eva,ubereats,14.03,10.98,2.84,1.0
46086.0,14.0,MEX,Ciudad de México,11 AZCAPOTZALCO,Que Chicken,ubereats,18.39,10.98,1.81,1.0
46086.0,15.0,MEX,Guadalajara,34 TLAQUEPAQUE,Avocalia,didi,17.01,10.98,0.44,1.0
46086.0,13.0,MEX,Puebla,26 CIUDAD JUDICIAL,Numa Cocina Mediterranea,ubereats,14.19,10.98,2.08,1.0
46086.0,12.0,MEX,Ciudad de México,09 CHURUBUSCO,The Breakfast Club,rappi,22.95,10.97,1.17,1.0
46086.0,12.0,MEX,Monterrey,17 CUMBRES,Órale Chilaquiles,rappi,17.2,10.97,0.84,1.0
46086.0,10.0,MEX,Ciudad de México,09 CHURUBUSCO,Green House,rappi,16.14,10.95,1.97,1.0
46086.0,20.0,MEX,Monterrey,28 CARRETERA NACIONA,Don Gyros & Kebab,rappi,14.37,10.95,1.51,1.0
46086.0,8.0,MEX,Ciudad de México,16 PEDREGAL,Brunch & Munch,ubereats,20.63,10.92,1.22,1.0
46086.0,7.0,MEX,Ciudad de México,04 SANTA FE,Órale Chilaquiles,ubereats,11.96,10.92,3.92,1.0
46086.0,16.0,MEX,Ciudad de México,03 POLANCO,Avocalia,ubereats,19.26,10.9,2.59,1.0
46086.0,15.0,MEX,Ciudad de México,04 SANTA FE,Honest Food,rappi,13.95,10.9,2.04,1.0
46086.0,12.0,MEX,Ciudad de México,01 DOCTORES,Desayunos de la Abuela,rappi,15.77,10.88,0.26,1.0
46086.0,13.0,MEX,Ciudad de México,06 SATELITE,Honest Food,rappi,15.6,10.88,0.26,1.0
46086.0,16.0,MEX,Ciudad de México,09 CHURUBUSCO,Don Gyros & Kebab,rappi,31.08,10.87,0.26,1.0
46086.0,11.0,MEX,Ciudad de México,03 POLANCO,The Breakfast Club,didi,10.84,10.87,5.01,1.0
46086.0,10.0,MEX,Merida,37 CANEK,Desayunos de la Abuela,rappi,14.81,10.87,1.04,1.0
46086.0,19.0,MEX,Merida,37 CANEK,Mr Beast Burger,rappi,8.82,10.87,7.02,1.0
46086.0,12.0,MEX,Ciudad de México,16 PEDREGAL,Brunch & Munch,ubereats,15.99,10.85,1.16,1.0
46086.0,12.0,MEX,Ciudad de México,04 SANTA FE,Brunch & Munch,ubereats,15.01,10.85,2.26,1.0
46086.0,20.0,MEX,Ciudad de México,09 CHURUBUSCO,Que Chicken,ubereats,20.13,10.85,11.61,1.0
46086.0,11.0,MEX,Ciudad de México,02 SAN ANGEL,Brunch & Munch,ubereats,24.31,10.82,3.55,1.0
46086.0,9.0,MEX,Monterrey,10 SAN JERONIMO,The Wrap Company MX,didi,21.72,10.82,1.0,1.0
46086.0,7.0,MEX,Puebla,41 VOLCANES,Foodhub,rappi,20.83,10.82,0.83,1.0
46086.0,10.0,MEX,Ciudad de México,52 MANACAR,Brunch & Munch,rappi,17.87,10.8,0.88,1.0
46086.0,9.0,MEX,Ciudad de México,52 MANACAR,Desayunos de la Abuela,didi,15.14,10.8,0.68,1.0
46086.0,12.0,MEX,Monterrey,13 TEC,Honest Food,ubereats,10.87,10.77,9.42,1.0
46086.0,16.0,MEX,Puebla,41 VOLCANES,Avocalia,rappi,14.18,10.77,1.59,1.0
46086.0,12.0,MEX,Ciudad de México,27 IZTAPALAPA,House of Salads,didi,16.91,10.75,1.18,1.0
46086.0,20.0,MEX,Ciudad de México,01 DOCTORES,Mr Beast Burger,didi,17.95,10.75,2.34,1.0
46086.0,12.0,MEX,Zona Centro,24 METEPEC,Brunch & Munch,ubereats,19.72,10.75,1.31,1.0
46086.0,15.0,MEX,Monterrey,38 SALTILLO CENTRO,Mr Beast Burger,didi,21.71,10.73,1.59,1.0
46086.0,15.0,MEX,Monterrey,38 SALTILLO CENTRO,Mr Beast Burger,didi,15.14,10.73,0.22,1.0
46086.0,11.0,MEX,Ciudad de México,09 CHURUBUSCO,Brunch & Munch,ubereats,23.64,10.68,3.57,1.0
46086.0,11.0,MEX,Ciudad de México,05 COAPA,Eggy by Chef Eva,ubereats,6.0,10.68,22.88,1.0
46086.0,13.0,MEX,Ciudad de México,09 CHURUBUSCO,Green House,ubereats,16.25,10.68,1.61,1.0
46086.0,11.0,MEX,Merida,37 CANEK,The Breakfast Club,ubereats,21.9,10.68,1.94,1.0
46086.0,11.0,MEX,Monterrey,17 CUMBRES,Avocalia,rappi,28.92,10.68,0.87,1.0
46086.0,20.0,MEX,Ciudad de México,01 DOCTORES,Mr Beast Burger Turbo,rappi,17.15,10.67,0.5,1.0
46086.0,15.0,MEX,Ciudad de México,01 DOCTORES,Que Chicken,didi,15.51,10.67,0.18,1.0
46086.0,16.0,MEX,Puebla,41 VOLCANES,Fonda Local,didi,18.36,10.67,2.13,1.0
46086.0,13.0,MEX,Zona Centro,24 METEPEC,Avocalia,didi,16.64,10.67,0.38,1.0
46086.0,12.0,MEX,Ciudad de México,09 CHURUBUSCO,Green House,ubereats,21.11,10.65,2.54,1.0
46086.0,17.0,MEX,Guadalajara,14 JARDINES,Mega Greens (Super Ensaladas),ubereats,27.77,10.65,3.18,1.0
46086.0,9.0,MEX,Guadalajara,21 SANTA TERESITA,The Wrap Company MX,didi,23.84,10.65,0.18,1.0
46086.0,19.0,MEX,Merida,31 MONTEJO,FC Barcelona,rappi,29.8,10.65,0.11,1.0
46086.0,14.0,MEX,Ciudad de México,01 DOCTORES,Green House,rappi,16.83,10.63,0.64,1.0
46086.0,8.0,MEX,Ciudad de México,12 DEL VALLE,LA PANQUEQUERIA,ubereats,17.74,10.63,1.19,1.0
46086.0,14.0,MEX,Monterrey,38 SALTILLO CENTRO,Green House,ubereats,26.77,10.63,4.98,1.0
46086.0,9.0,MEX,Guadalajara,25 TABACHINES,LA PANQUEQUERIA,ubereats,28.17,10.62,0.24,1.0
46086.0,9.0,MEX,Ciudad de México,16 PEDREGAL,Brunch & Munch,ubereats,20.94,10.6,2.13,1.0
46086.0,15.0,MEX,Ciudad de México,05 COAPA,Green House,ubereats,15.87,10.6,0.46,1.0
46086.0,7.0,MEX,Ciudad de México,01 DOCTORES,Órale Desayunos,ubereats,18.36,10.6,0.67,1.0
46086.0,13.0,MEX,Monterrey,10 SAN JERONIMO,Avocalia,rappi,17.27,10.6,1.77,1.0
46086.0,14.0,MEX,Ciudad de México,09 CHURUBUSCO,House of Salads,ubereats,16.63,10.58,1.38,1.0
46086.0,13.0,MEX,Merida,31 MONTEJO,Honest Food,ubereats,46.58,10.58,0.26,1.0
46086.0,15.0,MEX,Ciudad de México,09 CHURUBUSCO,Brunch & Munch,ubereats,17.77,10.57,2.07,1.0
46086.0,15.0,MEX,Ciudad de México,15 LINDAVISTA,Mr Beast Burger,didi,16.06,10.57,0.37,1.0
46086.0,18.0,MEX,Ciudad de México,04 SANTA FE,Avocalia,ubereats,33.61,10.55,0.85,1.0
46086.0,12.0,MEX,Ciudad de México,16 PEDREGAL,Brunch & Munch,ubereats,30.27,10.55,0.75,1.0
46086.0,14.0,MEX,Ciudad de México,01 DOCTORES,Green House,ubereats,21.98,10.55,0.96,1.0
46086.0,14.0,MEX,Ciudad de México,27 IZTAPALAPA,Honest Food,ubereats,12.97,10.55,4.52,1.0
46086.0,9.0,MEX,Ciudad de México,06 SATELITE,LA PANQUEQUERIA,rappi,16.28,10.55,0.56,1.0
46086.0,11.0,MEX,Ciudad de México,03 POLANCO,The Wrap Company MX,didi,14.22,10.55,1.03,1.0
46086.0,18.0,MEX,Merida,37 CANEK,Signature Salads,rappi,14.87,10.55,0.38,1.0
46086.0,11.0,MEX,Monterrey,38 SALTILLO CENTRO,Green House,rappi,18.95,10.55,4.76,1.0
46086.0,21.0,MEX,Ciudad de México,16 PEDREGAL,Fonda Local,didi,20.73,10.52,0.79,1.0
46086.0,21.0,MEX,Ciudad de México,04 SANTA FE,Green House,ubereats,14.93,10.52,0.31,1.0
46086.0,13.0,MEX,Ciudad de México,01 DOCTORES,Honest Food,ubereats,18.91,10.52,0.96,1.0
46086.0,12.0,MEX,Ciudad de México,02 SAN ANGEL,Que Chicken,ubereats,18.27,10.5,0.85,1.0
46086.0,15.0,MEX,Monterrey,38 SALTILLO CENTRO,Mr Beast Burger,ubereats,25.15,10.5,3.03,1.0
46086.0,14.0,MEX,Ciudad de México,12 DEL VALLE,Avocalia,ubereats,16.53,10.48,2.32,1.0
46086.0,11.0,MEX,Guadalajara,40 JARDINES DEL VALL,Brunch & Munch,rappi,16.61,10.48,9.53,1.0
46086.0,11.0,MEX,Guadalajara,40 JARDINES DEL VALL,Brunch & Munch,rappi,14.99,10.48,0.44,1.0
46086.0,19.0,MEX,Guadalajara,25 TABACHINES,Que Chicken,didi,14.06,10.48,1.54,1.0
46086.0,13.0,MEX,Guadalajara,21 SANTA TERESITA,Tender Lovers,rappi,14.4,10.48,0.77,1.0
46086.0,11.0,MEX,Ciudad de México,06 SATELITE,Avocalia,ubereats,20.73,10.47,1.26,1.0
46086.0,12.0,MEX,Ciudad de México,09 CHURUBUSCO,Eggy by Chef Eva,ubereats,22.84,10.47,1.82,1.0
46086.0,8.0,MEX,Monterrey,10 SAN JERONIMO,Eggy by Chef Eva,ubereats,27.66,10.43,1.08,1.0
46086.0,12.0,MEX,Ciudad de México,09 CHURUBUSCO,Honest Food,didi,14.97,10.42,0.31,1.0
46086.0,9.0,MEX,Ciudad de México,09 CHURUBUSCO,Órale Desayunos,ubereats,23.54,10.4,0.99,1.0
46086.0,9.0,MEX,Ciudad de México,04 SANTA FE,Brunch & Munch,rappi,17.22,10.38,1.11,1.0
46086.0,12.0,MEX,Ciudad de México,02 SAN ANGEL,Green House,rappi,17.45,10.37,0.2,1.0
46086.0,13.0,MEX,Ciudad de México,01 DOCTORES,Honest Food Turbo,rappi,15.05,10.37,0.07,1.0
46086.0,14.0,MEX,Ciudad de México,05 COAPA,Mega Greens (Super Ensaladas),rappi,15.45,10.37,0.82,1.0
46086.0,10.0,MEX,Ciudad de México,06 SATELITE,Órale Desayunos,ubereats,21.39,10.35,1.85,1.0
46086.0,14.0,MEX,Guadalajara,21 SANTA TERESITA,Honest Food,rappi,24.56,10.35,0.09,1.0
46086.0,14.0,MEX,Guadalajara,19 LA CALMA,Subs & Soups,ubereats,16.78,10.35,6.64,1.0
46086.0,18.0,MEX,Guadalajara,19 LA CALMA,Mr Beast Burger,rappi,13.02,10.33,2.95,1.0
46086.0,14.0,MEX,Monterrey,10 SAN JERONIMO,Don Gyros & Kebab,rappi,17.1,10.33,0.75,1.0
46086.0,15.0,MEX,Ciudad de México,12 DEL VALLE,House of Salads,rappi,16.77,10.32,8.07,1.0
46086.0,11.0,MEX,Ciudad de México,16 PEDREGAL,Órale Desayunos,didi,14.86,10.32,0.66,1.0
46086.0,18.0,MEX,Ciudad de México,09 CHURUBUSCO,Mr Beast Burger,didi,21.23,10.28,0.71,1.0
46086.0,12.0,MEX,Ciudad de México,15 LINDAVISTA,Órale Desayunos,ubereats,21.19,10.28,2.96,1.0
46086.0,16.0,MEX,Guadalajara,34 TLAQUEPAQUE,Fonda Local,didi,33.34,10.28,1.75,1.0
46086.0,18.0,MEX,Guadalajara,19 LA CALMA,Green House Turbo,rappi,17.14,10.28,0.82,1.0
46086.0,9.0,MEX,Guadalajara,25 TABACHINES,Desayunos de la Abuela,ubereats,18.13,10.27,1.22,1.0
46086.0,7.0,MEX,Monterrey,10 SAN JERONIMO,The Wrap Company MX,didi,13.85,10.27,1.23,1.0
46086.0,16.0,MEX,Puebla,26 CIUDAD JUDICIAL,House of Salads,ubereats,13.06,10.27,7.95,1.0
46086.0,13.0,MEX,Puebla,26 CIUDAD JUDICIAL,Numa Cocina Mediterranea,ubereats,15.01,10.27,1.06,1.0
46086.0,8.0,MEX,Ciudad de México,02 SAN ANGEL,Brunch & Munch,ubereats,19.17,10.25,1.05,1.0
46086.0,9.0,MEX,Ciudad de México,04 SANTA FE,Brunch & Munch,ubereats,18.0,10.23,2.11,1.0
46086.0,10.0,MEX,Ciudad de México,01 DOCTORES,Brunch & Munch,ubereats,23.1,10.23,4.96,1.0
46086.0,14.0,MEX,Ciudad de México,11 AZCAPOTZALCO,Desayunos de la Abuela,didi,16.77,10.23,1.01,1.0
46086.0,20.0,MEX,Ciudad de México,04 SANTA FE,House of Salads,ubereats,19.75,10.23,1.91,1.0
46086.0,10.0,MEX,Guadalajara,45 ESTADIO,Órale Desayunos,didi,15.03,10.23,0.03,1.0
46086.0,9.0,MEX,Ciudad de México,04 SANTA FE,Brunch & Munch,ubereats,16.9,10.22,3.09,1.0
46086.0,12.0,MEX,Puebla,26 CIUDAD JUDICIAL,Órale Desayunos,ubereats,16.83,10.22,1.09,1.0
46086.0,15.0,MEX,Ciudad de México,11 AZCAPOTZALCO,Cocina Corrida,rappi,13.99,10.2,1.25,1.0
46086.0,12.0,MEX,Guadalajara,19 LA CALMA,Fonda Local,didi,18.74,10.2,11.96,1.0
46086.0,13.0,MEX,Monterrey,30 LINCOLN,Desayunos de la Abuela,didi,14.11,10.2,0.92,1.0
46086.0,10.0,MEX,Zona Centro,24 METEPEC,Brunch & Munch,ubereats,17.23,10.18,6.09,1.0
46086.0,19.0,MEX,Ciudad de México,01 DOCTORES,Honest Food,ubereats,20.68,10.17,0.87,1.0
46086.0,18.0,MEX,Merida,31 MONTEJO,Avocalia,rappi,14.35,10.17,0.67,1.0
46086.0,15.0,MEX,Monterrey,17 CUMBRES,Avocalia,didi,16.01,10.17,1.21,1.0
46086.0,17.0,MEX,Ciudad de México,16 PEDREGAL,La Neta Burgers (Orale Burgers),rappi,16.57,10.15,44.09,1.0
46086.0,13.0,MEX,Merida,37 CANEK,Mr Beast Burger,didi,19.93,10.15,1.14,1.0
46086.0,15.0,MEX,Puebla,41 VOLCANES,Mr Beast Burger,ubereats,20.88,10.15,3.2,1.0
46086.0,10.0,MEX,Ciudad de México,01 DOCTORES,Brunch & Munch,ubereats,21.87,10.13,4.12,1.0
46086.0,15.0,MEX,Merida,37 CANEK,Fonda Local,didi,18.0,10.13,0.72,1.0
46086.0,12.0,MEX,Merida,31 MONTEJO,Green House,ubereats,25.57,10.13,2.1,1.0
46086.0,10.0,MEX,Monterrey,10 SAN JERONIMO,Órale Desayunos,ubereats,19.06,10.13,3.1,1.0
46086.0,19.0,MEX,Ciudad de México,04 SANTA FE,Numa Cocina Mediterranea,ubereats,24.74,10.12,2.88,1.0
46086.0,13.0,MEX,Monterrey,38 SALTILLO CENTRO,Desayunos de la Abuela,rappi,25.2,10.12,0.18,1.0
46086.0,9.0,MEX,Ciudad de México,09 CHURUBUSCO,Brunch & Munch,didi,19.07,10.08,0.76,1.0
46086.0,14.0,MEX,Ciudad de México,11 AZCAPOTZALCO,Honest Food,ubereats,7.72,10.08,9.14,1.0
46086.0,12.0,MEX,Monterrey,22 SAN NICOLAS,The Wrap Company MX,didi,15.12,10.08,15.0,1.0
46086.0,16.0,MEX,Ciudad de México,05 COAPA,House of Salads,ubereats,16.78,10.07,8.95,1.0
46086.0,9.0,MEX,Ciudad de México,52 MANACAR,Órale Desayunos,ubereats,14.96,10.07,1.16,1.0
46086.0,10.0,MEX,Ciudad de México,09 CHURUBUSCO,Órale Desayunos,didi,16.01,10.05,0.89,1.0
46086.0,9.0,MEX,Ciudad de México,51 SAMARA,Brunch & Munch,ubereats,25.23,10.03,1.88,1.0
46086.0,9.0,MEX,Ciudad de México,12 DEL VALLE,Brunch & Munch,ubereats,23.9,10.03,2.3,1.0
46086.0,10.0,MEX,Ciudad de México,03 POLANCO,Órale Desayunos,didi,14.18,10.03,0.76,1.0
46086.0,21.0,MEX,Ciudad de México,01 DOCTORES,Que Chicken,rappi,17.17,10.03,1.69,1.0
46086.0,10.0,MEX,Guadalajara,21 SANTA TERESITA,The Wrap Company MX,didi,20.96,10.03,0.09,1.0
46086.0,18.0,MEX,Merida,31 MONTEJO,Avocalia,rappi,15.51,10.03,0.04,1.0
46086.0,9.0,MEX,Monterrey,22 SAN NICOLAS,The Wrap Company MX,didi,14.33,10.03,0.83,1.0
46086.0,12.0,MEX,Guadalajara,14 JARDINES,Mr Beast Burger,didi,13.0,10.02,1.92,1.0
46086.0,14.0,MEX,Guadalajara,21 SANTA TERESITA,Mr Beast Burger,didi,12.17,10.02,2.85,1.0
46086.0,11.0,MEX,Ciudad de México,12 DEL VALLE,Brunch & Munch,rappi,13.96,10.0,0.96,1.0
46086.0,9.0,MEX,Ciudad de México,01 DOCTORES,Brunch & Munch,ubereats,23.08,10.0,4.69,1.0
46086.0,17.0,MEX,Ciudad de México,09 CHURUBUSCO,Mr Beast Burger,didi,30.91,10.0,1.0,1.0
46086.0,14.0,MEX,Guadalajara,34 TLAQUEPAQUE,Honest Food,didi,23.93,10.0,0.5,1.0
46086.0,15.0,MEX,Puebla,26 CIUDAD JUDICIAL,Honest Food,rappi,13.76,10.0,1.14,1.0
46086.0,13.0,MEX,Puebla,41 VOLCANES,Mr Beast Burger,rappi,16.3,10.0,0.99,1.0
46086.0,10.0,MEX,Guadalajara,21 SANTA TERESITA,Brunch & Munch,ubereats,18.01,9.98,0.79,1.0
46086.0,16.0,MEX,Merida,31 MONTEJO,Green House,ubereats,31.06,9.98,1.17,1.0
46086.0,10.0,MEX,Monterrey,17 CUMBRES,Brunch & Munch,didi,27.76,9.98,0.13,1.0
46086.0,20.0,MEX,Ciudad de México,01 DOCTORES,Fonda Local,rappi,23.48,9.97,5.32,1.0
46086.0,18.0,MEX,Ciudad de México,11 AZCAPOTZALCO,La Neta Burgers (Orale Burgers),rappi,18.11,9.97,33.98,1.0
46086.0,19.0,MEX,Ciudad de México,11 AZCAPOTZALCO,La Neta Burgers (Orale Burgers),rappi,18.32,9.97,1.76,1.0
46086.0,14.0,MEX,Guadalajara,25 TABACHINES,Avocalia,rappi,17.58,9.97,0.05,1.0
46086.0,13.0,MEX,Ciudad de México,15 LINDAVISTA,Green House,ubereats,13.75,9.95,1.12,1.0
46086.0,10.0,MEX,Ciudad de México,02 SAN ANGEL,Órale Desayunos,ubereats,23.25,9.95,0.11,1.0
46086.0,14.0,MEX,Monterrey,10 SAN JERONIMO,Que Chicken,rappi,13.79,9.95,1.09,1.0
46086.0,13.0,MEX,Ciudad de México,15 LINDAVISTA,Green House,ubereats,16.25,9.93,1.92,1.0
46086.0,15.0,MEX,Ciudad de México,04 SANTA FE,Mr Beast Burger,rappi,14.3,9.93,0.18,1.0
46086.0,16.0,MEX,Ciudad de México,09 CHURUBUSCO,Mr Beast Burger,rappi,13.69,9.93,1.2,1.0
46086.0,10.0,MEX,Zona Centro,24 METEPEC,Órale Desayunos,ubereats,15.03,9.92,4.75,1.0
46086.0,14.0,MEX,Ciudad de México,09 CHURUBUSCO,Green House,ubereats,16.07,9.9,1.92,1.0
46086.0,9.0,MEX,Ciudad de México,16 PEDREGAL,Órale Desayunos,rappi,43.61,9.9,0.29,1.0
46086.0,14.0,MEX,Puebla,41 VOLCANES,Avocalia,didi,20.71,9.9,4.22,1.0
46086.0,9.0,MEX,Ciudad de México,12 DEL VALLE,Eggy by Chef Eva,ubereats,26.48,9.88,2.47,1.0
46086.0,10.0,MEX,Ciudad de México,12 DEL VALLE,Brunch & Munch,ubereats,20.31,9.87,2.78,1.0
46086.0,20.0,MEX,Ciudad de México,12 DEL VALLE,House of Salads,didi,15.13,9.87,11.21,1.0
46086.0,10.0,MEX,Ciudad de México,05 COAPA,Órale Desayunos,ubereats,18.54,9.87,2.52,1.0
46086.0,20.0,MEX,Monterrey,13 TEC,Don Gyros & Kebab,rappi,17.08,9.87,1.92,1.0
46086.0,12.0,MEX,Monterrey,38 SALTILLO CENTRO,Numa Cocina Mediterranea,didi,15.16,9.87,2.12,1.0
46086.0,11.0,MEX,Ciudad de México,51 SAMARA,Brunch & Munch,rappi,17.14,9.85,3.48,1.0
46086.0,10.0,MEX,Ciudad de México,04 SANTA FE,Brunch & Munch,ubereats,16.73,9.85,2.45,1.0
46086.0,16.0,MEX,Guadalajara,40 JARDINES DEL VALL,Fonda Local,rappi,21.6,9.85,2.23,1.0
46086.0,8.0,MEX,Monterrey,17 CUMBRES,Desayunos de la Abuela,rappi,14.08,9.85,0.76,1.0
46086.0,8.0,MEX,Ciudad de México,52 MANACAR,Avocalia Desayunos,ubereats,20.04,9.83,0.93,1.0
46086.0,20.0,MEX,Guadalajara,34 TLAQUEPAQUE,La Neta Burgers (Orale Burgers),rappi,17.91,9.83,0.3,1.0
46086.0,8.0,MEX,Monterrey,10 SAN JERONIMO,Órale Desayunos,didi,17.92,9.83,0.78,1.0
46086.0,14.0,MEX,Ciudad de México,04 SANTA FE,Avocalia,ubereats,10.42,9.82,8.12,1.0
46086.0,12.0,MEX,Monterrey,28 CARRETERA NACIONA,Brunch & Munch,rappi,18.1,9.82,3.1,1.0
46086.0,14.0,MEX,Ciudad de México,04 SANTA FE,Fonda Local,didi,16.72,9.8,0.86,1.0
46086.0,16.0,MEX,Merida,37 CANEK,House of Salads,ubereats,34.08,9.8,1.33,1.0
46086.0,16.0,MEX,Monterrey,23 SANTA CATARINA,Numa Cocina Mediterranea,rappi,14.8,9.8,0.33,1.0
46086.0,13.0,MEX,Ciudad de México,15 LINDAVISTA,Fonda Local,didi,13.31,9.78,1.49,1.0
46086.0,15.0,MEX,Monterrey,17 CUMBRES,Que Chicken,rappi,18.62,9.78,0.47,1.0
46086.0,9.0,MEX,Guadalajara,19 LA CALMA,The Egg Spot,didi,15.12,9.77,0.99,1.0
46086.0,22.0,MEX,Puebla,41 VOLCANES,Don Gyros & Kebab,didi,13.92,9.77,0.43,1.0
46086.0,16.0,MEX,Guadalajara,14 JARDINES,Avocalia,rappi,24.63,9.75,0.43,1.0
46086.0,9.0,MEX,Guadalajara,21 SANTA TERESITA,Brunch & Munch,ubereats,17.73,9.75,11.26,1.0
46086.0,14.0,MEX,Monterrey,38 SALTILLO CENTRO,Mr Beast Burger,rappi,19.13,9.75,0.15,1.0
46086.0,22.0,MEX,Puebla,41 VOLCANES,Fonda Local,didi,14.69,9.75,0.47,1.0
46086.0,12.0,MEX,Ciudad de México,51 SAMARA,Brunch & Munch,rappi,13.17,9.73,1.18,1.0
46086.0,11.0,MEX,Ciudad de México,09 CHURUBUSCO,Órale Desayunos,ubereats,22.82,9.73,1.28,1.0
46086.0,15.0,MEX,Monterrey,22 SAN NICOLAS,The Salad Project,ubereats,24.8,9.73,0.97,1.0
46086.0,15.0,MEX,Ciudad de México,09 CHURUBUSCO,Avocalia,ubereats,14.79,9.72,1.3,1.0
46086.0,14.0,MEX,Ciudad de México,04 SANTA FE,Que Chicken,ubereats,23.09,9.72,0.78,1.0
46086.0,11.0,MEX,Guadalajara,25 TABACHINES,LA PANQUEQUERIA,ubereats,31.02,9.7,1.78,1.0
46086.0,9.0,MEX,Ciudad de México,09 CHURUBUSCO,Desayunos de la Abuela,didi,14.0,9.68,0.36,1.0
46086.0,12.0,MEX,Guadalajara,45 ESTADIO,Brunch & Munch,rappi,12.16,9.68,2.16,1.0
46086.0,13.0,MEX,Merida,37 CANEK,Desayunos de la Abuela,didi,13.96,9.68,0.34,1.0
46086.0,10.0,MEX,Monterrey,23 SANTA CATARINA,Desayunos de la Abuela,didi,16.31,9.68,3.53,1.0
46086.0,15.0,MEX,Monterrey,17 CUMBRES,Que Chicken,rappi,21.95,9.68,0.8,1.0
46086.0,13.0,MEX,Ciudad de México,09 CHURUBUSCO,Avocalia,ubereats,18.45,9.67,1.46,1.0
46086.0,20.0,MEX,Ciudad de México,12 DEL VALLE,Avocalia,ubereats,12.02,9.67,2.67,1.0
46086.0,21.0,MEX,Ciudad de México,12 DEL VALLE,Que Chicken,ubereats,17.34,9.67,0.97,1.0
46086.0,20.0,MEX,Merida,37 CANEK,Avocalia,ubereats,28.99,9.67,0.99,1.0
46086.0,13.0,MEX,Monterrey,38 SALTILLO CENTRO,Desayunos de la Abuela,rappi,17.18,9.67,0.18,1.0
46086.0,7.0,MEX,Puebla,26 CIUDAD JUDICIAL,Órale Desayunos,ubereats,15.86,9.67,0.96,1.0
46086.0,13.0,MEX,Ciudad de México,02 SAN ANGEL,Avocalia,ubereats,15.07,9.65,0.75,1.0
46086.0,8.0,MEX,Ciudad de México,15 LINDAVISTA,LA PANQUEQUERIA,ubereats,11.97,9.65,3.57,1.0
46086.0,7.0,MEX,Ciudad de México,01 DOCTORES,Órale Desayunos,ubereats,21.99,9.65,0.18,1.0
46086.0,17.0,MEX,Monterrey,23 SANTA CATARINA,Foodhub,rappi,15.14,9.65,2.0,1.0
46086.0,12.0,MEX,Puebla,26 CIUDAD JUDICIAL,Green House,ubereats,19.81,9.65,2.05,1.0
46086.0,18.0,MEX,Ciudad de México,09 CHURUBUSCO,House of Salads,ubereats,23.8,9.63,1.34,1.0
46086.0,19.0,MEX,Ciudad de México,01 DOCTORES,LA PANQUEQUERIA,ubereats,17.13,9.62,0.92,1.0
46086.0,22.0,MEX,Guadalajara,19 LA CALMA,Foodhub,didi,14.74,9.62,2.09,1.0
46086.0,20.0,MEX,Ciudad de México,11 AZCAPOTZALCO,Avocalia,didi,13.45,9.58,0.88,1.0
46086.0,12.0,MEX,Guadalajara,21 SANTA TERESITA,LA PANQUEQUERIA,rappi,23.18,9.58,0.61,1.0
46086.0,10.0,MEX,Guadalajara,34 TLAQUEPAQUE,LA PANQUEQUERIA,ubereats,26.27,9.58,2.24,1.0
46086.0,14.0,MEX,Guadalajara,25 TABACHINES,Signature Salads,didi,19.83,9.58,1.86,1.0
46086.0,18.0,MEX,Ciudad de México,01 DOCTORES,Brunch & Munch,ubereats,19.8,9.57,1.89,1.0
46086.0,18.0,MEX,Guadalajara,34 TLAQUEPAQUE,LA PANQUEQUERIA,rappi,15.82,9.57,0.2,1.0
46086.0,12.0,MEX,Ciudad de México,01 DOCTORES,Brunch & Munch,didi,13.0,9.55,1.19,1.0
46086.0,11.0,MEX,Ciudad de México,02 SAN ANGEL,Órale Desayunos,ubereats,22.67,9.55,1.25,1.0
46086.0,19.0,MEX,Ciudad de México,04 SANTA FE,Que Chicken,ubereats,39.04,9.55,2.76,1.0
46086.0,11.0,MEX,Monterrey,13 TEC,The Wrap Company MX,didi,10.85,9.55,3.39,1.0
46086.0,20.0,MEX,Merida,37 CANEK,Green House,ubereats,18.28,9.53,2.18,1.0
46086.0,15.0,MEX,Merida,31 MONTEJO,Mega Greens (Super Ensaladas),rappi,19.02,9.53,0.04,1.0
46086.0,20.0,MEX,Puebla,26 CIUDAD JUDICIAL,Fonda Local,didi,15.89,9.53,1.14,1.0
46086.0,12.0,MEX,Ciudad de México,03 POLANCO,LA PANQUEQUERIA,rappi,13.85,9.52,0.76,1.0
46086.0,21.0,MEX,Ciudad de México,12 DEL VALLE,Mr Beast Burger,didi,14.36,9.52,1.91,1.0
46086.0,14.0,MEX,Monterrey,38 SALTILLO CENTRO,Que Chicken,ubereats,28.86,9.52,1.09,1.0
46086.0,12.0,MEX,Ciudad de México,12 DEL VALLE,Honest Food,ubereats,23.24,9.5,2.72,1.0
46086.0,8.0,MEX,Merida,31 MONTEJO,The Egg Spot,didi,25.52,9.5,1.72,1.0
46086.0,16.0,MEX,Monterrey,38 SALTILLO CENTRO,Subs & Soups,ubereats,19.37,9.48,0.99,1.0
46086.0,21.0,MEX,Ciudad de México,05 COAPA,Desayunos de la Abuela,didi,14.06,9.47,0.2,1.0
46086.0,13.0,MEX,Guadalajara,14 JARDINES,Que Chicken,rappi,16.35,9.47,0.05,1.0
46086.0,18.0,MEX,Ciudad de México,01 DOCTORES,Cocina Corrida turbo,rappi,13.01,9.45,2.24,1.0
46086.0,19.0,MEX,Puebla,26 CIUDAD JUDICIAL,Avocalia,ubereats,13.31,9.45,2.75,1.0
46086.0,16.0,MEX,Zona Centro,24 METEPEC,Honest Food,didi,21.04,9.45,0.3,1.0
46086.0,12.0,MEX,Ciudad de México,03 POLANCO,Mr Beast Burger,didi,13.0,9.43,1.15,1.0
46086.0,14.0,MEX,Merida,31 MONTEJO,Green House,ubereats,34.31,9.43,0.73,1.0
46086.0,9.0,MEX,Ciudad de México,27 IZTAPALAPA,Brunch & Munch,didi,13.14,9.42,1.02,1.0
46086.0,15.0,MEX,Ciudad de México,02 SAN ANGEL,Que Chicken,ubereats,19.44,9.42,1.65,1.0
46086.0,20.0,MEX,Guadalajara,21 SANTA TERESITA,Eggy by Chef Eva,ubereats,20.84,9.42,1.01,1.0
46086.0,18.0,MEX,Ciudad de México,03 POLANCO,Avocalia,ubereats,13.05,9.4,10.79,1.0
46086.0,12.0,MEX,Ciudad de México,04 SANTA FE,Que Chicken,rappi,17.89,9.4,0.56,1.0
46086.0,11.0,MEX,Guadalajara,14 JARDINES,House of Salads,ubereats,28.85,9.4,0.13,1.0
46086.0,14.0,MEX,Monterrey,38 SALTILLO CENTRO,Fonda Local,rappi,22.89,9.4,0.36,1.0
46086.0,14.0,MEX,Ciudad de México,03 POLANCO,Cocina Corrida turbo,rappi,11.83,9.38,2.71,1.0
46086.0,8.0,MEX,Ciudad de México,02 SAN ANGEL,Desayunos de la Abuela,ubereats,15.77,9.38,0.44,1.0
46086.0,14.0,MEX,Ciudad de México,15 LINDAVISTA,Mr Beast Burger,didi,12.2,9.38,3.08,1.0
46086.0,14.0,MEX,Guadalajara,34 TLAQUEPAQUE,Órale Desayunos,ubereats,17.9,9.38,1.67,1.0
46086.0,20.0,MEX,Merida,37 CANEK,House of Salads,didi,17.63,9.38,0.33,1.0
46086.0,18.0,MEX,Ciudad de México,05 COAPA,Avocalia,didi,14.57,9.37,2.99,1.0
46086.0,11.0,MEX,Monterrey,10 SAN JERONIMO,Brunch & Munch,ubereats,21.21,9.37,2.83,1.0
46086.0,12.0,MEX,Monterrey,10 SAN JERONIMO,The Wrap Company MX,didi,13.0,9.37,1.13,1.0
46086.0,20.0,MEX,Puebla,26 CIUDAD JUDICIAL,Honest Food,rappi,14.67,9.37,2.28,1.0
46086.0,10.0,MEX,Ciudad de México,11 AZCAPOTZALCO,Brunch & Munch,rappi,14.48,9.35,1.14,1.0
46086.0,19.0,MEX,Monterrey,28 CARRETERA NACIONA,Numa Cocina Mediterranea,rappi,16.93,9.35,0.38,1.0
46086.0,9.0,MEX,Ciudad de México,51 SAMARA,Avocalia Desayunos,ubereats,9.67,9.33,11.13,1.0
46086.0,13.0,MEX,Ciudad de México,12 DEL VALLE,LA PANQUEQUERIA,ubereats,18.05,9.33,0.07,1.0
46086.0,14.0,MEX,Ciudad de México,27 IZTAPALAPA,Que Chicken,rappi,17.66,9.33,0.82,1.0
46086.0,16.0,MEX,Guadalajara,40 JARDINES DEL VALL,Mr Beast Burger,didi,14.27,9.33,2.7,1.0
46086.0,16.0,MEX,Guadalajara,40 JARDINES DEL VALL,Mr Beast Burger,didi,13.94,9.33,2.15,1.0
46086.0,10.0,MEX,Monterrey,23 SANTA CATARINA,Chemaquiles,rappi,14.98,9.33,2.65,1.0
46086.0,12.0,MEX,Monterrey,10 SAN JERONIMO,LA PANQUEQUERIA,ubereats,25.87,9.33,1.91,1.0
46086.0,8.0,MEX,Monterrey,23 SANTA CATARINA,The Breakfast Club,ubereats,20.24,9.33,1.02,1.0
46086.0,19.0,MEX,Puebla,41 VOLCANES,Avocalia,didi,17.34,9.33,0.84,1.0
46086.0,15.0,MEX,Ciudad de México,03 POLANCO,La Neta Burgers (Orale Burgers),rappi,19.6,9.32,0.4,1.0
46086.0,7.0,MEX,Guadalajara,14 JARDINES,Desayunos de la Abuela,ubereats,27.93,9.32,2.8,1.0
46086.0,9.0,MEX,Monterrey,23 SANTA CATARINA,Órale Desayunos,ubereats,20.47,9.32,2.63,1.0
46086.0,9.0,MEX,Zona Centro,24 METEPEC,Eggy by Chef Eva,rappi,13.16,9.32,0.94,1.0
46086.0,15.0,MEX,Ciudad de México,15 LINDAVISTA,House of Salads,didi,13.24,9.3,0.87,1.0
46086.0,8.0,MEX,Ciudad de México,16 PEDREGAL,The Egg Spot,ubereats,15.91,9.3,1.25,1.0
46086.0,20.0,MEX,Monterrey,13 TEC,Mr Beast Burger,rappi,18.64,9.3,0.36,1.0
46086.0,8.0,MEX,Ciudad de México,01 DOCTORES,Brunch & Munch,rappi,19.45,9.28,0.52,1.0
46086.0,12.0,MEX,Guadalajara,21 SANTA TERESITA,Brunch & Munch,didi,13.74,9.28,0.36,1.0
46086.0,14.0,MEX,Guadalajara,34 TLAQUEPAQUE,Mr Beast Burger,didi,13.02,9.28,1.06,1.0
46086.0,8.0,MEX,Ciudad de México,05 COAPA,Brunch & Munch,didi,13.7,9.27,0.56,1.0
46086.0,11.0,MEX,Ciudad de México,01 DOCTORES,Brunch & Munch,ubereats,25.97,9.27,1.83,1.0
46086.0,7.0,MEX,Ciudad de México,02 SAN ANGEL,The Breakfast Club,ubereats,19.03,9.27,0.76,1.0
46086.0,16.0,MEX,Puebla,26 CIUDAD JUDICIAL,Green House,ubereats,21.05,9.27,0.97,1.0
46086.0,11.0,MEX,Zona Centro,24 METEPEC,Brunch & Munch,ubereats,23.4,9.25,1.91,1.0
46086.0,13.0,MEX,Merida,31 MONTEJO,La Neta Burgers (Orale Burgers),rappi,63.14,9.23,0.04,1.0
46086.0,13.0,MEX,Monterrey,17 CUMBRES,Órale Chilaquiles,rappi,13.58,9.23,0.48,1.0
46086.0,16.0,MEX,Ciudad de México,05 COAPA,House of Salads,ubereats,20.0,9.22,0.82,1.0
46086.0,13.0,MEX,Ciudad de México,01 DOCTORES,LA PANQUEQUERIA,rappi,14.04,9.22,0.13,1.0
46086.0,9.0,MEX,Ciudad de México,04 SANTA FE,The Breakfast Club,rappi,13.02,9.22,1.31,1.0
46086.0,19.0,MEX,Guadalajara,25 TABACHINES,Mr Beast Burger,didi,15.74,9.2,2.01,1.0
46086.0,9.0,MEX,Monterrey,10 SAN JERONIMO,Brunch & Munch,didi,18.15,9.2,1.84,1.0
46086.0,12.0,MEX,Ciudad de México,03 POLANCO,Órale Desayunos,didi,13.0,9.18,1.03,1.0
46086.0,17.0,MEX,Ciudad de México,06 SATELITE,Que Chicken,ubereats,28.76,9.18,1.1,1.0
46086.0,7.0,MEX,Ciudad de México,04 SANTA FE,The Breakfast Club,rappi,15.7,9.18,1.41,1.0
46086.0,10.0,MEX,Guadalajara,45 ESTADIO,Brunch & Munch,didi,25.29,9.18,0.69,1.0
46086.0,10.0,MEX,Puebla,41 VOLCANES,Brunch & Munch,didi,20.73,9.18,1.06,1.0
46086.0,13.0,MEX,Ciudad de México,16 PEDREGAL,Green House,ubereats,15.99,9.17,1.98,1.0
46086.0,22.0,MEX,Ciudad de México,02 SAN ANGEL,Que Chicken,ubereats,12.11,9.17,1.89,1.0
46086.0,15.0,MEX,Ciudad de México,15 LINDAVISTA,Avocalia,ubereats,15.32,9.15,2.64,1.0
46086.0,7.0,MEX,Ciudad de México,01 DOCTORES,Brunch & Munch,ubereats,17.12,9.15,0.26,1.0
46086.0,9.0,MEX,Ciudad de México,52 MANACAR,Brunch & Munch,ubereats,25.05,9.15,18.11,1.0
46086.0,20.0,MEX,Ciudad de México,12 DEL VALLE,House of Salads,ubereats,17.15,9.15,1.02,1.0
46086.0,20.0,MEX,Ciudad de México,09 CHURUBUSCO,Que Chicken,rappi,17.69,9.15,5.18,1.0
46086.0,20.0,MEX,Ciudad de México,01 DOCTORES,Avocalia,ubereats,28.07,9.13,0.17,1.0
46086.0,8.0,MEX,Guadalajara,14 JARDINES,Brunch & Munch,ubereats,24.08,9.13,0.51,1.0
46086.0,20.0,MEX,Guadalajara,34 TLAQUEPAQUE,Honest Food,didi,13.04,9.13,1.17,1.0
46086.0,20.0,MEX,Ciudad de México,01 DOCTORES,The Wrap Company MX,rappi,21.45,9.12,0.15,1.0
46086.0,12.0,MEX,Guadalajara,19 LA CALMA,Honest Food,didi,12.77,9.12,1.2,1.0
46086.0,13.0,MEX,Guadalajara,21 SANTA TERESITA,Numa Cocina Mediterranea,rappi,16.05,9.12,0.67,1.0
46086.0,16.0,MEX,Merida,31 MONTEJO,Avocalia,didi,26.16,9.12,18.67,1.0
46086.0,15.0,MEX,Merida,37 CANEK,Mr Beast Burger,ubereats,23.18,9.12,1.77,1.0
46086.0,21.0,MEX,Ciudad de México,01 DOCTORES,Green House,ubereats,21.2,9.1,0.25,1.0
46086.0,13.0,MEX,Ciudad de México,05 COAPA,Mr Beast Burger,didi,13.03,9.08,0.94,1.0
46086.0,22.0,MEX,Ciudad de México,01 DOCTORES,Mr Beast Burger,ubereats,22.03,9.08,0.14,1.0
46086.0,13.0,MEX,Ciudad de México,02 SAN ANGEL,Órale Desayunos,ubereats,13.06,9.07,1.0,1.0
46086.0,21.0,MEX,Guadalajara,21 SANTA TERESITA,Green House,ubereats,22.93,9.07,1.19,1.0
46086.0,9.0,MEX,Ciudad de México,06 SATELITE,Brunch & Munch,ubereats,18.19,9.05,0.97,1.0
46086.0,12.0,MEX,Ciudad de México,12 DEL VALLE,Mr Beast Burger,didi,13.16,9.05,0.77,1.0
46086.0,13.0,MEX,Ciudad de México,11 AZCAPOTZALCO,Órale Desayunos,didi,13.25,9.05,0.69,1.0
46086.0,8.0,MEX,Monterrey,23 SANTA CATARINA,Órale Desayunos,ubereats,25.59,9.05,0.4,1.0
46086.0,21.0,MEX,Ciudad de México,01 DOCTORES,Avocalia,ubereats,18.82,9.03,0.79,1.0
46086.0,10.0,MEX,Guadalajara,21 SANTA TERESITA,The Wrap Company MX,didi,20.8,9.03,0.14,1.0
46086.0,15.0,MEX,Monterrey,17 CUMBRES,Desayunos de la Abuela,rappi,13.77,9.03,1.07,1.0
46086.0,11.0,MEX,Ciudad de México,01 DOCTORES,Brunch & Munch,didi,14.48,9.02,0.54,1.0
46086.0,11.0,MEX,Ciudad de México,01 DOCTORES,Brunch & Munch,didi,12.19,9.02,1.8,1.0
46086.0,9.0,MEX,Merida,31 MONTEJO,LA PANQUEQUERIA,ubereats,25.69,9.02,0.39,1.0
46086.0,12.0,MEX,Monterrey,38 SALTILLO CENTRO,Mr Beast Burger,didi,20.26,9.0,0.09,1.0
46086.0,9.0,MEX,Ciudad de México,03 POLANCO,Brunch & Munch,didi,3.19,8.98,10.71,1.0
46086.0,14.0,MEX,Guadalajara,45 ESTADIO,Honest Food,didi,18.45,8.98,0.32,1.0
46086.0,14.0,MEX,Ciudad de México,01 DOCTORES,Honest Food,ubereats,20.82,8.97,0.33,1.0
46086.0,19.0,MEX,Monterrey,13 TEC,Honest Food,didi,15.8,8.97,0.07,1.0
46086.0,7.0,MEX,Ciudad de México,04 SANTA FE,Desayunos de la Abuela,ubereats,15.96,8.95,0.75,1.0
46086.0,15.0,MEX,Monterrey,13 TEC,Avocalia,ubereats,13.67,8.95,1.19,1.0
46086.0,13.0,MEX,Ciudad de México,52 MANACAR,Avocalia,ubereats,11.29,8.93,4.85,1.0
46086.0,9.0,MEX,Ciudad de México,06 SATELITE,Brunch & Munch,ubereats,17.81,8.93,0.43,1.0
46086.0,18.0,MEX,Merida,37 CANEK,Don Gyros & Kebab,rappi,27.98,8.93,1.26,1.0
46086.0,8.0,MEX,Ciudad de México,12 DEL VALLE,Brunch & Munch,ubereats,21.78,8.92,0.5,1.0
46086.0,15.0,MEX,Ciudad de México,09 CHURUBUSCO,House of Salads,ubereats,15.89,8.92,1.17,1.0
46086.0,21.0,MEX,Ciudad de México,01 DOCTORES,The Wrap Company MX,didi,28.55,8.92,9.77,1.0
46086.0,9.0,MEX,Guadalajara,34 TLAQUEPAQUE,Brunch & Munch,didi,12.97,8.92,0.9,1.0
46086.0,21.0,MEX,Guadalajara,21 SANTA TERESITA,Mr Beast Burger,didi,14.35,8.92,25.04,1.0
46086.0,16.0,MEX,Merida,37 CANEK,Mr Beast Burger,rappi,24.66,8.92,0.21,1.0
46086.0,18.0,MEX,Ciudad de México,01 DOCTORES,Avocalia,ubereats,21.11,8.9,0.69,1.0
46086.0,13.0,MEX,Ciudad de México,06 SATELITE,Green House,ubereats,15.65,8.9,0.41,1.0
46086.0,13.0,MEX,Ciudad de México,05 COAPA,Numa Cocina Mediterranea,didi,12.68,8.9,1.14,1.0
46086.0,19.0,MEX,Ciudad de México,04 SANTA FE,Que Chicken,ubereats,17.01,8.9,0.89,1.0
46086.0,9.0,MEX,Ciudad de México,09 CHURUBUSCO,The Breakfast Club,rappi,21.49,8.9,1.54,1.0
46086.0,12.0,MEX,Puebla,41 VOLCANES,Órale Desayunos,ubereats,14.38,8.9,1.63,1.0
46086.0,9.0,MEX,Ciudad de México,04 SANTA FE,Brunch & Munch,ubereats,11.95,8.88,2.25,1.0
46086.0,10.0,MEX,Ciudad de México,01 DOCTORES,The Breakfast Club,rappi,19.61,8.88,1.93,1.0
46086.0,8.0,MEX,Monterrey,13 TEC,Órale Desayunos,rappi,13.05,8.88,0.39,1.0
46086.0,16.0,MEX,Ciudad de México,16 PEDREGAL,Fonda Local,didi,13.01,8.83,0.41,1.0
46086.0,12.0,MEX,Ciudad de México,06 SATELITE,Órale Desayunos,ubereats,7.5,8.83,20.5,1.0
46086.0,20.0,MEX,Ciudad de México,09 CHURUBUSCO,Que Chicken,rappi,16.21,8.83,4.95,1.0
46086.0,15.0,MEX,Ciudad de México,01 DOCTORES,Brunch & Munch,ubereats,20.11,8.8,0.86,1.0
46086.0,15.0,MEX,Ciudad de México,03 POLANCO,Fonda Local turbo,rappi,13.66,8.8,1.03,1.0
46086.0,21.0,MEX,Guadalajara,19 LA CALMA,Mr Beast Burger,didi,20.1,8.8,1.94,1.0
46086.0,18.0,MEX,Ciudad de México,16 PEDREGAL,La Neta Burgers (Orale Burgers),rappi,12.08,8.78,1.72,1.0
46086.0,13.0,MEX,Guadalajara,21 SANTA TERESITA,Brunch & Munch,didi,13.02,8.78,0.78,1.0
46086.0,7.0,MEX,Ciudad de México,09 CHURUBUSCO,Brunch & Munch,ubereats,16.94,8.77,2.5,1.0
46086.0,14.0,MEX,Ciudad de México,16 PEDREGAL,Mega Greens (Super Ensaladas),ubereats,14.46,8.77,1.83,1.0
46086.0,11.0,MEX,Ciudad de México,12 DEL VALLE,Órale Desayunos,didi,14.01,8.77,0.79,1.0
46086.0,17.0,MEX,Guadalajara,14 JARDINES,Avocalia,rappi,21.2,8.77,1.06,1.0
46086.0,16.0,MEX,Zona Centro,24 METEPEC,Mr Beast Burger,rappi,17.41,8.77,0.6,1.0
46086.0,15.0,MEX,Ciudad de México,03 POLANCO,Avocalia,ubereats,17.83,8.75,2.28,1.0
46086.0,11.0,MEX,Ciudad de México,04 SANTA FE,The Wrap Company MX,didi,13.98,8.75,4.04,1.0
46086.0,10.0,MEX,Puebla,41 VOLCANES,Desayunos de la Abuela,rappi,14.99,8.75,0.35,1.0
46086.0,19.0,MEX,Puebla,26 CIUDAD JUDICIAL,Honest Food,ubereats,16.04,8.75,3.76,1.0
46086.0,11.0,MEX,Ciudad de México,12 DEL VALLE,Avocalia,didi,23.93,8.73,1.85,1.0
46086.0,12.0,MEX,Ciudad de México,06 SATELITE,Desayunos de la Abuela,didi,13.35,8.73,0.68,1.0
46086.0,12.0,MEX,Ciudad de México,05 COAPA,Desayunos de la Abuela,didi,12.94,8.73,0.41,1.0
46086.0,20.0,MEX,Ciudad de México,01 DOCTORES,Mr Beast Burger,didi,16.73,8.73,0.94,1.0
46086.0,12.0,MEX,Puebla,41 VOLCANES,Desayunos de la Abuela,rappi,15.93,8.73,0.51,1.0
46086.0,15.0,MEX,Puebla,41 VOLCANES,Green House,ubereats,22.49,8.73,1.6,1.0
46086.0,9.0,MEX,Ciudad de México,01 DOCTORES,Brunch & Munch,ubereats,16.21,8.72,1.77,1.0
46086.0,14.0,MEX,Ciudad de México,01 DOCTORES,Fonda Local,didi,15.34,8.72,0.59,1.0
46086.0,15.0,MEX,Ciudad de México,16 PEDREGAL,Honest Food,ubereats,23.75,8.72,5.06,1.0
46086.0,9.0,MEX,Monterrey,10 SAN JERONIMO,Órale Desayunos,didi,20.16,8.72,1.68,1.0
46086.0,14.0,MEX,Ciudad de México,09 CHURUBUSCO,Honest Food,ubereats,15.55,8.7,0.48,1.0
46086.0,15.0,MEX,Guadalajara,19 LA CALMA,House of Salads,ubereats,16.28,8.7,2.97,1.0
46086.0,16.0,MEX,Monterrey,23 SANTA CATARINA,Mega Greens (Super Ensaladas),didi,19.94,8.7,0.9,1.0
46086.0,12.0,MEX,Puebla,26 CIUDAD JUDICIAL,Brunch & Munch,ubereats,24.15,8.7,0.85,1.0
46086.0,12.0,MEX,Guadalajara,14 JARDINES,Mr Beast Burger,didi,11.94,8.68,1.77,1.0
46086.0,7.0,MEX,Puebla,41 VOLCANES,Brunch & Munch,ubereats,21.49,8.68,1.7,1.0
46086.0,12.0,MEX,Ciudad de México,12 DEL VALLE,Brunch & Munch,ubereats,23.15,8.67,1.36,1.0
46086.0,14.0,MEX,Ciudad de México,11 AZCAPOTZALCO,Honest Food,ubereats,11.82,8.67,1.87,1.0
46086.0,15.0,MEX,Ciudad de México,01 DOCTORES,Mr Beast Burger,didi,14.13,8.67,0.51,1.0
46086.0,15.0,MEX,Guadalajara,14 JARDINES,House of Salads Turbo,rappi,15.79,8.65,0.17,1.0
46086.0,8.0,MEX,Ciudad de México,15 LINDAVISTA,LA PANQUEQUERIA,ubereats,17.18,8.63,4.16,1.0
46086.0,16.0,MEX,Ciudad de México,02 SAN ANGEL,Que Chicken,ubereats,25.79,8.63,5.11,1.0
46086.0,17.0,MEX,Guadalajara,40 JARDINES DEL VALL,Avocalia,didi,18.03,8.62,1.06,1.0
46086.0,10.0,MEX,Ciudad de México,11 AZCAPOTZALCO,Brunch & Munch,ubereats,13.88,8.6,3.75,1.0
46086.0,12.0,MEX,Ciudad de México,12 DEL VALLE,Brunch & Munch,ubereats,21.13,8.58,1.62,1.0
46086.0,10.0,MEX,Ciudad de México,15 LINDAVISTA,Órale Desayunos,ubereats,9.82,8.58,5.29,1.0
46086.0,14.0,MEX,Ciudad de México,27 IZTAPALAPA,Pozórale,didi,11.58,8.58,2.1,1.0
46086.0,10.0,MEX,Zona Centro,24 METEPEC,Green House,ubereats,19.8,8.58,1.44,1.0
46086.0,12.0,MEX,Ciudad de México,15 LINDAVISTA,Green House,didi,11.93,8.57,1.32,1.0
46086.0,19.0,MEX,Ciudad de México,03 POLANCO,Honest Food,didi,14.06,8.57,12.02,1.0
46086.0,13.0,MEX,Ciudad de México,12 DEL VALLE,Mr Beast Burger,didi,12.61,8.57,1.06,1.0
46086.0,14.0,MEX,Ciudad de México,01 DOCTORES,Que Chicken,ubereats,18.3,8.57,0.9,1.0
46086.0,13.0,MEX,Guadalajara,34 TLAQUEPAQUE,Signature Salads,didi,4.72,8.57,9.27,1.0
46086.0,12.0,MEX,Ciudad de México,09 CHURUBUSCO,Órale Desayunos,ubereats,20.04,8.55,1.0,1.0
46086.0,7.0,MEX,Guadalajara,19 LA CALMA,Chemaquiles,rappi,32.01,8.55,1.81,1.0
46086.0,18.0,MEX,Puebla,26 CIUDAD JUDICIAL,Avocalia,rappi,12.9,8.55,1.05,1.0
46086.0,10.0,MEX,Ciudad de México,12 DEL VALLE,LA PANQUEQUERIA,ubereats,23.72,8.53,1.81,1.0
46086.0,10.0,MEX,Guadalajara,21 SANTA TERESITA,The Egg Spot,ubereats,25.02,8.53,0.9,1.0
46086.0,11.0,MEX,Ciudad de México,02 SAN ANGEL,Órale Desayunos,ubereats,20.24,8.52,1.07,1.0
46086.0,20.0,MEX,Guadalajara,34 TLAQUEPAQUE,La Neta Burgers (Orale Burgers),rappi,11.91,8.52,1.72,1.0
46086.0,9.0,MEX,Guadalajara,34 TLAQUEPAQUE,Órale Desayunos,didi,12.71,8.52,0.49,1.0
46086.0,14.0,MEX,Monterrey,30 LINCOLN,Fonda Local,didi,13.03,8.52,0.97,1.0
46086.0,10.0,MEX,Ciudad de México,09 CHURUBUSCO,LA PANQUEQUERIA,rappi,17.95,8.5,0.68,1.0
46086.0,17.0,MEX,Guadalajara,34 TLAQUEPAQUE,Numa Cocina Mediterranea,rappi,15.07,8.5,55.61,1.0
46086.0,16.0,MEX,Monterrey,17 CUMBRES,Cocina Corrida,rappi,13.1,8.5,0.51,1.0
46086.0,11.0,MEX,Ciudad de México,02 SAN ANGEL,Brunch & Munch,ubereats,19.19,8.48,3.07,1.0
46086.0,21.0,MEX,Ciudad de México,12 DEL VALLE,Brunch & Munch,ubereats,14.99,8.48,1.12,1.0
46086.0,12.0,MEX,Ciudad de México,16 PEDREGAL,Don Gyros & Kebab,rappi,17.31,8.47,0.81,1.0
46086.0,10.0,MEX,Ciudad de México,01 DOCTORES,Brunch & Munch,ubereats,22.27,8.45,0.99,1.0
46086.0,13.0,MEX,Ciudad de México,27 IZTAPALAPA,Mr Beast Burger,didi,11.95,8.45,1.65,1.0
46086.0,13.0,MEX,Ciudad de México,15 LINDAVISTA,Mr Beast Burger,ubereats,13.14,8.45,1.21,1.0
46086.0,13.0,MEX,Ciudad de México,12 DEL VALLE,Que Chicken,didi,15.46,8.45,0.68,1.0
46086.0,7.0,MEX,Monterrey,10 SAN JERONIMO,The Breakfast Club,ubereats,20.4,8.43,15.47,1.0
46086.0,13.0,MEX,Puebla,26 CIUDAD JUDICIAL,Mr Beast Burger,ubereats,22.03,8.43,3.04,1.0
46086.0,8.0,MEX,Ciudad de México,01 DOCTORES,Avocalia Desayunos,ubereats,16.08,8.42,1.95,1.0
46086.0,18.0,MEX,Ciudad de México,02 SAN ANGEL,House of Salads,didi,12.84,8.42,0.73,1.0
46086.0,7.0,MEX,Ciudad de México,12 DEL VALLE,LA PANQUEQUERIA,ubereats,17.12,8.42,1.04,1.0
46086.0,22.0,MEX,Ciudad de México,11 AZCAPOTZALCO,Numa Cocina Mediterranea,ubereats,14.7,8.42,1.58,1.0
46086.0,16.0,MEX,Ciudad de México,03 POLANCO,Que Chicken,ubereats,7.94,8.42,38.26,1.0
46086.0,13.0,MEX,Puebla,41 VOLCANES,Green House,ubereats,23.0,8.42,1.66,1.0
46086.0,15.0,MEX,Ciudad de México,27 IZTAPALAPA,Avocalia,didi,13.32,8.4,0.88,1.0
46086.0,12.0,MEX,Ciudad de México,06 SATELITE,House of Salads,ubereats,22.16,8.4,0.87,1.0
46086.0,7.0,MEX,Ciudad de México,04 SANTA FE,Órale Desayunos,ubereats,11.97,8.4,1.21,1.0
46086.0,12.0,MEX,Ciudad de México,12 DEL VALLE,Órale Desayunos,ubereats,25.81,8.4,1.11,1.0
46086.0,14.0,MEX,Zona Centro,24 METEPEC,Avocalia,ubereats,12.72,8.38,4.22,1.0
46086.0,10.0,MEX,Ciudad de México,16 PEDREGAL,Órale Desayunos,ubereats,22.46,8.37,2.74,1.0
46086.0,9.0,MEX,Guadalajara,40 JARDINES DEL VALL,Brunch & Munch,rappi,17.24,8.37,0.82,1.0
46086.0,19.0,MEX,Guadalajara,19 LA CALMA,Numa Cocina Mediterranea,ubereats,21.86,8.37,1.24,1.0
46086.0,13.0,MEX,Guadalajara,34 TLAQUEPAQUE,Pozórale,didi,15.01,8.37,2.87,1.0
46086.0,8.0,MEX,Ciudad de México,16 PEDREGAL,Órale Desayunos,didi,17.84,8.35,0.69,1.0
46086.0,10.0,MEX,Puebla,41 VOLCANES,Avocalia,ubereats,19.13,8.35,1.23,1.0
46086.0,10.0,MEX,Ciudad de México,16 PEDREGAL,Órale Desayunos,didi,19.21,8.33,0.59,1.0
46086.0,21.0,MEX,Merida,37 CANEK,La Neta Burgers (Orale Burgers),rappi,12.88,8.33,0.24,1.0
46086.0,14.0,MEX,Ciudad de México,01 DOCTORES,Brunch & Munch,ubereats,18.3,8.32,0.84,1.0
46086.0,10.0,MEX,Monterrey,17 CUMBRES,LA PANQUEQUERIA,ubereats,21.97,8.3,1.38,1.0
46086.0,16.0,MEX,Puebla,26 CIUDAD JUDICIAL,Avocalia,didi,12.08,8.3,1.01,1.0
46086.0,10.0,MEX,Zona Centro,24 METEPEC,LA PANQUEQUERIA,ubereats,16.97,8.3,3.9,1.0
46086.0,13.0,MEX,Ciudad de México,12 DEL VALLE,Brunch & Munch,ubereats,12.44,8.28,2.88,1.0
46086.0,10.0,MEX,Ciudad de México,02 SAN ANGEL,Desayunos de la Abuela Turbo,rappi,7.26,8.28,5.82,1.0
46086.0,17.0,MEX,Ciudad de México,16 PEDREGAL,House of Salads,didi,15.56,8.28,5.94,1.0
46086.0,10.0,MEX,Ciudad de México,04 SANTA FE,LA PANQUEQUERIA,ubereats,15.05,8.28,3.64,1.0
46086.0,9.0,MEX,Ciudad de México,16 PEDREGAL,Órale Desayunos,ubereats,12.78,8.28,3.94,1.0
46086.0,20.0,MEX,Merida,37 CANEK,House of Salads,ubereats,21.37,8.28,2.05,1.0
46086.0,10.0,MEX,Monterrey,17 CUMBRES,LA PANQUEQUERIA,rappi,11.25,8.28,1.81,1.0
46086.0,20.0,MEX,Puebla,41 VOLCANES,Green House,ubereats,21.67,8.28,0.45,1.0
46086.0,15.0,MEX,Ciudad de México,03 POLANCO,Cocina Corrida,didi,15.53,8.27,0.75,1.0
46086.0,16.0,MEX,Merida,31 MONTEJO,Green House,ubereats,23.9,8.27,1.05,1.0
46086.0,9.0,MEX,Merida,31 MONTEJO,Órale Desayunos,ubereats,26.89,8.27,1.24,1.0
46086.0,14.0,MEX,Puebla,26 CIUDAD JUDICIAL,Avocalia,didi,11.07,8.27,2.01,1.0
46086.0,12.0,MEX,Ciudad de México,05 COAPA,Brunch & Munch,didi,12.97,8.25,0.5,1.0
46086.0,9.0,MEX,Ciudad de México,01 DOCTORES,LA PANQUEQUERIA,didi,16.57,8.25,1.11,1.0
46086.0,11.0,MEX,Guadalajara,45 ESTADIO,Avocalia,didi,12.75,8.25,0.33,1.0
46086.0,14.0,MEX,Guadalajara,14 JARDINES,Mr Beast Burger,didi,21.81,8.25,0.14,1.0
46086.0,17.0,MEX,Puebla,26 CIUDAD JUDICIAL,Numa Cocina Mediterranea,ubereats,19.74,8.25,2.06,1.0
46086.0,14.0,MEX,Ciudad de México,09 CHURUBUSCO,LA PANQUEQUERIA,ubereats,12.49,8.23,2.09,1.0
46086.0,7.0,MEX,Ciudad de México,11 AZCAPOTZALCO,Órale Desayunos,ubereats,18.97,8.23,1.71,1.0
46086.0,9.0,MEX,Ciudad de México,04 SANTA FE,Órale Desayunos,ubereats,23.89,8.23,0.79,1.0
46086.0,9.0,MEX,Ciudad de México,16 PEDREGAL,Órale Desayunos,ubereats,20.23,8.23,1.95,1.0
46086.0,12.0,MEX,Puebla,41 VOLCANES,Mr Beast Burger,didi,13.98,8.23,2.71,1.0
46086.0,14.0,MEX,Puebla,41 VOLCANES,Numa Cocina Mediterranea,ubereats,14.14,8.23,24.61,1.0
46086.0,10.0,MEX,Ciudad de México,12 DEL VALLE,Brunch & Munch,ubereats,15.91,8.22,4.06,1.0
46086.0,10.0,MEX,Ciudad de México,04 SANTA FE,Brunch & Munch,ubereats,22.61,8.22,1.97,1.0
46086.0,10.0,MEX,Monterrey,23 SANTA CATARINA,LA PANQUEQUERIA,ubereats,18.97,8.22,1.04,1.0
46086.0,10.0,MEX,Zona Centro,24 METEPEC,Brunch & Munch,ubereats,17.15,8.22,2.39,1.0
46086.0,10.0,MEX,Ciudad de México,12 DEL VALLE,Brunch & Munch,ubereats,36.86,8.2,1.85,1.0
46086.0,19.0,MEX,Ciudad de México,03 POLANCO,Honest Food Turbo,rappi,12.21,8.2,0.83,1.0
46086.0,9.0,MEX,Ciudad de México,16 PEDREGAL,Órale Desayunos,ubereats,21.75,8.2,0.79,1.0
46086.0,18.0,MEX,Guadalajara,40 JARDINES DEL VALL,Mr Beast Burger,rappi,12.85,8.2,3.13,1.0
46086.0,17.0,MEX,Merida,31 MONTEJO,Avocalia,rappi,15.94,8.2,13.13,1.0
46086.0,9.0,MEX,Monterrey,10 SAN JERONIMO,Brunch & Munch,ubereats,15.42,8.2,3.09,1.0
46086.0,10.0,MEX,Puebla,41 VOLCANES,House of Salads,didi,12.17,8.2,0.88,1.0
46086.0,19.0,MEX,Ciudad de México,09 CHURUBUSCO,Avocalia,didi,17.03,8.18,1.55,1.0
46086.0,8.0,MEX,Ciudad de México,11 AZCAPOTZALCO,Órale Desayunos,didi,10.18,8.18,6.95,1.0
46086.0,10.0,MEX,Guadalajara,25 TABACHINES,Brunch & Munch,ubereats,19.21,8.17,0.55,1.0
46086.0,11.0,MEX,Monterrey,23 SANTA CATARINA,Chemaquiles,ubereats,5.15,8.17,7.88,1.0
46086.0,12.0,MEX,Ciudad de México,01 DOCTORES,Fonda Local,rappi,16.24,8.15,1.7,1.0
46086.0,14.0,MEX,Ciudad de México,16 PEDREGAL,Mr Beast Burger,ubereats,15.07,8.15,1.2,1.0
46086.0,14.0,MEX,Ciudad de México,27 IZTAPALAPA,Que Chicken,rappi,11.8,8.15,2.72,1.0
46086.0,13.0,MEX,Guadalajara,45 ESTADIO,Mr Beast Burger,rappi,11.29,8.15,1.69,1.0
46086.0,8.0,MEX,Merida,31 MONTEJO,LA PANQUEQUERIA,ubereats,16.35,8.15,21.7,1.0
46086.0,10.0,MEX,Ciudad de México,03 POLANCO,Foodhub Turbo,rappi,12.87,8.13,0.13,1.0
46086.0,10.0,MEX,Guadalajara,40 JARDINES DEL VALL,LA PANQUEQUERIA,rappi,12.98,8.13,1.6,1.0
46086.0,8.0,MEX,Ciudad de México,02 SAN ANGEL,Brunch & Munch,rappi,20.29,8.12,1.73,1.0
46086.0,13.0,MEX,Ciudad de México,05 COAPA,Avocalia,ubereats,13.52,8.1,4.82,1.0
46086.0,9.0,MEX,Ciudad de México,12 DEL VALLE,Brunch & Munch,ubereats,20.64,8.1,2.11,1.0
46086.0,13.0,MEX,Ciudad de México,09 CHURUBUSCO,Honest Food,ubereats,11.91,8.1,1.34,1.0
46086.0,9.0,MEX,Ciudad de México,12 DEL VALLE,Órale Desayunos,ubereats,22.8,8.1,2.15,1.0
46086.0,13.0,MEX,Merida,31 MONTEJO,Honest Food,didi,38.2,8.1,0.69,1.0
46086.0,14.0,MEX,Ciudad de México,04 SANTA FE,Avocalia,ubereats,23.72,8.08,0.35,1.0
46086.0,19.0,MEX,Ciudad de México,03 POLANCO,Pozórale,didi,14.85,8.08,2.82,1.0
46086.0,8.0,MEX,Monterrey,10 SAN JERONIMO,Órale Desayunos,didi,15.91,8.08,4.5,1.0
46086.0,17.0,MEX,Guadalajara,45 ESTADIO,La Neta Burgers (Orale Burgers),rappi,11.99,8.07,0.98,1.0
46086.0,10.0,MEX,Guadalajara,40 JARDINES DEL VALL,Órale Desayunos,rappi,11.03,8.05,2.28,1.0
46086.0,17.0,MEX,Merida,31 MONTEJO,Brunch & Munch,rappi,14.0,8.05,0.48,1.0
46086.0,11.0,MEX,Monterrey,22 SAN NICOLAS,Órale Desayunos,ubereats,3.3,8.05,13.84,1.0
46086.0,11.0,MEX,Ciudad de México,02 SAN ANGEL,Brunch & Munch,didi,15.23,8.03,0.7,1.0
46086.0,9.0,MEX,Ciudad de México,15 LINDAVISTA,Eggy by Chef Eva,ubereats,13.8,8.03,0.8,1.0
46086.0,14.0,MEX,Ciudad de México,03 POLANCO,Fonda Local,didi,13.22,8.03,1.12,1.0
46086.0,21.0,MEX,Ciudad de México,16 PEDREGAL,Green House,rappi,18.88,8.03,0.5,1.0
46086.0,10.0,MEX,Monterrey,28 CARRETERA NACIONA,Brunch & Munch,ubereats,20.78,8.03,0.97,1.0
46086.0,12.0,MEX,Puebla,41 VOLCANES,Órale Desayunos,didi,12.19,8.03,0.75,1.0
46086.0,16.0,MEX,Ciudad de México,06 SATELITE,Don Gyros & Kebab,rappi,28.84,8.02,1.9,1.0
46086.0,9.0,MEX,Ciudad de México,27 IZTAPALAPA,Eggy by Chef Eva,ubereats,18.92,8.02,1.88,1.0
46086.0,11.0,MEX,Ciudad de México,01 DOCTORES,LA PANQUEQUERIA,ubereats,17.7,8.02,1.03,1.0
46086.0,20.0,MEX,Ciudad de México,01 DOCTORES,Mr Beast Burger,ubereats,23.46,8.02,0.98,1.0
46086.0,12.0,MEX,Guadalajara,19 LA CALMA,Orale Chilaquiles Turbo,rappi,10.95,8.02,3.14,1.0
46086.0,11.0,MEX,Monterrey,22 SAN NICOLAS,Avocalia Desayunos,ubereats,9.94,8.02,8.03,1.0
46086.0,15.0,MEX,Monterrey,28 CARRETERA NACIONA,Honest Food,didi,14.0,8.02,1.15,1.0
46086.0,12.0,MEX,Monterrey,38 SALTILLO CENTRO,Honest Food,ubereats,18.03,8.02,2.1,1.0
46086.0,14.0,MEX,Monterrey,23 SANTA CATARINA,House of Salads,ubereats,24.1,8.0,2.94,1.0
46086.0,11.0,MEX,Ciudad de México,01 DOCTORES,LA PANQUEQUERIA,ubereats,9.92,7.98,7.97,1.0
46086.0,21.0,MEX,Ciudad de México,16 PEDREGAL,Que Chicken,ubereats,16.31,7.98,1.1,1.0
46086.0,19.0,MEX,Guadalajara,21 SANTA TERESITA,Brunch & Munch,didi,18.87,7.98,0.72,1.0
46086.0,13.0,MEX,Monterrey,30 LINCOLN,Tasty Foods,rappi,15.99,7.98,0.44,1.0
46086.0,9.0,MEX,Ciudad de México,52 MANACAR,Órale Desayunos,didi,18.95,7.97,0.62,1.0
46086.0,21.0,MEX,Ciudad de México,02 SAN ANGEL,Que Chicken,ubereats,17.07,7.97,1.92,1.0
46086.0,11.0,MEX,Puebla,41 VOLCANES,Órale Desayunos,ubereats,13.97,7.97,4.17,1.0
46086.0,16.0,MEX,Monterrey,22 SAN NICOLAS,House of Salads,didi,13.48,7.95,1.46,1.0
46086.0,9.0,MEX,Ciudad de México,52 MANACAR,Órale Desayunos,ubereats,12.44,7.93,0.92,1.0
46086.0,13.0,MEX,Monterrey,17 CUMBRES,Avocalia,didi,12.18,7.93,0.29,1.0
46086.0,20.0,MEX,Monterrey,17 CUMBRES,Honest Food,rappi,13.01,7.93,0.06,1.0
46086.0,13.0,MEX,Puebla,41 VOLCANES,Desayunos de la Abuela,didi,16.82,7.93,2.03,1.0
46086.0,9.0,MEX,Ciudad de México,16 PEDREGAL,Órale Desayunos,ubereats,15.17,7.92,1.61,1.0
46086.0,8.0,MEX,Guadalajara,25 TABACHINES,Brunch & Munch,ubereats,21.87,7.92,0.96,1.0
46086.0,12.0,MEX,Monterrey,38 SALTILLO CENTRO,Brunch & Munch,ubereats,22.2,7.92,0.89,1.0
46086.0,14.0,MEX,Puebla,41 VOLCANES,Mr Beast Burger,didi,15.45,7.92,2.14,1.0
46086.0,12.0,MEX,Ciudad de México,05 COAPA,Desayunos de la Abuela,rappi,12.57,7.9,0.29,1.0
46086.0,15.0,MEX,Ciudad de México,06 SATELITE,Honest Food,rappi,12.69,7.9,0.17,1.0
46086.0,21.0,MEX,Merida,31 MONTEJO,Avocalia,rappi,13.73,7.9,0.1,1.0
46086.0,14.0,MEX,Monterrey,22 SAN NICOLAS,Que Chicken,rappi,20.1,7.9,1.89,1.0
46086.0,15.0,MEX,Ciudad de México,01 DOCTORES,Honest Food,didi,12.33,7.88,0.09,1.0
46086.0,9.0,MEX,Ciudad de México,12 DEL VALLE,LA PANQUEQUERIA,ubereats,23.5,7.88,1.48,1.0
46086.0,11.0,MEX,Ciudad de México,03 POLANCO,The Egg Spot,rappi,9.15,7.88,3.7,1.0
46086.0,22.0,MEX,Merida,31 MONTEJO,Chicken Tenders Hub,rappi,14.08,7.88,0.69,1.0
46086.0,16.0,MEX,Merida,31 MONTEJO,Honest Food,didi,26.72,7.88,0.22,1.0
46086.0,13.0,MEX,Guadalajara,34 TLAQUEPAQUE,Mr Beast Burger,didi,11.75,7.87,1.07,1.0
46086.0,10.0,MEX,Ciudad de México,12 DEL VALLE,Desayunos de la Abuela,didi,14.91,7.85,1.05,1.0
46086.0,12.0,MEX,Ciudad de México,12 DEL VALLE,Órale Desayunos,rappi,16.04,7.85,1.9,1.0
46086.0,9.0,MEX,Ciudad de México,52 MANACAR,Órale Desayunos,ubereats,11.1,7.85,3.22,1.0
46086.0,14.0,MEX,Guadalajara,21 SANTA TERESITA,Avocalia,ubereats,23.84,7.85,0.58,1.0
46086.0,12.0,MEX,Ciudad de México,03 POLANCO,Avocalia,ubereats,11.48,7.83,1.76,1.0
46086.0,14.0,MEX,Ciudad de México,04 SANTA FE,House of Salads,ubereats,12.74,7.83,3.25,1.0
46086.0,11.0,MEX,Ciudad de México,09 CHURUBUSCO,LA PANQUEQUERIA,ubereats,15.42,7.83,1.9,1.0
46086.0,20.0,MEX,Guadalajara,34 TLAQUEPAQUE,Mr Beast Burger,didi,9.75,7.83,3.99,1.0
46086.0,12.0,MEX,Zona Centro,24 METEPEC,Órale Desayunos,ubereats,21.18,7.83,1.86,1.0
46086.0,12.0,MEX,Ciudad de México,06 SATELITE,Brunch & Munch,ubereats,22.15,7.82,0.8,1.0
46086.0,15.0,MEX,Ciudad de México,01 DOCTORES,Que Chicken,didi,15.93,7.82,0.11,1.0
46086.0,11.0,MEX,Ciudad de México,02 SAN ANGEL,The Breakfast Club,ubereats,19.05,7.82,4.79,1.0
46086.0,12.0,MEX,Puebla,26 CIUDAD JUDICIAL,Órale Chilaquiles,rappi,19.21,7.82,0.73,1.0
46086.0,13.0,MEX,Ciudad de México,03 POLANCO,Avocalia,ubereats,10.85,7.8,1.95,1.0
46086.0,12.0,MEX,Ciudad de México,09 CHURUBUSCO,House of Salads,ubereats,17.22,7.8,1.77,1.0
46086.0,14.0,MEX,Guadalajara,45 ESTADIO,Avocalia,didi,13.89,7.8,3.91,1.0
46086.0,13.0,MEX,Merida,31 MONTEJO,Mr Beast Burger,didi,45.1,7.8,1.09,1.0
46086.0,13.0,MEX,Monterrey,17 CUMBRES,LA PANQUEQUERIA,rappi,11.85,7.8,0.94,1.0
46086.0,14.0,MEX,Ciudad de México,27 IZTAPALAPA,The Breakfast Club,rappi,22.18,7.78,1.05,1.0
46086.0,15.0,MEX,Guadalajara,19 LA CALMA,House of Salads,ubereats,18.06,7.78,10.71,1.0
46086.0,11.0,MEX,Monterrey,10 SAN JERONIMO,The Egg Spot,rappi,11.9,7.78,0.88,1.0
46086.0,21.0,MEX,Monterrey,28 CARRETERA NACIONA,Avocalia,ubereats,19.08,7.77,0.77,1.0
46086.0,18.0,MEX,Monterrey,17 CUMBRES,La Neta Burgers (Orale Burgers),rappi,13.11,7.77,1.89,1.0
46086.0,12.0,MEX,Monterrey,13 TEC,Mr Beast Burger,ubereats,21.16,7.77,1.53,1.0
46086.0,13.0,MEX,Puebla,41 VOLCANES,Mr Beast Burger,didi,13.93,7.77,1.0,1.0
46086.0,11.0,MEX,Ciudad de México,03 POLANCO,Brunch & Munch,didi,11.82,7.75,0.95,1.0
46086.0,7.0,MEX,Ciudad de México,01 DOCTORES,Brunch & Munch,ubereats,14.99,7.75,0.17,1.0
46086.0,11.0,MEX,Ciudad de México,01 DOCTORES,Green House,ubereats,16.04,7.75,7.06,1.0
46086.0,15.0,MEX,Puebla,41 VOLCANES,Honest Food,rappi,29.93,7.75,0.8,1.0
46086.0,15.0,MEX,Ciudad de México,03 POLANCO,Honest Food,ubereats,12.71,7.73,1.04,1.0
46086.0,22.0,MEX,Ciudad de México,01 DOCTORES,Honest Food,ubereats,16.94,7.73,0.2,1.0
46086.0,9.0,MEX,Guadalajara,21 SANTA TERESITA,Órale Chilaquiles,rappi,23.06,7.73,0.0,1.0
46086.0,15.0,MEX,Guadalajara,14 JARDINES,The Salad Project,ubereats,22.73,7.73,1.11,1.0
46086.0,9.0,MEX,Guadalajara,21 SANTA TERESITA,The Wrap Company MX,didi,18.27,7.73,0.64,1.0
46086.0,18.0,MEX,Merida,31 MONTEJO,Green House,rappi,14.94,7.73,0.89,1.0
46086.0,15.0,MEX,Merida,37 CANEK,La Neta Burgers (Orale Burgers),rappi,18.9,7.73,0.08,1.0
46086.0,15.0,MEX,Puebla,41 VOLCANES,La Neta Burgers (Orale Burgers),rappi,10.27,7.73,2.5,1.0
46086.0,21.0,MEX,Ciudad de México,01 DOCTORES,LA PANQUEQUERIA,didi,22.09,7.72,0.77,1.0
46086.0,14.0,MEX,Merida,37 CANEK,Honest Food,rappi,25.92,7.72,0.62,1.0
46086.0,13.0,MEX,Ciudad de México,12 DEL VALLE,Avocalia,ubereats,17.1,7.7,1.03,1.0
46086.0,7.0,MEX,Ciudad de México,09 CHURUBUSCO,Desayunos de la Abuela,ubereats,18.04,7.7,0.84,1.0
46086.0,16.0,MEX,Ciudad de México,02 SAN ANGEL,Que Chicken,ubereats,26.77,7.7,5.76,1.0
46086.0,13.0,MEX,Guadalajara,19 LA CALMA,Mr Beast Burger,rappi,15.06,7.7,1.92,1.0
46086.0,13.0,MEX,Ciudad de México,09 CHURUBUSCO,Honest Food,rappi,11.87,7.68,0.86,1.0
46086.0,8.0,MEX,Ciudad de México,06 SATELITE,The Breakfast Club,didi,13.14,7.68,0.03,1.0
46086.0,13.0,MEX,Merida,31 MONTEJO,Fonda Local,didi,39.79,7.68,0.41,1.0
46086.0,15.0,MEX,Monterrey,38 SALTILLO CENTRO,Mr Beast Burger,rappi,16.01,7.68,0.18,1.0
46086.0,13.0,MEX,Monterrey,30 LINCOLN,Brunch & Munch,rappi,18.76,7.67,0.9,1.0
46086.0,10.0,MEX,Ciudad de México,12 DEL VALLE,Avocalia,didi,21.33,7.65,16.19,1.0
46086.0,8.0,MEX,Ciudad de México,27 IZTAPALAPA,Brunch & Munch,ubereats,15.9,7.65,2.08,1.0
46086.0,13.0,MEX,Ciudad de México,12 DEL VALLE,Cocina Corrida,rappi,16.47,7.65,0.81,1.0
46086.0,15.0,MEX,Ciudad de México,05 COAPA,Honest Food,didi,16.88,7.65,4.75,1.0
46086.0,15.0,MEX,Ciudad de México,05 COAPA,Honest Food,didi,9.79,7.65,3.05,1.0
46086.0,13.0,MEX,Ciudad de México,05 COAPA,Mr Beast Burger,didi,11.82,7.65,0.45,1.0
46086.0,11.0,MEX,Guadalajara,34 TLAQUEPAQUE,Brunch & Munch,ubereats,18.94,7.65,5.05,1.0
46086.0,16.0,MEX,Zona Centro,24 METEPEC,Green House,rappi,14.97,7.65,1.03,1.0
46086.0,7.0,MEX,Merida,31 MONTEJO,Brunch & Munch,ubereats,23.19,7.63,1.31,1.0
46086.0,14.0,MEX,Merida,37 CANEK,Chicken Shack,rappi,25.12,7.63,45.17,1.0
46086.0,12.0,MEX,Ciudad de México,12 DEL VALLE,Honest Food,ubereats,22.22,7.62,0.8,1.0
46086.0,20.0,MEX,Ciudad de México,12 DEL VALLE,Numa Cocina Mediterranea,ubereats,19.51,7.62,1.12,1.0
46086.0,16.0,MEX,Guadalajara,14 JARDINES,Que Chicken,rappi,18.48,7.62,7.55,1.0
46086.0,13.0,MEX,Merida,37 CANEK,Chemaquiles,didi,18.85,7.62,0.32,1.0
46086.0,12.0,MEX,Guadalajara,21 SANTA TERESITA,Desayunos de la Abuela,didi,18.07,7.58,1.67,1.0
46086.0,9.0,MEX,Monterrey,38 SALTILLO CENTRO,Brunch & Munch,didi,18.14,7.58,0.3,1.0
46086.0,14.0,MEX,Puebla,41 VOLCANES,Fonda Local,didi,12.43,7.58,1.16,1.0
46086.0,9.0,MEX,Guadalajara,25 TABACHINES,Órale Desayunos,rappi,7.89,7.57,21.27,1.0
46086.0,18.0,MEX,Monterrey,17 CUMBRES,Mr Beast Burger,rappi,11.99,7.57,0.27,1.0
46086.0,11.0,MEX,Monterrey,22 SAN NICOLAS,The Wrap Company MX,didi,12.58,7.57,0.89,1.0
46086.0,11.0,MEX,Ciudad de México,16 PEDREGAL,Brunch & Munch,ubereats,19.9,7.55,0.74,1.0
46086.0,9.0,MEX,Ciudad de México,12 DEL VALLE,LA PANQUEQUERIA,ubereats,10.83,7.55,1.82,1.0
46086.0,18.0,MEX,Guadalajara,34 TLAQUEPAQUE,Fonda Local,didi,25.48,7.55,7.41,1.0
46086.0,9.0,MEX,Puebla,26 CIUDAD JUDICIAL,Órale Desayunos,ubereats,21.34,7.55,0.93,1.0
46086.0,13.0,MEX,Monterrey,17 CUMBRES,Mr Beast Burger,rappi,12.13,7.53,0.93,1.0
46086.0,7.0,MEX,Ciudad de México,05 COAPA,Desayunos de la Abuela,ubereats,14.07,7.52,1.24,1.0
46086.0,16.0,MEX,Guadalajara,21 SANTA TERESITA,LA PANQUEQUERIA,ubereats,19.84,7.52,0.98,1.0
46086.0,12.0,MEX,Monterrey,13 TEC,LA PANQUEQUERIA,didi,13.27,7.52,0.93,1.0
46086.0,11.0,MEX,Monterrey,10 SAN JERONIMO,Órale Desayunos,ubereats,19.99,7.52,2.19,1.0
46086.0,11.0,MEX,Monterrey,23 SANTA CATARINA,Órale Desayunos,ubereats,15.24,7.52,5.95,1.0
46086.0,18.0,MEX,Monterrey,13 TEC,Pozórale,didi,14.09,7.5,0.73,1.0
46086.0,14.0,MEX,Ciudad de México,04 SANTA FE,Avocalia,ubereats,12.0,7.48,0.21,1.0
46086.0,12.0,MEX,Ciudad de México,02 SAN ANGEL,Desayunos de la Abuela,didi,12.04,7.48,0.16,1.0
46086.0,11.0,MEX,Ciudad de México,09 CHURUBUSCO,Órale Desayunos,rappi,25.01,7.48,1.08,1.0
46086.0,16.0,MEX,Guadalajara,25 TABACHINES,Honest Food,rappi,11.35,7.48,0.86,1.0
46086.0,10.0,MEX,Guadalajara,34 TLAQUEPAQUE,The Wrap Company MX,didi,11.87,7.47,3.03,1.0
46086.0,9.0,MEX,Ciudad de México,09 CHURUBUSCO,Brunch & Munch,ubereats,26.94,7.45,1.24,1.0
46086.0,13.0,MEX,Ciudad de México,09 CHURUBUSCO,House of Salads,ubereats,10.29,7.45,1.9,1.0
46086.0,13.0,MEX,Guadalajara,25 TABACHINES,Avocalia,didi,8.18,7.45,4.0,1.0
46086.0,9.0,MEX,Monterrey,13 TEC,Órale Desayunos,ubereats,15.11,7.45,2.08,1.0
46086.0,15.0,MEX,Guadalajara,45 ESTADIO,La Neta Burgers (Orale Burgers),rappi,11.89,7.43,0.32,1.0
46086.0,16.0,MEX,Monterrey,28 CARRETERA NACIONA,La Neta Burgers (Orale Burgers),rappi,11.11,7.43,1.04,1.0
46086.0,9.0,MEX,Monterrey,30 LINCOLN,The Breakfast Club,rappi,11.83,7.43,0.36,1.0
46086.0,15.0,MEX,Merida,31 MONTEJO,Mr Beast Burger,rappi,12.02,7.42,0.13,1.0
46086.0,14.0,MEX,Merida,31 MONTEJO,Que Chicken,ubereats,28.92,7.42,1.07,1.0
46086.0,14.0,MEX,Ciudad de México,12 DEL VALLE,Honest Food,ubereats,13.24,7.4,2.64,1.0
46086.0,10.0,MEX,Ciudad de México,06 SATELITE,The Egg Spot,rappi,14.84,7.4,0.12,1.0
46086.0,13.0,MEX,Merida,31 MONTEJO,House of Salads,rappi,28.87,7.4,15.26,1.0
46086.0,12.0,MEX,Ciudad de México,01 DOCTORES,Desayunos de la Abuela,rappi,24.0,7.38,0.13,1.0
46086.0,13.0,MEX,Ciudad de México,02 SAN ANGEL,Mr Beast Burger,ubereats,15.91,7.38,1.29,1.0
46086.0,12.0,MEX,Ciudad de México,16 PEDREGAL,Órale Desayunos,ubereats,16.99,7.38,1.92,1.0
46086.0,8.0,MEX,Guadalajara,34 TLAQUEPAQUE,Brunch & Munch,ubereats,13.11,7.38,2.42,1.0
46086.0,8.0,MEX,Monterrey,23 SANTA CATARINA,LA PANQUEQUERIA,ubereats,15.02,7.38,1.0,1.0
46086.0,14.0,MEX,Zona Centro,24 METEPEC,House of Salads,ubereats,15.86,7.38,1.09,1.0
46086.0,13.0,MEX,Ciudad de México,03 POLANCO,House of Burgers,ubereats,13.29,7.37,8.92,1.0
46086.0,19.0,MEX,Ciudad de México,03 POLANCO,Mr Beast Burger Turbo,rappi,10.71,7.37,1.4,1.0
46086.0,12.0,MEX,Guadalajara,21 SANTA TERESITA,The Wrap Company MX,didi,13.98,7.37,0.29,1.0
46086.0,8.0,MEX,Monterrey,10 SAN JERONIMO,The Egg Spot,didi,11.1,7.37,1.04,1.0
46086.0,20.0,MEX,Ciudad de México,04 SANTA FE,Eggy by Chef Eva,ubereats,37.76,7.35,0.45,1.0
46086.0,15.0,MEX,Guadalajara,19 LA CALMA,Avocalia,ubereats,17.18,7.35,2.95,1.0
46086.0,8.0,MEX,Guadalajara,14 JARDINES,Brunch & Munch,ubereats,26.8,7.35,1.14,1.0
46086.0,9.0,MEX,Guadalajara,21 SANTA TERESITA,Desayunos de la Abuela,ubereats,16.14,7.35,2.81,1.0
46086.0,21.0,MEX,Guadalajara,21 SANTA TERESITA,Mr Beast Burger,rappi,17.41,7.35,1.77,1.0
46086.0,22.0,MEX,Ciudad de México,12 DEL VALLE,Mr Beast Burger,didi,16.04,7.33,1.06,1.0
46086.0,20.0,MEX,Ciudad de México,01 DOCTORES,Que Chicken,didi,18.46,7.33,0.55,1.0
46086.0,17.0,MEX,Monterrey,23 SANTA CATARINA,Que Chicken,ubereats,17.78,7.3,2.41,1.0
46086.0,15.0,MEX,Zona Centro,24 METEPEC,Honest Food,rappi,14.16,7.3,0.93,1.0
46086.0,11.0,MEX,Ciudad de México,12 DEL VALLE,Brunch & Munch,ubereats,23.84,7.28,4.03,1.0
46086.0,9.0,MEX,Ciudad de México,01 DOCTORES,Eggy by Chef Eva,rappi,17.79,7.28,0.22,1.0
46086.0,7.0,MEX,Guadalajara,14 JARDINES,Brunch & Munch,ubereats,21.99,7.28,1.05,1.0
46086.0,18.0,MEX,Monterrey,17 CUMBRES,La Neta Burgers (Orale Burgers),rappi,11.17,7.28,0.93,1.0
46086.0,14.0,MEX,Ciudad de México,12 DEL VALLE,House of Salads,ubereats,15.21,7.27,1.67,1.0
46086.0,10.0,MEX,Merida,37 CANEK,Brunch & Munch,rappi,16.6,7.27,1.05,1.0
46086.0,11.0,MEX,Merida,31 MONTEJO,Órale Desayunos,ubereats,8.2,7.27,9.78,1.0
46086.0,17.0,MEX,Zona Centro,24 METEPEC,Que Chicken,ubereats,14.7,7.27,1.29,1.0
46086.0,13.0,MEX,Monterrey,13 TEC,Mr Beast Burger Turbo,rappi,13.12,7.25,0.81,1.0
46086.0,8.0,MEX,Puebla,41 VOLCANES,The Wrap Company MX,didi,11.82,7.25,0.25,1.0
46086.0,17.0,MEX,Monterrey,23 SANTA CATARINA,Green House,ubereats,15.18,7.23,0.97,1.0
46086.0,9.0,MEX,Ciudad de México,06 SATELITE,Desayunos de la Abuela,rappi,9.23,7.22,2.83,1.0
46086.0,11.0,MEX,Ciudad de México,03 POLANCO,LA PANQUEQUERIA,ubereats,10.14,7.22,10.17,1.0
46086.0,21.0,MEX,Ciudad de México,09 CHURUBUSCO,Mr Beast Burger,didi,14.01,7.22,0.79,1.0
46086.0,10.0,MEX,Ciudad de México,03 POLANCO,The Wrap Company MX,didi,9.94,7.22,2.09,1.0
46086.0,15.0,MEX,Merida,37 CANEK,Tasty Foods,rappi,13.12,7.22,0.68,1.0
46086.0,20.0,MEX,Puebla,41 VOLCANES,Avocalia,didi,13.1,7.22,0.89,1.0
46086.0,13.0,MEX,Ciudad de México,04 SANTA FE,Fonda Local,ubereats,15.24,7.2,0.56,1.0
46086.0,14.0,MEX,Ciudad de México,01 DOCTORES,Honest Food,ubereats,17.1,7.2,1.06,1.0
46086.0,15.0,MEX,Merida,31 MONTEJO,Don Gyros & Kebab,rappi,12.03,7.2,0.01,1.0
46086.0,20.0,MEX,Ciudad de México,16 PEDREGAL,Honest Food,ubereats,10.28,7.18,1.73,1.0
46086.0,16.0,MEX,Guadalajara,14 JARDINES,Cocina Corrida turbo,rappi,10.43,7.18,1.59,1.0
46086.0,19.0,MEX,Guadalajara,21 SANTA TERESITA,Mr Beast Burger Turbo,rappi,9.99,7.18,2.04,1.0
46086.0,20.0,MEX,Ciudad de México,16 PEDREGAL,Que Chicken,ubereats,19.54,7.17,1.03,1.0
46086.0,19.0,MEX,Guadalajara,21 SANTA TERESITA,Desayunos de la Abuela,ubereats,17.26,7.17,5.99,1.0
46086.0,16.0,MEX,Guadalajara,19 LA CALMA,Fonda Local,didi,11.12,7.17,0.98,1.0
46086.0,11.0,MEX,Monterrey,22 SAN NICOLAS,Brunch & Munch,ubereats,15.07,7.17,3.06,1.0
46086.0,7.0,MEX,Monterrey,22 SAN NICOLAS,Desayunos de la Abuela,didi,20.15,7.17,0.78,1.0
46086.0,8.0,MEX,Monterrey,17 CUMBRES,Pozórale,rappi,11.05,7.17,1.28,1.0
46086.0,9.0,MEX,Ciudad de México,01 DOCTORES,Brunch & Munch,didi,12.22,7.15,0.73,1.0
46086.0,12.0,MEX,Ciudad de México,05 COAPA,Fonda Local,didi,11.59,7.15,0.41,1.0
46086.0,19.0,MEX,Guadalajara,25 TABACHINES,Honest Food,rappi,11.56,7.15,0.46,1.0
46086.0,14.0,MEX,Puebla,26 CIUDAD JUDICIAL,Brunch & Munch,ubereats,9.73,7.15,11.21,1.0
46086.0,21.0,MEX,Puebla,41 VOLCANES,Mr Beast Burger,didi,14.16,7.15,0.98,1.0
46086.0,10.0,MEX,Guadalajara,21 SANTA TERESITA,Órale Desayunos,rappi,18.14,7.13,0.79,1.0
46086.0,10.0,MEX,Monterrey,10 SAN JERONIMO,Desayunos de la Abuela,didi,16.04,7.13,1.9,1.0
46086.0,15.0,MEX,Monterrey,23 SANTA CATARINA,Don Gyros & Kebab,rappi,16.23,7.13,0.86,1.0
46086.0,13.0,MEX,Monterrey,30 LINCOLN,Honest Food,didi,11.69,7.13,0.32,1.0
46086.0,8.0,MEX,Monterrey,13 TEC,The Breakfast Club,ubereats,10.15,7.13,9.7,1.0
46086.0,15.0,MEX,Puebla,41 VOLCANES,Honest Food,ubereats,19.8,7.13,3.91,1.0
46086.0,13.0,MEX,Ciudad de México,02 SAN ANGEL,Avocalia,didi,11.72,7.12,0.27,1.0
46086.0,15.0,MEX,Ciudad de México,03 POLANCO,Orale Chilaquiles Turbo,rappi,8.83,7.12,3.17,1.0
46086.0,20.0,MEX,Guadalajara,34 TLAQUEPAQUE,Honest Food,didi,11.28,7.12,0.7,1.0
46086.0,19.0,MEX,Merida,31 MONTEJO,Que Chicken,rappi,24.06,7.12,4.98,1.0
46086.0,9.0,MEX,Monterrey,13 TEC,Brunch & Munch,ubereats,17.0,7.12,0.96,1.0
46086.0,20.0,MEX,Ciudad de México,03 POLANCO,Avocalia,ubereats,12.75,7.1,1.29,1.0
46086.0,8.0,MEX,Ciudad de México,12 DEL VALLE,Brunch & Munch,ubereats,15.99,7.1,3.79,1.0
46086.0,14.0,MEX,Ciudad de México,09 CHURUBUSCO,Green House,ubereats,23.09,7.1,1.66,1.0
46086.0,13.0,MEX,Ciudad de México,02 SAN ANGEL,Honest Food,ubereats,12.12,7.1,1.18,1.0
46086.0,12.0,MEX,Guadalajara,45 ESTADIO,Green House,rappi,11.75,7.1,1.11,1.0
46086.0,12.0,MEX,Merida,31 MONTEJO,The Wrap Company MX,didi,14.27,7.1,0.23,1.0
46086.0,14.0,MEX,Monterrey,17 CUMBRES,Honest Food,rappi,13.8,7.1,0.87,1.0
46086.0,7.0,MEX,Monterrey,22 SAN NICOLAS,The Breakfast Club,ubereats,35.1,7.1,0.9,1.0
46086.0,14.0,MEX,Puebla,26 CIUDAD JUDICIAL,Órale Chilaquiles,ubereats,9.98,7.1,9.91,1.0
46086.0,14.0,MEX,Ciudad de México,15 LINDAVISTA,Fonda Local,didi,11.26,7.08,0.71,1.0
46086.0,8.0,MEX,Ciudad de México,52 MANACAR,The Breakfast Club,didi,13.92,7.08,0.78,1.0
46086.0,11.0,MEX,Guadalajara,40 JARDINES DEL VALL,Chemaquiles,rappi,7.08,,11.03,1.0
46086.0,11.0,MEX,Guadalajara,21 SANTA TERESITA,Órale Desayunos,didi,10.84,7.08,1.12,1.0
46086.0,19.0,MEX,Merida,31 MONTEJO,Que Chicken,rappi,22.65,7.08,0.91,1.0
46086.0,21.0,MEX,Merida,37 CANEK,Tender Lovers,rappi,14.71,7.08,0.3,1.0
46086.0,15.0,MEX,Monterrey,22 SAN NICOLAS,Fonda Local,didi,10.91,7.08,1.06,1.0
46086.0,17.0,MEX,Monterrey,28 CARRETERA NACIONA,Que Chicken,ubereats,20.81,7.07,3.21,1.0
46086.0,15.0,MEX,Puebla,41 VOLCANES,Que Chicken,rappi,14.91,7.07,0.34,1.0
46086.0,12.0,MEX,Puebla,41 VOLCANES,The Wrap Company MX,didi,10.82,7.07,1.13,1.0
46086.0,9.0,MEX,Ciudad de México,05 COAPA,Brunch & Munch,ubereats,9.01,7.05,10.7,1.0
46086.0,10.0,MEX,Ciudad de México,03 POLANCO,The Wrap Company MX,didi,7.16,7.05,4.38,1.0
46086.0,11.0,MEX,Guadalajara,19 LA CALMA,Desayunos de la Abuela,didi,28.69,7.05,1.18,1.0
46086.0,17.0,MEX,Guadalajara,40 JARDINES DEL VALL,Mr Beast Burger,didi,12.17,7.05,1.26,1.0
46086.0,9.0,MEX,Monterrey,10 SAN JERONIMO,Brunch & Munch,ubereats,30.58,7.05,2.2,1.0
46086.0,9.0,MEX,Monterrey,10 SAN JERONIMO,Órale Chilaquiles,rappi,10.9,7.05,2.15,1.0
46086.0,8.0,MEX,Ciudad de México,12 DEL VALLE,Brunch & Munch,ubereats,11.77,7.03,1.27,1.0
46086.0,12.0,MEX,Ciudad de México,27 IZTAPALAPA,Honest Food,rappi,20.9,7.03,0.38,1.0
46086.0,17.0,MEX,Ciudad de México,01 DOCTORES,Mr Beast Burger,didi,30.0,7.03,3.78,1.0
46086.0,19.0,MEX,Ciudad de México,04 SANTA FE,Mr Beast Burger,ubereats,22.69,7.03,1.18,1.0
46086.0,11.0,MEX,Ciudad de México,11 AZCAPOTZALCO,Órale Desayunos,didi,2.2,7.03,15.86,1.0
46086.0,13.0,MEX,Guadalajara,45 ESTADIO,Avocalia,didi,7.26,7.03,5.67,1.0
46086.0,14.0,MEX,Guadalajara,21 SANTA TERESITA,Avocalia,didi,10.0,7.03,2.1,1.0
46086.0,13.0,MEX,Guadalajara,45 ESTADIO,Numa Cocina Mediterranea,rappi,7.03,,5.97,1.0
46086.0,12.0,MEX,Merida,37 CANEK,Fonda Local,didi,13.95,7.03,0.18,1.0
46086.0,7.0,MEX,Puebla,41 VOLCANES,Órale Desayunos,didi,12.93,7.03,2.97,1.0
46086.0,10.0,MEX,Guadalajara,34 TLAQUEPAQUE,Desayunos de la Abuela,rappi,7.02,,1.66,1.0
46086.0,15.0,MEX,Guadalajara,34 TLAQUEPAQUE,Honest Food,didi,16.78,7.02,0.32,1.0
46086.0,13.0,MEX,Zona Centro,24 METEPEC,Honest Food,ubereats,17.86,7.02,1.41,1.0
46086.0,13.0,MEX,Merida,31 MONTEJO,Avocalia,ubereats,36.06,6.98,1.03,1.0
46086.0,16.0,MEX,Ciudad de México,01 DOCTORES,Avocalia,didi,19.99,6.97,0.18,1.0
46086.0,10.0,MEX,Guadalajara,25 TABACHINES,The Breakfast Club,ubereats,19.12,6.95,0.92,1.0
46086.0,13.0,MEX,Puebla,26 CIUDAD JUDICIAL,Avocalia,rappi,16.71,6.95,2.23,1.0
46086.0,10.0,MEX,Ciudad de México,03 POLANCO,AVOCALIA TURBO,rappi,8.9,6.93,2.98,1.0
46086.0,10.0,MEX,Ciudad de México,15 LINDAVISTA,Órale Desayunos,ubereats,7.95,6.93,12.12,1.0
46086.0,10.0,MEX,Ciudad de México,04 SANTA FE,The Breakfast Club,rappi,15.28,6.93,0.62,1.0
46086.0,12.0,MEX,Monterrey,22 SAN NICOLAS,Brunch & Munch,ubereats,12.98,6.93,4.96,1.0
46086.0,14.0,MEX,Monterrey,23 SANTA CATARINA,Chemaquiles,ubereats,16.33,6.93,2.7,1.0
46086.0,12.0,MEX,Ciudad de México,12 DEL VALLE,Brunch & Munch,didi,15.77,6.92,1.04,1.0
46086.0,10.0,MEX,Ciudad de México,15 LINDAVISTA,The Breakfast Club,ubereats,5.22,6.92,23.63,1.0
46086.0,14.0,MEX,Monterrey,13 TEC,BRUNCH & MUNCH TURBO,rappi,10.21,6.92,1.24,1.0
46086.0,14.0,MEX,Monterrey,23 SANTA CATARINA,LA PANQUEQUERIA,rappi,16.17,6.92,1.1,1.0
46086.0,13.0,MEX,Ciudad de México,05 COAPA,Mr Beast Burger,didi,11.02,6.9,0.43,1.0
46086.0,19.0,MEX,Ciudad de México,06 SATELITE,Mr Beast Burger,ubereats,12.74,6.9,1.11,1.0
46086.0,12.0,MEX,Ciudad de México,03 POLANCO,Órale Desayunos,rappi,18.25,6.9,1.02,1.0
46086.0,12.0,MEX,Monterrey,22 SAN NICOLAS,Eggy by Chef Eva,ubereats,14.48,6.9,1.17,1.0
46086.0,20.0,MEX,Zona Centro,24 METEPEC,Freshlab,ubereats,20.72,6.9,0.35,1.0
46086.0,9.0,MEX,Ciudad de México,51 SAMARA,Avocalia Desayunos,ubereats,12.93,6.88,1.88,1.0
46086.0,21.0,MEX,Ciudad de México,16 PEDREGAL,Mr Beast Burger,ubereats,13.77,6.88,1.15,1.0
46086.0,14.0,MEX,Guadalajara,40 JARDINES DEL VALL,Que Chicken,rappi,14.84,6.88,1.24,1.0
46086.0,12.0,MEX,Monterrey,22 SAN NICOLAS,Brunch & Munch,ubereats,16.21,6.88,2.14,1.0
46086.0,19.0,MEX,Ciudad de México,04 SANTA FE,Eggy by Chef Eva,ubereats,19.02,6.87,2.82,1.0
46086.0,12.0,MEX,Ciudad de México,27 IZTAPALAPA,LA PANQUEQUERIA,ubereats,21.34,6.87,1.6,1.0
46086.0,15.0,MEX,Monterrey,17 CUMBRES,Chicken Tenders Hub,rappi,12.08,6.87,1.03,1.0
46086.0,19.0,MEX,Puebla,41 VOLCANES,Green House,rappi,16.4,6.87,3.53,1.0
46086.0,13.0,MEX,Guadalajara,34 TLAQUEPAQUE,Cocina Corrida,rappi,14.07,6.85,0.11,1.0
46086.0,15.0,MEX,Monterrey,10 SAN JERONIMO,Don Gyros & Kebab,rappi,14.02,6.85,0.32,1.0
46086.0,18.0,MEX,Puebla,41 VOLCANES,Mr Beast Burger,rappi,14.77,6.85,0.43,1.0
46086.0,12.0,MEX,Ciudad de México,15 LINDAVISTA,Brunch & Munch,ubereats,11.36,6.83,6.65,1.0
46086.0,13.0,MEX,Ciudad de México,02 SAN ANGEL,Honest Food,didi,11.54,6.83,0.26,1.0
46086.0,10.0,MEX,Ciudad de México,05 COAPA,La Panquequería Turbo,rappi,11.14,6.83,0.29,1.0
46086.0,18.0,MEX,Ciudad de México,01 DOCTORES,Mr Beast Burger,didi,19.35,6.83,0.48,1.0
46086.0,21.0,MEX,Ciudad de México,03 POLANCO,Mr Beast Burger,didi,10.75,6.83,1.04,1.0
46086.0,19.0,MEX,Ciudad de México,12 DEL VALLE,Que Chicken,ubereats,12.85,6.83,1.82,1.0
46086.0,15.0,MEX,Guadalajara,45 ESTADIO,La Neta Burgers (Orale Burgers),rappi,10.4,6.83,1.04,1.0
46086.0,17.0,MEX,Guadalajara,19 LA CALMA,Mr Beast Burger,ubereats,6.04,6.83,52.09,1.0
46086.0,9.0,MEX,Guadalajara,21 SANTA TERESITA,Órale Desayunos,ubereats,19.82,6.83,4.05,1.0
46086.0,10.0,MEX,Monterrey,22 SAN NICOLAS,Órale Desayunos,didi,10.54,6.83,1.27,1.0
46086.0,13.0,MEX,Monterrey,23 SANTA CATARINA,Que Chicken,rappi,18.36,6.83,2.81,1.0
46086.0,10.0,MEX,Zona Centro,24 METEPEC,Avocalia Desayunos,ubereats,13.95,6.82,1.42,1.0
46086.0,7.0,MEX,Ciudad de México,04 SANTA FE,Brunch & Munch,ubereats,13.42,6.8,1.05,1.0
46086.0,7.0,MEX,Ciudad de México,06 SATELITE,Desayunos de la Abuela,ubereats,11.03,6.8,1.24,1.0
46086.0,7.0,MEX,Ciudad de México,09 CHURUBUSCO,Órale Desayunos,ubereats,17.57,6.8,1.19,1.0
46086.0,15.0,MEX,Ciudad de México,09 CHURUBUSCO,Que Chicken,ubereats,12.97,6.8,2.04,1.0
46086.0,16.0,MEX,Merida,37 CANEK,Órale Chilaquiles,ubereats,21.1,6.8,3.59,1.0
46086.0,17.0,MEX,Ciudad de México,01 DOCTORES,Avocalia,didi,17.23,6.78,0.46,1.0
46086.0,14.0,MEX,Ciudad de México,16 PEDREGAL,Fonda Local,didi,13.3,6.78,0.91,1.0
46086.0,10.0,MEX,Guadalajara,34 TLAQUEPAQUE,Green House,ubereats,12.55,6.78,2.23,1.0
46086.0,12.0,MEX,Guadalajara,21 SANTA TERESITA,Honest Food,ubereats,19.09,6.78,1.61,1.0
46086.0,12.0,MEX,Merida,31 MONTEJO,Órale Desayunos,ubereats,43.0,6.78,1.35,1.0
46086.0,17.0,MEX,Zona Centro,24 METEPEC,Mr Beast Burger,didi,10.78,6.78,1.83,1.0
46086.0,15.0,MEX,Ciudad de México,03 POLANCO,Avocalia,ubereats,16.25,6.77,0.93,1.0
46086.0,10.0,MEX,Ciudad de México,01 DOCTORES,Brunch & Munch,ubereats,16.84,6.77,1.98,1.0
46086.0,13.0,MEX,Ciudad de México,52 MANACAR,Green House,ubereats,11.01,6.77,1.04,1.0
46086.0,20.0,MEX,Ciudad de México,04 SANTA FE,House of Salads,ubereats,19.09,6.77,0.78,1.0
46086.0,10.0,MEX,Ciudad de México,09 CHURUBUSCO,Órale Desayunos,didi,18.32,6.77,7.11,1.0
46086.0,10.0,MEX,Puebla,41 VOLCANES,Desayunos de la Abuela,rappi,17.31,6.77,0.67,1.0
46086.0,11.0,MEX,Puebla,26 CIUDAD JUDICIAL,Green House,ubereats,22.16,6.77,0.84,1.0
46086.0,8.0,MEX,Ciudad de México,01 DOCTORES,Brunch & Munch,didi,11.7,6.75,0.06,1.0
46086.0,12.0,MEX,Guadalajara,19 LA CALMA,Brunch & Munch,ubereats,14.36,6.75,1.68,1.0
46086.0,9.0,MEX,Monterrey,10 SAN JERONIMO,The Egg Spot,rappi,17.03,6.75,18.04,1.0
46086.0,15.0,MEX,Ciudad de México,11 AZCAPOTZALCO,Avocalia,ubereats,10.21,6.73,0.9,1.0
46086.0,10.0,MEX,Ciudad de México,09 CHURUBUSCO,Brunch & Munch,ubereats,16.31,6.73,2.77,1.0
46086.0,10.0,MEX,Ciudad de México,16 PEDREGAL,Órale Chilaquiles,rappi,16.62,6.73,5.17,1.0
46086.0,10.0,MEX,Guadalajara,34 TLAQUEPAQUE,Chemaquiles,ubereats,12.06,6.73,5.04,1.0
46086.0,21.0,MEX,Monterrey,28 CARRETERA NACIONA,Mr Beast Burger,didi,15.24,6.73,0.97,1.0
46086.0,11.0,MEX,Merida,31 MONTEJO,Avocalia,rappi,14.93,6.72,0.6,1.0
46086.0,10.0,MEX,Monterrey,22 SAN NICOLAS,Brunch & Munch,ubereats,15.98,6.72,1.97,1.0
46086.0,12.0,MEX,Ciudad de México,03 POLANCO,Brunch & Munch,ubereats,15.15,6.7,1.92,1.0
46086.0,9.0,MEX,Ciudad de México,01 DOCTORES,The Wrap Company MX,ubereats,18.34,6.7,1.03,1.0
46086.0,13.0,MEX,Merida,37 CANEK,Chicken Shack,rappi,11.74,6.7,0.53,1.0
46086.0,18.0,MEX,Monterrey,17 CUMBRES,Foodhub,rappi,9.96,6.7,1.76,1.0
46086.0,14.0,MEX,Monterrey,23 SANTA CATARINA,Órale Desayunos,ubereats,19.17,6.7,2.9,1.0
46086.0,10.0,MEX,Puebla,41 VOLCANES,LA PANQUEQUERIA,ubereats,17.7,6.7,2.18,1.0
46086.0,9.0,MEX,Ciudad de México,16 PEDREGAL,Brunch & Munch,ubereats,22.75,6.68,1.95,1.0
46086.0,9.0,MEX,Ciudad de México,06 SATELITE,LA PANQUEQUERIA,ubereats,11.98,6.68,9.96,1.0
46086.0,11.0,MEX,Guadalajara,19 LA CALMA,Green House,rappi,12.82,6.68,1.41,1.0
46086.0,20.0,MEX,Merida,37 CANEK,Avocalia,rappi,20.99,6.68,12.84,1.0
46086.0,12.0,MEX,Merida,37 CANEK,Mr Beast Burger,ubereats,16.75,6.68,2.38,1.0
46086.0,10.0,MEX,Monterrey,17 CUMBRES,Órale Desayunos,ubereats,20.12,6.68,1.08,1.0
46086.0,10.0,MEX,Puebla,26 CIUDAD JUDICIAL,Brunch & Munch,ubereats,19.01,6.68,0.43,1.0
46086.0,10.0,MEX,Puebla,41 VOLCANES,Órale Desayunos,ubereats,22.07,6.68,2.67,1.0
46086.0,9.0,MEX,Ciudad de México,12 DEL VALLE,Brunch & Munch,ubereats,22.3,6.67,1.79,1.0
46086.0,10.0,MEX,Ciudad de México,02 SAN ANGEL,Brunch & Munch,ubereats,21.82,6.67,2.51,1.0
46086.0,19.0,MEX,Ciudad de México,03 POLANCO,Honest Food Turbo,rappi,10.04,6.67,1.67,1.0
46086.0,17.0,MEX,Ciudad de México,12 DEL VALLE,Que Chicken,didi,13.16,6.67,0.81,1.0
46086.0,22.0,MEX,Ciudad de México,05 COAPA,Que Chicken,ubereats,10.83,6.67,0.86,1.0
46086.0,18.0,MEX,Guadalajara,34 TLAQUEPAQUE,Mr Beast Burger,didi,10.97,6.67,1.62,1.0
46086.0,20.0,MEX,Merida,37 CANEK,Avocalia,rappi,32.77,6.67,2.19,1.0
46086.0,17.0,MEX,Monterrey,17 CUMBRES,Foodhub,rappi,11.92,6.67,0.2,1.0
46086.0,10.0,MEX,Puebla,26 CIUDAD JUDICIAL,Órale Desayunos,ubereats,16.36,6.67,0.75,1.0
46086.0,10.0,MEX,Puebla,41 VOLCANES,Órale Desayunos,ubereats,21.45,6.67,1.53,1.0
46086.0,16.0,MEX,Ciudad de México,01 DOCTORES,Avocalia,didi,14.31,6.65,1.83,1.0
46086.0,10.0,MEX,Ciudad de México,12 DEL VALLE,House of Salads,ubereats,27.88,6.65,1.06,1.0
46086.0,13.0,MEX,Ciudad de México,51 SAMARA,La Neta Burgers (Orale Burgers),rappi,12.84,6.65,1.03,1.0
46086.0,16.0,MEX,Guadalajara,34 TLAQUEPAQUE,Mr Beast Burger,didi,19.01,6.65,3.59,1.0
46086.0,12.0,MEX,Monterrey,13 TEC,Honest Food,didi,12.37,6.65,1.89,1.0
46086.0,10.0,MEX,Monterrey,17 CUMBRES,Órale Desayunos,ubereats,21.11,6.65,1.18,1.0
46086.0,10.0,MEX,Ciudad de México,02 SAN ANGEL,Brunch & Munch,ubereats,17.19,6.63,2.55,1.0
46086.0,10.0,MEX,Guadalajara,21 SANTA TERESITA,Avocalia,ubereats,22.62,6.63,0.06,1.0
46086.0,12.0,MEX,Merida,37 CANEK,Honest Food,rappi,18.07,6.63,0.34,1.0
46086.0,15.0,MEX,Puebla,41 VOLCANES,Fonda Local,didi,19.08,6.63,2.88,1.0
46086.0,14.0,MEX,Ciudad de México,27 IZTAPALAPA,Mr Beast Burger,ubereats,16.76,6.62,2.04,1.0
46086.0,9.0,MEX,Ciudad de México,09 CHURUBUSCO,Órale Desayunos,ubereats,15.05,6.62,1.73,1.0
46086.0,10.0,MEX,Merida,31 MONTEJO,Avocalia Desayunos,ubereats,17.8,6.62,3.08,1.0
46086.0,20.0,MEX,Ciudad de México,04 SANTA FE,La Neta Burgers (Orale Burgers),didi,16.86,6.6,0.1,1.0
46086.0,11.0,MEX,Ciudad de México,03 POLANCO,Órale Desayunos,rappi,17.02,6.6,0.8,1.0
46086.0,12.0,MEX,Monterrey,22 SAN NICOLAS,Green House,rappi,10.51,6.6,1.17,1.0
46086.0,11.0,MEX,Ciudad de México,05 COAPA,Brunch & Munch,didi,10.95,6.58,0.31,1.0
46086.0,10.0,MEX,Ciudad de México,09 CHURUBUSCO,Brunch & Munch,ubereats,16.62,6.58,1.23,1.0
46086.0,20.0,MEX,Ciudad de México,03 POLANCO,Green House Turbo,rappi,10.02,6.58,1.23,1.0
46086.0,14.0,MEX,Ciudad de México,27 IZTAPALAPA,Mr Beast Burger,ubereats,10.81,6.58,1.63,1.0
46086.0,21.0,MEX,Guadalajara,19 LA CALMA,Fonda Local,didi,18.5,6.58,0.49,1.0
46086.0,19.0,MEX,Monterrey,13 TEC,House of Salads,ubereats,17.36,6.58,3.22,1.0
46086.0,11.0,MEX,Monterrey,13 TEC,LA PANQUEQUERIA,ubereats,10.27,6.58,1.78,1.0
46086.0,20.0,MEX,Guadalajara,19 LA CALMA,Subs & Soups,rappi,13.11,6.57,2.19,1.0
46086.0,22.0,MEX,Ciudad de México,01 DOCTORES,Honest Food,rappi,13.63,6.55,0.11,1.0
46086.0,9.0,MEX,Ciudad de México,09 CHURUBUSCO,Órale Desayunos,ubereats,14.08,6.55,2.31,1.0
46086.0,15.0,MEX,Ciudad de México,11 AZCAPOTZALCO,Órale Desayunos,ubereats,9.1,6.55,2.14,1.0
46086.0,10.0,MEX,Guadalajara,25 TABACHINES,Órale Desayunos,rappi,28.59,6.55,12.02,1.0
46086.0,11.0,MEX,Monterrey,17 CUMBRES,Avocalia Desayunos,rappi,10.87,6.55,0.8,1.0
46086.0,10.0,MEX,Monterrey,28 CARRETERA NACIONA,LA PANQUEQUERIA,rappi,13.99,6.55,0.72,1.0
46086.0,10.0,MEX,Zona Centro,24 METEPEC,Brunch & Munch,ubereats,13.87,6.55,1.31,1.0
46086.0,7.0,MEX,Ciudad de México,05 COAPA,Brunch & Munch,ubereats,15.67,6.53,3.08,1.0
46086.0,12.0,MEX,Ciudad de México,05 COAPA,The Egg Spot,rappi,12.8,6.53,1.27,1.0
46086.0,11.0,MEX,Guadalajara,14 JARDINES,Órale Desayunos,ubereats,23.22,6.53,1.71,1.0
46086.0,20.0,MEX,Monterrey,17 CUMBRES,Que Chicken,rappi,24.12,6.53,2.21,1.0
46086.0,10.0,MEX,Ciudad de México,15 LINDAVISTA,Brunch & Munch,rappi,11.93,6.52,1.87,1.0
46086.0,12.0,MEX,Ciudad de México,16 PEDREGAL,Desayunos de la Abuela,rappi,21.62,6.52,0.37,1.0
46086.0,20.0,MEX,Ciudad de México,12 DEL VALLE,Mr Beast Burger,didi,9.3,6.52,1.91,1.0
46086.0,22.0,MEX,Merida,37 CANEK,Mr Beast Burger,ubereats,17.91,6.52,5.8,1.0
46086.0,7.0,MEX,Merida,31 MONTEJO,Órale Chilaquiles,didi,18.87,6.52,0.87,1.0
46086.0,11.0,MEX,Ciudad de México,06 SATELITE,Green House,ubereats,19.19,6.5,0.69,1.0
46086.0,21.0,MEX,Ciudad de México,01 DOCTORES,Que Chicken,rappi,17.8,6.48,1.93,1.0
46086.0,15.0,MEX,Ciudad de México,04 SANTA FE,Avocalia,didi,14.95,6.45,0.2,1.0
46086.0,10.0,MEX,Ciudad de México,11 AZCAPOTZALCO,Órale Desayunos,ubereats,9.37,6.45,12.75,1.0
46086.0,7.0,MEX,Ciudad de México,11 AZCAPOTZALCO,Brunch & Munch,ubereats,15.88,6.43,12.97,1.0
46086.0,8.0,MEX,Ciudad de México,12 DEL VALLE,Órale Desayunos,ubereats,10.38,6.43,1.66,1.0
46086.0,20.0,MEX,Ciudad de México,04 SANTA FE,Que Chicken,ubereats,16.95,6.43,0.89,1.0
46086.0,10.0,MEX,Guadalajara,40 JARDINES DEL VALL,Brunch & Munch,ubereats,19.75,6.43,4.35,1.0
46086.0,16.0,MEX,Merida,37 CANEK,Mr Beast Burger,ubereats,28.89,6.43,1.3,1.0
46086.0,13.0,MEX,Monterrey,30 LINCOLN,Que Chicken,ubereats,16.94,6.43,1.09,1.0
46086.0,14.0,MEX,Monterrey,13 TEC,The Wrap Company MX,didi,11.97,6.43,0.85,1.0
46086.0,12.0,MEX,Zona Centro,24 METEPEC,La Neta Burgers (Orale Burgers),rappi,13.84,6.43,0.79,1.0
46086.0,20.0,MEX,Guadalajara,34 TLAQUEPAQUE,Mr Beast Burger,didi,15.82,6.42,1.03,1.0
46086.0,13.0,MEX,Monterrey,17 CUMBRES,Honest Food,rappi,10.59,6.42,2.96,1.0
46086.0,10.0,MEX,Ciudad de México,03 POLANCO,Brunch & Munch,ubereats,17.03,6.4,7.29,1.0
46086.0,7.0,MEX,Ciudad de México,11 AZCAPOTZALCO,The Breakfast Club,ubereats,15.45,6.4,1.03,1.0
46086.0,11.0,MEX,Guadalajara,19 LA CALMA,Avocalia,didi,22.09,6.4,0.01,1.0
46086.0,18.0,MEX,Ciudad de México,09 CHURUBUSCO,Green House,ubereats,22.05,6.38,1.17,1.0
46086.0,17.0,MEX,Ciudad de México,09 CHURUBUSCO,Mr Beast Burger Turbo,rappi,18.23,6.38,0.89,1.0
46086.0,13.0,MEX,Ciudad de México,16 PEDREGAL,Órale Desayunos,ubereats,11.19,6.38,0.15,1.0
46086.0,13.0,MEX,Guadalajara,34 TLAQUEPAQUE,Mr Beast Burger,didi,10.81,6.38,0.34,1.0
46086.0,20.0,MEX,Ciudad de México,01 DOCTORES,Avocalia,rappi,17.96,6.37,0.08,1.0
46086.0,11.0,MEX,Ciudad de México,27 IZTAPALAPA,Órale Desayunos,ubereats,20.06,6.37,1.34,1.0
46086.0,16.0,MEX,Guadalajara,21 SANTA TERESITA,Green House,ubereats,19.82,6.37,0.99,1.0
46086.0,11.0,MEX,Monterrey,30 LINCOLN,LA PANQUEQUERIA,rappi,12.08,6.37,0.28,1.0
46086.0,9.0,MEX,Puebla,26 CIUDAD JUDICIAL,Brunch & Munch,ubereats,21.25,6.37,1.7,1.0
46086.0,16.0,MEX,Ciudad de México,09 CHURUBUSCO,Mr Beast Burger,ubereats,22.72,6.35,1.42,1.0
46086.0,19.0,MEX,Guadalajara,25 TABACHINES,Honest Food,didi,13.96,6.35,0.51,1.0
46086.0,17.0,MEX,Merida,37 CANEK,Desayunos de la Abuela,didi,20.97,6.35,0.9,1.0
46086.0,13.0,MEX,Puebla,41 VOLCANES,House of Burgers,rappi,11.88,6.35,3.89,1.0
46086.0,13.0,MEX,Ciudad de México,03 POLANCO,Green House,ubereats,14.13,6.33,2.77,1.0
46086.0,15.0,MEX,Ciudad de México,11 AZCAPOTZALCO,House of Salads,ubereats,16.47,6.33,1.94,1.0
46086.0,17.0,MEX,Ciudad de México,09 CHURUBUSCO,Que Chicken,ubereats,25.17,6.33,2.63,1.0
46086.0,7.0,MEX,Monterrey,23 SANTA CATARINA,The Egg Spot,rappi,24.09,6.33,2.08,1.0
46086.0,17.0,MEX,Zona Centro,24 METEPEC,Mr Beast Burger,ubereats,16.98,6.33,1.76,1.0
46086.0,12.0,MEX,Ciudad de México,03 POLANCO,Avocalia,didi,10.22,6.32,0.88,1.0
46086.0,15.0,MEX,Ciudad de México,03 POLANCO,Foodhub Turbo,rappi,9.8,6.32,1.31,1.0
46086.0,15.0,MEX,Ciudad de México,09 CHURUBUSCO,Mr Beast Burger,rappi,11.14,6.32,1.11,1.0
46086.0,16.0,MEX,Ciudad de México,01 DOCTORES,Avocalia,didi,20.43,6.3,41.8,1.0
46086.0,16.0,MEX,Ciudad de México,01 DOCTORES,Avocalia,didi,13.1,6.3,43.12,1.0
46086.0,11.0,MEX,Ciudad de México,16 PEDREGAL,House of Salads,didi,12.75,6.3,0.34,1.0
46086.0,8.0,MEX,Ciudad de México,12 DEL VALLE,LA PANQUEQUERIA,ubereats,16.23,6.3,0.88,1.0
46086.0,13.0,MEX,Guadalajara,45 ESTADIO,Don Gyros & Kebab,rappi,11.09,6.3,0.85,1.0
46086.0,14.0,MEX,Monterrey,13 TEC,Pozórale,didi,11.67,6.3,5.29,1.0
46086.0,9.0,MEX,Ciudad de México,01 DOCTORES,Brunch & Munch,ubereats,8.25,6.28,9.84,1.0
46086.0,14.0,MEX,Puebla,41 VOLCANES,Mr Beast Burger,rappi,10.41,6.28,1.57,1.0
46086.0,12.0,MEX,Monterrey,38 SALTILLO CENTRO,Mr Beast Burger,rappi,13.96,6.27,2.14,1.0
46086.0,21.0,MEX,Zona Centro,24 METEPEC,House of Salads,ubereats,15.92,6.27,0.97,1.0
46086.0,9.0,MEX,Ciudad de México,09 CHURUBUSCO,Brunch & Munch,ubereats,16.67,6.25,2.02,1.0
46086.0,18.0,MEX,Ciudad de México,09 CHURUBUSCO,Signature Salads,rappi,10.27,6.25,0.79,1.0
46086.0,11.0,MEX,Ciudad de México,15 LINDAVISTA,Brunch & Munch,ubereats,7.09,6.23,15.01,1.0
46086.0,16.0,MEX,Ciudad de México,05 COAPA,Honest Food,rappi,18.75,6.23,0.83,1.0
46086.0,17.0,MEX,Ciudad de México,03 POLANCO,Que Chicken,rappi,10.5,6.23,0.98,1.0
46086.0,13.0,MEX,Guadalajara,34 TLAQUEPAQUE,Honest Food,rappi,10.16,6.23,0.89,1.0
46086.0,12.0,MEX,Guadalajara,14 JARDINES,Órale Desayunos,ubereats,29.25,6.23,0.87,1.0
46086.0,16.0,MEX,Guadalajara,21 SANTA TERESITA,Subs & Soups,rappi,11.96,6.23,0.91,1.0
46086.0,11.0,MEX,Monterrey,38 SALTILLO CENTRO,Órale Desayunos,ubereats,20.85,6.23,1.47,1.0
46086.0,14.0,MEX,Ciudad de México,16 PEDREGAL,Mr Beast Burger,ubereats,17.9,6.22,1.02,1.0
46086.0,7.0,MEX,Ciudad de México,01 DOCTORES,Órale Desayunos,didi,13.3,6.22,4.12,1.0
46086.0,7.0,MEX,Ciudad de México,01 DOCTORES,Órale Desayunos,didi,15.15,6.22,1.26,1.0
46086.0,20.0,MEX,Ciudad de México,04 SANTA FE,Que Chicken,ubereats,16.17,6.22,0.96,1.0
46086.0,15.0,MEX,Monterrey,38 SALTILLO CENTRO,Honest Food,rappi,19.76,6.22,0.14,1.0
46086.0,13.0,MEX,Monterrey,38 SALTILLO CENTRO,Mr Beast Burger,didi,19.22,6.22,0.13,1.0
46086.0,11.0,MEX,Ciudad de México,03 POLANCO,Avocalia,didi,9.04,6.2,2.01,1.0
46086.0,20.0,MEX,Ciudad de México,01 DOCTORES,Green House,ubereats,14.54,6.2,0.63,1.0
46086.0,12.0,MEX,Ciudad de México,12 DEL VALLE,Mr Beast Burger,didi,10.59,6.2,0.44,1.0
46086.0,11.0,MEX,Guadalajara,14 JARDINES,Desayunos de la Abuela,didi,33.24,6.2,0.09,1.0
46086.0,9.0,MEX,Monterrey,13 TEC,Desayunos de la Abuela,rappi,16.63,6.2,1.41,1.0
46086.0,19.0,MEX,Puebla,26 CIUDAD JUDICIAL,Mr Beast Burger,ubereats,11.62,6.2,23.24,1.0
46086.0,12.0,MEX,Ciudad de México,05 COAPA,Foodhub,rappi,12.93,6.18,0.68,1.0
46086.0,12.0,MEX,Guadalajara,21 SANTA TERESITA,Órale Chilaquiles,rappi,11.92,6.18,1.03,1.0
46086.0,20.0,MEX,Ciudad de México,11 AZCAPOTZALCO,Mr Beast Burger,didi,18.46,6.17,0.8,1.0
46086.0,8.0,MEX,Ciudad de México,09 CHURUBUSCO,The Breakfast Club,ubereats,14.49,6.17,1.01,1.0
46086.0,14.0,MEX,Ciudad de México,04 SANTA FE,The Wrap Company MX,ubereats,17.74,6.17,3.36,1.0
46086.0,8.0,MEX,Monterrey,13 TEC,The Wrap Company MX,didi,13.22,6.17,1.65,1.0
46086.0,18.0,MEX,Zona Centro,24 METEPEC,Fonda Local,rappi,10.16,6.17,0.84,1.0
46086.0,14.0,MEX,Ciudad de México,01 DOCTORES,Avocalia,ubereats,15.99,6.15,0.24,1.0
46086.0,14.0,MEX,Ciudad de México,03 POLANCO,Don Gyros & Kebab,ubereats,16.55,6.15,1.57,1.0
46086.0,21.0,MEX,Ciudad de México,09 CHURUBUSCO,Green House,didi,12.16,6.15,1.2,1.0
46086.0,11.0,MEX,Ciudad de México,12 DEL VALLE,Órale Desayunos,ubereats,8.32,6.15,3.54,1.0
46086.0,9.0,MEX,Guadalajara,25 TABACHINES,Brunch & Munch,ubereats,25.47,6.15,0.81,1.0
46086.0,18.0,MEX,Puebla,41 VOLCANES,Que Chicken,rappi,18.32,6.15,0.77,1.0
46086.0,11.0,MEX,Ciudad de México,12 DEL VALLE,Eggy by Chef Eva,ubereats,19.37,6.13,4.48,1.0
46086.0,7.0,MEX,Merida,31 MONTEJO,Chemaquiles,didi,17.73,6.13,0.93,1.0
46086.0,9.0,MEX,Ciudad de México,16 PEDREGAL,Brunch & Munch,ubereats,21.06,6.12,1.4,1.0
46086.0,7.0,MEX,Ciudad de México,11 AZCAPOTZALCO,Órale Desayunos,ubereats,15.04,6.12,1.81,1.0
46086.0,15.0,MEX,Monterrey,22 SAN NICOLAS,Mr Beast Burger,ubereats,20.1,6.12,1.2,1.0
46086.0,10.0,MEX,Ciudad de México,02 SAN ANGEL,Brunch & Munch,didi,12.91,6.1,0.78,1.0
46086.0,11.0,MEX,Ciudad de México,05 COAPA,House of Salads,ubereats,6.52,6.1,12.5,1.0
46086.0,12.0,MEX,Ciudad de México,12 DEL VALLE,Órale Desayunos,didi,12.23,6.1,0.72,1.0
46086.0,9.0,MEX,Guadalajara,25 TABACHINES,Brunch & Munch,ubereats,20.1,6.1,0.93,1.0
46086.0,12.0,MEX,Merida,37 CANEK,House of Salads,ubereats,20.91,6.1,1.22,1.0
46086.0,8.0,MEX,Monterrey,10 SAN JERONIMO,Brunch & Munch,ubereats,18.97,6.1,1.97,1.0
46086.0,8.0,MEX,Ciudad de México,01 DOCTORES,The Breakfast Club,ubereats,13.08,6.08,1.2,1.0
46086.0,16.0,MEX,Monterrey,10 SAN JERONIMO,House of Salads,didi,10.06,6.08,0.9,1.0
46086.0,13.0,MEX,Puebla,41 VOLCANES,Mr Beast Burger,didi,17.35,6.08,1.8,1.0
46086.0,10.0,MEX,Ciudad de México,11 AZCAPOTZALCO,The Wrap Company MX,didi,16.92,6.07,2.15,1.0
46086.0,11.0,MEX,Ciudad de México,12 DEL VALLE,Brunch & Munch,didi,14.8,6.05,1.0,1.0
46086.0,9.0,MEX,Ciudad de México,01 DOCTORES,The Egg Spot,rappi,17.09,6.05,0.74,1.0
46086.0,14.0,MEX,Zona Centro,24 METEPEC,Numa Cocina Mediterranea,ubereats,20.22,6.05,2.58,1.0
46086.0,14.0,MEX,Ciudad de México,12 DEL VALLE,Avocalia,ubereats,11.25,6.03,1.65,1.0
46086.0,9.0,MEX,Ciudad de México,01 DOCTORES,Brunch & Munch,ubereats,15.26,6.03,2.84,1.0
46086.0,16.0,MEX,Guadalajara,19 LA CALMA,The Salad Project,rappi,27.99,6.03,0.78,1.0
46086.0,17.0,MEX,Ciudad de México,16 PEDREGAL,Mega Greens (Super Ensaladas),ubereats,18.95,6.02,1.05,1.0
46086.0,10.0,MEX,Ciudad de México,02 SAN ANGEL,Órale Desayunos,rappi,18.49,6.02,1.1,1.0
46086.0,9.0,MEX,Guadalajara,19 LA CALMA,Brunch & Munch,didi,10.73,6.02,0.83,1.0
46086.0,11.0,MEX,Monterrey,23 SANTA CATARINA,The Breakfast Club,ubereats,15.98,6.02,0.96,1.0
46086.0,11.0,MEX,Ciudad de México,09 CHURUBUSCO,Eggy by Chef Eva,ubereats,19.88,6.0,1.15,1.0
46086.0,14.0,MEX,Ciudad de México,05 COAPA,Que Chicken,rappi,10.68,6.0,0.22,1.0
46086.0,21.0,MEX,Ciudad de México,05 COAPA,Que Chicken,rappi,10.14,6.0,1.87,1.0
46086.0,21.0,MEX,Ciudad de México,01 DOCTORES,Que Chicken,ubereats,16.99,6.0,0.65,1.0
46086.0,11.0,MEX,Ciudad de México,52 MANACAR,The Breakfast Club,ubereats,17.99,6.0,1.87,1.0
46086.0,9.0,MEX,Guadalajara,45 ESTADIO,Brunch & Munch,didi,15.44,6.0,1.61,1.0
46086.0,13.0,MEX,Guadalajara,40 JARDINES DEL VALL,Desayunos de la Abuela,didi,11.18,6.0,1.98,1.0
46086.0,14.0,MEX,Zona Centro,24 METEPEC,Brunch & Munch,ubereats,15.24,6.0,5.26,1.0
46086.0,12.0,MEX,Guadalajara,25 TABACHINES,Órale Desayunos,rappi,16.97,5.98,0.17,1.0
46086.0,19.0,MEX,Merida,37 CANEK,Numa Cocina Mediterranea,rappi,10.66,5.98,0.37,1.0
46086.0,9.0,MEX,Monterrey,13 TEC,Brunch & Munch,ubereats,13.81,5.98,2.9,1.0
46086.0,11.0,MEX,Ciudad de México,16 PEDREGAL,Brunch & Munch,ubereats,23.79,5.97,1.23,1.0
46086.0,14.0,MEX,Ciudad de México,01 DOCTORES,LA PANQUEQUERIA,ubereats,13.31,5.97,3.63,1.0
46086.0,9.0,MEX,Ciudad de México,06 SATELITE,Órale Desayunos,didi,17.06,5.97,0.61,1.0
46086.0,11.0,MEX,Puebla,41 VOLCANES,Mega Greens (Super Ensaladas),rappi,11.2,5.95,5.76,1.0
46086.0,13.0,MEX,Ciudad de México,27 IZTAPALAPA,Brunch & Munch,ubereats,11.88,5.93,0.93,1.0
46086.0,14.0,MEX,Ciudad de México,05 COAPA,Fonda Local,didi,14.04,5.93,0.84,1.0
46086.0,15.0,MEX,Guadalajara,19 LA CALMA,Green House,rappi,10.75,5.93,0.26,1.0
46086.0,7.0,MEX,Monterrey,28 CARRETERA NACIONA,Desayunos de la Abuela,rappi,10.18,5.93,0.69,1.0
46086.0,10.0,MEX,Monterrey,28 CARRETERA NACIONA,Órale Desayunos,didi,11.93,5.93,0.92,1.0
46086.0,10.0,MEX,Monterrey,17 CUMBRES,Pozórale,didi,20.59,5.93,0.14,1.0
46086.0,14.0,MEX,Ciudad de México,04 SANTA FE,Brunch & Munch,ubereats,12.97,5.92,1.9,1.0
46086.0,10.0,MEX,Ciudad de México,01 DOCTORES,House of Salads,didi,15.92,5.92,0.18,1.0
46086.0,20.0,MEX,Ciudad de México,11 AZCAPOTZALCO,Mr Beast Burger,ubereats,15.95,5.92,0.93,1.0
46086.0,13.0,MEX,Guadalajara,21 SANTA TERESITA,Brunch & Munch,rappi,19.7,5.92,0.8,1.0
46086.0,20.0,MEX,Guadalajara,34 TLAQUEPAQUE,Que Chicken,rappi,11.2,5.92,1.06,1.0
46086.0,22.0,MEX,Ciudad de México,02 SAN ANGEL,Avocalia,ubereats,10.05,5.9,0.38,1.0
46086.0,12.0,MEX,Ciudad de México,27 IZTAPALAPA,Mr Beast Burger,didi,8.51,5.9,1.9,1.0
46086.0,8.0,MEX,Ciudad de México,02 SAN ANGEL,Órale Desayunos,rappi,17.9,5.9,1.88,1.0
46086.0,9.0,MEX,Ciudad de México,04 SANTA FE,Órale Desayunos,ubereats,18.07,5.9,1.16,1.0
46086.0,8.0,MEX,Guadalajara,19 LA CALMA,Brunch & Munch,ubereats,15.87,5.9,4.92,1.0
46086.0,11.0,MEX,Guadalajara,19 LA CALMA,Brunch & Munch,ubereats,18.96,5.9,1.18,1.0
46086.0,18.0,MEX,Guadalajara,45 ESTADIO,Foodhub,rappi,11.16,5.9,0.01,1.0
46086.0,14.0,MEX,Guadalajara,19 LA CALMA,Numa Cocina Mediterranea,ubereats,11.04,5.9,19.09,1.0
46086.0,10.0,MEX,Merida,37 CANEK,Desayunos de la Abuela,didi,14.41,5.9,0.95,1.0
46086.0,12.0,MEX,Monterrey,10 SAN JERONIMO,Brunch & Munch,ubereats,12.9,5.9,3.28,1.0
46086.0,9.0,MEX,Monterrey,17 CUMBRES,Órale Chilaquiles,rappi,10.04,5.9,0.82,1.0
46086.0,10.0,MEX,Monterrey,23 SANTA CATARINA,Órale Desayunos,didi,12.02,5.9,1.19,1.0
46086.0,14.0,MEX,Puebla,41 VOLCANES,Mr Beast Burger,rappi,14.51,5.9,0.45,1.0
46086.0,19.0,MEX,Puebla,26 CIUDAD JUDICIAL,Tasty Foods,rappi,15.28,5.9,5.01,1.0
46086.0,7.0,MEX,Ciudad de México,01 DOCTORES,Brunch & Munch,ubereats,14.69,5.88,0.24,1.0
46086.0,16.0,MEX,Ciudad de México,01 DOCTORES,Fonda Local,didi,23.92,5.88,0.64,1.0
46086.0,9.0,MEX,Monterrey,23 SANTA CATARINA,Eggy by Chef Eva,ubereats,17.98,5.88,2.85,1.0
46086.0,11.0,MEX,Ciudad de México,52 MANACAR,Brunch & Munch,rappi,20.35,5.87,0.94,1.0
46086.0,12.0,MEX,Ciudad de México,03 POLANCO,Desayunos de la Abuela,ubereats,6.3,5.87,17.1,1.0
46086.0,14.0,MEX,Ciudad de México,03 POLANCO,House of Salads,ubereats,11.96,5.87,2.24,1.0
46086.0,8.0,MEX,Guadalajara,14 JARDINES,Desayunos de la Abuela,ubereats,22.99,5.87,9.87,1.0
46086.0,14.0,MEX,Ciudad de México,15 LINDAVISTA,Fonda Local,didi,9.35,5.85,1.08,1.0
46086.0,14.0,MEX,Merida,37 CANEK,Mr Beast Burger,ubereats,17.15,5.85,1.37,1.0
46086.0,13.0,MEX,Monterrey,30 LINCOLN,Honest Food,rappi,12.65,5.85,1.03,1.0
46086.0,15.0,MEX,Ciudad de México,02 SAN ANGEL,Avocalia,ubereats,13.15,5.83,1.64,1.0
46086.0,13.0,MEX,Ciudad de México,09 CHURUBUSCO,Honest Food,didi,9.96,5.83,0.85,1.0
46086.0,17.0,MEX,Ciudad de México,01 DOCTORES,Mr Beast Burger Turbo,rappi,10.74,5.83,0.13,1.0
46086.0,22.0,MEX,Guadalajara,21 SANTA TERESITA,Green House,ubereats,5.05,5.83,8.87,1.0
46086.0,16.0,MEX,Merida,31 MONTEJO,Green House,ubereats,24.08,5.83,0.73,1.0
46086.0,15.0,MEX,Puebla,26 CIUDAD JUDICIAL,Avocalia,didi,15.93,5.83,2.21,1.0
46086.0,19.0,MEX,Puebla,41 VOLCANES,Honest Food,rappi,10.07,5.83,3.88,1.0
46086.0,11.0,MEX,Ciudad de México,01 DOCTORES,Brunch & Munch,ubereats,19.87,5.82,0.85,1.0
46086.0,11.0,MEX,Ciudad de México,01 DOCTORES,Brunch & Munch,ubereats,12.88,5.82,3.96,1.0
46086.0,12.0,MEX,Ciudad de México,27 IZTAPALAPA,Mr Beast Burger,didi,9.43,5.82,1.38,1.0
46086.0,11.0,MEX,Ciudad de México,16 PEDREGAL,Órale Desayunos,ubereats,14.4,5.82,7.6,1.0
46086.0,16.0,MEX,Monterrey,13 TEC,The Salad Project,ubereats,16.18,5.82,0.92,1.0
46086.0,14.0,MEX,Zona Centro,24 METEPEC,Desayunos de la Abuela,didi,12.15,5.82,0.63,1.0
46086.0,15.0,MEX,Ciudad de México,02 SAN ANGEL,Avocalia,ubereats,13.61,5.8,1.2,1.0
46086.0,16.0,MEX,Ciudad de México,52 MANACAR,Green House,rappi,4.82,5.8,13.27,1.0
46086.0,13.0,MEX,Ciudad de México,12 DEL VALLE,Honest Food,ubereats,15.82,5.8,0.56,1.0
46086.0,19.0,MEX,Guadalajara,45 ESTADIO,Mr Beast Burger,didi,11.99,5.8,0.07,1.0
46086.0,13.0,MEX,Merida,37 CANEK,Mr Beast Burger,didi,17.0,5.8,1.13,1.0
46086.0,9.0,MEX,Monterrey,22 SAN NICOLAS,Eggy by Chef Eva,ubereats,20.97,5.8,1.46,1.0
46086.0,8.0,MEX,Ciudad de México,02 SAN ANGEL,Brunch & Munch,ubereats,14.93,5.78,0.37,1.0
46086.0,11.0,MEX,Ciudad de México,52 MANACAR,Desayunos de la Abuela,didi,10.81,5.78,1.07,1.0
46086.0,14.0,MEX,Ciudad de México,16 PEDREGAL,La Neta Burgers (Orale Burgers),rappi,10.88,5.78,0.16,1.0
46086.0,9.0,MEX,Ciudad de México,04 SANTA FE,Órale Desayunos,ubereats,16.31,5.78,0.87,1.0
46086.0,12.0,MEX,Ciudad de México,06 SATELITE,The Egg Spot,ubereats,10.13,5.78,7.94,1.0
46086.0,13.0,MEX,Guadalajara,19 LA CALMA,La Neta Burgers (Orale Burgers),rappi,9.38,5.78,0.98,1.0
46086.0,13.0,MEX,Monterrey,13 TEC,Pozórale,didi,8.82,5.78,1.97,1.0
46086.0,21.0,MEX,Monterrey,30 LINCOLN,Que Chicken,rappi,9.37,5.78,1.01,1.0
46086.0,10.0,MEX,Ciudad de México,03 POLANCO,Desayunos de la Abuela,didi,9.71,5.77,1.07,1.0
46086.0,18.0,MEX,Guadalajara,21 SANTA TERESITA,Green House,rappi,15.82,5.77,1.2,1.0
46086.0,12.0,MEX,Guadalajara,40 JARDINES DEL VALL,Green House,ubereats,18.97,5.77,3.27,1.0
46086.0,15.0,MEX,Monterrey,23 SANTA CATARINA,House of Salads,ubereats,18.57,5.77,1.27,1.0
46086.0,17.0,MEX,Monterrey,13 TEC,Mega Greens (Super Ensaladas),didi,10.93,5.77,1.15,1.0
46086.0,13.0,MEX,Ciudad de México,09 CHURUBUSCO,House of Salads,didi,10.02,5.75,1.07,1.0
46086.0,21.0,MEX,Ciudad de México,03 POLANCO,Que Chicken,ubereats,14.64,5.75,2.34,1.0
46086.0,21.0,MEX,Guadalajara,21 SANTA TERESITA,La Neta Burgers (Orale Burgers),ubereats,24.19,5.75,0.89,1.0
46086.0,12.0,MEX,Merida,31 MONTEJO,Brunch & Munch,ubereats,15.88,5.75,26.14,1.0
46086.0,12.0,MEX,Monterrey,22 SAN NICOLAS,Eggy by Chef Eva,ubereats,12.78,5.75,5.2,1.0
46086.0,13.0,MEX,Monterrey,28 CARRETERA NACIONA,Eggy by Chef Eva,ubereats,14.06,5.75,1.13,1.0
46086.0,12.0,MEX,Ciudad de México,03 POLANCO,Brunch & Munch,ubereats,8.08,5.73,11.34,1.0
46086.0,16.0,MEX,Guadalajara,19 LA CALMA,Don Gyros & Kebab,rappi,26.14,5.73,0.73,1.0
46086.0,21.0,MEX,Ciudad de México,03 POLANCO,Mr Beast Burger,didi,9.6,5.72,8.13,1.0
46086.0,11.0,MEX,Guadalajara,19 LA CALMA,LA PANQUEQUERIA,ubereats,22.22,5.72,1.79,1.0
46086.0,8.0,MEX,Monterrey,22 SAN NICOLAS,Brunch & Munch,ubereats,10.23,5.72,4.91,1.0
46086.0,11.0,MEX,Monterrey,28 CARRETERA NACIONA,Brunch & Munch,ubereats,16.04,5.72,1.61,1.0
46086.0,16.0,MEX,Monterrey,28 CARRETERA NACIONA,Que Chicken,rappi,10.37,5.72,1.93,1.0
46086.0,13.0,MEX,Monterrey,22 SAN NICOLAS,The Breakfast Club,didi,18.07,5.72,10.86,1.0
46086.0,9.0,MEX,Guadalajara,21 SANTA TERESITA,Brunch & Munch,ubereats,17.0,5.7,4.1,1.0
46086.0,20.0,MEX,Guadalajara,34 TLAQUEPAQUE,Fonda Local,didi,10.11,5.7,0.62,1.0
46086.0,19.0,MEX,Monterrey,17 CUMBRES,La Neta Burgers (Orale Burgers),rappi,9.13,5.7,1.6,1.0
46086.0,8.0,MEX,Monterrey,10 SAN JERONIMO,LA PANQUEQUERIA,ubereats,28.04,5.7,2.41,1.0
46086.0,16.0,MEX,Monterrey,13 TEC,Mr Beast Burger,didi,10.21,5.7,0.14,1.0
46086.0,10.0,MEX,Puebla,41 VOLCANES,The Breakfast Club,didi,19.94,5.7,0.29,1.0
46086.0,9.0,MEX,Ciudad de México,02 SAN ANGEL,Avocalia Desayunos,ubereats,14.22,5.68,1.22,1.0
46086.0,15.0,MEX,Ciudad de México,11 AZCAPOTZALCO,Brunch & Munch,ubereats,18.26,5.68,1.64,1.0
46086.0,16.0,MEX,Guadalajara,14 JARDINES,Don Gyros & Kebab,rappi,16.3,5.68,0.99,1.0
46086.0,12.0,MEX,Guadalajara,34 TLAQUEPAQUE,Mr Beast Burger,didi,8.21,5.68,9.27,1.0
46086.0,12.0,MEX,Guadalajara,14 JARDINES,Órale Desayunos,didi,9.9,5.68,0.42,1.0
46086.0,9.0,MEX,Guadalajara,19 LA CALMA,Órale Desayunos,ubereats,18.89,5.68,5.61,1.0
46086.0,22.0,MEX,Merida,37 CANEK,House of Salads,ubereats,14.99,5.68,0.71,1.0
46086.0,15.0,MEX,Puebla,41 VOLCANES,Fonda Local,rappi,14.13,5.68,1.9,1.0
46086.0,22.0,MEX,Ciudad de México,12 DEL VALLE,Avocalia,ubereats,19.16,5.67,31.5,1.0
46086.0,9.0,MEX,Ciudad de México,03 POLANCO,Brunch & Munch,ubereats,3.74,5.67,11.19,1.0
46086.0,21.0,MEX,Ciudad de México,03 POLANCO,Brunch & Munch,ubereats,12.13,5.67,0.32,1.0
46086.0,9.0,MEX,Ciudad de México,27 IZTAPALAPA,Desayunos de la Abuela,ubereats,12.27,5.67,1.86,1.0
46086.0,9.0,MEX,Ciudad de México,51 SAMARA,The Breakfast Club,ubereats,14.3,5.67,2.84,1.0
46086.0,13.0,MEX,Guadalajara,45 ESTADIO,Green House,rappi,9.82,5.67,0.87,1.0
46086.0,17.0,MEX,Ciudad de México,06 SATELITE,Avocalia,ubereats,13.93,5.65,6.87,1.0
46086.0,13.0,MEX,Guadalajara,21 SANTA TERESITA,Brunch & Munch,didi,14.93,5.65,0.9,1.0
46086.0,19.0,MEX,Guadalajara,45 ESTADIO,Mr Beast Burger,didi,19.12,5.65,1.1,1.0
46086.0,10.0,MEX,Guadalajara,25 TABACHINES,The Wrap Company MX,didi,21.16,5.65,72.86,1.0
46086.0,8.0,MEX,Monterrey,22 SAN NICOLAS,Avocalia Desayunos,ubereats,13.92,5.65,6.52,1.0
46086.0,12.0,MEX,Monterrey,28 CARRETERA NACIONA,Mr Beast Burger,didi,10.23,5.65,7.71,1.0
46086.0,19.0,MEX,Zona Centro,24 METEPEC,Honest Food,rappi,10.97,5.65,0.27,1.0
46086.0,8.0,MEX,Ciudad de México,52 MANACAR,Brunch & Munch,rappi,23.64,5.63,29.4,1.0
46086.0,19.0,MEX,Merida,31 MONTEJO,Honest Food,didi,10.77,5.63,161.41,1.0
46086.0,12.0,MEX,Monterrey,22 SAN NICOLAS,Brunch & Munch,rappi,15.58,5.63,4.59,1.0
46086.0,8.0,MEX,Monterrey,17 CUMBRES,LA PANQUEQUERIA,ubereats,19.93,5.63,1.97,1.0
46086.0,15.0,MEX,Puebla,26 CIUDAD JUDICIAL,Honest Food,rappi,12.9,5.63,3.23,1.0
46086.0,8.0,MEX,Ciudad de México,03 POLANCO,Brunch & Munch,ubereats,4.39,5.62,10.0,1.0
46086.0,8.0,MEX,Ciudad de México,01 DOCTORES,Órale Desayunos,ubereats,17.91,5.62,2.07,1.0
46086.0,18.0,MEX,Ciudad de México,09 CHURUBUSCO,Que Chicken,rappi,9.74,5.62,0.96,1.0
46086.0,8.0,MEX,Ciudad de México,03 POLANCO,The Wrap Company MX,didi,10.08,5.62,0.2,1.0
46086.0,7.0,MEX,Monterrey,22 SAN NICOLAS,LA PANQUEQUERIA,ubereats,26.81,5.62,1.03,1.0
46086.0,8.0,MEX,Monterrey,10 SAN JERONIMO,LA PANQUEQUERIA,ubereats,28.39,5.62,1.78,1.0
46086.0,15.0,MEX,Zona Centro,24 METEPEC,Avocalia,ubereats,14.09,5.62,1.88,1.0
46086.0,21.0,MEX,Ciudad de México,03 POLANCO,Fonda Local turbo,rappi,9.93,5.6,0.35,1.0
46086.0,21.0,MEX,Ciudad de México,01 DOCTORES,Órale Desayunos,ubereats,13.33,5.6,2.95,1.0
46086.0,9.0,MEX,Ciudad de México,01 DOCTORES,The Wrap Company MX,didi,13.79,5.6,1.23,1.0
46086.0,12.0,MEX,Ciudad de México,05 COAPA,Desayunos de la Abuela,rappi,10.01,5.58,0.28,1.0
46086.0,16.0,MEX,Ciudad de México,01 DOCTORES,Mr Beast Burger,didi,13.71,5.58,0.97,1.0
46086.0,22.0,MEX,Ciudad de México,01 DOCTORES,Numa Cocina Mediterranea,didi,10.34,5.58,0.5,1.0
46086.0,19.0,MEX,Merida,37 CANEK,La Neta Burgers (Orale Burgers),rappi,11.72,5.58,0.2,1.0
46086.0,16.0,MEX,Monterrey,13 TEC,House of Salads,ubereats,13.63,5.58,2.39,1.0
46086.0,17.0,MEX,Monterrey,13 TEC,House of Salads,ubereats,15.19,5.58,1.69,1.0
46086.0,17.0,MEX,Monterrey,22 SAN NICOLAS,Signature Salads,didi,11.92,5.58,1.24,1.0
46086.0,22.0,MEX,Ciudad de México,03 POLANCO,Fonda Local,ubereats,7.88,5.57,2.77,1.0
46086.0,15.0,MEX,Ciudad de México,06 SATELITE,Green House,ubereats,12.25,5.57,0.81,1.0
46086.0,9.0,MEX,Ciudad de México,01 DOCTORES,Órale Desayunos,didi,11.31,5.57,2.75,1.0
46086.0,11.0,MEX,Monterrey,13 TEC,The Wrap Company MX,didi,10.1,5.57,0.29,1.0
46086.0,16.0,MEX,Zona Centro,24 METEPEC,Honest Food,rappi,8.39,5.57,1.87,1.0
46086.0,19.0,MEX,Zona Centro,24 METEPEC,Mr Beast Burger,ubereats,10.42,5.57,2.04,1.0
46086.0,14.0,MEX,Ciudad de México,16 PEDREGAL,Green House,didi,11.08,5.55,42.03,1.0
46086.0,10.0,MEX,Ciudad de México,02 SAN ANGEL,Órale Desayunos Turbo,rappi,9.74,5.55,0.52,1.0
46086.0,13.0,MEX,Ciudad de México,01 DOCTORES,Tasty Foods,didi,8.66,5.55,1.97,1.0
46086.0,9.0,MEX,Ciudad de México,12 DEL VALLE,Brunch & Munch,didi,19.88,5.53,0.01,1.0
46086.0,12.0,MEX,Merida,37 CANEK,Avocalia,didi,9.82,5.53,0.95,1.0
46086.0,13.0,MEX,Monterrey,38 SALTILLO CENTRO,Avocalia,rappi,11.88,5.53,0.2,1.0
46086.0,16.0,MEX,Monterrey,13 TEC,Mr Beast Burger Turbo,rappi,9.84,5.53,0.8,1.0
46086.0,9.0,MEX,Ciudad de México,51 SAMARA,Brunch & Munch,ubereats,13.99,5.52,2.92,1.0
46086.0,21.0,MEX,Ciudad de México,01 DOCTORES,Honest Food,rappi,22.95,5.52,0.13,1.0
46086.0,22.0,MEX,Ciudad de México,11 AZCAPOTZALCO,Que Chicken,didi,15.48,5.52,1.01,1.0
46086.0,16.0,MEX,Ciudad de México,16 PEDREGAL,The Egg Spot,didi,21.28,5.52,21.14,1.0
46086.0,19.0,MEX,Guadalajara,25 TABACHINES,AVOCALIA TURBO,rappi,9.72,5.52,0.91,1.0
46086.0,11.0,MEX,Monterrey,28 CARRETERA NACIONA,Avocalia,didi,11.85,5.52,0.79,1.0
46086.0,21.0,MEX,Monterrey,30 LINCOLN,Mr Beast Burger Turbo,rappi,8.8,5.52,1.4,1.0
46086.0,12.0,MEX,Monterrey,28 CARRETERA NACIONA,Órale Desayunos,didi,13.77,5.52,0.11,1.0
46086.0,20.0,MEX,Puebla,26 CIUDAD JUDICIAL,Green House,ubereats,21.04,5.52,1.13,1.0
46086.0,21.0,MEX,Ciudad de México,01 DOCTORES,Avocalia,didi,10.76,5.5,1.12,1.0
46086.0,18.0,MEX,Ciudad de México,11 AZCAPOTZALCO,Fonda Local,didi,16.13,5.5,0.72,1.0
46086.0,20.0,MEX,Ciudad de México,09 CHURUBUSCO,Green House,ubereats,14.85,5.5,0.37,1.0
46086.0,14.0,MEX,Guadalajara,19 LA CALMA,La Neta Burgers (Orale Burgers),rappi,10.06,5.5,0.14,1.0
46086.0,12.0,MEX,Merida,31 MONTEJO,Mr Beast Burger,didi,51.23,5.5,2.75,1.0
46086.0,13.0,MEX,Guadalajara,45 ESTADIO,The Breakfast Club,rappi,5.48,,1.46,1.0
46086.0,14.0,MEX,Monterrey,13 TEC,House of Salads,didi,12.23,5.48,0.95,1.0
46086.0,22.0,MEX,Puebla,41 VOLCANES,Mr Beast Burger,rappi,12.72,5.48,0.39,1.0
46086.0,11.0,MEX,Ciudad de México,51 SAMARA,Eggy by Chef Eva,ubereats,10.44,5.47,29.22,1.0
46086.0,21.0,MEX,Ciudad de México,05 COAPA,House of Salads,ubereats,14.79,5.47,1.18,1.0
46086.0,11.0,MEX,Monterrey,10 SAN JERONIMO,Órale Desayunos,ubereats,21.14,5.47,16.77,1.0
46086.0,13.0,MEX,Puebla,26 CIUDAD JUDICIAL,Mr Beast Burger,didi,12.24,5.47,0.84,1.0
46086.0,20.0,MEX,Guadalajara,14 JARDINES,House of Salads,didi,13.14,5.45,2.0,1.0
46086.0,8.0,MEX,Monterrey,13 TEC,Brunch & Munch,ubereats,10.07,5.45,2.08,1.0
46086.0,10.0,MEX,Monterrey,30 LINCOLN,Órale Desayunos,didi,7.75,5.45,3.29,1.0
46086.0,18.0,MEX,Puebla,26 CIUDAD JUDICIAL,Green House,ubereats,13.58,5.45,1.27,1.0
46086.0,20.0,MEX,Guadalajara,19 LA CALMA,Green House Turbo,rappi,11.4,5.42,0.92,1.0
46086.0,12.0,MEX,Ciudad de México,04 SANTA FE,Que Chicken,ubereats,14.06,5.4,0.46,1.0
46086.0,8.0,MEX,Monterrey,17 CUMBRES,Órale Desayunos,ubereats,16.72,5.4,1.02,1.0
46086.0,21.0,MEX,Monterrey,13 TEC,The Egg Spot Turbo,rappi,9.8,5.4,0.76,1.0
46086.0,16.0,MEX,Ciudad de México,09 CHURUBUSCO,Fonda Local,didi,17.08,5.38,5.45,1.0
46086.0,18.0,MEX,Ciudad de México,09 CHURUBUSCO,Green House,ubereats,14.93,5.38,1.21,1.0
46086.0,17.0,MEX,Guadalajara,45 ESTADIO,Tender Lovers,rappi,9.69,5.38,0.19,1.0
46086.0,17.0,MEX,Monterrey,22 SAN NICOLAS,Honest Food,didi,12.88,5.38,0.94,1.0
46086.0,17.0,MEX,Puebla,41 VOLCANES,Numa Cocina Mediterranea,rappi,17.32,5.38,17.7,1.0
46086.0,15.0,MEX,Ciudad de México,52 MANACAR,Avocalia,ubereats,5.89,5.37,11.63,1.0
46086.0,15.0,MEX,Ciudad de México,16 PEDREGAL,Avocalia,ubereats,13.22,5.37,1.67,1.0
46086.0,11.0,MEX,Guadalajara,40 JARDINES DEL VALL,Foodhub,rappi,11.09,5.37,1.81,1.0
46086.0,13.0,MEX,Guadalajara,19 LA CALMA,Tender Lovers,rappi,18.42,5.37,1.56,1.0
46086.0,9.0,MEX,Merida,37 CANEK,The Wrap Company MX,didi,8.09,5.37,2.82,1.0
46086.0,16.0,MEX,Ciudad de México,01 DOCTORES,House of Salads,didi,38.77,5.35,1.1,1.0
46086.0,13.0,MEX,Ciudad de México,06 SATELITE,Órale Desayunos,ubereats,15.01,5.35,1.82,1.0
46086.0,9.0,MEX,Ciudad de México,16 PEDREGAL,The Wrap Company MX,didi,15.94,5.35,0.17,1.0
46086.0,17.0,MEX,Zona Centro,24 METEPEC,La Neta Burgers (Orale Burgers),rappi,9.93,5.35,1.1,1.0
46086.0,17.0,MEX,Zona Centro,24 METEPEC,La Neta Burgers (Orale Burgers),rappi,10.24,5.35,0.79,1.0
46086.0,11.0,MEX,Merida,37 CANEK,Órale Chilaquiles,rappi,7.93,5.33,2.6,1.0
46086.0,21.0,MEX,Ciudad de México,01 DOCTORES,Avocalia,didi,22.22,5.32,0.08,1.0
46086.0,13.0,MEX,Ciudad de México,02 SAN ANGEL,Avocalia,ubereats,10.1,5.32,1.07,1.0
46086.0,13.0,MEX,Ciudad de México,09 CHURUBUSCO,Fonda Local,didi,9.25,5.32,0.85,1.0
46086.0,15.0,MEX,Puebla,26 CIUDAD JUDICIAL,Avocalia,didi,17.7,5.32,0.3,1.0
46086.0,13.0,MEX,Ciudad de México,15 LINDAVISTA,Honest Food,ubereats,14.38,5.3,3.68,1.0
46086.0,14.0,MEX,Guadalajara,45 ESTADIO,House of Salads,rappi,11.2,5.3,0.84,1.0
46086.0,12.0,MEX,Monterrey,13 TEC,Desayunos de la Abuela,didi,6.17,5.3,4.34,1.0
46086.0,10.0,MEX,Monterrey,38 SALTILLO CENTRO,Desayunos de la Abuela,rappi,16.57,5.3,9.27,1.0
46086.0,8.0,MEX,Monterrey,17 CUMBRES,Órale Desayunos,ubereats,16.49,5.3,1.88,1.0
46086.0,14.0,MEX,Puebla,41 VOLCANES,La Neta Burgers (Orale Burgers),rappi,22.1,5.3,0.73,1.0
46086.0,11.0,MEX,Puebla,26 CIUDAD JUDICIAL,The Egg Spot,rappi,9.39,5.3,0.71,1.0
46086.0,13.0,MEX,Ciudad de México,09 CHURUBUSCO,Fonda Local,didi,9.83,5.28,0.25,1.0
46086.0,15.0,MEX,Ciudad de México,03 POLANCO,Mr Beast Burger,ubereats,20.92,5.28,3.79,1.0
46086.0,14.0,MEX,Merida,31 MONTEJO,Fonda Local,didi,22.91,5.28,0.19,1.0
46086.0,10.0,MEX,Ciudad de México,03 POLANCO,Brunch & Munch,rappi,16.93,5.27,0.8,1.0
46086.0,8.0,MEX,Ciudad de México,09 CHURUBUSCO,Brunch & Munch,ubereats,14.05,5.27,1.53,1.0
46086.0,11.0,MEX,Ciudad de México,01 DOCTORES,Brunch & Munch,ubereats,10.06,5.27,8.87,1.0
46086.0,7.0,MEX,Guadalajara,34 TLAQUEPAQUE,The Breakfast Club,didi,5.27,,1.58,1.0
46086.0,12.0,MEX,Puebla,41 VOLCANES,Don Gyros & Kebab,rappi,16.92,5.25,1.14,1.0
46086.0,12.0,MEX,Ciudad de México,12 DEL VALLE,Desayunos de la Abuela,rappi,13.95,5.23,6.71,1.0
46086.0,11.0,MEX,Ciudad de México,03 POLANCO,LA PANQUEQUERIA,ubereats,15.23,5.23,12.6,1.0
46086.0,19.0,MEX,Ciudad de México,05 COAPA,Que Chicken,rappi,16.89,5.23,0.62,1.0
46086.0,21.0,MEX,Guadalajara,19 LA CALMA,Que Chicken,ubereats,15.87,5.23,1.11,1.0
46086.0,8.0,MEX,Monterrey,38 SALTILLO CENTRO,Foodhub,rappi,11.32,5.23,0.13,1.0
46086.0,13.0,MEX,Merida,37 CANEK,Avocalia,ubereats,8.72,5.22,1.33,1.0
46086.0,10.0,MEX,Monterrey,22 SAN NICOLAS,Brunch & Munch,ubereats,23.58,5.22,3.47,1.0
46086.0,9.0,MEX,Puebla,41 VOLCANES,Brunch & Munch,didi,11.66,5.22,0.42,1.0
46086.0,16.0,MEX,Guadalajara,14 JARDINES,Mr Beast Burger,didi,9.04,5.2,19.52,1.0
46086.0,13.0,MEX,Guadalajara,21 SANTA TERESITA,Sandwiches & Soups,rappi,13.74,5.2,0.12,1.0
46086.0,10.0,MEX,Ciudad de México,27 IZTAPALAPA,Brunch & Munch,ubereats,5.19,5.18,10.34,1.0
46086.0,10.0,MEX,Ciudad de México,06 SATELITE,Brunch & Munch,ubereats,10.84,5.18,0.96,1.0
46086.0,10.0,MEX,Ciudad de México,52 MANACAR,The Breakfast Club,ubereats,13.23,5.18,2.65,1.0
46086.0,10.0,MEX,Guadalajara,25 TABACHINES,Avocalia,didi,10.17,5.18,80.03,1.0
46086.0,20.0,MEX,Guadalajara,21 SANTA TERESITA,Mr Beast Burger,rappi,5.8,5.18,24.98,1.0
46086.0,10.0,MEX,Merida,31 MONTEJO,LA PANQUEQUERIA,ubereats,13.73,5.18,0.33,1.0
46086.0,20.0,MEX,Ciudad de México,03 POLANCO,Fonda Local turbo,rappi,8.8,5.17,1.21,1.0
46086.0,16.0,MEX,Ciudad de México,01 DOCTORES,Green House,ubereats,37.26,5.17,0.94,1.0
46086.0,13.0,MEX,Ciudad de México,05 COAPA,House of Salads,didi,9.11,5.17,0.9,1.0
46086.0,16.0,MEX,Guadalajara,14 JARDINES,House of Salads Turbo,rappi,9.2,5.17,0.82,1.0
46086.0,15.0,MEX,Monterrey,23 SANTA CATARINA,Avocalia,ubereats,19.9,5.17,0.35,1.0
46086.0,15.0,MEX,Puebla,26 CIUDAD JUDICIAL,Avocalia,didi,8.95,5.17,1.07,1.0
46086.0,21.0,MEX,Zona Centro,24 METEPEC,Avocalia,ubereats,14.06,5.17,1.21,1.0
46086.0,10.0,MEX,Ciudad de México,03 POLANCO,Eggy by Chef Eva,ubereats,13.12,5.15,6.83,1.0
46086.0,21.0,MEX,Guadalajara,21 SANTA TERESITA,LA PANQUEQUERIA,rappi,17.82,5.15,0.77,1.0
46086.0,10.0,MEX,Monterrey,13 TEC,Órale Desayunos,ubereats,11.2,5.15,3.94,1.0
46086.0,11.0,MEX,Zona Centro,24 METEPEC,Brunch & Munch,didi,15.93,5.15,3.15,1.0
46086.0,10.0,MEX,Ciudad de México,03 POLANCO,Chemaquiles,rappi,12.38,5.13,1.59,1.0
46086.0,16.0,MEX,Ciudad de México,05 COAPA,Mr Beast Burger,didi,13.99,5.13,0.79,1.0
46086.0,12.0,MEX,Ciudad de México,52 MANACAR,Green House,didi,9.62,5.12,0.36,1.0
46086.0,8.0,MEX,Ciudad de México,03 POLANCO,LA PANQUEQUERIA,ubereats,7.8,5.12,2.18,1.0
46086.0,10.0,MEX,Ciudad de México,02 SAN ANGEL,LA PANQUEQUERIA,ubereats,22.01,5.12,6.44,1.0
46086.0,9.0,MEX,Ciudad de México,09 CHURUBUSCO,Órale Desayunos,ubereats,18.74,5.12,1.25,1.0
46086.0,15.0,MEX,Puebla,26 CIUDAD JUDICIAL,Numa Cocina Mediterranea,rappi,12.45,5.12,0.78,1.0
46086.0,10.0,MEX,Puebla,41 VOLCANES,Órale Desayunos,didi,13.92,5.12,1.1,1.0
46086.0,12.0,MEX,Ciudad de México,01 DOCTORES,Brunch & Munch,ubereats,24.88,5.1,1.09,1.0
46086.0,14.0,MEX,Ciudad de México,09 CHURUBUSCO,Green House Turbo,rappi,10.3,5.1,0.94,1.0
46086.0,22.0,MEX,Ciudad de México,11 AZCAPOTZALCO,Órale Desayunos,didi,15.98,5.1,4.07,1.0
46086.0,18.0,MEX,Guadalajara,40 JARDINES DEL VALL,Subs & Soups,rappi,13.12,5.1,0.9,1.0
46086.0,19.0,MEX,Merida,31 MONTEJO,LA PANQUEQUERIA,didi,9.64,5.1,0.33,1.0
46086.0,16.0,MEX,Puebla,41 VOLCANES,Mr Beast Burger,rappi,19.22,5.1,0.66,1.0
46086.0,10.0,MEX,Ciudad de México,03 POLANCO,Brunch & Munch,ubereats,17.29,5.08,0.9,1.0
46086.0,13.0,MEX,Ciudad de México,01 DOCTORES,Brunch & Munch,ubereats,11.38,5.08,2.14,1.0
46086.0,12.0,MEX,Ciudad de México,03 POLANCO,Eggy by Chef Eva,ubereats,15.83,5.08,2.2,1.0
46086.0,17.0,MEX,Ciudad de México,16 PEDREGAL,Green House,ubereats,16.3,5.08,10.9,1.0
46086.0,20.0,MEX,Ciudad de México,01 DOCTORES,Brunch & Munch,ubereats,29.44,5.07,0.81,1.0
46086.0,19.0,MEX,Ciudad de México,16 PEDREGAL,House of Salads,ubereats,13.83,5.07,0.85,1.0
46086.0,13.0,MEX,Ciudad de México,51 SAMARA,Órale Desayunos,rappi,14.15,5.07,1.5,1.0
46086.0,21.0,MEX,Guadalajara,21 SANTA TERESITA,Numa Cocina Mediterranea,ubereats,20.92,5.07,2.07,1.0
46086.0,12.0,MEX,Guadalajara,14 JARDINES,Órale Desayunos,didi,16.93,5.07,1.65,1.0
46086.0,10.0,MEX,Merida,31 MONTEJO,Órale Desayunos,ubereats,17.92,5.07,1.22,1.0
46086.0,17.0,MEX,Monterrey,13 TEC,AVOCALIA TURBO,rappi,9.14,5.07,0.82,1.0
46086.0,10.0,MEX,Ciudad de México,09 CHURUBUSCO,Brunch & Munch,ubereats,18.89,5.05,2.64,1.0
46086.0,14.0,MEX,Ciudad de México,03 POLANCO,Honest Food,ubereats,12.2,5.05,5.2,1.0
46086.0,8.0,MEX,Ciudad de México,15 LINDAVISTA,Órale Desayunos,ubereats,13.54,5.05,1.61,1.0
46086.0,10.0,MEX,Ciudad de México,01 DOCTORES,Órale Desayunos,ubereats,14.95,5.05,0.9,1.0
46086.0,11.0,MEX,Merida,31 MONTEJO,Órale Desayunos,didi,12.2,5.05,0.97,1.0
46086.0,14.0,MEX,Monterrey,23 SANTA CATARINA,Honest Food,ubereats,18.82,5.05,1.04,1.0
46086.0,10.0,MEX,Zona Centro,24 METEPEC,Brunch & Munch,ubereats,15.79,5.05,1.89,1.0
46086.0,13.0,MEX,Ciudad de México,52 MANACAR,Avocalia,ubereats,10.06,5.03,1.0,1.0
46086.0,8.0,MEX,Ciudad de México,09 CHURUBUSCO,Avocalia Desayunos,ubereats,12.0,5.03,2.0,1.0
46086.0,11.0,MEX,Ciudad de México,01 DOCTORES,Brunch & Munch,didi,10.05,5.03,0.76,1.0
46086.0,10.0,MEX,Ciudad de México,11 AZCAPOTZALCO,Órale Desayunos,didi,9.19,5.03,1.04,1.0
46086.0,10.0,MEX,Ciudad de México,01 DOCTORES,Órale Desayunos,ubereats,18.34,5.03,1.94,1.0
46086.0,10.0,MEX,Ciudad de México,02 SAN ANGEL,Órale Desayunos,ubereats,15.09,5.03,5.62,1.0
46086.0,12.0,MEX,Ciudad de México,06 SATELITE,Que Chicken,rappi,11.63,5.03,0.38,1.0
46086.0,14.0,MEX,Puebla,41 VOLCANES,Avocalia,didi,19.24,5.03,1.59,1.0
46086.0,20.0,MEX,Ciudad de México,11 AZCAPOTZALCO,Brunch & Munch,ubereats,20.04,5.02,0.99,1.0
46086.0,9.0,MEX,Ciudad de México,02 SAN ANGEL,Órale Desayunos,ubereats,13.55,5.02,8.38,1.0
46086.0,10.0,MEX,Ciudad de México,09 CHURUBUSCO,Órale Desayunos,ubereats,15.89,5.02,2.13,1.0
46086.0,10.0,MEX,Ciudad de México,12 DEL VALLE,Órale Desayunos,ubereats,18.98,5.02,2.17,1.0
46086.0,10.0,MEX,Monterrey,22 SAN NICOLAS,Brunch & Munch,ubereats,13.81,5.02,3.08,1.0
46086.0,9.0,MEX,Monterrey,22 SAN NICOLAS,LA PANQUEQUERIA,ubereats,11.84,5.02,9.96,1.0
46086.0,10.0,MEX,Monterrey,17 CUMBRES,Órale Desayunos,ubereats,12.89,5.02,4.3,1.0
46086.0,10.0,MEX,Ciudad de México,51 SAMARA,Avocalia Desayunos,ubereats,13.57,5.0,14.12,1.0
46086.0,8.0,MEX,Ciudad de México,12 DEL VALLE,Brunch & Munch,rappi,22.07,5.0,6.85,1.0
46086.0,10.0,MEX,Ciudad de México,16 PEDREGAL,Órale Desayunos,ubereats,21.12,5.0,2.07,1.0
46086.0,19.0,MEX,Ciudad de México,01 DOCTORES,Que Chicken,didi,16.49,5.0,0.14,1.0
46086.0,15.0,MEX,Guadalajara,40 JARDINES DEL VALL,Honest Food,rappi,9.12,5.0,0.97,1.0
46086.0,14.0,MEX,Ciudad de México,05 COAPA,Avocalia,ubereats,12.95,4.98,1.24,1.0
46086.0,16.0,MEX,Ciudad de México,01 DOCTORES,Avocalia,ubereats,19.74,4.98,1.07,1.0
46086.0,10.0,MEX,Ciudad de México,27 IZTAPALAPA,Órale Desayunos,ubereats,20.11,4.98,1.85,1.0
46086.0,9.0,MEX,Monterrey,10 SAN JERONIMO,Desayunos de la Abuela,didi,13.0,4.98,0.81,1.0
46086.0,10.0,MEX,Monterrey,17 CUMBRES,Órale Desayunos,ubereats,17.0,4.98,0.84,1.0
46086.0,10.0,MEX,Puebla,26 CIUDAD JUDICIAL,Brunch & Munch,ubereats,19.81,4.98,1.75,1.0
46086.0,12.0,MEX,Ciudad de México,15 LINDAVISTA,Brunch & Munch,ubereats,13.87,4.97,4.9,1.0
46086.0,10.0,MEX,Ciudad de México,16 PEDREGAL,Órale Desayunos,ubereats,18.69,4.97,2.18,1.0
46086.0,16.0,MEX,Merida,31 MONTEJO,La Neta Burgers (Orale Burgers),didi,24.94,4.97,0.13,1.0
46086.0,10.0,MEX,Zona Centro,24 METEPEC,Brunch & Munch,ubereats,17.01,4.97,2.09,1.0
46086.0,17.0,MEX,Ciudad de México,16 PEDREGAL,Mr Beast Burger,didi,14.19,4.95,0.89,1.0
46086.0,10.0,MEX,Guadalajara,14 JARDINES,Brunch & Munch,ubereats,19.94,4.95,1.96,1.0
46086.0,19.0,MEX,Zona Centro,24 METEPEC,Green House,ubereats,14.26,4.95,0.91,1.0
46086.0,14.0,MEX,Ciudad de México,11 AZCAPOTZALCO,Honest Food,ubereats,16.25,4.93,1.82,1.0
46086.0,14.0,MEX,Ciudad de México,03 POLANCO,House of Salads,ubereats,11.02,4.93,1.84,1.0
46086.0,14.0,MEX,Guadalajara,14 JARDINES,LA PANQUEQUERIA,didi,22.7,4.93,8.31,1.0
46086.0,14.0,MEX,Monterrey,17 CUMBRES,Avocalia,ubereats,11.16,4.93,2.57,1.0
46086.0,10.0,MEX,Monterrey,17 CUMBRES,Brunch & Munch,ubereats,16.02,4.93,1.8,1.0
46086.0,10.0,MEX,Monterrey,28 CARRETERA NACIONA,LA PANQUEQUERIA,ubereats,17.69,4.93,2.72,1.0
46086.0,19.0,MEX,Monterrey,28 CARRETERA NACIONA,Mr Beast Burger,ubereats,26.2,4.93,1.54,1.0
46086.0,13.0,MEX,Puebla,41 VOLCANES,Avocalia,didi,12.9,4.93,0.3,1.0
46086.0,14.0,MEX,Zona Centro,24 METEPEC,Green House,ubereats,21.58,4.93,1.36,1.0
46086.0,13.0,MEX,Ciudad de México,12 DEL VALLE,Avocalia,ubereats,15.28,4.92,1.07,1.0
46086.0,11.0,MEX,Ciudad de México,51 SAMARA,Brunch & Munch,rappi,12.89,4.92,1.94,1.0
46086.0,14.0,MEX,Ciudad de México,03 POLANCO,Don Gyros & Kebab,rappi,7.92,4.92,13.92,1.0
46086.0,14.0,MEX,Ciudad de México,06 SATELITE,Green House,ubereats,12.33,4.92,0.2,1.0
46086.0,17.0,MEX,Ciudad de México,05 COAPA,Green House,ubereats,6.32,4.92,15.58,1.0
46086.0,14.0,MEX,Ciudad de México,15 LINDAVISTA,La Neta Burgers (Orale Burgers),didi,17.64,4.92,1.2,1.0
46086.0,17.0,MEX,Guadalajara,40 JARDINES DEL VALL,Mr Beast Burger,didi,6.04,4.92,27.09,1.0
46086.0,13.0,MEX,Guadalajara,19 LA CALMA,Que Chicken,rappi,9.14,4.92,0.71,1.0
46086.0,17.0,MEX,Monterrey,23 SANTA CATARINA,Honest Food,ubereats,16.8,4.92,3.88,1.0
46086.0,15.0,MEX,Monterrey,13 TEC,Mr Beast Burger Turbo,rappi,7.81,4.92,2.07,1.0
46086.0,20.0,MEX,Monterrey,13 TEC,The Egg Spot,didi,16.62,4.92,0.08,1.0
46086.0,14.0,MEX,Ciudad de México,27 IZTAPALAPA,Green House,ubereats,9.07,4.9,1.78,1.0
46086.0,13.0,MEX,Ciudad de México,06 SATELITE,Honest Food,ubereats,8.68,4.9,4.21,1.0
46086.0,12.0,MEX,Ciudad de México,05 COAPA,Órale Desayunos,rappi,10.31,4.9,0.75,1.0
46086.0,19.0,MEX,Guadalajara,25 TABACHINES,Honest Food,rappi,9.17,4.9,0.68,1.0
46086.0,17.0,MEX,Guadalajara,34 TLAQUEPAQUE,Mr Beast Burger,rappi,16.87,4.9,0.94,1.0
46086.0,17.0,MEX,Merida,37 CANEK,Green House,ubereats,19.95,4.9,0.45,1.0
46086.0,12.0,MEX,Merida,31 MONTEJO,The Wrap Company MX,didi,18.2,4.9,0.52,1.0
46086.0,13.0,MEX,Ciudad de México,15 LINDAVISTA,Avocalia,didi,8.84,4.88,1.04,1.0
46086.0,15.0,MEX,Ciudad de México,09 CHURUBUSCO,Avocalia,ubereats,12.74,4.88,1.3,1.0
46086.0,8.0,MEX,Ciudad de México,11 AZCAPOTZALCO,Brunch & Munch,ubereats,12.98,4.88,2.02,1.0
46086.0,13.0,MEX,Ciudad de México,51 SAMARA,Eggy by Chef Eva,rappi,4.88,,17.41,1.0
46086.0,13.0,MEX,Ciudad de México,04 SANTA FE,Que Chicken,ubereats,14.67,4.88,0.91,1.0
46086.0,12.0,MEX,Guadalajara,14 JARDINES,Fonda Local,didi,7.77,4.88,2.07,1.0
46086.0,11.0,MEX,Guadalajara,40 JARDINES DEL VALL,The Egg Spot,rappi,8.88,4.88,2.15,1.0
46086.0,17.0,MEX,Merida,37 CANEK,LA PANQUEQUERIA,rappi,17.34,4.88,1.59,1.0
46086.0,12.0,MEX,Monterrey,13 TEC,Honest Food,ubereats,20.67,4.88,0.44,1.0
46086.0,20.0,MEX,Monterrey,13 TEC,LA PANQUEQUERIA,ubereats,16.19,4.88,1.83,1.0
46086.0,10.0,MEX,Puebla,41 VOLCANES,Green House,ubereats,22.24,4.88,2.8,1.0
46086.0,15.0,MEX,Puebla,26 CIUDAD JUDICIAL,Honest Food,ubereats,12.23,4.88,16.76,1.0
46086.0,12.0,MEX,Puebla,26 CIUDAD JUDICIAL,House of Salads,ubereats,15.95,4.88,3.56,1.0
46086.0,10.0,MEX,Ciudad de México,05 COAPA,Desayunos de la Abuela,ubereats,18.85,4.87,2.0,1.0
46086.0,9.0,MEX,Ciudad de México,06 SATELITE,LA PANQUEQUERIA,didi,8.53,4.87,15.8,1.0
46086.0,8.0,MEX,Monterrey,38 SALTILLO CENTRO,Foodhub,rappi,9.68,4.87,0.17,1.0
46086.0,11.0,MEX,Monterrey,17 CUMBRES,Órale Desayunos,rappi,13.0,4.87,1.5,1.0
46086.0,10.0,MEX,Puebla,26 CIUDAD JUDICIAL,Brunch & Munch,ubereats,18.0,4.87,0.34,1.0
46086.0,19.0,MEX,Puebla,26 CIUDAD JUDICIAL,Honest Food,rappi,12.4,4.87,0.97,1.0
46086.0,21.0,MEX,Ciudad de México,03 POLANCO,Avocalia,didi,9.16,4.85,0.66,1.0
46086.0,9.0,MEX,Ciudad de México,52 MANACAR,Brunch & Munch,rappi,13.85,4.85,0.76,1.0
46086.0,14.0,MEX,Ciudad de México,12 DEL VALLE,House of Salads,ubereats,17.04,4.85,1.74,1.0
46086.0,20.0,MEX,Ciudad de México,16 PEDREGAL,Mr Beast Burger,ubereats,13.13,4.85,1.02,1.0
46086.0,12.0,MEX,Ciudad de México,06 SATELITE,Órale Desayunos,didi,15.93,4.85,19.08,1.0
46086.0,12.0,MEX,Ciudad de México,09 CHURUBUSCO,The Breakfast Club,ubereats,12.25,4.85,10.74,1.0
46086.0,10.0,MEX,Guadalajara,34 TLAQUEPAQUE,Brunch & Munch,ubereats,13.86,4.85,1.0,1.0
46086.0,18.0,MEX,Guadalajara,21 SANTA TERESITA,Honest Food,didi,8.69,4.85,1.12,1.0
46086.0,19.0,MEX,Guadalajara,19 LA CALMA,Que Chicken,rappi,11.84,4.85,1.17,1.0
46086.0,16.0,MEX,Monterrey,13 TEC,Desayunos de la Abuela,rappi,9.01,4.85,0.83,1.0
46086.0,19.0,MEX,Monterrey,30 LINCOLN,House of Salads,didi,8.79,4.85,1.0,1.0
46086.0,16.0,MEX,Monterrey,22 SAN NICOLAS,Numa Cocina Mediterranea,ubereats,17.68,4.85,3.79,1.0
46086.0,10.0,MEX,Puebla,41 VOLCANES,Brunch & Munch,ubereats,16.2,4.85,2.78,1.0
46086.0,17.0,MEX,Ciudad de México,11 AZCAPOTZALCO,Avocalia,ubereats,19.82,4.83,1.05,1.0
46086.0,14.0,MEX,Ciudad de México,06 SATELITE,Honest Food,ubereats,14.24,4.83,1.27,1.0
46086.0,17.0,MEX,Guadalajara,45 ESTADIO,Honest Food,didi,10.14,4.83,17.71,1.0
46086.0,14.0,MEX,Merida,37 CANEK,Avocalia,ubereats,13.85,4.83,12.4,1.0
46086.0,17.0,MEX,Merida,37 CANEK,House of Burgers,rappi,12.67,4.83,0.87,1.0
46086.0,20.0,MEX,Monterrey,13 TEC,AVOCALIA TURBO,rappi,9.44,4.83,0.37,1.0
46086.0,10.0,MEX,Monterrey,23 SANTA CATARINA,Órale Desayunos,ubereats,9.33,4.83,13.95,1.0
46086.0,12.0,MEX,Zona Centro,24 METEPEC,Brunch & Munch,rappi,18.76,4.83,1.89,1.0
46086.0,14.0,MEX,Ciudad de México,01 DOCTORES,Avocalia,ubereats,15.48,4.82,1.47,1.0
46086.0,9.0,MEX,Guadalajara,40 JARDINES DEL VALL,Pozórale,rappi,22.13,4.82,1.85,1.0
46086.0,19.0,MEX,Puebla,26 CIUDAD JUDICIAL,The Breakfast Club,rappi,4.82,,0.28,1.0
46086.0,8.0,MEX,Ciudad de México,51 SAMARA,Desayunos de la Abuela,ubereats,9.92,4.8,8.8,1.0
46086.0,13.0,MEX,Ciudad de México,01 DOCTORES,Que Chicken,ubereats,10.97,4.8,0.64,1.0
46086.0,17.0,MEX,Merida,31 MONTEJO,Honest Food,ubereats,20.21,4.8,4.11,1.0
46086.0,16.0,MEX,Monterrey,13 TEC,Fonda Local turbo,rappi,8.74,4.8,1.05,1.0
46086.0,14.0,MEX,Monterrey,22 SAN NICOLAS,Que Chicken,rappi,12.89,4.8,0.83,1.0
46086.0,12.0,MEX,Ciudad de México,12 DEL VALLE,Brunch & Munch,ubereats,9.41,4.78,6.03,1.0
46086.0,18.0,MEX,Ciudad de México,06 SATELITE,Honest Food,rappi,9.53,4.78,0.25,1.0
46086.0,7.0,MEX,Guadalajara,21 SANTA TERESITA,Órale Desayunos,didi,9.0,4.78,0.4,1.0
46086.0,12.0,MEX,Monterrey,38 SALTILLO CENTRO,Órale Chilaquiles,didi,16.58,4.78,1.87,1.0
46086.0,15.0,MEX,Puebla,41 VOLCANES,Green House,ubereats,25.31,4.78,10.76,1.0
46086.0,18.0,MEX,Puebla,41 VOLCANES,Honest Food,ubereats,23.93,4.78,0.87,1.0
46086.0,11.0,MEX,Ciudad de México,12 DEL VALLE,Brunch & Munch,ubereats,6.17,4.77,13.54,1.0
46086.0,8.0,MEX,Ciudad de México,03 POLANCO,Órale Desayunos,didi,6.89,4.77,2.89,1.0
46086.0,9.0,MEX,Ciudad de México,05 COAPA,Órale Desayunos,ubereats,11.96,4.77,1.78,1.0
46086.0,7.0,MEX,Guadalajara,25 TABACHINES,Brunch & Munch,ubereats,16.01,4.77,0.98,1.0
46086.0,9.0,MEX,Guadalajara,34 TLAQUEPAQUE,Órale Desayunos,rappi,5.76,4.77,53.33,1.0
46086.0,19.0,MEX,Ciudad de México,02 SAN ANGEL,Avocalia,didi,9.05,4.75,0.38,1.0
46086.0,8.0,MEX,Ciudad de México,52 MANACAR,Brunch & Munch,rappi,17.76,4.75,1.13,1.0
46086.0,9.0,MEX,Ciudad de México,09 CHURUBUSCO,Eggy by Chef Eva,ubereats,15.05,4.75,1.82,1.0
46086.0,16.0,MEX,Ciudad de México,05 COAPA,House of Salads,didi,7.9,4.75,39.73,1.0
46086.0,16.0,MEX,Ciudad de México,05 COAPA,Mr Beast Burger,didi,7.42,4.75,5.04,1.0
46086.0,15.0,MEX,Guadalajara,34 TLAQUEPAQUE,Honest Food,didi,15.04,4.75,0.95,1.0
46086.0,20.0,MEX,Guadalajara,34 TLAQUEPAQUE,Que Chicken,didi,8.84,4.75,11.1,1.0
46086.0,13.0,MEX,Monterrey,17 CUMBRES,Desayunos de la Abuela,didi,9.42,4.75,0.88,1.0
46086.0,11.0,MEX,Puebla,41 VOLCANES,Brunch & Munch,ubereats,16.35,4.75,1.09,1.0
46086.0,18.0,MEX,Puebla,26 CIUDAD JUDICIAL,Green House,ubereats,7.79,4.75,10.97,1.0
46086.0,11.0,MEX,Zona Centro,24 METEPEC,LA PANQUEQUERIA,ubereats,16.02,4.75,1.29,1.0
46086.0,14.0,MEX,Ciudad de México,06 SATELITE,Avocalia,ubereats,14.79,4.73,2.15,1.0
46086.0,14.0,MEX,Ciudad de México,04 SANTA FE,Avocalia,ubereats,14.65,4.73,1.32,1.0
46086.0,16.0,MEX,Ciudad de México,09 CHURUBUSCO,Avocalia,ubereats,16.03,4.73,1.37,1.0
46086.0,8.0,MEX,Ciudad de México,01 DOCTORES,Brunch & Munch,ubereats,12.1,4.73,0.96,1.0
46086.0,11.0,MEX,Ciudad de México,04 SANTA FE,Eggy by Chef Eva,ubereats,18.06,4.73,0.86,1.0
46086.0,18.0,MEX,Ciudad de México,05 COAPA,House of Salads,ubereats,12.96,4.73,1.18,1.0
46086.0,11.0,MEX,Ciudad de México,15 LINDAVISTA,Órale Desayunos,ubereats,3.65,4.73,10.44,1.0
46086.0,10.0,MEX,Guadalajara,19 LA CALMA,La Panquequería Turbo,rappi,8.72,4.73,1.03,1.0
46086.0,22.0,MEX,Ciudad de México,12 DEL VALLE,Honest Food,ubereats,12.89,4.72,0.61,1.0
46086.0,12.0,MEX,Guadalajara,25 TABACHINES,Órale Desayunos,didi,13.23,4.72,32.75,1.0
46086.0,19.0,MEX,Guadalajara,14 JARDINES,The Wrap Company MX,didi,19.72,4.72,2.01,1.0
46086.0,15.0,MEX,Monterrey,30 LINCOLN,Pozórale,didi,10.89,4.72,0.25,1.0
46086.0,7.0,MEX,Ciudad de México,11 AZCAPOTZALCO,Brunch & Munch,ubereats,10.68,4.7,2.0,1.0
46086.0,20.0,MEX,Ciudad de México,04 SANTA FE,LA PANQUEQUERIA,rappi,30.25,4.7,0.49,1.0
46086.0,22.0,MEX,Ciudad de México,01 DOCTORES,Mr Beast Burger,ubereats,9.99,4.7,0.83,1.0
46086.0,20.0,MEX,Ciudad de México,12 DEL VALLE,Órale Chilaquiles,rappi,13.13,4.7,3.9,1.0
46086.0,18.0,MEX,Ciudad de México,01 DOCTORES,Que Chicken,ubereats,20.89,4.7,1.81,1.0
46086.0,13.0,MEX,Monterrey,13 TEC,Chemaquiles,didi,7.21,4.7,9.08,1.0
46086.0,13.0,MEX,Monterrey,13 TEC,The Wrap Company MX,didi,14.12,4.7,0.61,1.0
46086.0,9.0,MEX,Puebla,26 CIUDAD JUDICIAL,Brunch & Munch,didi,15.78,4.7,0.91,1.0
46086.0,10.0,MEX,Ciudad de México,52 MANACAR,Desayunos de la Abuela,didi,10.45,4.68,0.78,1.0
46086.0,16.0,MEX,Ciudad de México,01 DOCTORES,Foodhub,rappi,18.42,4.68,0.14,1.0
46086.0,13.0,MEX,Ciudad de México,09 CHURUBUSCO,Que Chicken,rappi,12.82,4.68,0.92,1.0
46086.0,15.0,MEX,Guadalajara,19 LA CALMA,Honest Food,rappi,9.0,4.68,0.32,1.0
46086.0,14.0,MEX,Guadalajara,45 ESTADIO,Mr Beast Burger,didi,8.27,4.68,1.05,1.0
46086.0,14.0,MEX,Ciudad de México,04 SANTA FE,Avocalia,ubereats,11.22,4.67,1.09,1.0
46086.0,20.0,MEX,Ciudad de México,11 AZCAPOTZALCO,Avocalia,ubereats,15.73,4.67,2.03,1.0
46086.0,20.0,MEX,Ciudad de México,01 DOCTORES,Mr Beast Burger,ubereats,13.72,4.67,7.25,1.0
46086.0,12.0,MEX,Ciudad de México,05 COAPA,Órale Desayunos,ubereats,12.2,4.67,9.24,1.0
46086.0,16.0,MEX,Monterrey,10 SAN JERONIMO,Avocalia,ubereats,24.62,4.67,1.89,1.0
46086.0,13.0,MEX,Monterrey,13 TEC,Honest Food,rappi,9.1,4.67,0.21,1.0
46086.0,15.0,MEX,Monterrey,28 CARRETERA NACIONA,Numa Cocina Mediterranea,didi,8.26,4.67,1.45,1.0
46086.0,13.0,MEX,Monterrey,22 SAN NICOLAS,Órale Desayunos,didi,12.97,4.67,1.1,1.0
46086.0,10.0,MEX,Puebla,41 VOLCANES,Foodhub,rappi,13.72,4.67,0.36,1.0
46086.0,12.0,MEX,Ciudad de México,06 SATELITE,House of Salads,didi,17.2,4.65,0.57,1.0
46086.0,18.0,MEX,Merida,31 MONTEJO,Que Chicken,rappi,9.77,4.65,5.83,1.0
46086.0,9.0,MEX,Monterrey,30 LINCOLN,LA PANQUEQUERIA,rappi,8.88,4.65,0.82,1.0
46086.0,11.0,MEX,Monterrey,23 SANTA CATARINA,Órale Desayunos,ubereats,12.88,4.65,0.45,1.0
46086.0,16.0,MEX,Ciudad de México,11 AZCAPOTZALCO,Avocalia,ubereats,15.89,4.63,3.59,1.0
46086.0,11.0,MEX,Ciudad de México,01 DOCTORES,LA PANQUEQUERIA,rappi,17.16,4.63,4.7,1.0
46086.0,12.0,MEX,Monterrey,17 CUMBRES,LA PANQUEQUERIA,didi,7.93,4.63,1.77,1.0
46086.0,10.0,MEX,Monterrey,17 CUMBRES,Órale Chilaquiles,rappi,8.56,4.63,1.16,1.0
46086.0,9.0,MEX,Zona Centro,24 METEPEC,Avocalia Desayunos,ubereats,11.6,4.63,4.08,1.0
46086.0,9.0,MEX,Zona Centro,24 METEPEC,Brunch & Munch,ubereats,6.31,4.63,11.75,1.0
46086.0,13.0,MEX,Ciudad de México,01 DOCTORES,Green House,ubereats,13.12,4.62,0.13,1.0
46086.0,15.0,MEX,Ciudad de México,06 SATELITE,House of Salads,ubereats,17.35,4.62,1.01,1.0
46086.0,18.0,MEX,Ciudad de México,01 DOCTORES,Que Chicken,rappi,24.83,4.62,0.1,1.0
46086.0,9.0,MEX,Guadalajara,25 TABACHINES,Brunch & Munch,ubereats,13.11,4.62,1.64,1.0
46086.0,16.0,MEX,Guadalajara,34 TLAQUEPAQUE,Mr Beast Burger,didi,20.44,4.62,4.55,1.0
46086.0,12.0,MEX,Monterrey,23 SANTA CATARINA,Brunch & Munch,rappi,14.23,4.62,1.52,1.0
46086.0,21.0,MEX,Monterrey,17 CUMBRES,Mr Beast Burger,ubereats,7.25,4.62,1.83,1.0
46086.0,11.0,MEX,Puebla,41 VOLCANES,Órale Desayunos,ubereats,19.11,4.62,1.36,1.0
46086.0,15.0,MEX,Ciudad de México,01 DOCTORES,House of Salads,didi,23.95,4.6,25.02,1.0
46086.0,21.0,MEX,Ciudad de México,01 DOCTORES,Avocalia,ubereats,16.02,4.58,0.94,1.0
46086.0,14.0,MEX,Ciudad de México,12 DEL VALLE,Brunch & Munch,ubereats,14.34,4.58,0.83,1.0
46086.0,16.0,MEX,Ciudad de México,06 SATELITE,Numa Cocina Mediterranea,ubereats,36.21,4.58,21.72,1.0
46086.0,8.0,MEX,Ciudad de México,02 SAN ANGEL,Órale Desayunos,rappi,9.69,4.58,3.11,1.0
46086.0,20.0,MEX,Ciudad de México,05 COAPA,Que Chicken,ubereats,8.0,4.58,1.27,1.0
46086.0,15.0,MEX,Ciudad de México,02 SAN ANGEL,Avocalia,ubereats,13.24,4.57,1.14,1.0
46086.0,11.0,MEX,Ciudad de México,04 SANTA FE,Brunch & Munch,rappi,19.29,4.57,2.04,1.0
46086.0,14.0,MEX,Ciudad de México,27 IZTAPALAPA,Órale Desayunos,didi,8.49,4.57,0.76,1.0
46086.0,10.0,MEX,Monterrey,30 LINCOLN,The Wrap Company MX,didi,9.0,4.57,0.27,1.0
46086.0,9.0,MEX,Zona Centro,24 METEPEC,Órale Desayunos,ubereats,11.98,4.57,1.8,1.0
46086.0,9.0,MEX,Ciudad de México,15 LINDAVISTA,Brunch & Munch,ubereats,12.77,4.55,7.25,1.0
46086.0,21.0,MEX,Ciudad de México,02 SAN ANGEL,La Neta Burgers (Orale Burgers),rappi,17.83,4.55,1.06,1.0
46086.0,21.0,MEX,Ciudad de México,03 POLANCO,Mr Beast Burger,didi,7.94,4.55,1.3,1.0
46086.0,21.0,MEX,Ciudad de México,11 AZCAPOTZALCO,Mr Beast Burger,didi,13.16,4.55,0.84,1.0
46086.0,11.0,MEX,Ciudad de México,02 SAN ANGEL,Órale Desayunos,ubereats,16.14,4.55,1.03,1.0
46086.0,12.0,MEX,Ciudad de México,15 LINDAVISTA,Órale Desayunos,ubereats,10.46,4.55,1.42,1.0
46086.0,14.0,MEX,Monterrey,10 SAN JERONIMO,Que Chicken,rappi,15.89,4.55,0.96,1.0
46086.0,16.0,MEX,Ciudad de México,16 PEDREGAL,Avocalia,ubereats,13.06,4.53,17.96,1.0
46086.0,19.0,MEX,Ciudad de México,05 COAPA,Brunch & Munch,ubereats,17.79,4.53,1.08,1.0
46086.0,11.0,MEX,Ciudad de México,12 DEL VALLE,Desayunos de la Abuela,didi,9.81,4.53,0.85,1.0
46086.0,12.0,MEX,Ciudad de México,02 SAN ANGEL,Honest Food,didi,10.91,4.53,0.66,1.0
46086.0,19.0,MEX,Ciudad de México,06 SATELITE,House of Salads,ubereats,13.81,4.53,0.49,1.0
46086.0,11.0,MEX,Ciudad de México,12 DEL VALLE,Órale Desayunos,ubereats,16.2,4.53,7.22,1.0
46086.0,17.0,MEX,Guadalajara,40 JARDINES DEL VALL,Mr Beast Burger,rappi,8.67,4.53,1.09,1.0
46086.0,14.0,MEX,Merida,37 CANEK,Avocalia,ubereats,16.13,4.53,1.0,1.0
46086.0,11.0,MEX,Monterrey,30 LINCOLN,Avocalia,ubereats,9.96,4.53,0.41,1.0
46086.0,17.0,MEX,Monterrey,23 SANTA CATARINA,LA PANQUEQUERIA,ubereats,15.05,4.53,1.83,1.0
46086.0,8.0,MEX,Monterrey,22 SAN NICOLAS,The Breakfast Club,ubereats,20.78,4.53,1.88,1.0
46086.0,7.0,MEX,Monterrey,23 SANTA CATARINA,The Wrap Company MX,didi,8.56,4.53,0.67,1.0
46086.0,9.0,MEX,Ciudad de México,09 CHURUBUSCO,Brunch & Munch,ubereats,13.02,4.52,2.1,1.0
46086.0,16.0,MEX,Ciudad de México,16 PEDREGAL,House of Salads,ubereats,17.97,4.52,8.44,1.0
46086.0,11.0,MEX,Ciudad de México,02 SAN ANGEL,Órale Desayunos,didi,9.15,4.52,1.1,1.0
46086.0,19.0,MEX,Monterrey,13 TEC,Fonda Local turbo,rappi,8.47,4.52,0.75,1.0
46086.0,11.0,MEX,Ciudad de México,12 DEL VALLE,Brunch & Munch,ubereats,17.76,4.5,2.14,1.0
46086.0,12.0,MEX,Ciudad de México,09 CHURUBUSCO,Desayunos de la Abuela,rappi,12.21,4.5,0.86,1.0
46086.0,16.0,MEX,Monterrey,22 SAN NICOLAS,Green House,didi,10.03,4.5,5.39,1.0
46086.0,7.0,MEX,Monterrey,22 SAN NICOLAS,LA PANQUEQUERIA,ubereats,21.95,4.5,1.21,1.0
46086.0,11.0,MEX,Monterrey,30 LINCOLN,LA PANQUEQUERIA,ubereats,15.01,4.5,5.89,1.0
46086.0,12.0,MEX,Ciudad de México,05 COAPA,Avocalia,didi,11.67,4.48,0.28,1.0
46086.0,19.0,MEX,Ciudad de México,04 SANTA FE,Avocalia,ubereats,7.89,4.48,1.52,1.0
46086.0,9.0,MEX,Ciudad de México,02 SAN ANGEL,Brunch & Munch,ubereats,13.9,4.48,1.23,1.0
46086.0,13.0,MEX,Ciudad de México,11 AZCAPOTZALCO,Green House,ubereats,13.18,4.48,0.7,1.0
46086.0,13.0,MEX,Ciudad de México,27 IZTAPALAPA,Mega Greens (Super Ensaladas),ubereats,10.75,4.48,1.31,1.0
46086.0,12.0,MEX,Ciudad de México,27 IZTAPALAPA,Órale Chilaquiles,didi,10.83,4.48,0.83,1.0
46086.0,16.0,MEX,Merida,31 MONTEJO,Green House,ubereats,27.45,4.48,28.44,1.0
46086.0,13.0,MEX,Merida,31 MONTEJO,House of Salads,ubereats,28.94,4.48,5.31,1.0
46086.0,7.0,MEX,Puebla,41 VOLCANES,The Breakfast Club,ubereats,9.85,4.48,0.98,1.0
46086.0,11.0,MEX,Guadalajara,34 TLAQUEPAQUE,Brunch & Munch,ubereats,18.92,4.47,1.01,1.0
46086.0,11.0,MEX,Monterrey,30 LINCOLN,Chemaquiles,didi,11.02,4.47,1.99,1.0
46086.0,7.0,MEX,Puebla,41 VOLCANES,Brunch & Munch,ubereats,12.99,4.47,2.79,1.0
46086.0,16.0,MEX,Puebla,41 VOLCANES,Honest Food,didi,17.87,4.47,1.03,1.0
46086.0,22.0,MEX,Ciudad de México,03 POLANCO,Avocalia,ubereats,10.69,4.45,0.35,1.0
46086.0,17.0,MEX,Merida,31 MONTEJO,Fonda Local,rappi,15.86,4.45,10.24,1.0
46086.0,22.0,MEX,Merida,37 CANEK,Green House,rappi,14.75,4.45,0.81,1.0
46086.0,17.0,MEX,Monterrey,23 SANTA CATARINA,Que Chicken,rappi,15.77,4.45,1.91,1.0
46086.0,11.0,MEX,Ciudad de México,04 SANTA FE,Avocalia Desayunos,ubereats,23.78,4.43,0.76,1.0
46086.0,13.0,MEX,Ciudad de México,27 IZTAPALAPA,Honest Food,didi,8.39,4.43,0.87,1.0
46086.0,14.0,MEX,Ciudad de México,05 COAPA,Honest Food,didi,12.17,4.43,0.74,1.0
46086.0,13.0,MEX,Ciudad de México,03 POLANCO,Honest Food,ubereats,11.87,4.43,0.35,1.0
46086.0,20.0,MEX,Ciudad de México,03 POLANCO,Mr Beast Burger,rappi,10.2,4.43,0.7,1.0
46086.0,12.0,MEX,Guadalajara,34 TLAQUEPAQUE,House of Salads,didi,8.47,4.43,0.68,1.0
46086.0,13.0,MEX,Guadalajara,40 JARDINES DEL VALL,Tasty Foods,rappi,8.05,4.43,1.13,1.0
46086.0,13.0,MEX,Merida,31 MONTEJO,Órale Desayunos,didi,37.93,4.43,0.91,1.0
46086.0,9.0,MEX,Monterrey,13 TEC,Brunch & Munch,rappi,8.87,4.43,1.4,1.0
46086.0,11.0,MEX,Monterrey,30 LINCOLN,Eggy by Chef Eva,rappi,11.22,4.43,1.14,1.0
46086.0,12.0,MEX,Ciudad de México,06 SATELITE,Green House,ubereats,24.22,4.42,0.84,1.0
46086.0,19.0,MEX,Ciudad de México,03 POLANCO,Honest Food,didi,12.61,4.42,0.48,1.0
46086.0,14.0,MEX,Ciudad de México,12 DEL VALLE,Honest Food,ubereats,11.81,4.42,15.16,1.0
46086.0,9.0,MEX,Ciudad de México,09 CHURUBUSCO,LA PANQUEQUERIA,ubereats,16.91,4.42,2.17,1.0
46086.0,11.0,MEX,Ciudad de México,09 CHURUBUSCO,The Breakfast Club,rappi,18.99,4.42,2.45,1.0
46086.0,12.0,MEX,Ciudad de México,03 POLANCO,The Breakfast Club,ubereats,12.94,4.42,1.62,1.0
46086.0,9.0,MEX,Guadalajara,19 LA CALMA,Órale Desayunos,didi,11.01,4.42,8.97,1.0
46086.0,12.0,MEX,Puebla,26 CIUDAD JUDICIAL,Brunch & Munch,ubereats,15.12,4.42,0.93,1.0
46086.0,18.0,MEX,Zona Centro,24 METEPEC,Chemaquiles,didi,10.69,4.42,0.9,1.0
46086.0,18.0,MEX,Ciudad de México,03 POLANCO,Green House Turbo,rappi,9.17,4.4,0.92,1.0
46086.0,15.0,MEX,Ciudad de México,16 PEDREGAL,Mr Beast Burger,didi,28.04,4.4,12.67,1.0
46086.0,15.0,MEX,Ciudad de México,27 IZTAPALAPA,Mr Beast Burger,didi,9.91,4.4,1.04,1.0
46086.0,13.0,MEX,Merida,37 CANEK,La Neta Burgers (Orale Burgers),rappi,16.4,4.4,2.9,1.0
46086.0,8.0,MEX,Monterrey,13 TEC,Desayunos de la Abuela,ubereats,18.04,4.4,1.1,1.0
46086.0,11.0,MEX,Ciudad de México,03 POLANCO,Brunch & Munch,rappi,12.24,4.38,3.95,1.0
46086.0,14.0,MEX,Ciudad de México,05 COAPA,La Neta Burgers (Orale Burgers),rappi,13.15,4.38,0.11,1.0
46086.0,16.0,MEX,Ciudad de México,16 PEDREGAL,Que Chicken,didi,21.62,4.38,47.13,1.0
46086.0,14.0,MEX,Guadalajara,34 TLAQUEPAQUE,Avocalia,didi,5.95,4.38,5.22,1.0
46086.0,12.0,MEX,Guadalajara,21 SANTA TERESITA,Cocina Corrida turbo,rappi,11.35,4.38,0.89,1.0
46086.0,12.0,MEX,Guadalajara,14 JARDINES,Órale Desayunos,ubereats,20.3,4.38,1.85,1.0
46086.0,13.0,MEX,Merida,37 CANEK,La Neta Burgers (Orale Burgers),rappi,18.89,4.38,0.42,1.0
46086.0,14.0,MEX,Ciudad de México,02 SAN ANGEL,Avocalia,ubereats,11.06,4.37,0.86,1.0
46086.0,19.0,MEX,Ciudad de México,16 PEDREGAL,Honest Food,ubereats,7.19,4.37,5.97,1.0
46086.0,15.0,MEX,Ciudad de México,02 SAN ANGEL,Orale Chilaquiles Turbo,rappi,10.97,4.37,0.33,1.0
46086.0,18.0,MEX,Guadalajara,19 LA CALMA,Numa Cocina Mediterranea,ubereats,20.47,4.37,2.03,1.0
46086.0,8.0,MEX,Guadalajara,25 TABACHINES,Órale Desayunos,ubereats,23.87,4.37,1.66,1.0
46086.0,14.0,MEX,Monterrey,22 SAN NICOLAS,Mr Beast Burger,didi,11.22,4.37,2.01,1.0
46086.0,14.0,MEX,Monterrey,13 TEC,Signature Salads,rappi,16.17,4.37,0.87,1.0
46086.0,14.0,MEX,Guadalajara,34 TLAQUEPAQUE,La Neta Burgers (Orale Burgers),rappi,7.9,4.35,1.25,1.0
46086.0,11.0,MEX,Monterrey,17 CUMBRES,Brunch & Munch,ubereats,16.13,4.35,2.02,1.0
46086.0,17.0,MEX,Monterrey,30 LINCOLN,Mr Beast Burger,didi,7.75,4.35,1.78,1.0
46086.0,7.0,MEX,Ciudad de México,09 CHURUBUSCO,Brunch & Munch,ubereats,15.29,4.33,1.78,1.0
46086.0,18.0,MEX,Ciudad de México,05 COAPA,Mr Beast Burger,didi,8.61,4.33,0.5,1.0
46086.0,8.0,MEX,Guadalajara,34 TLAQUEPAQUE,Brunch & Munch,rappi,10.65,4.33,0.83,1.0
46086.0,22.0,MEX,Guadalajara,21 SANTA TERESITA,Green House,ubereats,8.01,4.33,1.12,1.0
46086.0,19.0,MEX,Guadalajara,25 TABACHINES,Green House Turbo,rappi,11.75,4.33,0.86,1.0
46086.0,20.0,MEX,Guadalajara,25 TABACHINES,Mr Beast Burger,didi,8.18,4.33,0.94,1.0
46086.0,20.0,MEX,Ciudad de México,12 DEL VALLE,Mr Beast Burger,didi,15.06,4.32,2.84,1.0
46086.0,14.0,MEX,Merida,37 CANEK,Numa Cocina Mediterranea,didi,16.82,4.32,0.24,1.0
46086.0,12.0,MEX,Merida,31 MONTEJO,Órale Desayunos,didi,13.18,4.32,0.89,1.0
46086.0,8.0,MEX,Monterrey,23 SANTA CATARINA,Brunch & Munch,rappi,12.71,4.32,26.92,1.0
46086.0,17.0,MEX,Puebla,26 CIUDAD JUDICIAL,Avocalia,didi,11.13,4.32,0.67,1.0
46086.0,13.0,MEX,Zona Centro,24 METEPEC,Avocalia,didi,11.92,4.32,0.68,1.0
46086.0,8.0,MEX,Ciudad de México,12 DEL VALLE,Brunch & Munch,ubereats,6.47,4.3,6.01,1.0
46086.0,11.0,MEX,Guadalajara,40 JARDINES DEL VALL,The Wrap Company MX,didi,12.22,4.3,4.24,1.0
46086.0,9.0,MEX,Merida,31 MONTEJO,The Egg Spot,didi,14.54,4.3,14.83,1.0
46086.0,14.0,MEX,Monterrey,13 TEC,Honest Food Turbo,rappi,8.22,4.3,0.87,1.0
46086.0,10.0,MEX,Monterrey,38 SALTILLO CENTRO,LA PANQUEQUERIA,rappi,14.77,4.3,0.29,1.0
46086.0,7.0,MEX,Monterrey,22 SAN NICOLAS,Órale Desayunos,didi,11.08,4.3,0.77,1.0
46086.0,10.0,MEX,Monterrey,30 LINCOLN,Órale Desayunos,didi,8.15,4.3,14.04,1.0
46086.0,21.0,MEX,Puebla,41 VOLCANES,Avocalia,didi,7.79,4.3,1.31,1.0
46086.0,19.0,MEX,Guadalajara,34 TLAQUEPAQUE,LA PANQUEQUERIA,rappi,8.98,4.28,0.08,1.0
46086.0,17.0,MEX,Monterrey,13 TEC,Avocalia,ubereats,10.22,4.28,1.95,1.0
46086.0,13.0,MEX,Ciudad de México,01 DOCTORES,Brunch & Munch,rappi,13.51,4.27,1.21,1.0
46086.0,13.0,MEX,Ciudad de México,03 POLANCO,La Panquequería Turbo,rappi,9.02,4.27,11.14,1.0
46086.0,10.0,MEX,Guadalajara,45 ESTADIO,Subs & Soups,rappi,11.18,4.27,0.08,1.0
46086.0,16.0,MEX,Monterrey,17 CUMBRES,Honest Food,didi,11.88,4.27,0.93,1.0
46086.0,17.0,MEX,Ciudad de México,05 COAPA,Cocina Corrida turbo,rappi,10.75,4.25,5.11,1.0
46086.0,17.0,MEX,Ciudad de México,06 SATELITE,Green House,ubereats,21.93,4.25,28.99,1.0
46086.0,8.0,MEX,Ciudad de México,01 DOCTORES,Órale Desayunos,ubereats,11.99,4.25,0.07,1.0
46086.0,13.0,MEX,Guadalajara,40 JARDINES DEL VALL,Avocalia,didi,8.15,4.25,0.92,1.0
46086.0,14.0,MEX,Monterrey,28 CARRETERA NACIONA,Don Gyros & Kebab,rappi,11.26,4.25,1.07,1.0
46086.0,9.0,MEX,Monterrey,17 CUMBRES,Órale Desayunos,rappi,14.75,4.25,1.82,1.0
46086.0,17.0,MEX,Puebla,41 VOLCANES,Green House,rappi,12.47,4.25,0.68,1.0
46086.0,19.0,MEX,Puebla,26 CIUDAD JUDICIAL,Mr Beast Burger,didi,15.31,4.25,2.76,1.0
46086.0,13.0,MEX,Ciudad de México,27 IZTAPALAPA,House of Salads,ubereats,10.7,4.23,1.15,1.0
46086.0,13.0,MEX,Guadalajara,21 SANTA TERESITA,Órale Desayunos,ubereats,14.43,4.23,4.77,1.0
46086.0,15.0,MEX,Guadalajara,14 JARDINES,Que Chicken,rappi,18.17,4.23,0.27,1.0
46086.0,7.0,MEX,Merida,31 MONTEJO,Brunch & Munch,ubereats,26.14,4.23,2.12,1.0
46086.0,11.0,MEX,Monterrey,17 CUMBRES,Brunch & Munch,ubereats,15.97,4.23,1.99,1.0
46086.0,16.0,MEX,Puebla,41 VOLCANES,Honest Food,ubereats,20.04,4.23,1.1,1.0
46086.0,14.0,MEX,Ciudad de México,52 MANACAR,Avocalia,didi,5.71,4.22,11.02,1.0
46086.0,22.0,MEX,Ciudad de México,05 COAPA,La Neta Burgers (Orale Burgers),didi,15.78,4.22,0.39,1.0
46086.0,12.0,MEX,Ciudad de México,12 DEL VALLE,Mega Greens (Super Ensaladas),rappi,16.08,4.22,2.7,1.0
46086.0,10.0,MEX,Guadalajara,25 TABACHINES,Avocalia Desayunos Turbo,rappi,9.83,4.22,101.96,1.0
46086.0,13.0,MEX,Merida,37 CANEK,Honest Food,rappi,19.96,4.22,3.06,1.0
46086.0,8.0,MEX,Monterrey,10 SAN JERONIMO,Desayunos de la Abuela,didi,11.73,4.22,1.22,1.0
46086.0,13.0,MEX,Monterrey,17 CUMBRES,Fonda Local,rappi,13.96,4.22,0.28,1.0
46086.0,14.0,MEX,Zona Centro,24 METEPEC,Que Chicken,rappi,11.23,4.22,0.96,1.0
46086.0,14.0,MEX,Ciudad de México,05 COAPA,Avocalia,didi,8.92,4.2,0.81,1.0
46086.0,13.0,MEX,Ciudad de México,16 PEDREGAL,Chemaquiles,ubereats,11.12,4.2,6.19,1.0
46086.0,12.0,MEX,Ciudad de México,27 IZTAPALAPA,Desayunos de la Abuela,rappi,13.8,4.2,0.94,1.0
46086.0,16.0,MEX,Ciudad de México,11 AZCAPOTZALCO,Que Chicken,rappi,12.41,4.2,6.6,1.0
46086.0,15.0,MEX,Monterrey,23 SANTA CATARINA,Green House,rappi,11.03,4.2,0.78,1.0
46086.0,16.0,MEX,Guadalajara,45 ESTADIO,Chicken Tenders Hub,rappi,11.37,4.18,5.83,1.0
46086.0,11.0,MEX,Merida,37 CANEK,Avocalia,ubereats,17.03,4.18,4.53,1.0
46086.0,15.0,MEX,Monterrey,22 SAN NICOLAS,La Neta Burgers (Orale Burgers),rappi,11.84,4.18,0.81,1.0
46086.0,17.0,MEX,Ciudad de México,52 MANACAR,Avocalia,ubereats,7.46,4.17,16.04,1.0
46086.0,8.0,MEX,Ciudad de México,01 DOCTORES,Desayunos de la Abuela,didi,8.96,4.17,0.23,1.0
46086.0,11.0,MEX,Ciudad de México,12 DEL VALLE,LA PANQUEQUERIA,didi,20.13,4.17,0.7,1.0
46086.0,13.0,MEX,Guadalajara,21 SANTA TERESITA,Brunch & Munch,rappi,12.93,4.17,0.05,1.0
46086.0,11.0,MEX,Guadalajara,19 LA CALMA,BRUNCH & MUNCH TURBO,rappi,8.13,4.17,0.88,1.0
46086.0,9.0,MEX,Guadalajara,40 JARDINES DEL VALL,Foodhub,didi,9.02,4.17,0.21,1.0
46086.0,19.0,MEX,Ciudad de México,11 AZCAPOTZALCO,Avocalia,didi,22.11,4.15,1.23,1.0
46086.0,18.0,MEX,Ciudad de México,52 MANACAR,Avocalia,ubereats,8.62,4.15,6.06,1.0
46086.0,10.0,MEX,Ciudad de México,51 SAMARA,Brunch & Munch,rappi,11.19,4.15,2.14,1.0
46086.0,13.0,MEX,Guadalajara,40 JARDINES DEL VALL,Avocalia,didi,9.45,4.15,1.07,1.0
46086.0,9.0,MEX,Monterrey,10 SAN JERONIMO,Avocalia Desayunos,ubereats,20.11,4.15,9.77,1.0
46086.0,15.0,MEX,Ciudad de México,03 POLANCO,Avocalia,ubereats,15.19,4.13,0.32,1.0
46086.0,13.0,MEX,Ciudad de México,06 SATELITE,Green House,ubereats,10.7,4.13,1.2,1.0
46086.0,9.0,MEX,Ciudad de México,09 CHURUBUSCO,Órale Desayunos,ubereats,13.89,4.13,1.17,1.0
46086.0,9.0,MEX,Guadalajara,19 LA CALMA,Brunch & Munch,ubereats,20.4,4.13,0.85,1.0
46086.0,17.0,MEX,Guadalajara,21 SANTA TERESITA,Honest Food,rappi,13.83,4.13,0.14,1.0
46086.0,19.0,MEX,Guadalajara,45 ESTADIO,Honest Food,rappi,7.94,4.13,1.03,1.0
46086.0,9.0,MEX,Monterrey,13 TEC,Brunch & Munch,ubereats,18.98,4.13,1.79,1.0
46086.0,8.0,MEX,Monterrey,30 LINCOLN,The Wrap Company MX,didi,7.54,4.13,1.47,1.0
46086.0,16.0,MEX,Ciudad de México,12 DEL VALLE,Avocalia,ubereats,14.91,4.12,3.06,1.0
46086.0,11.0,MEX,Ciudad de México,51 SAMARA,Órale Desayunos,didi,5.94,4.12,8.17,1.0
46086.0,11.0,MEX,Ciudad de México,05 COAPA,Órale Desayunos,didi,8.27,4.12,0.72,1.0
46086.0,9.0,MEX,Ciudad de México,05 COAPA,Órale Desayunos,ubereats,13.86,4.12,1.37,1.0
46086.0,17.0,MEX,Guadalajara,14 JARDINES,Numa Cocina Mediterranea,ubereats,11.04,4.12,10.15,1.0
46086.0,19.0,MEX,Merida,31 MONTEJO,Honest Food,rappi,10.99,4.12,2.82,1.0
46086.0,12.0,MEX,Monterrey,17 CUMBRES,Órale Desayunos,ubereats,18.8,4.12,2.95,1.0
46086.0,9.0,MEX,Ciudad de México,15 LINDAVISTA,Órale Desayunos,ubereats,16.97,4.1,2.12,1.0
46086.0,11.0,MEX,Ciudad de México,03 POLANCO,Órale Desayunos Turbo,rappi,6.31,4.1,2.68,1.0
46086.0,9.0,MEX,Monterrey,23 SANTA CATARINA,Brunch & Munch,ubereats,18.88,4.1,4.17,1.0
46086.0,12.0,MEX,Ciudad de México,01 DOCTORES,Chemaquiles,rappi,9.41,4.08,0.58,1.0
46086.0,17.0,MEX,Guadalajara,45 ESTADIO,Green House,didi,12.72,4.08,10.24,1.0
46086.0,10.0,MEX,Guadalajara,21 SANTA TERESITA,LA PANQUEQUERIA,rappi,19.95,4.08,0.29,1.0
46086.0,18.0,MEX,Guadalajara,34 TLAQUEPAQUE,Mr Beast Burger,didi,8.56,4.08,2.03,1.0
46086.0,7.0,MEX,Monterrey,22 SAN NICOLAS,Brunch & Munch,ubereats,20.31,4.08,1.76,1.0
46086.0,9.0,MEX,Puebla,41 VOLCANES,Avocalia Desayunos,ubereats,12.03,4.08,1.79,1.0
46086.0,16.0,MEX,Ciudad de México,09 CHURUBUSCO,Honest Food,didi,19.21,4.07,2.56,1.0
46086.0,9.0,MEX,Ciudad de México,01 DOCTORES,Órale Desayunos,ubereats,15.13,4.07,0.17,1.0
46086.0,8.0,MEX,Guadalajara,34 TLAQUEPAQUE,Chemaquiles,ubereats,7.97,4.07,2.99,1.0
46086.0,14.0,MEX,Guadalajara,34 TLAQUEPAQUE,Órale Desayunos,ubereats,13.23,4.07,0.98,1.0
46086.0,16.0,MEX,Monterrey,22 SAN NICOLAS,Honest Food,rappi,11.9,4.07,0.33,1.0
46086.0,14.0,MEX,Monterrey,38 SALTILLO CENTRO,Pozórale,rappi,27.09,4.07,0.65,1.0
46086.0,8.0,MEX,Ciudad de México,09 CHURUBUSCO,Avocalia Desayunos,ubereats,6.94,4.05,2.07,1.0
46086.0,8.0,MEX,Ciudad de México,09 CHURUBUSCO,The Egg Spot,ubereats,5.36,4.05,4.43,1.0
46086.0,19.0,MEX,Guadalajara,45 ESTADIO,The Breakfast Club,rappi,9.09,4.05,5.64,1.0
46086.0,12.0,MEX,Merida,37 CANEK,Órale Desayunos,ubereats,17.02,4.05,1.24,1.0
46086.0,20.0,MEX,Puebla,26 CIUDAD JUDICIAL,Avocalia,ubereats,16.23,4.05,1.11,1.0
46086.0,13.0,MEX,Puebla,41 VOLCANES,Órale Desayunos,ubereats,19.11,4.05,0.72,1.0
46086.0,14.0,MEX,Ciudad de México,52 MANACAR,Avocalia,didi,4.65,4.03,9.37,1.0
46086.0,22.0,MEX,Ciudad de México,11 AZCAPOTZALCO,Avocalia,didi,7.99,4.03,0.92,1.0
46086.0,14.0,MEX,Ciudad de México,03 POLANCO,Honest Food,ubereats,10.92,4.03,0.72,1.0
46086.0,8.0,MEX,Ciudad de México,16 PEDREGAL,Órale Desayunos,ubereats,11.12,4.03,0.84,1.0
46086.0,12.0,MEX,Ciudad de México,03 POLANCO,Órale Desayunos,ubereats,12.17,4.03,2.03,1.0
46086.0,12.0,MEX,Guadalajara,45 ESTADIO,The Egg Spot,didi,12.01,4.03,19.84,1.0
46086.0,20.0,MEX,Monterrey,30 LINCOLN,Avocalia,didi,8.14,4.03,0.79,1.0
46086.0,18.0,MEX,Ciudad de México,01 DOCTORES,Honest Food,ubereats,14.98,4.02,0.96,1.0
46086.0,11.0,MEX,Ciudad de México,01 DOCTORES,LA PANQUEQUERIA,rappi,12.25,4.02,3.99,1.0
46086.0,21.0,MEX,Guadalajara,21 SANTA TERESITA,Avocalia,didi,8.08,4.02,0.83,1.0
46086.0,14.0,MEX,Guadalajara,45 ESTADIO,Mr Beast Burger,didi,10.71,4.02,0.71,1.0
46086.0,12.0,MEX,Monterrey,30 LINCOLN,LA PANQUEQUERIA,didi,8.14,4.02,0.8,1.0
46086.0,14.0,MEX,Monterrey,38 SALTILLO CENTRO,Tasty Foods,rappi,10.97,4.02,0.11,1.0
46086.0,17.0,MEX,Puebla,26 CIUDAD JUDICIAL,Foodhub,rappi,13.87,4.02,0.94,1.0
46086.0,16.0,MEX,Ciudad de México,16 PEDREGAL,Avocalia,didi,9.82,4.0,2.23,1.0
46086.0,9.0,MEX,Ciudad de México,01 DOCTORES,Brunch & Munch,didi,8.3,4.0,0.63,1.0
46086.0,11.0,MEX,Ciudad de México,11 AZCAPOTZALCO,Brunch & Munch,ubereats,7.49,4.0,2.32,1.0
46086.0,20.0,MEX,Ciudad de México,11 AZCAPOTZALCO,Desayunos de la Abuela,didi,9.16,4.0,4.84,1.0
46086.0,11.0,MEX,Ciudad de México,15 LINDAVISTA,Brunch & Munch,ubereats,6.78,3.98,14.24,1.0
46086.0,15.0,MEX,Ciudad de México,03 POLANCO,Mr Beast Burger,didi,3.86,3.98,5.06,1.0
46086.0,7.0,MEX,Merida,37 CANEK,Órale Desayunos,didi,10.41,3.98,1.54,1.0
46086.0,11.0,MEX,Ciudad de México,11 AZCAPOTZALCO,Brunch & Munch,ubereats,12.38,3.97,4.79,1.0
46086.0,16.0,MEX,Ciudad de México,16 PEDREGAL,Fonda Local,rappi,7.99,3.97,16.64,1.0
46086.0,11.0,MEX,Monterrey,28 CARRETERA NACIONA,Subs & Soups,didi,10.96,3.97,0.93,1.0
46086.0,9.0,MEX,Puebla,26 CIUDAD JUDICIAL,Brunch & Munch,ubereats,19.67,3.97,2.44,1.0
46086.0,11.0,MEX,Puebla,26 CIUDAD JUDICIAL,Brunch & Munch,ubereats,16.02,3.97,4.94,1.0
46086.0,14.0,MEX,Guadalajara,25 TABACHINES,Brunch & Munch,rappi,11.86,3.95,0.87,1.0
46086.0,9.0,MEX,Guadalajara,25 TABACHINES,Desayunos de la Abuela,didi,10.26,3.95,134.19,1.0
46086.0,19.0,MEX,Ciudad de México,04 SANTA FE,Avocalia,ubereats,10.29,3.93,0.95,1.0
46086.0,21.0,MEX,Ciudad de México,01 DOCTORES,Avocalia,ubereats,17.05,3.93,1.46,1.0
46086.0,12.0,MEX,Ciudad de México,27 IZTAPALAPA,The Breakfast Club,rappi,12.19,3.93,0.97,1.0
46086.0,14.0,MEX,Merida,37 CANEK,Honest Food,rappi,25.62,3.93,0.31,1.0
46086.0,19.0,MEX,Monterrey,30 LINCOLN,Mr Beast Burger,didi,8.06,3.93,1.75,1.0
46086.0,12.0,MEX,Ciudad de México,09 CHURUBUSCO,LA PANQUEQUERIA,rappi,7.53,3.92,0.94,1.0
46086.0,17.0,MEX,Guadalajara,45 ESTADIO,Mr Beast Burger,ubereats,13.37,3.92,0.76,1.0
46086.0,12.0,MEX,Monterrey,10 SAN JERONIMO,The Wrap Company MX,didi,11.94,3.92,1.13,1.0
46086.0,17.0,MEX,Puebla,26 CIUDAD JUDICIAL,Green House,ubereats,15.12,3.92,1.69,1.0
46086.0,13.0,MEX,Puebla,26 CIUDAD JUDICIAL,Numa Cocina Mediterranea,ubereats,13.57,3.92,2.42,1.0
46086.0,12.0,MEX,Ciudad de México,03 POLANCO,Brunch & Munch,ubereats,11.99,3.9,8.09,1.0
46086.0,14.0,MEX,Ciudad de México,16 PEDREGAL,Honest Food,didi,8.07,3.9,0.81,1.0
46086.0,15.0,MEX,Ciudad de México,09 CHURUBUSCO,Mr Beast Burger,didi,13.36,3.9,0.53,1.0
46086.0,13.0,MEX,Guadalajara,19 LA CALMA,Cocina Corrida,rappi,13.22,3.9,2.12,1.0
46086.0,11.0,MEX,Merida,31 MONTEJO,The Wrap Company MX,didi,11.94,3.9,1.17,1.0
46086.0,18.0,MEX,Monterrey,38 SALTILLO CENTRO,Green House,rappi,11.82,3.9,0.2,1.0
46086.0,11.0,MEX,Monterrey,22 SAN NICOLAS,Órale Desayunos,didi,7.9,3.9,0.94,1.0
46086.0,17.0,MEX,Puebla,26 CIUDAD JUDICIAL,Tender Lovers,rappi,12.97,3.9,1.01,1.0
46086.0,19.0,MEX,Ciudad de México,12 DEL VALLE,House of Salads,ubereats,13.9,3.88,2.05,1.0
46086.0,11.0,MEX,Ciudad de México,03 POLANCO,Órale Desayunos,ubereats,9.32,3.88,3.06,1.0
46086.0,13.0,MEX,Guadalajara,19 LA CALMA,Honest Food,rappi,7.44,3.88,1.02,1.0
46086.0,12.0,MEX,Monterrey,13 TEC,Órale Desayunos,ubereats,16.92,3.88,0.93,1.0
46086.0,8.0,MEX,Monterrey,13 TEC,The Egg Spot,rappi,8.2,3.88,0.24,1.0
46086.0,18.0,MEX,Puebla,26 CIUDAD JUDICIAL,Honest Food,didi,15.28,3.88,1.91,1.0
46086.0,12.0,MEX,Ciudad de México,03 POLANCO,LA PANQUEQUERIA,ubereats,13.89,3.87,6.27,1.0
46086.0,8.0,MEX,Monterrey,38 SALTILLO CENTRO,Órale Chilaquiles,rappi,5.96,3.87,18.08,1.0
46086.0,9.0,MEX,Ciudad de México,15 LINDAVISTA,Brunch & Munch,didi,7.01,3.85,6.03,1.0
46086.0,12.0,MEX,Ciudad de México,15 LINDAVISTA,Brunch & Munch,ubereats,5.96,3.85,7.02,1.0
46086.0,17.0,MEX,Ciudad de México,09 CHURUBUSCO,Mr Beast Burger,didi,4.21,3.85,23.72,1.0
46086.0,11.0,MEX,Guadalajara,25 TABACHINES,Órale Desayunos,didi,26.99,3.85,2.15,1.0
46086.0,8.0,MEX,Monterrey,38 SALTILLO CENTRO,Órale Chilaquiles,rappi,2.94,3.85,13.09,1.0
46086.0,16.0,MEX,Ciudad de México,09 CHURUBUSCO,Avocalia,ubereats,16.89,3.83,5.81,1.0
46086.0,22.0,MEX,Ciudad de México,03 POLANCO,Avocalia,ubereats,8.15,3.83,0.27,1.0
46086.0,9.0,MEX,Ciudad de México,01 DOCTORES,Brunch & Munch,ubereats,17.03,3.83,0.67,1.0
46086.0,16.0,MEX,Ciudad de México,16 PEDREGAL,Mr Beast Burger,ubereats,25.33,3.83,1.49,1.0
46086.0,10.0,MEX,Ciudad de México,05 COAPA,Órale Desayunos,didi,4.77,3.83,4.04,1.0
46086.0,15.0,MEX,Guadalajara,34 TLAQUEPAQUE,La Neta Burgers (Orale Burgers),rappi,14.1,3.83,0.79,1.0
46086.0,9.0,MEX,Guadalajara,25 TABACHINES,Órale Desayunos,didi,9.71,3.83,6.1,1.0
46086.0,15.0,MEX,Monterrey,23 SANTA CATARINA,Órale Desayunos,ubereats,16.93,3.83,2.82,1.0
46086.0,8.0,MEX,Ciudad de México,06 SATELITE,Eggy by Chef Eva,ubereats,8.06,3.82,0.75,1.0
46086.0,21.0,MEX,Ciudad de México,05 COAPA,Honest Food,didi,8.01,3.82,0.8,1.0
46086.0,12.0,MEX,Ciudad de México,27 IZTAPALAPA,The Breakfast Club,rappi,3.82,,14.97,1.0
46086.0,11.0,MEX,Guadalajara,40 JARDINES DEL VALL,Órale Desayunos,ubereats,18.1,3.82,1.91,1.0
46086.0,11.0,MEX,Monterrey,22 SAN NICOLAS,Órale Desayunos,didi,15.79,3.82,1.93,1.0
46086.0,15.0,MEX,Ciudad de México,02 SAN ANGEL,Avocalia,ubereats,12.26,3.8,0.26,1.0
46086.0,11.0,MEX,Monterrey,22 SAN NICOLAS,Brunch & Munch,rappi,21.98,3.8,0.21,1.0
46086.0,15.0,MEX,Monterrey,23 SANTA CATARINA,Eggy by Chef Eva,ubereats,15.19,3.8,1.43,1.0
46086.0,15.0,MEX,Puebla,41 VOLCANES,Mr Beast Burger,ubereats,23.28,3.8,1.64,1.0
46086.0,19.0,MEX,Ciudad de México,01 DOCTORES,Avocalia,ubereats,11.2,3.78,0.83,1.0
46086.0,7.0,MEX,Ciudad de México,01 DOCTORES,Órale Desayunos,ubereats,18.14,3.78,0.96,1.0
46086.0,8.0,MEX,Monterrey,22 SAN NICOLAS,Brunch & Munch,ubereats,17.6,3.78,2.44,1.0
46086.0,8.0,MEX,Monterrey,22 SAN NICOLAS,Brunch & Munch,ubereats,12.71,3.78,1.01,1.0
46086.0,17.0,MEX,Puebla,41 VOLCANES,Don Gyros & Kebab,ubereats,26.13,3.78,1.1,1.0
46086.0,14.0,MEX,Ciudad de México,16 PEDREGAL,Avocalia,ubereats,6.97,3.77,7.11,1.0
46086.0,19.0,MEX,Ciudad de México,01 DOCTORES,Avocalia,ubereats,9.1,3.77,1.62,1.0
46086.0,13.0,MEX,Ciudad de México,05 COAPA,Chicken Tenders Hub,rappi,8.15,3.77,0.64,1.0
46086.0,12.0,MEX,Ciudad de México,09 CHURUBUSCO,Chicken Tenders Hub,ubereats,17.12,3.77,1.72,1.0
46086.0,16.0,MEX,Ciudad de México,16 PEDREGAL,Que Chicken,rappi,24.13,3.77,1.05,1.0
46086.0,15.0,MEX,Monterrey,13 TEC,Honest Food,ubereats,9.05,3.77,0.51,1.0
46086.0,16.0,MEX,Puebla,41 VOLCANES,Avocalia,rappi,23.19,3.77,0.72,1.0
46086.0,19.0,MEX,Ciudad de México,16 PEDREGAL,Avocalia,ubereats,5.93,3.75,10.46,1.0
46086.0,7.0,MEX,Ciudad de México,02 SAN ANGEL,Eggy by Chef Eva,ubereats,17.0,3.75,0.89,1.0
46086.0,11.0,MEX,Ciudad de México,06 SATELITE,LA PANQUEQUERIA,ubereats,20.25,3.75,1.85,1.0
46086.0,9.0,MEX,Ciudad de México,03 POLANCO,The Wrap Company MX,didi,6.96,3.75,1.79,1.0
46086.0,20.0,MEX,Guadalajara,21 SANTA TERESITA,Brunch & Munch,rappi,11.33,3.75,28.53,1.0
46086.0,14.0,MEX,Guadalajara,45 ESTADIO,Mr Beast Burger,ubereats,17.78,3.75,0.51,1.0
46086.0,7.0,MEX,Ciudad de México,15 LINDAVISTA,Brunch & Munch,ubereats,5.65,3.73,9.87,1.0
46086.0,13.0,MEX,Ciudad de México,11 AZCAPOTZALCO,Green House,rappi,8.03,3.73,0.32,1.0
46086.0,20.0,MEX,Guadalajara,25 TABACHINES,Green House,didi,8.05,3.73,0.29,1.0
46086.0,14.0,MEX,Puebla,26 CIUDAD JUDICIAL,Que Chicken,ubereats,19.86,3.73,1.95,1.0
46086.0,13.0,MEX,Ciudad de México,06 SATELITE,LA PANQUEQUERIA,ubereats,18.84,3.72,16.42,1.0
46086.0,20.0,MEX,Ciudad de México,16 PEDREGAL,LA PANQUEQUERIA,ubereats,11.7,3.72,0.99,1.0
46086.0,7.0,MEX,Ciudad de México,01 DOCTORES,The Egg Spot,didi,19.03,3.72,18.79,1.0
46086.0,17.0,MEX,Guadalajara,45 ESTADIO,Honest Food,rappi,11.03,3.72,1.97,1.0
46086.0,13.0,MEX,Monterrey,22 SAN NICOLAS,Mr Beast Burger,didi,11.98,3.72,0.87,1.0
46086.0,14.0,MEX,Ciudad de México,05 COAPA,Green House,ubereats,13.49,3.7,0.46,1.0
46086.0,19.0,MEX,Ciudad de México,03 POLANCO,Green House,ubereats,16.82,3.7,6.41,1.0
46086.0,19.0,MEX,Ciudad de México,03 POLANCO,Green House,ubereats,9.69,3.7,1.87,1.0
46086.0,10.0,MEX,Ciudad de México,15 LINDAVISTA,LA PANQUEQUERIA,rappi,8.7,3.7,4.42,1.0
46086.0,10.0,MEX,Ciudad de México,03 POLANCO,Órale Desayunos Turbo,rappi,6.38,3.7,1.95,1.0
46086.0,19.0,MEX,Guadalajara,34 TLAQUEPAQUE,Honest Food,didi,9.0,3.7,0.64,1.0
46086.0,16.0,MEX,Puebla,41 VOLCANES,Órale Desayunos,rappi,18.87,3.7,0.4,1.0
46086.0,15.0,MEX,Zona Centro,24 METEPEC,Honest Food,ubereats,20.95,3.7,0.98,1.0
46086.0,14.0,MEX,Ciudad de México,51 SAMARA,Avocalia,ubereats,12.45,3.68,3.6,1.0
46086.0,15.0,MEX,Ciudad de México,12 DEL VALLE,Honest Food,ubereats,12.23,3.68,0.33,1.0
46086.0,22.0,MEX,Ciudad de México,09 CHURUBUSCO,Mr Beast Burger,didi,10.25,3.68,4.78,1.0
46086.0,18.0,MEX,Guadalajara,34 TLAQUEPAQUE,Que Chicken,rappi,8.07,3.68,0.65,1.0
46086.0,21.0,MEX,Puebla,41 VOLCANES,La Neta Burgers (Orale Burgers),rappi,11.47,3.68,10.47,1.0
46086.0,16.0,MEX,Guadalajara,19 LA CALMA,The Wrap Company MX,didi,19.79,3.67,3.05,1.0
46086.0,17.0,MEX,Merida,37 CANEK,La Neta Burgers (Orale Burgers),rappi,7.83,3.67,8.41,1.0
46086.0,21.0,MEX,Monterrey,17 CUMBRES,La Neta Burgers (Orale Burgers),rappi,7.64,3.67,1.06,1.0
46086.0,14.0,MEX,Monterrey,22 SAN NICOLAS,Mr Beast Burger,ubereats,14.74,3.67,18.77,1.0
46086.0,9.0,MEX,Monterrey,22 SAN NICOLAS,Órale Desayunos,didi,5.0,3.67,13.9,1.0
46086.0,17.0,MEX,Puebla,26 CIUDAD JUDICIAL,Green House,ubereats,14.02,3.67,2.78,1.0
46086.0,22.0,MEX,Puebla,26 CIUDAD JUDICIAL,House of Salads,ubereats,15.88,3.67,2.05,1.0
46086.0,14.0,MEX,Zona Centro,24 METEPEC,Honest Food,ubereats,23.1,3.67,1.52,1.0
46086.0,13.0,MEX,Ciudad de México,27 IZTAPALAPA,Brunch & Munch,rappi,9.83,3.65,5.09,1.0
46086.0,14.0,MEX,Ciudad de México,11 AZCAPOTZALCO,Fonda Local,didi,16.73,3.65,2.93,1.0
46086.0,15.0,MEX,Ciudad de México,16 PEDREGAL,Mr Beast Burger,didi,16.96,3.65,9.02,1.0
46086.0,15.0,MEX,Guadalajara,34 TLAQUEPAQUE,House of Salads,ubereats,15.05,3.65,2.74,1.0
46086.0,15.0,MEX,Monterrey,38 SALTILLO CENTRO,Fonda Local,didi,13.96,3.65,0.61,1.0
46086.0,14.0,MEX,Monterrey,22 SAN NICOLAS,Órale Desayunos,rappi,6.51,3.65,2.46,1.0
46086.0,17.0,MEX,Puebla,26 CIUDAD JUDICIAL,Honest Food,ubereats,10.75,3.65,6.08,1.0
46086.0,9.0,MEX,Ciudad de México,16 PEDREGAL,Órale Desayunos,didi,32.9,3.63,12.58,1.0
46086.0,8.0,MEX,Ciudad de México,01 DOCTORES,Órale Desayunos,ubereats,9.17,3.63,1.27,1.0
46086.0,20.0,MEX,Ciudad de México,01 DOCTORES,Que Chicken,didi,15.55,3.63,0.07,1.0
46086.0,9.0,MEX,Guadalajara,14 JARDINES,Brunch & Munch,rappi,19.89,3.63,0.16,1.0
46086.0,14.0,MEX,Guadalajara,14 JARDINES,Honest Food,ubereats,11.36,3.63,8.12,1.0
46086.0,16.0,MEX,Merida,31 MONTEJO,Cocina Corrida,ubereats,26.6,3.63,19.27,1.0
46086.0,10.0,MEX,Monterrey,13 TEC,LA PANQUEQUERIA,rappi,12.08,3.63,0.91,1.0
46086.0,14.0,MEX,Monterrey,13 TEC,Mr Beast Burger,didi,9.72,3.63,0.74,1.0
46086.0,8.0,MEX,Ciudad de México,27 IZTAPALAPA,Brunch & Munch,ubereats,16.0,3.62,1.79,1.0
46086.0,8.0,MEX,Ciudad de México,09 CHURUBUSCO,Brunch & Munch,ubereats,11.81,3.62,1.0,1.0
46086.0,15.0,MEX,Ciudad de México,16 PEDREGAL,Don Gyros & Kebab,rappi,26.62,3.62,20.32,1.0
46086.0,15.0,MEX,Ciudad de México,04 SANTA FE,Honest Food,rappi,8.11,3.62,0.99,1.0
46086.0,13.0,MEX,Puebla,41 VOLCANES,Pozórale,didi,10.42,3.62,0.91,1.0
46086.0,15.0,MEX,Ciudad de México,09 CHURUBUSCO,Avocalia,didi,7.9,3.6,0.39,1.0
46086.0,16.0,MEX,Ciudad de México,09 CHURUBUSCO,Green House,ubereats,12.01,3.6,1.8,1.0
46086.0,14.0,MEX,Ciudad de México,09 CHURUBUSCO,House of Salads,ubereats,15.12,3.6,0.65,1.0
46086.0,11.0,MEX,Ciudad de México,01 DOCTORES,Órale Desayunos,rappi,13.95,3.6,0.98,1.0
46086.0,14.0,MEX,Ciudad de México,09 CHURUBUSCO,The Breakfast Club,didi,10.22,3.6,0.74,1.0
46086.0,14.0,MEX,Guadalajara,45 ESTADIO,Honest Food,rappi,9.14,3.6,0.85,1.0
46086.0,18.0,MEX,Guadalajara,40 JARDINES DEL VALL,Órale Desayunos,didi,13.65,3.6,21.94,1.0
46086.0,14.0,MEX,Merida,31 MONTEJO,Green House,ubereats,28.97,3.6,33.9,1.0
46086.0,9.0,MEX,Ciudad de México,01 DOCTORES,Brunch & Munch,ubereats,15.29,3.58,2.23,1.0
46086.0,11.0,MEX,Puebla,41 VOLCANES,LA PANQUEQUERIA,rappi,8.78,3.58,2.53,1.0
46086.0,21.0,MEX,Puebla,41 VOLCANES,Órale Desayunos,didi,5.11,3.58,6.31,1.0
46086.0,18.0,MEX,Ciudad de México,02 SAN ANGEL,Don Gyros & Kebab,rappi,9.02,3.57,47.86,1.0
46086.0,20.0,MEX,Ciudad de México,09 CHURUBUSCO,Mr Beast Burger,didi,23.3,3.57,4.8,1.0
46086.0,15.0,MEX,Ciudad de México,05 COAPA,Numa Cocina Mediterranea,ubereats,14.66,3.57,28.3,1.0
46086.0,7.0,MEX,Ciudad de México,09 CHURUBUSCO,Órale Desayunos,ubereats,12.74,3.57,8.42,1.0
46086.0,10.0,MEX,Monterrey,22 SAN NICOLAS,The Wrap Company MX,didi,12.35,3.57,0.82,1.0
46086.0,7.0,MEX,Zona Centro,24 METEPEC,Desayunos de la Abuela,didi,9.42,3.57,0.96,1.0
46086.0,15.0,MEX,Zona Centro,24 METEPEC,Que Chicken,ubereats,23.63,3.57,1.09,1.0
46086.0,7.0,MEX,Ciudad de México,15 LINDAVISTA,Brunch & Munch,didi,8.66,3.55,33.28,1.0
46086.0,8.0,MEX,Ciudad de México,12 DEL VALLE,Desayunos de la Abuela Turbo,rappi,14.17,3.55,0.8,1.0
46086.0,19.0,MEX,Ciudad de México,05 COAPA,Honest Food,rappi,8.48,3.55,0.15,1.0
46086.0,11.0,MEX,Ciudad de México,02 SAN ANGEL,Órale Desayunos,rappi,9.97,3.55,3.74,1.0
46086.0,12.0,MEX,Guadalajara,19 LA CALMA,Órale Desayunos,ubereats,14.95,3.55,1.89,1.0
46086.0,15.0,MEX,Guadalajara,14 JARDINES,Que Chicken,didi,19.98,3.55,0.11,1.0
46086.0,15.0,MEX,Zona Centro,24 METEPEC,Mr Beast Burger,didi,11.01,3.55,0.0,1.0
46086.0,11.0,MEX,Ciudad de México,03 POLANCO,Brunch & Munch,rappi,18.32,3.53,1.1,1.0
46086.0,7.0,MEX,Ciudad de México,09 CHURUBUSCO,Brunch & Munch,ubereats,15.23,3.53,0.89,1.0
46086.0,11.0,MEX,Ciudad de México,05 COAPA,The Wrap Company MX,didi,7.19,3.53,1.05,1.0
46086.0,14.0,MEX,Guadalajara,25 TABACHINES,Avocalia,ubereats,15.72,3.53,105.0,1.0
46086.0,14.0,MEX,Monterrey,17 CUMBRES,Avocalia,ubereats,20.09,3.53,1.0,1.0
46086.0,18.0,MEX,Monterrey,30 LINCOLN,Fonda Local turbo,rappi,11.47,3.53,0.9,1.0
46086.0,10.0,MEX,Monterrey,23 SANTA CATARINA,Órale Desayunos,didi,13.73,3.53,1.98,1.0
46086.0,16.0,MEX,Ciudad de México,16 PEDREGAL,Avocalia,ubereats,14.41,3.52,8.05,1.0
46086.0,16.0,MEX,Ciudad de México,09 CHURUBUSCO,Fonda Local,didi,15.58,3.52,3.04,1.0
46086.0,14.0,MEX,Ciudad de México,09 CHURUBUSCO,Green House,ubereats,18.06,3.52,8.58,1.0
46086.0,9.0,MEX,Ciudad de México,02 SAN ANGEL,Órale Desayunos,didi,7.88,3.52,14.27,1.0
46086.0,17.0,MEX,Guadalajara,45 ESTADIO,Mega Greens (Super Ensaladas),rappi,6.36,3.52,1.87,1.0
46086.0,10.0,MEX,Merida,37 CANEK,LA PANQUEQUERIA,didi,12.87,3.52,1.0,1.0
46086.0,13.0,MEX,Ciudad de México,04 SANTA FE,Avocalia,ubereats,11.38,3.5,4.98,1.0
46086.0,21.0,MEX,Ciudad de México,03 POLANCO,Avocalia,ubereats,12.31,3.5,16.9,1.0
46086.0,20.0,MEX,Ciudad de México,05 COAPA,Don Gyros & Kebab,ubereats,12.49,3.5,0.9,1.0
46086.0,20.0,MEX,Ciudad de México,04 SANTA FE,Que Chicken,ubereats,20.4,3.5,1.68,1.0
46086.0,14.0,MEX,Guadalajara,21 SANTA TERESITA,Green House,ubereats,9.52,3.5,6.69,1.0
46086.0,15.0,MEX,Guadalajara,34 TLAQUEPAQUE,Mr Beast Burger,didi,16.57,3.5,6.85,1.0
46086.0,11.0,MEX,Monterrey,10 SAN JERONIMO,Chemaquiles,didi,7.82,3.5,0.79,1.0
46086.0,14.0,MEX,Monterrey,23 SANTA CATARINA,Green House,rappi,13.71,3.5,3.12,1.0
46086.0,13.0,MEX,Monterrey,30 LINCOLN,The Breakfast Club,ubereats,23.87,3.5,5.96,1.0
46086.0,14.0,MEX,Puebla,41 VOLCANES,Numa Cocina Mediterranea,ubereats,15.47,3.5,1.86,1.0
46086.0,20.0,MEX,Puebla,26 CIUDAD JUDICIAL,Que Chicken,ubereats,7.94,3.5,8.11,1.0
46086.0,17.0,MEX,Ciudad de México,52 MANACAR,Avocalia,didi,11.37,3.48,0.73,1.0
46086.0,14.0,MEX,Ciudad de México,01 DOCTORES,Avocalia,ubereats,13.81,3.48,0.75,1.0
46086.0,12.0,MEX,Ciudad de México,05 COAPA,Honest Food,ubereats,14.35,3.48,0.84,1.0
46086.0,14.0,MEX,Ciudad de México,09 CHURUBUSCO,House of Salads,ubereats,15.3,3.48,1.18,1.0
46086.0,14.0,MEX,Ciudad de México,27 IZTAPALAPA,Mr Beast Burger,ubereats,11.23,3.48,2.59,1.0
46086.0,12.0,MEX,Guadalajara,40 JARDINES DEL VALL,Órale Desayunos,rappi,17.0,3.48,1.28,1.0
46086.0,19.0,MEX,Monterrey,17 CUMBRES,Mr Beast Burger,rappi,8.17,3.48,0.02,1.0
46086.0,16.0,MEX,Zona Centro,24 METEPEC,Chicken Shack,didi,13.02,3.48,10.71,1.0
46086.0,20.0,MEX,Ciudad de México,09 CHURUBUSCO,Honest Food,ubereats,14.12,3.47,1.23,1.0
46086.0,10.0,MEX,Ciudad de México,15 LINDAVISTA,Órale Desayunos,ubereats,5.62,3.47,13.99,1.0
46086.0,18.0,MEX,Guadalajara,14 JARDINES,Avocalia,ubereats,18.97,3.47,4.41,1.0
46086.0,10.0,MEX,Guadalajara,34 TLAQUEPAQUE,Brunch & Munch,ubereats,15.74,3.47,1.9,1.0
46086.0,8.0,MEX,Monterrey,22 SAN NICOLAS,Pozórale,didi,13.74,3.47,0.38,1.0
46086.0,12.0,MEX,Puebla,41 VOLCANES,Avocalia,didi,10.68,3.47,0.92,1.0
46086.0,15.0,MEX,Zona Centro,24 METEPEC,House of Salads,ubereats,22.1,3.47,1.15,1.0
46086.0,12.0,MEX,Ciudad de México,02 SAN ANGEL,Brunch & Munch,ubereats,17.73,3.45,1.24,1.0
46086.0,20.0,MEX,Ciudad de México,11 AZCAPOTZALCO,Green House,ubereats,14.71,3.45,1.35,1.0
46086.0,22.0,MEX,Ciudad de México,05 COAPA,Honest Food,ubereats,7.44,3.45,0.74,1.0
46086.0,10.0,MEX,Guadalajara,34 TLAQUEPAQUE,Desayunos de la Abuela,ubereats,9.1,3.45,16.92,1.0
46086.0,10.0,MEX,Guadalajara,25 TABACHINES,Green House,ubereats,18.7,3.45,0.14,1.0
46086.0,10.0,MEX,Puebla,26 CIUDAD JUDICIAL,Brunch & Munch,ubereats,21.06,3.45,0.9,1.0
46086.0,10.0,MEX,Ciudad de México,05 COAPA,Avocalia,rappi,15.35,3.43,1.63,1.0
46086.0,10.0,MEX,Ciudad de México,05 COAPA,Brunch & Munch,ubereats,5.07,3.43,14.66,1.0
46086.0,14.0,MEX,Ciudad de México,11 AZCAPOTZALCO,Desayunos de la Abuela,ubereats,9.31,3.43,1.66,1.0
46086.0,15.0,MEX,Ciudad de México,09 CHURUBUSCO,Mr Beast Burger,didi,7.88,3.43,1.17,1.0
46086.0,11.0,MEX,Ciudad de México,03 POLANCO,Órale Desayunos,didi,4.32,3.43,3.85,1.0
46086.0,11.0,MEX,Ciudad de México,06 SATELITE,Órale Desayunos,ubereats,33.02,3.43,0.68,1.0
46086.0,9.0,MEX,Guadalajara,40 JARDINES DEL VALL,Eggy by Chef Eva,ubereats,17.06,3.43,2.07,1.0
46086.0,21.0,MEX,Guadalajara,21 SANTA TERESITA,La Neta Burgers (Orale Burgers),rappi,6.75,3.43,8.73,1.0
46086.0,18.0,MEX,Guadalajara,14 JARDINES,Que Chicken,ubereats,17.93,3.43,1.7,1.0
46086.0,13.0,MEX,Monterrey,30 LINCOLN,Desayunos de la Abuela,rappi,11.14,3.43,0.23,1.0
46086.0,10.0,MEX,Monterrey,17 CUMBRES,LA PANQUEQUERIA,rappi,14.68,3.43,10.09,1.0
46086.0,18.0,MEX,Monterrey,30 LINCOLN,Mr Beast Burger Turbo,rappi,7.72,3.43,0.84,1.0
46086.0,9.0,MEX,Zona Centro,24 METEPEC,Órale Desayunos,didi,11.2,3.43,9.39,1.0
46086.0,21.0,MEX,Ciudad de México,06 SATELITE,Avocalia,ubereats,20.41,3.42,1.19,1.0
46086.0,10.0,MEX,Ciudad de México,51 SAMARA,Brunch & Munch,ubereats,12.74,3.42,6.22,1.0
46086.0,10.0,MEX,Ciudad de México,01 DOCTORES,Desayunos de la Abuela,ubereats,15.69,3.42,0.9,1.0
46086.0,20.0,MEX,Ciudad de México,01 DOCTORES,Honest Food,ubereats,14.1,3.42,0.33,1.0
46086.0,10.0,MEX,Guadalajara,25 TABACHINES,Green House,ubereats,14.91,3.42,0.45,1.0
46086.0,10.0,MEX,Guadalajara,34 TLAQUEPAQUE,Órale Desayunos,ubereats,12.4,3.42,5.08,1.0
46086.0,10.0,MEX,Merida,31 MONTEJO,Órale Desayunos,ubereats,15.96,3.42,2.91,1.0
46086.0,8.0,MEX,Monterrey,22 SAN NICOLAS,Órale Desayunos,rappi,8.22,3.42,45.87,1.0
46086.0,10.0,MEX,Monterrey,17 CUMBRES,Órale Desayunos,ubereats,16.08,3.42,0.19,1.0
46086.0,9.0,MEX,Ciudad de México,03 POLANCO,Brunch & Munch,ubereats,6.11,3.4,15.13,1.0
46086.0,10.0,MEX,Ciudad de México,04 SANTA FE,Eggy by Chef Eva,ubereats,22.18,3.4,1.77,1.0
46086.0,13.0,MEX,Ciudad de México,05 COAPA,Green House,rappi,7.81,3.4,3.34,1.0
46086.0,13.0,MEX,Ciudad de México,15 LINDAVISTA,Green House,rappi,14.86,3.4,2.66,1.0
46086.0,20.0,MEX,Ciudad de México,12 DEL VALLE,Honest Food,didi,11.22,3.4,12.73,1.0
46086.0,20.0,MEX,Ciudad de México,12 DEL VALLE,Honest Food,ubereats,12.23,3.4,3.21,1.0
46086.0,21.0,MEX,Ciudad de México,03 POLANCO,House of Salads,ubereats,9.66,3.4,1.18,1.0
46086.0,16.0,MEX,Ciudad de México,27 IZTAPALAPA,La Neta Burgers (Orale Burgers),rappi,8.93,3.4,26.39,1.0
46086.0,16.0,MEX,Ciudad de México,27 IZTAPALAPA,La Neta Burgers (Orale Burgers),rappi,8.84,3.4,2.3,1.0
46086.0,20.0,MEX,Ciudad de México,03 POLANCO,Que Chicken,ubereats,7.94,3.4,0.99,1.0
46086.0,10.0,MEX,Guadalajara,21 SANTA TERESITA,Avocalia,ubereats,16.64,3.4,2.38,1.0
46086.0,10.0,MEX,Guadalajara,21 SANTA TERESITA,Eggy by Chef Eva,ubereats,10.84,3.4,11.11,1.0
46086.0,20.0,MEX,Merida,31 MONTEJO,Honest Food,rappi,10.63,3.4,0.24,1.0
46086.0,15.0,MEX,Monterrey,22 SAN NICOLAS,La Neta Burgers (Orale Burgers),rappi,27.03,3.4,0.11,1.0
46086.0,14.0,MEX,Puebla,41 VOLCANES,Que Chicken,rappi,9.41,3.4,5.96,1.0
46086.0,13.0,MEX,Zona Centro,24 METEPEC,Numa Cocina Mediterranea,ubereats,13.08,3.4,6.89,1.0
46086.0,12.0,MEX,Ciudad de México,02 SAN ANGEL,Brunch & Munch,rappi,16.73,3.38,0.17,1.0
46086.0,20.0,MEX,Ciudad de México,05 COAPA,Freshlab,didi,11.53,3.38,11.84,1.0
46086.0,11.0,MEX,Ciudad de México,02 SAN ANGEL,Freshlab,rappi,22.59,3.38,0.37,1.0
46086.0,9.0,MEX,Ciudad de México,01 DOCTORES,Órale Desayunos,ubereats,11.59,3.38,2.1,1.0
46086.0,10.0,MEX,Ciudad de México,01 DOCTORES,Órale Desayunos,ubereats,6.76,3.38,9.03,1.0
46086.0,10.0,MEX,Ciudad de México,01 DOCTORES,Órale Desayunos,ubereats,16.0,3.38,1.03,1.0
46086.0,10.0,MEX,Merida,31 MONTEJO,LA PANQUEQUERIA,ubereats,11.57,3.38,16.01,1.0
46086.0,19.0,MEX,Monterrey,13 TEC,Mr Beast Burger,didi,7.32,3.38,0.82,1.0
46086.0,10.0,MEX,Puebla,26 CIUDAD JUDICIAL,Eggy by Chef Eva,ubereats,18.19,3.38,1.22,1.0
46086.0,10.0,MEX,Puebla,26 CIUDAD JUDICIAL,Órale Desayunos,ubereats,13.26,3.38,0.94,1.0
46086.0,21.0,MEX,Ciudad de México,05 COAPA,AVOCALIA TURBO,rappi,12.0,3.37,0.42,1.0
46086.0,10.0,MEX,Guadalajara,45 ESTADIO,Órale Desayunos,ubereats,13.48,3.37,6.73,1.0
46086.0,18.0,MEX,Merida,31 MONTEJO,Honest Food,didi,12.01,3.37,20.83,1.0
46086.0,7.0,MEX,Monterrey,22 SAN NICOLAS,Avocalia Desayunos,ubereats,23.35,3.37,1.62,1.0
46086.0,15.0,MEX,Monterrey,38 SALTILLO CENTRO,LA PANQUEQUERIA,didi,20.61,3.37,0.08,1.0
46086.0,10.0,MEX,Monterrey,30 LINCOLN,LA PANQUEQUERIA,ubereats,4.94,3.37,14.81,1.0
46086.0,10.0,MEX,Monterrey,23 SANTA CATARINA,Órale Desayunos,ubereats,12.38,3.37,6.79,1.0
46086.0,10.0,MEX,Puebla,41 VOLCANES,Brunch & Munch,ubereats,19.94,3.37,1.36,1.0
46086.0,10.0,MEX,Puebla,26 CIUDAD JUDICIAL,Brunch & Munch,ubereats,13.4,3.37,2.57,1.0
46086.0,15.0,MEX,Ciudad de México,03 POLANCO,Avocalia,didi,8.96,3.35,1.19,1.0
46086.0,10.0,MEX,Ciudad de México,03 POLANCO,Eggy by Chef Eva,ubereats,5.11,3.35,10.75,1.0
46086.0,11.0,MEX,Ciudad de México,03 POLANCO,Órale Desayunos,didi,4.03,3.35,4.09,1.0
46086.0,12.0,MEX,Ciudad de México,05 COAPA,The Breakfast Club,rappi,3.35,,0.21,1.0
46086.0,10.0,MEX,Monterrey,13 TEC,Brunch & Munch,ubereats,5.51,3.35,15.02,1.0
46086.0,14.0,MEX,Monterrey,13 TEC,Honest Food,rappi,7.03,3.35,1.1,1.0
46086.0,13.0,MEX,Monterrey,22 SAN NICOLAS,Mr Beast Burger,rappi,12.66,3.35,0.36,1.0
46086.0,18.0,MEX,Puebla,26 CIUDAD JUDICIAL,Honest Food,ubereats,21.73,3.35,2.28,1.0
46086.0,10.0,MEX,Ciudad de México,03 POLANCO,Brunch & Munch,ubereats,6.86,3.33,9.15,1.0
46086.0,10.0,MEX,Ciudad de México,01 DOCTORES,Brunch & Munch,ubereats,16.16,3.33,1.89,1.0
46086.0,16.0,MEX,Ciudad de México,05 COAPA,Honest Food,didi,14.08,3.33,1.31,1.0
46086.0,13.0,MEX,Guadalajara,45 ESTADIO,Desayunos de la Abuela,rappi,8.12,3.33,1.12,1.0
46086.0,18.0,MEX,Guadalajara,45 ESTADIO,Foodhub,rappi,7.87,3.33,0.25,1.0
46086.0,13.0,MEX,Guadalajara,45 ESTADIO,Honest Food,rappi,7.15,3.33,0.96,1.0
46086.0,15.0,MEX,Monterrey,13 TEC,Chemaquiles,rappi,7.75,3.33,0.37,1.0
46086.0,21.0,MEX,Monterrey,28 CARRETERA NACIONA,Mr Beast Burger,ubereats,11.94,3.33,1.12,1.0
46086.0,12.0,MEX,Monterrey,13 TEC,Pozórale,didi,7.34,3.33,0.77,1.0
46086.0,13.0,MEX,Puebla,26 CIUDAD JUDICIAL,Desayunos de la Abuela,rappi,9.23,3.33,0.64,1.0
46086.0,7.0,MEX,Ciudad de México,03 POLANCO,Brunch & Munch,ubereats,8.0,3.32,1.72,1.0
46086.0,10.0,MEX,Ciudad de México,03 POLANCO,Brunch & Munch,ubereats,14.06,3.32,1.05,1.0
46086.0,18.0,MEX,Ciudad de México,05 COAPA,House of Salads,ubereats,15.84,3.32,0.82,1.0
46086.0,10.0,MEX,Ciudad de México,05 COAPA,Órale Desayunos,ubereats,8.81,3.32,11.14,1.0
46086.0,10.0,MEX,Ciudad de México,09 CHURUBUSCO,Órale Desayunos,ubereats,12.98,3.32,2.32,1.0
46086.0,17.0,MEX,Guadalajara,21 SANTA TERESITA,Mr Beast Burger,ubereats,18.15,3.32,1.64,1.0
46086.0,10.0,MEX,Puebla,26 CIUDAD JUDICIAL,Brunch & Munch,ubereats,14.06,3.32,2.05,1.0
46086.0,17.0,MEX,Ciudad de México,11 AZCAPOTZALCO,Avocalia,didi,16.36,3.3,7.84,1.0
46086.0,13.0,MEX,Ciudad de México,15 LINDAVISTA,Chicken Shack,rappi,19.38,3.3,2.66,1.0
46086.0,8.0,MEX,Ciudad de México,05 COAPA,Foodhub,didi,5.02,3.3,15.0,1.0
46086.0,13.0,MEX,Ciudad de México,01 DOCTORES,Honest Food,ubereats,12.67,3.3,0.9,1.0
46086.0,10.0,MEX,Ciudad de México,16 PEDREGAL,Órale Desayunos,ubereats,14.05,3.3,1.59,1.0
46086.0,10.0,MEX,Guadalajara,40 JARDINES DEL VALL,Desayunos de la Abuela,ubereats,18.88,3.3,4.12,1.0
46086.0,14.0,MEX,Monterrey,38 SALTILLO CENTRO,Fonda Local,rappi,20.01,3.3,1.0,1.0
46086.0,18.0,MEX,Monterrey,13 TEC,Honest Food,rappi,8.08,3.3,0.64,1.0
46086.0,18.0,MEX,Monterrey,30 LINCOLN,Mr Beast Burger,didi,7.28,3.3,0.8,1.0
46086.0,15.0,MEX,Monterrey,13 TEC,The Wrap Company MX,didi,7.83,3.3,0.67,1.0
46086.0,11.0,MEX,Zona Centro,24 METEPEC,Órale Desayunos,didi,9.14,3.3,26.06,1.0
46086.0,9.0,MEX,Ciudad de México,02 SAN ANGEL,Avocalia Desayunos,ubereats,26.2,3.28,0.63,1.0
46086.0,8.0,MEX,Ciudad de México,16 PEDREGAL,Brunch & Munch,ubereats,17.6,3.28,5.21,1.0
46086.0,15.0,MEX,Ciudad de México,01 DOCTORES,Fonda Local,didi,16.02,3.28,3.21,1.0
46086.0,20.0,MEX,Ciudad de México,01 DOCTORES,Honest Food,rappi,19.9,3.28,0.65,1.0
46086.0,8.0,MEX,Ciudad de México,27 IZTAPALAPA,The Breakfast Club,ubereats,14.87,3.28,1.82,1.0
46086.0,9.0,MEX,Monterrey,38 SALTILLO CENTRO,The Wrap Company MX,rappi,16.3,3.28,4.0,1.0
46086.0,15.0,MEX,Puebla,41 VOLCANES,Honest Food,ubereats,13.61,3.28,0.97,1.0
46086.0,14.0,MEX,Puebla,41 VOLCANES,Mega Greens (Super Ensaladas),rappi,8.19,3.28,0.79,1.0
46086.0,10.0,MEX,Puebla,41 VOLCANES,Órale Desayunos,ubereats,19.34,3.28,1.99,1.0
46086.0,8.0,MEX,Monterrey,10 SAN JERONIMO,Avocalia Desayunos,ubereats,3.27,,9.99,1.0
46086.0,10.0,MEX,Monterrey,38 SALTILLO CENTRO,Órale Desayunos,ubereats,9.74,3.27,8.4,1.0
46086.0,14.0,MEX,Monterrey,28 CARRETERA NACIONA,Que Chicken,rappi,6.63,3.27,1.46,1.0
46086.0,9.0,MEX,Puebla,41 VOLCANES,Eggy by Chef Eva,didi,7.75,3.27,0.72,1.0
46086.0,9.0,MEX,Ciudad de México,16 PEDREGAL,Desayunos de la Abuela,ubereats,3.25,,1.99,1.0
46086.0,10.0,MEX,Ciudad de México,16 PEDREGAL,Eggy by Chef Eva,ubereats,23.73,3.25,2.88,1.0
46086.0,15.0,MEX,Ciudad de México,12 DEL VALLE,Fonda Local,didi,21.01,3.25,0.99,1.0
46086.0,18.0,MEX,Ciudad de México,09 CHURUBUSCO,Green House,ubereats,18.91,3.25,39.71,1.0
46086.0,13.0,MEX,Ciudad de México,12 DEL VALLE,House of Salads,ubereats,12.2,3.25,6.96,1.0
46086.0,10.0,MEX,Ciudad de México,09 CHURUBUSCO,Órale Desayunos,didi,7.03,3.25,1.04,1.0
46086.0,12.0,MEX,Ciudad de México,15 LINDAVISTA,Órale Desayunos,rappi,8.04,3.25,9.91,1.0
46086.0,9.0,MEX,Guadalajara,14 JARDINES,Desayunos de la Abuela,rappi,16.02,3.25,26.02,1.0
46086.0,14.0,MEX,Guadalajara,21 SANTA TERESITA,Green House,ubereats,16.08,3.25,18.98,1.0
46086.0,14.0,MEX,Monterrey,13 TEC,Honest Food Turbo,rappi,7.73,3.25,0.76,1.0
46086.0,7.0,MEX,Monterrey,30 LINCOLN,LA PANQUEQUERIA,rappi,9.15,3.25,0.99,1.0
46086.0,14.0,MEX,Monterrey,13 TEC,Órale Desayunos Turbo,rappi,7.11,3.25,0.97,1.0
46086.0,10.0,MEX,Zona Centro,24 METEPEC,House of Salads,ubereats,16.15,3.25,0.86,1.0
46086.0,15.0,MEX,Ciudad de México,03 POLANCO,Avocalia,ubereats,14.02,3.23,1.74,1.0
46086.0,11.0,MEX,Ciudad de México,12 DEL VALLE,Brunch & Munch,ubereats,13.9,3.23,3.29,1.0
46086.0,9.0,MEX,Ciudad de México,04 SANTA FE,Desayunos de la Abuela,rappi,16.81,3.23,0.13,1.0
46086.0,9.0,MEX,Ciudad de México,06 SATELITE,LA PANQUEQUERIA,rappi,12.29,3.23,0.83,1.0
46086.0,14.0,MEX,Guadalajara,34 TLAQUEPAQUE,Brunch & Munch,didi,33.01,3.23,0.92,1.0
46086.0,9.0,MEX,Monterrey,10 SAN JERONIMO,Órale Desayunos,rappi,24.17,3.23,8.95,1.0
46086.0,13.0,MEX,Puebla,41 VOLCANES,Numa Cocina Mediterranea,ubereats,14.76,3.23,4.44,1.0
46086.0,11.0,MEX,Ciudad de México,27 IZTAPALAPA,House of Salads,ubereats,7.0,3.22,11.13,1.0
46086.0,11.0,MEX,Ciudad de México,11 AZCAPOTZALCO,Órale Desayunos,didi,14.99,3.22,0.53,1.0
46086.0,10.0,MEX,Guadalajara,40 JARDINES DEL VALL,Órale Desayunos,ubereats,19.14,3.22,14.82,1.0
46086.0,12.0,MEX,Monterrey,38 SALTILLO CENTRO,Órale Desayunos,didi,10.65,3.22,0.21,1.0
46086.0,16.0,MEX,Ciudad de México,05 COAPA,Avocalia,didi,13.18,3.2,10.9,1.0
46086.0,11.0,MEX,Ciudad de México,05 COAPA,Brunch & Munch,ubereats,12.82,3.2,3.04,1.0
46086.0,8.0,MEX,Ciudad de México,04 SANTA FE,Eggy by Chef Eva,ubereats,4.43,3.2,14.77,1.0
46086.0,15.0,MEX,Ciudad de México,12 DEL VALLE,House of Salads,ubereats,12.57,3.2,1.51,1.0
46086.0,11.0,MEX,Ciudad de México,16 PEDREGAL,Órale Desayunos,ubereats,16.87,3.2,1.8,1.0
46086.0,11.0,MEX,Ciudad de México,15 LINDAVISTA,Órale Desayunos,ubereats,8.77,3.2,1.37,1.0
46086.0,14.0,MEX,Merida,37 CANEK,Avocalia,ubereats,17.32,3.2,15.54,1.0
46086.0,16.0,MEX,Merida,37 CANEK,Mr Beast Burger,didi,13.31,3.2,1.19,1.0
46086.0,11.0,MEX,Ciudad de México,12 DEL VALLE,Brunch & Munch,ubereats,13.78,3.18,5.18,1.0
46086.0,8.0,MEX,Guadalajara,14 JARDINES,LA PANQUEQUERIA,ubereats,21.94,3.18,21.8,1.0
46086.0,22.0,MEX,Guadalajara,19 LA CALMA,Que Chicken,rappi,12.02,3.18,0.68,1.0
46086.0,11.0,MEX,Ciudad de México,03 POLANCO,Desayunos de la Abuela,ubereats,12.47,3.17,5.94,1.0
46086.0,16.0,MEX,Ciudad de México,06 SATELITE,Honest Food,rappi,8.17,3.17,1.87,1.0
46086.0,18.0,MEX,Ciudad de México,06 SATELITE,La Neta Burgers (Orale Burgers),rappi,14.24,3.17,0.75,1.0
46086.0,20.0,MEX,Ciudad de México,02 SAN ANGEL,Numa Cocina Mediterranea,ubereats,18.7,3.17,1.31,1.0
46086.0,11.0,MEX,Ciudad de México,03 POLANCO,Órale Desayunos,ubereats,16.1,3.17,1.91,1.0
46086.0,11.0,MEX,Merida,31 MONTEJO,House of Salads,ubereats,9.15,3.17,8.92,1.0
46086.0,11.0,MEX,Ciudad de México,04 SANTA FE,Brunch & Munch,ubereats,10.97,3.15,1.07,1.0
46086.0,11.0,MEX,Ciudad de México,05 COAPA,Brunch & Munch,ubereats,6.98,3.15,10.77,1.0
46086.0,12.0,MEX,Ciudad de México,01 DOCTORES,Tender Lovers,rappi,20.96,3.15,0.87,1.0
46086.0,11.0,MEX,Ciudad de México,52 MANACAR,The Breakfast Club,ubereats,18.48,3.15,2.07,1.0
46086.0,8.0,MEX,Ciudad de México,06 SATELITE,The Wrap Company MX,didi,14.89,3.15,1.23,1.0
46086.0,14.0,MEX,Monterrey,23 SANTA CATARINA,Green House,ubereats,17.05,3.15,6.95,1.0
46086.0,9.0,MEX,Monterrey,22 SAN NICOLAS,LA PANQUEQUERIA,ubereats,11.49,3.15,7.18,1.0
46086.0,11.0,MEX,Monterrey,30 LINCOLN,Órale Desayunos,ubereats,4.98,3.15,11.7,1.0
46086.0,15.0,MEX,Ciudad de México,27 IZTAPALAPA,Avocalia,ubereats,9.9,3.13,1.24,1.0
46086.0,18.0,MEX,Ciudad de México,12 DEL VALLE,Brunch & Munch,ubereats,10.15,3.13,15.75,1.0
46086.0,15.0,MEX,Ciudad de México,06 SATELITE,Honest Food,ubereats,11.79,3.13,4.35,1.0
46086.0,9.0,MEX,Zona Centro,24 METEPEC,Avocalia Desayunos,ubereats,12.63,3.13,2.24,1.0
46086.0,12.0,MEX,Ciudad de México,11 AZCAPOTZALCO,Avocalia,didi,7.46,3.12,0.68,1.0
46086.0,21.0,MEX,Ciudad de México,04 SANTA FE,Avocalia,ubereats,7.96,3.12,0.79,1.0
46086.0,11.0,MEX,Ciudad de México,03 POLANCO,Brunch & Munch,rappi,11.72,3.12,3.98,1.0
46086.0,11.0,MEX,Ciudad de México,03 POLANCO,Desayunos de la Abuela,ubereats,17.8,3.12,1.34,1.0
46086.0,20.0,MEX,Merida,37 CANEK,Mr Beast Burger,ubereats,24.44,3.12,1.56,1.0
46086.0,11.0,MEX,Ciudad de México,04 SANTA FE,Chemaquiles,ubereats,15.21,3.1,3.07,1.0
46086.0,17.0,MEX,Ciudad de México,04 SANTA FE,Mr Beast Burger,didi,21.21,3.1,0.71,1.0
46086.0,19.0,MEX,Ciudad de México,03 POLANCO,Órale Desayunos,ubereats,10.93,3.1,6.15,1.0
46086.0,20.0,MEX,Ciudad de México,16 PEDREGAL,The Egg Spot,ubereats,10.29,3.1,15.66,1.0
46086.0,13.0,MEX,Monterrey,30 LINCOLN,Chemaquiles,rappi,7.73,3.1,0.24,1.0
46086.0,11.0,MEX,Monterrey,10 SAN JERONIMO,Órale Desayunos,didi,7.29,3.1,6.92,1.0
46086.0,13.0,MEX,Ciudad de México,27 IZTAPALAPA,Avocalia,didi,8.0,3.08,0.26,1.0
46086.0,10.0,MEX,Ciudad de México,52 MANACAR,Avocalia Desayunos,rappi,8.81,3.08,6.28,1.0
46086.0,7.0,MEX,Ciudad de México,16 PEDREGAL,Brunch & Munch,ubereats,24.86,3.08,0.09,1.0
46086.0,10.0,MEX,Ciudad de México,03 POLANCO,Chemaquiles,rappi,10.36,3.08,0.77,1.0
46086.0,11.0,MEX,Ciudad de México,52 MANACAR,Órale Desayunos,rappi,16.05,3.08,9.36,1.0
46086.0,11.0,MEX,Ciudad de México,05 COAPA,Órale Desayunos,ubereats,11.0,3.08,5.17,1.0
46086.0,11.0,MEX,Ciudad de México,01 DOCTORES,Órale Desayunos,ubereats,8.19,3.08,7.67,1.0
46086.0,16.0,MEX,Guadalajara,34 TLAQUEPAQUE,Avocalia,didi,22.0,3.08,15.08,1.0
46086.0,9.0,MEX,Monterrey,10 SAN JERONIMO,Foodhub,ubereats,19.75,3.08,1.89,1.0
46086.0,11.0,MEX,Puebla,41 VOLCANES,Brunch & Munch,ubereats,17.85,3.08,2.01,1.0
46086.0,8.0,MEX,Ciudad de México,03 POLANCO,Brunch & Munch,rappi,13.08,3.07,1.05,1.0
46086.0,8.0,MEX,Ciudad de México,09 CHURUBUSCO,Brunch & Munch,ubereats,10.2,3.07,13.34,1.0
46086.0,9.0,MEX,Ciudad de México,06 SATELITE,Brunch & Munch,ubereats,13.61,3.07,1.82,1.0
46086.0,16.0,MEX,Ciudad de México,01 DOCTORES,Mr Beast Burger,didi,19.93,3.07,0.09,1.0
46086.0,7.0,MEX,Zona Centro,24 METEPEC,Brunch & Munch,ubereats,12.0,3.07,2.21,1.0
46086.0,11.0,MEX,Zona Centro,24 METEPEC,Green House,ubereats,12.69,3.07,1.01,1.0
46086.0,14.0,MEX,Zona Centro,24 METEPEC,Mr Beast Burger,rappi,15.13,3.07,0.32,1.0
46086.0,11.0,MEX,Ciudad de México,12 DEL VALLE,Brunch & Munch,ubereats,16.32,3.05,1.95,1.0
46086.0,10.0,MEX,Ciudad de México,52 MANACAR,Desayunos de la Abuela,rappi,7.51,3.05,27.99,1.0
46086.0,18.0,MEX,Ciudad de México,06 SATELITE,House of Burgers,rappi,16.07,3.05,0.82,1.0
46086.0,16.0,MEX,Ciudad de México,01 DOCTORES,Mr Beast Burger,didi,14.66,3.05,24.1,1.0
46086.0,11.0,MEX,Ciudad de México,09 CHURUBUSCO,Órale Desayunos,didi,22.95,3.05,12.77,1.0
46086.0,11.0,MEX,Guadalajara,34 TLAQUEPAQUE,LA PANQUEQUERIA,ubereats,18.59,3.05,1.52,1.0
46086.0,13.0,MEX,Guadalajara,14 JARDINES,Mr Beast Burger,didi,7.25,3.05,0.69,1.0
46086.0,9.0,MEX,Monterrey,13 TEC,Órale Desayunos,didi,6.71,3.05,1.25,1.0
46086.0,10.0,MEX,Monterrey,30 LINCOLN,The Egg Spot,didi,10.0,3.05,0.61,1.0
46086.0,7.0,MEX,Zona Centro,24 METEPEC,Brunch & Munch,ubereats,12.7,3.05,1.39,1.0
46086.0,18.0,MEX,Merida,31 MONTEJO,House of Salads,didi,15.59,3.03,11.11,1.0
46086.0,8.0,MEX,Monterrey,22 SAN NICOLAS,Órale Desayunos,ubereats,11.23,3.03,4.65,1.0
46086.0,13.0,MEX,Puebla,41 VOLCANES,Cocina Corrida,rappi,3.03,,17.05,1.0
46086.0,11.0,MEX,Zona Centro,24 METEPEC,Órale Desayunos,ubereats,12.1,3.03,1.58,1.0
46086.0,11.0,MEX,Ciudad de México,06 SATELITE,Brunch & Munch,ubereats,17.8,3.02,0.33,1.0
46086.0,19.0,MEX,Ciudad de México,03 POLANCO,Que Chicken,ubereats,8.03,3.02,5.13,1.0
46086.0,10.0,MEX,Guadalajara,45 ESTADIO,Desayunos de la Abuela,didi,16.88,3.02,2.8,1.0
46086.0,8.0,MEX,Guadalajara,19 LA CALMA,LA PANQUEQUERIA,ubereats,18.69,3.02,2.09,1.0
46086.0,17.0,MEX,Puebla,41 VOLCANES,Avocalia,didi,14.43,3.02,10.07,1.0
46086.0,13.0,MEX,Ciudad de México,15 LINDAVISTA,Avocalia,didi,3.88,3.0,4.11,1.0
46086.0,11.0,MEX,Ciudad de México,12 DEL VALLE,Brunch & Munch,ubereats,16.62,3.0,1.07,1.0
46086.0,8.0,MEX,Ciudad de México,02 SAN ANGEL,LA PANQUEQUERIA,ubereats,6.98,3.0,3.31,1.0
46086.0,18.0,MEX,Guadalajara,34 TLAQUEPAQUE,Tender Lovers,rappi,7.78,3.0,0.3,1.0
46086.0,9.0,MEX,Merida,31 MONTEJO,The Egg Spot,rappi,8.41,3.0,0.72,1.0
46086.0,21.0,MEX,Puebla,41 VOLCANES,Mr Beast Burger,didi,7.03,3.0,0.48,1.0
46086.0,15.0,MEX,Ciudad de México,04 SANTA FE,Avocalia,ubereats,10.13,2.98,0.92,1.0
46086.0,12.0,MEX,Ciudad de México,05 COAPA,Desayunos de la Abuela,didi,6.97,2.98,0.93,1.0
46086.0,13.0,MEX,Ciudad de México,09 CHURUBUSCO,Green House,ubereats,11.24,2.98,1.8,1.0
46086.0,20.0,MEX,Ciudad de México,03 POLANCO,Signature Salads,rappi,5.34,2.98,2.56,1.0
46086.0,19.0,MEX,Guadalajara,25 TABACHINES,La Neta Burgers (Orale Burgers),rappi,8.6,2.98,1.48,1.0
46086.0,11.0,MEX,Merida,31 MONTEJO,LA PANQUEQUERIA,ubereats,14.85,2.98,1.86,1.0
46086.0,18.0,MEX,Puebla,26 CIUDAD JUDICIAL,Avocalia,didi,18.89,2.98,11.73,1.0
46086.0,20.0,MEX,Puebla,41 VOLCANES,Honest Food,didi,10.99,2.98,0.67,1.0
46086.0,13.0,MEX,Guadalajara,21 SANTA TERESITA,Green House,ubereats,18.84,2.97,0.99,1.0
46086.0,15.0,MEX,Guadalajara,14 JARDINES,Que Chicken,rappi,17.94,2.97,1.2,1.0
46086.0,15.0,MEX,Puebla,41 VOLCANES,House of Salads,ubereats,17.04,2.97,3.79,1.0
46086.0,11.0,MEX,Ciudad de México,16 PEDREGAL,Avocalia,ubereats,12.91,2.95,1.77,1.0
46086.0,22.0,MEX,Ciudad de México,05 COAPA,Mr Beast Burger,didi,9.41,2.95,0.57,1.0
46086.0,11.0,MEX,Guadalajara,19 LA CALMA,Brunch & Munch,ubereats,19.07,2.95,8.05,1.0
46086.0,10.0,MEX,Guadalajara,45 ESTADIO,LA PANQUEQUERIA,rappi,10.83,2.95,0.93,1.0
46086.0,20.0,MEX,Monterrey,13 TEC,Eggy by Chef Eva,rappi,11.61,2.95,0.86,1.0
46086.0,15.0,MEX,Puebla,41 VOLCANES,Avocalia,ubereats,20.91,2.95,1.64,1.0
46086.0,15.0,MEX,Ciudad de México,01 DOCTORES,Brunch & Munch,rappi,3.1,2.93,17.83,1.0
46086.0,9.0,MEX,Ciudad de México,15 LINDAVISTA,Brunch & Munch,ubereats,8.38,2.93,11.9,1.0
46086.0,12.0,MEX,Ciudad de México,04 SANTA FE,Órale Desayunos,didi,7.17,2.93,0.69,1.0
46086.0,10.0,MEX,Merida,31 MONTEJO,Órale Desayunos,didi,9.11,2.93,0.81,1.0
46086.0,12.0,MEX,Monterrey,13 TEC,Brunch & Munch,ubereats,20.99,2.93,1.8,1.0
46086.0,13.0,MEX,Monterrey,22 SAN NICOLAS,Green House,ubereats,18.63,2.93,2.99,1.0
46086.0,16.0,MEX,Monterrey,30 LINCOLN,Honest Food,didi,6.68,2.93,1.21,1.0
46086.0,11.0,MEX,Zona Centro,24 METEPEC,LA PANQUEQUERIA,rappi,7.86,2.93,4.5,1.0
46086.0,11.0,MEX,Ciudad de México,16 PEDREGAL,Eggy by Chef Eva,ubereats,27.02,2.92,1.98,1.0
46086.0,16.0,MEX,Ciudad de México,06 SATELITE,Green House,ubereats,29.16,2.92,7.9,1.0
46086.0,7.0,MEX,Ciudad de México,06 SATELITE,Órale Chilaquiles,rappi,10.01,2.92,0.53,1.0
46086.0,22.0,MEX,Ciudad de México,02 SAN ANGEL,Que Chicken,ubereats,16.72,2.92,1.08,1.0
46086.0,14.0,MEX,Zona Centro,24 METEPEC,House of Salads,didi,13.03,2.92,2.14,1.0
46086.0,15.0,MEX,Ciudad de México,12 DEL VALLE,Honest Food,ubereats,18.1,2.9,1.84,1.0
46086.0,14.0,MEX,Guadalajara,34 TLAQUEPAQUE,Pozórale,rappi,11.41,2.9,1.94,1.0
46086.0,17.0,MEX,Puebla,26 CIUDAD JUDICIAL,Avocalia,didi,18.87,2.9,12.82,1.0
46086.0,12.0,MEX,Puebla,26 CIUDAD JUDICIAL,Honest Food,ubereats,18.18,2.9,1.22,1.0
46086.0,17.0,MEX,Zona Centro,24 METEPEC,Mr Beast Burger,didi,6.84,2.9,4.02,1.0
46086.0,16.0,MEX,Ciudad de México,01 DOCTORES,Avocalia,ubereats,19.1,2.88,0.98,1.0
46086.0,11.0,MEX,Ciudad de México,04 SANTA FE,Brunch & Munch,ubereats,16.2,2.88,3.79,1.0
46086.0,20.0,MEX,Ciudad de México,16 PEDREGAL,Green House,ubereats,11.44,2.88,0.58,1.0
46086.0,8.0,MEX,Ciudad de México,03 POLANCO,The Egg Spot,didi,6.25,2.88,1.58,1.0
46086.0,15.0,MEX,Merida,31 MONTEJO,Honest Food Turbo,rappi,15.45,2.88,8.98,1.0
46086.0,12.0,MEX,Monterrey,13 TEC,Órale Desayunos,didi,12.01,2.88,0.52,1.0
46086.0,12.0,MEX,Monterrey,22 SAN NICOLAS,Órale Desayunos,ubereats,11.18,2.88,1.18,1.0
46086.0,12.0,MEX,Puebla,41 VOLCANES,Avocalia,ubereats,16.99,2.88,1.76,1.0
46086.0,14.0,MEX,Ciudad de México,01 DOCTORES,Avocalia,didi,7.73,2.87,0.11,1.0
46086.0,11.0,MEX,Ciudad de México,01 DOCTORES,Avocalia,ubereats,8.8,2.87,8.9,1.0
46086.0,12.0,MEX,Ciudad de México,03 POLANCO,Honest Food,ubereats,13.96,2.87,0.99,1.0
46086.0,11.0,MEX,Ciudad de México,06 SATELITE,Órale Desayunos,ubereats,8.98,2.87,8.89,1.0
46086.0,15.0,MEX,Merida,31 MONTEJO,Avocalia,ubereats,17.77,2.87,4.48,1.0
46086.0,21.0,MEX,Merida,31 MONTEJO,Green House,ubereats,18.5,2.87,15.03,1.0
46086.0,17.0,MEX,Monterrey,23 SANTA CATARINA,Honest Food,rappi,12.87,2.87,0.89,1.0
46086.0,11.0,MEX,Monterrey,23 SANTA CATARINA,Órale Desayunos,ubereats,9.31,2.87,1.76,1.0
46086.0,20.0,MEX,Zona Centro,24 METEPEC,Avocalia,ubereats,15.06,2.87,1.06,1.0
46086.0,11.0,MEX,Ciudad de México,06 SATELITE,Brunch & Munch,ubereats,16.89,2.85,5.92,1.0
46086.0,12.0,MEX,Ciudad de México,27 IZTAPALAPA,Brunch & Munch,ubereats,11.3,2.85,6.95,1.0
46086.0,11.0,MEX,Ciudad de México,12 DEL VALLE,Desayunos de la Abuela,rappi,8.21,2.85,9.86,1.0
46086.0,10.0,MEX,Ciudad de México,06 SATELITE,LA PANQUEQUERIA,didi,4.89,2.85,7.94,1.0
46086.0,20.0,MEX,Ciudad de México,02 SAN ANGEL,Que Chicken,ubereats,25.29,2.85,2.8,1.0
46086.0,17.0,MEX,Guadalajara,21 SANTA TERESITA,Green House,ubereats,18.83,2.85,0.33,1.0
46086.0,20.0,MEX,Guadalajara,34 TLAQUEPAQUE,Green House,ubereats,8.75,2.85,12.09,1.0
46086.0,18.0,MEX,Monterrey,30 LINCOLN,Cocina Corrida,rappi,5.37,2.85,6.59,1.0
46086.0,12.0,MEX,Monterrey,22 SAN NICOLAS,Honest Food,ubereats,9.05,2.85,3.29,1.0
46086.0,14.0,MEX,Ciudad de México,51 SAMARA,Avocalia,rappi,12.03,2.83,0.99,1.0
46086.0,13.0,MEX,Ciudad de México,04 SANTA FE,Avocalia,ubereats,12.06,2.83,1.06,1.0
46086.0,15.0,MEX,Ciudad de México,05 COAPA,Honest Food,didi,11.12,2.83,3.96,1.0
46086.0,17.0,MEX,Merida,37 CANEK,Honest Food,rappi,6.98,2.83,0.83,1.0
46086.0,15.0,MEX,Ciudad de México,12 DEL VALLE,Avocalia,didi,7.14,2.82,0.26,1.0
46086.0,15.0,MEX,Ciudad de México,52 MANACAR,Avocalia,rappi,12.98,2.82,7.8,1.0
46086.0,21.0,MEX,Ciudad de México,12 DEL VALLE,Avocalia,ubereats,10.91,2.82,1.05,1.0
46086.0,10.0,MEX,Ciudad de México,05 COAPA,Brunch & Munch,rappi,10.74,2.82,0.49,1.0
46086.0,20.0,MEX,Ciudad de México,09 CHURUBUSCO,House of Salads,ubereats,12.01,2.82,10.53,1.0
46086.0,14.0,MEX,Guadalajara,34 TLAQUEPAQUE,Avocalia,didi,7.2,2.82,0.22,1.0
46086.0,17.0,MEX,Guadalajara,21 SANTA TERESITA,La Neta Burgers (Orale Burgers),rappi,11.93,2.82,3.25,1.0
46086.0,9.0,MEX,Monterrey,30 LINCOLN,Desayunos de la Abuela,rappi,7.17,2.82,0.25,1.0
46086.0,13.0,MEX,Monterrey,28 CARRETERA NACIONA,LA PANQUEQUERIA,ubereats,13.83,2.82,1.41,1.0
46086.0,21.0,MEX,Puebla,26 CIUDAD JUDICIAL,Honest Food,ubereats,11.11,2.82,6.02,1.0
46086.0,13.0,MEX,Ciudad de México,01 DOCTORES,Avocalia,didi,14.09,2.8,0.11,1.0
46086.0,12.0,MEX,Ciudad de México,27 IZTAPALAPA,Brunch & Munch,didi,15.66,2.8,0.46,1.0
46086.0,14.0,MEX,Ciudad de México,09 CHURUBUSCO,Fonda Local,rappi,20.96,2.8,2.14,1.0
46086.0,18.0,MEX,Ciudad de México,16 PEDREGAL,Mr Beast Burger,didi,11.29,2.8,12.51,1.0
46086.0,9.0,MEX,Ciudad de México,52 MANACAR,Brunch & Munch,rappi,14.1,2.78,9.16,1.0
46086.0,11.0,MEX,Ciudad de México,06 SATELITE,Chemaquiles,didi,7.01,2.78,0.74,1.0
46086.0,7.0,MEX,Ciudad de México,16 PEDREGAL,Foodhub,didi,20.97,2.78,18.05,1.0
46086.0,7.0,MEX,Ciudad de México,04 SANTA FE,LA PANQUEQUERIA,ubereats,10.2,2.78,1.18,1.0
46086.0,21.0,MEX,Ciudad de México,04 SANTA FE,Mr Beast Burger,ubereats,17.94,2.78,0.75,1.0
46086.0,15.0,MEX,Ciudad de México,01 DOCTORES,Que Chicken,ubereats,11.68,2.78,0.28,1.0
46086.0,9.0,MEX,Ciudad de México,01 DOCTORES,The Breakfast Club,ubereats,15.72,2.78,1.24,1.0
46086.0,9.0,MEX,Guadalajara,25 TABACHINES,LA PANQUEQUERIA,ubereats,16.99,2.78,0.98,1.0
46086.0,10.0,MEX,Guadalajara,21 SANTA TERESITA,Órale Desayunos,didi,4.86,2.78,7.06,1.0
46086.0,14.0,MEX,Monterrey,13 TEC,Foodhub,rappi,7.94,2.78,6.0,1.0
46086.0,20.0,MEX,Monterrey,13 TEC,House of Salads,rappi,7.28,2.78,5.0,1.0
46086.0,9.0,MEX,Ciudad de México,05 COAPA,Brunch & Munch,ubereats,13.65,2.77,1.99,1.0
46086.0,8.0,MEX,Guadalajara,25 TABACHINES,Avocalia Desayunos Turbo,rappi,18.93,2.77,6.81,1.0
46086.0,9.0,MEX,Guadalajara,21 SANTA TERESITA,LA PANQUEQUERIA,ubereats,17.6,2.77,1.28,1.0
46086.0,11.0,MEX,Monterrey,23 SANTA CATARINA,Chemaquiles,rappi,9.35,2.77,0.98,1.0
46086.0,15.0,MEX,Monterrey,17 CUMBRES,Green House,ubereats,28.54,2.77,0.0,1.0
46086.0,20.0,MEX,Monterrey,17 CUMBRES,La Neta Burgers (Orale Burgers),rappi,24.34,2.77,0.58,1.0
46086.0,12.0,MEX,Puebla,41 VOLCANES,Honest Food,rappi,11.99,2.77,0.82,1.0
46086.0,18.0,MEX,Puebla,26 CIUDAD JUDICIAL,House of Burgers,ubereats,11.84,2.77,3.84,1.0
46086.0,15.0,MEX,Zona Centro,24 METEPEC,Avocalia,ubereats,8.68,2.77,13.33,1.0
46086.0,14.0,MEX,Ciudad de México,04 SANTA FE,Avocalia,didi,4.15,2.75,5.62,1.0
46086.0,17.0,MEX,Ciudad de México,04 SANTA FE,Avocalia,ubereats,13.78,2.75,17.01,1.0
46086.0,17.0,MEX,Ciudad de México,11 AZCAPOTZALCO,La Neta Burgers (Orale Burgers),ubereats,25.69,2.75,1.31,1.0
46086.0,20.0,MEX,Ciudad de México,16 PEDREGAL,Mr Beast Burger,ubereats,12.6,2.75,1.14,1.0
46086.0,16.0,MEX,Guadalajara,21 SANTA TERESITA,Avocalia,ubereats,7.93,2.75,14.05,1.0
46086.0,9.0,MEX,Guadalajara,40 JARDINES DEL VALL,Brunch & Munch,ubereats,17.18,2.75,1.2,1.0
46086.0,14.0,MEX,Guadalajara,19 LA CALMA,Numa Cocina Mediterranea,ubereats,15.34,2.75,1.82,1.0
46086.0,19.0,MEX,Merida,37 CANEK,Chicken Shack,rappi,8.11,2.75,0.78,1.0
46086.0,20.0,MEX,Merida,31 MONTEJO,Chicken Tenders Hub,didi,11.48,2.75,19.33,1.0
46086.0,12.0,MEX,Merida,31 MONTEJO,The Wrap Company MX,didi,12.96,2.75,1.01,1.0
46086.0,11.0,MEX,Puebla,26 CIUDAD JUDICIAL,House of Salads,didi,17.91,2.75,0.97,1.0
46086.0,16.0,MEX,Zona Centro,24 METEPEC,Green House,ubereats,20.29,2.75,1.91,1.0
46086.0,15.0,MEX,Zona Centro,24 METEPEC,House of Salads,ubereats,5.33,2.75,18.91,1.0
46086.0,8.0,MEX,Ciudad de México,01 DOCTORES,Avocalia Desayunos Turbo,rappi,9.13,2.73,0.67,1.0
46086.0,15.0,MEX,Ciudad de México,05 COAPA,Honest Food,ubereats,13.36,2.73,9.94,1.0
46086.0,9.0,MEX,Ciudad de México,03 POLANCO,Órale Desayunos,ubereats,9.7,2.73,3.3,1.0
46086.0,15.0,MEX,Guadalajara,19 LA CALMA,Avocalia,ubereats,15.08,2.73,1.03,1.0
46086.0,13.0,MEX,Monterrey,30 LINCOLN,Mr Beast Burger Turbo,rappi,6.12,2.73,9.77,1.0
46086.0,18.0,MEX,Puebla,26 CIUDAD JUDICIAL,LA PANQUEQUERIA,ubereats,22.43,2.73,7.74,1.0
46086.0,16.0,MEX,Puebla,41 VOLCANES,Que Chicken,ubereats,16.9,2.73,2.35,1.0
46086.0,15.0,MEX,Ciudad de México,02 SAN ANGEL,Numa Cocina Mediterranea,ubereats,22.05,2.72,23.58,1.0
46086.0,9.0,MEX,Ciudad de México,03 POLANCO,The Wrap Company MX,didi,6.53,2.72,1.22,1.0
46086.0,15.0,MEX,Monterrey,23 SANTA CATARINA,La Neta Burgers (Orale Burgers),rappi,13.72,2.72,0.39,1.0
46086.0,14.0,MEX,Zona Centro,24 METEPEC,Mr Beast Burger,didi,8.29,2.72,8.58,1.0
46086.0,18.0,MEX,Ciudad de México,06 SATELITE,Avocalia,ubereats,14.45,2.7,3.19,1.0
46086.0,18.0,MEX,Ciudad de México,01 DOCTORES,Avocalia,ubereats,10.04,2.7,7.03,1.0
46086.0,20.0,MEX,Ciudad de México,02 SAN ANGEL,Avocalia Desayunos Turbo,rappi,7.44,2.7,28.08,1.0
46086.0,11.0,MEX,Ciudad de México,02 SAN ANGEL,Brunch & Munch,ubereats,18.48,2.7,0.53,1.0
46086.0,10.0,MEX,Ciudad de México,01 DOCTORES,Chemaquiles,rappi,12.04,2.7,0.19,1.0
46086.0,9.0,MEX,Ciudad de México,01 DOCTORES,Foodhub Turbo,rappi,7.81,2.7,0.23,1.0
46086.0,16.0,MEX,Ciudad de México,09 CHURUBUSCO,Órale Desayunos,ubereats,23.3,2.7,1.92,1.0
46086.0,16.0,MEX,Guadalajara,21 SANTA TERESITA,Honest Food,ubereats,18.34,2.7,7.91,1.0
46086.0,12.0,MEX,Merida,37 CANEK,Mr Beast Burger,didi,11.1,2.7,3.97,1.0
46086.0,18.0,MEX,Puebla,26 CIUDAD JUDICIAL,Green House,ubereats,16.1,2.7,4.03,1.0
46086.0,11.0,MEX,Ciudad de México,12 DEL VALLE,Brunch & Munch,ubereats,17.21,2.68,1.77,1.0
46086.0,16.0,MEX,Ciudad de México,02 SAN ANGEL,Green House,ubereats,27.81,2.68,10.71,1.0
46086.0,17.0,MEX,Guadalajara,40 JARDINES DEL VALL,Honest Food,ubereats,15.91,2.68,1.37,1.0
46086.0,21.0,MEX,Merida,31 MONTEJO,La Neta Burgers (Orale Burgers),rappi,12.53,2.68,22.05,1.0
46086.0,12.0,MEX,Merida,37 CANEK,Mr Beast Burger,didi,6.37,2.68,13.99,1.0
46086.0,20.0,MEX,Merida,37 CANEK,Órale Chilaquiles,ubereats,27.97,2.68,4.93,1.0
46086.0,13.0,MEX,Monterrey,22 SAN NICOLAS,Avocalia,rappi,9.81,2.68,1.05,1.0
46086.0,9.0,MEX,Monterrey,13 TEC,Brunch & Munch,ubereats,14.84,2.68,2.91,1.0
46086.0,10.0,MEX,Monterrey,30 LINCOLN,LA PANQUEQUERIA,rappi,9.61,2.68,1.51,1.0
46086.0,10.0,MEX,Monterrey,30 LINCOLN,LA PANQUEQUERIA,rappi,10.81,2.68,0.3,1.0
46086.0,8.0,MEX,Zona Centro,24 METEPEC,Órale Desayunos,rappi,13.94,2.68,2.18,1.0
46086.0,18.0,MEX,Ciudad de México,09 CHURUBUSCO,Chicken Tenders Hub,ubereats,18.32,2.67,1.13,1.0
46086.0,14.0,MEX,Ciudad de México,03 POLANCO,Honest Food,didi,6.53,2.67,0.79,1.0
46086.0,13.0,MEX,Ciudad de México,03 POLANCO,Órale Desayunos,ubereats,5.57,2.67,7.87,1.0
46086.0,13.0,MEX,Guadalajara,45 ESTADIO,Desayunos de la Abuela,rappi,8.34,2.67,2.02,1.0
46086.0,13.0,MEX,Guadalajara,21 SANTA TERESITA,Desayunos de la Abuela,ubereats,17.07,2.67,1.2,1.0
46086.0,14.0,MEX,Guadalajara,45 ESTADIO,Tender Lovers,rappi,11.01,2.67,0.1,1.0
46086.0,11.0,MEX,Ciudad de México,12 DEL VALLE,Desayunos de la Abuela,ubereats,14.24,2.65,2.59,1.0
46086.0,17.0,MEX,Monterrey,30 LINCOLN,Mr Beast Burger,rappi,9.02,2.65,0.88,1.0
46086.0,11.0,MEX,Monterrey,13 TEC,Órale Desayunos,rappi,7.22,2.65,0.69,1.0
46086.0,19.0,MEX,Puebla,26 CIUDAD JUDICIAL,Avocalia,ubereats,8.76,2.65,6.29,1.0
46086.0,11.0,MEX,Ciudad de México,05 COAPA,Desayunos de la Abuela,didi,7.62,2.63,0.08,1.0
46086.0,11.0,MEX,Ciudad de México,02 SAN ANGEL,LA PANQUEQUERIA,ubereats,14.78,2.63,1.07,1.0
46086.0,12.0,MEX,Ciudad de México,16 PEDREGAL,Órale Desayunos,didi,4.24,2.63,4.69,1.0
46086.0,11.0,MEX,Ciudad de México,16 PEDREGAL,Órale Desayunos,ubereats,11.94,2.63,7.11,1.0
46086.0,11.0,MEX,Guadalajara,19 LA CALMA,Avocalia,ubereats,14.13,2.63,4.1,1.0
46086.0,19.0,MEX,Monterrey,13 TEC,House of Salads,didi,9.22,2.63,1.22,1.0
46086.0,11.0,MEX,Monterrey,38 SALTILLO CENTRO,Órale Chilaquiles,didi,8.56,2.63,0.62,1.0
46086.0,17.0,MEX,Zona Centro,24 METEPEC,Numa Cocina Mediterranea,didi,12.85,2.63,2.11,1.0
46086.0,14.0,MEX,Ciudad de México,03 POLANCO,Desayunos de la Abuela,rappi,6.01,2.62,1.29,1.0
46086.0,15.0,MEX,Ciudad de México,15 LINDAVISTA,LA PANQUEQUERIA,rappi,6.36,2.62,0.95,1.0
46086.0,15.0,MEX,Ciudad de México,03 POLANCO,Mr Beast Burger,didi,5.23,2.62,3.9,1.0
46086.0,18.0,MEX,Ciudad de México,03 POLANCO,Mr Beast Burger Turbo,rappi,4.04,2.62,5.43,1.0
46086.0,13.0,MEX,Guadalajara,45 ESTADIO,Avocalia,didi,7.97,2.62,35.57,1.0
46086.0,11.0,MEX,Guadalajara,14 JARDINES,Avocalia,ubereats,20.17,2.62,1.52,1.0
46086.0,17.0,MEX,Puebla,41 VOLCANES,House of Salads,ubereats,17.47,2.62,1.09,1.0
46086.0,11.0,MEX,Ciudad de México,04 SANTA FE,Chemaquiles,rappi,11.42,2.6,0.6,1.0
46086.0,11.0,MEX,Ciudad de México,05 COAPA,Chemaquiles Turbo,rappi,7.7,2.6,0.38,1.0
46086.0,19.0,MEX,Ciudad de México,04 SANTA FE,Que Chicken,ubereats,15.31,2.6,0.93,1.0
46086.0,7.0,MEX,Ciudad de México,03 POLANCO,The Wrap Company MX,didi,6.13,2.6,3.86,1.0
46086.0,8.0,MEX,Guadalajara,40 JARDINES DEL VALL,Brunch & Munch,ubereats,17.69,2.6,2.18,1.0
46086.0,19.0,MEX,Guadalajara,21 SANTA TERESITA,Honest Food,rappi,6.25,2.6,34.7,1.0
46086.0,13.0,MEX,Guadalajara,14 JARDINES,Mr Beast Burger,didi,16.83,2.6,1.38,1.0
46086.0,9.0,MEX,Ciudad de México,01 DOCTORES,Desayunos de la Abuela,rappi,5.78,2.58,32.92,1.0
46086.0,20.0,MEX,Ciudad de México,03 POLANCO,Que Chicken,didi,8.07,2.58,34.7,1.0
46086.0,16.0,MEX,Guadalajara,21 SANTA TERESITA,Mr Beast Burger,ubereats,7.71,2.58,19.97,1.0
46086.0,10.0,MEX,Monterrey,22 SAN NICOLAS,Brunch & Munch,didi,3.73,2.58,11.42,1.0
46086.0,22.0,MEX,Monterrey,30 LINCOLN,Mr Beast Burger,rappi,6.73,2.58,0.92,1.0
46086.0,12.0,MEX,Zona Centro,24 METEPEC,Honest Food,didi,7.35,2.58,4.59,1.0
46086.0,8.0,MEX,Ciudad de México,15 LINDAVISTA,Brunch & Munch,didi,5.93,2.57,9.13,1.0
46086.0,16.0,MEX,Ciudad de México,01 DOCTORES,Mega Greens (Super Ensaladas),ubereats,25.21,2.57,1.05,1.0
46086.0,16.0,MEX,Merida,37 CANEK,House of Salads,ubereats,19.02,2.57,0.87,1.0
46086.0,15.0,MEX,Monterrey,30 LINCOLN,Don Gyros & Kebab,didi,6.4,2.57,0.86,1.0
46086.0,14.0,MEX,Monterrey,22 SAN NICOLAS,Que Chicken,didi,12.78,2.57,1.39,1.0
46086.0,13.0,MEX,Puebla,41 VOLCANES,Cocina Corrida,ubereats,15.81,2.57,0.97,1.0
46086.0,14.0,MEX,Ciudad de México,06 SATELITE,Honest Food,ubereats,17.15,2.55,1.61,1.0
46086.0,20.0,MEX,Guadalajara,25 TABACHINES,Numa Cocina Mediterranea,didi,9.68,2.55,0.05,1.0
46086.0,19.0,MEX,Merida,37 CANEK,Tasty Foods,ubereats,14.95,2.55,8.18,1.0
46086.0,16.0,MEX,Monterrey,13 TEC,Green House,rappi,4.9,2.55,7.2,1.0
46086.0,8.0,MEX,Monterrey,10 SAN JERONIMO,Órale Desayunos,didi,6.81,2.55,0.45,1.0
46086.0,19.0,MEX,Monterrey,13 TEC,Que Chicken,didi,7.01,2.55,0.63,1.0
46086.0,12.0,MEX,Puebla,41 VOLCANES,Órale Desayunos,rappi,17.73,2.55,1.9,1.0
46086.0,9.0,MEX,Zona Centro,24 METEPEC,Brunch & Munch,ubereats,12.08,2.55,1.14,1.0
46086.0,14.0,MEX,Ciudad de México,04 SANTA FE,Avocalia,ubereats,16.43,2.53,2.14,1.0
46086.0,13.0,MEX,Ciudad de México,01 DOCTORES,Green House,ubereats,16.07,2.53,0.81,1.0
46086.0,15.0,MEX,Ciudad de México,12 DEL VALLE,Honest Food,ubereats,19.89,2.53,1.29,1.0
46086.0,17.0,MEX,Ciudad de México,16 PEDREGAL,Mr Beast Burger,didi,20.04,2.53,2.4,1.0
46086.0,13.0,MEX,Guadalajara,45 ESTADIO,Mega Greens (Super Ensaladas),rappi,2.53,,1.59,1.0
46086.0,8.0,MEX,Puebla,26 CIUDAD JUDICIAL,Brunch & Munch,ubereats,14.96,2.53,1.08,1.0
46086.0,16.0,MEX,Puebla,26 CIUDAD JUDICIAL,Eggy by Chef Eva,rappi,2.53,,24.87,1.0
46086.0,16.0,MEX,Puebla,26 CIUDAD JUDICIAL,Green House,ubereats,12.2,2.53,8.04,1.0
46086.0,13.0,MEX,Puebla,26 CIUDAD JUDICIAL,LA PANQUEQUERIA,rappi,14.99,2.53,0.88,1.0
46086.0,14.0,MEX,Ciudad de México,09 CHURUBUSCO,Avocalia,ubereats,14.06,2.52,4.2,1.0
46086.0,13.0,MEX,Ciudad de México,09 CHURUBUSCO,House of Salads,ubereats,12.54,2.52,1.39,1.0
46086.0,13.0,MEX,Merida,31 MONTEJO,Green House,ubereats,24.88,2.52,1.09,1.0
46086.0,7.0,MEX,Monterrey,17 CUMBRES,LA PANQUEQUERIA,ubereats,10.48,2.52,8.83,1.0
46086.0,19.0,MEX,Puebla,41 VOLCANES,Brunch & Munch,ubereats,13.36,2.52,0.77,1.0
46086.0,10.0,MEX,Ciudad de México,06 SATELITE,Avocalia,didi,15.86,2.5,11.06,1.0
46086.0,14.0,MEX,Ciudad de México,01 DOCTORES,Honest Food,ubereats,25.6,2.5,0.99,1.0
46086.0,20.0,MEX,Ciudad de México,11 AZCAPOTZALCO,The Wrap Company MX,didi,20.01,2.5,7.92,1.0
46086.0,15.0,MEX,Puebla,41 VOLCANES,Avocalia,didi,8.86,2.5,14.99,1.0
46086.0,14.0,MEX,Puebla,26 CIUDAD JUDICIAL,Honest Food,ubereats,10.71,2.5,8.97,1.0
46086.0,16.0,MEX,Ciudad de México,16 PEDREGAL,Avocalia,ubereats,17.73,2.48,9.43,1.0
46086.0,10.0,MEX,Ciudad de México,02 SAN ANGEL,Brunch & Munch,rappi,12.34,2.48,1.03,1.0
46086.0,8.0,MEX,Ciudad de México,03 POLANCO,Brunch & Munch,ubereats,4.76,2.48,6.37,1.0
46086.0,14.0,MEX,Ciudad de México,04 SANTA FE,House of Salads,ubereats,9.46,2.48,14.95,1.0
46086.0,7.0,MEX,Guadalajara,25 TABACHINES,Desayunos de la Abuela,ubereats,25.25,2.48,1.06,1.0
46086.0,15.0,MEX,Guadalajara,34 TLAQUEPAQUE,Mr Beast Burger,didi,19.96,2.48,1.06,1.0
46086.0,13.0,MEX,Monterrey,38 SALTILLO CENTRO,Órale Desayunos,rappi,15.33,2.48,0.14,1.0
46086.0,9.0,MEX,Monterrey,13 TEC,Pozórale,didi,13.24,2.48,0.81,1.0
46086.0,14.0,MEX,Zona Centro,24 METEPEC,House of Salads,ubereats,18.21,2.48,3.13,1.0
46086.0,14.0,MEX,Ciudad de México,01 DOCTORES,Avocalia,ubereats,12.2,2.47,0.72,1.0
46086.0,16.0,MEX,Ciudad de México,05 COAPA,Chemaquiles,didi,12.14,2.47,22.08,1.0
46086.0,14.0,MEX,Ciudad de México,09 CHURUBUSCO,Mega Greens (Super Ensaladas),ubereats,14.16,2.47,2.07,1.0
46086.0,16.0,MEX,Ciudad de México,16 PEDREGAL,Mr Beast Burger,didi,21.16,2.47,33.1,1.0
46086.0,12.0,MEX,Guadalajara,21 SANTA TERESITA,The Egg Spot,rappi,10.96,2.47,0.72,1.0
46086.0,7.0,MEX,Merida,31 MONTEJO,Desayunos de la Abuela,ubereats,16.57,2.47,26.06,1.0
46086.0,13.0,MEX,Merida,37 CANEK,Órale Chilaquiles,rappi,12.46,2.47,1.01,1.0
46086.0,14.0,MEX,Ciudad de México,05 COAPA,Avocalia,ubereats,18.72,2.45,0.89,1.0
46086.0,10.0,MEX,Ciudad de México,09 CHURUBUSCO,Brunch & Munch,didi,12.42,2.45,0.98,1.0
46086.0,17.0,MEX,Ciudad de México,09 CHURUBUSCO,Fonda Local,didi,11.1,2.45,12.81,1.0
46086.0,14.0,MEX,Ciudad de México,04 SANTA FE,Green House,ubereats,8.96,2.45,16.69,1.0
46086.0,20.0,MEX,Ciudad de México,01 DOCTORES,Green House,ubereats,12.89,2.45,0.87,1.0
46086.0,21.0,MEX,Ciudad de México,12 DEL VALLE,Mr Beast Burger,didi,11.1,2.45,17.11,1.0
46086.0,15.0,MEX,Ciudad de México,03 POLANCO,Que Chicken,rappi,6.84,2.45,0.35,1.0
46086.0,18.0,MEX,Ciudad de México,02 SAN ANGEL,Que Chicken,ubereats,20.68,2.45,11.14,1.0
46086.0,13.0,MEX,Guadalajara,34 TLAQUEPAQUE,Foodhub,rappi,12.2,2.45,1.09,1.0
46086.0,19.0,MEX,Monterrey,28 CARRETERA NACIONA,Avocalia,ubereats,12.54,2.45,0.32,1.0
46086.0,14.0,MEX,Monterrey,13 TEC,Chicken Tenders Hub,ubereats,18.96,2.45,0.0,1.0
46086.0,20.0,MEX,Ciudad de México,12 DEL VALLE,Mr Beast Burger,didi,20.17,2.43,2.0,1.0
46086.0,19.0,MEX,Ciudad de México,03 POLANCO,Numa Cocina Mediterranea,ubereats,9.03,2.43,3.78,1.0
46086.0,9.0,MEX,Ciudad de México,12 DEL VALLE,Órale Desayunos,rappi,11.91,2.43,4.06,1.0
46086.0,7.0,MEX,Ciudad de México,09 CHURUBUSCO,Órale Desayunos,ubereats,13.86,2.43,1.91,1.0
46086.0,19.0,MEX,Monterrey,13 TEC,Honest Food,rappi,11.09,2.43,0.66,1.0
46086.0,16.0,MEX,Ciudad de México,03 POLANCO,Avocalia,didi,11.19,2.42,83.03,1.0
46086.0,14.0,MEX,Ciudad de México,03 POLANCO,Avocalia,ubereats,8.12,2.42,1.77,1.0
46086.0,22.0,MEX,Ciudad de México,03 POLANCO,Avocalia,ubereats,8.44,2.42,1.68,1.0
46086.0,12.0,MEX,Ciudad de México,16 PEDREGAL,Brunch & Munch,rappi,18.6,2.42,9.1,1.0
46086.0,14.0,MEX,Ciudad de México,03 POLANCO,BRUNCH & MUNCH TURBO,rappi,4.35,2.42,2.82,1.0
46086.0,17.0,MEX,Ciudad de México,05 COAPA,Desayunos de la Abuela,rappi,12.81,2.42,9.24,1.0
46086.0,21.0,MEX,Ciudad de México,03 POLANCO,Mr Beast Burger,didi,9.85,2.42,1.86,1.0
46086.0,18.0,MEX,Ciudad de México,16 PEDREGAL,Mr Beast Burger,ubereats,12.21,2.42,18.29,1.0
46086.0,14.0,MEX,Guadalajara,21 SANTA TERESITA,Avocalia,didi,7.82,2.42,20.41,1.0
46086.0,13.0,MEX,Guadalajara,19 LA CALMA,Mr Beast Burger,ubereats,6.09,2.42,11.94,1.0
46086.0,15.0,MEX,Puebla,41 VOLCANES,Chicken Tenders Hub,rappi,23.85,2.42,4.82,1.0
46086.0,14.0,MEX,Zona Centro,24 METEPEC,Green House,ubereats,12.1,2.42,1.82,1.0
46086.0,14.0,MEX,Ciudad de México,51 SAMARA,Avocalia,ubereats,14.04,2.4,16.71,1.0
46086.0,21.0,MEX,Ciudad de México,01 DOCTORES,Avocalia,ubereats,8.73,2.4,2.53,1.0
46086.0,9.0,MEX,Ciudad de México,12 DEL VALLE,Órale Desayunos,didi,6.39,2.4,0.78,1.0
46086.0,14.0,MEX,Ciudad de México,02 SAN ANGEL,Que Chicken,rappi,19.16,2.4,22.1,1.0
46086.0,12.0,MEX,Monterrey,22 SAN NICOLAS,Brunch & Munch,didi,9.37,2.4,0.78,1.0
46086.0,11.0,MEX,Puebla,41 VOLCANES,Avocalia,rappi,8.61,2.4,2.25,1.0
46086.0,14.0,MEX,Ciudad de México,03 POLANCO,Avocalia,ubereats,5.16,2.38,17.25,1.0
46086.0,9.0,MEX,Ciudad de México,11 AZCAPOTZALCO,Brunch & Munch,ubereats,12.78,2.38,1.97,1.0
46086.0,18.0,MEX,Ciudad de México,06 SATELITE,Honest Food,didi,10.68,2.38,43.19,1.0
46086.0,9.0,MEX,Ciudad de México,11 AZCAPOTZALCO,Órale Desayunos,didi,8.49,2.38,1.81,1.0
46086.0,15.0,MEX,Ciudad de México,03 POLANCO,Que Chicken,rappi,7.85,2.38,0.91,1.0
46086.0,11.0,MEX,Ciudad de México,12 DEL VALLE,The Egg Spot,rappi,15.7,2.38,1.26,1.0
46086.0,22.0,MEX,Monterrey,17 CUMBRES,Mr Beast Burger,didi,9.26,2.38,9.46,1.0
46086.0,11.0,MEX,Monterrey,30 LINCOLN,Pozórale,didi,6.17,2.38,0.97,1.0
46086.0,14.0,MEX,Zona Centro,24 METEPEC,Tasty Foods,didi,6.04,2.38,5.0,1.0
46086.0,19.0,MEX,Ciudad de México,01 DOCTORES,Avocalia,ubereats,11.02,2.37,0.65,1.0
46086.0,12.0,MEX,Ciudad de México,03 POLANCO,Eggy by Chef Eva,ubereats,11.8,2.37,0.87,1.0
46086.0,14.0,MEX,Ciudad de México,16 PEDREGAL,Honest Food,ubereats,11.82,2.37,8.95,1.0
46086.0,13.0,MEX,Ciudad de México,01 DOCTORES,La Neta Burgers (Orale Burgers),rappi,11.23,2.37,0.2,1.0
46086.0,14.0,MEX,Ciudad de México,02 SAN ANGEL,Órale Desayunos,ubereats,20.82,2.37,0.16,1.0
46086.0,21.0,MEX,Monterrey,17 CUMBRES,House of Salads,ubereats,10.88,2.37,8.04,1.0
46086.0,14.0,MEX,Puebla,41 VOLCANES,Avocalia,ubereats,8.39,2.37,5.98,1.0
46086.0,14.0,MEX,Puebla,41 VOLCANES,Cocina Corrida,rappi,2.37,,0.98,1.0
46086.0,13.0,MEX,Puebla,41 VOLCANES,Green House,ubereats,12.9,2.37,8.06,1.0
46086.0,9.0,MEX,Puebla,26 CIUDAD JUDICIAL,Órale Desayunos,ubereats,9.96,2.37,0.94,1.0
46086.0,19.0,MEX,Ciudad de México,16 PEDREGAL,Avocalia,didi,6.24,2.35,8.09,1.0
46086.0,14.0,MEX,Ciudad de México,09 CHURUBUSCO,Avocalia,ubereats,9.16,2.35,2.79,1.0
46086.0,20.0,MEX,Ciudad de México,01 DOCTORES,Honest Food,didi,11.98,2.35,0.19,1.0
46086.0,12.0,MEX,Ciudad de México,11 AZCAPOTZALCO,Honest Food,ubereats,15.01,2.35,1.14,1.0
46086.0,14.0,MEX,Ciudad de México,04 SANTA FE,Honest Food,ubereats,15.02,2.35,2.64,1.0
46086.0,11.0,MEX,Ciudad de México,12 DEL VALLE,Órale Chilaquiles,rappi,15.12,2.35,0.4,1.0
46086.0,12.0,MEX,Guadalajara,21 SANTA TERESITA,Desayunos de la Abuela,didi,19.05,2.35,0.0,1.0
46086.0,20.0,MEX,Guadalajara,14 JARDINES,The Egg Spot,rappi,13.08,2.35,15.56,1.0
46086.0,8.0,MEX,Merida,37 CANEK,The Wrap Company MX,didi,10.62,2.35,13.57,1.0
46086.0,12.0,MEX,Monterrey,10 SAN JERONIMO,FC Barcelona,rappi,18.58,2.35,1.21,1.0
46086.0,8.0,MEX,Ciudad de México,52 MANACAR,Avocalia Desayunos,ubereats,10.13,2.33,0.99,1.0
46086.0,13.0,MEX,Ciudad de México,02 SAN ANGEL,Chemaquiles,rappi,6.84,2.33,0.28,1.0
46086.0,9.0,MEX,Ciudad de México,05 COAPA,Desayunos de la Abuela,didi,6.0,2.33,6.34,1.0
46086.0,8.0,MEX,Ciudad de México,09 CHURUBUSCO,LA PANQUEQUERIA,ubereats,9.31,2.33,1.59,1.0
46086.0,9.0,MEX,Ciudad de México,27 IZTAPALAPA,Órale Desayunos,ubereats,6.13,2.33,16.87,1.0
46086.0,8.0,MEX,Ciudad de México,03 POLANCO,The Egg Spot,rappi,6.88,2.33,0.22,1.0
46086.0,17.0,MEX,Merida,31 MONTEJO,Green House,ubereats,20.56,2.33,17.0,1.0
46086.0,12.0,MEX,Merida,37 CANEK,House of Burgers,rappi,14.04,2.33,7.01,1.0
46086.0,17.0,MEX,Monterrey,17 CUMBRES,Green House,ubereats,18.94,2.33,1.17,1.0
46086.0,14.0,MEX,Puebla,26 CIUDAD JUDICIAL,Honest Food,ubereats,14.52,2.33,4.17,1.0
46086.0,18.0,MEX,Zona Centro,24 METEPEC,Avocalia,rappi,6.93,2.33,0.18,1.0
46086.0,14.0,MEX,Ciudad de México,16 PEDREGAL,Avocalia,ubereats,12.08,2.32,0.94,1.0
46086.0,11.0,MEX,Ciudad de México,11 AZCAPOTZALCO,Brunch & Munch,didi,3.23,2.32,6.82,1.0
46086.0,16.0,MEX,Ciudad de México,27 IZTAPALAPA,Mr Beast Burger,didi,6.46,2.32,11.86,1.0
46086.0,9.0,MEX,Ciudad de México,15 LINDAVISTA,Órale Desayunos,ubereats,9.03,2.32,3.69,1.0
46086.0,8.0,MEX,Ciudad de México,03 POLANCO,The Wrap Company MX,didi,6.94,2.32,0.73,1.0
46086.0,17.0,MEX,Merida,37 CANEK,Green House,ubereats,7.91,2.32,6.04,1.0
46086.0,7.0,MEX,Monterrey,23 SANTA CATARINA,Órale Desayunos,ubereats,18.19,2.32,2.49,1.0
46086.0,7.0,MEX,Monterrey,17 CUMBRES,Órale Desayunos,ubereats,16.61,2.32,2.85,1.0
46086.0,21.0,MEX,Puebla,41 VOLCANES,La Neta Burgers (Orale Burgers),rappi,7.9,2.32,2.13,1.0
46086.0,21.0,MEX,Puebla,41 VOLCANES,Mega Greens (Super Ensaladas),ubereats,13.02,2.32,6.51,1.0
46086.0,13.0,MEX,Ciudad de México,15 LINDAVISTA,Avocalia,didi,8.1,2.3,2.84,1.0
46086.0,15.0,MEX,Ciudad de México,27 IZTAPALAPA,Avocalia,didi,6.2,2.3,0.88,1.0
46086.0,14.0,MEX,Ciudad de México,11 AZCAPOTZALCO,Avocalia,ubereats,7.07,2.3,9.21,1.0
46086.0,17.0,MEX,Ciudad de México,03 POLANCO,Honest Food,didi,10.28,2.3,9.96,1.0
46086.0,14.0,MEX,Ciudad de México,15 LINDAVISTA,Numa Cocina Mediterranea,ubereats,10.14,2.3,1.81,1.0
46086.0,17.0,MEX,Ciudad de México,01 DOCTORES,Que Chicken,ubereats,21.07,2.3,0.17,1.0
46086.0,15.0,MEX,Guadalajara,21 SANTA TERESITA,Honest Food,rappi,7.76,2.3,9.16,1.0
46086.0,8.0,MEX,Monterrey,10 SAN JERONIMO,Desayunos de la Abuela,rappi,57.14,2.3,19.81,1.0
46086.0,11.0,MEX,Monterrey,38 SALTILLO CENTRO,Eggy by Chef Eva,ubereats,10.21,2.3,16.96,1.0
46086.0,20.0,MEX,Monterrey,13 TEC,House of Salads,didi,15.77,2.3,1.12,1.0
46086.0,12.0,MEX,Monterrey,38 SALTILLO CENTRO,LA PANQUEQUERIA,ubereats,19.0,2.3,0.77,1.0
46086.0,12.0,MEX,Monterrey,10 SAN JERONIMO,Órale Desayunos,rappi,17.73,2.3,3.31,1.0
46086.0,14.0,MEX,Puebla,41 VOLCANES,Avocalia,ubereats,17.16,2.3,1.03,1.0
46086.0,20.0,MEX,Puebla,26 CIUDAD JUDICIAL,Numa Cocina Mediterranea,ubereats,8.78,2.3,9.3,1.0
46086.0,12.0,MEX,Ciudad de México,27 IZTAPALAPA,Brunch & Munch,ubereats,16.21,2.28,7.25,1.0
46086.0,13.0,MEX,Ciudad de México,03 POLANCO,Desayunos de la Abuela Turbo,rappi,2.28,,7.03,1.0
46086.0,15.0,MEX,Ciudad de México,05 COAPA,Green House,ubereats,10.26,2.28,0.87,1.0
46086.0,12.0,MEX,Ciudad de México,12 DEL VALLE,Honest Food,ubereats,12.02,2.28,3.3,1.0
46086.0,15.0,MEX,Ciudad de México,11 AZCAPOTZALCO,La Neta Burgers (Orale Burgers),rappi,8.04,2.28,0.42,1.0
46086.0,7.0,MEX,Ciudad de México,05 COAPA,Órale Desayunos,ubereats,10.09,2.28,1.45,1.0
46086.0,19.0,MEX,Guadalajara,25 TABACHINES,Honest Food,rappi,10.96,2.28,0.81,1.0
46086.0,12.0,MEX,Guadalajara,19 LA CALMA,Mr Beast Burger,didi,13.97,2.28,1.09,1.0
46086.0,21.0,MEX,Merida,31 MONTEJO,Honest Food,rappi,9.53,2.28,0.29,1.0
46086.0,20.0,MEX,Merida,37 CANEK,House of Burgers,rappi,23.28,2.28,5.6,1.0
46086.0,14.0,MEX,Monterrey,22 SAN NICOLAS,Órale Desayunos,rappi,2.28,,0.87,1.0
46086.0,9.0,MEX,Monterrey,22 SAN NICOLAS,The Breakfast Club,ubereats,17.04,2.28,7.83,1.0
46086.0,22.0,MEX,Ciudad de México,01 DOCTORES,Brunch & Munch,rappi,15.68,2.27,0.32,1.0
46086.0,9.0,MEX,Ciudad de México,01 DOCTORES,Desayunos de la Abuela,ubereats,12.8,2.27,0.2,1.0
46086.0,19.0,MEX,Ciudad de México,01 DOCTORES,Honest Food,ubereats,15.67,2.27,4.02,1.0
46086.0,15.0,MEX,Ciudad de México,12 DEL VALLE,La Neta Burgers (Orale Burgers),rappi,9.63,2.27,14.53,1.0
46086.0,11.0,MEX,Ciudad de México,02 SAN ANGEL,Órale Desayunos,didi,8.1,2.27,1.03,1.0
46086.0,19.0,MEX,Ciudad de México,03 POLANCO,Que Chicken,didi,9.8,2.27,25.99,1.0
46086.0,12.0,MEX,Ciudad de México,27 IZTAPALAPA,Tender Lovers,rappi,2.27,,8.52,1.0
46086.0,11.0,MEX,Ciudad de México,52 MANACAR,The Breakfast Club,ubereats,22.26,2.27,20.78,1.0
46086.0,9.0,MEX,Guadalajara,19 LA CALMA,Brunch & Munch,ubereats,15.63,2.27,3.03,1.0
46086.0,20.0,MEX,Guadalajara,21 SANTA TERESITA,LA PANQUEQUERIA,rappi,14.61,2.27,0.85,1.0
46086.0,16.0,MEX,Guadalajara,21 SANTA TERESITA,Órale Desayunos,rappi,12.82,2.27,5.0,1.0
46086.0,16.0,MEX,Merida,31 MONTEJO,Fonda Local,rappi,20.44,2.27,0.89,1.0
46086.0,9.0,MEX,Monterrey,13 TEC,Brunch & Munch,rappi,11.89,2.27,50.51,1.0
46086.0,11.0,MEX,Monterrey,38 SALTILLO CENTRO,Eggy by Chef Eva,rappi,13.24,2.27,0.12,1.0
46086.0,8.0,MEX,Monterrey,22 SAN NICOLAS,Órale Desayunos,ubereats,8.35,2.27,17.7,1.0
46086.0,7.0,MEX,Ciudad de México,03 POLANCO,Eggy by Chef Eva,ubereats,7.78,2.25,0.89,1.0
46086.0,20.0,MEX,Ciudad de México,01 DOCTORES,Honest Food,rappi,15.52,2.25,42.19,1.0
46086.0,15.0,MEX,Guadalajara,45 ESTADIO,Mr Beast Burger,rappi,6.3,2.25,0.76,1.0
46086.0,14.0,MEX,Guadalajara,21 SANTA TERESITA,Que Chicken,rappi,17.71,2.25,0.17,1.0
46086.0,15.0,MEX,Monterrey,17 CUMBRES,Brunch & Munch,rappi,2.25,,1.54,1.0
46086.0,8.0,MEX,Monterrey,10 SAN JERONIMO,Brunch & Munch,ubereats,18.19,2.25,0.82,1.0
46086.0,9.0,MEX,Monterrey,22 SAN NICOLAS,Brunch & Munch,ubereats,10.26,2.25,5.03,1.0
46086.0,13.0,MEX,Puebla,41 VOLCANES,House of Salads,ubereats,18.28,2.25,1.74,1.0
46086.0,12.0,MEX,Ciudad de México,15 LINDAVISTA,Avocalia,rappi,6.95,2.23,21.78,1.0
46086.0,8.0,MEX,Ciudad de México,01 DOCTORES,Brunch & Munch,ubereats,13.84,2.23,0.26,1.0
46086.0,12.0,MEX,Ciudad de México,27 IZTAPALAPA,LA PANQUEQUERIA,rappi,2.81,2.23,9.94,1.0
46086.0,7.0,MEX,Guadalajara,14 JARDINES,Brunch & Munch,ubereats,11.85,2.23,7.98,1.0
46086.0,17.0,MEX,Guadalajara,14 JARDINES,Que Chicken,rappi,14.76,2.23,7.11,1.0
46086.0,10.0,MEX,Monterrey,13 TEC,Brunch & Munch,didi,7.8,2.23,4.25,1.0
46086.0,13.0,MEX,Monterrey,13 TEC,Chicken Tenders Hub,ubereats,12.99,2.23,1.31,1.0
46086.0,12.0,MEX,Puebla,26 CIUDAD JUDICIAL,Green House,ubereats,10.39,2.23,8.0,1.0
46086.0,17.0,MEX,Ciudad de México,04 SANTA FE,Avocalia,ubereats,15.05,2.22,1.34,1.0
46086.0,7.0,MEX,Ciudad de México,06 SATELITE,Brunch & Munch,ubereats,12.55,2.22,0.2,1.0
46086.0,15.0,MEX,Ciudad de México,06 SATELITE,Honest Food,rappi,9.52,2.22,0.73,1.0
46086.0,9.0,MEX,Ciudad de México,15 LINDAVISTA,Órale Desayunos,didi,7.01,2.22,7.91,1.0
46086.0,15.0,MEX,Ciudad de México,05 COAPA,Tastyfoods turbo,rappi,7.42,2.22,5.56,1.0
46086.0,11.0,MEX,Guadalajara,45 ESTADIO,Brunch & Munch,rappi,7.12,2.22,0.94,1.0
46086.0,18.0,MEX,Guadalajara,14 JARDINES,La Neta Burgers (Orale Burgers),didi,11.44,2.22,8.86,1.0
46086.0,11.0,MEX,Guadalajara,45 ESTADIO,LA PANQUEQUERIA,rappi,11.53,2.22,0.05,1.0
46086.0,13.0,MEX,Guadalajara,14 JARDINES,Numa Cocina Mediterranea,ubereats,12.95,2.22,2.28,1.0
46086.0,15.0,MEX,Merida,37 CANEK,Mr Beast Burger,rappi,22.09,2.22,31.61,1.0
46086.0,7.0,MEX,Monterrey,30 LINCOLN,LA PANQUEQUERIA,ubereats,6.91,2.22,3.02,1.0
46086.0,17.0,MEX,Puebla,26 CIUDAD JUDICIAL,Fonda Local,rappi,16.58,2.22,7.04,1.0
46086.0,21.0,MEX,Ciudad de México,04 SANTA FE,La Neta Burgers (Orale Burgers),didi,23.26,2.2,0.01,1.0
46086.0,22.0,MEX,Ciudad de México,12 DEL VALLE,Mr Beast Burger,didi,15.94,2.2,3.02,1.0
46086.0,21.0,MEX,Ciudad de México,16 PEDREGAL,Mr Beast Burger,rappi,14.87,2.2,0.39,1.0
46086.0,12.0,MEX,Guadalajara,14 JARDINES,Mega Greens (Super Ensaladas),rappi,25.91,2.2,27.39,1.0
46086.0,9.0,MEX,Monterrey,10 SAN JERONIMO,Órale Chilaquiles,rappi,23.96,2.2,28.85,1.0
46086.0,17.0,MEX,Puebla,41 VOLCANES,House of Salads,didi,20.29,2.2,1.67,1.0
46086.0,14.0,MEX,Ciudad de México,05 COAPA,House of Salads,didi,10.0,2.18,3.5,1.0
46086.0,9.0,MEX,Ciudad de México,09 CHURUBUSCO,The Breakfast Club,rappi,15.93,2.18,1.02,1.0
46086.0,9.0,MEX,Guadalajara,21 SANTA TERESITA,Brunch & Munch,rappi,15.76,2.18,21.26,1.0
46086.0,19.0,MEX,Guadalajara,21 SANTA TERESITA,The Egg Spot,rappi,10.3,2.18,0.0,1.0
46086.0,9.0,MEX,Merida,37 CANEK,LA PANQUEQUERIA,ubereats,8.81,2.18,1.01,1.0
46086.0,18.0,MEX,Monterrey,30 LINCOLN,Numa Cocina Mediterranea,didi,6.29,2.18,7.57,1.0
46086.0,13.0,MEX,Puebla,41 VOLCANES,Avocalia,ubereats,15.36,2.18,1.12,1.0
46086.0,13.0,MEX,Puebla,41 VOLCANES,Avocalia,ubereats,15.02,2.18,1.05,1.0
46086.0,11.0,MEX,Puebla,41 VOLCANES,Desayunos de la Abuela,rappi,12.24,2.18,10.05,1.0
46086.0,14.0,MEX,Ciudad de México,02 SAN ANGEL,Avocalia,ubereats,7.96,2.17,4.69,1.0
46086.0,8.0,MEX,Ciudad de México,52 MANACAR,Brunch & Munch,didi,22.34,2.17,0.77,1.0
46086.0,10.0,MEX,Ciudad de México,16 PEDREGAL,Órale Desayunos,didi,8.12,2.17,0.84,1.0
46086.0,10.0,MEX,Ciudad de México,04 SANTA FE,Órale Desayunos,didi,6.89,2.17,0.34,1.0
46086.0,8.0,MEX,Ciudad de México,06 SATELITE,The Breakfast Club,ubereats,9.08,2.17,8.02,1.0
46086.0,10.0,MEX,Guadalajara,34 TLAQUEPAQUE,Brunch & Munch,rappi,11.99,2.17,3.84,1.0
46086.0,13.0,MEX,Monterrey,13 TEC,Mr Beast Burger,didi,12.23,2.17,0.68,1.0
46086.0,12.0,MEX,Monterrey,30 LINCOLN,Órale Desayunos,ubereats,7.79,2.17,7.62,1.0
46086.0,20.0,MEX,Puebla,41 VOLCANES,Avocalia,didi,17.86,2.17,12.79,1.0
46086.0,10.0,MEX,Ciudad de México,15 LINDAVISTA,Desayunos de la Abuela,rappi,11.23,2.15,2.98,1.0
46086.0,17.0,MEX,Ciudad de México,03 POLANCO,Honest Food Turbo,rappi,8.1,2.15,10.96,1.0
46086.0,15.0,MEX,Guadalajara,19 LA CALMA,Avocalia,didi,20.09,2.15,15.91,1.0
46086.0,12.0,MEX,Guadalajara,21 SANTA TERESITA,Honest Food,ubereats,18.75,2.15,1.19,1.0
46086.0,21.0,MEX,Guadalajara,34 TLAQUEPAQUE,Mr Beast Burger,didi,10.13,2.15,7.9,1.0
46086.0,15.0,MEX,Monterrey,22 SAN NICOLAS,Green House,ubereats,20.51,2.15,1.0,1.0
46086.0,20.0,MEX,Monterrey,13 TEC,Honest Food Turbo,rappi,7.7,2.15,0.35,1.0
46086.0,15.0,MEX,Monterrey,13 TEC,Órale Desayunos Turbo,rappi,5.23,2.15,1.78,1.0
46086.0,17.0,MEX,Zona Centro,24 METEPEC,Brunch & Munch,ubereats,16.12,2.15,1.5,1.0
46086.0,8.0,MEX,Ciudad de México,09 CHURUBUSCO,Brunch & Munch,ubereats,10.44,2.13,0.61,1.0
46086.0,21.0,MEX,Ciudad de México,01 DOCTORES,Honest Food Turbo,rappi,6.91,2.13,0.08,1.0
46086.0,14.0,MEX,Ciudad de México,04 SANTA FE,Que Chicken,didi,15.44,2.13,0.24,1.0
46086.0,17.0,MEX,Monterrey,38 SALTILLO CENTRO,Mr Beast Burger,didi,12.81,2.13,18.3,1.0
46086.0,21.0,MEX,Puebla,41 VOLCANES,LA PANQUEQUERIA,rappi,4.8,2.13,13.11,1.0
46086.0,17.0,MEX,Monterrey,22 SAN NICOLAS,Honest Food,didi,10.42,2.12,0.71,1.0
46086.0,20.0,MEX,Monterrey,13 TEC,Honest Food,didi,7.1,2.12,1.16,1.0
46086.0,8.0,MEX,Monterrey,17 CUMBRES,LA PANQUEQUERIA,ubereats,8.99,2.12,1.28,1.0
46086.0,19.0,MEX,Puebla,26 CIUDAD JUDICIAL,Avocalia,rappi,14.28,2.12,3.07,1.0
46086.0,18.0,MEX,Puebla,26 CIUDAD JUDICIAL,Green House,ubereats,16.31,2.12,2.67,1.0
46086.0,18.0,MEX,Zona Centro,24 METEPEC,La Neta Burgers (Orale Burgers),rappi,5.99,2.12,1.24,1.0
46086.0,8.0,MEX,Ciudad de México,01 DOCTORES,Brunch & Munch,ubereats,7.36,2.1,0.88,1.0
46086.0,12.0,MEX,Ciudad de México,09 CHURUBUSCO,Brunch & Munch,ubereats,8.14,2.1,7.74,1.0
46086.0,16.0,MEX,Ciudad de México,03 POLANCO,Honest Food,didi,6.43,2.1,0.55,1.0
46086.0,12.0,MEX,Ciudad de México,02 SAN ANGEL,LA PANQUEQUERIA,didi,11.28,2.1,1.0,1.0
46086.0,16.0,MEX,Ciudad de México,27 IZTAPALAPA,Mr Beast Burger,didi,6.22,2.1,11.99,1.0
46086.0,19.0,MEX,Ciudad de México,05 COAPA,Mr Beast Burger,didi,16.15,2.1,5.99,1.0
46086.0,8.0,MEX,Ciudad de México,11 AZCAPOTZALCO,Órale Desayunos,didi,7.11,2.1,3.83,1.0
46086.0,16.0,MEX,Guadalajara,19 LA CALMA,Don Gyros & Kebab,rappi,13.31,2.1,0.95,1.0
46086.0,16.0,MEX,Monterrey,30 LINCOLN,Mr Beast Burger,didi,8.55,2.1,6.19,1.0
46086.0,16.0,MEX,Ciudad de México,11 AZCAPOTZALCO,House of Burgers,rappi,11.97,2.08,76.62,1.0
46086.0,13.0,MEX,Guadalajara,25 TABACHINES,Avocalia,rappi,6.43,2.08,0.54,1.0
46086.0,17.0,MEX,Guadalajara,25 TABACHINES,Green House,ubereats,18.92,2.08,0.25,1.0
46086.0,16.0,MEX,Guadalajara,34 TLAQUEPAQUE,La Neta Burgers (Orale Burgers),rappi,14.93,2.08,0.18,1.0
46086.0,9.0,MEX,Guadalajara,25 TABACHINES,Órale Desayunos,didi,9.9,2.08,1.06,1.0
46086.0,17.0,MEX,Monterrey,28 CARRETERA NACIONA,Foodhub,didi,17.25,2.08,40.93,1.0
46086.0,16.0,MEX,Monterrey,30 LINCOLN,Honest Food,rappi,6.62,2.08,0.34,1.0
46086.0,11.0,MEX,Puebla,41 VOLCANES,Green House,didi,19.23,2.08,4.78,1.0
46086.0,19.0,MEX,Puebla,26 CIUDAD JUDICIAL,Órale Chilaquiles,ubereats,13.93,2.08,10.01,1.0
46086.0,21.0,MEX,Ciudad de México,12 DEL VALLE,Avocalia,didi,6.22,2.07,0.72,1.0
46086.0,18.0,MEX,Ciudad de México,01 DOCTORES,AVOCALIA TURBO,rappi,3.55,2.07,8.07,1.0
46086.0,20.0,MEX,Ciudad de México,03 POLANCO,AVOCALIA TURBO,rappi,7.65,2.07,0.34,1.0
46086.0,18.0,MEX,Ciudad de México,12 DEL VALLE,Honest Food,rappi,10.87,2.07,1.15,1.0
46086.0,17.0,MEX,Ciudad de México,05 COAPA,House of Salads,ubereats,18.23,2.07,0.64,1.0
46086.0,9.0,MEX,Ciudad de México,03 POLANCO,The Wrap Company MX,didi,4.46,2.07,2.51,1.0
46086.0,8.0,MEX,Guadalajara,19 LA CALMA,Brunch & Munch,ubereats,23.04,2.07,16.43,1.0
46086.0,11.0,MEX,Guadalajara,14 JARDINES,Eggy by Chef Eva,didi,2.07,,7.21,1.0
46086.0,14.0,MEX,Guadalajara,40 JARDINES DEL VALL,Honest Food,didi,6.13,2.07,1.53,1.0
46086.0,14.0,MEX,Merida,37 CANEK,Fonda Local,rappi,12.22,2.07,0.99,1.0
46086.0,20.0,MEX,Merida,37 CANEK,Green House,ubereats,19.56,2.07,2.9,1.0
46086.0,13.0,MEX,Puebla,26 CIUDAD JUDICIAL,Chemaquiles,rappi,21.4,2.07,0.97,1.0
46086.0,14.0,MEX,Ciudad de México,02 SAN ANGEL,Avocalia,didi,6.24,2.05,7.03,1.0
46086.0,17.0,MEX,Ciudad de México,01 DOCTORES,Avocalia,ubereats,11.04,2.05,3.03,1.0
46086.0,17.0,MEX,Ciudad de México,05 COAPA,Avocalia,ubereats,12.87,2.05,5.88,1.0
46086.0,9.0,MEX,Ciudad de México,09 CHURUBUSCO,Foodhub,didi,14.1,2.05,3.91,1.0
46086.0,10.0,MEX,Ciudad de México,09 CHURUBUSCO,Foodhub,didi,10.13,2.05,0.97,1.0
46086.0,18.0,MEX,Ciudad de México,12 DEL VALLE,Honest Food,rappi,6.77,2.05,5.24,1.0
46086.0,13.0,MEX,Monterrey,38 SALTILLO CENTRO,Signature Salads,rappi,14.87,2.05,0.74,1.0
46086.0,12.0,MEX,Puebla,26 CIUDAD JUDICIAL,Avocalia,ubereats,18.31,2.05,0.81,1.0
46086.0,8.0,MEX,Zona Centro,24 METEPEC,Órale Desayunos,ubereats,15.99,2.05,1.71,1.0
46086.0,18.0,MEX,Ciudad de México,01 DOCTORES,Avocalia,didi,15.79,2.03,0.16,1.0
46086.0,17.0,MEX,Ciudad de México,01 DOCTORES,Avocalia,ubereats,13.05,2.03,0.92,1.0
46086.0,13.0,MEX,Ciudad de México,16 PEDREGAL,Fonda Local,rappi,20.05,2.03,0.84,1.0
46086.0,15.0,MEX,Ciudad de México,09 CHURUBUSCO,Green House,ubereats,10.76,2.03,1.0,1.0
46086.0,15.0,MEX,Ciudad de México,15 LINDAVISTA,Honest Food,rappi,9.75,2.03,10.14,1.0
46086.0,20.0,MEX,Ciudad de México,16 PEDREGAL,Mr Beast Burger,didi,15.89,2.03,28.99,1.0
46086.0,10.0,MEX,Ciudad de México,03 POLANCO,Órale Desayunos Turbo,rappi,5.81,2.03,1.1,1.0
46086.0,10.0,MEX,Ciudad de México,06 SATELITE,The Egg Spot,rappi,9.9,2.03,8.12,1.0
46086.0,16.0,MEX,Guadalajara,19 LA CALMA,Chicken Tenders Hub,rappi,15.01,2.03,12.48,1.0
46086.0,16.0,MEX,Guadalajara,25 TABACHINES,Fonda Local,didi,13.67,2.03,31.18,1.0
46086.0,17.0,MEX,Guadalajara,21 SANTA TERESITA,La Neta Burgers (Orale Burgers),rappi,10.11,2.03,5.95,1.0
46086.0,20.0,MEX,Merida,37 CANEK,Green House,rappi,17.65,2.03,17.95,1.0
46086.0,13.0,MEX,Merida,31 MONTEJO,The Wrap Company MX,didi,48.6,2.03,1.21,1.0
46086.0,20.0,MEX,Puebla,26 CIUDAD JUDICIAL,Órale Desayunos,ubereats,9.39,2.03,18.91,1.0
46086.0,12.0,MEX,Ciudad de México,15 LINDAVISTA,Órale Desayunos,ubereats,13.12,2.02,4.17,1.0
46086.0,22.0,MEX,Ciudad de México,03 POLANCO,Órale Desayunos,ubereats,7.77,2.02,0.45,1.0
46086.0,17.0,MEX,Merida,31 MONTEJO,FC Barcelona,rappi,26.96,2.02,20.8,1.0
46086.0,8.0,MEX,Monterrey,22 SAN NICOLAS,LA PANQUEQUERIA,ubereats,16.8,2.02,3.97,1.0
46086.0,15.0,MEX,Monterrey,10 SAN JERONIMO,Que Chicken,rappi,8.9,2.02,0.38,1.0
46086.0,17.0,MEX,Puebla,41 VOLCANES,Tasty Foods,rappi,22.46,2.02,37.29,1.0
46086.0,12.0,MEX,Ciudad de México,01 DOCTORES,Honest Food,didi,12.12,2.0,0.52,1.0
46086.0,12.0,MEX,Ciudad de México,12 DEL VALLE,LA PANQUEQUERIA,didi,21.72,2.0,17.14,1.0
46086.0,18.0,MEX,Ciudad de México,16 PEDREGAL,Que Chicken,ubereats,16.03,2.0,13.87,1.0
46086.0,15.0,MEX,Ciudad de México,12 DEL VALLE,The Salad Project,ubereats,13.96,2.0,19.17,1.0
46086.0,15.0,MEX,Guadalajara,19 LA CALMA,Avocalia,rappi,7.95,2.0,5.78,1.0
46086.0,22.0,MEX,Zona Centro,24 METEPEC,Green House,didi,9.93,2.0,9.7,1.0
46086.0,19.0,MEX,Zona Centro,24 METEPEC,Mr Beast Burger,didi,7.1,2.0,0.93,1.0
46086.0,14.0,MEX,Ciudad de México,51 SAMARA,Brunch & Munch,rappi,6.44,1.98,3.87,1.0
46086.0,18.0,MEX,Ciudad de México,03 POLANCO,Honest Food,ubereats,6.19,1.98,18.98,1.0
46086.0,12.0,MEX,Ciudad de México,05 COAPA,House of Salads,ubereats,10.92,1.98,7.11,1.0
46086.0,17.0,MEX,Ciudad de México,05 COAPA,Numa Cocina Mediterranea,didi,12.23,1.98,1.71,1.0
46086.0,17.0,MEX,Guadalajara,21 SANTA TERESITA,Avocalia,ubereats,17.21,1.98,4.82,1.0
46086.0,12.0,MEX,Guadalajara,19 LA CALMA,Honest Food,ubereats,14.4,1.98,1.58,1.0
46086.0,12.0,MEX,Guadalajara,34 TLAQUEPAQUE,Mr Beast Burger,didi,7.04,1.98,0.86,1.0
46086.0,13.0,MEX,Guadalajara,34 TLAQUEPAQUE,Mr Beast Burger,didi,6.57,1.98,0.31,1.0
46086.0,15.0,MEX,Merida,37 CANEK,Mr Beast Burger,ubereats,25.42,1.98,3.59,1.0
46086.0,21.0,MEX,Ciudad de México,09 CHURUBUSCO,Avocalia,didi,6.1,1.97,0.79,1.0
46086.0,11.0,MEX,Ciudad de México,01 DOCTORES,Avocalia,rappi,18.07,1.97,0.18,1.0
46086.0,12.0,MEX,Ciudad de México,01 DOCTORES,Avocalia,ubereats,11.3,1.97,0.59,1.0
46086.0,16.0,MEX,Ciudad de México,05 COAPA,Brunch & Munch,ubereats,16.36,1.97,11.63,1.0
46086.0,16.0,MEX,Ciudad de México,16 PEDREGAL,Don Gyros & Kebab,ubereats,15.8,1.97,8.31,1.0
46086.0,13.0,MEX,Ciudad de México,15 LINDAVISTA,Honest Food,didi,5.89,1.97,1.0,1.0
46086.0,16.0,MEX,Ciudad de México,06 SATELITE,Honest Food,ubereats,15.11,1.97,31.83,1.0
46086.0,9.0,MEX,Ciudad de México,02 SAN ANGEL,LA PANQUEQUERIA,didi,6.6,1.97,0.3,1.0
46086.0,20.0,MEX,Ciudad de México,01 DOCTORES,Mr Beast Burger,didi,19.82,1.97,12.19,1.0
46086.0,12.0,MEX,Ciudad de México,03 POLANCO,Órale Desayunos,ubereats,8.04,1.97,9.91,1.0
46086.0,17.0,MEX,Ciudad de México,05 COAPA,Que Chicken,rappi,10.87,1.97,0.42,1.0
46086.0,18.0,MEX,Monterrey,30 LINCOLN,Honest Food,didi,5.1,1.97,1.77,1.0
46086.0,15.0,MEX,Monterrey,30 LINCOLN,Honest Food,rappi,6.04,1.97,0.87,1.0
46086.0,17.0,MEX,Monterrey,30 LINCOLN,La Neta Burgers (Orale Burgers),rappi,9.08,1.97,0.82,1.0
46086.0,15.0,MEX,Puebla,41 VOLCANES,Green House,ubereats,19.09,1.97,1.62,1.0
46086.0,16.0,MEX,Puebla,41 VOLCANES,House of Burgers,rappi,21.72,1.97,2.48,1.0
46086.0,15.0,MEX,Zona Centro,24 METEPEC,Avocalia,ubereats,18.07,1.97,7.8,1.0
46086.0,12.0,MEX,Ciudad de México,05 COAPA,Brunch & Munch,rappi,10.74,1.95,0.57,1.0
46086.0,11.0,MEX,Ciudad de México,27 IZTAPALAPA,Chemaquiles,rappi,8.89,1.95,42.45,1.0
46086.0,15.0,MEX,Ciudad de México,05 COAPA,Honest Food,ubereats,12.61,1.95,1.27,1.0
46086.0,14.0,MEX,Ciudad de México,01 DOCTORES,House of Salads,didi,8.52,1.95,0.18,1.0
46086.0,12.0,MEX,Ciudad de México,05 COAPA,LA PANQUEQUERIA,ubereats,6.58,1.95,4.04,1.0
46086.0,16.0,MEX,Guadalajara,19 LA CALMA,Don Gyros & Kebab,ubereats,21.74,1.95,16.22,1.0
46086.0,15.0,MEX,Guadalajara,34 TLAQUEPAQUE,Fonda Local,didi,10.38,1.95,17.09,1.0
46086.0,15.0,MEX,Merida,31 MONTEJO,Green House,ubereats,19.89,1.95,5.6,1.0
46086.0,18.0,MEX,Monterrey,30 LINCOLN,Honest Food,rappi,6.17,1.95,1.15,1.0
46086.0,9.0,MEX,Monterrey,23 SANTA CATARINA,Pozórale,didi,14.03,1.95,4.99,1.0
46086.0,9.0,MEX,Ciudad de México,15 LINDAVISTA,Brunch & Munch,didi,15.08,1.93,1.82,1.0
46086.0,19.0,MEX,Ciudad de México,16 PEDREGAL,Green House,rappi,15.97,1.93,0.87,1.0
46086.0,12.0,MEX,Ciudad de México,03 POLANCO,Green House,ubereats,16.03,1.93,3.62,1.0
46086.0,16.0,MEX,Ciudad de México,16 PEDREGAL,Green House,ubereats,12.25,1.93,20.86,1.0
46086.0,15.0,MEX,Ciudad de México,12 DEL VALLE,Honest Food,ubereats,15.54,1.93,3.05,1.0
46086.0,15.0,MEX,Ciudad de México,27 IZTAPALAPA,Mr Beast Burger,ubereats,9.91,1.93,2.75,1.0
46086.0,16.0,MEX,Ciudad de México,12 DEL VALLE,Que Chicken,ubereats,18.87,1.93,8.18,1.0
46086.0,17.0,MEX,Guadalajara,34 TLAQUEPAQUE,Fonda Local,didi,26.05,1.93,0.4,1.0
46086.0,19.0,MEX,Guadalajara,21 SANTA TERESITA,Green House,ubereats,19.15,1.93,1.23,1.0
46086.0,16.0,MEX,Guadalajara,19 LA CALMA,Numa Cocina Mediterranea,ubereats,27.08,1.93,4.45,1.0
46086.0,16.0,MEX,Ciudad de México,11 AZCAPOTZALCO,Avocalia,didi,13.46,1.92,51.63,1.0
46086.0,20.0,MEX,Ciudad de México,11 AZCAPOTZALCO,Avocalia,didi,9.37,1.92,2.64,1.0
46086.0,16.0,MEX,Ciudad de México,12 DEL VALLE,Honest Food,ubereats,9.16,1.92,33.85,1.0
46086.0,12.0,MEX,Ciudad de México,09 CHURUBUSCO,Honest Food Turbo,rappi,9.0,1.92,7.22,1.0
46086.0,15.0,MEX,Ciudad de México,15 LINDAVISTA,La Neta Burgers (Orale Burgers),rappi,6.21,1.92,9.55,1.0
46086.0,16.0,MEX,Ciudad de México,16 PEDREGAL,Mr Beast Burger,didi,15.06,1.92,11.19,1.0
46086.0,12.0,MEX,Ciudad de México,03 POLANCO,Orale Chilaquiles Turbo,rappi,3.8,1.92,14.81,1.0
46086.0,12.0,MEX,Ciudad de México,03 POLANCO,Orale Chilaquiles Turbo,rappi,7.62,1.92,3.07,1.0
46086.0,9.0,MEX,Ciudad de México,05 COAPA,Órale Desayunos,didi,11.43,1.92,9.05,1.0
46086.0,12.0,MEX,Ciudad de México,05 COAPA,Órale Desayunos,ubereats,12.37,1.92,0.7,1.0
46086.0,16.0,MEX,Ciudad de México,03 POLANCO,Que Chicken,ubereats,8.91,1.92,30.05,1.0
46086.0,13.0,MEX,Guadalajara,40 JARDINES DEL VALL,Brunch & Munch,ubereats,7.53,1.92,7.53,1.0
46086.0,21.0,MEX,Guadalajara,34 TLAQUEPAQUE,Mr Beast Burger,didi,6.19,1.92,0.27,1.0
46086.0,17.0,MEX,Monterrey,13 TEC,Fonda Local,didi,6.16,1.92,0.67,1.0
46086.0,19.0,MEX,Puebla,26 CIUDAD JUDICIAL,Numa Cocina Mediterranea,ubereats,11.06,1.92,9.27,1.0
46086.0,7.0,MEX,Puebla,41 VOLCANES,Órale Desayunos,didi,14.43,1.92,3.54,1.0
46086.0,12.0,MEX,Ciudad de México,03 POLANCO,Avocalia,ubereats,8.95,1.9,0.76,1.0
46086.0,12.0,MEX,Ciudad de México,15 LINDAVISTA,Brunch & Munch,ubereats,2.8,1.9,12.56,1.0
46086.0,16.0,MEX,Ciudad de México,16 PEDREGAL,Honest Food,ubereats,15.89,1.9,10.94,1.0
46086.0,16.0,MEX,Ciudad de México,04 SANTA FE,Numa Cocina Mediterranea,ubereats,15.81,1.9,39.09,1.0
46086.0,16.0,MEX,Ciudad de México,06 SATELITE,Que Chicken,ubereats,15.2,1.9,26.73,1.0
46086.0,14.0,MEX,Guadalajara,34 TLAQUEPAQUE,House of Salads,ubereats,27.68,1.9,25.87,1.0
46086.0,15.0,MEX,Guadalajara,19 LA CALMA,Mr Beast Burger,didi,14.21,1.9,6.95,1.0
46086.0,12.0,MEX,Guadalajara,25 TABACHINES,Pozórale,didi,11.26,1.9,37.57,1.0
46086.0,16.0,MEX,Merida,31 MONTEJO,House of Salads,didi,17.0,1.9,3.83,1.0
46086.0,9.0,MEX,Merida,37 CANEK,LA PANQUEQUERIA,rappi,18.44,1.9,3.83,1.0
46086.0,9.0,MEX,Merida,37 CANEK,LA PANQUEQUERIA,rappi,17.21,1.9,5.05,1.0
46086.0,18.0,MEX,Merida,31 MONTEJO,Mr Beast Burger,didi,23.21,1.9,0.07,1.0
46086.0,15.0,MEX,Ciudad de México,12 DEL VALLE,Avocalia,ubereats,8.79,1.88,1.05,1.0
46086.0,12.0,MEX,Ciudad de México,27 IZTAPALAPA,Honest Food,ubereats,10.52,1.88,6.4,1.0
46086.0,17.0,MEX,Ciudad de México,01 DOCTORES,House of Salads,didi,9.36,1.88,42.66,1.0
46086.0,16.0,MEX,Ciudad de México,12 DEL VALLE,LA PANQUEQUERIA,ubereats,18.06,1.88,1.19,1.0
46086.0,15.0,MEX,Ciudad de México,04 SANTA FE,The Breakfast Club,didi,7.99,1.88,8.47,1.0
46086.0,16.0,MEX,Guadalajara,14 JARDINES,La Neta Burgers (Orale Burgers),didi,11.88,1.88,1.99,1.0
46086.0,7.0,MEX,Merida,37 CANEK,Desayunos de la Abuela,ubereats,12.89,1.88,3.93,1.0
46086.0,7.0,MEX,Monterrey,38 SALTILLO CENTRO,Órale Desayunos,ubereats,5.65,1.88,14.47,1.0
46086.0,13.0,MEX,Puebla,26 CIUDAD JUDICIAL,Que Chicken,rappi,9.61,1.88,0.38,1.0
46086.0,14.0,MEX,Ciudad de México,52 MANACAR,Avocalia,didi,3.99,1.87,2.85,1.0
46086.0,15.0,MEX,Ciudad de México,04 SANTA FE,Avocalia,ubereats,12.96,1.87,5.92,1.0
46086.0,16.0,MEX,Ciudad de México,27 IZTAPALAPA,Avocalia,ubereats,6.58,1.87,6.38,1.0
46086.0,20.0,MEX,Ciudad de México,11 AZCAPOTZALCO,Avocalia,ubereats,11.04,1.87,0.93,1.0
46086.0,12.0,MEX,Ciudad de México,01 DOCTORES,Brunch & Munch,rappi,11.17,1.87,0.87,1.0
46086.0,12.0,MEX,Ciudad de México,03 POLANCO,Green House,ubereats,8.3,1.87,1.71,1.0
46086.0,13.0,MEX,Ciudad de México,16 PEDREGAL,Honest Food,didi,10.66,1.87,3.05,1.0
46086.0,15.0,MEX,Ciudad de México,04 SANTA FE,Honest Food,ubereats,15.03,1.87,8.13,1.0
46086.0,12.0,MEX,Ciudad de México,05 COAPA,The Salad Project,ubereats,10.9,1.87,6.88,1.0
46086.0,13.0,MEX,Guadalajara,40 JARDINES DEL VALL,Fonda Local,didi,12.95,1.87,15.64,1.0
46086.0,18.0,MEX,Guadalajara,34 TLAQUEPAQUE,Pozórale,didi,5.76,1.87,4.88,1.0
46086.0,12.0,MEX,Merida,31 MONTEJO,Avocalia,rappi,22.95,1.87,19.8,1.0
46086.0,19.0,MEX,Merida,37 CANEK,Mr Beast Burger,ubereats,11.89,1.87,19.19,1.0
46086.0,22.0,MEX,Puebla,41 VOLCANES,LA PANQUEQUERIA,didi,9.8,1.87,4.12,1.0
46086.0,14.0,MEX,Ciudad de México,15 LINDAVISTA,Órale Desayunos,rappi,2.13,1.85,9.82,1.0
46086.0,20.0,MEX,Guadalajara,14 JARDINES,Brunch & Munch,rappi,28.72,1.85,0.41,1.0
46086.0,10.0,MEX,Merida,31 MONTEJO,The Wrap Company MX,didi,7.14,1.85,11.87,1.0
46086.0,13.0,MEX,Monterrey,17 CUMBRES,Mr Beast Burger,didi,10.13,1.85,1.07,1.0
46086.0,16.0,MEX,Ciudad de México,03 POLANCO,Avocalia,ubereats,10.6,1.83,22.54,1.0
46086.0,11.0,MEX,Guadalajara,40 JARDINES DEL VALL,Órale Desayunos,didi,10.11,1.83,2.02,1.0
46086.0,18.0,MEX,Guadalajara,45 ESTADIO,The Salad Project,ubereats,14.07,1.83,0.93,1.0
46086.0,16.0,MEX,Monterrey,22 SAN NICOLAS,Avocalia,ubereats,3.23,1.83,19.87,1.0
46086.0,22.0,MEX,Monterrey,30 LINCOLN,Mr Beast Burger,rappi,5.99,1.83,20.95,1.0
46086.0,17.0,MEX,Puebla,41 VOLCANES,Que Chicken,ubereats,13.44,1.83,1.4,1.0
46086.0,16.0,MEX,Zona Centro,24 METEPEC,Avocalia,ubereats,13.77,1.83,16.95,1.0
46086.0,14.0,MEX,Ciudad de México,05 COAPA,Avocalia,didi,7.23,1.82,3.98,1.0
46086.0,15.0,MEX,Ciudad de México,27 IZTAPALAPA,Avocalia,didi,5.95,1.82,0.86,1.0
46086.0,15.0,MEX,Ciudad de México,02 SAN ANGEL,Avocalia,ubereats,10.7,1.82,7.04,1.0
46086.0,8.0,MEX,Ciudad de México,11 AZCAPOTZALCO,Desayunos de la Abuela,rappi,14.94,1.82,0.79,1.0
46086.0,13.0,MEX,Ciudad de México,04 SANTA FE,Fonda Local,didi,8.13,1.82,0.49,1.0
46086.0,22.0,MEX,Ciudad de México,05 COAPA,Green House,ubereats,9.13,1.82,0.95,1.0
46086.0,16.0,MEX,Ciudad de México,05 COAPA,Honest Food,ubereats,18.76,1.82,3.45,1.0
46086.0,11.0,MEX,Ciudad de México,05 COAPA,LA PANQUEQUERIA,didi,6.19,1.82,0.63,1.0
46086.0,15.0,MEX,Ciudad de México,06 SATELITE,Mr Beast Burger,ubereats,17.04,1.82,2.13,1.0
46086.0,15.0,MEX,Guadalajara,21 SANTA TERESITA,Fonda Local,ubereats,9.34,1.82,12.72,1.0
46086.0,17.0,MEX,Merida,37 CANEK,Green House,ubereats,21.17,1.82,2.92,1.0
46086.0,13.0,MEX,Monterrey,28 CARRETERA NACIONA,Mr Beast Burger,didi,8.55,1.82,0.24,1.0
46086.0,13.0,MEX,Monterrey,28 CARRETERA NACIONA,Órale Desayunos,rappi,9.7,1.82,0.92,1.0
46086.0,18.0,MEX,Puebla,26 CIUDAD JUDICIAL,Brunch & Munch,ubereats,17.78,1.82,4.27,1.0
46086.0,16.0,MEX,Puebla,26 CIUDAD JUDICIAL,Honest Food,ubereats,12.06,1.82,9.11,1.0
46086.0,15.0,MEX,Zona Centro,24 METEPEC,Avocalia,ubereats,15.53,1.82,49.42,1.0
46086.0,16.0,MEX,Ciudad de México,09 CHURUBUSCO,Avocalia,ubereats,14.76,1.8,1.23,1.0
46086.0,16.0,MEX,Ciudad de México,04 SANTA FE,Avocalia,ubereats,5.14,1.8,40.72,1.0
46086.0,19.0,MEX,Ciudad de México,12 DEL VALLE,Avocalia,ubereats,6.46,1.8,20.19,1.0
46086.0,17.0,MEX,Ciudad de México,02 SAN ANGEL,Fonda Local,didi,21.29,1.8,18.5,1.0
46086.0,16.0,MEX,Ciudad de México,01 DOCTORES,Green House,didi,8.97,1.8,1.7,1.0
46086.0,21.0,MEX,Ciudad de México,02 SAN ANGEL,Green House,rappi,14.7,1.8,0.74,1.0
46086.0,18.0,MEX,Ciudad de México,02 SAN ANGEL,Mr Beast Burger,ubereats,15.65,1.8,14.01,1.0
46086.0,10.0,MEX,Ciudad de México,01 DOCTORES,Órale Desayunos,rappi,14.94,1.8,3.18,1.0
46086.0,13.0,MEX,Ciudad de México,27 IZTAPALAPA,Órale Desayunos,ubereats,11.05,1.8,3.75,1.0
46086.0,19.0,MEX,Ciudad de México,02 SAN ANGEL,Que Chicken,ubereats,14.77,1.8,3.87,1.0
46086.0,16.0,MEX,Guadalajara,21 SANTA TERESITA,Avocalia,ubereats,6.18,1.8,25.87,1.0
46086.0,12.0,MEX,Guadalajara,45 ESTADIO,Brunch & Munch,rappi,6.64,1.8,1.46,1.0
46086.0,15.0,MEX,Merida,31 MONTEJO,Green House,ubereats,15.84,1.8,42.55,1.0
46086.0,16.0,MEX,Monterrey,30 LINCOLN,House of Salads,ubereats,10.73,1.8,1.12,1.0
46086.0,15.0,MEX,Monterrey,22 SAN NICOLAS,Mr Beast Burger,didi,10.07,1.8,3.78,1.0
46086.0,8.0,MEX,Monterrey,10 SAN JERONIMO,Órale Desayunos,didi,3.16,1.8,6.11,1.0
46086.0,13.0,MEX,Monterrey,17 CUMBRES,The Egg Spot,ubereats,9.04,1.8,9.96,1.0
46086.0,10.0,MEX,Monterrey,23 SANTA CATARINA,The Wrap Company MX,didi,12.13,1.8,0.92,1.0
46086.0,17.0,MEX,Puebla,26 CIUDAD JUDICIAL,Green House,ubereats,4.33,1.8,6.1,1.0
46086.0,16.0,MEX,Ciudad de México,06 SATELITE,Avocalia,ubereats,25.71,1.78,32.22,1.0
46086.0,10.0,MEX,Ciudad de México,52 MANACAR,Brunch & Munch,rappi,8.34,1.78,14.9,1.0
46086.0,13.0,MEX,Ciudad de México,02 SAN ANGEL,Honest Food,didi,10.84,1.78,0.36,1.0
46086.0,13.0,MEX,Ciudad de México,06 SATELITE,Honest Food,ubereats,8.37,1.78,3.47,1.0
46086.0,16.0,MEX,Ciudad de México,05 COAPA,Honest Food,ubereats,17.86,1.78,3.01,1.0
46086.0,13.0,MEX,Ciudad de México,12 DEL VALLE,La Neta Burgers (Orale Burgers),rappi,16.12,1.78,9.21,1.0
46086.0,13.0,MEX,Ciudad de México,12 DEL VALLE,La Neta Burgers (Orale Burgers),rappi,11.71,1.78,12.2,1.0
46086.0,15.0,MEX,Ciudad de México,04 SANTA FE,Numa Cocina Mediterranea,ubereats,17.44,1.78,1.6,1.0
46086.0,15.0,MEX,Ciudad de México,06 SATELITE,Que Chicken,rappi,3.75,1.78,11.08,1.0
46086.0,19.0,MEX,Ciudad de México,04 SANTA FE,Que Chicken,ubereats,16.97,1.78,0.68,1.0
46086.0,16.0,MEX,Guadalajara,14 JARDINES,Honest Food,ubereats,16.96,1.78,15.92,1.0
46086.0,13.0,MEX,Merida,37 CANEK,Desayunos de la Abuela,didi,9.18,1.78,7.58,1.0
46086.0,16.0,MEX,Merida,37 CANEK,Green House,ubereats,27.18,1.78,8.23,1.0
46086.0,16.0,MEX,Puebla,41 VOLCANES,Avocalia,didi,9.41,1.78,15.86,1.0
46086.0,15.0,MEX,Zona Centro,24 METEPEC,Mr Beast Burger,ubereats,24.92,1.78,3.06,1.0
46086.0,10.0,MEX,Ciudad de México,11 AZCAPOTZALCO,Avocalia,ubereats,12.26,1.77,0.96,1.0
46086.0,15.0,MEX,Ciudad de México,16 PEDREGAL,Avocalia,ubereats,10.47,1.77,7.44,1.0
46086.0,10.0,MEX,Ciudad de México,01 DOCTORES,Brunch & Munch,ubereats,18.03,1.77,8.83,1.0
46086.0,10.0,MEX,Ciudad de México,51 SAMARA,Desayunos de la Abuela,didi,6.57,1.77,6.39,1.0
46086.0,10.0,MEX,Ciudad de México,05 COAPA,Órale Desayunos,ubereats,7.98,1.77,16.68,1.0
46086.0,10.0,MEX,Ciudad de México,05 COAPA,Órale Desayunos,ubereats,7.96,1.77,13.96,1.0
46086.0,15.0,MEX,Ciudad de México,06 SATELITE,Que Chicken,rappi,14.09,1.77,0.73,1.0
46086.0,21.0,MEX,Ciudad de México,02 SAN ANGEL,Que Chicken,rappi,35.8,1.77,1.12,1.0
46086.0,13.0,MEX,Guadalajara,25 TABACHINES,Mr Beast Burger,didi,10.82,1.77,1.93,1.0
46086.0,8.0,MEX,Monterrey,17 CUMBRES,Desayunos de la Abuela,didi,5.95,1.77,0.82,1.0
46086.0,12.0,MEX,Monterrey,38 SALTILLO CENTRO,Órale Desayunos,rappi,18.74,1.77,0.22,1.0
46086.0,10.0,MEX,Ciudad de México,09 CHURUBUSCO,Avocalia Desayunos,ubereats,15.81,1.75,5.13,1.0
46086.0,22.0,MEX,Ciudad de México,09 CHURUBUSCO,Chicken Tenders Hub,rappi,11.31,1.75,4.6,1.0
46086.0,11.0,MEX,Ciudad de México,16 PEDREGAL,LA PANQUEQUERIA,didi,13.78,1.75,6.89,1.0
46086.0,20.0,MEX,Ciudad de México,04 SANTA FE,Signature Salads,rappi,15.51,1.75,0.29,1.0
46086.0,15.0,MEX,Guadalajara,21 SANTA TERESITA,House of Salads,ubereats,10.0,1.75,11.15,1.0
46086.0,11.0,MEX,Guadalajara,45 ESTADIO,LA PANQUEQUERIA,didi,12.95,1.75,0.14,1.0
46086.0,12.0,MEX,Guadalajara,21 SANTA TERESITA,Órale Desayunos,rappi,14.7,1.75,6.97,1.0
46086.0,10.0,MEX,Merida,31 MONTEJO,Brunch & Munch,ubereats,14.81,1.75,21.21,1.0
46086.0,10.0,MEX,Monterrey,13 TEC,Brunch & Munch,ubereats,3.5,1.75,12.91,1.0
46086.0,10.0,MEX,Monterrey,13 TEC,Órale Desayunos,ubereats,7.93,1.75,10.02,1.0
46086.0,10.0,MEX,Ciudad de México,27 IZTAPALAPA,Brunch & Munch,ubereats,13.86,1.73,2.36,1.0
46086.0,17.0,MEX,Ciudad de México,06 SATELITE,Cocina Corrida,ubereats,14.26,1.73,7.02,1.0
46086.0,10.0,MEX,Ciudad de México,15 LINDAVISTA,Desayunos de la Abuela,ubereats,5.97,1.73,13.96,1.0
46086.0,14.0,MEX,Ciudad de México,06 SATELITE,Green House,ubereats,6.24,1.73,7.91,1.0
46086.0,19.0,MEX,Ciudad de México,01 DOCTORES,Honest Food,ubereats,17.06,1.73,8.06,1.0
46086.0,10.0,MEX,Ciudad de México,03 POLANCO,LA PANQUEQUERIA,ubereats,15.65,1.73,1.45,1.0
46086.0,10.0,MEX,Ciudad de México,12 DEL VALLE,LA PANQUEQUERIA,ubereats,21.47,1.73,0.77,1.0
46086.0,19.0,MEX,Ciudad de México,11 AZCAPOTZALCO,Mr Beast Burger,didi,10.66,1.73,0.96,1.0
46086.0,10.0,MEX,Ciudad de México,03 POLANCO,Órale Desayunos,ubereats,14.68,1.73,3.53,1.0
46086.0,10.0,MEX,Ciudad de México,05 COAPA,Órale Desayunos,ubereats,11.77,1.73,2.32,1.0
46086.0,10.0,MEX,Ciudad de México,12 DEL VALLE,The Breakfast Club,ubereats,18.76,1.73,13.18,1.0
46086.0,10.0,MEX,Ciudad de México,15 LINDAVISTA,The Breakfast Club,ubereats,7.36,1.73,10.17,1.0
46086.0,16.0,MEX,Guadalajara,45 ESTADIO,Mr Beast Burger,didi,9.96,1.73,0.99,1.0
46086.0,16.0,MEX,Guadalajara,14 JARDINES,Que Chicken,ubereats,10.27,1.73,8.69,1.0
46086.0,17.0,MEX,Merida,31 MONTEJO,Avocalia,didi,14.84,1.73,7.19,1.0
46086.0,13.0,MEX,Merida,31 MONTEJO,Avocalia,ubereats,37.96,1.73,10.08,1.0
46086.0,18.0,MEX,Monterrey,13 TEC,Avocalia,didi,9.9,1.73,0.24,1.0
46086.0,15.0,MEX,Puebla,41 VOLCANES,Avocalia,ubereats,17.89,1.73,0.82,1.0
46086.0,9.0,MEX,Zona Centro,24 METEPEC,Brunch & Munch,ubereats,16.13,1.73,1.16,1.0
46086.0,15.0,MEX,Zona Centro,24 METEPEC,Mr Beast Burger,didi,10.9,1.73,12.87,1.0
46086.0,10.0,MEX,Ciudad de México,05 COAPA,Avocalia Desayunos,ubereats,7.72,1.72,13.48,1.0
46086.0,10.0,MEX,Ciudad de México,09 CHURUBUSCO,Brunch & Munch,ubereats,19.02,1.72,3.01,1.0
46086.0,10.0,MEX,Ciudad de México,04 SANTA FE,House of Salads,ubereats,8.8,1.72,8.47,1.0
46086.0,10.0,MEX,Ciudad de México,11 AZCAPOTZALCO,LA PANQUEQUERIA,ubereats,4.5,1.72,11.82,1.0
46086.0,10.0,MEX,Ciudad de México,27 IZTAPALAPA,Órale Desayunos,ubereats,15.16,1.72,2.74,1.0
46086.0,10.0,MEX,Ciudad de México,12 DEL VALLE,Órale Desayunos,ubereats,8.98,1.72,2.75,1.0
46086.0,10.0,MEX,Ciudad de México,06 SATELITE,Órale Desayunos,ubereats,10.07,1.72,7.86,1.0
46086.0,10.0,MEX,Ciudad de México,06 SATELITE,Órale Desayunos,ubereats,2.9,1.72,8.9,1.0
46086.0,10.0,MEX,Ciudad de México,01 DOCTORES,Órale Desayunos,ubereats,17.07,1.72,1.74,1.0
46086.0,10.0,MEX,Ciudad de México,04 SANTA FE,Órale Desayunos,ubereats,8.4,1.72,1.58,1.0
46086.0,18.0,MEX,Ciudad de México,02 SAN ANGEL,Que Chicken,rappi,1.72,,0.64,1.0
46086.0,20.0,MEX,Ciudad de México,03 POLANCO,Que Chicken,ubereats,10.01,1.72,6.02,1.0
46086.0,21.0,MEX,Ciudad de México,02 SAN ANGEL,Que Chicken,ubereats,14.27,1.72,1.55,1.0
46086.0,10.0,MEX,Guadalajara,21 SANTA TERESITA,Brunch & Munch,ubereats,10.66,1.72,9.0,1.0
46086.0,10.0,MEX,Guadalajara,25 TABACHINES,Brunch & Munch,ubereats,15.79,1.72,1.38,1.0
46086.0,16.0,MEX,Guadalajara,40 JARDINES DEL VALL,Honest Food,didi,13.82,1.72,7.15,1.0
46086.0,11.0,MEX,Guadalajara,19 LA CALMA,LA PANQUEQUERIA,didi,13.64,1.72,1.52,1.0
46086.0,9.0,MEX,Guadalajara,45 ESTADIO,LA PANQUEQUERIA,ubereats,18.71,1.72,1.29,1.0
46086.0,15.0,MEX,Guadalajara,40 JARDINES DEL VALL,Mr Beast Burger,rappi,15.23,1.72,1.04,1.0
46086.0,11.0,MEX,Guadalajara,21 SANTA TERESITA,Órale Chilaquiles,rappi,8.19,1.72,0.74,1.0
46086.0,12.0,MEX,Guadalajara,34 TLAQUEPAQUE,Órale Desayunos,rappi,3.01,1.72,29.09,1.0
46086.0,15.0,MEX,Merida,37 CANEK,Green House,ubereats,20.93,1.72,2.66,1.0
46086.0,10.0,MEX,Merida,37 CANEK,Órale Desayunos,ubereats,5.71,1.72,11.43,1.0
46086.0,10.0,MEX,Monterrey,23 SANTA CATARINA,Avocalia,ubereats,8.14,1.72,9.02,1.0
46086.0,10.0,MEX,Monterrey,23 SANTA CATARINA,Brunch & Munch,ubereats,7.86,1.72,8.48,1.0
46086.0,15.0,MEX,Monterrey,22 SAN NICOLAS,Numa Cocina Mediterranea,ubereats,14.28,1.72,7.72,1.0
46086.0,10.0,MEX,Zona Centro,24 METEPEC,Avocalia,ubereats,4.12,1.72,11.07,1.0
46086.0,21.0,MEX,Ciudad de México,03 POLANCO,Avocalia,ubereats,9.78,1.7,1.72,1.0
46086.0,10.0,MEX,Ciudad de México,05 COAPA,Avocalia Desayunos,ubereats,5.19,1.7,14.19,1.0
46086.0,10.0,MEX,Ciudad de México,27 IZTAPALAPA,Avocalia Desayunos,ubereats,5.74,1.7,12.2,1.0
46086.0,10.0,MEX,Ciudad de México,03 POLANCO,Brunch & Munch,ubereats,5.77,1.7,8.06,1.0
46086.0,10.0,MEX,Ciudad de México,12 DEL VALLE,Desayunos de la Abuela,ubereats,11.68,1.7,6.33,1.0
46086.0,10.0,MEX,Ciudad de México,15 LINDAVISTA,Eggy by Chef Eva,ubereats,5.9,1.7,12.18,1.0
46086.0,21.0,MEX,Ciudad de México,04 SANTA FE,Fonda Local,didi,34.02,1.7,0.55,1.0
46086.0,15.0,MEX,Ciudad de México,05 COAPA,Fonda Local,rappi,10.27,1.7,8.67,1.0
46086.0,10.0,MEX,Ciudad de México,16 PEDREGAL,LA PANQUEQUERIA,ubereats,11.92,1.7,1.07,1.0
46086.0,8.0,MEX,Ciudad de México,03 POLANCO,The Breakfast Club,rappi,6.5,1.7,0.41,1.0
46086.0,10.0,MEX,Ciudad de México,01 DOCTORES,The Breakfast Club,ubereats,6.09,1.7,11.64,1.0
46086.0,10.0,MEX,Guadalajara,21 SANTA TERESITA,Brunch & Munch,ubereats,14.2,1.7,8.88,1.0
46086.0,11.0,MEX,Guadalajara,14 JARDINES,Desayunos de la Abuela,didi,24.32,1.7,0.04,1.0
46086.0,18.0,MEX,Guadalajara,34 TLAQUEPAQUE,Fonda Local,didi,9.18,1.7,11.78,1.0
46086.0,14.0,MEX,Guadalajara,19 LA CALMA,Subs & Soups,didi,11.12,1.7,9.21,1.0
46086.0,10.0,MEX,Guadalajara,34 TLAQUEPAQUE,The Egg Spot,didi,5.25,1.7,1.07,1.0
46086.0,20.0,MEX,Merida,31 MONTEJO,Green House,ubereats,10.4,1.7,34.62,1.0
46086.0,13.0,MEX,Merida,31 MONTEJO,Tasty Foods,rappi,34.48,1.7,32.87,1.0
46086.0,8.0,MEX,Merida,37 CANEK,The Breakfast Club,rappi,7.13,1.7,5.01,1.0
46086.0,10.0,MEX,Monterrey,17 CUMBRES,Brunch & Munch,ubereats,17.86,1.7,3.81,1.0
46086.0,21.0,MEX,Monterrey,17 CUMBRES,House of Salads,rappi,13.89,1.7,5.18,1.0
46086.0,9.0,MEX,Monterrey,38 SALTILLO CENTRO,LA PANQUEQUERIA,ubereats,19.77,1.7,9.05,1.0
46086.0,20.0,MEX,Monterrey,13 TEC,Órale Desayunos Turbo,rappi,5.34,1.7,0.98,1.0
46086.0,21.0,MEX,Puebla,41 VOLCANES,Que Chicken,ubereats,9.95,1.7,6.1,1.0
46086.0,21.0,MEX,Ciudad de México,03 POLANCO,Avocalia,ubereats,9.78,1.68,1.06,1.0
46086.0,9.0,MEX,Ciudad de México,51 SAMARA,Avocalia Desayunos,ubereats,18.22,1.68,18.07,1.0
46086.0,10.0,MEX,Ciudad de México,27 IZTAPALAPA,Avocalia Desayunos,ubereats,6.35,1.68,10.03,1.0
46086.0,10.0,MEX,Ciudad de México,09 CHURUBUSCO,Brunch & Munch,ubereats,10.86,1.68,4.82,1.0
46086.0,10.0,MEX,Ciudad de México,15 LINDAVISTA,Brunch & Munch,ubereats,4.43,1.68,17.9,1.0
46086.0,10.0,MEX,Ciudad de México,09 CHURUBUSCO,Brunch & Munch,ubereats,13.95,1.68,1.78,1.0
46086.0,10.0,MEX,Ciudad de México,02 SAN ANGEL,Brunch & Munch,ubereats,8.14,1.68,3.78,1.0
46086.0,10.0,MEX,Ciudad de México,05 COAPA,Brunch & Munch,ubereats,7.2,1.68,18.06,1.0
46086.0,10.0,MEX,Ciudad de México,15 LINDAVISTA,Brunch & Munch,ubereats,9.16,1.68,11.78,1.0
46086.0,13.0,MEX,Ciudad de México,16 PEDREGAL,Brunch & Munch,ubereats,11.07,1.68,0.87,1.0
46086.0,10.0,MEX,Ciudad de México,27 IZTAPALAPA,Chemaquiles,ubereats,18.24,1.68,2.02,1.0
46086.0,20.0,MEX,Ciudad de México,05 COAPA,Green House,ubereats,9.23,1.68,7.16,1.0
46086.0,9.0,MEX,Ciudad de México,12 DEL VALLE,LA PANQUEQUERIA,ubereats,27.98,1.68,9.84,1.0
46086.0,9.0,MEX,Ciudad de México,06 SATELITE,LA PANQUEQUERIA,ubereats,9.91,1.68,32.21,1.0
46086.0,10.0,MEX,Ciudad de México,01 DOCTORES,LA PANQUEQUERIA,ubereats,7.68,1.68,2.42,1.0
46086.0,10.0,MEX,Ciudad de México,12 DEL VALLE,Órale Desayunos,ubereats,19.13,1.68,1.28,1.0
46086.0,10.0,MEX,Ciudad de México,01 DOCTORES,Órale Desayunos,ubereats,13.35,1.68,1.78,1.0
46086.0,10.0,MEX,Ciudad de México,06 SATELITE,Órale Desayunos,ubereats,18.6,1.68,1.08,1.0
46086.0,19.0,MEX,Ciudad de México,05 COAPA,Que Chicken,didi,11.01,1.68,1.92,1.0
46086.0,10.0,MEX,Guadalajara,34 TLAQUEPAQUE,Avocalia,ubereats,14.98,1.68,16.83,1.0
46086.0,10.0,MEX,Guadalajara,40 JARDINES DEL VALL,Desayunos de la Abuela,ubereats,18.0,1.68,3.57,1.0
46086.0,8.0,MEX,Guadalajara,34 TLAQUEPAQUE,LA PANQUEQUERIA,ubereats,19.22,1.68,0.98,1.0
46086.0,16.0,MEX,Guadalajara,40 JARDINES DEL VALL,Mr Beast Burger,didi,16.98,1.68,6.07,1.0
46086.0,9.0,MEX,Guadalajara,14 JARDINES,Órale Desayunos,ubereats,12.38,1.68,11.71,1.0
46086.0,10.0,MEX,Guadalajara,34 TLAQUEPAQUE,Órale Desayunos,ubereats,5.53,1.68,12.02,1.0
46086.0,10.0,MEX,Merida,37 CANEK,Desayunos de la Abuela,ubereats,15.37,1.68,1.73,1.0
46086.0,9.0,MEX,Monterrey,22 SAN NICOLAS,LA PANQUEQUERIA,ubereats,11.44,1.68,26.29,1.0
46086.0,9.0,MEX,Monterrey,38 SALTILLO CENTRO,LA PANQUEQUERIA,ubereats,18.04,1.68,6.77,1.0
46086.0,8.0,MEX,Monterrey,10 SAN JERONIMO,Órale Desayunos,didi,20.04,1.68,0.32,1.0
46086.0,10.0,MEX,Monterrey,10 SAN JERONIMO,Órale Desayunos,didi,17.02,1.68,1.93,1.0
46086.0,9.0,MEX,Monterrey,28 CARRETERA NACIONA,Órale Desayunos,ubereats,4.35,1.68,10.74,1.0
46086.0,19.0,MEX,Puebla,26 CIUDAD JUDICIAL,Avocalia,ubereats,14.06,1.68,3.97,1.0
46086.0,19.0,MEX,Puebla,41 VOLCANES,Brunch & Munch,rappi,11.73,1.68,0.84,1.0
46086.0,9.0,MEX,Puebla,41 VOLCANES,Brunch & Munch,ubereats,10.03,1.68,8.89,1.0
46086.0,10.0,MEX,Puebla,26 CIUDAD JUDICIAL,Brunch & Munch,ubereats,11.92,1.68,6.43,1.0
46086.0,10.0,MEX,Puebla,26 CIUDAD JUDICIAL,Órale Desayunos,ubereats,9.63,1.68,7.99,1.0
46086.0,16.0,MEX,Zona Centro,24 METEPEC,LA PANQUEQUERIA,rappi,12.9,1.68,0.73,1.0
46086.0,10.0,MEX,Zona Centro,24 METEPEC,Órale Desayunos,ubereats,17.32,1.68,1.95,1.0
46086.0,10.0,MEX,Ciudad de México,27 IZTAPALAPA,Brunch & Munch,ubereats,15.93,1.67,5.86,1.0
46086.0,10.0,MEX,Ciudad de México,51 SAMARA,Brunch & Munch,ubereats,17.71,1.67,0.26,1.0
46086.0,10.0,MEX,Ciudad de México,06 SATELITE,Brunch & Munch,ubereats,13.8,1.67,9.2,1.0
46086.0,10.0,MEX,Ciudad de México,05 COAPA,Eggy by Chef Eva,ubereats,15.96,1.67,4.21,1.0
46086.0,10.0,MEX,Ciudad de México,01 DOCTORES,Eggy by Chef Eva,ubereats,12.01,1.67,9.47,1.0
46086.0,12.0,MEX,Ciudad de México,27 IZTAPALAPA,Honest Food,didi,7.84,1.67,1.34,1.0
46086.0,13.0,MEX,Ciudad de México,02 SAN ANGEL,Honest Food,ubereats,11.8,1.67,1.08,1.0
46086.0,10.0,MEX,Ciudad de México,03 POLANCO,LA PANQUEQUERIA,ubereats,4.63,1.67,6.05,1.0
46086.0,10.0,MEX,Ciudad de México,09 CHURUBUSCO,LA PANQUEQUERIA,ubereats,15.55,1.67,2.44,1.0
46086.0,10.0,MEX,Ciudad de México,11 AZCAPOTZALCO,LA PANQUEQUERIA,ubereats,5.91,1.67,12.88,1.0
46086.0,13.0,MEX,Ciudad de México,15 LINDAVISTA,Mr Beast Burger,didi,11.27,1.67,10.13,1.0
46086.0,15.0,MEX,Ciudad de México,05 COAPA,Mr Beast Burger,didi,16.59,1.67,17.04,1.0
46086.0,10.0,MEX,Ciudad de México,03 POLANCO,Órale Desayunos,didi,12.24,1.67,15.29,1.0
46086.0,10.0,MEX,Ciudad de México,15 LINDAVISTA,Órale Desayunos,ubereats,5.88,1.67,8.7,1.0
46086.0,9.0,MEX,Ciudad de México,01 DOCTORES,The Breakfast Club,didi,6.1,1.67,0.6,1.0
46086.0,10.0,MEX,Guadalajara,21 SANTA TERESITA,Avocalia,ubereats,16.97,1.67,0.88,1.0
46086.0,10.0,MEX,Guadalajara,21 SANTA TERESITA,Brunch & Munch,ubereats,15.28,1.67,4.68,1.0
46086.0,10.0,MEX,Guadalajara,14 JARDINES,Brunch & Munch,ubereats,15.29,1.67,1.59,1.0
46086.0,10.0,MEX,Monterrey,13 TEC,Brunch & Munch,ubereats,9.16,1.67,4.79,1.0
46086.0,10.0,MEX,Monterrey,30 LINCOLN,Brunch & Munch,ubereats,8.02,1.67,4.82,1.0
46086.0,9.0,MEX,Monterrey,38 SALTILLO CENTRO,Chemaquiles,ubereats,4.93,1.67,15.9,1.0
46086.0,10.0,MEX,Monterrey,23 SANTA CATARINA,Desayunos de la Abuela,ubereats,7.39,1.67,6.68,1.0
46086.0,17.0,MEX,Monterrey,22 SAN NICOLAS,Fonda Local,didi,10.16,1.67,0.22,1.0
46086.0,13.0,MEX,Monterrey,23 SANTA CATARINA,Green House,ubereats,10.87,1.67,0.82,1.0
46086.0,13.0,MEX,Monterrey,13 TEC,Honest Food Turbo,rappi,4.73,1.67,1.99,1.0
46086.0,10.0,MEX,Monterrey,38 SALTILLO CENTRO,LA PANQUEQUERIA,ubereats,15.71,1.67,5.4,1.0
46086.0,10.0,MEX,Monterrey,30 LINCOLN,Órale Desayunos,ubereats,11.8,1.67,1.97,1.0
46086.0,10.0,MEX,Monterrey,13 TEC,Órale Desayunos,ubereats,11.65,1.67,2.12,1.0
46086.0,10.0,MEX,Monterrey,22 SAN NICOLAS,Órale Desayunos,ubereats,4.22,1.67,13.29,1.0
46086.0,9.0,MEX,Monterrey,10 SAN JERONIMO,Pozórale,didi,25.69,1.67,1.19,1.0
46086.0,10.0,MEX,Zona Centro,24 METEPEC,Órale Desayunos,ubereats,8.5,1.67,6.3,1.0
46086.0,16.0,MEX,Ciudad de México,01 DOCTORES,Avocalia,didi,12.32,1.65,56.7,1.0
46086.0,17.0,MEX,Ciudad de México,09 CHURUBUSCO,Avocalia,ubereats,7.99,1.65,4.62,1.0
46086.0,9.0,MEX,Ciudad de México,04 SANTA FE,Brunch & Munch,ubereats,12.21,1.65,7.52,1.0
46086.0,9.0,MEX,Ciudad de México,04 SANTA FE,Brunch & Munch,ubereats,8.46,1.65,5.03,1.0
46086.0,10.0,MEX,Ciudad de México,05 COAPA,Brunch & Munch,ubereats,4.06,1.65,9.59,1.0
46086.0,10.0,MEX,Ciudad de México,15 LINDAVISTA,Brunch & Munch,ubereats,10.8,1.65,13.88,1.0
46086.0,10.0,MEX,Ciudad de México,03 POLANCO,Brunch & Munch,ubereats,6.98,1.65,2.15,1.0
46086.0,11.0,MEX,Ciudad de México,01 DOCTORES,Brunch & Munch,ubereats,10.29,1.65,1.68,1.0
46086.0,8.0,MEX,Ciudad de México,03 POLANCO,Desayunos de la Abuela,ubereats,5.15,1.65,8.04,1.0
46086.0,19.0,MEX,Ciudad de México,01 DOCTORES,Mr Beast Burger Turbo,rappi,6.5,1.65,0.23,1.0
46086.0,10.0,MEX,Ciudad de México,03 POLANCO,Órale Desayunos,ubereats,8.49,1.65,6.36,1.0
46086.0,10.0,MEX,Ciudad de México,05 COAPA,The Egg Spot,ubereats,14.23,1.65,1.97,1.0
46086.0,10.0,MEX,Ciudad de México,03 POLANCO,The Wrap Company MX,ubereats,12.11,1.65,5.4,1.0
46086.0,10.0,MEX,Guadalajara,21 SANTA TERESITA,Brunch & Munch,ubereats,13.26,1.65,6.59,1.0
46086.0,10.0,MEX,Guadalajara,25 TABACHINES,Brunch & Munch,ubereats,7.22,1.65,16.47,1.0
46086.0,16.0,MEX,Guadalajara,14 JARDINES,Honest Food,didi,33.86,1.65,54.15,1.0
46086.0,18.0,MEX,Guadalajara,19 LA CALMA,Mr Beast Burger,didi,25.87,1.65,6.53,1.0
46086.0,13.0,MEX,Guadalajara,40 JARDINES DEL VALL,Mr Beast Burger,ubereats,12.7,1.65,1.33,1.0
46086.0,9.0,MEX,Guadalajara,40 JARDINES DEL VALL,Órale Desayunos,ubereats,12.18,1.65,9.98,1.0
46086.0,10.0,MEX,Guadalajara,21 SANTA TERESITA,The Breakfast Club,ubereats,14.86,1.65,4.69,1.0
46086.0,10.0,MEX,Merida,31 MONTEJO,Avocalia Desayunos,ubereats,20.54,1.65,2.13,1.0
46086.0,10.0,MEX,Merida,31 MONTEJO,Eggy by Chef Eva,ubereats,11.12,1.65,7.92,1.0
46086.0,10.0,MEX,Monterrey,22 SAN NICOLAS,Brunch & Munch,ubereats,5.71,1.65,12.08,1.0
46086.0,11.0,MEX,Monterrey,10 SAN JERONIMO,Desayunos de la Abuela,didi,9.69,1.65,6.38,1.0
46086.0,15.0,MEX,Monterrey,30 LINCOLN,Desayunos de la Abuela,rappi,10.1,1.65,3.92,1.0
46086.0,10.0,MEX,Monterrey,22 SAN NICOLAS,Green House,ubereats,16.88,1.65,2.02,1.0
46086.0,10.0,MEX,Puebla,26 CIUDAD JUDICIAL,Brunch & Munch,ubereats,13.09,1.65,2.03,1.0
46086.0,9.0,MEX,Puebla,41 VOLCANES,LA PANQUEQUERIA,ubereats,9.1,1.65,17.06,1.0
46086.0,10.0,MEX,Puebla,41 VOLCANES,Órale Desayunos,ubereats,9.7,1.65,12.05,1.0
46086.0,10.0,MEX,Puebla,41 VOLCANES,Órale Desayunos,ubereats,9.12,1.65,9.04,1.0
46086.0,9.0,MEX,Zona Centro,24 METEPEC,LA PANQUEQUERIA,ubereats,14.2,1.65,5.46,1.0
46086.0,16.0,MEX,Ciudad de México,03 POLANCO,Avocalia,ubereats,11.08,1.63,5.12,1.0
46086.0,8.0,MEX,Ciudad de México,15 LINDAVISTA,Brunch & Munch,ubereats,15.35,1.63,0.95,1.0
46086.0,9.0,MEX,Ciudad de México,01 DOCTORES,Brunch & Munch,ubereats,7.03,1.63,6.09,1.0
46086.0,10.0,MEX,Ciudad de México,01 DOCTORES,Brunch & Munch,ubereats,13.89,1.63,2.11,1.0
46086.0,11.0,MEX,Ciudad de México,01 DOCTORES,Brunch & Munch,ubereats,14.65,1.63,2.37,1.0
46086.0,10.0,MEX,Ciudad de México,06 SATELITE,LA PANQUEQUERIA,rappi,6.92,1.63,0.18,1.0
46086.0,10.0,MEX,Ciudad de México,09 CHURUBUSCO,LA PANQUEQUERIA,ubereats,8.38,1.63,14.14,1.0
46086.0,14.0,MEX,Ciudad de México,06 SATELITE,Numa Cocina Mediterranea,rappi,15.73,1.63,18.84,1.0
46086.0,10.0,MEX,Ciudad de México,02 SAN ANGEL,Órale Desayunos,ubereats,14.56,1.63,3.69,1.0
46086.0,10.0,MEX,Ciudad de México,09 CHURUBUSCO,Órale Desayunos,ubereats,18.07,1.63,2.28,1.0
46086.0,10.0,MEX,Ciudad de México,16 PEDREGAL,The Breakfast Club,ubereats,19.01,1.63,0.95,1.0
46086.0,10.0,MEX,Guadalajara,14 JARDINES,Eggy by Chef Eva,ubereats,10.46,1.63,6.77,1.0
46086.0,12.0,MEX,Guadalajara,25 TABACHINES,Pozórale,didi,3.96,1.63,5.91,1.0
46086.0,10.0,MEX,Merida,37 CANEK,LA PANQUEQUERIA,ubereats,11.73,1.63,6.32,1.0
46086.0,9.0,MEX,Monterrey,17 CUMBRES,Brunch & Munch,rappi,8.65,1.63,2.27,1.0
46086.0,8.0,MEX,Monterrey,23 SANTA CATARINA,Brunch & Munch,ubereats,22.73,1.63,1.05,1.0
46086.0,10.0,MEX,Monterrey,30 LINCOLN,Desayunos de la Abuela,didi,10.82,1.63,7.8,1.0
46086.0,11.0,MEX,Monterrey,38 SALTILLO CENTRO,LA PANQUEQUERIA,ubereats,14.75,1.63,3.28,1.0
46086.0,17.0,MEX,Monterrey,17 CUMBRES,Mr Beast Burger,ubereats,11.86,1.63,2.18,1.0
46086.0,10.0,MEX,Puebla,26 CIUDAD JUDICIAL,Brunch & Munch,ubereats,18.08,1.63,6.94,1.0
46086.0,7.0,MEX,Ciudad de México,15 LINDAVISTA,Avocalia Desayunos,ubereats,11.1,1.62,2.96,1.0
46086.0,9.0,MEX,Ciudad de México,15 LINDAVISTA,Brunch & Munch,ubereats,12.06,1.62,5.99,1.0
46086.0,9.0,MEX,Ciudad de México,01 DOCTORES,Brunch & Munch,ubereats,7.7,1.62,9.17,1.0
46086.0,10.0,MEX,Ciudad de México,01 DOCTORES,Brunch & Munch,ubereats,8.82,1.62,11.97,1.0
46086.0,11.0,MEX,Ciudad de México,15 LINDAVISTA,Brunch & Munch,ubereats,8.0,1.62,6.12,1.0
46086.0,11.0,MEX,Ciudad de México,03 POLANCO,Brunch & Munch,ubereats,14.97,1.62,1.91,1.0
46086.0,17.0,MEX,Ciudad de México,01 DOCTORES,Brunch & Munch,ubereats,16.49,1.62,6.38,1.0
46086.0,15.0,MEX,Ciudad de México,03 POLANCO,Desayunos de la Abuela,rappi,10.31,1.62,21.8,1.0
46086.0,8.0,MEX,Ciudad de México,05 COAPA,Desayunos de la Abuela,ubereats,7.28,1.62,3.06,1.0
46086.0,10.0,MEX,Ciudad de México,05 COAPA,Desayunos de la Abuela,ubereats,13.81,1.62,5.94,1.0
46086.0,9.0,MEX,Ciudad de México,15 LINDAVISTA,LA PANQUEQUERIA,ubereats,4.18,1.62,16.75,1.0
46086.0,10.0,MEX,Ciudad de México,01 DOCTORES,LA PANQUEQUERIA,ubereats,15.94,1.62,4.66,1.0
46086.0,10.0,MEX,Ciudad de México,09 CHURUBUSCO,Órale Desayunos,ubereats,12.09,1.62,2.84,1.0
46086.0,10.0,MEX,Ciudad de México,03 POLANCO,Órale Desayunos,ubereats,7.78,1.62,14.37,1.0
46086.0,10.0,MEX,Ciudad de México,09 CHURUBUSCO,Órale Desayunos,ubereats,10.95,1.62,4.35,1.0
46086.0,11.0,MEX,Ciudad de México,02 SAN ANGEL,Órale Desayunos,ubereats,18.97,1.62,0.87,1.0
46086.0,11.0,MEX,Ciudad de México,03 POLANCO,Órale Desayunos,ubereats,5.89,1.62,5.22,1.0
46086.0,10.0,MEX,Guadalajara,14 JARDINES,Brunch & Munch,ubereats,9.76,1.62,9.13,1.0
46086.0,19.0,MEX,Guadalajara,21 SANTA TERESITA,LA PANQUEQUERIA,rappi,12.74,1.62,11.86,1.0
46086.0,10.0,MEX,Merida,31 MONTEJO,Brunch & Munch,ubereats,18.01,1.62,5.04,1.0
46086.0,22.0,MEX,Merida,37 CANEK,Mega Greens (Super Ensaladas),rappi,1.62,,6.2,1.0
46086.0,11.0,MEX,Merida,31 MONTEJO,Órale Desayunos,ubereats,10.05,1.62,7.7,1.0
46086.0,12.0,MEX,Monterrey,30 LINCOLN,Cocina Corrida,rappi,5.89,1.62,0.79,1.0
46086.0,10.0,MEX,Monterrey,13 TEC,Desayunos de la Abuela,rappi,5.99,1.62,0.29,1.0
46086.0,10.0,MEX,Monterrey,13 TEC,Órale Desayunos,ubereats,7.8,1.62,8.13,1.0
46086.0,8.0,MEX,Puebla,26 CIUDAD JUDICIAL,Brunch & Munch,ubereats,10.89,1.62,4.09,1.0
46086.0,19.0,MEX,Ciudad de México,11 AZCAPOTZALCO,Avocalia,didi,19.17,1.6,1.22,1.0
46086.0,11.0,MEX,Ciudad de México,01 DOCTORES,Avocalia,ubereats,9.19,1.6,9.25,1.0
46086.0,11.0,MEX,Ciudad de México,51 SAMARA,Avocalia Desayunos,ubereats,14.29,1.6,8.84,1.0
46086.0,9.0,MEX,Ciudad de México,04 SANTA FE,Brunch & Munch,ubereats,9.62,1.6,2.33,1.0
46086.0,10.0,MEX,Ciudad de México,01 DOCTORES,Brunch & Munch,ubereats,7.75,1.6,16.81,1.0
46086.0,10.0,MEX,Ciudad de México,01 DOCTORES,LA PANQUEQUERIA,ubereats,12.15,1.6,9.02,1.0
46086.0,11.0,MEX,Ciudad de México,09 CHURUBUSCO,Órale Desayunos,didi,20.02,1.6,5.67,1.0
46086.0,8.0,MEX,Ciudad de México,04 SANTA FE,Órale Desayunos,ubereats,8.24,1.6,1.75,1.0
46086.0,10.0,MEX,Guadalajara,14 JARDINES,Brunch & Munch,rappi,15.54,1.6,0.95,1.0
46086.0,7.0,MEX,Guadalajara,21 SANTA TERESITA,The Egg Spot,didi,11.15,1.6,19.03,1.0
46086.0,20.0,MEX,Monterrey,30 LINCOLN,Avocalia,rappi,9.01,1.6,0.72,1.0
46086.0,11.0,MEX,Monterrey,22 SAN NICOLAS,Brunch & Munch,ubereats,15.4,1.6,7.66,1.0
46086.0,11.0,MEX,Monterrey,22 SAN NICOLAS,Brunch & Munch,ubereats,14.77,1.6,4.05,1.0
46086.0,11.0,MEX,Monterrey,30 LINCOLN,Desayunos de la Abuela,rappi,4.41,1.6,2.03,1.0
46086.0,12.0,MEX,Monterrey,30 LINCOLN,Fonda Local,didi,5.99,1.6,0.71,1.0
46086.0,10.0,MEX,Monterrey,22 SAN NICOLAS,LA PANQUEQUERIA,ubereats,18.78,1.6,0.93,1.0
46086.0,8.0,MEX,Monterrey,22 SAN NICOLAS,Órale Desayunos,ubereats,8.48,1.6,9.3,1.0
46086.0,11.0,MEX,Monterrey,30 LINCOLN,Órale Desayunos,ubereats,5.17,1.6,6.87,1.0
46086.0,11.0,MEX,Puebla,26 CIUDAD JUDICIAL,Brunch & Munch,ubereats,17.47,1.6,2.15,1.0
46086.0,11.0,MEX,Zona Centro,24 METEPEC,Desayunos de la Abuela,ubereats,11.41,1.6,5.63,1.0
46086.0,8.0,MEX,Ciudad de México,12 DEL VALLE,Brunch & Munch,ubereats,7.9,1.58,1.35,1.0
46086.0,10.0,MEX,Ciudad de México,01 DOCTORES,Brunch & Munch,ubereats,10.06,1.58,9.15,1.0
46086.0,11.0,MEX,Ciudad de México,03 POLANCO,Brunch & Munch,ubereats,17.95,1.58,1.97,1.0
46086.0,11.0,MEX,Ciudad de México,51 SAMARA,Brunch & Munch,ubereats,12.94,1.58,2.74,1.0
46086.0,15.0,MEX,Ciudad de México,27 IZTAPALAPA,Fonda Local,didi,10.16,1.58,0.87,1.0
46086.0,11.0,MEX,Ciudad de México,03 POLANCO,Green House,ubereats,9.29,1.58,15.77,1.0
46086.0,11.0,MEX,Ciudad de México,11 AZCAPOTZALCO,LA PANQUEQUERIA,didi,5.29,1.58,7.55,1.0
46086.0,11.0,MEX,Ciudad de México,15 LINDAVISTA,Órale Desayunos,ubereats,5.58,1.58,10.28,1.0
46086.0,9.0,MEX,Guadalajara,21 SANTA TERESITA,Desayunos de la Abuela,ubereats,15.16,1.58,8.8,1.0
46086.0,9.0,MEX,Guadalajara,34 TLAQUEPAQUE,LA PANQUEQUERIA,ubereats,14.88,1.58,1.42,1.0
46086.0,18.0,MEX,Guadalajara,25 TABACHINES,Órale Desayunos Turbo,rappi,5.97,1.58,0.3,1.0
46086.0,10.0,MEX,Merida,31 MONTEJO,Órale Desayunos,ubereats,9.44,1.58,15.57,1.0
46086.0,11.0,MEX,Monterrey,13 TEC,LA PANQUEQUERIA,ubereats,13.25,1.58,5.89,1.0
46086.0,8.0,MEX,Monterrey,22 SAN NICOLAS,Órale Desayunos,ubereats,15.49,1.58,6.96,1.0
46086.0,14.0,MEX,Zona Centro,24 METEPEC,Brunch & Munch,didi,14.61,1.58,0.42,1.0
46086.0,16.0,MEX,Ciudad de México,01 DOCTORES,Avocalia,ubereats,23.88,1.57,30.06,1.0
46086.0,17.0,MEX,Ciudad de México,11 AZCAPOTZALCO,Avocalia,ubereats,9.67,1.57,16.53,1.0
46086.0,17.0,MEX,Ciudad de México,09 CHURUBUSCO,Avocalia,ubereats,4.2,1.57,18.62,1.0
46086.0,9.0,MEX,Ciudad de México,15 LINDAVISTA,Brunch & Munch,ubereats,12.73,1.57,2.14,1.0
46086.0,11.0,MEX,Ciudad de México,05 COAPA,Brunch & Munch,ubereats,7.53,1.57,10.11,1.0
46086.0,8.0,MEX,Ciudad de México,15 LINDAVISTA,Desayunos de la Abuela,ubereats,7.91,1.57,1.26,1.0
46086.0,11.0,MEX,Ciudad de México,12 DEL VALLE,LA PANQUEQUERIA,ubereats,19.82,1.57,2.32,1.0
46086.0,11.0,MEX,Ciudad de México,09 CHURUBUSCO,LA PANQUEQUERIA,ubereats,18.73,1.57,1.1,1.0
46086.0,13.0,MEX,Ciudad de México,12 DEL VALLE,Numa Cocina Mediterranea,ubereats,16.63,1.57,1.26,1.0
46086.0,10.0,MEX,Ciudad de México,05 COAPA,Órale Desayunos,didi,3.24,1.57,10.69,1.0
46086.0,9.0,MEX,Ciudad de México,15 LINDAVISTA,Órale Desayunos,ubereats,6.9,1.57,13.13,1.0
46086.0,11.0,MEX,Ciudad de México,02 SAN ANGEL,Órale Desayunos,ubereats,10.84,1.57,5.29,1.0
46086.0,19.0,MEX,Ciudad de México,01 DOCTORES,Que Chicken,rappi,10.24,1.57,2.64,1.0
46086.0,15.0,MEX,Guadalajara,19 LA CALMA,Fonda Local,didi,17.07,1.57,1.16,1.0
46086.0,10.0,MEX,Guadalajara,25 TABACHINES,Órale Desayunos,didi,16.42,1.57,5.65,1.0
46086.0,9.0,MEX,Guadalajara,14 JARDINES,The Breakfast Club,ubereats,8.32,1.57,10.94,1.0
46086.0,11.0,MEX,Monterrey,23 SANTA CATARINA,Desayunos de la Abuela,ubereats,4.35,1.57,9.81,1.0
46086.0,11.0,MEX,Monterrey,17 CUMBRES,LA PANQUEQUERIA,ubereats,14.03,1.57,2.35,1.0
46086.0,17.0,MEX,Monterrey,23 SANTA CATARINA,Mr Beast Burger,rappi,9.3,1.57,13.86,1.0
46086.0,14.0,MEX,Monterrey,30 LINCOLN,Numa Cocina Mediterranea,rappi,5.78,1.57,0.49,1.0
46086.0,11.0,MEX,Monterrey,10 SAN JERONIMO,Órale Desayunos,ubereats,3.95,1.57,9.84,1.0
46086.0,10.0,MEX,Monterrey,38 SALTILLO CENTRO,Sandwiches & Soups,rappi,5.77,1.57,29.06,1.0
46086.0,11.0,MEX,Puebla,41 VOLCANES,Brunch & Munch,ubereats,1.57,,12.95,1.0
46086.0,9.0,MEX,Puebla,26 CIUDAD JUDICIAL,Órale Desayunos,ubereats,8.05,1.57,6.95,1.0
46086.0,11.0,MEX,Ciudad de México,01 DOCTORES,Avocalia,ubereats,10.25,1.55,3.64,1.0
46086.0,16.0,MEX,Ciudad de México,01 DOCTORES,Avocalia,ubereats,29.31,1.55,18.77,1.0
46086.0,9.0,MEX,Ciudad de México,03 POLANCO,Brunch & Munch,ubereats,5.84,1.55,18.26,1.0
46086.0,9.0,MEX,Ciudad de México,04 SANTA FE,Eggy by Chef Eva,ubereats,13.63,1.55,4.55,1.0
46086.0,13.0,MEX,Ciudad de México,11 AZCAPOTZALCO,Honest Food,ubereats,10.29,1.55,0.98,1.0
46086.0,18.0,MEX,Ciudad de México,06 SATELITE,Mr Beast Burger,rappi,9.73,1.55,0.85,1.0
46086.0,11.0,MEX,Ciudad de México,05 COAPA,Órale Desayunos,ubereats,6.89,1.55,14.78,1.0
46086.0,11.0,MEX,Ciudad de México,12 DEL VALLE,The Breakfast Club,ubereats,12.05,1.55,7.75,1.0
46086.0,18.0,MEX,Guadalajara,45 ESTADIO,Avocalia,didi,11.1,1.55,2.93,1.0
46086.0,13.0,MEX,Guadalajara,19 LA CALMA,Avocalia,ubereats,11.21,1.55,12.1,1.0
46086.0,12.0,MEX,Guadalajara,45 ESTADIO,Órale Desayunos,rappi,4.46,1.55,4.47,1.0
46086.0,21.0,MEX,Merida,31 MONTEJO,Avocalia,ubereats,18.24,1.55,7.08,1.0
46086.0,11.0,MEX,Merida,37 CANEK,Brunch & Munch,ubereats,10.82,1.55,9.29,1.0
46086.0,9.0,MEX,Merida,37 CANEK,Órale Desayunos,ubereats,11.17,1.55,3.15,1.0
46086.0,9.0,MEX,Monterrey,30 LINCOLN,Brunch & Munch,ubereats,5.9,1.55,6.25,1.0
46086.0,11.0,MEX,Monterrey,22 SAN NICOLAS,Brunch & Munch,ubereats,14.81,1.55,2.86,1.0
46086.0,15.0,MEX,Monterrey,10 SAN JERONIMO,Green House,rappi,10.67,1.55,6.11,1.0
46086.0,11.0,MEX,Monterrey,23 SANTA CATARINA,LA PANQUEQUERIA,ubereats,16.01,1.55,0.4,1.0
46086.0,11.0,MEX,Monterrey,30 LINCOLN,Órale Desayunos,ubereats,6.65,1.55,1.2,1.0
46086.0,11.0,MEX,Monterrey,23 SANTA CATARINA,The Breakfast Club,ubereats,14.58,1.55,3.91,1.0
46086.0,11.0,MEX,Ciudad de México,03 POLANCO,Brunch & Munch,ubereats,15.14,1.53,4.39,1.0
46086.0,11.0,MEX,Ciudad de México,01 DOCTORES,Brunch & Munch,ubereats,16.0,1.53,5.04,1.0
46086.0,11.0,MEX,Ciudad de México,05 COAPA,Brunch & Munch,ubereats,9.82,1.53,8.1,1.0
46086.0,11.0,MEX,Ciudad de México,01 DOCTORES,Desayunos de la Abuela,didi,9.84,1.53,1.1,1.0
46086.0,11.0,MEX,Ciudad de México,05 COAPA,Green House,ubereats,5.16,1.53,9.25,1.0
46086.0,11.0,MEX,Ciudad de México,03 POLANCO,LA PANQUEQUERIA,ubereats,15.17,1.53,1.62,1.0
46086.0,11.0,MEX,Ciudad de México,06 SATELITE,Órale Chilaquiles,ubereats,7.94,1.53,10.92,1.0
46086.0,11.0,MEX,Ciudad de México,27 IZTAPALAPA,Órale Desayunos,ubereats,6.05,1.53,11.2,1.0
46086.0,11.0,MEX,Ciudad de México,27 IZTAPALAPA,Órale Desayunos,ubereats,6.74,1.53,2.76,1.0
46086.0,15.0,MEX,Ciudad de México,12 DEL VALLE,Signature Salads,rappi,11.24,1.53,20.8,1.0
46086.0,9.0,MEX,Guadalajara,14 JARDINES,Brunch & Munch,ubereats,19.78,1.53,2.18,1.0
46086.0,21.0,MEX,Guadalajara,19 LA CALMA,Green House,rappi,6.05,1.53,2.84,1.0
46086.0,19.0,MEX,Guadalajara,25 TABACHINES,Mr Beast Burger,rappi,13.92,1.53,0.51,1.0
46086.0,9.0,MEX,Guadalajara,14 JARDINES,Órale Desayunos,ubereats,16.44,1.53,0.49,1.0
46086.0,13.0,MEX,Guadalajara,45 ESTADIO,Órale Desayunos,ubereats,11.98,1.53,1.08,1.0
46086.0,9.0,MEX,Merida,37 CANEK,Desayunos de la Abuela,didi,14.27,1.53,27.99,1.0
46086.0,9.0,MEX,Merida,31 MONTEJO,Desayunos de la Abuela,ubereats,22.07,1.53,9.12,1.0
46086.0,20.0,MEX,Monterrey,30 LINCOLN,Avocalia,didi,5.16,1.53,5.18,1.0
46086.0,11.0,MEX,Monterrey,23 SANTA CATARINA,Brunch & Munch,ubereats,14.37,1.53,0.83,1.0
46086.0,11.0,MEX,Monterrey,17 CUMBRES,Brunch & Munch,ubereats,10.95,1.53,7.51,1.0
46086.0,11.0,MEX,Monterrey,23 SANTA CATARINA,Green House,ubereats,11.01,1.53,8.63,1.0
46086.0,16.0,MEX,Monterrey,10 SAN JERONIMO,LA PANQUEQUERIA,rappi,5.66,1.53,17.13,1.0
46086.0,11.0,MEX,Puebla,26 CIUDAD JUDICIAL,Brunch & Munch,ubereats,12.03,1.53,3.39,1.0
46086.0,22.0,MEX,Ciudad de México,03 POLANCO,Avocalia,ubereats,7.89,1.52,5.1,1.0
46086.0,11.0,MEX,Ciudad de México,27 IZTAPALAPA,Brunch & Munch,ubereats,5.24,1.52,8.02,1.0
46086.0,11.0,MEX,Ciudad de México,01 DOCTORES,Brunch & Munch,ubereats,10.11,1.52,1.69,1.0
46086.0,11.0,MEX,Ciudad de México,03 POLANCO,Desayunos de la Abuela,didi,2.19,1.52,5.8,1.0
46086.0,12.0,MEX,Ciudad de México,15 LINDAVISTA,Fonda Local,didi,4.91,1.52,1.32,1.0
46086.0,9.0,MEX,Ciudad de México,09 CHURUBUSCO,LA PANQUEQUERIA,ubereats,11.03,1.52,12.98,1.0
46086.0,9.0,MEX,Ciudad de México,05 COAPA,Órale Desayunos,ubereats,13.4,1.52,10.71,1.0
46086.0,21.0,MEX,Ciudad de México,04 SANTA FE,Que Chicken,ubereats,9.78,1.52,0.29,1.0
46086.0,11.0,MEX,Guadalajara,34 TLAQUEPAQUE,Órale Desayunos,didi,19.83,1.52,0.3,1.0
46086.0,11.0,MEX,Monterrey,22 SAN NICOLAS,Brunch & Munch,ubereats,13.14,1.52,8.53,1.0
46086.0,15.0,MEX,Monterrey,22 SAN NICOLAS,Chicken Tenders Hub,rappi,7.99,1.52,17.16,1.0
46086.0,11.0,MEX,Monterrey,22 SAN NICOLAS,LA PANQUEQUERIA,ubereats,13.88,1.52,2.56,1.0
46086.0,11.0,MEX,Puebla,41 VOLCANES,Brunch & Munch,ubereats,13.16,1.52,4.23,1.0
46086.0,11.0,MEX,Ciudad de México,05 COAPA,Avocalia,ubereats,12.58,1.5,9.87,1.0
46086.0,9.0,MEX,Ciudad de México,01 DOCTORES,Brunch & Munch,ubereats,11.87,1.5,8.33,1.0
46086.0,11.0,MEX,Ciudad de México,02 SAN ANGEL,Brunch & Munch,ubereats,10.69,1.5,2.84,1.0
46086.0,8.0,MEX,Ciudad de México,01 DOCTORES,Desayunos de la Abuela,didi,7.58,1.5,35.83,1.0
46086.0,11.0,MEX,Ciudad de México,03 POLANCO,Eggy by Chef Eva,ubereats,16.74,1.5,16.97,1.0
46086.0,11.0,MEX,Ciudad de México,03 POLANCO,Eggy by Chef Eva,ubereats,2.76,1.5,9.36,1.0
46086.0,17.0,MEX,Ciudad de México,03 POLANCO,Honest Food Turbo,rappi,9.82,1.5,1.75,1.0
46086.0,11.0,MEX,Ciudad de México,15 LINDAVISTA,House of Salads,ubereats,2.1,1.5,23.34,1.0
46086.0,8.0,MEX,Ciudad de México,05 COAPA,LA PANQUEQUERIA,didi,5.07,1.5,4.26,1.0
46086.0,11.0,MEX,Ciudad de México,01 DOCTORES,Órale Desayunos,ubereats,9.35,1.5,13.03,1.0
46086.0,11.0,MEX,Ciudad de México,15 LINDAVISTA,Órale Desayunos,ubereats,5.48,1.5,3.36,1.0
46086.0,11.0,MEX,Ciudad de México,04 SANTA FE,Órale Desayunos,ubereats,9.75,1.5,6.46,1.0
46086.0,12.0,MEX,Guadalajara,21 SANTA TERESITA,Honest Food,rappi,11.9,1.5,0.36,1.0
46086.0,19.0,MEX,Guadalajara,21 SANTA TERESITA,House of Salads,rappi,12.76,1.5,5.01,1.0
46086.0,17.0,MEX,Guadalajara,14 JARDINES,Numa Cocina Mediterranea,rappi,13.1,1.5,27.11,1.0
46086.0,15.0,MEX,Merida,37 CANEK,Fonda Local,rappi,15.82,1.5,7.15,1.0
46086.0,11.0,MEX,Monterrey,23 SANTA CATARINA,Brunch & Munch,ubereats,8.34,1.5,7.77,1.0
46086.0,22.0,MEX,Ciudad de México,03 POLANCO,Avocalia,ubereats,5.99,1.48,2.95,1.0
46086.0,9.0,MEX,Ciudad de México,05 COAPA,Brunch & Munch,rappi,6.17,1.48,1.42,1.0
46086.0,11.0,MEX,Ciudad de México,01 DOCTORES,Brunch & Munch,ubereats,9.92,1.48,9.32,1.0
46086.0,11.0,MEX,Ciudad de México,02 SAN ANGEL,Brunch & Munch,ubereats,14.88,1.48,1.22,1.0
46086.0,11.0,MEX,Ciudad de México,02 SAN ANGEL,Brunch & Munch,ubereats,14.63,1.48,0.44,1.0
46086.0,11.0,MEX,Ciudad de México,06 SATELITE,Brunch & Munch,ubereats,12.26,1.48,3.95,1.0
46086.0,11.0,MEX,Ciudad de México,06 SATELITE,Desayunos de la Abuela,ubereats,6.5,1.48,22.19,1.0
46086.0,13.0,MEX,Ciudad de México,12 DEL VALLE,Green House,ubereats,8.97,1.48,6.36,1.0
46086.0,16.0,MEX,Ciudad de México,12 DEL VALLE,House of Salads,didi,10.5,1.48,3.24,1.0
46086.0,18.0,MEX,Ciudad de México,05 COAPA,House of Salads,rappi,12.65,1.48,41.95,1.0
46086.0,11.0,MEX,Ciudad de México,11 AZCAPOTZALCO,LA PANQUEQUERIA,ubereats,4.71,1.48,8.2,1.0
46086.0,8.0,MEX,Ciudad de México,27 IZTAPALAPA,Órale Desayunos,didi,8.94,1.48,8.39,1.0
46086.0,11.0,MEX,Ciudad de México,15 LINDAVISTA,Órale Desayunos,rappi,3.07,1.48,35.01,1.0
46086.0,11.0,MEX,Ciudad de México,01 DOCTORES,Órale Desayunos,ubereats,14.02,1.48,3.65,1.0
46086.0,11.0,MEX,Ciudad de México,16 PEDREGAL,Órale Desayunos,ubereats,9.16,1.48,8.99,1.0
46086.0,16.0,MEX,Guadalajara,45 ESTADIO,Avocalia,didi,11.33,1.48,5.73,1.0
46086.0,14.0,MEX,Guadalajara,21 SANTA TERESITA,Honest Food,rappi,8.9,1.48,11.71,1.0
46086.0,9.0,MEX,Guadalajara,14 JARDINES,LA PANQUEQUERIA,ubereats,10.86,1.48,36.93,1.0
46086.0,17.0,MEX,Guadalajara,21 SANTA TERESITA,Que Chicken,rappi,17.17,1.48,30.68,1.0
46086.0,11.0,MEX,Merida,31 MONTEJO,Brunch & Munch,ubereats,10.15,1.48,9.83,1.0
46086.0,15.0,MEX,Merida,37 CANEK,Mr Beast Burger,rappi,10.87,1.48,15.64,1.0
46086.0,9.0,MEX,Monterrey,13 TEC,Desayunos de la Abuela,didi,16.35,1.48,8.86,1.0
46086.0,11.0,MEX,Monterrey,30 LINCOLN,Órale Desayunos,ubereats,10.93,1.48,3.65,1.0
46086.0,13.0,MEX,Monterrey,17 CUMBRES,Órale Desayunos,ubereats,8.92,1.48,8.24,1.0
46086.0,22.0,MEX,Ciudad de México,09 CHURUBUSCO,Avocalia,didi,11.11,1.47,12.73,1.0
46086.0,20.0,MEX,Ciudad de México,02 SAN ANGEL,Avocalia,ubereats,10.2,1.47,10.08,1.0
46086.0,7.0,MEX,Ciudad de México,04 SANTA FE,Brunch & Munch,ubereats,15.17,1.47,8.86,1.0
46086.0,13.0,MEX,Ciudad de México,03 POLANCO,Fonda Local turbo,rappi,8.63,1.47,3.04,1.0
46086.0,13.0,MEX,Ciudad de México,09 CHURUBUSCO,Green House,ubereats,11.82,1.47,0.91,1.0
46086.0,21.0,MEX,Ciudad de México,05 COAPA,Green House,ubereats,6.97,1.47,0.14,1.0
46086.0,22.0,MEX,Ciudad de México,16 PEDREGAL,Mr Beast Burger,ubereats,6.71,1.47,0.83,1.0
46086.0,22.0,MEX,Ciudad de México,02 SAN ANGEL,Mr Beast Burger,ubereats,6.68,1.47,0.87,1.0
46086.0,13.0,MEX,Ciudad de México,27 IZTAPALAPA,Tender Lovers,rappi,7.24,1.47,7.07,1.0
46086.0,12.0,MEX,Guadalajara,21 SANTA TERESITA,Chemaquiles,didi,16.98,1.47,0.24,1.0
46086.0,14.0,MEX,Guadalajara,14 JARDINES,Honest Food,didi,8.18,1.47,18.83,1.0
46086.0,9.0,MEX,Guadalajara,25 TABACHINES,Órale Desayunos,rappi,13.98,1.47,0.13,1.0
46086.0,14.0,MEX,Guadalajara,34 TLAQUEPAQUE,Subs & Soups,didi,12.05,1.47,9.91,1.0
46086.0,11.0,MEX,Guadalajara,21 SANTA TERESITA,The Egg Spot,ubereats,12.32,1.47,10.97,1.0
46086.0,21.0,MEX,Merida,37 CANEK,Tasty Foods,rappi,6.76,1.47,9.29,1.0
46086.0,7.0,MEX,Merida,31 MONTEJO,The Breakfast Club,rappi,39.98,1.47,51.1,1.0
46086.0,10.0,MEX,Monterrey,22 SAN NICOLAS,Órale Desayunos,rappi,10.39,1.47,0.75,1.0
46086.0,11.0,MEX,Zona Centro,24 METEPEC,Avocalia,ubereats,10.21,1.47,4.86,1.0
46086.0,18.0,MEX,Ciudad de México,01 DOCTORES,Avocalia,ubereats,17.13,1.45,6.18,1.0
46086.0,7.0,MEX,Ciudad de México,04 SANTA FE,Brunch & Munch,ubereats,11.97,1.45,12.15,1.0
46086.0,9.0,MEX,Ciudad de México,03 POLANCO,Brunch & Munch,ubereats,7.81,1.45,2.64,1.0
46086.0,21.0,MEX,Ciudad de México,06 SATELITE,Fonda Local,didi,19.17,1.45,2.88,1.0
46086.0,8.0,MEX,Ciudad de México,03 POLANCO,The Wrap Company MX,didi,14.14,1.45,10.7,1.0
46086.0,13.0,MEX,Guadalajara,34 TLAQUEPAQUE,Don Gyros & Kebab,rappi,11.42,1.45,3.91,1.0
46086.0,20.0,MEX,Guadalajara,21 SANTA TERESITA,Que Chicken,rappi,10.24,1.45,11.94,1.0
46086.0,16.0,MEX,Monterrey,23 SANTA CATARINA,Fonda Local,didi,15.05,1.45,5.98,1.0
46086.0,11.0,MEX,Puebla,26 CIUDAD JUDICIAL,Brunch & Munch,ubereats,14.17,1.45,3.58,1.0
46086.0,16.0,MEX,Ciudad de México,05 COAPA,Avocalia,didi,18.35,1.43,3.78,1.0
46086.0,11.0,MEX,Ciudad de México,16 PEDREGAL,Avocalia Desayunos,ubereats,19.02,1.43,1.06,1.0
46086.0,11.0,MEX,Ciudad de México,01 DOCTORES,Brunch & Munch,ubereats,11.78,1.43,8.87,1.0
46086.0,12.0,MEX,Ciudad de México,27 IZTAPALAPA,Desayunos de la Abuela,rappi,15.43,1.43,4.52,1.0
46086.0,20.0,MEX,Ciudad de México,01 DOCTORES,Honest Food,ubereats,13.86,1.43,5.93,1.0
46086.0,16.0,MEX,Ciudad de México,27 IZTAPALAPA,La Neta Burgers (Orale Burgers),rappi,8.09,1.43,6.0,1.0
46086.0,20.0,MEX,Ciudad de México,09 CHURUBUSCO,La Neta Burgers (Orale Burgers),rappi,14.89,1.43,15.06,1.0
46086.0,11.0,MEX,Ciudad de México,01 DOCTORES,LA PANQUEQUERIA,ubereats,14.95,1.43,5.79,1.0
46086.0,14.0,MEX,Ciudad de México,16 PEDREGAL,Mr Beast Burger,didi,12.93,1.43,17.13,1.0
46086.0,16.0,MEX,Ciudad de México,06 SATELITE,Mr Beast Burger,didi,22.05,1.43,86.27,1.0
46086.0,11.0,MEX,Ciudad de México,16 PEDREGAL,Órale Desayunos,ubereats,15.08,1.43,3.18,1.0
46086.0,11.0,MEX,Ciudad de México,11 AZCAPOTZALCO,Órale Desayunos,ubereats,11.86,1.43,3.8,1.0
46086.0,21.0,MEX,Ciudad de México,03 POLANCO,Que Chicken,didi,8.64,1.43,9.04,1.0
46086.0,18.0,MEX,Guadalajara,14 JARDINES,Avocalia,ubereats,5.74,1.43,12.13,1.0
46086.0,16.0,MEX,Guadalajara,25 TABACHINES,Mr Beast Burger,didi,8.04,1.43,26.74,1.0
46086.0,18.0,MEX,Guadalajara,25 TABACHINES,Que Chicken,rappi,12.02,1.43,4.17,1.0
46086.0,11.0,MEX,Merida,31 MONTEJO,Green House,ubereats,14.56,1.43,8.35,1.0
46086.0,11.0,MEX,Monterrey,22 SAN NICOLAS,Brunch & Munch,ubereats,8.94,1.43,23.97,1.0
46086.0,11.0,MEX,Monterrey,30 LINCOLN,Brunch & Munch,ubereats,9.02,1.43,6.75,1.0
46086.0,18.0,MEX,Monterrey,30 LINCOLN,House of Salads,ubereats,10.89,1.43,8.18,1.0
46086.0,10.0,MEX,Monterrey,22 SAN NICOLAS,LA PANQUEQUERIA,rappi,4.89,1.43,1.28,1.0
46086.0,13.0,MEX,Monterrey,28 CARRETERA NACIONA,LA PANQUEQUERIA,ubereats,15.02,1.43,3.04,1.0
46086.0,9.0,MEX,Monterrey,28 CARRETERA NACIONA,Órale Desayunos,ubereats,5.67,1.43,11.06,1.0
46086.0,11.0,MEX,Monterrey,13 TEC,Órale Desayunos,ubereats,12.35,1.43,4.85,1.0
46086.0,21.0,MEX,Puebla,41 VOLCANES,Honest Food,didi,13.95,1.43,0.29,1.0
46086.0,11.0,MEX,Ciudad de México,01 DOCTORES,Avocalia,ubereats,13.63,1.42,6.38,1.0
46086.0,11.0,MEX,Ciudad de México,01 DOCTORES,Brunch & Munch,ubereats,16.49,1.42,8.82,1.0
46086.0,15.0,MEX,Ciudad de México,12 DEL VALLE,Cocina Corrida,rappi,8.22,1.42,7.05,1.0
46086.0,17.0,MEX,Ciudad de México,09 CHURUBUSCO,Green House,ubereats,14.72,1.42,3.25,1.0
46086.0,22.0,MEX,Ciudad de México,01 DOCTORES,Honest Food,ubereats,8.93,1.42,0.79,1.0
46086.0,19.0,MEX,Ciudad de México,05 COAPA,Mr Beast Burger,didi,9.05,1.42,10.06,1.0
46086.0,19.0,MEX,Ciudad de México,03 POLANCO,Mr Beast Burger,didi,7.0,1.42,6.8,1.0
46086.0,19.0,MEX,Ciudad de México,12 DEL VALLE,Mr Beast Burger,didi,13.03,1.42,16.78,1.0
46086.0,11.0,MEX,Ciudad de México,16 PEDREGAL,Órale Desayunos,ubereats,9.01,1.42,11.67,1.0
46086.0,11.0,MEX,Ciudad de México,16 PEDREGAL,Órale Desayunos,ubereats,16.74,1.42,1.37,1.0
46086.0,21.0,MEX,Merida,31 MONTEJO,Cocina Corrida,rappi,14.04,1.42,1.59,1.0
46086.0,11.0,MEX,Merida,31 MONTEJO,Green House,ubereats,14.9,1.42,3.68,1.0
46086.0,9.0,MEX,Monterrey,13 TEC,Avocalia Desayunos,ubereats,9.66,1.42,4.43,1.0
46086.0,8.0,MEX,Monterrey,23 SANTA CATARINA,Brunch & Munch,ubereats,3.1,1.42,12.16,1.0
46086.0,11.0,MEX,Monterrey,28 CARRETERA NACIONA,Brunch & Munch,ubereats,8.81,1.42,9.05,1.0
46086.0,11.0,MEX,Monterrey,17 CUMBRES,Chemaquiles,ubereats,8.79,1.42,10.49,1.0
46086.0,11.0,MEX,Monterrey,13 TEC,LA PANQUEQUERIA,ubereats,3.03,1.42,12.19,1.0
46086.0,13.0,MEX,Monterrey,13 TEC,Mr Beast Burger,ubereats,5.17,1.42,17.76,1.0
46086.0,11.0,MEX,Monterrey,28 CARRETERA NACIONA,Órale Desayunos,didi,7.04,1.42,29.86,1.0
46086.0,11.0,MEX,Puebla,26 CIUDAD JUDICIAL,Brunch & Munch,ubereats,13.62,1.42,11.14,1.0
46086.0,20.0,MEX,Puebla,26 CIUDAD JUDICIAL,House of Salads,ubereats,5.47,1.42,14.65,1.0
46086.0,11.0,MEX,Puebla,41 VOLCANES,Órale Desayunos,ubereats,13.11,1.42,6.03,1.0
46086.0,20.0,MEX,Zona Centro,24 METEPEC,Green House,ubereats,21.35,1.42,15.72,1.0
46086.0,16.0,MEX,Ciudad de México,16 PEDREGAL,Avocalia,didi,15.27,1.4,2.95,1.0
46086.0,17.0,MEX,Ciudad de México,03 POLANCO,Fonda Local,didi,10.51,1.4,16.56,1.0
46086.0,18.0,MEX,Ciudad de México,09 CHURUBUSCO,Green House,ubereats,16.26,1.4,1.88,1.0
46086.0,18.0,MEX,Ciudad de México,05 COAPA,Honest Food,ubereats,14.77,1.4,5.12,1.0
46086.0,20.0,MEX,Ciudad de México,16 PEDREGAL,Honest Food,ubereats,14.79,1.4,5.76,1.0
46086.0,13.0,MEX,Ciudad de México,01 DOCTORES,Mr Beast Burger,rappi,15.06,1.4,0.83,1.0
46086.0,20.0,MEX,Guadalajara,19 LA CALMA,Avocalia,ubereats,8.17,1.4,1.64,1.0
46086.0,16.0,MEX,Guadalajara,40 JARDINES DEL VALL,Fonda Local,didi,7.99,1.4,26.85,1.0
46086.0,16.0,MEX,Guadalajara,19 LA CALMA,House of Salads,didi,12.09,1.4,4.92,1.0
46086.0,17.0,MEX,Guadalajara,34 TLAQUEPAQUE,Que Chicken,ubereats,22.75,1.4,9.36,1.0
46086.0,9.0,MEX,Monterrey,17 CUMBRES,Foodhub,ubereats,9.67,1.4,5.22,1.0
46086.0,9.0,MEX,Monterrey,22 SAN NICOLAS,LA PANQUEQUERIA,ubereats,21.08,1.4,12.93,1.0
46086.0,9.0,MEX,Monterrey,22 SAN NICOLAS,LA PANQUEQUERIA,ubereats,13.92,1.4,12.11,1.0
46086.0,9.0,MEX,Puebla,41 VOLCANES,Brunch & Munch,ubereats,14.77,1.4,0.42,1.0
46086.0,17.0,MEX,Puebla,41 VOLCANES,Honest Food,ubereats,21.67,1.4,0.45,1.0
46086.0,11.0,MEX,Puebla,26 CIUDAD JUDICIAL,House of Salads,ubereats,15.67,1.4,2.03,1.0
46086.0,20.0,MEX,Puebla,41 VOLCANES,Órale Desayunos,ubereats,9.91,1.4,6.13,1.0
46086.0,9.0,MEX,Zona Centro,24 METEPEC,Brunch & Munch,ubereats,17.0,1.4,1.09,1.0
46086.0,19.0,MEX,Ciudad de México,03 POLANCO,Chicken Tenders Hub,rappi,10.42,1.38,8.78,1.0
46086.0,12.0,MEX,Ciudad de México,01 DOCTORES,Desayunos de la Abuela,didi,7.59,1.38,0.25,1.0
46086.0,17.0,MEX,Ciudad de México,04 SANTA FE,Honest Food,ubereats,15.64,1.38,13.89,1.0
46086.0,18.0,MEX,Ciudad de México,12 DEL VALLE,Honest Food,ubereats,12.7,1.38,1.13,1.0
46086.0,20.0,MEX,Ciudad de México,03 POLANCO,Honest Food,ubereats,6.3,1.38,13.7,1.0
46086.0,20.0,MEX,Ciudad de México,03 POLANCO,Honest Food Turbo,rappi,8.43,1.38,2.39,1.0
46086.0,13.0,MEX,Ciudad de México,04 SANTA FE,Mr Beast Burger,didi,12.1,1.38,3.84,1.0
46086.0,8.0,MEX,Ciudad de México,03 POLANCO,Órale Desayunos,didi,3.91,1.38,2.23,1.0
46086.0,17.0,MEX,Ciudad de México,11 AZCAPOTZALCO,Que Chicken,ubereats,25.69,1.38,2.86,1.0
46086.0,17.0,MEX,Ciudad de México,16 PEDREGAL,Que Chicken,ubereats,13.2,1.38,5.66,1.0
46086.0,17.0,MEX,Guadalajara,45 ESTADIO,Avocalia,didi,8.87,1.38,18.1,1.0
46086.0,11.0,MEX,Guadalajara,34 TLAQUEPAQUE,Brunch & Munch,ubereats,9.63,1.38,5.43,1.0
46086.0,18.0,MEX,Guadalajara,21 SANTA TERESITA,Green House,ubereats,13.75,1.38,4.12,1.0
46086.0,17.0,MEX,Guadalajara,21 SANTA TERESITA,Que Chicken,rappi,10.61,1.38,7.95,1.0
46086.0,13.0,MEX,Merida,37 CANEK,House of Salads,ubereats,15.03,1.38,2.58,1.0
46086.0,12.0,MEX,Monterrey,22 SAN NICOLAS,Don Gyros & Kebab,rappi,11.79,1.38,1.32,1.0
46086.0,15.0,MEX,Monterrey,38 SALTILLO CENTRO,Mr Beast Burger,didi,13.8,1.38,3.73,1.0
46086.0,13.0,MEX,Monterrey,17 CUMBRES,Mr Beast Burger,ubereats,12.96,1.38,3.01,1.0
46086.0,13.0,MEX,Ciudad de México,15 LINDAVISTA,Brunch & Munch,ubereats,7.52,1.37,5.65,1.0
46086.0,17.0,MEX,Ciudad de México,16 PEDREGAL,Green House,ubereats,10.32,1.37,13.13,1.0
46086.0,18.0,MEX,Ciudad de México,01 DOCTORES,Mr Beast Burger,ubereats,16.19,1.37,0.72,1.0
46086.0,17.0,MEX,Guadalajara,25 TABACHINES,Honest Food,rappi,6.84,1.37,28.34,1.0
46086.0,15.0,MEX,Guadalajara,45 ESTADIO,Mr Beast Burger,rappi,6.21,1.37,0.72,1.0
46086.0,20.0,MEX,Guadalajara,34 TLAQUEPAQUE,Mr Beast Burger,ubereats,13.53,1.37,22.96,1.0
46086.0,10.0,MEX,Guadalajara,14 JARDINES,Órale Desayunos,didi,18.06,1.37,25.96,1.0
46086.0,18.0,MEX,Guadalajara,34 TLAQUEPAQUE,Que Chicken,rappi,15.0,1.37,8.61,1.0
46086.0,14.0,MEX,Merida,37 CANEK,Mr Beast Burger,rappi,1.37,,0.16,1.0
46086.0,11.0,MEX,Merida,37 CANEK,The Wrap Company MX,didi,11.22,1.37,3.6,1.0
46086.0,11.0,MEX,Monterrey,10 SAN JERONIMO,Brunch & Munch,ubereats,15.1,1.37,8.0,1.0
46086.0,11.0,MEX,Monterrey,22 SAN NICOLAS,Brunch & Munch,ubereats,12.91,1.37,6.99,1.0
46086.0,16.0,MEX,Monterrey,30 LINCOLN,Honest Food,didi,5.87,1.37,3.07,1.0
46086.0,9.0,MEX,Puebla,26 CIUDAD JUDICIAL,Brunch & Munch,ubereats,3.86,1.37,10.14,1.0
46086.0,20.0,MEX,Puebla,41 VOLCANES,Honest Food,ubereats,8.92,1.37,9.9,1.0
46086.0,9.0,MEX,Puebla,26 CIUDAD JUDICIAL,Órale Desayunos,ubereats,6.66,1.37,4.97,1.0
46086.0,20.0,MEX,Zona Centro,24 METEPEC,Numa Cocina Mediterranea,ubereats,19.73,1.37,2.17,1.0
46086.0,12.0,MEX,Ciudad de México,06 SATELITE,Chicken Shack,rappi,9.75,1.35,4.09,1.0
46086.0,19.0,MEX,Ciudad de México,09 CHURUBUSCO,Honest Food,didi,9.24,1.35,16.2,1.0
46086.0,19.0,MEX,Ciudad de México,12 DEL VALLE,Honest Food,ubereats,17.05,1.35,1.93,1.0
46086.0,20.0,MEX,Ciudad de México,12 DEL VALLE,Honest Food,ubereats,8.24,1.35,4.76,1.0
46086.0,20.0,MEX,Ciudad de México,06 SATELITE,Mr Beast Burger,ubereats,8.83,1.35,0.92,1.0
46086.0,21.0,MEX,Ciudad de México,12 DEL VALLE,Que Chicken,ubereats,11.08,1.35,17.9,1.0
46086.0,11.0,MEX,Guadalajara,45 ESTADIO,Desayunos de la Abuela,rappi,6.06,1.35,0.26,1.0
46086.0,9.0,MEX,Guadalajara,14 JARDINES,Eggy by Chef Eva,ubereats,12.08,1.35,7.07,1.0
46086.0,17.0,MEX,Guadalajara,14 JARDINES,Honest Food,ubereats,9.8,1.35,14.88,1.0
46086.0,19.0,MEX,Guadalajara,25 TABACHINES,Honest Food,ubereats,13.22,1.35,8.58,1.0
46086.0,17.0,MEX,Guadalajara,34 TLAQUEPAQUE,Numa Cocina Mediterranea,ubereats,11.85,1.35,14.79,1.0
46086.0,21.0,MEX,Merida,31 MONTEJO,Honest Food,ubereats,3.89,1.35,18.15,1.0
46086.0,20.0,MEX,Merida,37 CANEK,Mr Beast Burger,ubereats,19.19,1.35,4.9,1.0
46086.0,9.0,MEX,Merida,31 MONTEJO,Órale Desayunos,ubereats,9.06,1.35,1.69,1.0
46086.0,11.0,MEX,Merida,37 CANEK,Órale Desayunos,ubereats,19.79,1.35,9.84,1.0
46086.0,12.0,MEX,Monterrey,10 SAN JERONIMO,Brunch & Munch,rappi,18.79,1.35,3.53,1.0
46086.0,9.0,MEX,Monterrey,22 SAN NICOLAS,Brunch & Munch,ubereats,9.93,1.35,7.74,1.0
46086.0,13.0,MEX,Monterrey,30 LINCOLN,Chicken Tenders Hub,rappi,13.13,1.35,0.63,1.0
46086.0,8.0,MEX,Monterrey,38 SALTILLO CENTRO,Desayunos de la Abuela,rappi,5.85,1.35,0.26,1.0
46086.0,8.0,MEX,Monterrey,22 SAN NICOLAS,Órale Desayunos,rappi,7.88,1.35,46.01,1.0
46086.0,9.0,MEX,Monterrey,22 SAN NICOLAS,Órale Desayunos,ubereats,6.73,1.35,23.18,1.0
46086.0,8.0,MEX,Zona Centro,24 METEPEC,Brunch & Munch,ubereats,8.86,1.35,1.05,1.0
46086.0,18.0,MEX,Zona Centro,24 METEPEC,Que Chicken,ubereats,7.15,1.35,8.49,1.0
46086.0,10.0,MEX,Ciudad de México,03 POLANCO,Brunch & Munch,rappi,8.76,1.33,13.15,1.0
46086.0,20.0,MEX,Ciudad de México,12 DEL VALLE,Honest Food,ubereats,12.51,1.33,3.37,1.0
46086.0,15.0,MEX,Ciudad de México,01 DOCTORES,House of Salads,didi,5.1,1.33,1.25,1.0
46086.0,17.0,MEX,Ciudad de México,11 AZCAPOTZALCO,House of Salads,ubereats,25.59,1.33,6.89,1.0
46086.0,11.0,MEX,Ciudad de México,12 DEL VALLE,LA PANQUEQUERIA,ubereats,6.76,1.33,11.16,1.0
46086.0,11.0,MEX,Ciudad de México,03 POLANCO,Órale Desayunos,ubereats,10.43,1.33,2.57,1.0
46086.0,9.0,MEX,Guadalajara,19 LA CALMA,LA PANQUEQUERIA,ubereats,23.68,1.33,11.02,1.0
46086.0,17.0,MEX,Merida,37 CANEK,Avocalia,ubereats,23.77,1.33,6.01,1.0
46086.0,11.0,MEX,Merida,31 MONTEJO,Órale Chilaquiles,ubereats,14.23,1.33,15.06,1.0
46086.0,9.0,MEX,Monterrey,17 CUMBRES,Brunch & Munch,ubereats,7.98,1.33,9.96,1.0
46086.0,11.0,MEX,Monterrey,13 TEC,Eggy by Chef Eva,ubereats,4.93,1.33,9.86,1.0
46086.0,18.0,MEX,Monterrey,13 TEC,House of Salads,ubereats,9.85,1.33,10.91,1.0
46086.0,21.0,MEX,Monterrey,30 LINCOLN,La Neta Burgers (Orale Burgers),rappi,10.18,1.33,20.75,1.0
46086.0,11.0,MEX,Monterrey,13 TEC,Pozórale,ubereats,4.19,1.33,7.7,1.0
46086.0,18.0,MEX,Monterrey,13 TEC,The Salad Project,ubereats,8.09,1.33,1.94,1.0
46086.0,18.0,MEX,Puebla,41 VOLCANES,Avocalia,didi,15.16,1.33,12.88,1.0
46086.0,20.0,MEX,Puebla,41 VOLCANES,Green House,ubereats,18.79,1.33,1.95,1.0
46086.0,11.0,MEX,Ciudad de México,06 SATELITE,Desayunos de la Abuela,ubereats,11.16,1.32,13.03,1.0
46086.0,21.0,MEX,Ciudad de México,06 SATELITE,Green House,ubereats,11.13,1.32,14.93,1.0
46086.0,14.0,MEX,Ciudad de México,05 COAPA,Honest Food Turbo,rappi,6.61,1.32,2.08,1.0
46086.0,11.0,MEX,Ciudad de México,09 CHURUBUSCO,House of Salads,ubereats,14.5,1.32,7.29,1.0
46086.0,20.0,MEX,Ciudad de México,02 SAN ANGEL,Órale Desayunos Turbo,rappi,4.27,1.32,16.58,1.0
46086.0,18.0,MEX,Ciudad de México,16 PEDREGAL,Que Chicken,ubereats,11.09,1.32,5.41,1.0
46086.0,8.0,MEX,Ciudad de México,03 POLANCO,The Wrap Company MX,didi,10.25,1.32,14.74,1.0
46086.0,11.0,MEX,Guadalajara,21 SANTA TERESITA,Eggy by Chef Eva,ubereats,12.82,1.32,4.22,1.0
46086.0,20.0,MEX,Guadalajara,19 LA CALMA,Fonda Local,rappi,7.11,1.32,0.75,1.0
46086.0,19.0,MEX,Merida,37 CANEK,Green House,ubereats,6.96,1.32,14.91,1.0
46086.0,11.0,MEX,Monterrey,30 LINCOLN,Brunch & Munch,didi,11.2,1.32,8.82,1.0
46086.0,11.0,MEX,Monterrey,38 SALTILLO CENTRO,LA PANQUEQUERIA,ubereats,13.14,1.32,1.43,1.0
46086.0,11.0,MEX,Monterrey,13 TEC,Órale Desayunos,ubereats,4.15,1.32,11.24,1.0
46086.0,16.0,MEX,Puebla,26 CIUDAD JUDICIAL,Avocalia,didi,4.99,1.32,10.7,1.0
46086.0,12.0,MEX,Puebla,26 CIUDAD JUDICIAL,Órale Desayunos,ubereats,8.13,1.32,6.95,1.0
46086.0,19.0,MEX,Ciudad de México,12 DEL VALLE,Avocalia,ubereats,10.81,1.3,1.32,1.0
46086.0,15.0,MEX,Ciudad de México,01 DOCTORES,Chicken Shack,rappi,15.32,1.3,26.93,1.0
46086.0,11.0,MEX,Ciudad de México,06 SATELITE,Desayunos de la Abuela,ubereats,15.57,1.3,22.16,1.0
46086.0,15.0,MEX,Ciudad de México,03 POLANCO,Honest Food,rappi,14.85,1.3,1.75,1.0
46086.0,12.0,MEX,Ciudad de México,09 CHURUBUSCO,Órale Desayunos,rappi,7.6,1.3,0.34,1.0
46086.0,11.0,MEX,Guadalajara,14 JARDINES,House of Salads,ubereats,21.84,1.3,5.98,1.0
46086.0,11.0,MEX,Merida,31 MONTEJO,House of Salads,didi,12.0,1.3,9.77,1.0
46086.0,19.0,MEX,Monterrey,13 TEC,Brunch & Munch,ubereats,12.06,1.3,5.11,1.0
46086.0,17.0,MEX,Puebla,41 VOLCANES,Tasty Foods,rappi,5.48,1.3,1.53,1.0
46086.0,11.0,MEX,Zona Centro,24 METEPEC,Green House,ubereats,9.75,1.3,8.28,1.0
46086.0,14.0,MEX,Ciudad de México,05 COAPA,Avocalia,ubereats,16.96,1.28,0.43,1.0
46086.0,11.0,MEX,Ciudad de México,11 AZCAPOTZALCO,Brunch & Munch,ubereats,9.08,1.28,7.7,1.0
46086.0,16.0,MEX,Ciudad de México,04 SANTA FE,Green House,rappi,15.31,1.28,51.26,1.0
46086.0,9.0,MEX,Ciudad de México,03 POLANCO,LA PANQUEQUERIA,ubereats,4.04,1.28,6.89,1.0
46086.0,14.0,MEX,Ciudad de México,02 SAN ANGEL,Mr Beast Burger,ubereats,10.09,1.28,7.79,1.0
46086.0,14.0,MEX,Ciudad de México,09 CHURUBUSCO,Órale Desayunos,ubereats,14.03,1.28,1.06,1.0
46086.0,16.0,MEX,Guadalajara,45 ESTADIO,Avocalia,rappi,7.95,1.28,16.02,1.0
46086.0,19.0,MEX,Guadalajara,25 TABACHINES,LA PANQUEQUERIA,rappi,5.76,1.28,0.75,1.0
46086.0,14.0,MEX,Guadalajara,25 TABACHINES,Mr Beast Burger,didi,5.09,1.28,9.38,1.0
46086.0,14.0,MEX,Merida,37 CANEK,Green House,ubereats,19.94,1.28,2.22,1.0
46086.0,12.0,MEX,Merida,37 CANEK,The Wrap Company MX,didi,17.55,1.28,7.96,1.0
46086.0,12.0,MEX,Monterrey,28 CARRETERA NACIONA,Desayunos de la Abuela,rappi,15.01,1.28,1.12,1.0
46086.0,20.0,MEX,Monterrey,28 CARRETERA NACIONA,Órale Chilaquiles,didi,13.9,1.28,15.88,1.0
46086.0,16.0,MEX,Monterrey,30 LINCOLN,Órale Desayunos,didi,8.0,1.28,7.15,1.0
46086.0,10.0,MEX,Ciudad de México,11 AZCAPOTZALCO,LA PANQUEQUERIA,didi,8.65,1.27,8.02,1.0
46086.0,18.0,MEX,Ciudad de México,06 SATELITE,Numa Cocina Mediterranea,ubereats,18.13,1.27,6.68,1.0
46086.0,13.0,MEX,Ciudad de México,11 AZCAPOTZALCO,Órale Desayunos,didi,5.13,1.27,5.1,1.0
46086.0,7.0,MEX,Ciudad de México,05 COAPA,Órale Desayunos,rappi,24.05,1.27,7.29,1.0
46086.0,12.0,MEX,Ciudad de México,03 POLANCO,Órale Desayunos Turbo,rappi,5.93,1.27,26.27,1.0
46086.0,20.0,MEX,Ciudad de México,16 PEDREGAL,The Wrap Company MX,ubereats,20.97,1.27,0.8,1.0
46086.0,9.0,MEX,Guadalajara,21 SANTA TERESITA,Órale Desayunos,ubereats,17.09,1.27,10.65,1.0
46086.0,9.0,MEX,Guadalajara,14 JARDINES,Órale Desayunos,ubereats,6.9,1.27,9.99,1.0
46086.0,11.0,MEX,Merida,31 MONTEJO,Chemaquiles,rappi,7.59,1.27,1.07,1.0
46086.0,14.0,MEX,Merida,31 MONTEJO,Numa Cocina Mediterranea,ubereats,22.34,1.27,13.97,1.0
46086.0,9.0,MEX,Monterrey,38 SALTILLO CENTRO,Brunch & Munch,ubereats,7.93,1.27,11.31,1.0
46086.0,14.0,MEX,Monterrey,10 SAN JERONIMO,Brunch & Munch,ubereats,20.3,1.27,7.58,1.0
46086.0,21.0,MEX,Monterrey,30 LINCOLN,House of Salads,didi,15.18,1.27,7.07,1.0
46086.0,14.0,MEX,Monterrey,17 CUMBRES,Mr Beast Burger,ubereats,10.04,1.27,6.99,1.0
46086.0,21.0,MEX,Puebla,26 CIUDAD JUDICIAL,Órale Desayunos,ubereats,15.76,1.27,6.13,1.0
46086.0,21.0,MEX,Puebla,26 CIUDAD JUDICIAL,Tasty Foods,rappi,8.35,1.27,41.57,1.0
46086.0,14.0,MEX,Zona Centro,24 METEPEC,Mr Beast Burger,ubereats,15.15,1.27,6.62,1.0
46086.0,18.0,MEX,Ciudad de México,01 DOCTORES,Cocina Corrida,didi,18.93,1.25,3.36,1.0
46086.0,14.0,MEX,Ciudad de México,15 LINDAVISTA,Green House,ubereats,9.94,1.25,8.68,1.0
46086.0,14.0,MEX,Ciudad de México,15 LINDAVISTA,Honest Food,ubereats,9.94,1.25,4.9,1.0
46086.0,17.0,MEX,Ciudad de México,01 DOCTORES,House of Salads,didi,14.5,1.25,9.16,1.0
46086.0,22.0,MEX,Ciudad de México,11 AZCAPOTZALCO,Mr Beast Burger,didi,11.06,1.25,10.0,1.0
46086.0,9.0,MEX,Ciudad de México,03 POLANCO,Órale Desayunos,didi,11.93,1.25,8.19,1.0
46086.0,14.0,MEX,Ciudad de México,02 SAN ANGEL,Que Chicken,ubereats,20.9,1.25,2.39,1.0
46086.0,19.0,MEX,Ciudad de México,12 DEL VALLE,Que Chicken,ubereats,14.37,1.25,1.65,1.0
46086.0,14.0,MEX,Ciudad de México,09 CHURUBUSCO,The Salad Project,ubereats,7.96,1.25,3.78,1.0
46086.0,9.0,MEX,Guadalajara,21 SANTA TERESITA,Brunch & Munch,ubereats,15.36,1.25,2.02,1.0
46086.0,18.0,MEX,Guadalajara,14 JARDINES,Don Gyros & Kebab,ubereats,14.1,1.25,2.33,1.0
46086.0,14.0,MEX,Guadalajara,25 TABACHINES,FC Barcelona,rappi,5.35,1.25,6.77,1.0
46086.0,11.0,MEX,Guadalajara,21 SANTA TERESITA,Green House,ubereats,15.13,1.25,13.19,1.0
46086.0,18.0,MEX,Guadalajara,45 ESTADIO,Mr Beast Burger,ubereats,13.86,1.25,4.78,1.0
46086.0,19.0,MEX,Guadalajara,45 ESTADIO,Mr Beast Burger,ubereats,14.74,1.25,1.29,1.0
46086.0,11.0,MEX,Merida,31 MONTEJO,Green House,ubereats,15.11,1.25,7.94,1.0
46086.0,14.0,MEX,Merida,37 CANEK,Tasty Foods,ubereats,9.93,1.25,10.08,1.0
46086.0,8.0,MEX,Monterrey,38 SALTILLO CENTRO,Desayunos de la Abuela,didi,6.29,1.25,24.69,1.0
46086.0,22.0,MEX,Puebla,41 VOLCANES,Mr Beast Burger,rappi,19.89,1.25,0.87,1.0
46086.0,15.0,MEX,Ciudad de México,01 DOCTORES,Avocalia,didi,21.41,1.23,1.77,1.0
46086.0,7.0,MEX,Ciudad de México,03 POLANCO,Avocalia,rappi,2.11,1.23,33.12,1.0
46086.0,15.0,MEX,Ciudad de México,01 DOCTORES,Avocalia,ubereats,8.02,1.23,3.89,1.0
46086.0,14.0,MEX,Ciudad de México,11 AZCAPOTZALCO,Desayunos de la Abuela,ubereats,7.06,1.23,7.0,1.0
46086.0,9.0,MEX,Ciudad de México,06 SATELITE,Eggy by Chef Eva,ubereats,9.22,1.23,2.71,1.0
46086.0,21.0,MEX,Ciudad de México,05 COAPA,FC Barcelona,rappi,9.03,1.23,19.91,1.0
46086.0,14.0,MEX,Ciudad de México,01 DOCTORES,Foodhub,ubereats,13.13,1.23,3.82,1.0
46086.0,18.0,MEX,Ciudad de México,12 DEL VALLE,LA PANQUEQUERIA,ubereats,17.8,1.23,8.19,1.0
46086.0,14.0,MEX,Ciudad de México,06 SATELITE,Mr Beast Burger,ubereats,10.1,1.23,10.05,1.0
46086.0,8.0,MEX,Ciudad de México,03 POLANCO,Órale Desayunos,didi,4.05,1.23,2.02,1.0
46086.0,14.0,MEX,Ciudad de México,27 IZTAPALAPA,Órale Desayunos,ubereats,5.04,1.23,15.57,1.0
46086.0,14.0,MEX,Ciudad de México,27 IZTAPALAPA,The Wrap Company MX,rappi,1.23,,12.82,1.0
46086.0,20.0,MEX,Guadalajara,34 TLAQUEPAQUE,FC Barcelona,rappi,1.23,,52.2,1.0
46086.0,19.0,MEX,Merida,31 MONTEJO,Green House,ubereats,15.16,1.23,18.72,1.0
46086.0,14.0,MEX,Merida,37 CANEK,LA PANQUEQUERIA,ubereats,17.43,1.23,0.88,1.0
46086.0,11.0,MEX,Puebla,26 CIUDAD JUDICIAL,Brunch & Munch,ubereats,16.96,1.23,6.82,1.0
46086.0,9.0,MEX,Zona Centro,24 METEPEC,Brunch & Munch,ubereats,13.18,1.23,4.77,1.0
46086.0,14.0,MEX,Ciudad de México,27 IZTAPALAPA,Avocalia,didi,6.81,1.22,4.36,1.0
46086.0,15.0,MEX,Ciudad de México,04 SANTA FE,Avocalia,rappi,8.19,1.22,0.67,1.0
46086.0,20.0,MEX,Ciudad de México,01 DOCTORES,Avocalia Desayunos,rappi,13.74,1.22,5.13,1.0
46086.0,9.0,MEX,Ciudad de México,06 SATELITE,Avocalia Desayunos,ubereats,8.79,1.22,3.06,1.0
46086.0,12.0,MEX,Ciudad de México,02 SAN ANGEL,Brunch & Munch,rappi,16.89,1.22,10.21,1.0
46086.0,9.0,MEX,Ciudad de México,15 LINDAVISTA,Brunch & Munch,ubereats,12.25,1.22,1.9,1.0
46086.0,14.0,MEX,Ciudad de México,16 PEDREGAL,Green House,ubereats,10.67,1.22,7.16,1.0
46086.0,14.0,MEX,Ciudad de México,15 LINDAVISTA,Green House,ubereats,13.8,1.22,1.44,1.0
46086.0,15.0,MEX,Ciudad de México,16 PEDREGAL,Honest Food,didi,21.05,1.22,6.68,1.0
46086.0,18.0,MEX,Ciudad de México,12 DEL VALLE,Honest Food,didi,12.43,1.22,8.91,1.0
46086.0,18.0,MEX,Ciudad de México,12 DEL VALLE,Honest Food,ubereats,7.05,1.22,15.51,1.0
46086.0,14.0,MEX,Ciudad de México,05 COAPA,Mr Beast Burger,ubereats,11.5,1.22,5.3,1.0
46086.0,19.0,MEX,Ciudad de México,16 PEDREGAL,Mr Beast Burger,ubereats,8.86,1.22,3.96,1.0
46086.0,12.0,MEX,Ciudad de México,03 POLANCO,Órale Desayunos,didi,4.85,1.22,4.17,1.0
46086.0,12.0,MEX,Ciudad de México,01 DOCTORES,Órale Desayunos,ubereats,8.82,1.22,11.29,1.0
46086.0,14.0,MEX,Ciudad de México,12 DEL VALLE,Que Chicken,ubereats,11.23,1.22,2.87,1.0
46086.0,12.0,MEX,Guadalajara,34 TLAQUEPAQUE,Avocalia,ubereats,4.25,1.22,8.65,1.0
46086.0,10.0,MEX,Guadalajara,45 ESTADIO,Chemaquiles,rappi,9.06,1.22,0.42,1.0
46086.0,18.0,MEX,Guadalajara,21 SANTA TERESITA,House of Salads,didi,12.09,1.22,4.28,1.0
46086.0,14.0,MEX,Guadalajara,19 LA CALMA,Numa Cocina Mediterranea,ubereats,8.04,1.22,9.93,1.0
46086.0,19.0,MEX,Merida,31 MONTEJO,Green House,ubereats,17.7,1.22,13.25,1.0
46086.0,11.0,MEX,Monterrey,23 SANTA CATARINA,Avocalia Desayunos,didi,11.74,1.22,0.88,1.0
46086.0,18.0,MEX,Monterrey,13 TEC,Green House,rappi,11.58,1.22,0.86,1.0
46086.0,14.0,MEX,Monterrey,13 TEC,House of Salads,ubereats,2.41,1.22,4.46,1.0
46086.0,9.0,MEX,Monterrey,13 TEC,Órale Desayunos,ubereats,6.31,1.22,6.0,1.0
46086.0,9.0,MEX,Puebla,26 CIUDAD JUDICIAL,Eggy by Chef Eva,ubereats,13.06,1.22,3.54,1.0
46086.0,12.0,MEX,Zona Centro,24 METEPEC,Avocalia,ubereats,8.31,1.22,2.04,1.0
46086.0,19.0,MEX,Zona Centro,24 METEPEC,Que Chicken,ubereats,10.58,1.22,8.92,1.0
46086.0,14.0,MEX,Ciudad de México,15 LINDAVISTA,Avocalia,ubereats,8.1,1.2,1.85,1.0
46086.0,14.0,MEX,Ciudad de México,15 LINDAVISTA,Eggy by Chef Eva,rappi,7.13,1.2,5.18,1.0
46086.0,15.0,MEX,Ciudad de México,03 POLANCO,House of Salads,ubereats,13.21,1.2,0.98,1.0
46086.0,19.0,MEX,Ciudad de México,05 COAPA,House of Salads,ubereats,8.57,1.2,9.07,1.0
46086.0,14.0,MEX,Ciudad de México,11 AZCAPOTZALCO,Mr Beast Burger,ubereats,11.06,1.2,17.79,1.0
46086.0,18.0,MEX,Ciudad de México,12 DEL VALLE,Que Chicken,ubereats,13.07,1.2,17.92,1.0
46086.0,14.0,MEX,Ciudad de México,06 SATELITE,Tasty Foods,ubereats,5.53,1.2,4.2,1.0
46086.0,15.0,MEX,Guadalajara,34 TLAQUEPAQUE,Avocalia,didi,12.5,1.2,0.56,1.0
46086.0,15.0,MEX,Guadalajara,19 LA CALMA,Avocalia,ubereats,7.11,1.2,7.0,1.0
46086.0,19.0,MEX,Guadalajara,14 JARDINES,Avocalia Desayunos,ubereats,5.13,1.2,8.87,1.0
46086.0,13.0,MEX,Guadalajara,25 TABACHINES,Fonda Local,didi,12.33,1.2,1.01,1.0
46086.0,14.0,MEX,Guadalajara,21 SANTA TERESITA,Honest Food,ubereats,7.14,1.2,23.88,1.0
46086.0,14.0,MEX,Guadalajara,19 LA CALMA,Mr Beast Burger,ubereats,9.7,1.2,10.06,1.0
46086.0,8.0,MEX,Guadalajara,34 TLAQUEPAQUE,The Breakfast Club,didi,7.79,1.2,24.37,1.0
46086.0,14.0,MEX,Merida,37 CANEK,Avocalia,ubereats,16.25,1.2,7.76,1.0
46086.0,15.0,MEX,Monterrey,38 SALTILLO CENTRO,Chemaquiles,rappi,5.89,1.2,0.17,1.0
46086.0,11.0,MEX,Monterrey,17 CUMBRES,Eggy by Chef Eva,ubereats,12.26,1.2,13.72,1.0
46086.0,14.0,MEX,Monterrey,22 SAN NICOLAS,Freshlab,ubereats,19.67,1.2,4.32,1.0
46086.0,13.0,MEX,Monterrey,38 SALTILLO CENTRO,Mr Beast Burger,didi,17.17,1.2,8.51,1.0
46086.0,11.0,MEX,Monterrey,38 SALTILLO CENTRO,Órale Desayunos,didi,8.32,1.2,8.69,1.0
46086.0,9.0,MEX,Puebla,41 VOLCANES,Brunch & Munch,rappi,6.39,1.2,45.8,1.0
46086.0,18.0,MEX,Puebla,41 VOLCANES,Don Gyros & Kebab,rappi,14.77,1.2,7.94,1.0
46086.0,18.0,MEX,Puebla,26 CIUDAD JUDICIAL,Mr Beast Burger,ubereats,14.17,1.2,17.08,1.0
46086.0,14.0,MEX,Zona Centro,24 METEPEC,Honest Food,ubereats,22.86,1.2,0.9,1.0
46086.0,14.0,MEX,Zona Centro,24 METEPEC,Honest Food,ubereats,17.21,1.2,1.22,1.0
46086.0,19.0,MEX,Zona Centro,24 METEPEC,La Neta Burgers (Orale Burgers),rappi,11.23,1.2,0.98,1.0
46086.0,9.0,MEX,Ciudad de México,27 IZTAPALAPA,Brunch & Munch,ubereats,11.16,1.18,1.31,1.0
46086.0,19.0,MEX,Ciudad de México,16 PEDREGAL,FC Barcelona,rappi,10.6,1.18,13.32,1.0
46086.0,19.0,MEX,Ciudad de México,09 CHURUBUSCO,Green House,ubereats,9.27,1.18,19.05,1.0
46086.0,19.0,MEX,Ciudad de México,05 COAPA,Mega Greens (Super Ensaladas),ubereats,11.11,1.18,10.92,1.0
46086.0,14.0,MEX,Ciudad de México,15 LINDAVISTA,Mr Beast Burger,ubereats,9.21,1.18,14.17,1.0
46086.0,21.0,MEX,Ciudad de México,03 POLANCO,Mr Beast Burger,ubereats,6.6,1.18,8.45,1.0
46086.0,7.0,MEX,Ciudad de México,15 LINDAVISTA,Órale Chilaquiles,rappi,23.5,1.18,98.16,1.0
46086.0,9.0,MEX,Ciudad de México,03 POLANCO,Órale Desayunos,ubereats,6.95,1.18,4.01,1.0
46086.0,14.0,MEX,Ciudad de México,03 POLANCO,Que Chicken,ubereats,8.99,1.18,2.87,1.0
46086.0,19.0,MEX,Guadalajara,21 SANTA TERESITA,Avocalia,ubereats,16.9,1.18,3.04,1.0
46086.0,9.0,MEX,Guadalajara,21 SANTA TERESITA,Brunch & Munch,ubereats,18.88,1.18,4.07,1.0
46086.0,14.0,MEX,Guadalajara,19 LA CALMA,Green House,ubereats,9.83,1.18,6.16,1.0
46086.0,19.0,MEX,Guadalajara,21 SANTA TERESITA,Que Chicken,rappi,14.66,1.18,10.9,1.0
46086.0,19.0,MEX,Guadalajara,14 JARDINES,Que Chicken,ubereats,9.11,1.18,11.7,1.0
46086.0,14.0,MEX,Guadalajara,45 ESTADIO,Subs & Soups,didi,12.04,1.18,0.5,1.0
46086.0,12.0,MEX,Merida,37 CANEK,Green House,ubereats,15.75,1.18,2.12,1.0
46086.0,21.0,MEX,Merida,31 MONTEJO,Green House,ubereats,13.13,1.18,12.78,1.0
46086.0,9.0,MEX,Merida,37 CANEK,LA PANQUEQUERIA,ubereats,9.37,1.18,7.0,1.0
46086.0,12.0,MEX,Monterrey,38 SALTILLO CENTRO,Brunch & Munch,ubereats,11.99,1.18,14.42,1.0
46086.0,12.0,MEX,Monterrey,17 CUMBRES,Brunch & Munch,ubereats,9.71,1.18,7.18,1.0
46086.0,14.0,MEX,Monterrey,23 SANTA CATARINA,Brunch & Munch,ubereats,9.38,1.18,4.72,1.0
46086.0,14.0,MEX,Monterrey,23 SANTA CATARINA,Honest Food,ubereats,9.65,1.18,1.13,1.0
46086.0,19.0,MEX,Puebla,41 VOLCANES,Chicken Shack,rappi,12.01,1.18,0.85,1.0
46086.0,21.0,MEX,Puebla,26 CIUDAD JUDICIAL,La Neta Burgers (Orale Burgers),rappi,10.3,1.18,3.98,1.0
46086.0,19.0,MEX,Puebla,26 CIUDAD JUDICIAL,Que Chicken,rappi,5.65,1.18,0.36,1.0
46086.0,9.0,MEX,Puebla,41 VOLCANES,The Breakfast Club,ubereats,11.98,1.18,5.75,1.0
46086.0,18.0,MEX,Ciudad de México,02 SAN ANGEL,Avocalia,didi,6.03,1.17,18.6,1.0
46086.0,12.0,MEX,Ciudad de México,02 SAN ANGEL,Green House,ubereats,14.35,1.17,5.85,1.0
46086.0,12.0,MEX,Ciudad de México,04 SANTA FE,Honest Food,ubereats,15.99,1.17,4.7,1.0
46086.0,21.0,MEX,Ciudad de México,05 COAPA,Honest Food,ubereats,7.53,1.17,11.48,1.0
46086.0,9.0,MEX,Ciudad de México,03 POLANCO,Órale Desayunos,ubereats,2.9,1.17,7.87,1.0
46086.0,19.0,MEX,Guadalajara,25 TABACHINES,Avocalia,ubereats,12.81,1.17,0.2,1.0
46086.0,9.0,MEX,Guadalajara,45 ESTADIO,Brunch & Munch,rappi,5.28,1.17,0.73,1.0
46086.0,9.0,MEX,Guadalajara,21 SANTA TERESITA,Brunch & Munch,ubereats,16.7,1.17,1.15,1.0
46086.0,14.0,MEX,Guadalajara,14 JARDINES,Honest Food,rappi,7.03,1.17,11.71,1.0
46086.0,12.0,MEX,Guadalajara,45 ESTADIO,Honest Food,ubereats,14.2,1.17,2.91,1.0
46086.0,16.0,MEX,Guadalajara,19 LA CALMA,Mr Beast Burger,didi,25.79,1.17,1.09,1.0
46086.0,13.0,MEX,Merida,31 MONTEJO,Órale Desayunos,didi,21.98,1.17,4.93,1.0
46086.0,14.0,MEX,Monterrey,13 TEC,Brunch & Munch,ubereats,10.71,1.17,9.3,1.0
46086.0,14.0,MEX,Monterrey,13 TEC,Fonda Local,ubereats,9.96,1.17,3.03,1.0
46086.0,19.0,MEX,Monterrey,38 SALTILLO CENTRO,Mr Beast Burger,didi,9.86,1.17,13.67,1.0
46086.0,19.0,MEX,Monterrey,17 CUMBRES,Pozórale,didi,10.98,1.17,10.03,1.0
46086.0,16.0,MEX,Zona Centro,24 METEPEC,Fonda Local,didi,9.15,1.17,4.3,1.0
46086.0,14.0,MEX,Zona Centro,24 METEPEC,Green House,ubereats,12.48,1.17,2.93,1.0
46086.0,11.0,MEX,Ciudad de México,01 DOCTORES,Avocalia,didi,11.21,1.15,7.95,1.0
46086.0,20.0,MEX,Ciudad de México,12 DEL VALLE,Avocalia,didi,16.2,1.15,2.86,1.0
46086.0,20.0,MEX,Ciudad de México,12 DEL VALLE,Avocalia,didi,12.69,1.15,2.8,1.0
46086.0,12.0,MEX,Ciudad de México,03 POLANCO,Avocalia,ubereats,14.11,1.15,2.68,1.0
46086.0,14.0,MEX,Ciudad de México,05 COAPA,Avocalia,ubereats,11.23,1.15,4.01,1.0
46086.0,14.0,MEX,Ciudad de México,06 SATELITE,Avocalia,ubereats,7.04,1.15,1.66,1.0
46086.0,14.0,MEX,Ciudad de México,15 LINDAVISTA,Avocalia,ubereats,5.31,1.15,4.89,1.0
46086.0,9.0,MEX,Ciudad de México,11 AZCAPOTZALCO,Brunch & Munch,ubereats,12.91,1.15,1.93,1.0
46086.0,9.0,MEX,Ciudad de México,27 IZTAPALAPA,Chemaquiles,ubereats,13.83,1.15,4.7,1.0
46086.0,21.0,MEX,Ciudad de México,09 CHURUBUSCO,Chicken Shack,rappi,12.5,1.15,0.47,1.0
46086.0,21.0,MEX,Ciudad de México,03 POLANCO,Honest Food,ubereats,7.25,1.15,6.89,1.0
46086.0,11.0,MEX,Ciudad de México,09 CHURUBUSCO,Órale Desayunos,didi,34.5,1.15,6.02,1.0
46086.0,7.0,MEX,Ciudad de México,01 DOCTORES,Órale Desayunos,ubereats,8.19,1.15,2.73,1.0
46086.0,12.0,MEX,Ciudad de México,12 DEL VALLE,Órale Desayunos,ubereats,18.6,1.15,5.18,1.0
46086.0,12.0,MEX,Ciudad de México,02 SAN ANGEL,Órale Desayunos,ubereats,12.32,1.15,7.81,1.0
46086.0,12.0,MEX,Ciudad de México,05 COAPA,The Breakfast Club,ubereats,10.16,1.15,6.09,1.0
46086.0,16.0,MEX,Guadalajara,45 ESTADIO,Avocalia,didi,8.93,1.15,12.79,1.0
46086.0,14.0,MEX,Guadalajara,14 JARDINES,Avocalia,ubereats,9.94,1.15,7.24,1.0
46086.0,15.0,MEX,Guadalajara,19 LA CALMA,Avocalia,ubereats,11.27,1.15,0.73,1.0
46086.0,20.0,MEX,Guadalajara,21 SANTA TERESITA,Avocalia,ubereats,15.78,1.15,3.59,1.0
46086.0,14.0,MEX,Guadalajara,19 LA CALMA,Avocalia Desayunos,ubereats,11.88,1.15,5.74,1.0
46086.0,12.0,MEX,Guadalajara,34 TLAQUEPAQUE,Numa Cocina Mediterranea,ubereats,11.41,1.15,3.47,1.0
46086.0,21.0,MEX,Merida,31 MONTEJO,Avocalia,ubereats,14.71,1.15,1.49,1.0
46086.0,9.0,MEX,Merida,37 CANEK,Desayunos de la Abuela,didi,15.46,1.15,15.76,1.0
46086.0,14.0,MEX,Merida,31 MONTEJO,Desayunos de la Abuela,rappi,22.44,1.15,7.9,1.0
46086.0,12.0,MEX,Monterrey,13 TEC,Avocalia,ubereats,13.51,1.15,7.12,1.0
46086.0,11.0,MEX,Monterrey,38 SALTILLO CENTRO,Órale Desayunos,didi,8.91,1.15,0.14,1.0
46086.0,9.0,MEX,Monterrey,23 SANTA CATARINA,Órale Desayunos,ubereats,5.13,1.15,9.94,1.0
46086.0,14.0,MEX,Puebla,26 CIUDAD JUDICIAL,Honest Food,rappi,10.14,1.15,3.24,1.0
46086.0,9.0,MEX,Zona Centro,24 METEPEC,Avocalia Desayunos,ubereats,7.88,1.15,7.9,1.0
46086.0,8.0,MEX,Zona Centro,24 METEPEC,Brunch & Munch,ubereats,13.4,1.15,13.09,1.0
46086.0,16.0,MEX,Ciudad de México,12 DEL VALLE,Avocalia,didi,14.21,1.13,18.92,1.0
46086.0,11.0,MEX,Ciudad de México,05 COAPA,Brunch & Munch,didi,5.96,1.13,4.87,1.0
46086.0,9.0,MEX,Ciudad de México,12 DEL VALLE,Brunch & Munch,ubereats,8.06,1.13,0.99,1.0
46086.0,12.0,MEX,Ciudad de México,16 PEDREGAL,Brunch & Munch,ubereats,12.87,1.13,5.36,1.0
46086.0,12.0,MEX,Ciudad de México,03 POLANCO,Brunch & Munch,ubereats,11.18,1.13,3.01,1.0
46086.0,9.0,MEX,Ciudad de México,09 CHURUBUSCO,Desayunos de la Abuela,ubereats,7.97,1.13,1.94,1.0
46086.0,14.0,MEX,Ciudad de México,16 PEDREGAL,FC Barcelona,rappi,8.63,1.13,7.95,1.0
46086.0,14.0,MEX,Ciudad de México,03 POLANCO,Fonda Local,didi,5.25,1.13,9.04,1.0
46086.0,21.0,MEX,Ciudad de México,01 DOCTORES,Green House,rappi,5.72,1.13,17.44,1.0
46086.0,22.0,MEX,Ciudad de México,12 DEL VALLE,Honest Food,didi,13.22,1.13,0.87,1.0
46086.0,14.0,MEX,Ciudad de México,06 SATELITE,Honest Food,ubereats,20.03,1.13,1.94,1.0
46086.0,11.0,MEX,Ciudad de México,01 DOCTORES,LA PANQUEQUERIA,ubereats,5.73,1.13,20.24,1.0
46086.0,10.0,MEX,Ciudad de México,03 POLANCO,Órale Desayunos,didi,5.64,1.13,0.34,1.0
46086.0,20.0,MEX,Guadalajara,25 TABACHINES,Avocalia,didi,7.04,1.13,6.34,1.0
46086.0,14.0,MEX,Guadalajara,21 SANTA TERESITA,Avocalia,ubereats,7.42,1.13,11.88,1.0
46086.0,8.0,MEX,Guadalajara,19 LA CALMA,Brunch & Munch,ubereats,21.91,1.13,50.21,1.0
46086.0,8.0,MEX,Guadalajara,21 SANTA TERESITA,Brunch & Munch,ubereats,13.53,1.13,19.35,1.0
46086.0,8.0,MEX,Guadalajara,40 JARDINES DEL VALL,Foodhub,ubereats,9.92,1.13,22.27,1.0
46086.0,14.0,MEX,Guadalajara,21 SANTA TERESITA,Green House,ubereats,18.81,1.13,11.93,1.0
46086.0,15.0,MEX,Guadalajara,14 JARDINES,Honest Food,rappi,18.82,1.13,1.69,1.0
46086.0,14.0,MEX,Guadalajara,40 JARDINES DEL VALL,House of Salads,ubereats,14.36,1.13,2.95,1.0
46086.0,9.0,MEX,Guadalajara,34 TLAQUEPAQUE,Órale Desayunos,ubereats,12.19,1.13,1.65,1.0
46086.0,9.0,MEX,Merida,31 MONTEJO,Brunch & Munch,ubereats,15.84,1.13,1.31,1.0
46086.0,21.0,MEX,Merida,31 MONTEJO,Chicken Tenders Hub,ubereats,16.46,1.13,7.96,1.0
46086.0,15.0,MEX,Merida,37 CANEK,Tender Lovers,rappi,8.09,1.13,3.66,1.0
46086.0,10.0,MEX,Monterrey,13 TEC,Brunch & Munch,didi,13.68,1.13,1.35,1.0
46086.0,11.0,MEX,Monterrey,17 CUMBRES,Brunch & Munch,ubereats,13.91,1.13,16.97,1.0
46086.0,13.0,MEX,Monterrey,13 TEC,Órale Desayunos,didi,5.7,1.13,0.84,1.0
46086.0,14.0,MEX,Monterrey,17 CUMBRES,Órale Desayunos,ubereats,15.0,1.13,1.12,1.0
46086.0,9.0,MEX,Monterrey,28 CARRETERA NACIONA,The Breakfast Club,ubereats,13.78,1.13,1.25,1.0
46086.0,14.0,MEX,Zona Centro,24 METEPEC,Órale Desayunos,ubereats,14.95,1.13,4.19,1.0
46086.0,20.0,MEX,Ciudad de México,01 DOCTORES,Avocalia,didi,8.02,1.12,17.58,1.0
46086.0,19.0,MEX,Ciudad de México,03 POLANCO,Avocalia,ubereats,12.12,1.12,8.08,1.0
46086.0,7.0,MEX,Ciudad de México,15 LINDAVISTA,Brunch & Munch,ubereats,14.86,1.12,2.38,1.0
46086.0,9.0,MEX,Ciudad de México,05 COAPA,Brunch & Munch,ubereats,3.87,1.12,8.51,1.0
46086.0,9.0,MEX,Ciudad de México,09 CHURUBUSCO,Brunch & Munch,ubereats,10.98,1.12,11.06,1.0
46086.0,12.0,MEX,Ciudad de México,05 COAPA,Brunch & Munch,ubereats,12.93,1.12,5.35,1.0
46086.0,19.0,MEX,Ciudad de México,05 COAPA,Brunch & Munch,ubereats,11.08,1.12,22.77,1.0
46086.0,19.0,MEX,Ciudad de México,06 SATELITE,Green House,ubereats,11.22,1.12,8.14,1.0
46086.0,15.0,MEX,Ciudad de México,16 PEDREGAL,Honest Food,didi,10.03,1.12,54.51,1.0
46086.0,8.0,MEX,Ciudad de México,15 LINDAVISTA,Órale Desayunos,ubereats,10.01,1.12,12.36,1.0
46086.0,12.0,MEX,Ciudad de México,05 COAPA,Órale Desayunos,ubereats,13.76,1.12,8.34,1.0
46086.0,13.0,MEX,Ciudad de México,01 DOCTORES,Que Chicken,rappi,13.91,1.12,10.8,1.0
46086.0,22.0,MEX,Ciudad de México,12 DEL VALLE,The Wrap Company MX,didi,23.1,1.12,0.15,1.0
46086.0,9.0,MEX,Guadalajara,34 TLAQUEPAQUE,Brunch & Munch,ubereats,9.3,1.12,7.76,1.0
46086.0,12.0,MEX,Guadalajara,14 JARDINES,Brunch & Munch,ubereats,18.89,1.12,2.12,1.0
46086.0,8.0,MEX,Guadalajara,21 SANTA TERESITA,Freshlab,ubereats,13.71,1.12,3.76,1.0
46086.0,20.0,MEX,Guadalajara,21 SANTA TERESITA,Honest Food,ubereats,16.34,1.12,7.91,1.0
46086.0,21.0,MEX,Guadalajara,21 SANTA TERESITA,Numa Cocina Mediterranea,ubereats,13.93,1.12,1.61,1.0
46086.0,8.0,MEX,Guadalajara,21 SANTA TERESITA,Órale Desayunos,ubereats,10.02,1.12,5.14,1.0
46086.0,14.0,MEX,Guadalajara,19 LA CALMA,The Breakfast Club,ubereats,11.12,1.12,6.88,1.0
46086.0,12.0,MEX,Guadalajara,40 JARDINES DEL VALL,The Egg Spot,ubereats,8.62,1.12,1.12,1.0
46086.0,10.0,MEX,Merida,37 CANEK,Brunch & Munch,rappi,8.83,1.12,22.06,1.0
46086.0,18.0,MEX,Merida,37 CANEK,The Breakfast Club,rappi,1.12,,5.5,1.0
46086.0,12.0,MEX,Monterrey,23 SANTA CATARINA,Brunch & Munch,ubereats,6.98,1.12,8.38,1.0
46086.0,18.0,MEX,Monterrey,30 LINCOLN,Fonda Local,didi,4.33,1.12,8.86,1.0
46086.0,11.0,MEX,Puebla,41 VOLCANES,Brunch & Munch,didi,23.9,1.12,5.17,1.0
46086.0,15.0,MEX,Ciudad de México,02 SAN ANGEL,Avocalia,didi,13.93,1.1,9.89,1.0
46086.0,12.0,MEX,Ciudad de México,11 AZCAPOTZALCO,Brunch & Munch,ubereats,9.74,1.1,15.09,1.0
46086.0,12.0,MEX,Ciudad de México,15 LINDAVISTA,Brunch & Munch,ubereats,10.9,1.1,11.13,1.0
46086.0,14.0,MEX,Ciudad de México,09 CHURUBUSCO,Brunch & Munch,ubereats,4.84,1.1,4.35,1.0
46086.0,13.0,MEX,Ciudad de México,06 SATELITE,Chicken Shack,rappi,11.81,1.1,2.27,1.0
46086.0,12.0,MEX,Ciudad de México,11 AZCAPOTZALCO,Foodhub,didi,5.21,1.1,0.75,1.0
46086.0,13.0,MEX,Ciudad de México,09 CHURUBUSCO,Foodhub,rappi,10.81,1.1,16.91,1.0
46086.0,15.0,MEX,Ciudad de México,01 DOCTORES,Green House,ubereats,4.8,1.1,5.3,1.0
46086.0,18.0,MEX,Ciudad de México,06 SATELITE,House of Salads,didi,18.77,1.1,1.14,1.0
46086.0,15.0,MEX,Ciudad de México,05 COAPA,House of Salads,ubereats,9.17,1.1,2.87,1.0
46086.0,8.0,MEX,Ciudad de México,01 DOCTORES,LA PANQUEQUERIA,ubereats,12.58,1.1,2.05,1.0
46086.0,16.0,MEX,Ciudad de México,03 POLANCO,Mr Beast Burger,didi,8.44,1.1,10.56,1.0
46086.0,19.0,MEX,Ciudad de México,03 POLANCO,Mr Beast Burger,didi,5.26,1.1,19.18,1.0
46086.0,22.0,MEX,Ciudad de México,11 AZCAPOTZALCO,Mr Beast Burger,rappi,17.76,1.1,5.24,1.0
46086.0,7.0,MEX,Ciudad de México,06 SATELITE,Órale Desayunos,ubereats,19.93,1.1,0.26,1.0
46086.0,22.0,MEX,Ciudad de México,03 POLANCO,Órale Desayunos,ubereats,6.38,1.1,4.61,1.0
46086.0,15.0,MEX,Ciudad de México,03 POLANCO,Tasty Foods,ubereats,14.2,1.1,1.78,1.0
46086.0,13.0,MEX,Guadalajara,19 LA CALMA,Avocalia,ubereats,14.97,1.1,50.25,1.0
46086.0,8.0,MEX,Guadalajara,40 JARDINES DEL VALL,Freshlab,rappi,7.81,1.1,20.07,1.0
46086.0,14.0,MEX,Guadalajara,25 TABACHINES,Mr Beast Burger,didi,12.13,1.1,6.38,1.0
46086.0,21.0,MEX,Guadalajara,21 SANTA TERESITA,Mr Beast Burger,didi,8.27,1.1,23.87,1.0
46086.0,12.0,MEX,Merida,31 MONTEJO,Órale Desayunos,ubereats,22.79,1.1,4.99,1.0
46086.0,19.0,MEX,Merida,31 MONTEJO,Que Chicken,rappi,9.87,1.1,27.98,1.0
46086.0,15.0,MEX,Monterrey,10 SAN JERONIMO,Avocalia,ubereats,8.0,1.1,3.59,1.0
46086.0,9.0,MEX,Monterrey,38 SALTILLO CENTRO,Avocalia Desayunos,ubereats,10.01,1.1,1.72,1.0
46086.0,19.0,MEX,Monterrey,30 LINCOLN,Brunch & Munch,rappi,11.95,1.1,2.15,1.0
46086.0,10.0,MEX,Monterrey,22 SAN NICOLAS,Mega Greens (Super Ensaladas),didi,10.32,1.1,0.81,1.0
46086.0,21.0,MEX,Puebla,26 CIUDAD JUDICIAL,Numa Cocina Mediterranea,ubereats,11.91,1.1,7.71,1.0
46086.0,9.0,MEX,Ciudad de México,03 POLANCO,BRUNCH & MUNCH TURBO,rappi,3.97,1.08,2.01,1.0
46086.0,19.0,MEX,Ciudad de México,12 DEL VALLE,Fonda Local turbo,rappi,15.25,1.08,3.92,1.0
46086.0,21.0,MEX,Ciudad de México,03 POLANCO,Green House Turbo,rappi,4.67,1.08,1.28,1.0
46086.0,18.0,MEX,Ciudad de México,05 COAPA,House of Salads,didi,11.84,1.08,2.71,1.0
46086.0,21.0,MEX,Ciudad de México,11 AZCAPOTZALCO,Numa Cocina Mediterranea,ubereats,14.01,1.08,9.99,1.0
46086.0,9.0,MEX,Ciudad de México,03 POLANCO,Órale Desayunos,didi,2.87,1.08,3.11,1.0
46086.0,8.0,MEX,Ciudad de México,09 CHURUBUSCO,Órale Desayunos,ubereats,8.24,1.08,1.81,1.0
46086.0,7.0,MEX,Guadalajara,21 SANTA TERESITA,Desayunos de la Abuela,didi,12.59,1.08,7.41,1.0
46086.0,11.0,MEX,Merida,31 MONTEJO,Órale Desayunos,didi,5.81,1.08,3.04,1.0
46086.0,9.0,MEX,Monterrey,28 CARRETERA NACIONA,LA PANQUEQUERIA,ubereats,6.95,1.08,5.4,1.0
46086.0,13.0,MEX,Monterrey,10 SAN JERONIMO,Mr Beast Burger,didi,12.96,1.08,3.01,1.0
46086.0,14.0,MEX,Monterrey,23 SANTA CATARINA,Mr Beast Burger,ubereats,15.11,1.08,2.97,1.0
46086.0,15.0,MEX,Monterrey,10 SAN JERONIMO,Mr Beast Burger,ubereats,7.09,1.08,8.06,1.0
46086.0,17.0,MEX,Ciudad de México,12 DEL VALLE,Avocalia,rappi,7.01,1.07,14.11,1.0
46086.0,8.0,MEX,Ciudad de México,03 POLANCO,Brunch & Munch,ubereats,5.62,1.07,7.94,1.0
46086.0,7.0,MEX,Ciudad de México,09 CHURUBUSCO,Chemaquiles,rappi,5.59,1.07,7.23,1.0
46086.0,13.0,MEX,Ciudad de México,27 IZTAPALAPA,Chicken Tenders Hub,rappi,10.76,1.07,6.83,1.0
46086.0,22.0,MEX,Ciudad de México,03 POLANCO,Green House,ubereats,5.93,1.07,1.97,1.0
46086.0,15.0,MEX,Ciudad de México,06 SATELITE,Honest Food,ubereats,8.01,1.07,6.85,1.0
46086.0,15.0,MEX,Ciudad de México,05 COAPA,Mr Beast Burger,didi,11.35,1.07,21.78,1.0
46086.0,8.0,MEX,Ciudad de México,03 POLANCO,Órale Desayunos,didi,3.74,1.07,2.23,1.0
46086.0,21.0,MEX,Ciudad de México,03 POLANCO,Órale Desayunos,didi,8.81,1.07,3.27,1.0
46086.0,11.0,MEX,Ciudad de México,01 DOCTORES,The Breakfast Club,rappi,1.07,,9.99,1.0
46086.0,15.0,MEX,Guadalajara,25 TABACHINES,Brunch & Munch,ubereats,9.46,1.07,6.41,1.0
46086.0,15.0,MEX,Guadalajara,45 ESTADIO,Honest Food,ubereats,13.43,1.07,4.81,1.0
46086.0,15.0,MEX,Guadalajara,19 LA CALMA,House of Salads,ubereats,14.21,1.07,4.83,1.0
46086.0,21.0,MEX,Merida,37 CANEK,Green House,ubereats,5.94,1.07,10.74,1.0
46086.0,14.0,MEX,Merida,37 CANEK,Mr Beast Burger,rappi,14.99,1.07,7.79,1.0
46086.0,10.0,MEX,Merida,31 MONTEJO,The Wrap Company MX,didi,16.1,1.07,11.86,1.0
46086.0,7.0,MEX,Monterrey,10 SAN JERONIMO,Órale Desayunos,didi,6.76,1.07,2.88,1.0
46086.0,16.0,MEX,Puebla,26 CIUDAD JUDICIAL,Honest Food,didi,7.02,1.07,11.31,1.0
46086.0,8.0,MEX,Zona Centro,24 METEPEC,Brunch & Munch,ubereats,2.24,1.07,17.53,1.0
46086.0,12.0,MEX,Ciudad de México,27 IZTAPALAPA,Brunch & Munch,ubereats,16.93,1.05,5.98,1.0
46086.0,12.0,MEX,Ciudad de México,01 DOCTORES,Brunch & Munch,ubereats,18.9,1.05,1.01,1.0
46086.0,12.0,MEX,Ciudad de México,12 DEL VALLE,Brunch & Munch,ubereats,14.76,1.05,2.29,1.0
46086.0,17.0,MEX,Ciudad de México,01 DOCTORES,Chicken Tenders Hub,rappi,18.91,1.05,18.33,1.0
46086.0,16.0,MEX,Ciudad de México,01 DOCTORES,Fonda Local,didi,21.23,1.05,0.83,1.0
46086.0,19.0,MEX,Ciudad de México,02 SAN ANGEL,Honest Food,didi,13.16,1.05,9.1,1.0
46086.0,14.0,MEX,Ciudad de México,06 SATELITE,Honest Food,ubereats,21.22,1.05,5.33,1.0
46086.0,17.0,MEX,Ciudad de México,11 AZCAPOTZALCO,Mr Beast Burger,didi,23.94,1.05,10.22,1.0
46086.0,17.0,MEX,Ciudad de México,11 AZCAPOTZALCO,Mr Beast Burger,didi,20.15,1.05,10.15,1.0
46086.0,10.0,MEX,Ciudad de México,03 POLANCO,Órale Desayunos,rappi,11.02,1.05,15.75,1.0
46086.0,8.0,MEX,Ciudad de México,05 COAPA,Órale Desayunos,ubereats,5.96,1.05,3.07,1.0
46086.0,14.0,MEX,Guadalajara,40 JARDINES DEL VALL,Green House,ubereats,7.82,1.05,7.82,1.0
46086.0,16.0,MEX,Guadalajara,21 SANTA TERESITA,Numa Cocina Mediterranea,rappi,12.57,1.05,3.08,1.0
46086.0,7.0,MEX,Puebla,41 VOLCANES,Brunch & Munch,didi,16.97,1.05,0.77,1.0
46086.0,12.0,MEX,Puebla,41 VOLCANES,Brunch & Munch,ubereats,12.2,1.05,7.99,1.0
46086.0,17.0,MEX,Zona Centro,24 METEPEC,Don Gyros & Kebab,rappi,14.68,1.05,5.35,1.0
46086.0,8.0,MEX,Ciudad de México,01 DOCTORES,Brunch & Munch,ubereats,11.6,1.03,8.14,1.0
46086.0,9.0,MEX,Ciudad de México,01 DOCTORES,Brunch & Munch,ubereats,3.98,1.03,2.86,1.0
46086.0,12.0,MEX,Ciudad de México,06 SATELITE,Brunch & Munch,ubereats,18.76,1.03,2.19,1.0
46086.0,15.0,MEX,Ciudad de México,05 COAPA,Fonda Local,rappi,8.17,1.03,45.66,1.0
46086.0,21.0,MEX,Ciudad de México,09 CHURUBUSCO,House of Burgers,rappi,6.88,1.03,6.02,1.0
46086.0,12.0,MEX,Ciudad de México,05 COAPA,Órale Desayunos,ubereats,10.79,1.03,2.05,1.0
46086.0,15.0,MEX,Guadalajara,34 TLAQUEPAQUE,House of Salads,ubereats,10.71,1.03,6.33,1.0
46086.0,20.0,MEX,Guadalajara,14 JARDINES,Mr Beast Burger,didi,14.12,1.03,2.14,1.0
46086.0,15.0,MEX,Merida,31 MONTEJO,House of Salads,ubereats,10.01,1.03,12.03,1.0
46086.0,14.0,MEX,Monterrey,23 SANTA CATARINA,Avocalia,ubereats,13.34,1.03,5.76,1.0
46086.0,15.0,MEX,Monterrey,30 LINCOLN,Green House,ubereats,7.59,1.03,5.33,1.0
46086.0,11.0,MEX,Monterrey,17 CUMBRES,Órale Desayunos,rappi,6.64,1.03,0.33,1.0
46086.0,16.0,MEX,Monterrey,10 SAN JERONIMO,Órale Desayunos,rappi,4.45,1.03,25.95,1.0
46086.0,12.0,MEX,Ciudad de México,01 DOCTORES,LA PANQUEQUERIA,ubereats,8.23,1.02,12.07,1.0
46086.0,12.0,MEX,Ciudad de México,09 CHURUBUSCO,The Breakfast Club,rappi,12.78,1.02,14.52,1.0
46086.0,11.0,MEX,Guadalajara,19 LA CALMA,Desayunos de la Abuela,rappi,24.03,1.02,0.0,1.0
46086.0,18.0,MEX,Guadalajara,45 ESTADIO,Fonda Local,rappi,12.83,1.02,14.2,1.0
46086.0,11.0,MEX,Guadalajara,19 LA CALMA,Pozórale,didi,13.12,1.02,7.69,1.0
46086.0,13.0,MEX,Merida,31 MONTEJO,Mr Beast Burger,didi,21.98,1.02,18.66,1.0
46086.0,12.0,MEX,Monterrey,22 SAN NICOLAS,Brunch & Munch,ubereats,8.99,1.02,5.97,1.0
46086.0,13.0,MEX,Monterrey,10 SAN JERONIMO,Green House,rappi,13.01,1.02,24.89,1.0
46086.0,8.0,MEX,Puebla,41 VOLCANES,Órale Desayunos,ubereats,10.15,1.02,8.14,1.0
46086.0,15.0,MEX,Zona Centro,24 METEPEC,Avocalia,ubereats,17.85,1.02,3.04,1.0
46086.0,12.0,MEX,Ciudad de México,27 IZTAPALAPA,Avocalia,ubereats,13.08,1.0,5.54,1.0
46086.0,10.0,MEX,Ciudad de México,02 SAN ANGEL,Brunch & Munch,didi,18.67,1.0,1.54,1.0
46086.0,8.0,MEX,Ciudad de México,06 SATELITE,Brunch & Munch,ubereats,14.9,1.0,22.63,1.0
46086.0,20.0,MEX,Ciudad de México,11 AZCAPOTZALCO,Cocina Corrida,rappi,11.12,1.0,71.51,1.0
46086.0,10.0,MEX,Ciudad de México,27 IZTAPALAPA,Desayunos de la Abuela,rappi,8.04,1.0,11.94,1.0
46086.0,13.0,MEX,Ciudad de México,15 LINDAVISTA,Honest Food,didi,11.37,1.0,7.04,1.0
46086.0,8.0,MEX,Ciudad de México,02 SAN ANGEL,The Wrap Company MX,didi,12.2,1.0,15.6,1.0
46086.0,12.0,MEX,Guadalajara,19 LA CALMA,Avocalia,ubereats,9.91,1.0,12.21,1.0
46086.0,14.0,MEX,Guadalajara,21 SANTA TERESITA,Avocalia,ubereats,9.64,1.0,8.28,1.0
46086.0,21.0,MEX,Guadalajara,21 SANTA TERESITA,Brunch & Munch,rappi,7.12,1.0,2.64,1.0
46086.0,12.0,MEX,Guadalajara,19 LA CALMA,Brunch & Munch,ubereats,14.75,1.0,1.8,1.0
46086.0,12.0,MEX,Guadalajara,40 JARDINES DEL VALL,Foodhub,rappi,7.02,1.0,0.79,1.0
46086.0,12.0,MEX,Guadalajara,40 JARDINES DEL VALL,Órale Desayunos,ubereats,4.63,1.0,19.34,1.0
46086.0,8.0,MEX,Merida,31 MONTEJO,Brunch & Munch,ubereats,10.84,1.0,7.88,1.0
46086.0,16.0,MEX,Monterrey,30 LINCOLN,Green House,ubereats,8.04,1.0,5.7,1.0
46086.0,8.0,MEX,Monterrey,17 CUMBRES,Órale Desayunos,ubereats,10.2,1.0,4.96,1.0
46086.0,12.0,MEX,Monterrey,30 LINCOLN,Órale Desayunos,ubereats,6.7,1.0,3.13,1.0
46086.0,11.0,MEX,Monterrey,17 CUMBRES,Pozórale,didi,9.11,1.0,4.8,1.0
46086.0,14.0,MEX,Zona Centro,24 METEPEC,Honest Food,ubereats,12.87,1.0,3.14,1.0
46086.0,14.0,MEX,Zona Centro,24 METEPEC,Numa Cocina Mediterranea,ubereats,15.44,1.0,6.16,1.0
46086.0,12.0,MEX,Ciudad de México,01 DOCTORES,Brunch & Munch,ubereats,18.82,0.98,0.92,1.0
46086.0,12.0,MEX,Ciudad de México,04 SANTA FE,Brunch & Munch,ubereats,14.0,0.98,1.57,1.0
46086.0,8.0,MEX,Ciudad de México,03 POLANCO,Chemaquiles,rappi,4.99,0.98,5.98,1.0
46086.0,13.0,MEX,Ciudad de México,01 DOCTORES,Green House,rappi,14.49,0.98,0.57,1.0
46086.0,15.0,MEX,Ciudad de México,05 COAPA,Green House,ubereats,9.52,0.98,2.17,1.0
46086.0,16.0,MEX,Ciudad de México,12 DEL VALLE,Green House,ubereats,16.79,0.98,18.41,1.0
46086.0,16.0,MEX,Ciudad de México,05 COAPA,Green House,ubereats,16.27,0.98,4.51,1.0
46086.0,13.0,MEX,Ciudad de México,01 DOCTORES,Honest Food,didi,9.65,0.98,0.55,1.0
46086.0,20.0,MEX,Ciudad de México,01 DOCTORES,Honest Food,rappi,21.1,0.98,12.85,1.0
46086.0,16.0,MEX,Ciudad de México,27 IZTAPALAPA,Honest Food,ubereats,7.86,0.98,24.68,1.0
46086.0,16.0,MEX,Ciudad de México,12 DEL VALLE,Honest Food,ubereats,14.03,0.98,10.1,1.0
46086.0,10.0,MEX,Ciudad de México,04 SANTA FE,Órale Desayunos,rappi,8.0,0.98,0.83,1.0
46086.0,13.0,MEX,Ciudad de México,15 LINDAVISTA,Que Chicken,ubereats,12.95,0.98,2.15,1.0
46086.0,15.0,MEX,Guadalajara,40 JARDINES DEL VALL,Avocalia,ubereats,15.2,0.98,6.65,1.0
46086.0,12.0,MEX,Guadalajara,21 SANTA TERESITA,Cocina Corrida,rappi,10.77,0.98,0.23,1.0
46086.0,14.0,MEX,Merida,37 CANEK,Avocalia,didi,22.38,0.98,48.09,1.0
46086.0,13.0,MEX,Merida,37 CANEK,Tender Lovers,rappi,20.79,0.98,1.75,1.0
46086.0,13.0,MEX,Monterrey,30 LINCOLN,Avocalia,ubereats,10.48,0.98,3.12,1.0
46086.0,16.0,MEX,Monterrey,13 TEC,Avocalia,ubereats,5.93,0.98,13.22,1.0
46086.0,11.0,MEX,Monterrey,17 CUMBRES,Brunch & Munch,didi,12.12,0.98,3.6,1.0
46086.0,8.0,MEX,Monterrey,13 TEC,Brunch & Munch,ubereats,5.99,0.98,14.94,1.0
46086.0,12.0,MEX,Monterrey,17 CUMBRES,LA PANQUEQUERIA,ubereats,15.1,0.98,1.84,1.0
46086.0,8.0,MEX,Monterrey,28 CARRETERA NACIONA,Órale Desayunos,ubereats,4.95,0.98,7.25,1.0
46086.0,13.0,MEX,Monterrey,30 LINCOLN,Órale Desayunos,ubereats,4.84,0.98,6.17,1.0
46086.0,11.0,MEX,Monterrey,38 SALTILLO CENTRO,Pozórale,didi,6.01,0.98,6.55,1.0
46086.0,12.0,MEX,Puebla,41 VOLCANES,Honest Food,ubereats,12.3,0.98,3.64,1.0
46086.0,15.0,MEX,Puebla,26 CIUDAD JUDICIAL,Honest Food,ubereats,11.26,0.98,8.16,1.0
46086.0,12.0,MEX,Puebla,41 VOLCANES,House of Salads,ubereats,8.12,0.98,11.21,1.0
46086.0,21.0,MEX,Puebla,41 VOLCANES,House of Salads,ubereats,13.2,0.98,6.2,1.0
46086.0,15.0,MEX,Puebla,41 VOLCANES,Numa Cocina Mediterranea,ubereats,14.03,0.98,2.89,1.0
46086.0,16.0,MEX,Zona Centro,24 METEPEC,Avocalia,rappi,5.95,0.98,3.09,1.0
46086.0,16.0,MEX,Zona Centro,24 METEPEC,House of Salads,ubereats,13.28,0.98,2.66,1.0
46086.0,12.0,MEX,Ciudad de México,05 COAPA,Avocalia,ubereats,10.27,0.97,18.77,1.0
46086.0,13.0,MEX,Ciudad de México,04 SANTA FE,Avocalia,ubereats,7.97,0.97,2.69,1.0
46086.0,15.0,MEX,Ciudad de México,06 SATELITE,Avocalia,ubereats,9.81,0.97,1.24,1.0
46086.0,16.0,MEX,Ciudad de México,11 AZCAPOTZALCO,Avocalia,ubereats,12.05,0.97,13.05,1.0
46086.0,8.0,MEX,Ciudad de México,01 DOCTORES,Brunch & Munch,didi,8.16,0.97,6.95,1.0
46086.0,19.0,MEX,Ciudad de México,05 COAPA,Brunch & Munch,didi,7.53,0.97,4.52,1.0
46086.0,12.0,MEX,Ciudad de México,01 DOCTORES,Brunch & Munch,ubereats,7.05,0.97,5.38,1.0
46086.0,13.0,MEX,Ciudad de México,02 SAN ANGEL,Brunch & Munch,ubereats,12.08,0.97,0.24,1.0
46086.0,13.0,MEX,Ciudad de México,01 DOCTORES,Desayunos de la Abuela,ubereats,8.01,0.97,5.04,1.0
46086.0,12.0,MEX,Ciudad de México,04 SANTA FE,Green House,ubereats,19.72,0.97,17.13,1.0
46086.0,20.0,MEX,Ciudad de México,05 COAPA,Honest Food,didi,6.2,0.97,17.74,1.0
46086.0,16.0,MEX,Ciudad de México,27 IZTAPALAPA,LA PANQUEQUERIA,ubereats,4.67,0.97,15.04,1.0
46086.0,13.0,MEX,Ciudad de México,01 DOCTORES,Órale Desayunos,rappi,3.47,0.97,8.88,1.0
46086.0,13.0,MEX,Ciudad de México,05 COAPA,Órale Desayunos,ubereats,6.07,0.97,1.9,1.0
46086.0,12.0,MEX,Guadalajara,45 ESTADIO,Avocalia,ubereats,14.05,0.97,10.66,1.0
46086.0,15.0,MEX,Guadalajara,21 SANTA TERESITA,Avocalia,ubereats,7.58,0.97,5.09,1.0
46086.0,13.0,MEX,Guadalajara,40 JARDINES DEL VALL,Avocalia Desayunos,rappi,16.12,0.97,0.1,1.0
46086.0,13.0,MEX,Guadalajara,21 SANTA TERESITA,Honest Food,ubereats,15.7,0.97,0.35,1.0
46086.0,16.0,MEX,Guadalajara,14 JARDINES,Que Chicken,ubereats,20.21,0.97,12.72,1.0
46086.0,8.0,MEX,Merida,37 CANEK,LA PANQUEQUERIA,ubereats,10.01,0.97,5.0,1.0
46086.0,8.0,MEX,Monterrey,23 SANTA CATARINA,Brunch & Munch,rappi,19.96,0.97,8.19,1.0
46086.0,12.0,MEX,Monterrey,13 TEC,Brunch & Munch,ubereats,2.46,0.97,12.47,1.0
46086.0,12.0,MEX,Monterrey,13 TEC,Brunch & Munch,ubereats,11.88,0.97,13.28,1.0
46086.0,10.0,MEX,Monterrey,30 LINCOLN,Desayunos de la Abuela,didi,8.8,0.97,0.86,1.0
46086.0,9.0,MEX,Monterrey,22 SAN NICOLAS,Desayunos de la Abuela,rappi,10.26,0.97,9.67,1.0
46086.0,16.0,MEX,Monterrey,13 TEC,Honest Food,ubereats,11.74,0.97,2.38,1.0
46086.0,12.0,MEX,Monterrey,13 TEC,LA PANQUEQUERIA,ubereats,12.42,0.97,10.56,1.0
46086.0,12.0,MEX,Monterrey,22 SAN NICOLAS,Mr Beast Burger,rappi,13.3,0.97,0.65,1.0
46086.0,12.0,MEX,Monterrey,13 TEC,Órale Desayunos,ubereats,14.08,0.97,14.32,1.0
46086.0,15.0,MEX,Monterrey,13 TEC,Órale Desayunos,ubereats,6.66,0.97,19.32,1.0
46086.0,16.0,MEX,Puebla,26 CIUDAD JUDICIAL,Green House,ubereats,9.34,0.97,13.84,1.0
46086.0,15.0,MEX,Puebla,26 CIUDAD JUDICIAL,Mega Greens (Super Ensaladas),ubereats,16.47,0.97,4.47,1.0
46086.0,12.0,MEX,Puebla,41 VOLCANES,Numa Cocina Mediterranea,ubereats,15.14,0.97,2.81,1.0
46086.0,12.0,MEX,Zona Centro,24 METEPEC,Avocalia,ubereats,6.12,0.97,6.01,1.0
46086.0,15.0,MEX,Zona Centro,24 METEPEC,Honest Food,ubereats,10.88,0.97,1.17,1.0
46086.0,8.0,MEX,Ciudad de México,05 COAPA,Brunch & Munch,rappi,10.24,0.95,7.1,1.0
46086.0,12.0,MEX,Ciudad de México,03 POLANCO,Honest Food,ubereats,10.19,0.95,4.75,1.0
46086.0,16.0,MEX,Ciudad de México,06 SATELITE,Honest Food,ubereats,25.0,0.95,6.7,1.0
46086.0,16.0,MEX,Ciudad de México,01 DOCTORES,Mr Beast Burger,ubereats,15.06,0.95,1.65,1.0
46086.0,12.0,MEX,Ciudad de México,04 SANTA FE,Órale Desayunos,ubereats,8.59,0.95,16.36,1.0
46086.0,13.0,MEX,Ciudad de México,05 COAPA,Órale Desayunos,ubereats,8.92,0.95,3.05,1.0
46086.0,12.0,MEX,Guadalajara,34 TLAQUEPAQUE,Desayunos de la Abuela,ubereats,12.41,0.95,2.81,1.0
46086.0,13.0,MEX,Guadalajara,25 TABACHINES,Green House,ubereats,7.54,0.95,7.55,1.0
46086.0,13.0,MEX,Guadalajara,40 JARDINES DEL VALL,House of Salads,ubereats,4.83,0.95,1.1,1.0
46086.0,16.0,MEX,Guadalajara,25 TABACHINES,LA PANQUEQUERIA,ubereats,20.18,0.95,0.0,1.0
46086.0,19.0,MEX,Merida,31 MONTEJO,La Neta Burgers (Orale Burgers),rappi,14.51,0.95,20.49,1.0
46086.0,13.0,MEX,Monterrey,38 SALTILLO CENTRO,Brunch & Munch,ubereats,15.93,0.95,2.35,1.0
46086.0,17.0,MEX,Monterrey,23 SANTA CATARINA,Cocina Corrida,rappi,0.95,,15.87,1.0
46086.0,10.0,MEX,Monterrey,38 SALTILLO CENTRO,Desayunos de la Abuela,didi,13.09,0.95,12.09,1.0
46086.0,21.0,MEX,Monterrey,30 LINCOLN,Mr Beast Burger,didi,4.95,0.95,0.94,1.0
46086.0,12.0,MEX,Monterrey,22 SAN NICOLAS,Órale Desayunos,ubereats,6.58,0.95,10.44,1.0
46086.0,8.0,MEX,Zona Centro,24 METEPEC,Órale Desayunos,didi,3.95,0.95,2.14,1.0
46086.0,16.0,MEX,Ciudad de México,03 POLANCO,Avocalia,ubereats,15.22,0.93,4.66,1.0
46086.0,9.0,MEX,Ciudad de México,03 POLANCO,Brunch & Munch,rappi,10.75,0.93,1.27,1.0
46086.0,12.0,MEX,Ciudad de México,27 IZTAPALAPA,Brunch & Munch,ubereats,10.76,0.93,5.44,1.0
46086.0,13.0,MEX,Ciudad de México,52 MANACAR,Green House,ubereats,4.89,0.93,33.8,1.0
46086.0,14.0,MEX,Ciudad de México,12 DEL VALLE,Honest Food,ubereats,5.06,0.93,2.92,1.0
46086.0,12.0,MEX,Ciudad de México,15 LINDAVISTA,House of Salads,ubereats,9.89,0.93,18.42,1.0
46086.0,14.0,MEX,Ciudad de México,27 IZTAPALAPA,House of Salads,ubereats,10.15,0.93,5.24,1.0
46086.0,16.0,MEX,Ciudad de México,27 IZTAPALAPA,House of Salads,ubereats,12.22,0.93,11.71,1.0
46086.0,16.0,MEX,Ciudad de México,05 COAPA,La Neta Burgers (Orale Burgers),ubereats,19.24,0.93,14.87,1.0
46086.0,16.0,MEX,Ciudad de México,02 SAN ANGEL,Que Chicken,ubereats,21.32,0.93,0.7,1.0
46086.0,16.0,MEX,Guadalajara,21 SANTA TERESITA,Don Gyros & Kebab,rappi,27.16,0.93,7.77,1.0
46086.0,17.0,MEX,Guadalajara,25 TABACHINES,Honest Food,ubereats,8.0,0.93,8.72,1.0
46086.0,13.0,MEX,Guadalajara,14 JARDINES,Órale Desayunos,ubereats,7.48,0.93,7.74,1.0
46086.0,15.0,MEX,Merida,37 CANEK,Honest Food,rappi,20.08,0.93,9.27,1.0
46086.0,9.0,MEX,Merida,37 CANEK,Órale Desayunos,didi,7.99,0.93,33.1,1.0
46086.0,12.0,MEX,Monterrey,23 SANTA CATARINA,Chemaquiles,didi,3.03,0.93,4.85,1.0
46086.0,11.0,MEX,Monterrey,13 TEC,Green House,didi,11.17,0.93,6.07,1.0
46086.0,10.0,MEX,Monterrey,17 CUMBRES,Pozórale,didi,16.06,0.93,0.85,1.0
46086.0,18.0,MEX,Puebla,41 VOLCANES,Honest Food,didi,8.96,0.93,6.16,1.0
46086.0,15.0,MEX,Puebla,41 VOLCANES,Honest Food,ubereats,5.86,0.93,11.97,1.0
46086.0,16.0,MEX,Puebla,41 VOLCANES,Honest Food,ubereats,26.17,0.93,8.95,1.0
46086.0,12.0,MEX,Zona Centro,24 METEPEC,Avocalia,ubereats,15.03,0.93,4.57,1.0
46086.0,16.0,MEX,Ciudad de México,05 COAPA,Avocalia,didi,16.04,0.92,14.2,1.0
46086.0,14.0,MEX,Ciudad de México,27 IZTAPALAPA,Avocalia,rappi,7.92,0.92,15.58,1.0
46086.0,14.0,MEX,Ciudad de México,03 POLANCO,Avocalia,ubereats,9.44,0.92,0.89,1.0
46086.0,15.0,MEX,Ciudad de México,01 DOCTORES,Avocalia,ubereats,6.59,0.92,2.38,1.0
46086.0,16.0,MEX,Ciudad de México,04 SANTA FE,Avocalia,ubereats,14.02,0.92,25.0,1.0
46086.0,16.0,MEX,Ciudad de México,01 DOCTORES,Avocalia,ubereats,25.27,0.92,17.89,1.0
46086.0,21.0,MEX,Ciudad de México,03 POLANCO,Avocalia,ubereats,6.73,0.92,7.13,1.0
46086.0,7.0,MEX,Ciudad de México,02 SAN ANGEL,Brunch & Munch,rappi,12.11,0.92,18.91,1.0
46086.0,16.0,MEX,Ciudad de México,05 COAPA,Green House,ubereats,13.11,0.92,8.75,1.0
46086.0,16.0,MEX,Ciudad de México,11 AZCAPOTZALCO,Green House,ubereats,16.02,0.92,22.82,1.0
46086.0,16.0,MEX,Ciudad de México,04 SANTA FE,Honest Food,ubereats,15.76,0.92,45.86,1.0
46086.0,15.0,MEX,Ciudad de México,04 SANTA FE,House of Salads,ubereats,19.12,0.92,7.02,1.0
46086.0,12.0,MEX,Ciudad de México,12 DEL VALLE,LA PANQUEQUERIA,rappi,23.08,0.92,2.19,1.0
46086.0,16.0,MEX,Ciudad de México,05 COAPA,Mega Greens (Super Ensaladas),ubereats,19.56,0.92,6.34,1.0
46086.0,9.0,MEX,Ciudad de México,02 SAN ANGEL,Órale Desayunos,didi,2.9,0.92,5.06,1.0
46086.0,7.0,MEX,Ciudad de México,03 POLANCO,Órale Desayunos,ubereats,4.76,0.92,10.38,1.0
46086.0,15.0,MEX,Guadalajara,14 JARDINES,Avocalia,ubereats,25.84,0.92,10.09,1.0
46086.0,16.0,MEX,Guadalajara,34 TLAQUEPAQUE,Avocalia,ubereats,12.78,0.92,15.43,1.0
46086.0,16.0,MEX,Guadalajara,40 JARDINES DEL VALL,Brunch & Munch,rappi,0.92,,3.12,1.0
46086.0,12.0,MEX,Guadalajara,25 TABACHINES,Brunch & Munch,ubereats,17.05,0.92,4.09,1.0
46086.0,13.0,MEX,Guadalajara,45 ESTADIO,Fonda Local,ubereats,9.99,0.92,9.82,1.0
46086.0,12.0,MEX,Guadalajara,40 JARDINES DEL VALL,Green House,ubereats,8.88,0.92,2.27,1.0
46086.0,15.0,MEX,Guadalajara,19 LA CALMA,House of Salads,ubereats,15.99,0.92,11.58,1.0
46086.0,12.0,MEX,Guadalajara,25 TABACHINES,Que Chicken,rappi,16.2,0.92,13.06,1.0
46086.0,15.0,MEX,Merida,31 MONTEJO,Green House,ubereats,16.16,0.92,5.08,1.0
46086.0,16.0,MEX,Merida,37 CANEK,Numa Cocina Mediterranea,ubereats,29.01,0.92,4.39,1.0
46086.0,17.0,MEX,Monterrey,30 LINCOLN,Honest Food,ubereats,8.06,0.92,9.27,1.0
46086.0,15.0,MEX,Monterrey,23 SANTA CATARINA,Que Chicken,ubereats,14.07,0.92,2.16,1.0
46086.0,16.0,MEX,Monterrey,38 SALTILLO CENTRO,Tender Lovers,rappi,12.88,0.92,3.74,1.0
46086.0,14.0,MEX,Puebla,41 VOLCANES,House of Salads,ubereats,15.74,0.92,0.9,1.0
46086.0,12.0,MEX,Puebla,41 VOLCANES,Órale Desayunos,ubereats,18.62,0.92,0.31,1.0
46086.0,12.0,MEX,Zona Centro,24 METEPEC,Avocalia,ubereats,4.37,0.92,23.88,1.0
46086.0,16.0,MEX,Ciudad de México,01 DOCTORES,Avocalia,didi,7.4,0.9,80.83,1.0
46086.0,15.0,MEX,Ciudad de México,04 SANTA FE,Avocalia,ubereats,9.8,0.9,14.96,1.0
46086.0,16.0,MEX,Ciudad de México,05 COAPA,Avocalia,ubereats,19.02,0.9,7.14,1.0
46086.0,16.0,MEX,Ciudad de México,16 PEDREGAL,Avocalia,ubereats,5.91,0.9,16.0,1.0
46086.0,16.0,MEX,Ciudad de México,05 COAPA,Green House,ubereats,21.53,0.9,8.81,1.0
46086.0,16.0,MEX,Ciudad de México,01 DOCTORES,Honest Food,ubereats,26.76,0.9,24.41,1.0
46086.0,16.0,MEX,Ciudad de México,05 COAPA,Honest Food,ubereats,22.01,0.9,10.55,1.0
46086.0,13.0,MEX,Ciudad de México,09 CHURUBUSCO,House of Burgers,ubereats,11.86,0.9,7.16,1.0
46086.0,14.0,MEX,Ciudad de México,02 SAN ANGEL,House of Salads,didi,8.88,0.9,3.94,1.0
46086.0,8.0,MEX,Ciudad de México,01 DOCTORES,Órale Desayunos,didi,5.78,0.9,1.57,1.0
46086.0,13.0,MEX,Guadalajara,40 JARDINES DEL VALL,Brunch & Munch,ubereats,10.78,0.9,4.86,1.0
46086.0,16.0,MEX,Guadalajara,14 JARDINES,Green House,ubereats,20.91,0.9,4.47,1.0
46086.0,10.0,MEX,Guadalajara,14 JARDINES,The Wrap Company MX,didi,17.87,0.9,3.32,1.0
46086.0,16.0,MEX,Merida,31 MONTEJO,Chicken Tenders Hub,ubereats,25.87,0.9,0.78,1.0
46086.0,21.0,MEX,Merida,37 CANEK,Green House,ubereats,4.61,0.9,17.97,1.0
46086.0,13.0,MEX,Monterrey,38 SALTILLO CENTRO,Brunch & Munch,ubereats,16.92,0.9,3.45,1.0
46086.0,17.0,MEX,Monterrey,13 TEC,Mr Beast Burger,ubereats,6.04,0.9,9.03,1.0
46086.0,10.0,MEX,Monterrey,22 SAN NICOLAS,The Wrap Company MX,didi,12.19,0.9,4.01,1.0
46086.0,15.0,MEX,Puebla,26 CIUDAD JUDICIAL,Green House,ubereats,8.86,0.9,14.85,1.0
46086.0,17.0,MEX,Puebla,26 CIUDAD JUDICIAL,Honest Food,ubereats,6.32,0.9,10.72,1.0
46086.0,20.0,MEX,Puebla,41 VOLCANES,House of Salads,didi,8.0,0.9,2.35,1.0
46086.0,21.0,MEX,Puebla,26 CIUDAD JUDICIAL,Mr Beast Burger,ubereats,6.63,0.9,18.26,1.0
46086.0,17.0,MEX,Zona Centro,24 METEPEC,Avocalia,didi,5.91,0.9,5.42,1.0
46086.0,16.0,MEX,Zona Centro,24 METEPEC,Honest Food,ubereats,10.97,0.9,4.6,1.0
46086.0,15.0,MEX,Zona Centro,24 METEPEC,Mr Beast Burger,ubereats,24.89,0.9,15.27,1.0
46086.0,8.0,MEX,Zona Centro,24 METEPEC,Órale Desayunos,didi,12.91,0.9,3.17,1.0
46086.0,13.0,MEX,Ciudad de México,03 POLANCO,Avocalia,ubereats,7.97,0.88,18.16,1.0
46086.0,15.0,MEX,Ciudad de México,05 COAPA,Avocalia,ubereats,4.58,0.88,1.25,1.0
46086.0,14.0,MEX,Ciudad de México,01 DOCTORES,Chicken Tenders Hub,rappi,12.82,0.88,0.13,1.0
46086.0,9.0,MEX,Ciudad de México,01 DOCTORES,Desayunos de la Abuela,didi,7.97,0.88,0.93,1.0
46086.0,16.0,MEX,Ciudad de México,01 DOCTORES,Fonda Local turbo,rappi,5.84,0.88,0.18,1.0
46086.0,17.0,MEX,Ciudad de México,05 COAPA,House of Salads,ubereats,13.0,0.88,3.8,1.0
46086.0,8.0,MEX,Ciudad de México,05 COAPA,Órale Desayunos,ubereats,15.14,0.88,0.78,1.0
46086.0,18.0,MEX,Ciudad de México,02 SAN ANGEL,Que Chicken,didi,16.06,0.88,10.74,1.0
46086.0,13.0,MEX,Ciudad de México,05 COAPA,Que Chicken,ubereats,8.83,0.88,11.87,1.0
46086.0,16.0,MEX,Ciudad de México,04 SANTA FE,Que Chicken,ubereats,18.11,0.88,19.99,1.0
46086.0,16.0,MEX,Ciudad de México,04 SANTA FE,Que Chicken,ubereats,18.17,0.88,10.03,1.0
46086.0,16.0,MEX,Guadalajara,34 TLAQUEPAQUE,Avocalia,ubereats,20.94,0.88,2.13,1.0
46086.0,17.0,MEX,Guadalajara,21 SANTA TERESITA,Avocalia,ubereats,16.3,0.88,5.75,1.0
46086.0,13.0,MEX,Guadalajara,34 TLAQUEPAQUE,Brunch & Munch,ubereats,10.32,0.88,14.81,1.0
46086.0,18.0,MEX,Guadalajara,19 LA CALMA,Fonda Local,didi,14.27,0.88,15.19,1.0
46086.0,16.0,MEX,Guadalajara,40 JARDINES DEL VALL,Green House,ubereats,14.89,0.88,3.37,1.0
46086.0,16.0,MEX,Guadalajara,34 TLAQUEPAQUE,Green House,ubereats,11.04,0.88,18.71,1.0
46086.0,16.0,MEX,Guadalajara,25 TABACHINES,LA PANQUEQUERIA,rappi,17.86,0.88,30.59,1.0
46086.0,13.0,MEX,Guadalajara,34 TLAQUEPAQUE,Órale Desayunos,didi,13.99,0.88,0.72,1.0
46086.0,12.0,MEX,Guadalajara,19 LA CALMA,Órale Desayunos,ubereats,12.05,0.88,18.11,1.0
46086.0,8.0,MEX,Monterrey,38 SALTILLO CENTRO,Chemaquiles,ubereats,8.98,0.88,32.3,1.0
46086.0,15.0,MEX,Monterrey,17 CUMBRES,Desayunos de la Abuela,rappi,10.24,0.88,5.9,1.0
46086.0,14.0,MEX,Monterrey,13 TEC,Mr Beast Burger,didi,12.8,0.88,1.96,1.0
46086.0,16.0,MEX,Monterrey,28 CARRETERA NACIONA,Mr Beast Burger,ubereats,10.7,0.88,4.18,1.0
46086.0,11.0,MEX,Monterrey,30 LINCOLN,The Breakfast Club,didi,8.66,0.88,3.36,1.0
46086.0,15.0,MEX,Puebla,26 CIUDAD JUDICIAL,Avocalia,ubereats,7.28,0.88,6.63,1.0
46086.0,17.0,MEX,Puebla,26 CIUDAD JUDICIAL,Don Gyros & Kebab,rappi,13.02,0.88,10.44,1.0
46086.0,18.0,MEX,Puebla,26 CIUDAD JUDICIAL,Mr Beast Burger,rappi,5.36,0.88,0.64,1.0
46086.0,15.0,MEX,Puebla,26 CIUDAD JUDICIAL,Numa Cocina Mediterranea,ubereats,14.84,0.88,7.41,1.0
46086.0,15.0,MEX,Zona Centro,24 METEPEC,House of Salads,ubereats,21.72,0.88,17.71,1.0
46086.0,11.0,MEX,Ciudad de México,09 CHURUBUSCO,Brunch & Munch,didi,9.89,0.87,5.9,1.0
46086.0,19.0,MEX,Ciudad de México,12 DEL VALLE,Green House,didi,5.9,0.87,44.12,1.0
46086.0,16.0,MEX,Ciudad de México,02 SAN ANGEL,Honest Food,didi,31.26,0.87,52.19,1.0
46086.0,15.0,MEX,Ciudad de México,15 LINDAVISTA,Honest Food,ubereats,6.0,0.87,5.93,1.0
46086.0,13.0,MEX,Ciudad de México,06 SATELITE,House of Burgers,rappi,7.86,0.87,0.97,1.0
46086.0,17.0,MEX,Ciudad de México,01 DOCTORES,La Neta Burgers (Orale Burgers),ubereats,15.2,0.87,8.59,1.0
46086.0,8.0,MEX,Ciudad de México,03 POLANCO,Órale Desayunos,ubereats,6.16,0.87,6.67,1.0
46086.0,16.0,MEX,Guadalajara,19 LA CALMA,House of Salads,ubereats,21.86,0.87,5.99,1.0
46086.0,16.0,MEX,Guadalajara,34 TLAQUEPAQUE,House of Salads,ubereats,6.97,0.87,3.06,1.0
46086.0,16.0,MEX,Guadalajara,34 TLAQUEPAQUE,Mr Beast Burger,ubereats,16.39,0.87,11.82,1.0
46086.0,22.0,MEX,Guadalajara,19 LA CALMA,Numa Cocina Mediterranea,ubereats,8.44,0.87,12.31,1.0
46086.0,15.0,MEX,Merida,31 MONTEJO,Green House,ubereats,16.03,0.87,38.47,1.0
46086.0,21.0,MEX,Merida,31 MONTEJO,Mr Beast Burger,didi,14.74,0.87,0.32,1.0
46086.0,15.0,MEX,Monterrey,30 LINCOLN,Cocina Corrida turbo,rappi,5.58,0.87,0.89,1.0
46086.0,13.0,MEX,Monterrey,10 SAN JERONIMO,Green House,ubereats,13.82,0.87,5.23,1.0
46086.0,20.0,MEX,Monterrey,13 TEC,Mr Beast Burger,didi,17.11,0.87,4.97,1.0
46086.0,7.0,MEX,Monterrey,22 SAN NICOLAS,Órale Chilaquiles,didi,13.96,0.87,11.46,1.0
46086.0,8.0,MEX,Monterrey,17 CUMBRES,Órale Desayunos,didi,13.96,0.87,8.12,1.0
46086.0,15.0,MEX,Monterrey,13 TEC,Que Chicken,ubereats,9.14,0.87,17.75,1.0
46086.0,16.0,MEX,Puebla,26 CIUDAD JUDICIAL,Honest Food,ubereats,6.04,0.87,6.14,1.0
46086.0,17.0,MEX,Zona Centro,24 METEPEC,House of Salads,ubereats,10.06,0.87,8.86,1.0
46086.0,18.0,MEX,Ciudad de México,01 DOCTORES,Avocalia,didi,14.87,0.85,8.72,1.0
46086.0,18.0,MEX,Ciudad de México,09 CHURUBUSCO,Avocalia,didi,14.71,0.85,2.04,1.0
46086.0,8.0,MEX,Ciudad de México,01 DOCTORES,Brunch & Munch,ubereats,9.53,0.85,1.2,1.0
46086.0,17.0,MEX,Ciudad de México,03 POLANCO,Chemaquiles Turbo,rappi,6.07,0.85,3.94,1.0
46086.0,10.0,MEX,Ciudad de México,04 SANTA FE,Desayunos de la Abuela,rappi,9.49,0.85,3.66,1.0
46086.0,20.0,MEX,Ciudad de México,03 POLANCO,Mr Beast Burger,rappi,13.08,0.85,1.08,1.0
46086.0,8.0,MEX,Guadalajara,25 TABACHINES,Avocalia Desayunos Turbo,rappi,18.17,0.85,9.15,1.0
46086.0,14.0,MEX,Guadalajara,34 TLAQUEPAQUE,House of Salads,ubereats,13.08,0.85,6.33,1.0
46086.0,16.0,MEX,Guadalajara,19 LA CALMA,Mr Beast Burger,didi,30.38,0.85,0.91,1.0
46086.0,9.0,MEX,Monterrey,17 CUMBRES,Órale Desayunos,didi,4.97,0.85,0.94,1.0
46086.0,21.0,MEX,Puebla,26 CIUDAD JUDICIAL,Avocalia,ubereats,8.94,0.85,14.09,1.0
46086.0,17.0,MEX,Zona Centro,24 METEPEC,Avocalia,ubereats,10.3,0.85,18.82,1.0
46086.0,17.0,MEX,Zona Centro,24 METEPEC,Mr Beast Burger,ubereats,13.8,0.85,2.97,1.0
46086.0,8.0,MEX,Ciudad de México,06 SATELITE,Avocalia Desayunos,ubereats,6.97,0.83,2.41,1.0
46086.0,7.0,MEX,Ciudad de México,02 SAN ANGEL,Brunch & Munch,ubereats,13.91,0.83,1.13,1.0
46086.0,13.0,MEX,Ciudad de México,27 IZTAPALAPA,Cocina Corrida,rappi,8.14,0.83,14.53,1.0
46086.0,14.0,MEX,Ciudad de México,01 DOCTORES,Fonda Local,didi,5.89,0.83,4.98,1.0
46086.0,21.0,MEX,Ciudad de México,09 CHURUBUSCO,House of Salads Turbo,rappi,15.74,0.83,5.25,1.0
46086.0,16.0,MEX,Ciudad de México,02 SAN ANGEL,Mr Beast Burger,didi,24.67,0.83,13.26,1.0
46086.0,21.0,MEX,Ciudad de México,12 DEL VALLE,Mr Beast Burger,didi,7.81,0.83,8.39,1.0
46086.0,13.0,MEX,Ciudad de México,12 DEL VALLE,Numa Cocina Mediterranea,ubereats,14.2,0.83,1.69,1.0
46086.0,11.0,MEX,Ciudad de México,03 POLANCO,Órale Desayunos Turbo,rappi,7.27,0.83,4.91,1.0
46086.0,16.0,MEX,Ciudad de México,05 COAPA,Que Chicken,ubereats,16.87,0.83,3.07,1.0
46086.0,14.0,MEX,Guadalajara,25 TABACHINES,Avocalia,ubereats,6.99,0.83,9.06,1.0
46086.0,16.0,MEX,Guadalajara,40 JARDINES DEL VALL,Honest Food,didi,5.91,0.83,19.21,1.0
46086.0,13.0,MEX,Guadalajara,25 TABACHINES,Honest Food,ubereats,12.35,0.83,4.54,1.0
46086.0,8.0,MEX,Guadalajara,34 TLAQUEPAQUE,LA PANQUEQUERIA,ubereats,11.22,0.83,4.93,1.0
46086.0,20.0,MEX,Guadalajara,34 TLAQUEPAQUE,Mr Beast Burger,didi,12.98,0.83,4.92,1.0
46086.0,7.0,MEX,Merida,31 MONTEJO,Brunch & Munch,ubereats,11.72,0.83,11.22,1.0
46086.0,22.0,MEX,Merida,37 CANEK,Honest Food,rappi,23.92,0.83,28.85,1.0
46086.0,13.0,MEX,Merida,37 CANEK,Órale Desayunos,didi,10.11,0.83,1.55,1.0
46086.0,8.0,MEX,Zona Centro,24 METEPEC,Órale Desayunos,ubereats,8.77,0.83,2.44,1.0
46086.0,8.0,MEX,Ciudad de México,01 DOCTORES,Brunch & Munch,ubereats,7.25,0.82,7.87,1.0
46086.0,8.0,MEX,Ciudad de México,01 DOCTORES,Brunch & Munch,ubereats,5.34,0.82,6.75,1.0
46086.0,19.0,MEX,Ciudad de México,01 DOCTORES,Cocina Corrida turbo,rappi,5.82,0.82,0.15,1.0
46086.0,13.0,MEX,Ciudad de México,04 SANTA FE,Fonda Local,ubereats,15.03,0.82,6.98,1.0
46086.0,16.0,MEX,Ciudad de México,02 SAN ANGEL,Freshlab,didi,22.89,0.82,14.28,1.0
46086.0,15.0,MEX,Ciudad de México,04 SANTA FE,Honest Food,rappi,8.23,0.82,17.1,1.0
46086.0,8.0,MEX,Ciudad de México,06 SATELITE,Órale Desayunos,didi,8.35,0.82,4.99,1.0
46086.0,8.0,MEX,Ciudad de México,11 AZCAPOTZALCO,Órale Desayunos,ubereats,10.38,0.82,2.8,1.0
46086.0,11.0,MEX,Guadalajara,34 TLAQUEPAQUE,Brunch & Munch,didi,7.29,0.82,7.88,1.0
46086.0,13.0,MEX,Guadalajara,21 SANTA TERESITA,Brunch & Munch,ubereats,13.12,0.82,6.86,1.0
46086.0,18.0,MEX,Guadalajara,25 TABACHINES,Honest Food,didi,4.99,0.82,22.84,1.0
46086.0,13.0,MEX,Guadalajara,34 TLAQUEPAQUE,Numa Cocina Mediterranea,ubereats,10.89,0.82,6.22,1.0
46086.0,13.0,MEX,Guadalajara,40 JARDINES DEL VALL,Órale Desayunos,ubereats,13.21,0.82,1.61,1.0
46086.0,15.0,MEX,Merida,31 MONTEJO,Numa Cocina Mediterranea,rappi,12.04,0.82,2.71,1.0
46086.0,17.0,MEX,Merida,31 MONTEJO,Órale Chilaquiles,rappi,8.79,0.82,21.38,1.0
46086.0,8.0,MEX,Monterrey,17 CUMBRES,LA PANQUEQUERIA,ubereats,8.89,0.82,12.06,1.0
46086.0,17.0,MEX,Monterrey,30 LINCOLN,Numa Cocina Mediterranea,ubereats,11.21,0.82,2.7,1.0
46086.0,16.0,MEX,Monterrey,28 CARRETERA NACIONA,Que Chicken,ubereats,8.04,0.82,4.33,1.0
46086.0,11.0,MEX,Puebla,41 VOLCANES,Avocalia,didi,14.23,0.82,12.29,1.0
46086.0,13.0,MEX,Puebla,26 CIUDAD JUDICIAL,Honest Food,ubereats,12.09,0.82,0.14,1.0
46086.0,21.0,MEX,Puebla,41 VOLCANES,Mr Beast Burger,rappi,8.42,0.82,6.68,1.0
46086.0,16.0,MEX,Ciudad de México,09 CHURUBUSCO,Avocalia,ubereats,13.83,0.8,6.92,1.0
46086.0,10.0,MEX,Ciudad de México,27 IZTAPALAPA,Brunch & Munch,didi,11.19,0.8,3.64,1.0
46086.0,11.0,MEX,Ciudad de México,11 AZCAPOTZALCO,Brunch & Munch,rappi,6.74,0.8,10.31,1.0
46086.0,11.0,MEX,Ciudad de México,27 IZTAPALAPA,Brunch & Munch,rappi,20.56,0.8,1.31,1.0
46086.0,13.0,MEX,Ciudad de México,01 DOCTORES,Brunch & Munch,ubereats,8.37,0.8,4.47,1.0
46086.0,17.0,MEX,Ciudad de México,16 PEDREGAL,Chicken Shack,ubereats,11.7,0.8,5.15,1.0
46086.0,16.0,MEX,Ciudad de México,01 DOCTORES,Desayunos de la Abuela,ubereats,15.7,0.8,0.33,1.0
46086.0,15.0,MEX,Ciudad de México,02 SAN ANGEL,Honest Food,rappi,8.92,0.8,12.95,1.0
46086.0,15.0,MEX,Ciudad de México,05 COAPA,La Neta Burgers (Orale Burgers),rappi,8.84,0.8,4.8,1.0
46086.0,15.0,MEX,Ciudad de México,09 CHURUBUSCO,La Neta Burgers (Orale Burgers),rappi,11.87,0.8,12.71,1.0
46086.0,22.0,MEX,Ciudad de México,09 CHURUBUSCO,La Neta Burgers (Orale Burgers),rappi,10.98,0.8,2.15,1.0
46086.0,8.0,MEX,Ciudad de México,03 POLANCO,LA PANQUEQUERIA,ubereats,5.08,0.8,3.05,1.0
46086.0,17.0,MEX,Ciudad de México,01 DOCTORES,Orale Chilaquiles Turbo,rappi,7.83,0.8,8.1,1.0
46086.0,7.0,MEX,Ciudad de México,09 CHURUBUSCO,Órale Desayunos,didi,18.98,0.8,13.14,1.0
46086.0,8.0,MEX,Ciudad de México,05 COAPA,Órale Desayunos,didi,6.53,0.8,0.7,1.0
46086.0,12.0,MEX,Ciudad de México,01 DOCTORES,Que Chicken,rappi,8.93,0.8,3.96,1.0
46086.0,13.0,MEX,Ciudad de México,03 POLANCO,Que Chicken,ubereats,12.54,0.8,2.85,1.0
46086.0,13.0,MEX,Ciudad de México,03 POLANCO,The Breakfast Club,ubereats,7.32,0.8,8.66,1.0
46086.0,13.0,MEX,Guadalajara,19 LA CALMA,Avocalia,ubereats,8.69,0.8,10.12,1.0
46086.0,8.0,MEX,Guadalajara,21 SANTA TERESITA,Eggy by Chef Eva,ubereats,11.45,0.8,3.01,1.0
46086.0,19.0,MEX,Guadalajara,21 SANTA TERESITA,Fonda Local,rappi,10.21,0.8,17.84,1.0
46086.0,8.0,MEX,Guadalajara,21 SANTA TERESITA,LA PANQUEQUERIA,ubereats,13.09,0.8,12.1,1.0
46086.0,17.0,MEX,Guadalajara,21 SANTA TERESITA,Mr Beast Burger,didi,17.86,0.8,25.47,1.0
46086.0,8.0,MEX,Guadalajara,21 SANTA TERESITA,Órale Desayunos,ubereats,2.84,0.8,17.12,1.0
46086.0,8.0,MEX,Guadalajara,45 ESTADIO,Órale Desayunos,ubereats,7.94,0.8,8.57,1.0
46086.0,18.0,MEX,Guadalajara,25 TABACHINES,Que Chicken,rappi,12.37,0.8,32.6,1.0
46086.0,15.0,MEX,Merida,37 CANEK,Don Gyros & Kebab,rappi,21.14,0.8,0.9,1.0
46086.0,17.0,MEX,Merida,37 CANEK,Green House,ubereats,6.87,0.8,7.43,1.0
46086.0,17.0,MEX,Monterrey,23 SANTA CATARINA,Avocalia,rappi,14.95,0.8,0.68,1.0
46086.0,11.0,MEX,Monterrey,30 LINCOLN,Órale Desayunos,didi,5.5,0.8,0.3,1.0
46086.0,13.0,MEX,Monterrey,17 CUMBRES,Órale Desayunos,ubereats,4.41,0.8,10.43,1.0
46086.0,11.0,MEX,Monterrey,30 LINCOLN,Pozórale,didi,7.02,0.8,7.56,1.0
46086.0,19.0,MEX,Monterrey,38 SALTILLO CENTRO,Tender Lovers,rappi,11.6,0.8,65.97,1.0
46086.0,7.0,MEX,Puebla,41 VOLCANES,Brunch & Munch,ubereats,15.11,0.8,5.93,1.0
46086.0,8.0,MEX,Puebla,41 VOLCANES,Brunch & Munch,ubereats,10.77,0.8,8.39,1.0
46086.0,16.0,MEX,Puebla,26 CIUDAD JUDICIAL,Green House,ubereats,13.67,0.8,2.96,1.0
46086.0,14.0,MEX,Puebla,41 VOLCANES,Honest Food,ubereats,14.96,0.8,0.83,1.0
46086.0,22.0,MEX,Ciudad de México,03 POLANCO,Avocalia,rappi,8.81,0.78,5.45,1.0
46086.0,17.0,MEX,Ciudad de México,12 DEL VALLE,Avocalia,ubereats,18.86,0.78,3.38,1.0
46086.0,17.0,MEX,Ciudad de México,03 POLANCO,Avocalia,ubereats,12.84,0.78,4.26,1.0
46086.0,17.0,MEX,Ciudad de México,03 POLANCO,Avocalia Desayunos Turbo,rappi,3.93,0.78,36.57,1.0
46086.0,8.0,MEX,Ciudad de México,06 SATELITE,Brunch & Munch,ubereats,3.2,0.78,13.03,1.0
46086.0,8.0,MEX,Ciudad de México,04 SANTA FE,Brunch & Munch,ubereats,4.61,0.78,2.48,1.0
46086.0,19.0,MEX,Ciudad de México,06 SATELITE,Desayunos de la Abuela,rappi,9.1,0.78,2.16,1.0
46086.0,17.0,MEX,Ciudad de México,01 DOCTORES,Honest Food,ubereats,20.12,0.78,5.01,1.0
46086.0,7.0,MEX,Ciudad de México,02 SAN ANGEL,LA PANQUEQUERIA,ubereats,19.7,0.78,3.33,1.0
46086.0,8.0,MEX,Ciudad de México,05 COAPA,Órale Desayunos,ubereats,8.01,0.78,1.82,1.0
46086.0,17.0,MEX,Ciudad de México,06 SATELITE,Que Chicken,ubereats,17.53,0.78,0.99,1.0
46086.0,14.0,MEX,Ciudad de México,02 SAN ANGEL,Signature Salads,rappi,13.87,0.78,14.0,1.0
46086.0,17.0,MEX,Ciudad de México,01 DOCTORES,Signature Salads,ubereats,12.77,0.78,4.22,1.0
46086.0,17.0,MEX,Ciudad de México,01 DOCTORES,Tasty Foods,ubereats,21.91,0.78,1.04,1.0
46086.0,8.0,MEX,Ciudad de México,01 DOCTORES,The Breakfast Club,rappi,10.75,0.78,23.31,1.0
46086.0,17.0,MEX,Ciudad de México,11 AZCAPOTZALCO,The Breakfast Club,ubereats,11.78,0.78,18.93,1.0
46086.0,12.0,MEX,Guadalajara,14 JARDINES,Brunch & Munch,didi,22.23,0.78,0.08,1.0
46086.0,17.0,MEX,Guadalajara,34 TLAQUEPAQUE,House of Salads,ubereats,25.56,0.78,2.84,1.0
46086.0,22.0,MEX,Guadalajara,21 SANTA TERESITA,Numa Cocina Mediterranea,didi,6.35,0.78,5.76,1.0
46086.0,14.0,MEX,Guadalajara,40 JARDINES DEL VALL,Numa Cocina Mediterranea,rappi,6.7,0.78,3.07,1.0
46086.0,9.0,MEX,Guadalajara,40 JARDINES DEL VALL,Órale Desayunos,rappi,13.89,0.78,2.15,1.0
46086.0,8.0,MEX,Guadalajara,21 SANTA TERESITA,Órale Desayunos,ubereats,11.78,0.78,7.3,1.0
46086.0,21.0,MEX,Guadalajara,19 LA CALMA,Que Chicken,ubereats,14.31,0.78,22.05,1.0
46086.0,9.0,MEX,Monterrey,30 LINCOLN,Desayunos de la Abuela,didi,9.15,0.78,0.27,1.0
46086.0,10.0,MEX,Monterrey,38 SALTILLO CENTRO,Eggy by Chef Eva,rappi,0.78,,37.45,1.0
46086.0,15.0,MEX,Monterrey,38 SALTILLO CENTRO,Pozórale,rappi,9.67,0.78,34.41,1.0
46086.0,19.0,MEX,Puebla,41 VOLCANES,Avocalia,rappi,12.18,0.78,8.71,1.0
46086.0,17.0,MEX,Ciudad de México,01 DOCTORES,Avocalia,ubereats,27.77,0.77,14.89,1.0
46086.0,17.0,MEX,Ciudad de México,11 AZCAPOTZALCO,Avocalia,ubereats,8.39,0.77,29.12,1.0
46086.0,17.0,MEX,Ciudad de México,04 SANTA FE,Avocalia,ubereats,6.04,0.77,4.01,1.0
46086.0,10.0,MEX,Ciudad de México,16 PEDREGAL,Brunch & Munch,rappi,25.04,0.77,18.09,1.0
46086.0,13.0,MEX,Ciudad de México,27 IZTAPALAPA,Freshlab,rappi,0.77,,16.58,1.0
46086.0,17.0,MEX,Ciudad de México,04 SANTA FE,House of Salads,ubereats,10.15,0.77,32.03,1.0
46086.0,18.0,MEX,Ciudad de México,02 SAN ANGEL,La Neta Burgers (Orale Burgers),rappi,15.02,0.77,66.03,1.0
46086.0,8.0,MEX,Ciudad de México,01 DOCTORES,LA PANQUEQUERIA,ubereats,5.96,0.77,2.99,1.0
46086.0,10.0,MEX,Ciudad de México,11 AZCAPOTZALCO,Órale Desayunos,didi,6.89,0.77,5.76,1.0
46086.0,11.0,MEX,Ciudad de México,03 POLANCO,Órale Desayunos,rappi,5.03,0.77,7.67,1.0
46086.0,8.0,MEX,Ciudad de México,15 LINDAVISTA,Órale Desayunos,ubereats,9.46,0.77,4.8,1.0
46086.0,17.0,MEX,Ciudad de México,04 SANTA FE,Que Chicken,ubereats,16.43,0.77,7.06,1.0
46086.0,8.0,MEX,Guadalajara,21 SANTA TERESITA,Brunch & Munch,didi,12.14,0.77,21.54,1.0
46086.0,9.0,MEX,Guadalajara,34 TLAQUEPAQUE,Foodhub,rappi,4.9,0.77,2.24,1.0
46086.0,21.0,MEX,Guadalajara,19 LA CALMA,Green House,ubereats,18.02,0.77,22.35,1.0
46086.0,16.0,MEX,Guadalajara,40 JARDINES DEL VALL,Mr Beast Burger,ubereats,12.57,0.77,37.37,1.0
46086.0,21.0,MEX,Guadalajara,21 SANTA TERESITA,Mr Beast Burger,ubereats,7.27,0.77,6.84,1.0
46086.0,17.0,MEX,Guadalajara,45 ESTADIO,Numa Cocina Mediterranea,didi,10.24,0.77,10.56,1.0
46086.0,8.0,MEX,Guadalajara,19 LA CALMA,Órale Desayunos,didi,9.02,0.77,0.81,1.0
46086.0,10.0,MEX,Guadalajara,14 JARDINES,Órale Desayunos,didi,7.79,0.77,10.89,1.0
46086.0,10.0,MEX,Guadalajara,40 JARDINES DEL VALL,Órale Desayunos,rappi,14.04,0.77,13.38,1.0
46086.0,7.0,MEX,Guadalajara,34 TLAQUEPAQUE,Órale Desayunos,ubereats,9.86,0.77,8.05,1.0
46086.0,8.0,MEX,Merida,31 MONTEJO,LA PANQUEQUERIA,ubereats,24.08,0.77,1.85,1.0
46086.0,15.0,MEX,Monterrey,38 SALTILLO CENTRO,Fonda Local,didi,12.94,0.77,6.09,1.0
46086.0,19.0,MEX,Monterrey,38 SALTILLO CENTRO,LA PANQUEQUERIA,rappi,7.99,0.77,6.58,1.0
46086.0,8.0,MEX,Monterrey,13 TEC,LA PANQUEQUERIA,ubereats,8.1,0.77,1.89,1.0
46086.0,19.0,MEX,Monterrey,13 TEC,Mr Beast Burger,ubereats,9.92,0.77,11.56,1.0
46086.0,17.0,MEX,Monterrey,22 SAN NICOLAS,Numa Cocina Mediterranea,ubereats,9.07,0.77,6.98,1.0
46086.0,8.0,MEX,Monterrey,13 TEC,Órale Desayunos,ubereats,6.94,0.77,5.14,1.0
46086.0,8.0,MEX,Puebla,41 VOLCANES,Avocalia Desayunos,ubereats,9.2,0.77,8.02,1.0
46086.0,8.0,MEX,Zona Centro,24 METEPEC,Órale Desayunos,ubereats,10.15,0.77,2.23,1.0
46086.0,15.0,MEX,Ciudad de México,02 SAN ANGEL,Fonda Local,didi,37.8,0.75,9.87,1.0
46086.0,16.0,MEX,Ciudad de México,01 DOCTORES,Honest Food,rappi,10.01,0.75,9.91,1.0
46086.0,17.0,MEX,Ciudad de México,01 DOCTORES,Honest Food,rappi,20.8,0.75,46.07,1.0
46086.0,15.0,MEX,Ciudad de México,15 LINDAVISTA,Mr Beast Burger,didi,6.86,0.75,4.18,1.0
46086.0,7.0,MEX,Ciudad de México,09 CHURUBUSCO,Órale Desayunos,didi,17.22,0.75,17.95,1.0
46086.0,13.0,MEX,Ciudad de México,27 IZTAPALAPA,Tender Lovers,rappi,14.83,0.75,5.09,1.0
46086.0,11.0,MEX,Guadalajara,14 JARDINES,Desayunos de la Abuela,rappi,25.16,0.75,30.59,1.0
46086.0,16.0,MEX,Guadalajara,14 JARDINES,Órale Desayunos,rappi,16.19,0.75,11.38,1.0
46086.0,16.0,MEX,Guadalajara,19 LA CALMA,Pozórale,didi,27.89,0.75,9.06,1.0
46086.0,19.0,MEX,Monterrey,30 LINCOLN,Don Gyros & Kebab,rappi,6.98,0.75,5.81,1.0
46086.0,13.0,MEX,Monterrey,38 SALTILLO CENTRO,Fonda Local,rappi,17.97,0.75,1.94,1.0
46086.0,10.0,MEX,Puebla,26 CIUDAD JUDICIAL,Brunch & Munch,rappi,21.47,0.75,31.22,1.0
46086.0,8.0,MEX,Puebla,41 VOLCANES,Órale Desayunos,didi,13.83,0.75,3.85,1.0
46086.0,13.0,MEX,Puebla,41 VOLCANES,Que Chicken,rappi,17.78,0.75,7.74,1.0
46086.0,13.0,MEX,Zona Centro,24 METEPEC,Avocalia,ubereats,13.97,0.75,1.96,1.0
46086.0,16.0,MEX,Zona Centro,24 METEPEC,The Breakfast Club,rappi,5.73,0.75,2.11,1.0
46086.0,8.0,MEX,Ciudad de México,04 SANTA FE,Brunch & Munch,ubereats,11.76,0.73,12.17,1.0
46086.0,8.0,MEX,Ciudad de México,03 POLANCO,Brunch & Munch,ubereats,1.98,0.73,6.46,1.0
46086.0,13.0,MEX,Ciudad de México,09 CHURUBUSCO,Brunch & Munch,ubereats,8.05,0.73,1.94,1.0
46086.0,12.0,MEX,Ciudad de México,05 COAPA,Desayunos de la Abuela,rappi,8.58,0.73,5.43,1.0
46086.0,14.0,MEX,Ciudad de México,03 POLANCO,Don Gyros & Kebab,rappi,11.78,0.73,4.93,1.0
46086.0,20.0,MEX,Ciudad de México,09 CHURUBUSCO,Fonda Local,didi,14.01,0.73,20.84,1.0
46086.0,18.0,MEX,Ciudad de México,06 SATELITE,Green House,ubereats,15.88,0.73,4.09,1.0
46086.0,13.0,MEX,Ciudad de México,27 IZTAPALAPA,House of Salads,didi,5.01,0.73,0.34,1.0
46086.0,8.0,MEX,Ciudad de México,01 DOCTORES,LA PANQUEQUERIA,ubereats,12.46,0.73,0.41,1.0
46086.0,14.0,MEX,Ciudad de México,09 CHURUBUSCO,Mr Beast Burger Turbo,rappi,6.84,0.73,7.34,1.0
46086.0,21.0,MEX,Ciudad de México,09 CHURUBUSCO,Tender Lovers,rappi,14.58,0.73,0.34,1.0
46086.0,18.0,MEX,Guadalajara,19 LA CALMA,Avocalia,ubereats,15.73,0.73,2.19,1.0
46086.0,17.0,MEX,Guadalajara,21 SANTA TERESITA,Chicken Tenders Hub,rappi,17.39,0.73,6.08,1.0
46086.0,20.0,MEX,Guadalajara,19 LA CALMA,Don Gyros & Kebab,ubereats,15.59,0.73,2.03,1.0
46086.0,19.0,MEX,Monterrey,30 LINCOLN,Avocalia,didi,6.59,0.73,5.48,1.0
46086.0,7.0,MEX,Monterrey,30 LINCOLN,Chemaquiles,ubereats,11.29,0.73,5.81,1.0
46086.0,13.0,MEX,Monterrey,38 SALTILLO CENTRO,Green House,didi,29.78,0.73,2.12,1.0
46086.0,17.0,MEX,Monterrey,30 LINCOLN,La Neta Burgers (Orale Burgers),rappi,0.73,,8.97,1.0
46086.0,12.0,MEX,Monterrey,13 TEC,LA PANQUEQUERIA,rappi,11.4,0.73,5.74,1.0
46086.0,7.0,MEX,Monterrey,28 CARRETERA NACIONA,Órale Desayunos,ubereats,5.21,0.73,9.79,1.0
46086.0,13.0,MEX,Monterrey,28 CARRETERA NACIONA,Órale Desayunos,ubereats,5.33,0.73,4.67,1.0
46086.0,14.0,MEX,Monterrey,28 CARRETERA NACIONA,Tender Lovers,rappi,9.62,0.73,1.42,1.0
46086.0,13.0,MEX,Puebla,41 VOLCANES,Órale Desayunos,didi,0.73,,30.88,1.0
46086.0,7.0,MEX,Zona Centro,24 METEPEC,LA PANQUEQUERIA,ubereats,13.71,0.73,9.1,1.0
46086.0,13.0,MEX,Ciudad de México,05 COAPA,Avocalia,didi,3.19,0.72,2.16,1.0
46086.0,14.0,MEX,Ciudad de México,27 IZTAPALAPA,Avocalia,didi,5.68,0.72,1.34,1.0
46086.0,17.0,MEX,Ciudad de México,12 DEL VALLE,Avocalia,ubereats,11.53,0.72,30.14,1.0
46086.0,18.0,MEX,Ciudad de México,06 SATELITE,Avocalia,ubereats,10.97,0.72,4.89,1.0
46086.0,20.0,MEX,Ciudad de México,03 POLANCO,Avocalia,ubereats,8.6,0.72,9.07,1.0
46086.0,8.0,MEX,Ciudad de México,04 SANTA FE,Avocalia Desayunos,ubereats,11.07,0.72,11.02,1.0
46086.0,8.0,MEX,Ciudad de México,05 COAPA,Brunch & Munch,ubereats,6.05,0.72,4.99,1.0
46086.0,9.0,MEX,Ciudad de México,01 DOCTORES,Desayunos de la Abuela,didi,11.62,0.72,7.25,1.0
46086.0,20.0,MEX,Ciudad de México,03 POLANCO,Green House,ubereats,7.1,0.72,4.0,1.0
46086.0,20.0,MEX,Ciudad de México,03 POLANCO,Honest Food,ubereats,10.75,0.72,3.08,1.0
46086.0,22.0,MEX,Ciudad de México,09 CHURUBUSCO,House of Salads,ubereats,5.04,0.72,1.17,1.0
46086.0,8.0,MEX,Ciudad de México,04 SANTA FE,LA PANQUEQUERIA,ubereats,8.63,0.72,15.82,1.0
46086.0,16.0,MEX,Ciudad de México,09 CHURUBUSCO,Mr Beast Burger,didi,20.46,0.72,7.75,1.0
46086.0,18.0,MEX,Ciudad de México,12 DEL VALLE,Mr Beast Burger,ubereats,10.93,0.72,9.79,1.0
46086.0,8.0,MEX,Ciudad de México,09 CHURUBUSCO,Órale Desayunos,didi,7.12,0.72,4.4,1.0
46086.0,19.0,MEX,Ciudad de México,05 COAPA,Órale Desayunos,rappi,13.13,0.72,0.64,1.0
46086.0,7.0,MEX,Ciudad de México,03 POLANCO,Órale Desayunos,ubereats,6.04,0.72,3.99,1.0
46086.0,22.0,MEX,Ciudad de México,01 DOCTORES,Que Chicken,rappi,10.92,0.72,2.91,1.0
46086.0,19.0,MEX,Ciudad de México,16 PEDREGAL,Signature Salads,ubereats,16.38,0.72,11.58,1.0
46086.0,18.0,MEX,Guadalajara,34 TLAQUEPAQUE,Avocalia,ubereats,6.67,0.72,3.38,1.0
46086.0,20.0,MEX,Guadalajara,21 SANTA TERESITA,Avocalia,ubereats,19.25,0.72,5.07,1.0
46086.0,9.0,MEX,Guadalajara,45 ESTADIO,Brunch & Munch,rappi,11.8,0.72,0.83,1.0
46086.0,11.0,MEX,Guadalajara,34 TLAQUEPAQUE,Brunch & Munch,rappi,17.98,0.72,22.77,1.0
46086.0,14.0,MEX,Guadalajara,19 LA CALMA,Fonda Local,rappi,10.82,0.72,22.67,1.0
46086.0,20.0,MEX,Guadalajara,19 LA CALMA,Tasty Foods,rappi,6.68,0.72,9.41,1.0
46086.0,12.0,MEX,Guadalajara,19 LA CALMA,The Egg Spot,rappi,15.29,0.72,0.77,1.0
46086.0,22.0,MEX,Monterrey,17 CUMBRES,Avocalia,ubereats,6.93,0.72,3.28,1.0
46086.0,13.0,MEX,Monterrey,13 TEC,Brunch & Munch,ubereats,17.98,0.72,7.1,1.0
46086.0,16.0,MEX,Monterrey,30 LINCOLN,Green House,rappi,5.02,0.72,0.74,1.0
46086.0,17.0,MEX,Monterrey,17 CUMBRES,House of Salads,ubereats,11.71,0.72,11.1,1.0
46086.0,15.0,MEX,Monterrey,23 SANTA CATARINA,La Neta Burgers (Orale Burgers),rappi,12.03,0.72,0.91,1.0
46086.0,19.0,MEX,Monterrey,13 TEC,Numa Cocina Mediterranea,ubereats,14.76,0.72,7.96,1.0
46086.0,17.0,MEX,Monterrey,38 SALTILLO CENTRO,Órale Desayunos,didi,8.65,0.72,25.46,1.0
46086.0,12.0,MEX,Monterrey,38 SALTILLO CENTRO,Órale Desayunos,rappi,14.02,0.72,5.91,1.0
46086.0,7.0,MEX,Monterrey,13 TEC,Órale Desayunos,ubereats,5.13,0.72,12.01,1.0
46086.0,17.0,MEX,Monterrey,28 CARRETERA NACIONA,Signature Salads,ubereats,10.01,0.72,6.07,1.0
46086.0,7.0,MEX,Monterrey,10 SAN JERONIMO,The Wrap Company MX,didi,19.44,0.72,2.79,1.0
46086.0,8.0,MEX,Puebla,41 VOLCANES,Órale Desayunos,ubereats,10.93,0.72,4.18,1.0
46086.0,14.0,MEX,Zona Centro,24 METEPEC,Mr Beast Burger,rappi,10.83,0.72,5.02,1.0
46086.0,13.0,MEX,Zona Centro,24 METEPEC,Mr Beast Burger,ubereats,13.68,0.72,6.26,1.0
46086.0,19.0,MEX,Ciudad de México,09 CHURUBUSCO,Avocalia,didi,11.01,0.7,0.58,1.0
46086.0,18.0,MEX,Ciudad de México,05 COAPA,Avocalia,ubereats,10.8,0.7,13.3,1.0
46086.0,11.0,MEX,Ciudad de México,06 SATELITE,Brunch & Munch,rappi,9.97,0.7,0.73,1.0
46086.0,7.0,MEX,Ciudad de México,01 DOCTORES,Brunch & Munch,ubereats,11.07,0.7,0.86,1.0
46086.0,8.0,MEX,Ciudad de México,01 DOCTORES,Brunch & Munch,ubereats,10.21,0.7,1.62,1.0
46086.0,8.0,MEX,Ciudad de México,01 DOCTORES,Brunch & Munch,ubereats,9.93,0.7,3.01,1.0
46086.0,11.0,MEX,Ciudad de México,01 DOCTORES,Desayunos de la Abuela,rappi,10.29,0.7,18.77,1.0
46086.0,8.0,MEX,Ciudad de México,03 POLANCO,Desayunos de la Abuela,ubereats,5.78,0.7,17.46,1.0
46086.0,16.0,MEX,Ciudad de México,03 POLANCO,Fonda Local,rappi,10.67,0.7,15.84,1.0
46086.0,18.0,MEX,Ciudad de México,11 AZCAPOTZALCO,Honest Food,ubereats,10.51,0.7,15.85,1.0
46086.0,21.0,MEX,Ciudad de México,12 DEL VALLE,Mega Greens Turbo (Super Ensaladas Turbo),rappi,7.73,0.7,1.32,1.0
46086.0,18.0,MEX,Ciudad de México,05 COAPA,Mr Beast Burger,ubereats,11.08,0.7,5.98,1.0
46086.0,20.0,MEX,Ciudad de México,06 SATELITE,Mr Beast Burger,ubereats,12.06,0.7,8.91,1.0
46086.0,20.0,MEX,Ciudad de México,03 POLANCO,Que Chicken,rappi,12.76,0.7,4.3,1.0
46086.0,17.0,MEX,Ciudad de México,12 DEL VALLE,Que Chicken,ubereats,21.07,0.7,24.92,1.0
46086.0,17.0,MEX,Ciudad de México,06 SATELITE,Que Chicken,ubereats,16.48,0.7,2.82,1.0
46086.0,19.0,MEX,Guadalajara,19 LA CALMA,Brunch & Munch,ubereats,13.0,0.7,12.26,1.0
46086.0,8.0,MEX,Guadalajara,14 JARDINES,Desayunos de la Abuela,ubereats,20.26,0.7,4.82,1.0
46086.0,16.0,MEX,Guadalajara,45 ESTADIO,Fonda Local,rappi,15.11,0.7,22.88,1.0
46086.0,18.0,MEX,Guadalajara,21 SANTA TERESITA,Green House,ubereats,11.71,0.7,23.06,1.0
46086.0,15.0,MEX,Guadalajara,25 TABACHINES,Mr Beast Burger,didi,8.18,0.7,54.63,1.0
46086.0,16.0,MEX,Guadalajara,40 JARDINES DEL VALL,Mr Beast Burger,didi,7.14,0.7,14.71,1.0
46086.0,19.0,MEX,Guadalajara,19 LA CALMA,Mr Beast Burger,ubereats,6.49,0.7,20.12,1.0
46086.0,7.0,MEX,Guadalajara,40 JARDINES DEL VALL,Órale Desayunos,ubereats,7.84,0.7,11.11,1.0
46086.0,15.0,MEX,Guadalajara,21 SANTA TERESITA,Que Chicken,rappi,8.28,0.7,7.76,1.0
46086.0,17.0,MEX,Guadalajara,25 TABACHINES,Que Chicken,ubereats,20.17,0.7,6.75,1.0
46086.0,17.0,MEX,Merida,31 MONTEJO,Avocalia,ubereats,12.11,0.7,2.38,1.0
46086.0,7.0,MEX,Merida,37 CANEK,Brunch & Munch,ubereats,20.54,0.7,1.37,1.0
46086.0,18.0,MEX,Merida,31 MONTEJO,Green House,ubereats,14.02,0.7,8.19,1.0
46086.0,8.0,MEX,Merida,31 MONTEJO,The Breakfast Club,ubereats,15.81,0.7,7.17,1.0
46086.0,9.0,MEX,Monterrey,10 SAN JERONIMO,Avocalia,rappi,13.27,0.7,30.02,1.0
46086.0,17.0,MEX,Monterrey,17 CUMBRES,Brunch & Munch,ubereats,8.85,0.7,7.13,1.0
46086.0,8.0,MEX,Monterrey,13 TEC,Desayunos de la Abuela,didi,4.24,0.7,1.5,1.0
46086.0,15.0,MEX,Monterrey,38 SALTILLO CENTRO,Honest Food,rappi,15.86,0.7,30.04,1.0
46086.0,7.0,MEX,Monterrey,10 SAN JERONIMO,LA PANQUEQUERIA,rappi,38.57,0.7,10.05,1.0
46086.0,10.0,MEX,Monterrey,22 SAN NICOLAS,LA PANQUEQUERIA,rappi,16.78,0.7,10.03,1.0
46086.0,18.0,MEX,Monterrey,28 CARRETERA NACIONA,Numa Cocina Mediterranea,ubereats,10.13,0.7,4.82,1.0
46086.0,7.0,MEX,Monterrey,28 CARRETERA NACIONA,Órale Desayunos,didi,7.08,0.7,0.87,1.0
46086.0,17.0,MEX,Puebla,41 VOLCANES,Avocalia,ubereats,26.21,0.7,7.93,1.0
46086.0,8.0,MEX,Puebla,41 VOLCANES,Brunch & Munch,ubereats,11.05,0.7,7.13,1.0
46086.0,20.0,MEX,Puebla,26 CIUDAD JUDICIAL,Green House,ubereats,7.33,0.7,8.85,1.0
46086.0,20.0,MEX,Puebla,41 VOLCANES,House of Salads,ubereats,21.11,0.7,0.92,1.0
46086.0,22.0,MEX,Zona Centro,24 METEPEC,Green House,rappi,9.1,0.7,5.63,1.0
46086.0,18.0,MEX,Zona Centro,24 METEPEC,Green House,ubereats,11.32,0.7,5.75,1.0
46086.0,13.0,MEX,Zona Centro,24 METEPEC,Honest Food,ubereats,17.89,0.7,5.0,1.0
46086.0,18.0,MEX,Zona Centro,24 METEPEC,House of Burgers,rappi,5.61,0.7,11.07,1.0
46086.0,17.0,MEX,Ciudad de México,03 POLANCO,Avocalia,ubereats,6.28,0.68,11.9,1.0
46086.0,18.0,MEX,Ciudad de México,05 COAPA,Avocalia,ubereats,12.2,0.68,14.85,1.0
46086.0,18.0,MEX,Ciudad de México,03 POLANCO,Avocalia,ubereats,9.57,0.68,4.42,1.0
46086.0,20.0,MEX,Ciudad de México,04 SANTA FE,Avocalia,ubereats,14.33,0.68,3.96,1.0
46086.0,20.0,MEX,Ciudad de México,03 POLANCO,Avocalia,ubereats,9.15,0.68,6.02,1.0
46086.0,17.0,MEX,Ciudad de México,06 SATELITE,Brunch & Munch,ubereats,23.47,0.68,0.91,1.0
46086.0,20.0,MEX,Ciudad de México,09 CHURUBUSCO,Brunch & Munch,ubereats,5.96,0.68,3.84,1.0
46086.0,13.0,MEX,Ciudad de México,27 IZTAPALAPA,Fonda Local,rappi,6.76,0.68,2.02,1.0
46086.0,18.0,MEX,Ciudad de México,06 SATELITE,Honest Food,ubereats,15.8,0.68,15.02,1.0
46086.0,20.0,MEX,Ciudad de México,03 POLANCO,Honest Food,ubereats,5.97,0.68,8.28,1.0
46086.0,18.0,MEX,Ciudad de México,06 SATELITE,La Neta Burgers (Orale Burgers),rappi,12.82,0.68,18.07,1.0
46086.0,20.0,MEX,Ciudad de México,03 POLANCO,LA PANQUEQUERIA,ubereats,11.16,0.68,7.7,1.0
46086.0,20.0,MEX,Ciudad de México,05 COAPA,Mr Beast Burger,didi,10.65,0.68,3.42,1.0
46086.0,17.0,MEX,Ciudad de México,01 DOCTORES,Mr Beast Burger,ubereats,25.5,0.68,2.31,1.0
46086.0,20.0,MEX,Ciudad de México,05 COAPA,Pozórale,ubereats,10.4,0.68,3.54,1.0
46086.0,17.0,MEX,Ciudad de México,09 CHURUBUSCO,Que Chicken,ubereats,36.93,0.68,23.92,1.0
46086.0,14.0,MEX,Ciudad de México,05 COAPA,Signature Salads,rappi,10.59,0.68,18.07,1.0
46086.0,18.0,MEX,Guadalajara,40 JARDINES DEL VALL,Green House,ubereats,10.87,0.68,0.97,1.0
46086.0,22.0,MEX,Guadalajara,21 SANTA TERESITA,Honest Food,didi,5.98,0.68,7.19,1.0
46086.0,20.0,MEX,Guadalajara,25 TABACHINES,Mr Beast Burger,ubereats,7.29,0.68,12.5,1.0
46086.0,20.0,MEX,Guadalajara,19 LA CALMA,Numa Cocina Mediterranea,ubereats,8.86,0.68,8.38,1.0
46086.0,19.0,MEX,Guadalajara,34 TLAQUEPAQUE,Que Chicken,ubereats,13.31,0.68,60.75,1.0
46086.0,18.0,MEX,Merida,37 CANEK,Green House,ubereats,13.76,0.68,6.13,1.0
46086.0,11.0,MEX,Monterrey,13 TEC,Brunch & Munch,didi,1.53,0.68,9.46,1.0
46086.0,16.0,MEX,Monterrey,38 SALTILLO CENTRO,Chicken Tenders Hub,rappi,11.99,0.68,2.41,1.0
46086.0,17.0,MEX,Monterrey,38 SALTILLO CENTRO,Green House,ubereats,6.81,0.68,21.9,1.0
46086.0,18.0,MEX,Monterrey,13 TEC,Honest Food,ubereats,6.13,0.68,11.96,1.0
46086.0,20.0,MEX,Monterrey,17 CUMBRES,House of Salads,ubereats,11.37,0.68,11.65,1.0
46086.0,18.0,MEX,Monterrey,17 CUMBRES,LA PANQUEQUERIA,ubereats,17.62,0.68,8.96,1.0
46086.0,14.0,MEX,Monterrey,30 LINCOLN,Tasty Foods,rappi,7.18,0.68,1.96,1.0
46086.0,22.0,MEX,Puebla,26 CIUDAD JUDICIAL,Fonda Local,rappi,9.06,0.68,10.67,1.0
46086.0,20.0,MEX,Puebla,41 VOLCANES,Green House,ubereats,10.07,0.68,4.3,1.0
46086.0,20.0,MEX,Puebla,41 VOLCANES,Honest Food,ubereats,12.72,0.68,4.06,1.0
46086.0,18.0,MEX,Puebla,41 VOLCANES,Mr Beast Burger,ubereats,10.15,0.68,13.79,1.0
46086.0,22.0,MEX,Puebla,26 CIUDAD JUDICIAL,Que Chicken,ubereats,10.45,0.68,5.97,1.0
46086.0,8.0,MEX,Puebla,41 VOLCANES,The Wrap Company MX,didi,11.02,0.68,2.55,1.0
46086.0,20.0,MEX,Zona Centro,24 METEPEC,Avocalia,ubereats,17.25,0.68,36.96,1.0
46086.0,18.0,MEX,Zona Centro,24 METEPEC,Green House,ubereats,10.9,0.68,36.12,1.0
46086.0,18.0,MEX,Zona Centro,24 METEPEC,House of Salads,ubereats,14.62,0.68,2.99,1.0
46086.0,20.0,MEX,Zona Centro,24 METEPEC,House of Salads,ubereats,0.68,,35.06,1.0
46086.0,22.0,MEX,Zona Centro,24 METEPEC,Mr Beast Burger,ubereats,7.82,0.68,2.77,1.0
46086.0,19.0,MEX,Zona Centro,24 METEPEC,Que Chicken,ubereats,10.81,0.68,1.1,1.0
46086.0,21.0,MEX,Ciudad de México,04 SANTA FE,Avocalia,didi,7.09,0.67,5.22,1.0
46086.0,17.0,MEX,Ciudad de México,01 DOCTORES,Avocalia,ubereats,4.62,0.67,9.36,1.0
46086.0,13.0,MEX,Ciudad de México,01 DOCTORES,Desayunos de la Abuela,rappi,7.08,0.67,2.88,1.0
46086.0,18.0,MEX,Ciudad de México,06 SATELITE,Eggy by Chef Eva,rappi,0.67,,6.26,1.0
46086.0,16.0,MEX,Ciudad de México,03 POLANCO,Fonda Local,didi,9.68,0.67,6.43,1.0
46086.0,18.0,MEX,Ciudad de México,05 COAPA,Foodhub,ubereats,14.35,0.67,2.09,1.0
46086.0,19.0,MEX,Ciudad de México,09 CHURUBUSCO,Foodhub Turbo,rappi,9.13,0.67,3.97,1.0
46086.0,18.0,MEX,Ciudad de México,03 POLANCO,Green House,ubereats,13.98,0.67,2.01,1.0
46086.0,18.0,MEX,Ciudad de México,01 DOCTORES,House of Burgers,rappi,9.43,0.67,49.98,1.0
46086.0,21.0,MEX,Ciudad de México,12 DEL VALLE,House of Burgers,rappi,11.14,0.67,5.14,1.0
46086.0,21.0,MEX,Ciudad de México,12 DEL VALLE,Mr Beast Burger,didi,7.8,0.67,13.35,1.0
46086.0,18.0,MEX,Ciudad de México,02 SAN ANGEL,Mr Beast Burger,ubereats,15.1,0.67,6.18,1.0
46086.0,9.0,MEX,Ciudad de México,01 DOCTORES,Órale Desayunos,didi,6.81,0.67,0.57,1.0
46086.0,15.0,MEX,Guadalajara,21 SANTA TERESITA,Avocalia,didi,6.73,0.67,2.91,1.0
46086.0,8.0,MEX,Guadalajara,34 TLAQUEPAQUE,Brunch & Munch,didi,3.92,0.67,17.11,1.0
46086.0,11.0,MEX,Guadalajara,21 SANTA TERESITA,Brunch & Munch,rappi,12.71,0.67,20.43,1.0
46086.0,17.0,MEX,Guadalajara,34 TLAQUEPAQUE,Chicken Tenders Hub,rappi,10.85,0.67,9.68,1.0
46086.0,18.0,MEX,Guadalajara,25 TABACHINES,Honest Food,ubereats,10.29,0.67,22.81,1.0
46086.0,7.0,MEX,Guadalajara,14 JARDINES,LA PANQUEQUERIA,ubereats,31.6,0.67,3.22,1.0
46086.0,19.0,MEX,Guadalajara,25 TABACHINES,Mr Beast Burger,rappi,6.88,0.67,32.16,1.0
46086.0,20.0,MEX,Guadalajara,19 LA CALMA,Numa Cocina Mediterranea,ubereats,13.26,0.67,2.7,1.0
46086.0,20.0,MEX,Guadalajara,25 TABACHINES,Órale Desayunos,ubereats,10.18,0.67,3.2,1.0
46086.0,20.0,MEX,Merida,31 MONTEJO,Green House,ubereats,12.75,0.67,23.31,1.0
46086.0,20.0,MEX,Monterrey,13 TEC,Avocalia,ubereats,12.8,0.67,2.28,1.0
46086.0,8.0,MEX,Monterrey,17 CUMBRES,Desayunos de la Abuela,didi,6.25,0.67,21.81,1.0
46086.0,15.0,MEX,Monterrey,10 SAN JERONIMO,Honest Food,rappi,8.92,0.67,29.35,1.0
46086.0,18.0,MEX,Monterrey,13 TEC,Honest Food,ubereats,7.11,0.67,15.06,1.0
46086.0,17.0,MEX,Monterrey,22 SAN NICOLAS,Mr Beast Burger,didi,7.21,0.67,8.92,1.0
46086.0,11.0,MEX,Monterrey,10 SAN JERONIMO,Órale Desayunos,didi,13.03,0.67,2.93,1.0
46086.0,17.0,MEX,Monterrey,30 LINCOLN,Pozórale,didi,4.69,0.67,5.03,1.0
46086.0,11.0,MEX,Monterrey,38 SALTILLO CENTRO,The Wrap Company MX,didi,11.09,0.67,15.05,1.0
46086.0,20.0,MEX,Puebla,41 VOLCANES,Fonda Local,rappi,21.85,0.67,9.92,1.0
46086.0,9.0,MEX,Puebla,26 CIUDAD JUDICIAL,Foodhub,rappi,7.15,0.67,27.25,1.0
46086.0,16.0,MEX,Puebla,41 VOLCANES,Honest Food,rappi,22.82,0.67,2.67,1.0
46086.0,18.0,MEX,Puebla,41 VOLCANES,Honest Food,ubereats,9.8,0.67,16.0,1.0
46086.0,20.0,MEX,Puebla,41 VOLCANES,Mr Beast Burger,ubereats,5.17,0.67,15.68,1.0
46086.0,7.0,MEX,Zona Centro,24 METEPEC,LA PANQUEQUERIA,ubereats,16.92,0.67,9.19,1.0
46086.0,18.0,MEX,Zona Centro,24 METEPEC,Mr Beast Burger,ubereats,9.72,0.67,3.22,1.0
46086.0,14.0,MEX,Ciudad de México,01 DOCTORES,Avocalia,rappi,18.81,0.65,7.31,1.0
46086.0,19.0,MEX,Ciudad de México,03 POLANCO,Avocalia,ubereats,13.94,0.65,14.45,1.0
46086.0,20.0,MEX,Ciudad de México,03 POLANCO,Avocalia,ubereats,8.71,0.65,2.54,1.0
46086.0,8.0,MEX,Ciudad de México,09 CHURUBUSCO,Desayunos de la Abuela,didi,10.04,0.65,11.18,1.0
46086.0,19.0,MEX,Ciudad de México,03 POLANCO,Don Gyros & Kebab,ubereats,7.02,0.65,5.82,1.0
46086.0,14.0,MEX,Ciudad de México,01 DOCTORES,Fonda Local,rappi,19.71,0.65,5.79,1.0
46086.0,14.0,MEX,Ciudad de México,15 LINDAVISTA,Mr Beast Burger,didi,6.89,0.65,1.71,1.0
46086.0,18.0,MEX,Ciudad de México,05 COAPA,Que Chicken,ubereats,11.95,0.65,11.78,1.0
46086.0,10.0,MEX,Guadalajara,19 LA CALMA,Avocalia,didi,7.02,0.65,23.79,1.0
46086.0,20.0,MEX,Guadalajara,34 TLAQUEPAQUE,Chicken Tenders Hub,rappi,7.48,0.65,8.51,1.0
46086.0,12.0,MEX,Guadalajara,40 JARDINES DEL VALL,Don Gyros & Kebab,rappi,0.65,,9.92,1.0
46086.0,14.0,MEX,Guadalajara,21 SANTA TERESITA,Fonda Local,didi,10.65,0.65,1.11,1.0
46086.0,18.0,MEX,Guadalajara,34 TLAQUEPAQUE,LA PANQUEQUERIA,rappi,0.65,,8.01,1.0
46086.0,16.0,MEX,Guadalajara,34 TLAQUEPAQUE,Mr Beast Burger,didi,14.76,0.65,11.81,1.0
46086.0,8.0,MEX,Guadalajara,45 ESTADIO,The Egg Spot,rappi,14.76,0.65,8.26,1.0
46086.0,18.0,MEX,Merida,31 MONTEJO,Green House,ubereats,14.91,0.65,63.91,1.0
46086.0,19.0,MEX,Merida,37 CANEK,Green House,ubereats,5.09,0.65,12.07,1.0
46086.0,10.0,MEX,Monterrey,13 TEC,Chemaquiles,didi,8.16,0.65,1.68,1.0
46086.0,18.0,MEX,Monterrey,38 SALTILLO CENTRO,Chemaquiles,ubereats,4.5,0.65,5.91,1.0
46086.0,20.0,MEX,Monterrey,17 CUMBRES,Mr Beast Burger,ubereats,10.68,0.65,5.98,1.0
46086.0,13.0,MEX,Monterrey,30 LINCOLN,Órale Chilaquiles,rappi,4.52,0.65,1.18,1.0
46086.0,13.0,MEX,Puebla,41 VOLCANES,Avocalia Desayunos,rappi,9.51,0.65,0.12,1.0
46086.0,9.0,MEX,Ciudad de México,03 POLANCO,LA PANQUEQUERIA,rappi,5.39,0.63,3.92,1.0
46086.0,17.0,MEX,Ciudad de México,01 DOCTORES,Mr Beast Burger,didi,9.07,0.63,12.87,1.0
46086.0,18.0,MEX,Ciudad de México,04 SANTA FE,Que Chicken,ubereats,42.18,0.63,2.0,1.0
46086.0,19.0,MEX,Ciudad de México,03 POLANCO,Que Chicken,ubereats,9.44,0.63,13.66,1.0
46086.0,19.0,MEX,Ciudad de México,01 DOCTORES,Que Chicken,ubereats,17.07,0.63,1.86,1.0
46086.0,8.0,MEX,Ciudad de México,03 POLANCO,The Breakfast Club,rappi,4.82,0.63,0.86,1.0
46086.0,15.0,MEX,Guadalajara,21 SANTA TERESITA,Avocalia,didi,9.08,0.63,7.5,1.0
46086.0,8.0,MEX,Guadalajara,25 TABACHINES,Brunch & Munch,didi,0.63,,8.23,1.0
46086.0,7.0,MEX,Guadalajara,21 SANTA TERESITA,Desayunos de la Abuela,ubereats,10.93,0.63,2.17,1.0
46086.0,12.0,MEX,Guadalajara,19 LA CALMA,Eggy by Chef Eva,rappi,13.62,0.63,9.29,1.0
46086.0,14.0,MEX,Guadalajara,45 ESTADIO,Honest Food,didi,13.03,0.63,2.03,1.0
46086.0,15.0,MEX,Guadalajara,40 JARDINES DEL VALL,Mr Beast Burger,rappi,7.05,0.63,92.07,1.0
46086.0,15.0,MEX,Guadalajara,21 SANTA TERESITA,Pozórale,didi,6.77,0.63,1.24,1.0
46086.0,19.0,MEX,Guadalajara,34 TLAQUEPAQUE,Que Chicken,ubereats,16.98,0.63,3.06,1.0
46086.0,15.0,MEX,Guadalajara,14 JARDINES,Tender Lovers,rappi,11.14,0.63,2.66,1.0
46086.0,17.0,MEX,Merida,31 MONTEJO,House of Salads,didi,21.98,0.63,2.57,1.0
46086.0,8.0,MEX,Monterrey,13 TEC,Brunch & Munch,didi,4.01,0.63,4.76,1.0
46086.0,19.0,MEX,Monterrey,30 LINCOLN,Brunch & Munch,ubereats,6.57,0.63,9.54,1.0
46086.0,20.0,MEX,Monterrey,13 TEC,Green House,rappi,9.83,0.63,13.91,1.0
46086.0,17.0,MEX,Monterrey,30 LINCOLN,Honest Food,didi,11.58,0.63,9.1,1.0
46086.0,17.0,MEX,Monterrey,10 SAN JERONIMO,House of Salads,didi,15.31,0.63,5.07,1.0
46086.0,17.0,MEX,Monterrey,22 SAN NICOLAS,Mr Beast Burger,ubereats,9.16,0.63,36.16,1.0
46086.0,19.0,MEX,Monterrey,17 CUMBRES,Mr Beast Burger,ubereats,12.06,0.63,6.53,1.0
46086.0,20.0,MEX,Monterrey,17 CUMBRES,Mr Beast Burger,ubereats,8.87,0.63,5.86,1.0
46086.0,8.0,MEX,Monterrey,10 SAN JERONIMO,Órale Desayunos,rappi,14.87,0.63,0.29,1.0
46086.0,13.0,MEX,Monterrey,10 SAN JERONIMO,Pozórale,didi,23.08,0.63,14.06,1.0
46086.0,19.0,MEX,Zona Centro,24 METEPEC,Que Chicken,ubereats,11.05,0.63,5.93,1.0
46086.0,19.0,MEX,Ciudad de México,09 CHURUBUSCO,Avocalia,ubereats,9.01,0.62,11.17,1.0
46086.0,21.0,MEX,Ciudad de México,06 SATELITE,Brunch & Munch,rappi,0.62,,7.97,1.0
46086.0,16.0,MEX,Ciudad de México,02 SAN ANGEL,Fonda Local,didi,40.82,0.62,2.52,1.0
46086.0,18.0,MEX,Ciudad de México,11 AZCAPOTZALCO,Fonda Local,ubereats,14.99,0.62,17.72,1.0
46086.0,12.0,MEX,Ciudad de México,12 DEL VALLE,Foodhub,rappi,11.01,0.62,0.38,1.0
46086.0,18.0,MEX,Ciudad de México,03 POLANCO,Green House,ubereats,15.08,0.62,15.97,1.0
46086.0,15.0,MEX,Ciudad de México,01 DOCTORES,House of Salads,didi,5.17,0.62,1.48,1.0
46086.0,21.0,MEX,Ciudad de México,09 CHURUBUSCO,LA PANQUEQUERIA,rappi,4.84,0.62,0.45,1.0
46086.0,18.0,MEX,Ciudad de México,09 CHURUBUSCO,Mega Greens (Super Ensaladas),ubereats,11.52,0.62,8.49,1.0
46086.0,19.0,MEX,Ciudad de México,01 DOCTORES,Órale Desayunos,didi,7.84,0.62,0.7,1.0
46086.0,18.0,MEX,Ciudad de México,09 CHURUBUSCO,Que Chicken,rappi,4.91,0.62,1.47,1.0
46086.0,18.0,MEX,Ciudad de México,03 POLANCO,Que Chicken,ubereats,10.96,0.62,23.87,1.0
46086.0,21.0,MEX,Ciudad de México,05 COAPA,The Egg Spot,rappi,7.05,0.62,4.07,1.0
46086.0,18.0,MEX,Guadalajara,21 SANTA TERESITA,Avocalia,ubereats,5.06,0.62,14.75,1.0
46086.0,14.0,MEX,Guadalajara,34 TLAQUEPAQUE,Don Gyros & Kebab,rappi,11.96,0.62,2.12,1.0
46086.0,18.0,MEX,Guadalajara,21 SANTA TERESITA,Green House,ubereats,12.29,0.62,17.69,1.0
46086.0,17.0,MEX,Guadalajara,21 SANTA TERESITA,Honest Food,didi,21.18,0.62,0.9,1.0
46086.0,18.0,MEX,Monterrey,13 TEC,Avocalia,ubereats,10.56,0.62,11.5,1.0
46086.0,9.0,MEX,Monterrey,17 CUMBRES,Brunch & Munch,didi,5.22,0.62,2.69,1.0
46086.0,9.0,MEX,Monterrey,10 SAN JERONIMO,Brunch & Munch,rappi,22.33,0.62,36.88,1.0
46086.0,18.0,MEX,Monterrey,17 CUMBRES,Chicken Tenders Hub,rappi,6.9,0.62,5.07,1.0
46086.0,19.0,MEX,Monterrey,38 SALTILLO CENTRO,Chicken Tenders Hub,ubereats,10.23,0.62,7.09,1.0
46086.0,18.0,MEX,Monterrey,13 TEC,Green House,ubereats,8.23,0.62,10.69,1.0
46086.0,20.0,MEX,Monterrey,30 LINCOLN,Tasty Foods,rappi,5.86,0.62,1.31,1.0
46086.0,9.0,MEX,Monterrey,22 SAN NICOLAS,The Breakfast Club,rappi,16.23,0.62,8.62,1.0
46086.0,14.0,MEX,Puebla,41 VOLCANES,Avocalia,didi,9.82,0.62,3.89,1.0
46086.0,8.0,MEX,Zona Centro,24 METEPEC,The Wrap Company MX,rappi,12.79,0.62,1.72,1.0
46086.0,20.0,MEX,Ciudad de México,01 DOCTORES,Avocalia,ubereats,4.07,0.6,2.76,1.0
46086.0,21.0,MEX,Ciudad de México,06 SATELITE,Brunch & Munch,ubereats,8.81,0.6,12.38,1.0
46086.0,8.0,MEX,Ciudad de México,01 DOCTORES,Desayunos de la Abuela,didi,19.3,0.6,0.72,1.0
46086.0,19.0,MEX,Ciudad de México,03 POLANCO,Desayunos de la Abuela,ubereats,12.74,0.6,1.26,1.0
46086.0,18.0,MEX,Ciudad de México,05 COAPA,Honest Food,ubereats,13.58,0.6,16.92,1.0
46086.0,13.0,MEX,Ciudad de México,02 SAN ANGEL,Mr Beast Burger,rappi,9.18,0.6,10.43,1.0
46086.0,22.0,MEX,Ciudad de México,03 POLANCO,Mr Beast Burger,rappi,5.93,0.6,5.48,1.0
46086.0,19.0,MEX,Ciudad de México,12 DEL VALLE,Órale Desayunos,ubereats,9.04,0.6,3.99,1.0
46086.0,16.0,MEX,Ciudad de México,03 POLANCO,Órale Desayunos Turbo,rappi,5.87,0.6,11.37,1.0
46086.0,16.0,MEX,Ciudad de México,12 DEL VALLE,Signature Salads,rappi,25.13,0.6,7.1,1.0
46086.0,13.0,MEX,Guadalajara,34 TLAQUEPAQUE,Avocalia,didi,12.64,0.6,1.79,1.0
46086.0,8.0,MEX,Guadalajara,19 LA CALMA,Brunch & Munch,didi,28.01,0.6,21.91,1.0
46086.0,21.0,MEX,Guadalajara,21 SANTA TERESITA,Green House,ubereats,13.24,0.6,0.89,1.0
46086.0,14.0,MEX,Merida,31 MONTEJO,Mr Beast Burger,didi,20.3,0.6,9.8,1.0
46086.0,19.0,MEX,Merida,37 CANEK,Mr Beast Burger,rappi,12.81,0.6,11.86,1.0
46086.0,14.0,MEX,Monterrey,10 SAN JERONIMO,Avocalia,rappi,5.73,0.6,5.99,1.0
46086.0,19.0,MEX,Monterrey,13 TEC,Avocalia,ubereats,13.06,0.6,13.45,1.0
46086.0,11.0,MEX,Monterrey,17 CUMBRES,Desayunos de la Abuela,rappi,5.92,0.6,0.72,1.0
46086.0,16.0,MEX,Monterrey,13 TEC,Mr Beast Burger,didi,5.97,0.6,4.88,1.0
46086.0,19.0,MEX,Monterrey,38 SALTILLO CENTRO,Mr Beast Burger,ubereats,11.21,0.6,10.82,1.0
46086.0,10.0,MEX,Monterrey,13 TEC,Órale Desayunos,rappi,4.46,0.6,3.44,1.0
46086.0,15.0,MEX,Monterrey,13 TEC,Que Chicken,didi,7.18,0.6,2.98,1.0
46086.0,19.0,MEX,Monterrey,28 CARRETERA NACIONA,Que Chicken,ubereats,11.15,0.6,5.26,1.0
46086.0,17.0,MEX,Puebla,26 CIUDAD JUDICIAL,Avocalia,didi,14.74,0.6,6.91,1.0
46086.0,21.0,MEX,Puebla,41 VOLCANES,Brunch & Munch,ubereats,7.99,0.6,8.85,1.0
46086.0,18.0,MEX,Zona Centro,24 METEPEC,Avocalia,didi,7.68,0.6,3.14,1.0
46086.0,19.0,MEX,Zona Centro,24 METEPEC,Avocalia,ubereats,8.73,0.6,7.02,1.0
46086.0,13.0,MEX,Zona Centro,24 METEPEC,House of Burgers,rappi,5.97,0.6,56.65,1.0
46086.0,19.0,MEX,Ciudad de México,01 DOCTORES,Avocalia,ubereats,9.88,0.58,3.9,1.0
46086.0,21.0,MEX,Ciudad de México,02 SAN ANGEL,Avocalia,ubereats,5.77,0.58,8.12,1.0
46086.0,8.0,MEX,Ciudad de México,03 POLANCO,Brunch & Munch,rappi,3.76,0.58,21.35,1.0
46086.0,10.0,MEX,Ciudad de México,51 SAMARA,Brunch & Munch,rappi,4.76,0.58,6.17,1.0
46086.0,13.0,MEX,Ciudad de México,12 DEL VALLE,Chicken Shack,rappi,11.04,0.58,0.98,1.0
46086.0,15.0,MEX,Ciudad de México,27 IZTAPALAPA,Fonda Local,didi,7.17,0.58,2.74,1.0
46086.0,12.0,MEX,Ciudad de México,03 POLANCO,Honest Food,rappi,8.94,0.58,17.19,1.0
46086.0,20.0,MEX,Ciudad de México,05 COAPA,Honest Food,ubereats,12.01,0.58,2.01,1.0
46086.0,21.0,MEX,Ciudad de México,03 POLANCO,LA PANQUEQUERIA,ubereats,13.32,0.58,4.79,1.0
46086.0,18.0,MEX,Ciudad de México,01 DOCTORES,Mr Beast Burger,rappi,32.32,0.58,19.95,1.0
46086.0,13.0,MEX,Ciudad de México,06 SATELITE,Tasty Foods,rappi,16.44,0.58,0.19,1.0
46086.0,12.0,MEX,Guadalajara,34 TLAQUEPAQUE,Avocalia,didi,9.3,0.58,0.0,1.0
46086.0,19.0,MEX,Guadalajara,34 TLAQUEPAQUE,Cocina Corrida,ubereats,6.84,0.58,20.33,1.0
46086.0,14.0,MEX,Guadalajara,34 TLAQUEPAQUE,La Neta Burgers (Orale Burgers),rappi,11.14,0.58,5.6,1.0
46086.0,15.0,MEX,Guadalajara,21 SANTA TERESITA,La Neta Burgers (Orale Burgers),rappi,10.07,0.58,6.1,1.0
46086.0,12.0,MEX,Guadalajara,21 SANTA TERESITA,Mr Beast Burger,rappi,9.59,0.58,5.48,1.0
46086.0,18.0,MEX,Merida,31 MONTEJO,Numa Cocina Mediterranea,ubereats,21.95,0.58,8.88,1.0
46086.0,13.0,MEX,Monterrey,28 CARRETERA NACIONA,Desayunos de la Abuela,didi,9.61,0.58,0.18,1.0
46086.0,20.0,MEX,Monterrey,13 TEC,Eggy by Chef Eva,ubereats,17.98,0.58,20.67,1.0
46086.0,19.0,MEX,Monterrey,28 CARRETERA NACIONA,Green House,ubereats,12.21,0.58,2.0,1.0
46086.0,20.0,MEX,Monterrey,13 TEC,House of Salads,didi,8.18,0.58,3.98,1.0
46086.0,21.0,MEX,Puebla,41 VOLCANES,Chicken Tenders Hub,ubereats,7.6,0.58,25.13,1.0
46086.0,19.0,MEX,Zona Centro,24 METEPEC,Avocalia,ubereats,7.02,0.58,4.46,1.0
46086.0,14.0,MEX,Zona Centro,24 METEPEC,Honest Food,didi,22.72,0.58,5.99,1.0
46086.0,8.0,MEX,Ciudad de México,03 POLANCO,Brunch & Munch,rappi,9.42,0.57,20.0,1.0
46086.0,9.0,MEX,Ciudad de México,01 DOCTORES,Brunch & Munch,rappi,13.11,0.57,0.98,1.0
46086.0,17.0,MEX,Ciudad de México,09 CHURUBUSCO,Cocina Corrida turbo,rappi,4.63,0.57,1.33,1.0
46086.0,19.0,MEX,Ciudad de México,02 SAN ANGEL,Green House,ubereats,12.22,0.57,7.81,1.0
46086.0,15.0,MEX,Ciudad de México,01 DOCTORES,La Neta Burgers (Orale Burgers),rappi,0.57,,48.99,1.0
46086.0,18.0,MEX,Ciudad de México,06 SATELITE,Mr Beast Burger,rappi,12.64,0.57,8.48,1.0
46086.0,8.0,MEX,Ciudad de México,02 SAN ANGEL,Órale Chilaquiles,rappi,6.05,0.57,24.11,1.0
46086.0,13.0,MEX,Ciudad de México,03 POLANCO,Órale Desayunos,rappi,3.02,0.57,25.76,1.0
46086.0,15.0,MEX,Ciudad de México,02 SAN ANGEL,Que Chicken,rappi,12.91,0.57,5.83,1.0
46086.0,14.0,MEX,Guadalajara,19 LA CALMA,Don Gyros & Kebab,didi,13.24,0.57,14.5,1.0
46086.0,15.0,MEX,Guadalajara,25 TABACHINES,LA PANQUEQUERIA,rappi,11.48,0.57,15.54,1.0
46086.0,15.0,MEX,Guadalajara,45 ESTADIO,Tasty Foods,rappi,5.65,0.57,56.0,1.0
46086.0,20.0,MEX,Merida,31 MONTEJO,Avocalia,ubereats,8.31,0.57,7.98,1.0
46086.0,14.0,MEX,Merida,31 MONTEJO,Órale Chilaquiles,rappi,16.04,0.57,39.43,1.0
46086.0,16.0,MEX,Monterrey,22 SAN NICOLAS,FC Barcelona,rappi,10.7,0.57,2.95,1.0
46086.0,9.0,MEX,Monterrey,13 TEC,LA PANQUEQUERIA,didi,9.43,0.57,6.2,1.0
46086.0,11.0,MEX,Monterrey,38 SALTILLO CENTRO,Órale Desayunos,didi,7.42,0.57,10.97,1.0
46086.0,17.0,MEX,Puebla,26 CIUDAD JUDICIAL,Honest Food Turbo,rappi,10.68,0.57,0.26,1.0
46086.0,19.0,MEX,Zona Centro,24 METEPEC,Que Chicken,ubereats,11.83,0.57,4.06,1.0
46086.0,10.0,MEX,Ciudad de México,01 DOCTORES,Brunch & Munch,rappi,10.05,0.55,0.72,1.0
46086.0,11.0,MEX,Ciudad de México,03 POLANCO,Brunch & Munch,rappi,11.58,0.55,3.3,1.0
46086.0,15.0,MEX,Ciudad de México,03 POLANCO,Brunch & Munch,rappi,13.77,0.55,4.24,1.0
46086.0,14.0,MEX,Ciudad de México,15 LINDAVISTA,Cocina Corrida,rappi,10.86,0.55,4.88,1.0
46086.0,12.0,MEX,Ciudad de México,27 IZTAPALAPA,Freshlab,rappi,0.55,,10.7,1.0
46086.0,12.0,MEX,Ciudad de México,09 CHURUBUSCO,Honest Food,rappi,20.23,0.55,5.11,1.0
46086.0,21.0,MEX,Ciudad de México,05 COAPA,House of Salads,ubereats,8.53,0.55,8.9,1.0
46086.0,21.0,MEX,Ciudad de México,09 CHURUBUSCO,Mr Beast Burger,didi,12.24,0.55,9.81,1.0
46086.0,12.0,MEX,Ciudad de México,16 PEDREGAL,Mr Beast Burger,rappi,9.69,0.55,3.19,1.0
46086.0,17.0,MEX,Ciudad de México,03 POLANCO,Mr Beast Burger Turbo,rappi,5.6,0.55,19.88,1.0
46086.0,19.0,MEX,Guadalajara,14 JARDINES,Avocalia,didi,5.64,0.55,9.26,1.0
46086.0,10.0,MEX,Guadalajara,25 TABACHINES,Brunch & Munch,didi,9.62,0.55,1.42,1.0
46086.0,16.0,MEX,Guadalajara,25 TABACHINES,Cocina Corrida,didi,16.3,0.55,19.65,1.0
46086.0,11.0,MEX,Guadalajara,19 LA CALMA,Desayunos de la Abuela,rappi,12.14,0.55,38.57,1.0
46086.0,15.0,MEX,Guadalajara,34 TLAQUEPAQUE,Fonda Local,didi,22.05,0.55,3.96,1.0
46086.0,21.0,MEX,Guadalajara,19 LA CALMA,House of Salads,ubereats,11.59,0.55,15.28,1.0
46086.0,20.0,MEX,Guadalajara,14 JARDINES,La Neta Burgers (Orale Burgers),rappi,9.21,0.55,9.72,1.0
46086.0,18.0,MEX,Guadalajara,25 TABACHINES,Mr Beast Burger,didi,10.59,0.55,2.99,1.0
46086.0,8.0,MEX,Monterrey,13 TEC,Brunch & Munch,rappi,9.42,0.55,2.56,1.0
46086.0,13.0,MEX,Monterrey,38 SALTILLO CENTRO,Cocina Corrida,rappi,14.32,0.55,2.88,1.0
46086.0,18.0,MEX,Monterrey,13 TEC,Don Gyros & Kebab,rappi,12.1,0.55,0.26,1.0
46086.0,14.0,MEX,Monterrey,13 TEC,Mr Beast Burger,didi,12.85,0.55,4.04,1.0
46086.0,10.0,MEX,Monterrey,38 SALTILLO CENTRO,Órale Desayunos,didi,6.67,0.55,6.19,1.0
46086.0,13.0,MEX,Monterrey,30 LINCOLN,Pozórale,didi,9.81,0.55,2.92,1.0
46086.0,15.0,MEX,Puebla,26 CIUDAD JUDICIAL,Avocalia,rappi,13.11,0.55,27.06,1.0
46086.0,19.0,MEX,Puebla,41 VOLCANES,Mr Beast Burger,ubereats,19.62,0.55,3.4,1.0
46086.0,20.0,MEX,Puebla,41 VOLCANES,Mr Beast Burger,ubereats,11.06,0.55,2.9,1.0
46086.0,15.0,MEX,Ciudad de México,05 COAPA,Chicken Tenders Hub,rappi,11.99,0.53,5.09,1.0
46086.0,18.0,MEX,Ciudad de México,02 SAN ANGEL,Fonda Local,didi,11.0,0.53,14.11,1.0
46086.0,19.0,MEX,Ciudad de México,01 DOCTORES,LA PANQUEQUERIA,rappi,3.9,0.53,3.75,1.0
46086.0,21.0,MEX,Ciudad de México,11 AZCAPOTZALCO,Mr Beast Burger,ubereats,15.59,0.53,4.28,1.0
46086.0,11.0,MEX,Ciudad de México,01 DOCTORES,Órale Desayunos,rappi,15.86,0.53,14.94,1.0
46086.0,13.0,MEX,Ciudad de México,03 POLANCO,Órale Desayunos,rappi,6.18,0.53,5.2,1.0
46086.0,20.0,MEX,Guadalajara,34 TLAQUEPAQUE,Brunch & Munch,rappi,0.53,,38.13,1.0
46086.0,16.0,MEX,Guadalajara,45 ESTADIO,La Neta Burgers (Orale Burgers),rappi,8.21,0.53,12.66,1.0
46086.0,15.0,MEX,Guadalajara,19 LA CALMA,Mr Beast Burger,didi,20.62,0.53,4.84,1.0
46086.0,19.0,MEX,Guadalajara,25 TABACHINES,Que Chicken,rappi,6.63,0.53,10.04,1.0
46086.0,10.0,MEX,Monterrey,10 SAN JERONIMO,Desayunos de la Abuela,didi,12.17,0.53,10.33,1.0
46086.0,17.0,MEX,Monterrey,10 SAN JERONIMO,Fonda Local,didi,19.21,0.53,8.87,1.0
46086.0,16.0,MEX,Monterrey,38 SALTILLO CENTRO,Mr Beast Burger,didi,12.98,0.53,15.43,1.0
46086.0,22.0,MEX,Monterrey,30 LINCOLN,Mr Beast Burger,ubereats,3.87,0.53,14.53,1.0
46086.0,18.0,MEX,Monterrey,38 SALTILLO CENTRO,Que Chicken,didi,13.04,0.53,7.7,1.0
46086.0,15.0,MEX,Puebla,41 VOLCANES,Green House,rappi,8.23,0.53,8.81,1.0
46086.0,22.0,MEX,Ciudad de México,02 SAN ANGEL,Avocalia,rappi,8.8,0.52,11.16,1.0
46086.0,20.0,MEX,Ciudad de México,01 DOCTORES,Chicken Tenders Hub,rappi,3.99,0.52,17.71,1.0
46086.0,14.0,MEX,Ciudad de México,02 SAN ANGEL,Green House,rappi,13.76,0.52,7.56,1.0
46086.0,14.0,MEX,Ciudad de México,09 CHURUBUSCO,Honest Food Turbo,rappi,5.19,0.52,1.18,1.0
46086.0,17.0,MEX,Ciudad de México,03 POLANCO,Mr Beast Burger,didi,7.85,0.52,44.76,1.0
46086.0,17.0,MEX,Ciudad de México,03 POLANCO,Mr Beast Burger,didi,9.15,0.52,9.7,1.0
46086.0,19.0,MEX,Ciudad de México,03 POLANCO,Mr Beast Burger,rappi,7.01,0.52,2.36,1.0
46086.0,20.0,MEX,Ciudad de México,01 DOCTORES,Mr Beast Burger Turbo,rappi,3.22,0.52,14.61,1.0
46086.0,21.0,MEX,Guadalajara,19 LA CALMA,Green House,ubereats,16.12,0.52,22.17,1.0
46086.0,9.0,MEX,Guadalajara,21 SANTA TERESITA,LA PANQUEQUERIA,rappi,19.12,0.52,17.79,1.0
46086.0,18.0,MEX,Guadalajara,19 LA CALMA,Numa Cocina Mediterranea,didi,13.9,0.52,5.88,1.0
46086.0,18.0,MEX,Guadalajara,21 SANTA TERESITA,Que Chicken,rappi,5.97,0.52,5.69,1.0
46086.0,12.0,MEX,Merida,37 CANEK,Don Gyros & Kebab,rappi,20.11,0.52,18.3,1.0
46086.0,9.0,MEX,Merida,37 CANEK,The Breakfast Club,rappi,7.9,0.52,5.93,1.0
46086.0,9.0,MEX,Monterrey,13 TEC,Brunch & Munch,rappi,8.64,0.52,4.08,1.0
46086.0,14.0,MEX,Monterrey,38 SALTILLO CENTRO,Foodhub,rappi,10.97,0.52,2.43,1.0
46086.0,20.0,MEX,Monterrey,13 TEC,House of Salads,rappi,15.95,0.52,14.79,1.0
46086.0,15.0,MEX,Monterrey,22 SAN NICOLAS,Mr Beast Burger,didi,8.18,0.52,5.27,1.0
46086.0,17.0,MEX,Monterrey,38 SALTILLO CENTRO,Mr Beast Burger,didi,7.91,0.52,11.28,1.0
46086.0,11.0,MEX,Zona Centro,24 METEPEC,Chemaquiles,rappi,9.27,0.52,9.83,1.0
46086.0,21.0,MEX,Zona Centro,24 METEPEC,Green House,ubereats,9.04,0.52,11.82,1.0
46086.0,16.0,MEX,Zona Centro,24 METEPEC,Mr Beast Burger,didi,18.02,0.52,7.22,1.0
46086.0,10.0,MEX,Ciudad de México,03 POLANCO,Desayunos de la Abuela,didi,9.14,0.5,3.14,1.0
46086.0,16.0,MEX,Guadalajara,25 TABACHINES,Chicken Tenders Hub,rappi,18.97,0.5,28.66,1.0
46086.0,21.0,MEX,Guadalajara,19 LA CALMA,Green House,ubereats,16.1,0.5,5.09,1.0
46086.0,14.0,MEX,Guadalajara,40 JARDINES DEL VALL,Honest Food,didi,8.48,0.5,10.69,1.0
46086.0,15.0,MEX,Guadalajara,25 TABACHINES,Que Chicken,rappi,10.63,0.5,3.9,1.0
46086.0,21.0,MEX,Guadalajara,19 LA CALMA,Subs & Soups,rappi,11.03,0.5,2.0,1.0
46086.0,10.0,MEX,Guadalajara,25 TABACHINES,The Egg Spot,rappi,10.2,0.5,3.9,1.0
46086.0,7.0,MEX,Merida,31 MONTEJO,Órale Desayunos,didi,11.91,0.5,15.88,1.0
46086.0,14.0,MEX,Merida,37 CANEK,Que Chicken,rappi,13.82,0.5,13.23,1.0
46086.0,14.0,MEX,Monterrey,23 SANTA CATARINA,Avocalia,didi,5.73,0.5,2.28,1.0
46086.0,11.0,MEX,Monterrey,23 SANTA CATARINA,Avocalia,rappi,12.1,0.5,7.19,1.0
46086.0,13.0,MEX,Monterrey,30 LINCOLN,Chemaquiles,didi,12.21,0.5,1.74,1.0
46086.0,8.0,MEX,Monterrey,30 LINCOLN,Desayunos de la Abuela,didi,8.62,0.5,3.39,1.0
46086.0,16.0,MEX,Monterrey,13 TEC,Don Gyros & Kebab,didi,9.58,0.5,2.92,1.0
46086.0,9.0,MEX,Monterrey,30 LINCOLN,LA PANQUEQUERIA,didi,6.3,0.5,5.18,1.0
46086.0,11.0,MEX,Monterrey,38 SALTILLO CENTRO,Órale Desayunos,rappi,7.78,0.5,3.87,1.0
46086.0,16.0,MEX,Monterrey,10 SAN JERONIMO,The Wrap Company MX,didi,13.27,0.5,5.9,1.0
46086.0,15.0,MEX,Puebla,26 CIUDAD JUDICIAL,Avocalia,rappi,13.81,0.5,6.78,1.0
46086.0,19.0,MEX,Zona Centro,24 METEPEC,La Neta Burgers (Orale Burgers),rappi,12.13,0.5,0.95,1.0
46086.0,10.0,MEX,Ciudad de México,01 DOCTORES,Brunch & Munch,rappi,16.85,0.48,4.83,1.0
46086.0,17.0,MEX,Ciudad de México,09 CHURUBUSCO,Foodhub Turbo,rappi,9.34,0.48,3.77,1.0
46086.0,9.0,MEX,Ciudad de México,03 POLANCO,Órale Desayunos,rappi,13.04,0.48,7.01,1.0
46086.0,10.0,MEX,Guadalajara,25 TABACHINES,Brunch & Munch,rappi,12.64,0.48,11.37,1.0
46086.0,16.0,MEX,Guadalajara,21 SANTA TERESITA,Fonda Local,didi,17.73,0.48,24.48,1.0
46086.0,15.0,MEX,Guadalajara,45 ESTADIO,Honest Food,didi,12.23,0.48,1.82,1.0
46086.0,9.0,MEX,Guadalajara,40 JARDINES DEL VALL,LA PANQUEQUERIA,rappi,16.58,0.48,14.04,1.0
46086.0,18.0,MEX,Guadalajara,25 TABACHINES,Subs & Soups,rappi,5.82,0.48,0.0,1.0
46086.0,16.0,MEX,Monterrey,17 CUMBRES,Avocalia,rappi,11.58,0.48,2.56,1.0
46086.0,11.0,MEX,Monterrey,30 LINCOLN,Chemaquiles,didi,4.39,0.48,3.05,1.0
46086.0,11.0,MEX,Monterrey,13 TEC,Desayunos de la Abuela,didi,10.23,0.48,3.46,1.0
46086.0,16.0,MEX,Monterrey,10 SAN JERONIMO,Don Gyros & Kebab,rappi,40.47,0.48,12.79,1.0
46086.0,13.0,MEX,Monterrey,23 SANTA CATARINA,Órale Chilaquiles,rappi,4.74,0.48,2.26,1.0
46086.0,21.0,MEX,Monterrey,30 LINCOLN,Que Chicken,rappi,10.69,0.48,0.89,1.0
46086.0,11.0,MEX,Puebla,26 CIUDAD JUDICIAL,Brunch & Munch,rappi,14.73,0.48,0.22,1.0
46086.0,11.0,MEX,Puebla,41 VOLCANES,Chemaquiles,didi,11.94,0.48,23.79,1.0
46086.0,17.0,MEX,Ciudad de México,09 CHURUBUSCO,Cocina Corrida turbo,rappi,7.96,0.47,19.56,1.0
46086.0,16.0,MEX,Ciudad de México,09 CHURUBUSCO,Honest Food Turbo,rappi,7.11,0.47,0.81,1.0
46086.0,18.0,MEX,Ciudad de México,11 AZCAPOTZALCO,La Neta Burgers (Orale Burgers),rappi,14.01,0.47,5.98,1.0
46086.0,13.0,MEX,Ciudad de México,05 COAPA,Mr Beast Burger,rappi,11.37,0.47,1.08,1.0
46086.0,15.0,MEX,Ciudad de México,27 IZTAPALAPA,Mr Beast Burger,rappi,6.81,0.47,13.29,1.0
46086.0,16.0,MEX,Ciudad de México,27 IZTAPALAPA,Mr Beast Burger,rappi,8.85,0.47,10.06,1.0
46086.0,9.0,MEX,Ciudad de México,01 DOCTORES,Pozórale,rappi,5.55,0.47,14.29,1.0
46086.0,18.0,MEX,Ciudad de México,03 POLANCO,Que Chicken,rappi,5.78,0.47,10.75,1.0
46086.0,14.0,MEX,Ciudad de México,09 CHURUBUSCO,The Breakfast Club,rappi,0.47,,7.89,1.0
46086.0,14.0,MEX,Guadalajara,21 SANTA TERESITA,Avocalia,rappi,9.13,0.47,0.86,1.0
46086.0,7.0,MEX,Guadalajara,34 TLAQUEPAQUE,Avocalia Desayunos,rappi,7.88,0.47,20.99,1.0
46086.0,16.0,MEX,Guadalajara,14 JARDINES,Green House,rappi,17.8,0.47,3.29,1.0
46086.0,13.0,MEX,Guadalajara,21 SANTA TERESITA,Mr Beast Burger,didi,11.82,0.47,11.09,1.0
46086.0,15.0,MEX,Guadalajara,14 JARDINES,Mr Beast Burger,rappi,16.83,0.47,5.2,1.0
46086.0,12.0,MEX,Monterrey,10 SAN JERONIMO,LA PANQUEQUERIA,rappi,14.11,0.47,3.57,1.0
46086.0,14.0,MEX,Monterrey,28 CARRETERA NACIONA,Mr Beast Burger,didi,5.79,0.47,1.28,1.0
46086.0,21.0,MEX,Monterrey,30 LINCOLN,Pozórale,ubereats,36.93,0.47,7.99,1.0
46086.0,7.0,MEX,Monterrey,13 TEC,The Breakfast Club,rappi,6.59,0.47,0.49,1.0
46086.0,10.0,MEX,Puebla,26 CIUDAD JUDICIAL,Brunch & Munch,rappi,17.83,0.47,18.9,1.0
46086.0,11.0,MEX,Ciudad de México,01 DOCTORES,Brunch & Munch,rappi,17.87,0.45,2.73,1.0
46086.0,15.0,MEX,Ciudad de México,01 DOCTORES,Honest Food Turbo,rappi,2.99,0.45,2.22,1.0
46086.0,7.0,MEX,Ciudad de México,01 DOCTORES,Órale Desayunos,rappi,13.13,0.45,9.36,1.0
46086.0,17.0,MEX,Ciudad de México,01 DOCTORES,Que Chicken,rappi,13.81,0.45,30.51,1.0
46086.0,15.0,MEX,Guadalajara,21 SANTA TERESITA,Freshlab,rappi,5.42,0.45,12.89,1.0
46086.0,16.0,MEX,Guadalajara,34 TLAQUEPAQUE,La Neta Burgers (Orale Burgers),didi,19.85,0.45,5.14,1.0
46086.0,16.0,MEX,Guadalajara,40 JARDINES DEL VALL,La Neta Burgers (Orale Burgers),rappi,6.01,0.45,11.77,1.0
46086.0,22.0,MEX,Guadalajara,21 SANTA TERESITA,Mr Beast Burger,ubereats,7.99,0.45,12.96,1.0
46086.0,16.0,MEX,Monterrey,10 SAN JERONIMO,Avocalia,rappi,9.95,0.45,34.23,1.0
46086.0,20.0,MEX,Monterrey,13 TEC,Honest Food,rappi,3.8,0.45,13.23,1.0
46086.0,17.0,MEX,Monterrey,38 SALTILLO CENTRO,La Neta Burgers (Orale Burgers),rappi,13.03,0.45,2.86,1.0
46086.0,7.0,MEX,Monterrey,28 CARRETERA NACIONA,Órale Desayunos,ubereats,13.39,0.45,1.57,1.0
46086.0,21.0,MEX,Zona Centro,24 METEPEC,Honest Food,ubereats,9.07,0.45,2.92,1.0
46086.0,10.0,MEX,Ciudad de México,15 LINDAVISTA,Brunch & Munch,rappi,2.99,0.43,5.48,1.0
46086.0,11.0,MEX,Ciudad de México,01 DOCTORES,Brunch & Munch,rappi,9.99,0.43,3.66,1.0
46086.0,11.0,MEX,Ciudad de México,04 SANTA FE,Foodhub,rappi,4.83,0.43,20.12,1.0
46086.0,14.0,MEX,Ciudad de México,11 AZCAPOTZALCO,Mr Beast Burger,didi,9.8,0.43,6.06,1.0
46086.0,8.0,MEX,Ciudad de México,04 SANTA FE,Órale Desayunos,ubereats,4.28,0.43,0.92,1.0
46086.0,21.0,MEX,Ciudad de México,03 POLANCO,The Wrap Company MX,ubereats,8.73,0.43,2.43,1.0
46086.0,11.0,MEX,Guadalajara,14 JARDINES,Brunch & Munch,rappi,16.56,0.43,2.9,1.0
46086.0,20.0,MEX,Guadalajara,34 TLAQUEPAQUE,Brunch & Munch,rappi,12.78,0.43,11.18,1.0
46086.0,11.0,MEX,Guadalajara,19 LA CALMA,Eggy by Chef Eva,rappi,10.73,0.43,0.26,1.0
46086.0,14.0,MEX,Guadalajara,19 LA CALMA,Fonda Local,rappi,7.2,0.43,7.05,1.0
46086.0,19.0,MEX,Guadalajara,45 ESTADIO,Honest Food,rappi,10.05,0.43,2.05,1.0
46086.0,16.0,MEX,Guadalajara,45 ESTADIO,House of Salads,didi,11.8,0.43,11.9,1.0
46086.0,8.0,MEX,Guadalajara,21 SANTA TERESITA,LA PANQUEQUERIA,rappi,13.18,0.43,19.9,1.0
46086.0,19.0,MEX,Guadalajara,45 ESTADIO,Mr Beast Burger,rappi,9.8,0.43,3.2,1.0
46086.0,21.0,MEX,Guadalajara,21 SANTA TERESITA,Mr Beast Burger,ubereats,14.65,0.43,0.54,1.0
46086.0,20.0,MEX,Merida,37 CANEK,Avocalia Desayunos,rappi,0.43,,42.77,1.0
46086.0,9.0,MEX,Merida,37 CANEK,Foodhub,rappi,11.92,0.43,11.37,1.0
46086.0,11.0,MEX,Monterrey,28 CARRETERA NACIONA,Brunch & Munch,rappi,7.66,0.43,0.02,1.0
46086.0,21.0,MEX,Monterrey,28 CARRETERA NACIONA,Green House,ubereats,25.15,0.43,10.17,1.0
46086.0,15.0,MEX,Monterrey,28 CARRETERA NACIONA,Mr Beast Burger,rappi,8.85,0.43,5.86,1.0
46086.0,11.0,MEX,Monterrey,38 SALTILLO CENTRO,Órale Chilaquiles,rappi,9.93,0.43,16.08,1.0
46086.0,17.0,MEX,Monterrey,28 CARRETERA NACIONA,The Salad Project,didi,13.23,0.43,38.94,1.0
46086.0,11.0,MEX,Ciudad de México,01 DOCTORES,Brunch & Munch,rappi,9.1,0.42,6.15,1.0
46086.0,13.0,MEX,Ciudad de México,03 POLANCO,Brunch & Munch,rappi,2.76,0.42,10.2,1.0
46086.0,12.0,MEX,Ciudad de México,03 POLANCO,Green House Turbo,rappi,6.23,0.42,13.25,1.0
46086.0,13.0,MEX,Ciudad de México,03 POLANCO,Green House Turbo,rappi,7.97,0.42,3.78,1.0
46086.0,13.0,MEX,Ciudad de México,05 COAPA,Honest Food,rappi,8.22,0.42,10.23,1.0
46086.0,15.0,MEX,Ciudad de México,01 DOCTORES,Mr Beast Burger Turbo,rappi,6.02,0.42,6.26,1.0
46086.0,18.0,MEX,Ciudad de México,09 CHURUBUSCO,Que Chicken,rappi,35.41,0.42,5.47,1.0
46086.0,22.0,MEX,Ciudad de México,12 DEL VALLE,Que Chicken,ubereats,19.37,0.42,3.49,1.0
46086.0,10.0,MEX,Guadalajara,21 SANTA TERESITA,Brunch & Munch,rappi,9.91,0.42,14.91,1.0
46086.0,16.0,MEX,Guadalajara,21 SANTA TERESITA,Don Gyros & Kebab,rappi,6.35,0.42,9.89,1.0
46086.0,17.0,MEX,Guadalajara,34 TLAQUEPAQUE,La Neta Burgers (Orale Burgers),rappi,16.0,0.42,2.18,1.0
46086.0,14.0,MEX,Guadalajara,14 JARDINES,Mr Beast Burger,rappi,13.06,0.42,16.95,1.0
46086.0,21.0,MEX,Guadalajara,34 TLAQUEPAQUE,Pozórale,rappi,8.75,0.42,19.92,1.0
46086.0,18.0,MEX,Monterrey,13 TEC,Fonda Local turbo,rappi,4.91,0.42,0.25,1.0
46086.0,20.0,MEX,Monterrey,28 CARRETERA NACIONA,Mr Beast Burger,didi,9.78,0.42,0.73,1.0
46086.0,11.0,MEX,Monterrey,13 TEC,Órale Desayunos,didi,6.54,0.42,1.32,1.0
46086.0,10.0,MEX,Monterrey,13 TEC,The Egg Spot,didi,7.29,0.42,1.1,1.0
46086.0,22.0,MEX,Puebla,41 VOLCANES,Honest Food,rappi,16.1,0.42,10.76,1.0
46086.0,18.0,MEX,Ciudad de México,03 POLANCO,Avocalia,rappi,8.75,0.4,10.89,1.0
46086.0,22.0,MEX,Ciudad de México,02 SAN ANGEL,Brunch & Munch,rappi,0.4,,11.02,1.0
46086.0,17.0,MEX,Ciudad de México,09 CHURUBUSCO,La Neta Burgers (Orale Burgers),didi,7.98,0.4,16.72,1.0
46086.0,14.0,MEX,Ciudad de México,27 IZTAPALAPA,La Neta Burgers (Orale Burgers),rappi,8.62,0.4,5.33,1.0
46086.0,8.0,MEX,Ciudad de México,52 MANACAR,Órale Desayunos,rappi,17.11,0.4,13.01,1.0
46086.0,8.0,MEX,Ciudad de México,51 SAMARA,Órale Desayunos,rappi,5.66,0.4,20.27,1.0
46086.0,8.0,MEX,Guadalajara,21 SANTA TERESITA,Brunch & Munch,rappi,8.81,0.4,14.48,1.0
46086.0,14.0,MEX,Guadalajara,45 ESTADIO,La Neta Burgers (Orale Burgers),rappi,8.6,0.4,4.41,1.0
46086.0,14.0,MEX,Guadalajara,21 SANTA TERESITA,Mr Beast Burger,rappi,7.97,0.4,6.83,1.0
46086.0,8.0,MEX,Guadalajara,21 SANTA TERESITA,Órale Desayunos,didi,12.28,0.4,0.75,1.0
46086.0,9.0,MEX,Guadalajara,19 LA CALMA,Órale Desayunos,didi,12.32,0.4,6.64,1.0
46086.0,9.0,MEX,Guadalajara,25 TABACHINES,Órale Desayunos,rappi,7.61,0.4,6.24,1.0
46086.0,13.0,MEX,Guadalajara,40 JARDINES DEL VALL,Que Chicken,rappi,12.77,0.4,3.28,1.0
46086.0,13.0,MEX,Merida,31 MONTEJO,Desayunos de la Abuela,rappi,22.05,0.4,4.88,1.0
46086.0,21.0,MEX,Merida,37 CANEK,Mr Beast Burger,rappi,9.8,0.4,32.25,1.0
46086.0,11.0,MEX,Merida,31 MONTEJO,The Breakfast Club,rappi,0.4,,28.13,1.0
46086.0,16.0,MEX,Monterrey,38 SALTILLO CENTRO,Chemaquiles,rappi,8.0,0.4,2.22,1.0
46086.0,11.0,MEX,Monterrey,17 CUMBRES,Órale Desayunos,rappi,7.92,0.4,2.46,1.0
46086.0,12.0,MEX,Monterrey,13 TEC,Órale Desayunos,rappi,5.13,0.4,9.0,1.0
46086.0,18.0,MEX,Puebla,26 CIUDAD JUDICIAL,Avocalia,rappi,9.7,0.4,6.06,1.0
46086.0,10.0,MEX,Ciudad de México,01 DOCTORES,Brunch & Munch,rappi,6.65,0.38,4.16,1.0
46086.0,12.0,MEX,Ciudad de México,03 POLANCO,Chemaquiles,rappi,3.77,0.38,5.82,1.0
46086.0,13.0,MEX,Ciudad de México,01 DOCTORES,House of Salads,didi,6.6,0.38,3.39,1.0
46086.0,22.0,MEX,Ciudad de México,11 AZCAPOTZALCO,House of Salads,ubereats,17.33,0.38,4.95,1.0
46086.0,16.0,MEX,Ciudad de México,09 CHURUBUSCO,Órale Desayunos,rappi,10.42,0.38,43.71,1.0
46086.0,19.0,MEX,Guadalajara,45 ESTADIO,Cocina Corrida,rappi,13.49,0.38,29.57,1.0
46086.0,22.0,MEX,Guadalajara,19 LA CALMA,Honest Food,ubereats,13.17,0.38,10.54,1.0
46086.0,19.0,MEX,Guadalajara,19 LA CALMA,Mr Beast Burger Turbo,rappi,7.23,0.38,0.27,1.0
46086.0,13.0,MEX,Merida,37 CANEK,Mr Beast Burger,rappi,7.79,0.38,10.37,1.0
46086.0,7.0,MEX,Monterrey,30 LINCOLN,Chemaquiles,didi,6.07,0.38,11.03,1.0
46086.0,13.0,MEX,Monterrey,22 SAN NICOLAS,Honest Food,rappi,15.78,0.38,11.0,1.0
46086.0,20.0,MEX,Monterrey,30 LINCOLN,Mr Beast Burger,didi,5.75,0.38,0.99,1.0
46086.0,11.0,MEX,Monterrey,38 SALTILLO CENTRO,Mr Beast Burger Turbo,rappi,9.63,0.38,0.52,1.0
46086.0,17.0,MEX,Monterrey,30 LINCOLN,Mr Beast Burger Turbo,rappi,4.64,0.38,0.51,1.0
46086.0,12.0,MEX,Monterrey,38 SALTILLO CENTRO,Órale Chilaquiles,rappi,8.0,0.38,8.14,1.0
46086.0,18.0,MEX,Ciudad de México,12 DEL VALLE,Avocalia,didi,12.95,0.37,15.87,1.0
46086.0,13.0,MEX,Ciudad de México,03 POLANCO,Avocalia,rappi,6.51,0.37,3.29,1.0
46086.0,14.0,MEX,Ciudad de México,03 POLANCO,Avocalia,rappi,5.33,0.37,14.6,1.0
46086.0,15.0,MEX,Ciudad de México,03 POLANCO,Avocalia,rappi,17.31,0.37,1.76,1.0
46086.0,9.0,MEX,Ciudad de México,12 DEL VALLE,Brunch & Munch,rappi,6.44,0.37,38.36,1.0
46086.0,21.0,MEX,Ciudad de México,11 AZCAPOTZALCO,LA PANQUEQUERIA,ubereats,14.01,0.37,10.5,1.0
46086.0,20.0,MEX,Guadalajara,14 JARDINES,Avocalia,rappi,11.09,0.37,13.74,1.0
46086.0,15.0,MEX,Guadalajara,19 LA CALMA,Don Gyros & Kebab,didi,19.57,0.37,13.06,1.0
46086.0,16.0,MEX,Guadalajara,25 TABACHINES,Don Gyros & Kebab,rappi,13.01,0.37,0.45,1.0
46086.0,11.0,MEX,Guadalajara,19 LA CALMA,Foodhub,rappi,24.85,0.37,4.31,1.0
46086.0,14.0,MEX,Guadalajara,25 TABACHINES,Mr Beast Burger,rappi,12.93,0.37,8.34,1.0
46086.0,8.0,MEX,Guadalajara,25 TABACHINES,Órale Desayunos,rappi,24.02,0.37,28.23,1.0
46086.0,13.0,MEX,Merida,31 MONTEJO,Avocalia,rappi,48.29,0.37,16.95,1.0
46086.0,13.0,MEX,Merida,31 MONTEJO,La Neta Burgers (Orale Burgers),rappi,19.84,0.37,0.67,1.0
46086.0,15.0,MEX,Merida,31 MONTEJO,Órale Desayunos,rappi,10.51,0.37,1.9,1.0
46086.0,13.0,MEX,Merida,37 CANEK,Que Chicken,rappi,0.37,,12.84,1.0
46086.0,21.0,MEX,Monterrey,30 LINCOLN,Avocalia,rappi,12.38,0.37,2.11,1.0
46086.0,8.0,MEX,Monterrey,23 SANTA CATARINA,Brunch & Munch,rappi,22.93,0.37,14.39,1.0
46086.0,9.0,MEX,Monterrey,30 LINCOLN,Desayunos de la Abuela,rappi,6.99,0.37,2.09,1.0
46086.0,17.0,MEX,Monterrey,13 TEC,Don Gyros & Kebab,rappi,7.06,0.37,3.43,1.0
46086.0,15.0,MEX,Monterrey,38 SALTILLO CENTRO,Honest Food,rappi,13.99,0.37,29.01,1.0
46086.0,14.0,MEX,Monterrey,30 LINCOLN,House of Salads,didi,3.01,0.37,7.6,1.0
46086.0,14.0,MEX,Monterrey,10 SAN JERONIMO,Signature Salads,rappi,10.61,0.37,0.32,1.0
46086.0,10.0,MEX,Monterrey,30 LINCOLN,The Breakfast Club,rappi,14.17,0.37,5.82,1.0
46086.0,18.0,MEX,Zona Centro,24 METEPEC,Brunch & Munch,rappi,0.37,,5.94,1.0
46086.0,22.0,MEX,Zona Centro,24 METEPEC,Mr Beast Burger,ubereats,6.89,0.37,4.63,1.0
46086.0,9.0,MEX,Ciudad de México,03 POLANCO,Brunch & Munch,rappi,7.04,0.35,4.98,1.0
46086.0,13.0,MEX,Ciudad de México,02 SAN ANGEL,Brunch & Munch,rappi,5.61,0.35,25.53,1.0
46086.0,11.0,MEX,Ciudad de México,06 SATELITE,Desayunos de la Abuela,rappi,13.3,0.35,0.88,1.0
46086.0,21.0,MEX,Ciudad de México,01 DOCTORES,Honest Food,ubereats,19.08,0.35,6.07,1.0
46086.0,10.0,MEX,Ciudad de México,15 LINDAVISTA,Pozórale,rappi,10.94,0.35,5.96,1.0
46086.0,15.0,MEX,Ciudad de México,01 DOCTORES,Que Chicken,rappi,17.7,0.35,1.81,1.0
46086.0,16.0,MEX,Ciudad de México,02 SAN ANGEL,Que Chicken,rappi,17.3,0.35,11.69,1.0
46086.0,21.0,MEX,Guadalajara,25 TABACHINES,Avocalia,rappi,11.58,0.35,3.06,1.0
46086.0,16.0,MEX,Guadalajara,45 ESTADIO,Green House,rappi,10.03,0.35,8.23,1.0
46086.0,8.0,MEX,Merida,31 MONTEJO,Brunch & Munch,rappi,8.97,0.35,24.94,1.0
46086.0,15.0,MEX,Monterrey,38 SALTILLO CENTRO,Avocalia,rappi,11.71,0.35,16.37,1.0
46086.0,18.0,MEX,Monterrey,38 SALTILLO CENTRO,Honest Food,didi,11.1,0.35,3.03,1.0
46086.0,8.0,MEX,Monterrey,30 LINCOLN,Órale Desayunos,didi,2.03,0.35,11.95,1.0
46086.0,15.0,MEX,Monterrey,13 TEC,Órale Desayunos,didi,4.32,0.35,0.82,1.0
46086.0,13.0,MEX,Monterrey,28 CARRETERA NACIONA,Órale Desayunos,rappi,12.24,0.35,15.78,1.0
46086.0,21.0,MEX,Puebla,41 VOLCANES,La Neta Burgers (Orale Burgers),rappi,7.71,0.35,7.29,1.0
46086.0,10.0,MEX,Ciudad de México,01 DOCTORES,Brunch & Munch,rappi,11.45,0.33,8.45,1.0
46086.0,7.0,MEX,Ciudad de México,03 POLANCO,Desayunos de la Abuela,rappi,2.53,0.33,6.79,1.0
46086.0,19.0,MEX,Ciudad de México,01 DOCTORES,Fonda Local,didi,4.36,0.33,28.83,1.0
46086.0,17.0,MEX,Ciudad de México,03 POLANCO,Mr Beast Burger Turbo,rappi,8.07,0.33,44.95,1.0
46086.0,17.0,MEX,Ciudad de México,03 POLANCO,Mr Beast Burger Turbo,rappi,8.44,0.33,17.1,1.0
46086.0,17.0,MEX,Guadalajara,25 TABACHINES,Mr Beast Burger,rappi,15.04,0.33,56.19,1.0
46086.0,16.0,MEX,Guadalajara,19 LA CALMA,Que Chicken,rappi,19.83,0.33,25.79,1.0
46086.0,14.0,MEX,Merida,31 MONTEJO,La Neta Burgers (Orale Burgers),rappi,16.19,0.33,44.73,1.0
46086.0,9.0,MEX,Monterrey,30 LINCOLN,Brunch & Munch,rappi,10.02,0.33,20.78,1.0
46086.0,15.0,MEX,Monterrey,38 SALTILLO CENTRO,Foodhub Turbo,rappi,5.14,0.33,7.11,1.0
46086.0,17.0,MEX,Monterrey,38 SALTILLO CENTRO,La Neta Burgers (Orale Burgers),rappi,9.91,0.33,2.79,1.0
46086.0,8.0,MEX,Monterrey,13 TEC,Órale Desayunos,didi,3.95,0.33,17.96,1.0
46086.0,8.0,MEX,Monterrey,30 LINCOLN,Órale Desayunos,rappi,3.24,0.33,3.13,1.0
46086.0,9.0,MEX,Puebla,41 VOLCANES,Órale Chilaquiles,rappi,11.6,0.33,25.97,1.0
46086.0,12.0,MEX,Puebla,41 VOLCANES,Pozórale,rappi,0.33,,9.33,1.0
46086.0,16.0,MEX,Puebla,26 CIUDAD JUDICIAL,Tasty Foods,rappi,12.44,0.33,13.03,1.0
46086.0,21.0,MEX,Ciudad de México,11 AZCAPOTZALCO,Chicken Shack,rappi,12.12,0.32,6.89,1.0
46086.0,14.0,MEX,Ciudad de México,04 SANTA FE,LA PANQUEQUERIA,rappi,28.01,0.32,11.16,1.0
46086.0,21.0,MEX,Ciudad de México,03 POLANCO,Mr Beast Burger,rappi,0.32,,7.99,1.0
46086.0,11.0,MEX,Ciudad de México,03 POLANCO,Órale Chilaquiles,rappi,13.75,0.32,4.05,1.0
46086.0,10.0,MEX,Ciudad de México,27 IZTAPALAPA,Órale Desayunos,rappi,16.37,0.32,1.96,1.0
46086.0,13.0,MEX,Ciudad de México,03 POLANCO,Órale Desayunos,rappi,4.6,0.32,9.13,1.0
46086.0,14.0,MEX,Ciudad de México,02 SAN ANGEL,Órale Desayunos,rappi,7.59,0.32,41.19,1.0
46086.0,18.0,MEX,Ciudad de México,01 DOCTORES,Tender Lovers,rappi,25.97,0.32,27.84,1.0
46086.0,12.0,MEX,Ciudad de México,27 IZTAPALAPA,The Wrap Company MX,rappi,0.32,,12.9,1.0
46086.0,11.0,MEX,Guadalajara,25 TABACHINES,Brunch & Munch,rappi,32.92,0.32,0.31,1.0
46086.0,20.0,MEX,Guadalajara,19 LA CALMA,Brunch & Munch,rappi,9.54,0.32,11.41,1.0
46086.0,18.0,MEX,Guadalajara,25 TABACHINES,Que Chicken,rappi,11.72,0.32,7.38,1.0
46086.0,10.0,MEX,Monterrey,23 SANTA CATARINA,Brunch & Munch,rappi,1.24,0.32,12.9,1.0
46086.0,9.0,MEX,Monterrey,38 SALTILLO CENTRO,Desayunos de la Abuela,rappi,10.1,0.32,1.8,1.0
46086.0,13.0,MEX,Monterrey,10 SAN JERONIMO,La Neta Burgers (Orale Burgers),rappi,23.23,0.32,19.07,1.0
46086.0,17.0,MEX,Monterrey,38 SALTILLO CENTRO,La Neta Burgers (Orale Burgers),rappi,11.85,0.32,23.06,1.0
46086.0,11.0,MEX,Monterrey,17 CUMBRES,LA PANQUEQUERIA,didi,11.64,0.32,5.39,1.0
46086.0,17.0,MEX,Monterrey,30 LINCOLN,Mr Beast Burger,rappi,8.09,0.32,8.92,1.0
46086.0,18.0,MEX,Monterrey,38 SALTILLO CENTRO,Mr Beast Burger,rappi,7.52,0.32,3.0,1.0
46086.0,14.0,MEX,Monterrey,13 TEC,Que Chicken,rappi,8.94,0.32,6.0,1.0
46086.0,9.0,MEX,Puebla,41 VOLCANES,The Breakfast Club,rappi,12.91,0.32,25.09,1.0
46086.0,13.0,MEX,Ciudad de México,03 POLANCO,Avocalia,rappi,5.16,0.3,7.97,1.0
46086.0,10.0,MEX,Ciudad de México,06 SATELITE,Desayunos de la Abuela,rappi,7.06,0.3,15.91,1.0
46086.0,17.0,MEX,Ciudad de México,12 DEL VALLE,Desayunos de la Abuela Turbo,rappi,7.94,0.3,12.38,1.0
46086.0,8.0,MEX,Ciudad de México,09 CHURUBUSCO,Foodhub,rappi,7.3,0.3,16.53,1.0
46086.0,15.0,MEX,Ciudad de México,05 COAPA,Mr Beast Burger,rappi,16.73,0.3,12.02,1.0
46086.0,11.0,MEX,Ciudad de México,12 DEL VALLE,Órale Chilaquiles,rappi,6.3,0.3,2.84,1.0
46086.0,8.0,MEX,Ciudad de México,11 AZCAPOTZALCO,Órale Desayunos,rappi,15.23,0.3,1.1,1.0
46086.0,19.0,MEX,Guadalajara,19 LA CALMA,Avocalia,rappi,11.74,0.3,9.22,1.0
46086.0,10.0,MEX,Guadalajara,21 SANTA TERESITA,Brunch & Munch,rappi,10.94,0.3,29.74,1.0
46086.0,18.0,MEX,Guadalajara,25 TABACHINES,Don Gyros & Kebab,rappi,10.05,0.3,9.07,1.0
46086.0,14.0,MEX,Guadalajara,25 TABACHINES,La Neta Burgers (Orale Burgers),rappi,8.24,0.3,13.71,1.0
46086.0,13.0,MEX,Guadalajara,21 SANTA TERESITA,Mr Beast Burger,rappi,8.26,0.3,4.58,1.0
46086.0,12.0,MEX,Guadalajara,34 TLAQUEPAQUE,Órale Desayunos,rappi,8.1,0.3,0.39,1.0
46086.0,16.0,MEX,Guadalajara,45 ESTADIO,Tender Lovers,rappi,0.3,,2.58,1.0
46086.0,20.0,MEX,Merida,31 MONTEJO,Signature Salads,rappi,7.17,0.3,40.46,1.0
46086.0,14.0,MEX,Monterrey,28 CARRETERA NACIONA,Avocalia,rappi,8.05,0.3,7.07,1.0
46086.0,12.0,MEX,Monterrey,10 SAN JERONIMO,Brunch & Munch,rappi,12.24,0.3,9.88,1.0
46086.0,22.0,MEX,Monterrey,30 LINCOLN,Honest Food,didi,7.9,0.3,16.85,1.0
46086.0,15.0,MEX,Monterrey,28 CARRETERA NACIONA,Mr Beast Burger,rappi,7.27,0.3,19.69,1.0
46086.0,9.0,MEX,Monterrey,23 SANTA CATARINA,The Wrap Company MX,didi,13.94,0.3,2.37,1.0
46086.0,13.0,MEX,Ciudad de México,11 AZCAPOTZALCO,Avocalia,didi,8.03,0.28,12.12,1.0
46086.0,17.0,MEX,Ciudad de México,05 COAPA,Avocalia,rappi,13.24,0.28,44.83,1.0
46086.0,15.0,MEX,Ciudad de México,15 LINDAVISTA,Honest Food,rappi,9.26,0.28,23.61,1.0
46086.0,11.0,MEX,Ciudad de México,05 COAPA,Órale Desayunos,rappi,8.04,0.28,5.09,1.0
46086.0,13.0,MEX,Ciudad de México,04 SANTA FE,Órale Desayunos,rappi,8.8,0.28,1.9,1.0
46086.0,13.0,MEX,Guadalajara,14 JARDINES,Avocalia,rappi,11.92,0.28,3.44,1.0
46086.0,14.0,MEX,Guadalajara,25 TABACHINES,Don Gyros & Kebab,rappi,6.66,0.28,13.24,1.0
46086.0,16.0,MEX,Guadalajara,25 TABACHINES,FC Barcelona,rappi,7.93,0.28,12.61,1.0
46086.0,16.0,MEX,Guadalajara,45 ESTADIO,Green House,rappi,4.68,0.28,5.16,1.0
46086.0,15.0,MEX,Guadalajara,40 JARDINES DEL VALL,La Neta Burgers (Orale Burgers),rappi,13.81,0.28,4.04,1.0
46086.0,13.0,MEX,Merida,37 CANEK,Órale Desayunos,rappi,7.26,0.28,7.53,1.0
46086.0,12.0,MEX,Monterrey,22 SAN NICOLAS,Mr Beast Burger,rappi,9.1,0.28,4.0,1.0
46086.0,18.0,MEX,Monterrey,30 LINCOLN,Mr Beast Burger,rappi,8.06,0.28,8.13,1.0
46086.0,12.0,MEX,Monterrey,13 TEC,Órale Chilaquiles,rappi,9.44,0.28,3.93,1.0
46086.0,10.0,MEX,Monterrey,30 LINCOLN,Órale Desayunos,rappi,5.59,0.28,2.55,1.0
46086.0,13.0,MEX,Monterrey,22 SAN NICOLAS,Órale Desayunos,rappi,10.96,0.28,9.0,1.0
46086.0,13.0,MEX,Monterrey,30 LINCOLN,Órale Desayunos,rappi,11.83,0.28,7.48,1.0
46086.0,12.0,MEX,Puebla,26 CIUDAD JUDICIAL,Brunch & Munch,rappi,11.9,0.28,2.15,1.0
46086.0,20.0,MEX,Puebla,26 CIUDAD JUDICIAL,Mr Beast Burger,rappi,15.54,0.28,2.05,1.0
46086.0,10.0,MEX,Ciudad de México,03 POLANCO,Avocalia,rappi,11.21,0.27,20.1,1.0
46086.0,11.0,MEX,Ciudad de México,06 SATELITE,Eggy by Chef Eva,rappi,8.97,0.27,3.98,1.0
46086.0,14.0,MEX,Ciudad de México,15 LINDAVISTA,Órale Desayunos,rappi,14.03,0.27,5.9,1.0
46086.0,12.0,MEX,Ciudad de México,15 LINDAVISTA,Tender Lovers,rappi,6.37,0.27,17.82,1.0
46086.0,10.0,MEX,Ciudad de México,15 LINDAVISTA,The Breakfast Club,rappi,0.27,,15.26,1.0
46086.0,19.0,MEX,Guadalajara,45 ESTADIO,Fonda Local,rappi,8.8,0.27,9.15,1.0
46086.0,18.0,MEX,Guadalajara,21 SANTA TERESITA,Mr Beast Burger,rappi,3.75,0.27,4.89,1.0
46086.0,18.0,MEX,Guadalajara,34 TLAQUEPAQUE,Que Chicken,rappi,11.88,0.27,3.93,1.0
46086.0,16.0,MEX,Merida,37 CANEK,Fonda Local,rappi,21.92,0.27,15.68,1.0
46086.0,11.0,MEX,Monterrey,10 SAN JERONIMO,Avocalia Desayunos,rappi,9.81,0.27,9.4,1.0
46086.0,11.0,MEX,Monterrey,13 TEC,Brunch & Munch,rappi,6.85,0.27,8.09,1.0
46086.0,19.0,MEX,Monterrey,30 LINCOLN,Cocina Corrida turbo,rappi,4.66,0.27,0.42,1.0
46086.0,15.0,MEX,Monterrey,22 SAN NICOLAS,Green House,rappi,5.02,0.27,26.62,1.0
46086.0,14.0,MEX,Monterrey,30 LINCOLN,Que Chicken,rappi,6.77,0.27,15.88,1.0
46086.0,12.0,MEX,Monterrey,22 SAN NICOLAS,Tasty Foods,rappi,4.16,0.27,9.67,1.0
46086.0,18.0,MEX,Zona Centro,24 METEPEC,Avocalia,rappi,7.96,0.27,1.88,1.0
46086.0,7.0,MEX,Zona Centro,24 METEPEC,Órale Desayunos,rappi,10.84,0.27,19.09,1.0
46086.0,17.0,MEX,Ciudad de México,16 PEDREGAL,Avocalia,rappi,11.89,0.25,10.34,1.0
46086.0,7.0,MEX,Ciudad de México,03 POLANCO,Brunch & Munch,rappi,4.0,0.25,19.87,1.0
46086.0,9.0,MEX,Ciudad de México,11 AZCAPOTZALCO,Brunch & Munch,rappi,6.19,0.25,11.73,1.0
46086.0,9.0,MEX,Ciudad de México,03 POLANCO,Brunch & Munch,rappi,0.25,,21.0,1.0
46086.0,12.0,MEX,Ciudad de México,15 LINDAVISTA,Desayunos de la Abuela,rappi,2.85,0.25,8.19,1.0
46086.0,17.0,MEX,Ciudad de México,03 POLANCO,Que Chicken,didi,10.52,0.25,6.74,1.0
46086.0,10.0,MEX,Ciudad de México,52 MANACAR,The Breakfast Club,rappi,15.46,0.25,13.9,1.0
46086.0,12.0,MEX,Ciudad de México,03 POLANCO,The Egg Spot Turbo,rappi,5.99,0.25,19.42,1.0
46086.0,13.0,MEX,Ciudad de México,27 IZTAPALAPA,The Wrap Company MX,rappi,0.25,,15.25,1.0
46086.0,20.0,MEX,Guadalajara,34 TLAQUEPAQUE,La Neta Burgers (Orale Burgers),didi,14.46,0.25,4.44,1.0
46086.0,21.0,MEX,Guadalajara,34 TLAQUEPAQUE,Mr Beast Burger,rappi,6.68,0.25,13.98,1.0
46086.0,15.0,MEX,Monterrey,28 CARRETERA NACIONA,Avocalia,rappi,9.27,0.25,4.51,1.0
46086.0,13.0,MEX,Monterrey,10 SAN JERONIMO,Brunch & Munch,didi,16.68,0.25,3.11,1.0
46086.0,17.0,MEX,Monterrey,30 LINCOLN,Don Gyros & Kebab,rappi,7.05,0.25,3.85,1.0
46086.0,16.0,MEX,Monterrey,30 LINCOLN,Órale Chilaquiles,rappi,7.32,0.25,9.62,1.0
46086.0,11.0,MEX,Monterrey,13 TEC,Órale Desayunos,didi,6.97,0.25,1.12,1.0
46086.0,16.0,MEX,Monterrey,13 TEC,Que Chicken,rappi,8.87,0.25,1.87,1.0
46086.0,17.0,MEX,Ciudad de México,05 COAPA,Avocalia,rappi,7.34,0.23,9.68,1.0
46086.0,20.0,MEX,Ciudad de México,03 POLANCO,Avocalia,rappi,14.21,0.23,2.78,1.0
46086.0,8.0,MEX,Ciudad de México,06 SATELITE,Brunch & Munch,rappi,8.96,0.23,11.24,1.0
46086.0,9.0,MEX,Ciudad de México,06 SATELITE,Brunch & Munch,rappi,9.43,0.23,5.89,1.0
46086.0,16.0,MEX,Ciudad de México,06 SATELITE,Cocina Corrida,rappi,21.6,0.23,32.45,1.0
46086.0,17.0,MEX,Ciudad de México,09 CHURUBUSCO,Cocina Corrida turbo,rappi,11.07,0.23,12.57,1.0
46086.0,14.0,MEX,Ciudad de México,16 PEDREGAL,Eggy by Chef Eva,rappi,7.26,0.23,5.76,1.0
46086.0,21.0,MEX,Ciudad de México,06 SATELITE,Honest Food,didi,17.94,0.23,9.45,1.0
46086.0,13.0,MEX,Ciudad de México,27 IZTAPALAPA,Mr Beast Burger,rappi,8.09,0.23,1.17,1.0
46086.0,20.0,MEX,Ciudad de México,12 DEL VALLE,Mr Beast Burger,rappi,6.86,0.23,16.29,1.0
46086.0,8.0,MEX,Ciudad de México,09 CHURUBUSCO,Pozórale,rappi,0.23,,24.2,1.0
46086.0,19.0,MEX,Ciudad de México,01 DOCTORES,Que Chicken,rappi,27.79,0.23,14.01,1.0
46086.0,15.0,MEX,Guadalajara,21 SANTA TERESITA,Avocalia,rappi,4.55,0.23,36.97,1.0
46086.0,9.0,MEX,Guadalajara,40 JARDINES DEL VALL,Brunch & Munch,rappi,15.96,0.23,3.22,1.0
46086.0,9.0,MEX,Guadalajara,19 LA CALMA,Brunch & Munch,rappi,15.32,0.23,10.98,1.0
46086.0,17.0,MEX,Guadalajara,40 JARDINES DEL VALL,Don Gyros & Kebab,rappi,12.07,0.23,0.82,1.0
46086.0,15.0,MEX,Guadalajara,14 JARDINES,Mr Beast Burger,rappi,11.38,0.23,2.67,1.0
46086.0,13.0,MEX,Monterrey,13 TEC,Avocalia,rappi,5.74,0.23,1.14,1.0
46086.0,16.0,MEX,Monterrey,38 SALTILLO CENTRO,Desayunos de la Abuela,rappi,8.15,0.23,2.71,1.0
46086.0,12.0,MEX,Monterrey,13 TEC,House of Salads,rappi,2.33,0.23,6.15,1.0
46086.0,13.0,MEX,Monterrey,30 LINCOLN,Órale Desayunos,rappi,9.77,0.23,3.35,1.0
46086.0,11.0,MEX,Monterrey,30 LINCOLN,The Egg Spot,rappi,5.97,0.23,8.15,1.0
46086.0,15.0,MEX,Ciudad de México,06 SATELITE,Avocalia,rappi,9.15,0.22,47.92,1.0
46086.0,18.0,MEX,Ciudad de México,02 SAN ANGEL,Avocalia,rappi,15.28,0.22,27.09,1.0
46086.0,9.0,MEX,Ciudad de México,05 COAPA,Brunch & Munch,rappi,8.76,0.22,7.39,1.0
46086.0,12.0,MEX,Ciudad de México,12 DEL VALLE,Brunch & Munch,rappi,30.33,0.22,2.82,1.0
46086.0,14.0,MEX,Ciudad de México,03 POLANCO,Fonda Local,didi,9.71,0.22,14.45,1.0
46086.0,16.0,MEX,Ciudad de México,04 SANTA FE,Honest Food,rappi,13.67,0.22,2.25,1.0
46086.0,14.0,MEX,Ciudad de México,01 DOCTORES,Mr Beast Burger,rappi,10.87,0.22,5.0,1.0
46086.0,10.0,MEX,Ciudad de México,15 LINDAVISTA,Órale Chilaquiles,rappi,4.91,0.22,11.04,1.0
46086.0,7.0,MEX,Ciudad de México,03 POLANCO,Órale Desayunos,rappi,4.39,0.22,62.88,1.0
46086.0,16.0,MEX,Guadalajara,40 JARDINES DEL VALL,Avocalia,rappi,8.06,0.22,17.36,1.0
46086.0,22.0,MEX,Guadalajara,21 SANTA TERESITA,Avocalia,rappi,15.86,0.22,25.42,1.0
46086.0,16.0,MEX,Guadalajara,40 JARDINES DEL VALL,La Neta Burgers (Orale Burgers),rappi,14.8,0.22,10.23,1.0
46086.0,10.0,MEX,Guadalajara,34 TLAQUEPAQUE,Órale Desayunos,rappi,10.53,0.22,13.16,1.0
46086.0,17.0,MEX,Guadalajara,25 TABACHINES,Que Chicken,rappi,10.93,0.22,32.54,1.0
46086.0,20.0,MEX,Monterrey,13 TEC,Brunch & Munch,rappi,15.77,0.22,32.0,1.0
46086.0,16.0,MEX,Monterrey,10 SAN JERONIMO,Pozórale,didi,5.24,0.22,7.86,1.0
46086.0,7.0,MEX,Ciudad de México,03 POLANCO,Órale Desayunos,didi,3.01,0.2,6.12,1.0
46086.0,9.0,MEX,Ciudad de México,06 SATELITE,Órale Desayunos,rappi,11.45,0.2,8.32,1.0
46086.0,13.0,MEX,Ciudad de México,01 DOCTORES,Que Chicken,rappi,17.25,0.2,6.89,1.0
46086.0,22.0,MEX,Ciudad de México,02 SAN ANGEL,Que Chicken,rappi,17.67,0.2,2.12,1.0
46086.0,11.0,MEX,Guadalajara,25 TABACHINES,Brunch & Munch,rappi,13.03,0.2,4.39,1.0
46086.0,12.0,MEX,Guadalajara,45 ESTADIO,Brunch & Munch,rappi,7.84,0.2,5.07,1.0
46086.0,15.0,MEX,Guadalajara,25 TABACHINES,Honest Food,rappi,6.71,0.2,72.78,1.0
46086.0,12.0,MEX,Guadalajara,19 LA CALMA,LA PANQUEQUERIA,rappi,11.04,0.2,22.08,1.0
46086.0,9.0,MEX,Guadalajara,21 SANTA TERESITA,Órale Desayunos,rappi,15.8,0.2,6.68,1.0
46086.0,19.0,MEX,Guadalajara,34 TLAQUEPAQUE,Órale Desayunos,rappi,14.59,0.2,90.34,1.0
46086.0,13.0,MEX,Monterrey,23 SANTA CATARINA,Honest Food,rappi,8.05,0.2,7.89,1.0
46086.0,9.0,MEX,Monterrey,13 TEC,Órale Desayunos,rappi,7.53,0.2,20.29,1.0
46086.0,16.0,MEX,Monterrey,17 CUMBRES,Tender Lovers,rappi,9.37,0.2,1.99,1.0
46086.0,14.0,MEX,Ciudad de México,12 DEL VALLE,Avocalia,rappi,8.64,0.18,2.84,1.0
46086.0,13.0,MEX,Ciudad de México,06 SATELITE,Mr Beast Burger,rappi,7.0,0.18,7.26,1.0
46086.0,15.0,MEX,Ciudad de México,27 IZTAPALAPA,Mr Beast Burger,rappi,10.15,0.18,8.0,1.0
46086.0,15.0,MEX,Ciudad de México,06 SATELITE,Mr Beast Burger,rappi,11.83,0.18,11.44,1.0
46086.0,17.0,MEX,Ciudad de México,05 COAPA,Mr Beast Burger,rappi,8.76,0.18,24.25,1.0
46086.0,13.0,MEX,Ciudad de México,06 SATELITE,Órale Desayunos,rappi,3.98,0.18,5.76,1.0
46086.0,14.0,MEX,Ciudad de México,12 DEL VALLE,Órale Desayunos,rappi,8.92,0.18,12.96,1.0
46086.0,18.0,MEX,Ciudad de México,01 DOCTORES,Que Chicken,rappi,29.82,0.18,15.23,1.0
46086.0,15.0,MEX,Guadalajara,25 TABACHINES,Avocalia,rappi,5.04,0.18,7.13,1.0
46086.0,11.0,MEX,Guadalajara,25 TABACHINES,Órale Chilaquiles,rappi,24.32,0.18,0.85,1.0
46086.0,10.0,MEX,Guadalajara,25 TABACHINES,Órale Desayunos,didi,14.91,0.18,2.18,1.0
46086.0,9.0,MEX,Monterrey,28 CARRETERA NACIONA,Brunch & Munch,rappi,3.22,0.18,2.67,1.0
46086.0,7.0,MEX,Monterrey,10 SAN JERONIMO,Órale Desayunos,didi,4.72,0.18,0.31,1.0
46086.0,8.0,MEX,Monterrey,30 LINCOLN,Órale Desayunos,rappi,2.92,0.18,3.82,1.0
46086.0,12.0,MEX,Monterrey,30 LINCOLN,Órale Desayunos,rappi,2.96,0.18,10.05,1.0
46086.0,12.0,MEX,Monterrey,23 SANTA CATARINA,Órale Desayunos,rappi,7.11,0.18,10.05,1.0
46086.0,13.0,MEX,Monterrey,28 CARRETERA NACIONA,Órale Desayunos,rappi,4.8,0.18,13.13,1.0
46086.0,15.0,MEX,Monterrey,30 LINCOLN,Que Chicken,rappi,6.06,0.18,6.29,1.0
46086.0,10.0,MEX,Puebla,41 VOLCANES,Chemaquiles,rappi,22.83,0.18,11.82,1.0
46086.0,22.0,MEX,Puebla,41 VOLCANES,Mr Beast Burger,rappi,14.99,0.18,6.79,1.0
46086.0,16.0,MEX,Ciudad de México,02 SAN ANGEL,Honest Food,rappi,8.89,0.17,2.2,1.0
46086.0,15.0,MEX,Ciudad de México,02 SAN ANGEL,La Neta Burgers (Orale Burgers),rappi,4.99,0.17,13.18,1.0
46086.0,12.0,MEX,Ciudad de México,16 PEDREGAL,Mega Greens (Super Ensaladas),rappi,14.38,0.17,6.08,1.0
46086.0,17.0,MEX,Ciudad de México,12 DEL VALLE,Mega Greens Turbo (Super Ensaladas Turbo),rappi,9.22,0.17,5.03,1.0
46086.0,19.0,MEX,Ciudad de México,12 DEL VALLE,Mr Beast Burger,rappi,7.94,0.17,33.7,1.0
46086.0,21.0,MEX,Ciudad de México,05 COAPA,Mr Beast Burger,rappi,9.26,0.17,5.04,1.0
46086.0,19.0,MEX,Ciudad de México,12 DEL VALLE,Mr Beast Burger Turbo,rappi,7.87,0.17,9.11,1.0
46086.0,15.0,MEX,Ciudad de México,15 LINDAVISTA,Pozórale,rappi,7.27,0.17,37.79,1.0
46086.0,16.0,MEX,Guadalajara,25 TABACHINES,House of Salads,didi,8.93,0.17,36.2,1.0
46086.0,18.0,MEX,Guadalajara,19 LA CALMA,Mega Greens (Super Ensaladas),rappi,15.96,0.17,6.16,1.0
46086.0,12.0,MEX,Merida,37 CANEK,Avocalia,rappi,0.17,,10.85,1.0
46086.0,10.0,MEX,Merida,31 MONTEJO,House of Salads,didi,12.38,0.17,7.86,1.0
46086.0,12.0,MEX,Monterrey,13 TEC,Brunch & Munch,rappi,12.29,0.17,9.04,1.0
46086.0,11.0,MEX,Monterrey,17 CUMBRES,Foodhub,rappi,4.03,0.17,0.97,1.0
46086.0,21.0,MEX,Monterrey,30 LINCOLN,Mr Beast Burger,rappi,9.72,0.17,0.91,1.0
46086.0,7.0,MEX,Monterrey,30 LINCOLN,Órale Desayunos,didi,13.16,0.17,5.11,1.0
46086.0,11.0,MEX,Monterrey,38 SALTILLO CENTRO,Órale Desayunos,rappi,0.17,,8.39,1.0
46086.0,15.0,MEX,Monterrey,23 SANTA CATARINA,Que Chicken,rappi,10.3,0.17,2.61,1.0
46086.0,16.0,MEX,Monterrey,30 LINCOLN,Que Chicken,rappi,7.46,0.17,8.12,1.0
46086.0,17.0,MEX,Monterrey,30 LINCOLN,Que Chicken,rappi,0.17,,12.03,1.0
46086.0,19.0,MEX,Monterrey,30 LINCOLN,Que Chicken,rappi,8.09,0.17,29.73,1.0
46086.0,18.0,MEX,Puebla,26 CIUDAD JUDICIAL,Avocalia,rappi,13.72,0.17,2.23,1.0
46086.0,16.0,MEX,Ciudad de México,05 COAPA,Avocalia,rappi,15.07,0.15,0.96,1.0
46086.0,18.0,MEX,Ciudad de México,01 DOCTORES,Honest Food,didi,17.04,0.15,1.45,1.0
46086.0,22.0,MEX,Ciudad de México,02 SAN ANGEL,Que Chicken,rappi,13.72,0.15,21.35,1.0
46086.0,20.0,MEX,Guadalajara,34 TLAQUEPAQUE,Foodhub,rappi,14.02,0.15,4.71,1.0
46086.0,13.0,MEX,Guadalajara,25 TABACHINES,Honest Food,rappi,8.11,0.15,2.94,1.0
46086.0,7.0,MEX,Guadalajara,34 TLAQUEPAQUE,Órale Desayunos,didi,12.78,0.15,1.26,1.0
46086.0,17.0,MEX,Guadalajara,14 JARDINES,Subs & Soups,rappi,13.15,0.15,12.58,1.0
46086.0,10.0,MEX,Merida,31 MONTEJO,Avocalia,didi,8.84,0.15,25.1,1.0
46086.0,14.0,MEX,Monterrey,10 SAN JERONIMO,Avocalia,rappi,12.01,0.15,0.85,1.0
46086.0,7.0,MEX,Monterrey,17 CUMBRES,Brunch & Munch,rappi,16.74,0.15,16.3,1.0
46086.0,12.0,MEX,Monterrey,28 CARRETERA NACIONA,Brunch & Munch,rappi,3.97,0.15,8.8,1.0
46086.0,16.0,MEX,Monterrey,28 CARRETERA NACIONA,Signature Salads,rappi,4.75,0.15,9.27,1.0
46086.0,10.0,MEX,Puebla,26 CIUDAD JUDICIAL,LA PANQUEQUERIA,rappi,34.74,0.15,7.03,1.0
46086.0,9.0,MEX,Ciudad de México,05 COAPA,Brunch & Munch,rappi,7.8,0.13,8.12,1.0
46086.0,11.0,MEX,Ciudad de México,03 POLANCO,Foodhub,rappi,9.86,0.13,4.99,1.0
46086.0,11.0,MEX,Ciudad de México,12 DEL VALLE,Órale Desayunos,rappi,10.92,0.13,3.8,1.0
46086.0,16.0,MEX,Guadalajara,45 ESTADIO,House of Salads,rappi,15.86,0.13,0.43,1.0
46086.0,18.0,MEX,Guadalajara,25 TABACHINES,La Neta Burgers (Orale Burgers),rappi,10.34,0.13,1.57,1.0
46086.0,12.0,MEX,Guadalajara,25 TABACHINES,LA PANQUEQUERIA,rappi,18.75,0.13,9.94,1.0
46086.0,16.0,MEX,Merida,37 CANEK,Numa Cocina Mediterranea,rappi,0.13,,14.45,1.0
46086.0,13.0,MEX,Merida,37 CANEK,Tender Lovers,rappi,13.0,0.13,31.73,1.0
46086.0,19.0,MEX,Monterrey,30 LINCOLN,Avocalia,rappi,7.02,0.13,1.47,1.0
46086.0,11.0,MEX,Monterrey,13 TEC,Órale Desayunos,didi,5.33,0.13,5.21,1.0
46086.0,17.0,MEX,Puebla,41 VOLCANES,Green House,rappi,22.89,0.13,5.1,1.0
46086.0,16.0,MEX,Puebla,26 CIUDAD JUDICIAL,Que Chicken,rappi,11.92,0.13,1.85,1.0
46086.0,11.0,MEX,Zona Centro,24 METEPEC,Avocalia Desayunos,rappi,0.13,,0.9,1.0
46086.0,20.0,MEX,Ciudad de México,03 POLANCO,Chicken Shack,rappi,14.75,0.12,9.97,1.0
46086.0,12.0,MEX,Ciudad de México,15 LINDAVISTA,Desayunos de la Abuela,rappi,0.12,,5.09,1.0
46086.0,22.0,MEX,Ciudad de México,05 COAPA,Que Chicken,rappi,8.38,0.12,0.69,1.0
46086.0,9.0,MEX,Guadalajara,21 SANTA TERESITA,Desayunos de la Abuela,rappi,15.78,0.12,15.84,1.0
46086.0,21.0,MEX,Merida,31 MONTEJO,House of Burgers,rappi,13.07,0.12,28.8,1.0
46086.0,13.0,MEX,Merida,37 CANEK,Órale Chilaquiles,rappi,22.27,0.12,0.92,1.0
46086.0,20.0,MEX,Monterrey,30 LINCOLN,Avocalia,rappi,5.23,0.12,3.11,1.0
46086.0,11.0,MEX,Monterrey,38 SALTILLO CENTRO,LA PANQUEQUERIA,rappi,16.49,0.12,3.71,1.0
46086.0,18.0,MEX,Monterrey,30 LINCOLN,Mr Beast Burger,rappi,6.83,0.12,1.13,1.0
46086.0,16.0,MEX,Monterrey,28 CARRETERA NACIONA,Órale Chilaquiles,rappi,5.77,0.12,10.15,1.0
46086.0,8.0,MEX,Monterrey,13 TEC,Órale Desayunos,didi,3.64,0.12,1.36,1.0
46086.0,17.0,MEX,Monterrey,10 SAN JERONIMO,Que Chicken,rappi,17.34,0.12,8.71,1.0
46086.0,21.0,MEX,Ciudad de México,11 AZCAPOTZALCO,House of Burgers,rappi,18.25,0.1,31.91,1.0
46086.0,9.0,MEX,Guadalajara,21 SANTA TERESITA,Brunch & Munch,rappi,20.7,0.1,13.18,1.0
46086.0,16.0,MEX,Guadalajara,45 ESTADIO,Chicken Tenders Hub,rappi,10.96,0.1,7.16,1.0
46086.0,15.0,MEX,Guadalajara,40 JARDINES DEL VALL,Desayunos de la Abuela,rappi,15.57,0.1,0.5,1.0
46086.0,13.0,MEX,Guadalajara,45 ESTADIO,Que Chicken,rappi,14.95,0.1,20.22,1.0
46086.0,9.0,MEX,Merida,31 MONTEJO,Órale Desayunos,didi,18.18,0.1,4.45,1.0
46086.0,8.0,MEX,Monterrey,38 SALTILLO CENTRO,Chemaquiles,rappi,12.84,0.1,5.04,1.0
46086.0,10.0,MEX,Monterrey,30 LINCOLN,Órale Desayunos,didi,8.75,0.1,6.17,1.0
46086.0,13.0,MEX,Puebla,41 VOLCANES,FC Barcelona,rappi,15.38,0.1,2.78,1.0
46086.0,12.0,MEX,Puebla,41 VOLCANES,La Neta Burgers (Orale Burgers),rappi,21.6,0.1,1.12,1.0
46086.0,21.0,MEX,Ciudad de México,01 DOCTORES,AVOCALIA TURBO,rappi,4.85,0.08,0.11,1.0
46086.0,14.0,MEX,Ciudad de México,15 LINDAVISTA,Green House,rappi,5.88,0.08,19.16,1.0
46086.0,19.0,MEX,Ciudad de México,05 COAPA,Green House,rappi,7.59,0.08,4.2,1.0
46086.0,19.0,MEX,Merida,37 CANEK,Tender Lovers,rappi,11.03,0.08,1.39,1.0
46086.0,19.0,MEX,Monterrey,38 SALTILLO CENTRO,La Neta Burgers (Orale Burgers),rappi,8.09,0.08,41.86,1.0
46086.0,10.0,MEX,Monterrey,38 SALTILLO CENTRO,LA PANQUEQUERIA,rappi,12.89,0.08,3.0,1.0
46086.0,9.0,MEX,Monterrey,23 SANTA CATARINA,Órale Desayunos,didi,3.35,0.08,10.55,1.0
46086.0,8.0,MEX,Merida,31 MONTEJO,LA PANQUEQUERIA,rappi,17.66,0.07,3.38,1.0
46086.0,8.0,MEX,Ciudad de México,11 AZCAPOTZALCO,Brunch & Munch,didi,14.73,0.05,1.52,1.0
46086.0,18.0,MEX,Zona Centro,24 METEPEC,Mr Beast Burger,rappi,10.5,0.02,0.33,1.0
46086.0,17.0,MEX,Ciudad de México,01 DOCTORES,Avocalia,didi,17.83,0.0,1.0,
46086.0,12.0,MEX,Ciudad de México,51 SAMARA,Avocalia,foodologypos,12.87,0.0,1.0,
46086.0,13.0,MEX,Ciudad de México,52 MANACAR,Avocalia,foodologypos,0.0,,1.0,
46086.0,14.0,MEX,Ciudad de México,52 MANACAR,Avocalia,foodologypos,0.0,,1.0,
46086.0,15.0,MEX,Ciudad de México,52 MANACAR,Avocalia,foodologypos,0.0,,1.0,
46086.0,15.0,MEX,Ciudad de México,52 MANACAR,Avocalia,foodologypos,0.0,,1.0,
46086.0,15.0,MEX,Ciudad de México,52 MANACAR,Avocalia,foodologypos,0.0,,1.0,
46086.0,15.0,MEX,Ciudad de México,52 MANACAR,Avocalia,foodologypos,0.0,,1.0,
46086.0,16.0,MEX,Ciudad de México,52 MANACAR,Avocalia,foodologypos,0.0,,1.0,
46086.0,16.0,MEX,Ciudad de México,52 MANACAR,Avocalia,foodologypos,0.0,,1.0,
46086.0,16.0,MEX,Ciudad de México,52 MANACAR,Avocalia,foodologypos,0.0,,1.0,
46086.0,16.0,MEX,Ciudad de México,52 MANACAR,Avocalia,foodologypos,0.0,,1.0,
46086.0,17.0,MEX,Ciudad de México,52 MANACAR,Avocalia,foodologypos,0.0,,1.0,
46086.0,17.0,MEX,Ciudad de México,52 MANACAR,Avocalia,foodologypos,0.0,,1.0,
46086.0,18.0,MEX,Ciudad de México,52 MANACAR,Avocalia,foodologypos,0.0,,1.0,
46086.0,18.0,MEX,Ciudad de México,52 MANACAR,Avocalia,foodologypos,0.0,,1.0,
46086.0,13.0,MEX,Ciudad de México,12 DEL VALLE,Avocalia,rappi,0.0,,1.0,
46086.0,13.0,MEX,Ciudad de México,01 DOCTORES,Avocalia,ubereats,7.76,0.0,8.05,1.0
46086.0,13.0,MEX,Ciudad de México,09 CHURUBUSCO,Avocalia,ubereats,8.44,0.0,5.56,1.0
46086.0,14.0,MEX,Ciudad de México,04 SANTA FE,Avocalia,ubereats,12.86,0.0,4.03,1.0
46086.0,14.0,MEX,Ciudad de México,01 DOCTORES,Avocalia,ubereats,9.94,0.0,4.08,1.0
46086.0,14.0,MEX,Ciudad de México,02 SAN ANGEL,Avocalia,ubereats,13.2,0.0,0.88,1.0
46086.0,15.0,MEX,Ciudad de México,52 MANACAR,Avocalia,ubereats,8.63,0.0,14.88,1.0
46086.0,16.0,MEX,Ciudad de México,05 COAPA,Avocalia,ubereats,13.86,0.0,6.06,1.0
46086.0,16.0,MEX,Ciudad de México,01 DOCTORES,Avocalia,ubereats,21.05,0.0,12.85,1.0
46086.0,18.0,MEX,Ciudad de México,01 DOCTORES,Avocalia,ubereats,5.09,0.0,9.27,1.0
46086.0,18.0,MEX,Ciudad de México,52 MANACAR,Avocalia,ubereats,3.05,0.0,1.0,
46086.0,20.0,MEX,Ciudad de México,03 POLANCO,Avocalia,ubereats,7.92,0.0,1.02,1.0
46086.0,9.0,MEX,Ciudad de México,51 SAMARA,Avocalia Desayunos,foodologypos,12.12,0.0,1.0,
46086.0,10.0,MEX,Ciudad de México,52 MANACAR,Avocalia Desayunos,foodologypos,0.0,,1.0,
46086.0,10.0,MEX,Ciudad de México,52 MANACAR,Avocalia Desayunos,foodologypos,0.0,,1.0,
46086.0,10.0,MEX,Ciudad de México,52 MANACAR,Avocalia Desayunos,foodologypos,0.0,,1.0,
46086.0,11.0,MEX,Ciudad de México,52 MANACAR,Avocalia Desayunos,foodologypos,0.0,,1.0,
46086.0,9.0,MEX,Ciudad de México,51 SAMARA,Avocalia Desayunos,ubereats,25.77,0.0,14.32,1.0
46086.0,11.0,MEX,Ciudad de México,03 POLANCO,Avocalia Desayunos,ubereats,11.7,0.0,7.29,1.0
46086.0,11.0,MEX,Ciudad de México,51 SAMARA,Avocalia Desayunos,ubereats,9.04,0.0,12.32,1.0
46086.0,7.0,MEX,Ciudad de México,01 DOCTORES,Brunch & Munch,didi,19.09,0.0,1.0,
46086.0,10.0,MEX,Ciudad de México,03 POLANCO,Brunch & Munch,didi,4.53,0.0,0.23,1.0
46086.0,9.0,MEX,Ciudad de México,16 PEDREGAL,Brunch & Munch,rappi,0.0,,1.0,
46086.0,8.0,MEX,Ciudad de México,03 POLANCO,Brunch & Munch,ubereats,4.17,0.0,32.08,1.0
46086.0,9.0,MEX,Ciudad de México,04 SANTA FE,Brunch & Munch,ubereats,24.27,0.0,1.88,1.0
46086.0,9.0,MEX,Ciudad de México,27 IZTAPALAPA,Brunch & Munch,ubereats,6.49,0.0,13.32,1.0
46086.0,9.0,MEX,Ciudad de México,11 AZCAPOTZALCO,Brunch & Munch,ubereats,12.53,0.0,1.05,1.0
46086.0,9.0,MEX,Ciudad de México,03 POLANCO,Brunch & Munch,ubereats,7.65,0.0,3.94,1.0
46086.0,9.0,MEX,Ciudad de México,02 SAN ANGEL,Brunch & Munch,ubereats,7.61,0.0,4.25,1.0
46086.0,9.0,MEX,Ciudad de México,15 LINDAVISTA,Brunch & Munch,ubereats,5.9,0.0,11.87,1.0
46086.0,9.0,MEX,Ciudad de México,01 DOCTORES,Brunch & Munch,ubereats,6.32,0.0,7.02,1.0
46086.0,9.0,MEX,Ciudad de México,03 POLANCO,Brunch & Munch,ubereats,6.36,0.0,6.73,1.0
46086.0,9.0,MEX,Ciudad de México,15 LINDAVISTA,Brunch & Munch,ubereats,9.1,0.0,5.93,1.0
46086.0,10.0,MEX,Ciudad de México,06 SATELITE,Brunch & Munch,ubereats,13.1,0.0,3.73,1.0
46086.0,10.0,MEX,Ciudad de México,15 LINDAVISTA,Brunch & Munch,ubereats,9.74,0.0,9.09,1.0
46086.0,10.0,MEX,Ciudad de México,01 DOCTORES,Brunch & Munch,ubereats,21.8,0.0,4.25,1.0
46086.0,10.0,MEX,Ciudad de México,01 DOCTORES,Brunch & Munch,ubereats,26.77,0.0,1.38,1.0
46086.0,10.0,MEX,Ciudad de México,03 POLANCO,Brunch & Munch,ubereats,8.95,0.0,8.07,1.0
46086.0,10.0,MEX,Ciudad de México,03 POLANCO,Brunch & Munch,ubereats,8.39,0.0,7.76,1.0
46086.0,10.0,MEX,Ciudad de México,52 MANACAR,Brunch & Munch,ubereats,12.18,0.0,34.02,1.0
46086.0,10.0,MEX,Ciudad de México,03 POLANCO,Brunch & Munch,ubereats,7.17,0.0,2.87,1.0
46086.0,10.0,MEX,Ciudad de México,11 AZCAPOTZALCO,Brunch & Munch,ubereats,10.71,0.0,5.21,1.0
46086.0,10.0,MEX,Ciudad de México,04 SANTA FE,Brunch & Munch,ubereats,7.55,0.0,2.73,1.0
46086.0,10.0,MEX,Ciudad de México,11 AZCAPOTZALCO,Brunch & Munch,ubereats,12.49,0.0,5.1,1.0
46086.0,10.0,MEX,Ciudad de México,15 LINDAVISTA,Brunch & Munch,ubereats,9.19,0.0,5.6,1.0
46086.0,10.0,MEX,Ciudad de México,03 POLANCO,Brunch & Munch,ubereats,9.88,0.0,3.37,1.0
46086.0,10.0,MEX,Ciudad de México,03 POLANCO,Brunch & Munch,ubereats,12.98,0.0,4.59,1.0
46086.0,10.0,MEX,Ciudad de México,03 POLANCO,Brunch & Munch,ubereats,7.85,0.0,5.11,1.0
46086.0,10.0,MEX,Ciudad de México,01 DOCTORES,Brunch & Munch,ubereats,12.59,0.0,4.09,1.0
46086.0,10.0,MEX,Ciudad de México,09 CHURUBUSCO,Brunch & Munch,ubereats,15.36,0.0,1.87,1.0
46086.0,11.0,MEX,Ciudad de México,03 POLANCO,Brunch & Munch,ubereats,14.9,0.0,2.32,1.0
46086.0,11.0,MEX,Ciudad de México,11 AZCAPOTZALCO,Brunch & Munch,ubereats,7.9,0.0,8.97,1.0
46086.0,11.0,MEX,Ciudad de México,12 DEL VALLE,Brunch & Munch,ubereats,11.15,0.0,0.83,1.0
46086.0,11.0,MEX,Ciudad de México,03 POLANCO,Brunch & Munch,ubereats,11.92,0.0,1.41,1.0
46086.0,11.0,MEX,Ciudad de México,02 SAN ANGEL,Brunch & Munch,ubereats,13.87,0.0,3.22,1.0
46086.0,11.0,MEX,Ciudad de México,03 POLANCO,Brunch & Munch,ubereats,8.68,0.0,4.41,1.0
46086.0,11.0,MEX,Ciudad de México,03 POLANCO,Brunch & Munch,ubereats,9.76,0.0,11.04,1.0
46086.0,11.0,MEX,Ciudad de México,01 DOCTORES,Brunch & Munch,ubereats,4.58,0.0,13.03,1.0
46086.0,12.0,MEX,Ciudad de México,03 POLANCO,Brunch & Munch,ubereats,10.22,0.0,6.25,1.0
46086.0,12.0,MEX,Ciudad de México,09 CHURUBUSCO,Brunch & Munch,ubereats,9.78,0.0,9.18,1.0
46086.0,14.0,MEX,Ciudad de México,04 SANTA FE,Brunch & Munch,ubereats,11.07,0.0,4.86,1.0
46086.0,19.0,MEX,Ciudad de México,09 CHURUBUSCO,Brunch & Munch,ubereats,30.76,0.0,2.95,1.0
46086.0,20.0,MEX,Ciudad de México,03 POLANCO,Brunch & Munch,ubereats,10.0,0.0,1.36,1.0
46086.0,21.0,MEX,Ciudad de México,06 SATELITE,Brunch & Munch,ubereats,0.0,,1.0,
46086.0,11.0,MEX,Ciudad de México,09 CHURUBUSCO,Chemaquiles,rappi,0.0,,1.0,
46086.0,9.0,MEX,Ciudad de México,03 POLANCO,Desayunos de la Abuela,didi,3.26,0.0,0.27,1.0
46086.0,10.0,MEX,Ciudad de México,05 COAPA,Desayunos de la Abuela,didi,11.78,0.0,1.0,
46086.0,9.0,MEX,Ciudad de México,11 AZCAPOTZALCO,Desayunos de la Abuela,ubereats,7.57,0.0,9.32,1.0
46086.0,9.0,MEX,Ciudad de México,11 AZCAPOTZALCO,Desayunos de la Abuela,ubereats,8.95,0.0,9.31,1.0
46086.0,11.0,MEX,Ciudad de México,06 SATELITE,Desayunos de la Abuela,ubereats,7.09,0.0,12.72,1.0
46086.0,11.0,MEX,Ciudad de México,27 IZTAPALAPA,Desayunos de la Abuela,ubereats,9.88,0.0,6.07,1.0
46086.0,10.0,MEX,Ciudad de México,03 POLANCO,Eggy by Chef Eva,ubereats,10.83,0.0,2.83,1.0
46086.0,10.0,MEX,Ciudad de México,01 DOCTORES,Eggy by Chef Eva,ubereats,4.84,0.0,9.06,1.0
46086.0,10.0,MEX,Ciudad de México,06 SATELITE,Eggy by Chef Eva,ubereats,8.91,0.0,15.19,1.0
46086.0,11.0,MEX,Ciudad de México,04 SANTA FE,Eggy by Chef Eva,ubereats,12.9,0.0,3.1,1.0
46086.0,15.0,MEX,Ciudad de México,01 DOCTORES,Fonda Local,rappi,15.49,0.0,1.0,
46086.0,12.0,MEX,Ciudad de México,03 POLANCO,Fonda Local turbo,rappi,8.59,0.0,1.0,
46086.0,13.0,MEX,Ciudad de México,52 MANACAR,Green House,ubereats,7.75,0.0,10.29,1.0
46086.0,14.0,MEX,Ciudad de México,04 SANTA FE,Green House,ubereats,12.85,0.0,7.94,1.0
46086.0,15.0,MEX,Ciudad de México,02 SAN ANGEL,Green House,ubereats,14.99,0.0,10.15,1.0
46086.0,15.0,MEX,Ciudad de México,52 MANACAR,Green House,ubereats,9.05,0.0,2.74,1.0
46086.0,15.0,MEX,Ciudad de México,27 IZTAPALAPA,Green House,ubereats,9.04,0.0,5.36,1.0
46086.0,16.0,MEX,Ciudad de México,05 COAPA,Green House,ubereats,12.09,0.0,16.93,1.0
46086.0,17.0,MEX,Ciudad de México,09 CHURUBUSCO,Green House,ubereats,12.85,0.0,7.3,1.0
46086.0,18.0,MEX,Ciudad de México,06 SATELITE,Green House,ubereats,11.91,0.0,16.99,1.0
46086.0,20.0,MEX,Ciudad de México,03 POLANCO,Green House,ubereats,8.25,0.0,3.9,1.0
46086.0,14.0,MEX,Ciudad de México,05 COAPA,Honest Food,rappi,19.07,0.0,10.05,1.0
46086.0,16.0,MEX,Ciudad de México,02 SAN ANGEL,Honest Food,rappi,12.59,0.0,1.0,
46086.0,16.0,MEX,Ciudad de México,27 IZTAPALAPA,Honest Food,rappi,5.72,0.0,1.0,
46086.0,12.0,MEX,Ciudad de México,01 DOCTORES,Honest Food,ubereats,16.8,0.0,0.92,1.0
46086.0,14.0,MEX,Ciudad de México,01 DOCTORES,Honest Food,ubereats,19.55,0.0,3.34,1.0
46086.0,14.0,MEX,Ciudad de México,04 SANTA FE,Honest Food,ubereats,8.84,0.0,7.96,1.0
46086.0,14.0,MEX,Ciudad de México,02 SAN ANGEL,Honest Food,ubereats,9.73,0.0,18.29,1.0
46086.0,14.0,MEX,Ciudad de México,04 SANTA FE,Honest Food,ubereats,13.86,0.0,17.27,1.0
46086.0,18.0,MEX,Ciudad de México,01 DOCTORES,Honest Food,ubereats,22.33,0.0,8.85,1.0
46086.0,18.0,MEX,Ciudad de México,01 DOCTORES,Honest Food,ubereats,17.41,0.0,2.79,1.0
46086.0,21.0,MEX,Ciudad de México,01 DOCTORES,Honest Food,ubereats,19.22,0.0,11.94,1.0
46086.0,21.0,MEX,Ciudad de México,01 DOCTORES,Honest Food,ubereats,14.1,0.0,1.99,1.0
46086.0,16.0,MEX,Ciudad de México,01 DOCTORES,House of Salads,didi,24.21,0.0,1.0,
46086.0,16.0,MEX,Ciudad de México,09 CHURUBUSCO,House of Salads,ubereats,12.36,0.0,7.46,1.0
46086.0,16.0,MEX,Ciudad de México,04 SANTA FE,House of Salads,ubereats,14.89,0.0,20.13,1.0
46086.0,18.0,MEX,Ciudad de México,04 SANTA FE,House of Salads,ubereats,7.96,0.0,2.86,1.0
46086.0,18.0,MEX,Ciudad de México,03 POLANCO,House of Salads,ubereats,21.24,0.0,1.0,
46086.0,18.0,MEX,Ciudad de México,01 DOCTORES,House of Salads,ubereats,11.32,0.0,11.65,1.0
46086.0,20.0,MEX,Ciudad de México,01 DOCTORES,La Neta Burgers (Orale Burgers),rappi,0.0,,1.0,
46086.0,8.0,MEX,Ciudad de México,12 DEL VALLE,LA PANQUEQUERIA,didi,0.0,,1.0,
46086.0,12.0,MEX,Ciudad de México,11 AZCAPOTZALCO,LA PANQUEQUERIA,didi,7.89,0.0,3.83,1.0
46086.0,17.0,MEX,Ciudad de México,06 SATELITE,LA PANQUEQUERIA,didi,18.23,0.0,1.0,
46086.0,7.0,MEX,Ciudad de México,01 DOCTORES,LA PANQUEQUERIA,ubereats,14.12,0.0,5.29,1.0
46086.0,7.0,MEX,Ciudad de México,03 POLANCO,LA PANQUEQUERIA,ubereats,10.34,0.0,0.92,1.0
46086.0,8.0,MEX,Ciudad de México,06 SATELITE,LA PANQUEQUERIA,ubereats,8.74,0.0,1.0,
46086.0,8.0,MEX,Ciudad de México,03 POLANCO,LA PANQUEQUERIA,ubereats,6.39,0.0,2.8,1.0
46086.0,9.0,MEX,Ciudad de México,03 POLANCO,LA PANQUEQUERIA,ubereats,4.92,0.0,7.08,1.0
46086.0,9.0,MEX,Ciudad de México,01 DOCTORES,LA PANQUEQUERIA,ubereats,9.04,0.0,4.21,1.0
46086.0,9.0,MEX,Ciudad de México,01 DOCTORES,LA PANQUEQUERIA,ubereats,6.72,0.0,17.44,1.0
46086.0,9.0,MEX,Ciudad de México,02 SAN ANGEL,LA PANQUEQUERIA,ubereats,19.99,0.0,5.6,1.0
46086.0,10.0,MEX,Ciudad de México,05 COAPA,LA PANQUEQUERIA,ubereats,3.83,0.0,9.45,1.0
46086.0,10.0,MEX,Ciudad de México,03 POLANCO,LA PANQUEQUERIA,ubereats,2.81,0.0,20.5,1.0
46086.0,10.0,MEX,Ciudad de México,03 POLANCO,LA PANQUEQUERIA,ubereats,10.16,0.0,24.08,1.0
46086.0,10.0,MEX,Ciudad de México,02 SAN ANGEL,LA PANQUEQUERIA,ubereats,4.0,0.0,12.82,1.0
46086.0,10.0,MEX,Ciudad de México,03 POLANCO,LA PANQUEQUERIA,ubereats,7.85,0.0,6.85,1.0
46086.0,10.0,MEX,Ciudad de México,02 SAN ANGEL,LA PANQUEQUERIA,ubereats,21.71,0.0,3.0,1.0
46086.0,10.0,MEX,Ciudad de México,04 SANTA FE,LA PANQUEQUERIA,ubereats,9.77,0.0,3.11,1.0
46086.0,10.0,MEX,Ciudad de México,01 DOCTORES,LA PANQUEQUERIA,ubereats,5.23,0.0,8.09,1.0
46086.0,10.0,MEX,Ciudad de México,06 SATELITE,LA PANQUEQUERIA,ubereats,9.03,0.0,7.87,1.0
46086.0,11.0,MEX,Ciudad de México,02 SAN ANGEL,LA PANQUEQUERIA,ubereats,16.34,0.0,1.94,1.0
46086.0,11.0,MEX,Ciudad de México,05 COAPA,LA PANQUEQUERIA,ubereats,6.17,0.0,10.33,1.0
46086.0,12.0,MEX,Ciudad de México,01 DOCTORES,LA PANQUEQUERIA,ubereats,11.17,0.0,3.68,1.0
46086.0,12.0,MEX,Ciudad de México,05 COAPA,Mr Beast Burger,didi,0.0,,1.0,
46086.0,18.0,MEX,Ciudad de México,02 SAN ANGEL,Mr Beast Burger,didi,21.78,0.0,1.0,
46086.0,13.0,MEX,Ciudad de México,03 POLANCO,Mr Beast Burger,rappi,13.23,0.0,1.0,
46086.0,15.0,MEX,Ciudad de México,15 LINDAVISTA,Mr Beast Burger,ubereats,12.0,0.0,14.74,1.0
46086.0,20.0,MEX,Ciudad de México,02 SAN ANGEL,Mr Beast Burger,ubereats,7.73,0.0,3.12,1.0
46086.0,20.0,MEX,Ciudad de México,12 DEL VALLE,Mr Beast Burger,ubereats,0.0,,1.0,
46086.0,3.0,MEX,Ciudad de México,52 MANACAR,Numa Cocina Mediterranea,ubereats,0.0,,1.0,
46086.0,9.0,MEX,Ciudad de México,27 IZTAPALAPA,Órale Chilaquiles,ubereats,5.18,0.0,7.12,1.0
46086.0,8.0,MEX,Ciudad de México,03 POLANCO,Órale Desayunos,didi,2.06,0.0,2.7,1.0
46086.0,8.0,MEX,Ciudad de México,03 POLANCO,Órale Desayunos,didi,4.63,0.0,0.18,1.0
46086.0,21.0,MEX,Ciudad de México,06 SATELITE,Órale Desayunos,didi,0.0,,1.0,
46086.0,8.0,MEX,Ciudad de México,15 LINDAVISTA,Órale Desayunos,rappi,13.15,0.0,1.0,
46086.0,9.0,MEX,Ciudad de México,03 POLANCO,Órale Desayunos,ubereats,5.84,0.0,12.86,1.0
46086.0,9.0,MEX,Ciudad de México,11 AZCAPOTZALCO,Órale Desayunos,ubereats,12.46,0.0,4.01,1.0
46086.0,10.0,MEX,Ciudad de México,04 SANTA FE,Órale Desayunos,ubereats,7.16,0.0,4.0,1.0
46086.0,10.0,MEX,Ciudad de México,27 IZTAPALAPA,Órale Desayunos,ubereats,16.04,0.0,6.95,1.0
46086.0,10.0,MEX,Ciudad de México,03 POLANCO,Órale Desayunos,ubereats,12.31,0.0,2.14,1.0
46086.0,10.0,MEX,Ciudad de México,12 DEL VALLE,Órale Desayunos,ubereats,14.12,0.0,2.9,1.0
46086.0,10.0,MEX,Ciudad de México,02 SAN ANGEL,Órale Desayunos,ubereats,9.5,0.0,5.08,1.0
46086.0,10.0,MEX,Ciudad de México,04 SANTA FE,Órale Desayunos,ubereats,13.51,0.0,5.69,1.0
46086.0,10.0,MEX,Ciudad de México,51 SAMARA,Órale Desayunos,ubereats,10.83,0.0,7.52,1.0
46086.0,10.0,MEX,Ciudad de México,03 POLANCO,Órale Desayunos,ubereats,7.45,0.0,8.93,1.0
46086.0,10.0,MEX,Ciudad de México,15 LINDAVISTA,Órale Desayunos,ubereats,7.56,0.0,6.14,1.0
46086.0,10.0,MEX,Ciudad de México,03 POLANCO,Órale Desayunos,ubereats,6.8,0.0,17.11,1.0
46086.0,10.0,MEX,Ciudad de México,27 IZTAPALAPA,Órale Desayunos,ubereats,9.28,0.0,2.59,1.0
46086.0,10.0,MEX,Ciudad de México,03 POLANCO,Órale Desayunos,ubereats,4.32,0.0,4.85,1.0
46086.0,10.0,MEX,Ciudad de México,27 IZTAPALAPA,Órale Desayunos,ubereats,8.07,0.0,9.87,1.0
46086.0,10.0,MEX,Ciudad de México,11 AZCAPOTZALCO,Órale Desayunos,ubereats,10.03,0.0,6.67,1.0
46086.0,10.0,MEX,Ciudad de México,15 LINDAVISTA,Órale Desayunos,ubereats,10.78,0.0,9.86,1.0
46086.0,11.0,MEX,Ciudad de México,06 SATELITE,Órale Desayunos,ubereats,7.93,0.0,10.95,1.0
46086.0,12.0,MEX,Ciudad de México,15 LINDAVISTA,Órale Desayunos,ubereats,7.91,0.0,14.61,1.0
46086.0,12.0,MEX,Ciudad de México,09 CHURUBUSCO,Órale Desayunos,ubereats,12.22,0.0,2.74,1.0
46086.0,12.0,MEX,Ciudad de México,03 POLANCO,Órale Desayunos,ubereats,12.09,0.0,3.09,1.0
46086.0,13.0,MEX,Ciudad de México,03 POLANCO,Órale Desayunos,ubereats,4.1,0.0,16.55,1.0
46086.0,14.0,MEX,Ciudad de México,11 AZCAPOTZALCO,Órale Desayunos,ubereats,10.1,0.0,2.8,1.0
46086.0,14.0,MEX,Ciudad de México,03 POLANCO,Órale Desayunos,ubereats,3.96,0.0,2.87,1.0
46086.0,15.0,MEX,Ciudad de México,09 CHURUBUSCO,Órale Desayunos,ubereats,18.11,0.0,1.0,
46086.0,16.0,MEX,Ciudad de México,05 COAPA,Órale Desayunos,ubereats,9.07,0.0,14.71,1.0
46086.0,11.0,MEX,Ciudad de México,02 SAN ANGEL,Órale Desayunos Turbo,rappi,2.82,0.0,0.25,1.0
46086.0,16.0,MEX,Ciudad de México,03 POLANCO,Pozórale,rappi,7.72,0.0,1.0,
46086.0,19.0,MEX,Ciudad de México,05 COAPA,Que Chicken,rappi,15.79,0.0,1.74,1.0
46086.0,12.0,MEX,Ciudad de México,15 LINDAVISTA,Que Chicken,ubereats,10.78,0.0,3.97,1.0
46086.0,16.0,MEX,Ciudad de México,04 SANTA FE,Que Chicken,ubereats,14.95,0.0,45.94,1.0
46086.0,17.0,MEX,Ciudad de México,04 SANTA FE,Que Chicken,ubereats,14.2,0.0,12.11,1.0
46086.0,20.0,MEX,Ciudad de México,04 SANTA FE,Que Chicken,ubereats,22.94,0.0,14.21,1.0
46086.0,22.0,MEX,Ciudad de México,02 SAN ANGEL,Que Chicken,ubereats,15.82,0.0,1.86,1.0
46086.0,22.0,MEX,Ciudad de México,09 CHURUBUSCO,The Breakfast Club,rappi,0.0,,1.0,
46086.0,9.0,MEX,Ciudad de México,51 SAMARA,The Breakfast Club,ubereats,15.71,0.0,2.09,1.0
46086.0,9.0,MEX,Ciudad de México,06 SATELITE,The Breakfast Club,ubereats,12.81,0.0,1.02,1.0
46086.0,10.0,MEX,Ciudad de México,06 SATELITE,The Breakfast Club,ubereats,8.86,0.0,7.68,1.0
46086.0,10.0,MEX,Ciudad de México,11 AZCAPOTZALCO,The Breakfast Club,ubereats,13.07,0.0,4.82,1.0
46086.0,12.0,MEX,Ciudad de México,01 DOCTORES,The Breakfast Club,ubereats,14.95,0.0,8.06,1.0
46086.0,22.0,MEX,Ciudad de México,03 POLANCO,The Wrap Company MX,didi,7.72,0.0,1.0,
46086.0,11.0,MEX,Guadalajara,34 TLAQUEPAQUE,Avocalia,ubereats,10.08,0.0,4.18,1.0
46086.0,11.0,MEX,Guadalajara,40 JARDINES DEL VALL,Avocalia,ubereats,11.01,0.0,6.67,1.0
46086.0,12.0,MEX,Guadalajara,19 LA CALMA,Avocalia,ubereats,15.15,0.0,1.81,1.0
46086.0,12.0,MEX,Guadalajara,25 TABACHINES,Avocalia,ubereats,13.06,0.0,7.04,1.0
46086.0,15.0,MEX,Guadalajara,25 TABACHINES,Avocalia,ubereats,8.0,0.0,11.05,1.0
46086.0,15.0,MEX,Guadalajara,25 TABACHINES,Avocalia,ubereats,7.93,0.0,5.9,1.0
46086.0,16.0,MEX,Guadalajara,34 TLAQUEPAQUE,Avocalia,ubereats,21.88,0.0,1.99,1.0
46086.0,8.0,MEX,Guadalajara,19 LA CALMA,Avocalia Desayunos,ubereats,18.3,0.0,10.65,1.0
46086.0,9.0,MEX,Guadalajara,19 LA CALMA,Avocalia Desayunos,ubereats,23.89,0.0,3.26,1.0
46086.0,10.0,MEX,Guadalajara,19 LA CALMA,Avocalia Desayunos,ubereats,3.32,0.0,20.73,1.0
46086.0,21.0,MEX,Guadalajara,19 LA CALMA,Brunch & Munch,didi,0.0,,0.68,1.0
46086.0,8.0,MEX,Guadalajara,40 JARDINES DEL VALL,Brunch & Munch,ubereats,8.18,0.0,18.63,1.0
46086.0,8.0,MEX,Guadalajara,21 SANTA TERESITA,Brunch & Munch,ubereats,15.42,0.0,14.59,1.0
46086.0,9.0,MEX,Guadalajara,34 TLAQUEPAQUE,Brunch & Munch,ubereats,6.08,0.0,14.2,1.0
46086.0,9.0,MEX,Guadalajara,21 SANTA TERESITA,Brunch & Munch,ubereats,16.87,0.0,2.27,1.0
46086.0,9.0,MEX,Guadalajara,14 JARDINES,Brunch & Munch,ubereats,13.08,0.0,21.03,1.0
46086.0,9.0,MEX,Guadalajara,34 TLAQUEPAQUE,Brunch & Munch,ubereats,6.21,0.0,3.91,1.0
46086.0,10.0,MEX,Guadalajara,21 SANTA TERESITA,Brunch & Munch,ubereats,18.06,0.0,2.14,1.0
46086.0,10.0,MEX,Guadalajara,25 TABACHINES,Brunch & Munch,ubereats,12.37,0.0,11.0,1.0
46086.0,10.0,MEX,Guadalajara,14 JARDINES,Brunch & Munch,ubereats,14.31,0.0,11.8,1.0
46086.0,10.0,MEX,Guadalajara,21 SANTA TERESITA,Brunch & Munch,ubereats,16.88,0.0,2.94,1.0
46086.0,10.0,MEX,Guadalajara,40 JARDINES DEL VALL,Brunch & Munch,ubereats,14.01,0.0,4.95,1.0
46086.0,10.0,MEX,Guadalajara,19 LA CALMA,Brunch & Munch,ubereats,11.34,0.0,15.8,1.0
46086.0,10.0,MEX,Guadalajara,19 LA CALMA,Brunch & Munch,ubereats,9.06,0.0,2.83,1.0
46086.0,11.0,MEX,Guadalajara,19 LA CALMA,Brunch & Munch,ubereats,9.15,0.0,33.15,1.0
46086.0,11.0,MEX,Guadalajara,19 LA CALMA,Brunch & Munch,ubereats,10.0,0.0,5.06,1.0
46086.0,11.0,MEX,Guadalajara,21 SANTA TERESITA,Brunch & Munch,ubereats,10.72,0.0,9.99,1.0
46086.0,11.0,MEX,Guadalajara,45 ESTADIO,Brunch & Munch,ubereats,9.88,0.0,12.9,1.0
46086.0,11.0,MEX,Guadalajara,21 SANTA TERESITA,Brunch & Munch,ubereats,4.75,0.0,26.14,1.0
46086.0,11.0,MEX,Guadalajara,34 TLAQUEPAQUE,Brunch & Munch,ubereats,7.11,0.0,8.1,1.0
46086.0,11.0,MEX,Guadalajara,40 JARDINES DEL VALL,Brunch & Munch,ubereats,5.3,0.0,19.68,1.0
46086.0,11.0,MEX,Guadalajara,34 TLAQUEPAQUE,Brunch & Munch,ubereats,8.53,0.0,10.02,1.0
46086.0,12.0,MEX,Guadalajara,19 LA CALMA,Brunch & Munch,ubereats,13.02,0.0,1.5,1.0
46086.0,14.0,MEX,Guadalajara,21 SANTA TERESITA,Brunch & Munch,ubereats,13.1,0.0,11.87,1.0
46086.0,15.0,MEX,Guadalajara,34 TLAQUEPAQUE,Chicken Tenders Hub,ubereats,12.82,0.0,2.03,1.0
46086.0,15.0,MEX,Guadalajara,34 TLAQUEPAQUE,Cocina Corrida,ubereats,12.83,0.0,2.91,1.0
46086.0,8.0,MEX,Guadalajara,21 SANTA TERESITA,Desayunos de la Abuela,ubereats,14.23,0.0,1.97,1.0
46086.0,10.0,MEX,Guadalajara,21 SANTA TERESITA,Desayunos de la Abuela,ubereats,15.02,0.0,2.08,1.0
46086.0,10.0,MEX,Guadalajara,40 JARDINES DEL VALL,Desayunos de la Abuela,ubereats,14.21,0.0,2.66,1.0
46086.0,11.0,MEX,Guadalajara,21 SANTA TERESITA,Desayunos de la Abuela,ubereats,12.34,0.0,6.51,1.0
46086.0,13.0,MEX,Guadalajara,25 TABACHINES,Desayunos de la Abuela,ubereats,13.78,0.0,1.18,1.0
46086.0,16.0,MEX,Guadalajara,19 LA CALMA,Fonda Local,ubereats,21.61,0.0,5.38,1.0
46086.0,9.0,MEX,Guadalajara,14 JARDINES,Foodhub Turbo,rappi,12.3,0.0,40.9,1.0
46086.0,12.0,MEX,Guadalajara,21 SANTA TERESITA,Foodhub Turbo,rappi,10.11,0.0,3.03,1.0
46086.0,10.0,MEX,Guadalajara,40 JARDINES DEL VALL,Green House,ubereats,15.27,0.0,1.26,1.0
46086.0,14.0,MEX,Guadalajara,45 ESTADIO,Green House,ubereats,11.76,0.0,6.18,1.0
46086.0,14.0,MEX,Guadalajara,19 LA CALMA,Green House,ubereats,12.76,0.0,4.1,1.0
46086.0,15.0,MEX,Guadalajara,21 SANTA TERESITA,Green House,ubereats,6.11,0.0,10.84,1.0
46086.0,17.0,MEX,Guadalajara,45 ESTADIO,Green House,ubereats,5.79,0.0,12.18,1.0
46086.0,20.0,MEX,Guadalajara,19 LA CALMA,Green House,ubereats,8.7,0.0,12.8,1.0
46086.0,12.0,MEX,Guadalajara,25 TABACHINES,Honest Food,ubereats,13.96,0.0,0.52,1.0
46086.0,12.0,MEX,Guadalajara,40 JARDINES DEL VALL,Honest Food,ubereats,8.72,0.0,3.34,1.0
46086.0,15.0,MEX,Guadalajara,40 JARDINES DEL VALL,Honest Food,ubereats,11.26,0.0,2.77,1.0
46086.0,16.0,MEX,Guadalajara,40 JARDINES DEL VALL,Honest Food,ubereats,12.9,0.0,8.38,1.0
46086.0,19.0,MEX,Guadalajara,25 TABACHINES,Honest Food,ubereats,12.91,0.0,4.58,1.0
46086.0,11.0,MEX,Guadalajara,19 LA CALMA,House of Salads,ubereats,8.92,0.0,12.32,1.0
46086.0,12.0,MEX,Guadalajara,34 TLAQUEPAQUE,House of Salads,ubereats,12.68,0.0,4.26,1.0
46086.0,12.0,MEX,Guadalajara,34 TLAQUEPAQUE,House of Salads,ubereats,5.92,0.0,9.69,1.0
46086.0,12.0,MEX,Guadalajara,40 JARDINES DEL VALL,House of Salads,ubereats,13.11,0.0,1.06,1.0
46086.0,17.0,MEX,Guadalajara,40 JARDINES DEL VALL,La Neta Burgers (Orale Burgers),rappi,18.5,0.0,0.49,1.0
46086.0,8.0,MEX,Guadalajara,21 SANTA TERESITA,LA PANQUEQUERIA,ubereats,10.53,0.0,11.33,1.0
46086.0,9.0,MEX,Guadalajara,25 TABACHINES,LA PANQUEQUERIA,ubereats,10.02,0.0,13.01,1.0
46086.0,9.0,MEX,Guadalajara,45 ESTADIO,LA PANQUEQUERIA,ubereats,11.45,0.0,5.77,1.0
46086.0,9.0,MEX,Guadalajara,40 JARDINES DEL VALL,LA PANQUEQUERIA,ubereats,11.75,0.0,10.0,1.0
46086.0,10.0,MEX,Guadalajara,25 TABACHINES,LA PANQUEQUERIA,ubereats,15.05,0.0,10.87,1.0
46086.0,14.0,MEX,Guadalajara,34 TLAQUEPAQUE,LA PANQUEQUERIA,ubereats,12.97,0.0,5.82,1.0
46086.0,18.0,MEX,Guadalajara,45 ESTADIO,Mr Beast Burger,ubereats,8.89,0.0,1.95,1.0
46086.0,20.0,MEX,Guadalajara,19 LA CALMA,Numa Cocina Mediterranea,ubereats,7.96,0.0,9.85,1.0
46086.0,9.0,MEX,Guadalajara,45 ESTADIO,Órale Desayunos,didi,5.69,0.0,3.06,1.0
46086.0,11.0,MEX,Guadalajara,14 JARDINES,Órale Desayunos,rappi,0.0,,1.0,
46086.0,10.0,MEX,Guadalajara,19 LA CALMA,Órale Desayunos,ubereats,15.96,0.0,3.84,1.0
46086.0,10.0,MEX,Guadalajara,19 LA CALMA,Órale Desayunos,ubereats,13.02,0.0,2.93,1.0
46086.0,10.0,MEX,Guadalajara,34 TLAQUEPAQUE,Órale Desayunos,ubereats,11.9,0.0,8.14,1.0
46086.0,11.0,MEX,Guadalajara,21 SANTA TERESITA,Órale Desayunos,ubereats,8.68,0.0,5.94,1.0
46086.0,11.0,MEX,Guadalajara,34 TLAQUEPAQUE,Órale Desayunos,ubereats,6.18,0.0,6.11,1.0
46086.0,11.0,MEX,Guadalajara,34 TLAQUEPAQUE,Órale Desayunos,ubereats,5.1,0.0,8.67,1.0
46086.0,15.0,MEX,Guadalajara,21 SANTA TERESITA,Órale Desayunos,ubereats,9.29,0.0,9.96,1.0
46086.0,17.0,MEX,Guadalajara,25 TABACHINES,Órale Desayunos Turbo,rappi,2.98,0.0,0.94,1.0
46086.0,10.0,MEX,Guadalajara,34 TLAQUEPAQUE,The Egg Spot,ubereats,7.8,0.0,10.35,1.0
46086.0,8.0,MEX,Merida,31 MONTEJO,Brunch & Munch,ubereats,11.07,0.0,5.09,1.0
46086.0,10.0,MEX,Merida,31 MONTEJO,Brunch & Munch,ubereats,8.57,0.0,5.64,1.0
46086.0,10.0,MEX,Merida,31 MONTEJO,Desayunos de la Abuela,ubereats,3.14,0.0,18.79,1.0
46086.0,10.0,MEX,Merida,31 MONTEJO,Desayunos de la Abuela,ubereats,15.5,0.0,8.15,1.0
46086.0,11.0,MEX,Merida,37 CANEK,Green House,ubereats,17.49,0.0,6.8,1.0
46086.0,11.0,MEX,Merida,37 CANEK,Green House,ubereats,13.31,0.0,4.12,1.0
46086.0,14.0,MEX,Merida,37 CANEK,Green House,ubereats,22.58,0.0,8.06,1.0
46086.0,15.0,MEX,Merida,31 MONTEJO,Green House,ubereats,15.77,0.0,10.04,1.0
46086.0,15.0,MEX,Merida,31 MONTEJO,Green House,ubereats,19.65,0.0,0.24,1.0
46086.0,18.0,MEX,Merida,31 MONTEJO,Green House,ubereats,20.34,0.0,4.61,1.0
46086.0,18.0,MEX,Merida,37 CANEK,Green House,ubereats,11.13,0.0,12.82,1.0
46086.0,19.0,MEX,Merida,31 MONTEJO,Honest Food,rappi,8.28,0.0,0.5,1.0
46086.0,13.0,MEX,Merida,37 CANEK,Honest Food,ubereats,19.81,0.0,66.21,1.0
46086.0,8.0,MEX,Merida,37 CANEK,LA PANQUEQUERIA,ubereats,13.19,0.0,7.27,1.0
46086.0,11.0,MEX,Merida,31 MONTEJO,LA PANQUEQUERIA,ubereats,11.28,0.0,8.03,1.0
46086.0,9.0,MEX,Merida,31 MONTEJO,Órale Chilaquiles,ubereats,13.79,0.0,6.24,1.0
46086.0,11.0,MEX,Merida,37 CANEK,Órale Desayunos,ubereats,16.98,0.0,5.51,1.0
46086.0,15.0,MEX,Merida,31 MONTEJO,The Wrap Company MX,ubereats,11.02,0.0,5.76,1.0
46086.0,10.0,MEX,Monterrey,13 TEC,Avocalia,ubereats,10.18,0.0,2.13,1.0
46086.0,10.0,MEX,Monterrey,13 TEC,Avocalia,ubereats,13.26,0.0,12.07,1.0
46086.0,14.0,MEX,Monterrey,13 TEC,Avocalia,ubereats,10.84,0.0,5.3,1.0
46086.0,14.0,MEX,Monterrey,17 CUMBRES,Avocalia,ubereats,14.89,0.0,0.93,1.0
46086.0,15.0,MEX,Monterrey,28 CARRETERA NACIONA,Avocalia,ubereats,11.25,0.0,1.15,1.0
46086.0,15.0,MEX,Monterrey,22 SAN NICOLAS,Avocalia,ubereats,9.01,0.0,5.92,1.0
46086.0,18.0,MEX,Monterrey,17 CUMBRES,Avocalia,ubereats,12.16,0.0,1.72,1.0
46086.0,18.0,MEX,Monterrey,17 CUMBRES,Avocalia,ubereats,12.82,0.0,0.25,1.0
46086.0,9.0,MEX,Monterrey,13 TEC,Avocalia Desayunos,ubereats,12.07,0.0,1.89,1.0
46086.0,11.0,MEX,Monterrey,13 TEC,Avocalia Desayunos,ubereats,12.06,0.0,6.87,1.0
46086.0,11.0,MEX,Monterrey,38 SALTILLO CENTRO,Avocalia Desayunos,ubereats,5.14,0.0,6.33,1.0
46086.0,8.0,MEX,Monterrey,17 CUMBRES,Brunch & Munch,rappi,7.73,0.0,11.13,1.0
46086.0,11.0,MEX,Monterrey,30 LINCOLN,Brunch & Munch,rappi,7.84,0.0,17.18,1.0
46086.0,7.0,MEX,Monterrey,13 TEC,Brunch & Munch,ubereats,6.46,0.0,5.08,1.0
46086.0,8.0,MEX,Monterrey,28 CARRETERA NACIONA,Brunch & Munch,ubereats,6.7,0.0,14.01,1.0
46086.0,8.0,MEX,Monterrey,13 TEC,Brunch & Munch,ubereats,6.92,0.0,2.82,1.0
46086.0,9.0,MEX,Monterrey,13 TEC,Brunch & Munch,ubereats,7.02,0.0,3.66,1.0
46086.0,9.0,MEX,Monterrey,28 CARRETERA NACIONA,Brunch & Munch,ubereats,5.97,0.0,3.03,1.0
46086.0,9.0,MEX,Monterrey,22 SAN NICOLAS,Brunch & Munch,ubereats,10.89,0.0,3.37,1.0
46086.0,10.0,MEX,Monterrey,22 SAN NICOLAS,Brunch & Munch,ubereats,10.71,0.0,10.87,1.0
46086.0,10.0,MEX,Monterrey,22 SAN NICOLAS,Brunch & Munch,ubereats,22.87,0.0,1.05,1.0
46086.0,10.0,MEX,Monterrey,28 CARRETERA NACIONA,Brunch & Munch,ubereats,9.01,0.0,12.38,1.0
46086.0,10.0,MEX,Monterrey,17 CUMBRES,Brunch & Munch,ubereats,13.13,0.0,3.0,1.0
46086.0,10.0,MEX,Monterrey,13 TEC,Brunch & Munch,ubereats,12.31,0.0,1.2,1.0
46086.0,11.0,MEX,Monterrey,13 TEC,Brunch & Munch,ubereats,2.69,0.0,8.39,1.0
46086.0,11.0,MEX,Monterrey,30 LINCOLN,Brunch & Munch,ubereats,7.03,0.0,6.66,1.0
46086.0,11.0,MEX,Monterrey,28 CARRETERA NACIONA,Brunch & Munch,ubereats,9.7,0.0,7.23,1.0
46086.0,11.0,MEX,Monterrey,22 SAN NICOLAS,Brunch & Munch,ubereats,10.93,0.0,13.94,1.0
46086.0,12.0,MEX,Monterrey,13 TEC,Brunch & Munch,ubereats,12.96,0.0,0.79,1.0
46086.0,12.0,MEX,Monterrey,22 SAN NICOLAS,Brunch & Munch,ubereats,10.24,0.0,4.86,1.0
46086.0,12.0,MEX,Monterrey,13 TEC,Brunch & Munch,ubereats,11.85,0.0,3.2,1.0
46086.0,13.0,MEX,Monterrey,13 TEC,Brunch & Munch,ubereats,8.67,0.0,2.39,1.0
46086.0,13.0,MEX,Monterrey,28 CARRETERA NACIONA,Chemaquiles,ubereats,9.1,0.0,10.69,1.0
46086.0,16.0,MEX,Monterrey,30 LINCOLN,Chemaquiles,ubereats,8.75,0.0,3.22,1.0
46086.0,19.0,MEX,Monterrey,30 LINCOLN,Chicken Tenders Hub,ubereats,7.51,0.0,25.41,1.0
46086.0,16.0,MEX,Monterrey,13 TEC,Cocina Corrida turbo,rappi,2.63,0.0,1.04,1.0
46086.0,9.0,MEX,Monterrey,23 SANTA CATARINA,Desayunos de la Abuela,ubereats,12.57,0.0,4.42,1.0
46086.0,9.0,MEX,Monterrey,22 SAN NICOLAS,Desayunos de la Abuela,ubereats,6.01,0.0,22.11,1.0
46086.0,10.0,MEX,Monterrey,10 SAN JERONIMO,Desayunos de la Abuela,ubereats,0.0,,1.0,
46086.0,11.0,MEX,Monterrey,17 CUMBRES,Desayunos de la Abuela,ubereats,9.87,0.0,6.2,1.0
46086.0,14.0,MEX,Monterrey,13 TEC,Desayunos de la Abuela,ubereats,11.93,0.0,17.58,1.0
46086.0,10.0,MEX,Monterrey,13 TEC,Eggy by Chef Eva,ubereats,6.14,0.0,3.0,1.0
46086.0,10.0,MEX,Monterrey,17 CUMBRES,Eggy by Chef Eva,ubereats,13.16,0.0,2.9,1.0
46086.0,10.0,MEX,Monterrey,30 LINCOLN,Eggy by Chef Eva,ubereats,9.79,0.0,5.33,1.0
46086.0,13.0,MEX,Monterrey,13 TEC,Eggy by Chef Eva,ubereats,17.39,0.0,3.86,1.0
46086.0,8.0,MEX,Monterrey,23 SANTA CATARINA,Foodhub,didi,2.95,0.0,1.39,1.0
46086.0,12.0,MEX,Monterrey,10 SAN JERONIMO,Freshlab,rappi,0.0,,1.0,
46086.0,10.0,MEX,Monterrey,38 SALTILLO CENTRO,Green House,ubereats,15.81,0.0,10.97,1.0
46086.0,16.0,MEX,Monterrey,10 SAN JERONIMO,Green House,ubereats,13.75,0.0,3.94,1.0
46086.0,17.0,MEX,Monterrey,13 TEC,Green House,ubereats,10.28,0.0,4.09,1.0
46086.0,20.0,MEX,Monterrey,13 TEC,Green House,ubereats,22.94,0.0,1.0,
46086.0,12.0,MEX,Monterrey,30 LINCOLN,Honest Food,ubereats,6.52,0.0,9.3,1.0
46086.0,13.0,MEX,Monterrey,13 TEC,Honest Food,ubereats,4.64,0.0,13.31,1.0
46086.0,14.0,MEX,Monterrey,13 TEC,Honest Food,ubereats,8.71,0.0,1.19,1.0
46086.0,14.0,MEX,Monterrey,13 TEC,Honest Food,ubereats,9.69,0.0,41.34,1.0
46086.0,14.0,MEX,Monterrey,13 TEC,Honest Food,ubereats,11.77,0.0,0.18,1.0
46086.0,19.0,MEX,Monterrey,30 LINCOLN,Honest Food,ubereats,10.38,0.0,6.62,1.0
46086.0,14.0,MEX,Monterrey,30 LINCOLN,House of Salads,ubereats,10.26,0.0,9.02,1.0
46086.0,14.0,MEX,Monterrey,30 LINCOLN,House of Salads,ubereats,6.24,0.0,6.61,1.0
46086.0,17.0,MEX,Monterrey,30 LINCOLN,House of Salads,ubereats,6.95,0.0,4.98,1.0
46086.0,18.0,MEX,Monterrey,28 CARRETERA NACIONA,La Neta Burgers (Orale Burgers),ubereats,9.73,0.0,5.51,1.0
46086.0,9.0,MEX,Monterrey,10 SAN JERONIMO,LA PANQUEQUERIA,rappi,0.0,,1.0,
46086.0,8.0,MEX,Monterrey,28 CARRETERA NACIONA,LA PANQUEQUERIA,ubereats,2.68,0.0,13.37,1.0
46086.0,8.0,MEX,Monterrey,13 TEC,LA PANQUEQUERIA,ubereats,13.35,0.0,0.92,1.0
46086.0,9.0,MEX,Monterrey,28 CARRETERA NACIONA,LA PANQUEQUERIA,ubereats,12.9,0.0,2.21,1.0
46086.0,9.0,MEX,Monterrey,30 LINCOLN,LA PANQUEQUERIA,ubereats,10.11,0.0,5.11,1.0
46086.0,9.0,MEX,Monterrey,28 CARRETERA NACIONA,LA PANQUEQUERIA,ubereats,10.12,0.0,7.04,1.0
46086.0,9.0,MEX,Monterrey,30 LINCOLN,LA PANQUEQUERIA,ubereats,10.63,0.0,1.86,1.0
46086.0,10.0,MEX,Monterrey,22 SAN NICOLAS,LA PANQUEQUERIA,ubereats,14.01,0.0,10.58,1.0
46086.0,10.0,MEX,Monterrey,28 CARRETERA NACIONA,LA PANQUEQUERIA,ubereats,3.46,0.0,17.66,1.0
46086.0,10.0,MEX,Monterrey,13 TEC,LA PANQUEQUERIA,ubereats,10.08,0.0,4.53,1.0
46086.0,11.0,MEX,Monterrey,17 CUMBRES,LA PANQUEQUERIA,ubereats,13.36,0.0,13.05,1.0
46086.0,11.0,MEX,Monterrey,30 LINCOLN,LA PANQUEQUERIA,ubereats,9.05,0.0,4.28,1.0
46086.0,12.0,MEX,Monterrey,13 TEC,LA PANQUEQUERIA,ubereats,10.93,0.0,4.51,1.0
46086.0,12.0,MEX,Monterrey,22 SAN NICOLAS,Mega Greens (Super Ensaladas),ubereats,14.32,0.0,5.77,1.0
46086.0,17.0,MEX,Monterrey,28 CARRETERA NACIONA,Mr Beast Burger,didi,0.0,,1.0,
46086.0,13.0,MEX,Monterrey,22 SAN NICOLAS,Mr Beast Burger,ubereats,8.36,0.0,7.69,1.0
46086.0,14.0,MEX,Monterrey,22 SAN NICOLAS,Mr Beast Burger,ubereats,16.14,0.0,10.68,1.0
46086.0,16.0,MEX,Monterrey,28 CARRETERA NACIONA,Mr Beast Burger,ubereats,6.96,0.0,7.46,1.0
46086.0,17.0,MEX,Monterrey,30 LINCOLN,Mr Beast Burger,ubereats,5.6,0.0,16.03,1.0
46086.0,21.0,MEX,Monterrey,17 CUMBRES,Numa Cocina Mediterranea,rappi,0.0,,1.92,1.0
46086.0,15.0,MEX,Monterrey,13 TEC,Numa Cocina Mediterranea,ubereats,10.07,0.0,3.88,1.0
46086.0,20.0,MEX,Monterrey,30 LINCOLN,Numa Cocina Mediterranea,ubereats,7.75,0.0,10.15,1.0
46086.0,10.0,MEX,Monterrey,28 CARRETERA NACIONA,Órale Chilaquiles,ubereats,2.37,0.0,12.99,1.0
46086.0,17.0,MEX,Monterrey,30 LINCOLN,Órale Chilaquiles,ubereats,7.78,0.0,3.82,1.0
46086.0,8.0,MEX,Monterrey,13 TEC,Órale Desayunos,didi,2.21,0.0,1.03,1.0
46086.0,8.0,MEX,Monterrey,28 CARRETERA NACIONA,Órale Desayunos,didi,4.18,0.0,0.18,1.0
46086.0,9.0,MEX,Monterrey,13 TEC,Órale Desayunos,didi,2.02,0.0,2.23,1.0
46086.0,8.0,MEX,Monterrey,13 TEC,Órale Desayunos,ubereats,7.19,0.0,2.12,1.0
46086.0,9.0,MEX,Monterrey,30 LINCOLN,Órale Desayunos,ubereats,7.93,0.0,11.25,1.0
46086.0,9.0,MEX,Monterrey,13 TEC,Órale Desayunos,ubereats,13.28,0.0,3.82,1.0
46086.0,9.0,MEX,Monterrey,30 LINCOLN,Órale Desayunos,ubereats,6.3,0.0,11.59,1.0
46086.0,9.0,MEX,Monterrey,30 LINCOLN,Órale Desayunos,ubereats,7.24,0.0,8.69,1.0
46086.0,9.0,MEX,Monterrey,17 CUMBRES,Órale Desayunos,ubereats,8.69,0.0,5.93,1.0
46086.0,10.0,MEX,Monterrey,13 TEC,Órale Desayunos,ubereats,11.23,0.0,5.76,1.0
46086.0,10.0,MEX,Monterrey,13 TEC,Órale Desayunos,ubereats,7.9,0.0,4.02,1.0
46086.0,10.0,MEX,Monterrey,28 CARRETERA NACIONA,Órale Desayunos,ubereats,7.81,0.0,8.8,1.0
46086.0,10.0,MEX,Monterrey,28 CARRETERA NACIONA,Órale Desayunos,ubereats,1.82,0.0,14.31,1.0
46086.0,10.0,MEX,Monterrey,17 CUMBRES,Órale Desayunos,ubereats,17.88,0.0,4.18,1.0
46086.0,10.0,MEX,Monterrey,30 LINCOLN,Órale Desayunos,ubereats,5.6,0.0,8.25,1.0
46086.0,10.0,MEX,Monterrey,30 LINCOLN,Órale Desayunos,ubereats,8.97,0.0,5.72,1.0
46086.0,10.0,MEX,Monterrey,13 TEC,Órale Desayunos,ubereats,6.88,0.0,14.64,1.0
46086.0,10.0,MEX,Monterrey,13 TEC,Órale Desayunos,ubereats,9.65,0.0,5.21,1.0
46086.0,11.0,MEX,Monterrey,28 CARRETERA NACIONA,Órale Desayunos,ubereats,6.92,0.0,8.05,1.0
46086.0,11.0,MEX,Monterrey,22 SAN NICOLAS,Órale Desayunos,ubereats,12.98,0.0,6.58,1.0
46086.0,11.0,MEX,Monterrey,10 SAN JERONIMO,Órale Desayunos,ubereats,8.88,0.0,5.43,1.0
46086.0,12.0,MEX,Monterrey,13 TEC,Órale Desayunos,ubereats,2.72,0.0,7.33,1.0
46086.0,12.0,MEX,Monterrey,28 CARRETERA NACIONA,Órale Desayunos,ubereats,1.99,0.0,9.11,1.0
46086.0,12.0,MEX,Monterrey,10 SAN JERONIMO,Órale Desayunos,ubereats,11.56,0.0,2.36,1.0
46086.0,12.0,MEX,Monterrey,23 SANTA CATARINA,Órale Desayunos,ubereats,3.91,0.0,14.07,1.0
46086.0,13.0,MEX,Monterrey,10 SAN JERONIMO,Órale Desayunos,ubereats,10.16,0.0,7.78,1.0
46086.0,13.0,MEX,Monterrey,28 CARRETERA NACIONA,Órale Desayunos,ubereats,8.23,0.0,3.3,1.0
46086.0,13.0,MEX,Monterrey,10 SAN JERONIMO,Órale Desayunos,ubereats,11.02,0.0,10.12,1.0
46086.0,14.0,MEX,Monterrey,30 LINCOLN,Órale Desayunos,ubereats,6.56,0.0,5.19,1.0
46086.0,14.0,MEX,Monterrey,17 CUMBRES,Órale Desayunos,ubereats,17.12,0.0,4.28,1.0
46086.0,14.0,MEX,Monterrey,17 CUMBRES,Órale Desayunos,ubereats,9.93,0.0,11.09,1.0
46086.0,3.0,MEX,Monterrey,07 SAN PEDRO,Que Chicken,ubereats,0.0,,1.0,
46086.0,13.0,MEX,Monterrey,30 LINCOLN,Que Chicken,ubereats,7.91,0.0,4.26,1.0
46086.0,15.0,MEX,Monterrey,28 CARRETERA NACIONA,Que Chicken,ubereats,11.96,0.0,2.27,1.0
46086.0,16.0,MEX,Monterrey,22 SAN NICOLAS,Que Chicken,ubereats,10.78,0.0,2.83,1.0
46086.0,15.0,MEX,Monterrey,17 CUMBRES,Signature Salads,ubereats,13.53,0.0,1.14,1.0
46086.0,9.0,MEX,Monterrey,10 SAN JERONIMO,The Breakfast Club,ubereats,20.46,0.0,1.49,1.0
46086.0,16.0,MEX,Monterrey,13 TEC,The Salad Project,ubereats,7.07,0.0,2.03,1.0
46086.0,11.0,MEX,Puebla,41 VOLCANES,Avocalia,ubereats,11.29,0.0,5.65,1.0
46086.0,15.0,MEX,Puebla,41 VOLCANES,Avocalia,ubereats,7.87,0.0,6.1,1.0
46086.0,9.0,MEX,Puebla,26 CIUDAD JUDICIAL,Brunch & Munch,ubereats,4.68,0.0,12.24,1.0
46086.0,10.0,MEX,Puebla,26 CIUDAD JUDICIAL,Brunch & Munch,ubereats,9.1,0.0,4.8,1.0
46086.0,9.0,MEX,Puebla,41 VOLCANES,Desayunos de la Abuela,ubereats,9.18,0.0,9.77,1.0
46086.0,11.0,MEX,Puebla,26 CIUDAD JUDICIAL,Green House,ubereats,16.77,0.0,1.14,1.0
46086.0,15.0,MEX,Puebla,41 VOLCANES,Green House,ubereats,13.38,0.0,4.83,1.0
46086.0,18.0,MEX,Puebla,41 VOLCANES,Honest Food,ubereats,8.95,0.0,7.02,1.0
46086.0,19.0,MEX,Puebla,26 CIUDAD JUDICIAL,House of Salads,didi,6.8,0.0,1.0,
46086.0,18.0,MEX,Puebla,41 VOLCANES,House of Salads,ubereats,10.95,0.0,3.8,1.0
46086.0,17.0,MEX,Puebla,26 CIUDAD JUDICIAL,Mega Greens (Super Ensaladas),ubereats,15.65,0.0,2.3,1.0
46086.0,17.0,MEX,Puebla,41 VOLCANES,Mr Beast Burger,rappi,39.05,0.0,30.28,1.0
46086.0,20.0,MEX,Puebla,26 CIUDAD JUDICIAL,Mr Beast Burger,ubereats,0.0,,1.0,
46086.0,10.0,MEX,Puebla,41 VOLCANES,Órale Desayunos,ubereats,11.0,0.0,6.8,1.0
46086.0,17.0,MEX,Puebla,41 VOLCANES,Signature Salads,didi,0.0,,1.0,
46086.0,9.0,MEX,Puebla,41 VOLCANES,The Breakfast Club,ubereats,18.11,0.0,1.08,1.0
46086.0,13.0,MEX,Puebla,26 CIUDAD JUDICIAL,The Salad Project,ubereats,15.12,0.0,0.83,1.0
46086.0,15.0,MEX,Zona Centro,24 METEPEC,Avocalia,ubereats,10.74,0.0,0.39,1.0
46086.0,20.0,MEX,Zona Centro,24 METEPEC,Avocalia,ubereats,12.94,0.0,12.98,1.0
46086.0,11.0,MEX,Zona Centro,24 METEPEC,Brunch & Munch,ubereats,10.36,0.0,5.62,1.0
46086.0,11.0,MEX,Zona Centro,24 METEPEC,Brunch & Munch,ubereats,12.36,0.0,7.81,1.0
46086.0,16.0,MEX,Zona Centro,24 METEPEC,Numa Cocina Mediterranea,ubereats,12.7,0.0,14.21,1.0
46086.0,9.0,MEX,Zona Centro,24 METEPEC,Órale Desayunos,ubereats,14.12,0.0,2.29,1.0