sheet_name,country,city,kitchen_id,sku,name,product,mep_classification,suggested_units
La Calma,MEX,,19 LA CALMA,1507,Mezcla Pancakes Tradicionales Liquida,Mezcla Pancakes Tradicionales Liquida,Día de la Madre,23920
La Calma,MEX,,19 LA CALMA,1505,Mezcla Pancakes Avena Liquida,Mezcla Pancakes Avena Liquida,Día de la Madre,8370
La Calma,MEX,,19 LA CALMA,5444,Chilaquiles verdes toppings default,Chilaquiles verdes toppings default,Día de la Madre,18
La Calma,MEX,,19 LA CALMA,5809,Pancakes Tradicionales Nuevos,Pancakes Tradicionales Nuevos,Día de la Madre,25
La Calma,MEX,,19 LA CALMA,2189,Tarjeta Dia de las Madres.🌷,Tarjeta Dia de las Madres.🌷,Día de la Madre,28
La Calma,MEX,,19 LA CALMA,6403,Pancakes de Cajeta y Plátano. 🆕,Pancakes de Cajeta y Plátano. 🆕,Día de la Madre,21
La Calma,MEX,,19 LA CALMA,6218,Croissant de Frutos Rojos,Croissant de Frutos Rojos,Día de la Madre,4
La Calma,MEX,,19 LA CALMA,1288,Chorizo Insumo,Chorizo Insumo,Día de la Madre,880
La Calma,MEX,,19 LA CALMA,1471,Frijol Refrito,Frijol Refrito,Día de la Madre,2640
La Calma,MEX,,19 LA CALMA,1532,Arroz Blanco Cocido,Arroz Blanco Cocido,Día de la Madre,4440
La Calma,MEX,,19 LA CALMA,6204,Salsa Verde UND 🆕,Salsa Verde UND 🆕,Día de la Madre,124
La Calma,MEX,,19 LA CALMA,6205,Salsa Roja UND 🆕,Salsa Roja UND 🆕,Día de la Madre,110
La Calma,MEX,,19 LA CALMA,1434,Tocineta,Tocineta,Día de la Madre,546
La Calma,MEX,,19 LA CALMA,1245,Almendra Fileteada Insumo,Almendra Fileteada Insumo,Día de la Madre,960
La Calma,MEX,,19 LA CALMA,1304,Croissant Grande,Croissant Grande,Día de la Madre,7
La Calma,MEX,,19 LA CALMA,1430,Tapa Bowl Kraft Chico,Tapa Bowl Kraft Chico,Día de la Madre,80
La Calma,MEX,,19 LA CALMA,1266,Bowl Kraft Chico,Bowl Kraft Chico,Día de la Madre,80
La Calma,MEX,,19 LA CALMA,1431,Tapa Bowl Kraft Grande,Tapa Bowl Kraft Grande,Día de la Madre,195
La Calma,MEX,,19 LA CALMA,1267,Bowl Kraft Grande,Bowl Kraft Grande,Día de la Madre,195
La Calma,MEX,,19 LA CALMA,1395,Porta Hamburguesa,Porta Hamburguesa,Día de la Madre,25
La Calma,MEX,,19 LA CALMA,1271,Caja Lounch,Caja Lounch,Día de la Madre,13
La Calma,MEX,,19 LA CALMA,1419,servilletas,servilletas,Día de la Madre,464
La Calma,MEX,,19 LA CALMA,1669,Bowl Sopa,Bowl Sopa,Día de la Madre,41
La Calma,MEX,,19 LA CALMA,1670,Tapa Bowl Sopa,Tapa Bowl Sopa,Día de la Madre,41
La Calma,MEX,,19 LA CALMA,1311,Espinaca,Espinaca,Día de la Madre,670
La Calma,MEX,,19 LA CALMA,2381,Jitomate Saladed,Jitomate Saladed,Día de la Madre,3920
La Calma,MEX,,19 LA CALMA,1289,Cilantro Insumo,Cilantro Insumo,Día de la Madre,136
La Calma,MEX,,19 LA CALMA,1276,Cebolla Blanca Insumo,Cebolla Blanca Insumo,Día de la Madre,3780
La Calma,MEX,,19 LA CALMA,1249,Arandano fresco Insumo,Arandano fresco Insumo,Día de la Madre,720
La Calma,MEX,,19 LA CALMA,1257,Banano Criollo Insumo,Banano Criollo Insumo,Día de la Madre,1728
La Calma,MEX,,19 LA CALMA,1312,Fresa Insumo,Fresa Insumo,Día de la Madre,2035
La Calma,MEX,,19 LA CALMA,1391,Pina Miel Insumo,Pina Miel Insumo,Día de la Madre,910
La Calma,MEX,,19 LA CALMA,1374,Papaya Maradol Insumo,Papaya Maradol Insumo,Día de la Madre,910
La Calma,MEX,,19 LA CALMA,5319,Frosting Queso Crema y Yogurt,Frosting Queso Crema y Yogurt,Día de la Madre,800
La Calma,MEX,,19 LA CALMA,1303,Crema acida,Crema acida,Día de la Madre,2730
La Calma,MEX,,19 LA CALMA,5392,"Salsa ""Del Barça""","Salsa ""Del Barça""",Día de la Madre,630
La Calma,MEX,,19 LA CALMA,3055,Salsa Burger con Jalapeño,Salsa Burger con Jalapeño,Día de la Madre,740
La Calma,MEX,,19 LA CALMA,1362,Miel de maple,Miel de maple,Día de la Madre,7350
La Calma,MEX,,19 LA CALMA,1836,Arrachera insumo,Arrachera insumo,Día de la Madre,4620
La Calma,MEX,,19 LA CALMA,1491,Totopos,Totopos,Día de la Madre,17500
La Calma,MEX,,19 LA CALMA,1511,Salsa Frutos Rojos,Salsa Frutos Rojos,Día de la Madre,200
La Calma,MEX,,19 LA CALMA,1039,Jugo de Naranja,Jugo de Naranja,Día de la Madre,70
La Calma,MEX,,19 LA CALMA,1117,Porcion de Fruta,Porcion de Fruta,Día de la Madre,7
La Calma,MEX,,19 LA CALMA,1493,Guacamole,Guacamole,Día de la Madre,2600
La Calma,MEX,,19 LA CALMA,3058,Mezcla mantequilla y aceite,Mezcla mantequilla y aceite,Día de la Madre,640
La Calma,MEX,,19 LA CALMA,1503,Avena Preparada,Avena Preparada,Día de la Madre,1620
La Calma,MEX,,19 LA CALMA,1516,Pico de Gallo Produccion,Pico de Gallo Produccion,Día de la Madre,560
La Calma,MEX,,19 LA CALMA,1515,Yogurt Griego Preparado,Yogurt Griego Preparado,Día de la Madre,720
La Calma,MEX,,19 LA CALMA,1504,Granola Produccion,Granola Produccion,Día de la Madre,140
La Calma,MEX,,19 LA CALMA,1401,Queso Mozzarella,Queso Mozzarella,Día de la Madre,4440
La Calma,MEX,,19 LA CALMA,2738,Queso Panela,Queso Panela,Día de la Madre,1012
La Calma,MEX,,19 LA CALMA,2540,Pan de Papa Fasfu 100 gr,Pan de Papa Fasfu 100 gr,Día de la Madre,18
La Calma,MEX,,19 LA CALMA,1272,Cajeta Insumo,Cajeta Insumo,Día de la Madre,960
La Calma,MEX,,19 LA CALMA,1327,Jamon De Cerdo Insumo,Jamon De Cerdo Insumo,Día de la Madre,380
La Calma,MEX,,19 LA CALMA,1321,Hashbrown McCain,Hashbrown McCain,Día de la Madre,1170
La Calma,MEX,,19 LA CALMA,2187,Tarjeta Especial Insumo,Tarjeta Especial Insumo,Día de la Madre,28
La Calma,MEX,,19 LA CALMA,1418,Semillas de chia Insumo,Semillas de chia Insumo,Día de la Madre,15
Jardines,MEX,,14 JARDINES,1507,Mezcla Pancakes Tradicionales Liquida,Mezcla Pancakes Tradicionales Liquida,Día de la Madre,10660
Jardines,MEX,,14 JARDINES,1505,Mezcla Pancakes Avena Liquida,Mezcla Pancakes Avena Liquida,Día de la Madre,4590
Jardines,MEX,,14 JARDINES,5444,Chilaquiles verdes toppings default,Chilaquiles verdes toppings default,Día de la Madre,9
Jardines,MEX,,14 JARDINES,5809,Pancakes Tradicionales Nuevos,Pancakes Tradicionales Nuevos,Día de la Madre,11
Jardines,MEX,,14 JARDINES,2189,Tarjeta Dia de las Madres.🌷,Tarjeta Dia de las Madres.🌷,Día de la Madre,12
Jardines,MEX,,14 JARDINES,6403,Pancakes de Cajeta y Plátano. 🆕,Pancakes de Cajeta y Plátano. 🆕,Día de la Madre,10
Jardines,MEX,,14 JARDINES,6218,Croissant de Frutos Rojos,Croissant de Frutos Rojos,Día de la Madre,3
Jardines,MEX,,14 JARDINES,1288,Chorizo Insumo,Chorizo Insumo,Día de la Madre,1280
Jardines,MEX,,14 JARDINES,1471,Frijol Refrito,Frijol Refrito,Día de la Madre,3240
Jardines,MEX,,14 JARDINES,1532,Arroz Blanco Cocido,Arroz Blanco Cocido,Día de la Madre,3680
Jardines,MEX,,14 JARDINES,6204,Salsa Verde UND 🆕,Salsa Verde UND 🆕,Día de la Madre,100
Jardines,MEX,,14 JARDINES,6205,Salsa Roja UND 🆕,Salsa Roja UND 🆕,Día de la Madre,81
Jardines,MEX,,14 JARDINES,1434,Tocineta,Tocineta,Día de la Madre,462
Jardines,MEX,,14 JARDINES,1245,Almendra Fileteada Insumo,Almendra Fileteada Insumo,Día de la Madre,510
Jardines,MEX,,14 JARDINES,1304,Croissant Grande,Croissant Grande,Día de la Madre,6
Jardines,MEX,,14 JARDINES,1430,Tapa Bowl Kraft Chico,Tapa Bowl Kraft Chico,Día de la Madre,65
Jardines,MEX,,14 JARDINES,1266,Bowl Kraft Chico,Bowl Kraft Chico,Día de la Madre,65
Jardines,MEX,,14 JARDINES,1431,Tapa Bowl Kraft Grande,Tapa Bowl Kraft Grande,Día de la Madre,123
Jardines,MEX,,14 JARDINES,1267,Bowl Kraft Grande,Bowl Kraft Grande,Día de la Madre,123
Jardines,MEX,,14 JARDINES,1395,Porta Hamburguesa,Porta Hamburguesa,Día de la Madre,17
Jardines,MEX,,14 JARDINES,1271,Caja Lounch,Caja Lounch,Día de la Madre,15
Jardines,MEX,,14 JARDINES,1419,servilletas,servilletas,Día de la Madre,331
Jardines,MEX,,14 JARDINES,1669,Bowl Sopa,Bowl Sopa,Día de la Madre,22
Jardines,MEX,,14 JARDINES,1670,Tapa Bowl Sopa,Tapa Bowl Sopa,Día de la Madre,22
Jardines,MEX,,14 JARDINES,1311,Espinaca,Espinaca,Día de la Madre,300
Jardines,MEX,,14 JARDINES,2381,Jitomate Saladed,Jitomate Saladed,Día de la Madre,2975
Jardines,MEX,,14 JARDINES,1289,Cilantro Insumo,Cilantro Insumo,Día de la Madre,105
Jardines,MEX,,14 JARDINES,1276,Cebolla Blanca Insumo,Cebolla Blanca Insumo,Día de la Madre,2400
Jardines,MEX,,14 JARDINES,1249,Arandano fresco Insumo,Arandano fresco Insumo,Día de la Madre,340
Jardines,MEX,,14 JARDINES,1257,Banano Criollo Insumo,Banano Criollo Insumo,Día de la Madre,1152
Jardines,MEX,,14 JARDINES,1312,Fresa Insumo,Fresa Insumo,Día de la Madre,1147
Jardines,MEX,,14 JARDINES,1391,Pina Miel Insumo,Pina Miel Insumo,Día de la Madre,350
Jardines,MEX,,14 JARDINES,1374,Papaya Maradol Insumo,Papaya Maradol Insumo,Día de la Madre,350
Jardines,MEX,,14 JARDINES,5319,Frosting Queso Crema y Yogurt,Frosting Queso Crema y Yogurt,Día de la Madre,360
Jardines,MEX,,14 JARDINES,1303,Crema acida,Crema acida,Día de la Madre,1830
Jardines,MEX,,14 JARDINES,5392,"Salsa ""Del Barça""","Salsa ""Del Barça""",Día de la Madre,720
Jardines,MEX,,14 JARDINES,3055,Salsa Burger con Jalapeño,Salsa Burger con Jalapeño,Día de la Madre,500
Jardines,MEX,,14 JARDINES,1362,Miel de maple,Miel de maple,Día de la Madre,3480
Jardines,MEX,,14 JARDINES,1836,Arrachera insumo,Arrachera insumo,Día de la Madre,4730
Jardines,MEX,,14 JARDINES,1491,Totopos,Totopos,Día de la Madre,13900
Jardines,MEX,,14 JARDINES,1511,Salsa Frutos Rojos,Salsa Frutos Rojos,Día de la Madre,80
Jardines,MEX,,14 JARDINES,1039,Jugo de Naranja,Jugo de Naranja,Día de la Madre,43
Jardines,MEX,,14 JARDINES,1117,Porcion de Fruta,Porcion de Fruta,Día de la Madre,8
Jardines,MEX,,14 JARDINES,1493,Guacamole,Guacamole,Día de la Madre,2950
Jardines,MEX,,14 JARDINES,3058,Mezcla mantequilla y aceite,Mezcla mantequilla y aceite,Día de la Madre,420
Jardines,MEX,,14 JARDINES,1503,Avena Preparada,Avena Preparada,Día de la Madre,1440
Jardines,MEX,,14 JARDINES,1516,Pico de Gallo Produccion,Pico de Gallo Produccion,Día de la Madre,680
Jardines,MEX,,14 JARDINES,1515,Yogurt Griego Preparado,Yogurt Griego Preparado,Día de la Madre,540
Jardines,MEX,,14 JARDINES,1504,Granola Produccion,Granola Produccion,Día de la Madre,70
Jardines,MEX,,14 JARDINES,1401,Queso Mozzarella,Queso Mozzarella,Día de la Madre,5040
Jardines,MEX,,14 JARDINES,2738,Queso Panela,Queso Panela,Día de la Madre,759
Jardines,MEX,,14 JARDINES,2540,Pan de Papa Fasfu 100 gr,Pan de Papa Fasfu 100 gr,Día de la Madre,14
Jardines,MEX,,14 JARDINES,1272,Cajeta Insumo,Cajeta Insumo,Día de la Madre,440
Jardines,MEX,,14 JARDINES,1327,Jamon De Cerdo Insumo,Jamon De Cerdo Insumo,Día de la Madre,740
Jardines,MEX,,14 JARDINES,1321,Hashbrown McCain,Hashbrown McCain,Día de la Madre,780
Jardines,MEX,,14 JARDINES,2187,Tarjeta Especial Insumo,Tarjeta Especial Insumo,Día de la Madre,12
Jardines,MEX,,14 JARDINES,1418,Semillas de chia Insumo,Semillas de chia Insumo,Día de la Madre,14
Jardines del Valle,MEX,,40 JARDINES DEL VALL,1507,Mezcla Pancakes Tradicionales Liquida,Mezcla Pancakes Tradicionales Liquida,Día de la Madre,2080
Jardines del Valle,MEX,,40 JARDINES DEL VALL,1505,Mezcla Pancakes Avena Liquida,Mezcla Pancakes Avena Liquida,Día de la Madre,1620
Jardines del Valle,MEX,,40 JARDINES DEL VALL,5444,Chilaquiles verdes toppings default,Chilaquiles verdes toppings default,Día de la Madre,1
Jardines del Valle,MEX,,40 JARDINES DEL VALL,5809,Pancakes Tradicionales Nuevos,Pancakes Tradicionales Nuevos,Día de la Madre,1
Jardines del Valle,MEX,,40 JARDINES DEL VALL,2189,Tarjeta Dia de las Madres.🌷,Tarjeta Dia de las Madres.🌷,Día de la Madre,0
Jardines del Valle,MEX,,40 JARDINES DEL VALL,6403,Pancakes de Cajeta y Plátano. 🆕,Pancakes de Cajeta y Plátano. 🆕,Día de la Madre,0
Jardines del Valle,MEX,,40 JARDINES DEL VALL,6218,Croissant de Frutos Rojos,Croissant de Frutos Rojos,Día de la Madre,0
Jardines del Valle,MEX,,40 JARDINES DEL VALL,1288,Chorizo Insumo,Chorizo Insumo,Día de la Madre,320
Jardines del Valle,MEX,,40 JARDINES DEL VALL,1471,Frijol Refrito,Frijol Refrito,Día de la Madre,900
Jardines del Valle,MEX,,40 JARDINES DEL VALL,1532,Arroz Blanco Cocido,Arroz Blanco Cocido,Día de la Madre,2160
Jardines del Valle,MEX,,40 JARDINES DEL VALL,6204,Salsa Verde UND 🆕,Salsa Verde UND 🆕,Día de la Madre,38
Jardines del Valle,MEX,,40 JARDINES DEL VALL,6205,Salsa Roja UND 🆕,Salsa Roja UND 🆕,Día de la Madre,19
Jardines del Valle,MEX,,40 JARDINES DEL VALL,1434,Tocineta,Tocineta,Día de la Madre,252
Jardines del Valle,MEX,,40 JARDINES DEL VALL,1245,Almendra Fileteada Insumo,Almendra Fileteada Insumo,Día de la Madre,165
Jardines del Valle,MEX,,40 JARDINES DEL VALL,1304,Croissant Grande,Croissant Grande,Día de la Madre,2
Jardines del Valle,MEX,,40 JARDINES DEL VALL,1430,Tapa Bowl Kraft Chico,Tapa Bowl Kraft Chico,Día de la Madre,34
Jardines del Valle,MEX,,40 JARDINES DEL VALL,1266,Bowl Kraft Chico,Bowl Kraft Chico,Día de la Madre,34
Jardines del Valle,MEX,,40 JARDINES DEL VALL,1431,Tapa Bowl Kraft Grande,Tapa Bowl Kraft Grande,Día de la Madre,29
Jardines del Valle,MEX,,40 JARDINES DEL VALL,1267,Bowl Kraft Grande,Bowl Kraft Grande,Día de la Madre,29
Jardines del Valle,MEX,,40 JARDINES DEL VALL,1395,Porta Hamburguesa,Porta Hamburguesa,Día de la Madre,10
Jardines del Valle,MEX,,40 JARDINES DEL VALL,1271,Caja Lounch,Caja Lounch,Día de la Madre,6
Jardines del Valle,MEX,,40 JARDINES DEL VALL,1419,servilletas,servilletas,Día de la Madre,142
Jardines del Valle,MEX,,40 JARDINES DEL VALL,1669,Bowl Sopa,Bowl Sopa,Día de la Madre,20
Jardines del Valle,MEX,,40 JARDINES DEL VALL,1670,Tapa Bowl Sopa,Tapa Bowl Sopa,Día de la Madre,20
Jardines del Valle,MEX,,40 JARDINES DEL VALL,1311,Espinaca,Espinaca,Día de la Madre,160
Jardines del Valle,MEX,,40 JARDINES DEL VALL,2381,Jitomate Saladed,Jitomate Saladed,Día de la Madre,1505
Jardines del Valle,MEX,,40 JARDINES DEL VALL,1289,Cilantro Insumo,Cilantro Insumo,Día de la Madre,64
Jardines del Valle,MEX,,40 JARDINES DEL VALL,1276,Cebolla Blanca Insumo,Cebolla Blanca Insumo,Día de la Madre,1960
Jardines del Valle,MEX,,40 JARDINES DEL VALL,1249,Arandano fresco Insumo,Arandano fresco Insumo,Día de la Madre,100
Jardines del Valle,MEX,,40 JARDINES DEL VALL,1257,Banano Criollo Insumo,Banano Criollo Insumo,Día de la Madre,504
Jardines del Valle,MEX,,40 JARDINES DEL VALL,1312,Fresa Insumo,Fresa Insumo,Día de la Madre,555
Jardines del Valle,MEX,,40 JARDINES DEL VALL,1391,Pina Miel Insumo,Pina Miel Insumo,Día de la Madre,280
Jardines del Valle,MEX,,40 JARDINES DEL VALL,1374,Papaya Maradol Insumo,Papaya Maradol Insumo,Día de la Madre,280
Jardines del Valle,MEX,,40 JARDINES DEL VALL,5319,Frosting Queso Crema y Yogurt,Frosting Queso Crema y Yogurt,Día de la Madre,80
Jardines del Valle,MEX,,40 JARDINES DEL VALL,1303,Crema acida,Crema acida,Día de la Madre,1200
Jardines del Valle,MEX,,40 JARDINES DEL VALL,5392,"Salsa ""Del Barça""","Salsa ""Del Barça""",Día de la Madre,240
Jardines del Valle,MEX,,40 JARDINES DEL VALL,3055,Salsa Burger con Jalapeño,Salsa Burger con Jalapeño,Día de la Madre,240
Jardines del Valle,MEX,,40 JARDINES DEL VALL,1362,Miel de maple,Miel de maple,Día de la Madre,600
Jardines del Valle,MEX,,40 JARDINES DEL VALL,1836,Arrachera insumo,Arrachera insumo,Día de la Madre,2530
Jardines del Valle,MEX,,40 JARDINES DEL VALL,1491,Totopos,Totopos,Día de la Madre,3800
Jardines del Valle,MEX,,40 JARDINES DEL VALL,1511,Salsa Frutos Rojos,Salsa Frutos Rojos,Día de la Madre,80
Jardines del Valle,MEX,,40 JARDINES DEL VALL,1039,Jugo de Naranja,Jugo de Naranja,Día de la Madre,13
Jardines del Valle,MEX,,40 JARDINES DEL VALL,1117,Porcion de Fruta,Porcion de Fruta,Día de la Madre,6
Jardines del Valle,MEX,,40 JARDINES DEL VALL,1493,Guacamole,Guacamole,Día de la Madre,950
Jardines del Valle,MEX,,40 JARDINES DEL VALL,3058,Mezcla mantequilla y aceite,Mezcla mantequilla y aceite,Día de la Madre,280
Jardines del Valle,MEX,,40 JARDINES DEL VALL,1503,Avena Preparada,Avena Preparada,Día de la Madre,720
Jardines del Valle,MEX,,40 JARDINES DEL VALL,1516,Pico de Gallo Produccion,Pico de Gallo Produccion,Día de la Madre,280
Jardines del Valle,MEX,,40 JARDINES DEL VALL,1515,Yogurt Griego Preparado,Yogurt Griego Preparado,Día de la Madre,360
Jardines del Valle,MEX,,40 JARDINES DEL VALL,1504,Granola Produccion,Granola Produccion,Día de la Madre,70
Jardines del Valle,MEX,,40 JARDINES DEL VALL,1401,Queso Mozzarella,Queso Mozzarella,Día de la Madre,1470
Jardines del Valle,MEX,,40 JARDINES DEL VALL,2738,Queso Panela,Queso Panela,Día de la Madre,552
Jardines del Valle,MEX,,40 JARDINES DEL VALL,2540,Pan de Papa Fasfu 100 gr,Pan de Papa Fasfu 100 gr,Día de la Madre,6
Jardines del Valle,MEX,,40 JARDINES DEL VALL,1272,Cajeta Insumo,Cajeta Insumo,Día de la Madre,80
Jardines del Valle,MEX,,40 JARDINES DEL VALL,1327,Jamon De Cerdo Insumo,Jamon De Cerdo Insumo,Día de la Madre,180
Jardines del Valle,MEX,,40 JARDINES DEL VALL,1321,Hashbrown McCain,Hashbrown McCain,Día de la Madre,390
Jardines del Valle,MEX,,40 JARDINES DEL VALL,2187,Tarjeta Especial Insumo,Tarjeta Especial Insumo,Día de la Madre,0
Jardines del Valle,MEX,,40 JARDINES DEL VALL,1418,Semillas de chia Insumo,Semillas de chia Insumo,Día de la Madre,10
Estadio,MEX,,45 ESTADIO,1507,Mezcla Pancakes Tradicionales Liquida,Mezcla Pancakes Tradicionales Liquida,Día de la Madre,10400
Estadio,MEX,,45 ESTADIO,1505,Mezcla Pancakes Avena Liquida,Mezcla Pancakes Avena Liquida,Día de la Madre,4050
Estadio,MEX,,45 ESTADIO,5444,Chilaquiles verdes toppings default,Chilaquiles verdes toppings default,Día de la Madre,8
Estadio,MEX,,45 ESTADIO,5809,Pancakes Tradicionales Nuevos,Pancakes Tradicionales Nuevos,Día de la Madre,11
Estadio,MEX,,45 ESTADIO,2189,Tarjeta Dia de las Madres.🌷,Tarjeta Dia de las Madres.🌷,Día de la Madre,12
Estadio,MEX,,45 ESTADIO,6403,Pancakes de Cajeta y Plátano. 🆕,Pancakes de Cajeta y Plátano. 🆕,Día de la Madre,10
Estadio,MEX,,45 ESTADIO,6218,Croissant de Frutos Rojos,Croissant de Frutos Rojos,Día de la Madre,3
Estadio,MEX,,45 ESTADIO,1288,Chorizo Insumo,Chorizo Insumo,Día de la Madre,400
Estadio,MEX,,45 ESTADIO,1471,Frijol Refrito,Frijol Refrito,Día de la Madre,1320
Estadio,MEX,,45 ESTADIO,1532,Arroz Blanco Cocido,Arroz Blanco Cocido,Día de la Madre,2280
Estadio,MEX,,45 ESTADIO,6204,Salsa Verde UND 🆕,Salsa Verde UND 🆕,Día de la Madre,89
Estadio,MEX,,45 ESTADIO,6205,Salsa Roja UND 🆕,Salsa Roja UND 🆕,Día de la Madre,46
Estadio,MEX,,45 ESTADIO,1434,Tocineta,Tocineta,Día de la Madre,336
Estadio,MEX,,45 ESTADIO,1245,Almendra Fileteada Insumo,Almendra Fileteada Insumo,Día de la Madre,465
Estadio,MEX,,45 ESTADIO,1304,Croissant Grande,Croissant Grande,Día de la Madre,4
Estadio,MEX,,45 ESTADIO,1430,Tapa Bowl Kraft Chico,Tapa Bowl Kraft Chico,Día de la Madre,40
Estadio,MEX,,45 ESTADIO,1266,Bowl Kraft Chico,Bowl Kraft Chico,Día de la Madre,40
Estadio,MEX,,45 ESTADIO,1431,Tapa Bowl Kraft Grande,Tapa Bowl Kraft Grande,Día de la Madre,94
Estadio,MEX,,45 ESTADIO,1267,Bowl Kraft Grande,Bowl Kraft Grande,Día de la Madre,94
Estadio,MEX,,45 ESTADIO,1395,Porta Hamburguesa,Porta Hamburguesa,Día de la Madre,14
Estadio,MEX,,45 ESTADIO,1271,Caja Lounch,Caja Lounch,Día de la Madre,9
Estadio,MEX,,45 ESTADIO,1419,servilletas,servilletas,Día de la Madre,218
Estadio,MEX,,45 ESTADIO,1669,Bowl Sopa,Bowl Sopa,Día de la Madre,16
Estadio,MEX,,45 ESTADIO,1670,Tapa Bowl Sopa,Tapa Bowl Sopa,Día de la Madre,16
Estadio,MEX,,45 ESTADIO,1311,Espinaca,Espinaca,Día de la Madre,120
Estadio,MEX,,45 ESTADIO,2381,Jitomate Saladed,Jitomate Saladed,Día de la Madre,1785
Estadio,MEX,,45 ESTADIO,1289,Cilantro Insumo,Cilantro Insumo,Día de la Madre,66
Estadio,MEX,,45 ESTADIO,1276,Cebolla Blanca Insumo,Cebolla Blanca Insumo,Día de la Madre,2160
Estadio,MEX,,45 ESTADIO,1249,Arandano fresco Insumo,Arandano fresco Insumo,Día de la Madre,360
Estadio,MEX,,45 ESTADIO,1257,Banano Criollo Insumo,Banano Criollo Insumo,Día de la Madre,936
Estadio,MEX,,45 ESTADIO,1312,Fresa Insumo,Fresa Insumo,Día de la Madre,888
Estadio,MEX,,45 ESTADIO,1391,Pina Miel Insumo,Pina Miel Insumo,Día de la Madre,350
Estadio,MEX,,45 ESTADIO,1374,Papaya Maradol Insumo,Papaya Maradol Insumo,Día de la Madre,350
Estadio,MEX,,45 ESTADIO,5319,Frosting Queso Crema y Yogurt,Frosting Queso Crema y Yogurt,Día de la Madre,360
Estadio,MEX,,45 ESTADIO,1303,Crema acida,Crema acida,Día de la Madre,1350
Estadio,MEX,,45 ESTADIO,5392,"Salsa ""Del Barça""","Salsa ""Del Barça""",Día de la Madre,300
Estadio,MEX,,45 ESTADIO,3055,Salsa Burger con Jalapeño,Salsa Burger con Jalapeño,Día de la Madre,380
Estadio,MEX,,45 ESTADIO,1362,Miel de maple,Miel de maple,Día de la Madre,3180
Estadio,MEX,,45 ESTADIO,1836,Arrachera insumo,Arrachera insumo,Día de la Madre,2090
Estadio,MEX,,45 ESTADIO,1491,Totopos,Totopos,Día de la Madre,9400
Estadio,MEX,,45 ESTADIO,1511,Salsa Frutos Rojos,Salsa Frutos Rojos,Día de la Madre,120
Estadio,MEX,,45 ESTADIO,1039,Jugo de Naranja,Jugo de Naranja,Día de la Madre,33
Estadio,MEX,,45 ESTADIO,1117,Porcion de Fruta,Porcion de Fruta,Día de la Madre,4
Estadio,MEX,,45 ESTADIO,1493,Guacamole,Guacamole,Día de la Madre,1150
Estadio,MEX,,45 ESTADIO,3058,Mezcla mantequilla y aceite,Mezcla mantequilla y aceite,Día de la Madre,320
Estadio,MEX,,45 ESTADIO,1503,Avena Preparada,Avena Preparada,Día de la Madre,1260
Estadio,MEX,,45 ESTADIO,1516,Pico de Gallo Produccion,Pico de Gallo Produccion,Día de la Madre,400
Estadio,MEX,,45 ESTADIO,1515,Yogurt Griego Preparado,Yogurt Griego Preparado,Día de la Madre,720
Estadio,MEX,,45 ESTADIO,1504,Granola Produccion,Granola Produccion,Día de la Madre,140
Estadio,MEX,,45 ESTADIO,1401,Queso Mozzarella,Queso Mozzarella,Día de la Madre,1740
Estadio,MEX,,45 ESTADIO,2738,Queso Panela,Queso Panela,Día de la Madre,575
Estadio,MEX,,45 ESTADIO,2540,Pan de Papa Fasfu 100 gr,Pan de Papa Fasfu 100 gr,Día de la Madre,8
Estadio,MEX,,45 ESTADIO,1272,Cajeta Insumo,Cajeta Insumo,Día de la Madre,440
Estadio,MEX,,45 ESTADIO,1327,Jamon De Cerdo Insumo,Jamon De Cerdo Insumo,Día de la Madre,260
Estadio,MEX,,45 ESTADIO,1321,Hashbrown McCain,Hashbrown McCain,Día de la Madre,780
Estadio,MEX,,45 ESTADIO,2187,Tarjeta Especial Insumo,Tarjeta Especial Insumo,Día de la Madre,12
Estadio,MEX,,45 ESTADIO,1418,Semillas de chia Insumo,Semillas de chia Insumo,Día de la Madre,13
Tabachines,MEX,,25 TABACHINES,1507,Mezcla Pancakes Tradicionales Liquida,Mezcla Pancakes Tradicionales Liquida,Día de la Madre,17420
Tabachines,MEX,,25 TABACHINES,1505,Mezcla Pancakes Avena Liquida,Mezcla Pancakes Avena Liquida,Día de la Madre,6210
Tabachines,MEX,,25 TABACHINES,5444,Chilaquiles verdes toppings default,Chilaquiles verdes toppings default,Día de la Madre,13
Tabachines,MEX,,25 TABACHINES,5809,Pancakes Tradicionales Nuevos,Pancakes Tradicionales Nuevos,Día de la Madre,19
Tabachines,MEX,,25 TABACHINES,2189,Tarjeta Dia de las Madres.🌷,Tarjeta Dia de las Madres.🌷,Día de la Madre,21
Tabachines,MEX,,25 TABACHINES,6403,Pancakes de Cajeta y Plátano. 🆕,Pancakes de Cajeta y Plátano. 🆕,Día de la Madre,16
Tabachines,MEX,,25 TABACHINES,6218,Croissant de Frutos Rojos,Croissant de Frutos Rojos,Día de la Madre,4
Tabachines,MEX,,25 TABACHINES,1288,Chorizo Insumo,Chorizo Insumo,Día de la Madre,880
Tabachines,MEX,,25 TABACHINES,1471,Frijol Refrito,Frijol Refrito,Día de la Madre,3180
Tabachines,MEX,,25 TABACHINES,1532,Arroz Blanco Cocido,Arroz Blanco Cocido,Día de la Madre,3560
Tabachines,MEX,,25 TABACHINES,6204,Salsa Verde UND 🆕,Salsa Verde UND 🆕,Día de la Madre,106
Tabachines,MEX,,25 TABACHINES,6205,Salsa Roja UND 🆕,Salsa Roja UND 🆕,Día de la Madre,92
Tabachines,MEX,,25 TABACHINES,1434,Tocineta,Tocineta,Día de la Madre,420
Tabachines,MEX,,25 TABACHINES,1245,Almendra Fileteada Insumo,Almendra Fileteada Insumo,Día de la Madre,810
Tabachines,MEX,,25 TABACHINES,1304,Croissant Grande,Croissant Grande,Día de la Madre,6
Tabachines,MEX,,25 TABACHINES,1430,Tapa Bowl Kraft Chico,Tapa Bowl Kraft Chico,Día de la Madre,75
Tabachines,MEX,,25 TABACHINES,1266,Bowl Kraft Chico,Bowl Kraft Chico,Día de la Madre,75
Tabachines,MEX,,25 TABACHINES,1431,Tapa Bowl Kraft Grande,Tapa Bowl Kraft Grande,Día de la Madre,160
Tabachines,MEX,,25 TABACHINES,1267,Bowl Kraft Grande,Bowl Kraft Grande,Día de la Madre,160
Tabachines,MEX,,25 TABACHINES,1395,Porta Hamburguesa,Porta Hamburguesa,Día de la Madre,17
Tabachines,MEX,,25 TABACHINES,1271,Caja Lounch,Caja Lounch,Día de la Madre,20
Tabachines,MEX,,25 TABACHINES,1419,servilletas,servilletas,Día de la Madre,392
Tabachines,MEX,,25 TABACHINES,1669,Bowl Sopa,Bowl Sopa,Día de la Madre,33
Tabachines,MEX,,25 TABACHINES,1670,Tapa Bowl Sopa,Tapa Bowl Sopa,Día de la Madre,33
Tabachines,MEX,,25 TABACHINES,1311,Espinaca,Espinaca,Día de la Madre,380
Tabachines,MEX,,25 TABACHINES,2381,Jitomate Saladed,Jitomate Saladed,Día de la Madre,2870
Tabachines,MEX,,25 TABACHINES,1289,Cilantro Insumo,Cilantro Insumo,Día de la Madre,111
Tabachines,MEX,,25 TABACHINES,1276,Cebolla Blanca Insumo,Cebolla Blanca Insumo,Día de la Madre,3540
Tabachines,MEX,,25 TABACHINES,1249,Arandano fresco Insumo,Arandano fresco Insumo,Día de la Madre,560
Tabachines,MEX,,25 TABACHINES,1257,Banano Criollo Insumo,Banano Criollo Insumo,Día de la Madre,1332
Tabachines,MEX,,25 TABACHINES,1312,Fresa Insumo,Fresa Insumo,Día de la Madre,1850
Tabachines,MEX,,25 TABACHINES,1391,Pina Miel Insumo,Pina Miel Insumo,Día de la Madre,910
Tabachines,MEX,,25 TABACHINES,1374,Papaya Maradol Insumo,Papaya Maradol Insumo,Día de la Madre,910
Tabachines,MEX,,25 TABACHINES,5319,Frosting Queso Crema y Yogurt,Frosting Queso Crema y Yogurt,Día de la Madre,600
Tabachines,MEX,,25 TABACHINES,1303,Crema acida,Crema acida,Día de la Madre,2130
Tabachines,MEX,,25 TABACHINES,5392,"Salsa ""Del Barça""","Salsa ""Del Barça""",Día de la Madre,600
Tabachines,MEX,,25 TABACHINES,3055,Salsa Burger con Jalapeño,Salsa Burger con Jalapeño,Día de la Madre,500
Tabachines,MEX,,25 TABACHINES,1362,Miel de maple,Miel de maple,Día de la Madre,5370
Tabachines,MEX,,25 TABACHINES,1836,Arrachera insumo,Arrachera insumo,Día de la Madre,3960
Tabachines,MEX,,25 TABACHINES,1491,Totopos,Totopos,Día de la Madre,15700
Tabachines,MEX,,25 TABACHINES,1511,Salsa Frutos Rojos,Salsa Frutos Rojos,Día de la Madre,160
Tabachines,MEX,,25 TABACHINES,1039,Jugo de Naranja,Jugo de Naranja,Día de la Madre,57
Tabachines,MEX,,25 TABACHINES,1117,Porcion de Fruta,Porcion de Fruta,Día de la Madre,7
Tabachines,MEX,,25 TABACHINES,1493,Guacamole,Guacamole,Día de la Madre,2500
Tabachines,MEX,,25 TABACHINES,3058,Mezcla mantequilla y aceite,Mezcla mantequilla y aceite,Día de la Madre,570
Tabachines,MEX,,25 TABACHINES,1503,Avena Preparada,Avena Preparada,Día de la Madre,1620
Tabachines,MEX,,25 TABACHINES,1516,Pico de Gallo Produccion,Pico de Gallo Produccion,Día de la Madre,840
Tabachines,MEX,,25 TABACHINES,1515,Yogurt Griego Preparado,Yogurt Griego Preparado,Día de la Madre,540
Tabachines,MEX,,25 TABACHINES,1504,Granola Produccion,Granola Produccion,Día de la Madre,105
Tabachines,MEX,,25 TABACHINES,1401,Queso Mozzarella,Queso Mozzarella,Día de la Madre,4380
Tabachines,MEX,,25 TABACHINES,2738,Queso Panela,Queso Panela,Día de la Madre,874
Tabachines,MEX,,25 TABACHINES,2540,Pan de Papa Fasfu 100 gr,Pan de Papa Fasfu 100 gr,Día de la Madre,15
Tabachines,MEX,,25 TABACHINES,1272,Cajeta Insumo,Cajeta Insumo,Día de la Madre,680
Tabachines,MEX,,25 TABACHINES,1327,Jamon De Cerdo Insumo,Jamon De Cerdo Insumo,Día de la Madre,1000
Tabachines,MEX,,25 TABACHINES,1321,Hashbrown McCain,Hashbrown McCain,Día de la Madre,780
Tabachines,MEX,,25 TABACHINES,2187,Tarjeta Especial Insumo,Tarjeta Especial Insumo,Día de la Madre,21
Tabachines,MEX,,25 TABACHINES,1418,Semillas de chia Insumo,Semillas de chia Insumo,Día de la Madre,11
Santa Teresita,MEX,,21 SANTA TERESITA,1507,Mezcla Pancakes Tradicionales Liquida,Mezcla Pancakes Tradicionales Liquida,Día de la Madre,26780
Santa Teresita,MEX,,21 SANTA TERESITA,1505,Mezcla Pancakes Avena Liquida,Mezcla Pancakes Avena Liquida,Día de la Madre,10800
Santa Teresita,MEX,,21 SANTA TERESITA,5444,Chilaquiles verdes toppings default,Chilaquiles verdes toppings default,Día de la Madre,19
Santa Teresita,MEX,,21 SANTA TERESITA,5809,Pancakes Tradicionales Nuevos,Pancakes Tradicionales Nuevos,Día de la Madre,28
Santa Teresita,MEX,,21 SANTA TERESITA,2189,Tarjeta Dia de las Madres.🌷,Tarjeta Dia de las Madres.🌷,Día de la Madre,30
Santa Teresita,MEX,,21 SANTA TERESITA,6403,Pancakes de Cajeta y Plátano. 🆕,Pancakes de Cajeta y Plátano. 🆕,Día de la Madre,23
Santa Teresita,MEX,,21 SANTA TERESITA,6218,Croissant de Frutos Rojos,Croissant de Frutos Rojos,Día de la Madre,5
Santa Teresita,MEX,,21 SANTA TERESITA,1288,Chorizo Insumo,Chorizo Insumo,Día de la Madre,1360
Santa Teresita,MEX,,21 SANTA TERESITA,1471,Frijol Refrito,Frijol Refrito,Día de la Madre,4860
Santa Teresita,MEX,,21 SANTA TERESITA,1532,Arroz Blanco Cocido,Arroz Blanco Cocido,Día de la Madre,5960
Santa Teresita,MEX,,21 SANTA TERESITA,6204,Salsa Verde UND 🆕,Salsa Verde UND 🆕,Día de la Madre,172
Santa Teresita,MEX,,21 SANTA TERESITA,6205,Salsa Roja UND 🆕,Salsa Roja UND 🆕,Día de la Madre,99
Santa Teresita,MEX,,21 SANTA TERESITA,1434,Tocineta,Tocineta,Día de la Madre,546
Santa Teresita,MEX,,21 SANTA TERESITA,1245,Almendra Fileteada Insumo,Almendra Fileteada Insumo,Día de la Madre,1140
Santa Teresita,MEX,,21 SANTA TERESITA,1304,Croissant Grande,Croissant Grande,Día de la Madre,9
Santa Teresita,MEX,,21 SANTA TERESITA,1430,Tapa Bowl Kraft Chico,Tapa Bowl Kraft Chico,Día de la Madre,129
Santa Teresita,MEX,,21 SANTA TERESITA,1266,Bowl Kraft Chico,Bowl Kraft Chico,Día de la Madre,129
Santa Teresita,MEX,,21 SANTA TERESITA,1431,Tapa Bowl Kraft Grande,Tapa Bowl Kraft Grande,Día de la Madre,222
Santa Teresita,MEX,,21 SANTA TERESITA,1267,Bowl Kraft Grande,Bowl Kraft Grande,Día de la Madre,223
Santa Teresita,MEX,,21 SANTA TERESITA,1395,Porta Hamburguesa,Porta Hamburguesa,Día de la Madre,19
Santa Teresita,MEX,,21 SANTA TERESITA,1271,Caja Lounch,Caja Lounch,Día de la Madre,25
Santa Teresita,MEX,,21 SANTA TERESITA,1419,servilletas,servilletas,Día de la Madre,597
Santa Teresita,MEX,,21 SANTA TERESITA,1669,Bowl Sopa,Bowl Sopa,Día de la Madre,59
Santa Teresita,MEX,,21 SANTA TERESITA,1670,Tapa Bowl Sopa,Tapa Bowl Sopa,Día de la Madre,59
Santa Teresita,MEX,,21 SANTA TERESITA,1311,Espinaca,Espinaca,Día de la Madre,910
Santa Teresita,MEX,,21 SANTA TERESITA,2381,Jitomate Saladed,Jitomate Saladed,Día de la Madre,5600
Santa Teresita,MEX,,21 SANTA TERESITA,1289,Cilantro Insumo,Cilantro Insumo,Día de la Madre,193
Santa Teresita,MEX,,21 SANTA TERESITA,1276,Cebolla Blanca Insumo,Cebolla Blanca Insumo,Día de la Madre,4680
Santa Teresita,MEX,,21 SANTA TERESITA,1249,Arandano fresco Insumo,Arandano fresco Insumo,Día de la Madre,900
Santa Teresita,MEX,,21 SANTA TERESITA,1257,Banano Criollo Insumo,Banano Criollo Insumo,Día de la Madre,2520
Santa Teresita,MEX,,21 SANTA TERESITA,1312,Fresa Insumo,Fresa Insumo,Día de la Madre,2516
Santa Teresita,MEX,,21 SANTA TERESITA,1391,Pina Miel Insumo,Pina Miel Insumo,Día de la Madre,980
Santa Teresita,MEX,,21 SANTA TERESITA,1374,Papaya Maradol Insumo,Papaya Maradol Insumo,Día de la Madre,980
Santa Teresita,MEX,,21 SANTA TERESITA,5319,Frosting Queso Crema y Yogurt,Frosting Queso Crema y Yogurt,Día de la Madre,880
Santa Teresita,MEX,,21 SANTA TERESITA,1303,Crema acida,Crema acida,Día de la Madre,3660
Santa Teresita,MEX,,21 SANTA TERESITA,5392,"Salsa ""Del Barça""","Salsa ""Del Barça""",Día de la Madre,720
Santa Teresita,MEX,,21 SANTA TERESITA,3055,Salsa Burger con Jalapeño,Salsa Burger con Jalapeño,Día de la Madre,480
Santa Teresita,MEX,,21 SANTA TERESITA,1362,Miel de maple,Miel de maple,Día de la Madre,8520
Santa Teresita,MEX,,21 SANTA TERESITA,1836,Arrachera insumo,Arrachera insumo,Día de la Madre,5830
Santa Teresita,MEX,,21 SANTA TERESITA,1491,Totopos,Totopos,Día de la Madre,18900
Santa Teresita,MEX,,21 SANTA TERESITA,1511,Salsa Frutos Rojos,Salsa Frutos Rojos,Día de la Madre,200
Santa Teresita,MEX,,21 SANTA TERESITA,1039,Jugo de Naranja,Jugo de Naranja,Día de la Madre,95
Santa Teresita,MEX,,21 SANTA TERESITA,1117,Porcion de Fruta,Porcion de Fruta,Día de la Madre,13
Santa Teresita,MEX,,21 SANTA TERESITA,1493,Guacamole,Guacamole,Día de la Madre,3800
Santa Teresita,MEX,,21 SANTA TERESITA,3058,Mezcla mantequilla y aceite,Mezcla mantequilla y aceite,Día de la Madre,530
Santa Teresita,MEX,,21 SANTA TERESITA,1503,Avena Preparada,Avena Preparada,Día de la Madre,2160
Santa Teresita,MEX,,21 SANTA TERESITA,1516,Pico de Gallo Produccion,Pico de Gallo Produccion,Día de la Madre,1040
Santa Teresita,MEX,,21 SANTA TERESITA,1515,Yogurt Griego Preparado,Yogurt Griego Preparado,Día de la Madre,1260
Santa Teresita,MEX,,21 SANTA TERESITA,1504,Granola Produccion,Granola Produccion,Día de la Madre,245
Santa Teresita,MEX,,21 SANTA TERESITA,1401,Queso Mozzarella,Queso Mozzarella,Día de la Madre,7860
Santa Teresita,MEX,,21 SANTA TERESITA,2738,Queso Panela,Queso Panela,Día de la Madre,1426
Santa Teresita,MEX,,21 SANTA TERESITA,2540,Pan de Papa Fasfu 100 gr,Pan de Papa Fasfu 100 gr,Día de la Madre,13
Santa Teresita,MEX,,21 SANTA TERESITA,1272,Cajeta Insumo,Cajeta Insumo,Día de la Madre,1080
Santa Teresita,MEX,,21 SANTA TERESITA,1327,Jamon De Cerdo Insumo,Jamon De Cerdo Insumo,Día de la Madre,1200
Santa Teresita,MEX,,21 SANTA TERESITA,1321,Hashbrown McCain,Hashbrown McCain,Día de la Madre,1300
Santa Teresita,MEX,,21 SANTA TERESITA,2187,Tarjeta Especial Insumo,Tarjeta Especial Insumo,Día de la Madre,30
Santa Teresita,MEX,,21 SANTA TERESITA,1418,Semillas de chia Insumo,Semillas de chia Insumo,Día de la Madre,33
Tlaquepaque,MEX,,34 TLAQUEPAQUE,1507,Mezcla Pancakes Tradicionales Liquida,Mezcla Pancakes Tradicionales Liquida,Día de la Madre,11180
Tlaquepaque,MEX,,34 TLAQUEPAQUE,1505,Mezcla Pancakes Avena Liquida,Mezcla Pancakes Avena Liquida,Día de la Madre,4590
Tlaquepaque,MEX,,34 TLAQUEPAQUE,5444,Chilaquiles verdes toppings default,Chilaquiles verdes toppings default,Día de la Madre,9
Tlaquepaque,MEX,,34 TLAQUEPAQUE,5809,Pancakes Tradicionales Nuevos,Pancakes Tradicionales Nuevos,Día de la Madre,11
Tlaquepaque,MEX,,34 TLAQUEPAQUE,2189,Tarjeta Dia de las Madres.🌷,Tarjeta Dia de las Madres.🌷,Día de la Madre,12
Tlaquepaque,MEX,,34 TLAQUEPAQUE,6403,Pancakes de Cajeta y Plátano. 🆕,Pancakes de Cajeta y Plátano. 🆕,Día de la Madre,10
Tlaquepaque,MEX,,34 TLAQUEPAQUE,6218,Croissant de Frutos Rojos,Croissant de Frutos Rojos,Día de la Madre,3
Tlaquepaque,MEX,,34 TLAQUEPAQUE,1288,Chorizo Insumo,Chorizo Insumo,Día de la Madre,640
Tlaquepaque,MEX,,34 TLAQUEPAQUE,1471,Frijol Refrito,Frijol Refrito,Día de la Madre,2460
Tlaquepaque,MEX,,34 TLAQUEPAQUE,1532,Arroz Blanco Cocido,Arroz Blanco Cocido,Día de la Madre,3720
Tlaquepaque,MEX,,34 TLAQUEPAQUE,6204,Salsa Verde UND 🆕,Salsa Verde UND 🆕,Día de la Madre,103
Tlaquepaque,MEX,,34 TLAQUEPAQUE,6205,Salsa Roja UND 🆕,Salsa Roja UND 🆕,Día de la Madre,64
Tlaquepaque,MEX,,34 TLAQUEPAQUE,1434,Tocineta,Tocineta,Día de la Madre,462
Tlaquepaque,MEX,,34 TLAQUEPAQUE,1245,Almendra Fileteada Insumo,Almendra Fileteada Insumo,Día de la Madre,465
Tlaquepaque,MEX,,34 TLAQUEPAQUE,1304,Croissant Grande,Croissant Grande,Día de la Madre,6
Tlaquepaque,MEX,,34 TLAQUEPAQUE,1430,Tapa Bowl Kraft Chico,Tapa Bowl Kraft Chico,Día de la Madre,55
Tlaquepaque,MEX,,34 TLAQUEPAQUE,1266,Bowl Kraft Chico,Bowl Kraft Chico,Día de la Madre,55
Tlaquepaque,MEX,,34 TLAQUEPAQUE,1431,Tapa Bowl Kraft Grande,Tapa Bowl Kraft Grande,Día de la Madre,112
Tlaquepaque,MEX,,34 TLAQUEPAQUE,1267,Bowl Kraft Grande,Bowl Kraft Grande,Día de la Madre,112
Tlaquepaque,MEX,,34 TLAQUEPAQUE,1395,Porta Hamburguesa,Porta Hamburguesa,Día de la Madre,18
Tlaquepaque,MEX,,34 TLAQUEPAQUE,1271,Caja Lounch,Caja Lounch,Día de la Madre,12
Tlaquepaque,MEX,,34 TLAQUEPAQUE,1419,servilletas,servilletas,Día de la Madre,312
Tlaquepaque,MEX,,34 TLAQUEPAQUE,1669,Bowl Sopa,Bowl Sopa,Día de la Madre,20
Tlaquepaque,MEX,,34 TLAQUEPAQUE,1670,Tapa Bowl Sopa,Tapa Bowl Sopa,Día de la Madre,20
Tlaquepaque,MEX,,34 TLAQUEPAQUE,1311,Espinaca,Espinaca,Día de la Madre,280
Tlaquepaque,MEX,,34 TLAQUEPAQUE,2381,Jitomate Saladed,Jitomate Saladed,Día de la Madre,2310
Tlaquepaque,MEX,,34 TLAQUEPAQUE,1289,Cilantro Insumo,Cilantro Insumo,Día de la Madre,87
Tlaquepaque,MEX,,34 TLAQUEPAQUE,1276,Cebolla Blanca Insumo,Cebolla Blanca Insumo,Día de la Madre,3560
Tlaquepaque,MEX,,34 TLAQUEPAQUE,1249,Arandano fresco Insumo,Arandano fresco Insumo,Día de la Madre,400
Tlaquepaque,MEX,,34 TLAQUEPAQUE,1257,Banano Criollo Insumo,Banano Criollo Insumo,Día de la Madre,1080
Tlaquepaque,MEX,,34 TLAQUEPAQUE,1312,Fresa Insumo,Fresa Insumo,Día de la Madre,1147
Tlaquepaque,MEX,,34 TLAQUEPAQUE,1391,Pina Miel Insumo,Pina Miel Insumo,Día de la Madre,490
Tlaquepaque,MEX,,34 TLAQUEPAQUE,1374,Papaya Maradol Insumo,Papaya Maradol Insumo,Día de la Madre,490
Tlaquepaque,MEX,,34 TLAQUEPAQUE,5319,Frosting Queso Crema y Yogurt,Frosting Queso Crema y Yogurt,Día de la Madre,440
Tlaquepaque,MEX,,34 TLAQUEPAQUE,1303,Crema acida,Crema acida,Día de la Madre,1950
Tlaquepaque,MEX,,34 TLAQUEPAQUE,5392,"Salsa ""Del Barça""","Salsa ""Del Barça""",Día de la Madre,630
Tlaquepaque,MEX,,34 TLAQUEPAQUE,3055,Salsa Burger con Jalapeño,Salsa Burger con Jalapeño,Día de la Madre,540
Tlaquepaque,MEX,,34 TLAQUEPAQUE,1362,Miel de maple,Miel de maple,Día de la Madre,3510
Tlaquepaque,MEX,,34 TLAQUEPAQUE,1836,Arrachera insumo,Arrachera insumo,Día de la Madre,4290
Tlaquepaque,MEX,,34 TLAQUEPAQUE,1491,Totopos,Totopos,Día de la Madre,12000
Tlaquepaque,MEX,,34 TLAQUEPAQUE,1511,Salsa Frutos Rojos,Salsa Frutos Rojos,Día de la Madre,120
Tlaquepaque,MEX,,34 TLAQUEPAQUE,1039,Jugo de Naranja,Jugo de Naranja,Día de la Madre,40
Tlaquepaque,MEX,,34 TLAQUEPAQUE,1117,Porcion de Fruta,Porcion de Fruta,Día de la Madre,8
Tlaquepaque,MEX,,34 TLAQUEPAQUE,1493,Guacamole,Guacamole,Día de la Madre,2250
Tlaquepaque,MEX,,34 TLAQUEPAQUE,3058,Mezcla mantequilla y aceite,Mezcla mantequilla y aceite,Día de la Madre,490
Tlaquepaque,MEX,,34 TLAQUEPAQUE,1503,Avena Preparada,Avena Preparada,Día de la Madre,900
Tlaquepaque,MEX,,34 TLAQUEPAQUE,1516,Pico de Gallo Produccion,Pico de Gallo Produccion,Día de la Madre,600
Tlaquepaque,MEX,,34 TLAQUEPAQUE,1515,Yogurt Griego Preparado,Yogurt Griego Preparado,Día de la Madre,540
Tlaquepaque,MEX,,34 TLAQUEPAQUE,1504,Granola Produccion,Granola Produccion,Día de la Madre,105
Tlaquepaque,MEX,,34 TLAQUEPAQUE,1401,Queso Mozzarella,Queso Mozzarella,Día de la Madre,3810
Tlaquepaque,MEX,,34 TLAQUEPAQUE,2738,Queso Panela,Queso Panela,Día de la Madre,805
Tlaquepaque,MEX,,34 TLAQUEPAQUE,2540,Pan de Papa Fasfu 100 gr,Pan de Papa Fasfu 100 gr,Día de la Madre,9
Tlaquepaque,MEX,,34 TLAQUEPAQUE,1272,Cajeta Insumo,Cajeta Insumo,Día de la Madre,440
Tlaquepaque,MEX,,34 TLAQUEPAQUE,1327,Jamon De Cerdo Insumo,Jamon De Cerdo Insumo,Día de la Madre,520
Tlaquepaque,MEX,,34 TLAQUEPAQUE,1321,Hashbrown McCain,Hashbrown McCain,Día de la Madre,390
Tlaquepaque,MEX,,34 TLAQUEPAQUE,2187,Tarjeta Especial Insumo,Tarjeta Especial Insumo,Día de la Madre,12
Tlaquepaque,MEX,,34 TLAQUEPAQUE,1418,Semillas de chia Insumo,Semillas de chia Insumo,Día de la Madre,14
Carretera Nacional,MEX,,28 CARRETERA NACIONA,1507,Mezcla Pancakes Tradicionales Liquida,Mezcla Pancakes Tradicionales Liquida,Día de la Madre,6240
Carretera Nacional,MEX,,28 CARRETERA NACIONA,1505,Mezcla Pancakes Avena Liquida,Mezcla Pancakes Avena Liquida,Día de la Madre,2430
Carretera Nacional,MEX,,28 CARRETERA NACIONA,5444,Chilaquiles verdes toppings default,Chilaquiles verdes toppings default,Día de la Madre,4
Carretera Nacional,MEX,,28 CARRETERA NACIONA,5809,Pancakes Tradicionales Nuevos,Pancakes Tradicionales Nuevos,Día de la Madre,6
Carretera Nacional,MEX,,28 CARRETERA NACIONA,2189,Tarjeta Dia de las Madres.🌷,Tarjeta Dia de las Madres.🌷,Día de la Madre,7
Carretera Nacional,MEX,,28 CARRETERA NACIONA,6403,Pancakes de Cajeta y Plátano. 🆕,Pancakes de Cajeta y Plátano. 🆕,Día de la Madre,5
Carretera Nacional,MEX,,28 CARRETERA NACIONA,6218,Croissant de Frutos Rojos,Croissant de Frutos Rojos,Día de la Madre,3
Carretera Nacional,MEX,,28 CARRETERA NACIONA,1288,Chorizo Insumo,Chorizo Insumo,Día de la Madre,560
Carretera Nacional,MEX,,28 CARRETERA NACIONA,1471,Frijol Refrito,Frijol Refrito,Día de la Madre,1320
Carretera Nacional,MEX,,28 CARRETERA NACIONA,1532,Arroz Blanco Cocido,Arroz Blanco Cocido,Día de la Madre,1200
Carretera Nacional,MEX,,28 CARRETERA NACIONA,6204,Salsa Verde UND 🆕,Salsa Verde UND 🆕,Día de la Madre,53
Carretera Nacional,MEX,,28 CARRETERA NACIONA,6205,Salsa Roja UND 🆕,Salsa Roja UND 🆕,Día de la Madre,36
Carretera Nacional,MEX,,28 CARRETERA NACIONA,1434,Tocineta,Tocineta,Día de la Madre,294
Carretera Nacional,MEX,,28 CARRETERA NACIONA,1245,Almendra Fileteada Insumo,Almendra Fileteada Insumo,Día de la Madre,285
Carretera Nacional,MEX,,28 CARRETERA NACIONA,1304,Croissant Grande,Croissant Grande,Día de la Madre,6
Carretera Nacional,MEX,,28 CARRETERA NACIONA,1430,Tapa Bowl Kraft Chico,Tapa Bowl Kraft Chico,Día de la Madre,26
Carretera Nacional,MEX,,28 CARRETERA NACIONA,1266,Bowl Kraft Chico,Bowl Kraft Chico,Día de la Madre,26
Carretera Nacional,MEX,,28 CARRETERA NACIONA,1431,Tapa Bowl Kraft Grande,Tapa Bowl Kraft Grande,Día de la Madre,61
Carretera Nacional,MEX,,28 CARRETERA NACIONA,1267,Bowl Kraft Grande,Bowl Kraft Grande,Día de la Madre,61
Carretera Nacional,MEX,,28 CARRETERA NACIONA,1395,Porta Hamburguesa,Porta Hamburguesa,Día de la Madre,9
Carretera Nacional,MEX,,28 CARRETERA NACIONA,1271,Caja Lounch,Caja Lounch,Día de la Madre,10
Carretera Nacional,MEX,,28 CARRETERA NACIONA,1419,servilletas,servilletas,Día de la Madre,153
Carretera Nacional,MEX,,28 CARRETERA NACIONA,1669,Bowl Sopa,Bowl Sopa,Día de la Madre,10
Carretera Nacional,MEX,,28 CARRETERA NACIONA,1670,Tapa Bowl Sopa,Tapa Bowl Sopa,Día de la Madre,10
Carretera Nacional,MEX,,28 CARRETERA NACIONA,1311,Espinaca,Espinaca,Día de la Madre,80
Carretera Nacional,MEX,,28 CARRETERA NACIONA,2381,Jitomate Saladed,Jitomate Saladed,Día de la Madre,1015
Carretera Nacional,MEX,,28 CARRETERA NACIONA,1289,Cilantro Insumo,Cilantro Insumo,Día de la Madre,39
Carretera Nacional,MEX,,28 CARRETERA NACIONA,1276,Cebolla Blanca Insumo,Cebolla Blanca Insumo,Día de la Madre,1120
Carretera Nacional,MEX,,28 CARRETERA NACIONA,1249,Arandano fresco Insumo,Arandano fresco Insumo,Día de la Madre,200
Carretera Nacional,MEX,,28 CARRETERA NACIONA,1257,Banano Criollo Insumo,Banano Criollo Insumo,Día de la Madre,648
Carretera Nacional,MEX,,28 CARRETERA NACIONA,1312,Fresa Insumo,Fresa Insumo,Día de la Madre,888
Carretera Nacional,MEX,,28 CARRETERA NACIONA,1391,Pina Miel Insumo,Pina Miel Insumo,Día de la Madre,350
Carretera Nacional,MEX,,28 CARRETERA NACIONA,1374,Papaya Maradol Insumo,Papaya Maradol Insumo,Día de la Madre,350
Carretera Nacional,MEX,,28 CARRETERA NACIONA,5319,Frosting Queso Crema y Yogurt,Frosting Queso Crema y Yogurt,Día de la Madre,240
Carretera Nacional,MEX,,28 CARRETERA NACIONA,1303,Crema acida,Crema acida,Día de la Madre,960
Carretera Nacional,MEX,,28 CARRETERA NACIONA,5392,"Salsa ""Del Barça""","Salsa ""Del Barça""",Día de la Madre,270
Carretera Nacional,MEX,,28 CARRETERA NACIONA,3055,Salsa Burger con Jalapeño,Salsa Burger con Jalapeño,Día de la Madre,380
Carretera Nacional,MEX,,28 CARRETERA NACIONA,1362,Miel de maple,Miel de maple,Día de la Madre,1920
Carretera Nacional,MEX,,28 CARRETERA NACIONA,1836,Arrachera insumo,Arrachera insumo,Día de la Madre,1650
Carretera Nacional,MEX,,28 CARRETERA NACIONA,1491,Totopos,Totopos,Día de la Madre,6400
Carretera Nacional,MEX,,28 CARRETERA NACIONA,1511,Salsa Frutos Rojos,Salsa Frutos Rojos,Día de la Madre,120
Carretera Nacional,MEX,,28 CARRETERA NACIONA,1039,Jugo de Naranja,Jugo de Naranja,Día de la Madre,20
Carretera Nacional,MEX,,28 CARRETERA NACIONA,1117,Porcion de Fruta,Porcion de Fruta,Día de la Madre,3
Carretera Nacional,MEX,,28 CARRETERA NACIONA,1493,Guacamole,Guacamole,Día de la Madre,950
Carretera Nacional,MEX,,28 CARRETERA NACIONA,3058,Mezcla mantequilla y aceite,Mezcla mantequilla y aceite,Día de la Madre,290
Carretera Nacional,MEX,,28 CARRETERA NACIONA,1503,Avena Preparada,Avena Preparada,Día de la Madre,1080
Carretera Nacional,MEX,,28 CARRETERA NACIONA,1516,Pico de Gallo Produccion,Pico de Gallo Produccion,Día de la Madre,320
Carretera Nacional,MEX,,28 CARRETERA NACIONA,1515,Yogurt Griego Preparado,Yogurt Griego Preparado,Día de la Madre,540
Carretera Nacional,MEX,,28 CARRETERA NACIONA,1504,Granola Produccion,Granola Produccion,Día de la Madre,140
Carretera Nacional,MEX,,28 CARRETERA NACIONA,1401,Queso Mozzarella,Queso Mozzarella,Día de la Madre,1800
Carretera Nacional,MEX,,28 CARRETERA NACIONA,2738,Queso Panela,Queso Panela,Día de la Madre,414
Carretera Nacional,MEX,,28 CARRETERA NACIONA,2540,Pan de Papa Fasfu 100 gr,Pan de Papa Fasfu 100 gr,Día de la Madre,10
Carretera Nacional,MEX,,28 CARRETERA NACIONA,1272,Cajeta Insumo,Cajeta Insumo,Día de la Madre,280
Carretera Nacional,MEX,,28 CARRETERA NACIONA,1327,Jamon De Cerdo Insumo,Jamon De Cerdo Insumo,Día de la Madre,380
Carretera Nacional,MEX,,28 CARRETERA NACIONA,1321,Hashbrown McCain,Hashbrown McCain,Día de la Madre,390
Carretera Nacional,MEX,,28 CARRETERA NACIONA,2187,Tarjeta Especial Insumo,Tarjeta Especial Insumo,Día de la Madre,7
Carretera Nacional,MEX,,28 CARRETERA NACIONA,1418,Semillas de chia Insumo,Semillas de chia Insumo,Día de la Madre,9
Monterrey Centro,MEX,,39 MONTERREY CENTRO,1507,Mezcla Pancakes Tradicionales Liquida,Mezcla Pancakes Tradicionales Liquida,Día de la Madre,15080
Monterrey Centro,MEX,,39 MONTERREY CENTRO,1505,Mezcla Pancakes Avena Liquida,Mezcla Pancakes Avena Liquida,Día de la Madre,8100
Monterrey Centro,MEX,,39 MONTERREY CENTRO,5444,Chilaquiles verdes toppings default,Chilaquiles verdes toppings default,Día de la Madre,15
Monterrey Centro,MEX,,39 MONTERREY CENTRO,5809,Pancakes Tradicionales Nuevos,Pancakes Tradicionales Nuevos,Día de la Madre,21
Monterrey Centro,MEX,,39 MONTERREY CENTRO,2189,Tarjeta Dia de las Madres.🌷,Tarjeta Dia de las Madres.🌷,Día de la Madre,23
Monterrey Centro,MEX,,39 MONTERREY CENTRO,6403,Pancakes de Cajeta y Plátano. 🆕,Pancakes de Cajeta y Plátano. 🆕,Día de la Madre,10
Monterrey Centro,MEX,,39 MONTERREY CENTRO,6218,Croissant de Frutos Rojos,Croissant de Frutos Rojos,Día de la Madre,3
Monterrey Centro,MEX,,39 MONTERREY CENTRO,1288,Chorizo Insumo,Chorizo Insumo,Día de la Madre,1280
Monterrey Centro,MEX,,39 MONTERREY CENTRO,1471,Frijol Refrito,Frijol Refrito,Día de la Madre,2820
Monterrey Centro,MEX,,39 MONTERREY CENTRO,1532,Arroz Blanco Cocido,Arroz Blanco Cocido,Día de la Madre,2400
Monterrey Centro,MEX,,39 MONTERREY CENTRO,6204,Salsa Verde UND 🆕,Salsa Verde UND 🆕,Día de la Madre,127
Monterrey Centro,MEX,,39 MONTERREY CENTRO,6205,Salsa Roja UND 🆕,Salsa Roja UND 🆕,Día de la Madre,80
Monterrey Centro,MEX,,39 MONTERREY CENTRO,1434,Tocineta,Tocineta,Día de la Madre,588
Monterrey Centro,MEX,,39 MONTERREY CENTRO,1245,Almendra Fileteada Insumo,Almendra Fileteada Insumo,Día de la Madre,660
Monterrey Centro,MEX,,39 MONTERREY CENTRO,1304,Croissant Grande,Croissant Grande,Día de la Madre,6
Monterrey Centro,MEX,,39 MONTERREY CENTRO,1430,Tapa Bowl Kraft Chico,Tapa Bowl Kraft Chico,Día de la Madre,70
Monterrey Centro,MEX,,39 MONTERREY CENTRO,1266,Bowl Kraft Chico,Bowl Kraft Chico,Día de la Madre,69
Monterrey Centro,MEX,,39 MONTERREY CENTRO,1431,Tapa Bowl Kraft Grande,Tapa Bowl Kraft Grande,Día de la Madre,153
Monterrey Centro,MEX,,39 MONTERREY CENTRO,1267,Bowl Kraft Grande,Bowl Kraft Grande,Día de la Madre,153
Monterrey Centro,MEX,,39 MONTERREY CENTRO,1395,Porta Hamburguesa,Porta Hamburguesa,Día de la Madre,14
Monterrey Centro,MEX,,39 MONTERREY CENTRO,1271,Caja Lounch,Caja Lounch,Día de la Madre,14
Monterrey Centro,MEX,,39 MONTERREY CENTRO,1419,servilletas,servilletas,Día de la Madre,326
Monterrey Centro,MEX,,39 MONTERREY CENTRO,1669,Bowl Sopa,Bowl Sopa,Día de la Madre,21
Monterrey Centro,MEX,,39 MONTERREY CENTRO,1670,Tapa Bowl Sopa,Tapa Bowl Sopa,Día de la Madre,21
Monterrey Centro,MEX,,39 MONTERREY CENTRO,1311,Espinaca,Espinaca,Día de la Madre,200
Monterrey Centro,MEX,,39 MONTERREY CENTRO,2381,Jitomate Saladed,Jitomate Saladed,Día de la Madre,2485
Monterrey Centro,MEX,,39 MONTERREY CENTRO,1289,Cilantro Insumo,Cilantro Insumo,Día de la Madre,123
Monterrey Centro,MEX,,39 MONTERREY CENTRO,1276,Cebolla Blanca Insumo,Cebolla Blanca Insumo,Día de la Madre,2580
Monterrey Centro,MEX,,39 MONTERREY CENTRO,1249,Arandano fresco Insumo,Arandano fresco Insumo,Día de la Madre,500
Monterrey Centro,MEX,,39 MONTERREY CENTRO,1257,Banano Criollo Insumo,Banano Criollo Insumo,Día de la Madre,1728
Monterrey Centro,MEX,,39 MONTERREY CENTRO,1312,Fresa Insumo,Fresa Insumo,Día de la Madre,1776
Monterrey Centro,MEX,,39 MONTERREY CENTRO,1391,Pina Miel Insumo,Pina Miel Insumo,Día de la Madre,700
Monterrey Centro,MEX,,39 MONTERREY CENTRO,1374,Papaya Maradol Insumo,Papaya Maradol Insumo,Día de la Madre,700
Monterrey Centro,MEX,,39 MONTERREY CENTRO,5319,Frosting Queso Crema y Yogurt,Frosting Queso Crema y Yogurt,Día de la Madre,440
Monterrey Centro,MEX,,39 MONTERREY CENTRO,1303,Crema acida,Crema acida,Día de la Madre,2850
Monterrey Centro,MEX,,39 MONTERREY CENTRO,5392,"Salsa ""Del Barça""","Salsa ""Del Barça""",Día de la Madre,420
Monterrey Centro,MEX,,39 MONTERREY CENTRO,3055,Salsa Burger con Jalapeño,Salsa Burger con Jalapeño,Día de la Madre,380
Monterrey Centro,MEX,,39 MONTERREY CENTRO,1362,Miel de maple,Miel de maple,Día de la Madre,5250
Monterrey Centro,MEX,,39 MONTERREY CENTRO,1836,Arrachera insumo,Arrachera insumo,Día de la Madre,3190
Monterrey Centro,MEX,,39 MONTERREY CENTRO,1491,Totopos,Totopos,Día de la Madre,15400
Monterrey Centro,MEX,,39 MONTERREY CENTRO,1511,Salsa Frutos Rojos,Salsa Frutos Rojos,Día de la Madre,120
Monterrey Centro,MEX,,39 MONTERREY CENTRO,1039,Jugo de Naranja,Jugo de Naranja,Día de la Madre,58
Monterrey Centro,MEX,,39 MONTERREY CENTRO,1117,Porcion de Fruta,Porcion de Fruta,Día de la Madre,6
Monterrey Centro,MEX,,39 MONTERREY CENTRO,1493,Guacamole,Guacamole,Día de la Madre,2200
Monterrey Centro,MEX,,39 MONTERREY CENTRO,3058,Mezcla mantequilla y aceite,Mezcla mantequilla y aceite,Día de la Madre,340
Monterrey Centro,MEX,,39 MONTERREY CENTRO,1503,Avena Preparada,Avena Preparada,Día de la Madre,1620
Monterrey Centro,MEX,,39 MONTERREY CENTRO,1516,Pico de Gallo Produccion,Pico de Gallo Produccion,Día de la Madre,640
Monterrey Centro,MEX,,39 MONTERREY CENTRO,1515,Yogurt Griego Preparado,Yogurt Griego Preparado,Día de la Madre,1440
Monterrey Centro,MEX,,39 MONTERREY CENTRO,1504,Granola Produccion,Granola Produccion,Día de la Madre,315
Monterrey Centro,MEX,,39 MONTERREY CENTRO,1401,Queso Mozzarella,Queso Mozzarella,Día de la Madre,3570
Monterrey Centro,MEX,,39 MONTERREY CENTRO,2738,Queso Panela,Queso Panela,Día de la Madre,1219
Monterrey Centro,MEX,,39 MONTERREY CENTRO,2540,Pan de Papa Fasfu 100 gr,Pan de Papa Fasfu 100 gr,Día de la Madre,13
Monterrey Centro,MEX,,39 MONTERREY CENTRO,1272,Cajeta Insumo,Cajeta Insumo,Día de la Madre,480
Monterrey Centro,MEX,,39 MONTERREY CENTRO,1327,Jamon De Cerdo Insumo,Jamon De Cerdo Insumo,Día de la Madre,580
Monterrey Centro,MEX,,39 MONTERREY CENTRO,1321,Hashbrown McCain,Hashbrown McCain,Día de la Madre,520
Monterrey Centro,MEX,,39 MONTERREY CENTRO,2187,Tarjeta Especial Insumo,Tarjeta Especial Insumo,Día de la Madre,23
Monterrey Centro,MEX,,39 MONTERREY CENTRO,1418,Semillas de chia Insumo,Semillas de chia Insumo,Día de la Madre,28
Lincoln,MEX,,30 LINCOLN,1507,Mezcla Pancakes Tradicionales Liquida,Mezcla Pancakes Tradicionales Liquida,Día de la Madre,14560
Lincoln,MEX,,30 LINCOLN,1505,Mezcla Pancakes Avena Liquida,Mezcla Pancakes Avena Liquida,Día de la Madre,5670
Lincoln,MEX,,30 LINCOLN,5444,Chilaquiles verdes toppings default,Chilaquiles verdes toppings default,Día de la Madre,10
Lincoln,MEX,,30 LINCOLN,5809,Pancakes Tradicionales Nuevos,Pancakes Tradicionales Nuevos,Día de la Madre,16
Lincoln,MEX,,30 LINCOLN,2189,Tarjeta Dia de las Madres.🌷,Tarjeta Dia de las Madres.🌷,Día de la Madre,16
Lincoln,MEX,,30 LINCOLN,6403,Pancakes de Cajeta y Plátano. 🆕,Pancakes de Cajeta y Plátano. 🆕,Día de la Madre,12
Lincoln,MEX,,30 LINCOLN,6218,Croissant de Frutos Rojos,Croissant de Frutos Rojos,Día de la Madre,2
Lincoln,MEX,,30 LINCOLN,1288,Chorizo Insumo,Chorizo Insumo,Día de la Madre,1280
Lincoln,MEX,,30 LINCOLN,1471,Frijol Refrito,Frijol Refrito,Día de la Madre,3120
Lincoln,MEX,,30 LINCOLN,1532,Arroz Blanco Cocido,Arroz Blanco Cocido,Día de la Madre,2920
Lincoln,MEX,,30 LINCOLN,6204,Salsa Verde UND 🆕,Salsa Verde UND 🆕,Día de la Madre,151
Lincoln,MEX,,30 LINCOLN,6205,Salsa Roja UND 🆕,Salsa Roja UND 🆕,Día de la Madre,84
Lincoln,MEX,,30 LINCOLN,1434,Tocineta,Tocineta,Día de la Madre,504
Lincoln,MEX,,30 LINCOLN,1245,Almendra Fileteada Insumo,Almendra Fileteada Insumo,Día de la Madre,570
Lincoln,MEX,,30 LINCOLN,1304,Croissant Grande,Croissant Grande,Día de la Madre,6
Lincoln,MEX,,30 LINCOLN,1430,Tapa Bowl Kraft Chico,Tapa Bowl Kraft Chico,Día de la Madre,70
Lincoln,MEX,,30 LINCOLN,1266,Bowl Kraft Chico,Bowl Kraft Chico,Día de la Madre,69
Lincoln,MEX,,30 LINCOLN,1431,Tapa Bowl Kraft Grande,Tapa Bowl Kraft Grande,Día de la Madre,146
Lincoln,MEX,,30 LINCOLN,1267,Bowl Kraft Grande,Bowl Kraft Grande,Día de la Madre,147
Lincoln,MEX,,30 LINCOLN,1395,Porta Hamburguesa,Porta Hamburguesa,Día de la Madre,15
Lincoln,MEX,,30 LINCOLN,1271,Caja Lounch,Caja Lounch,Día de la Madre,14
Lincoln,MEX,,30 LINCOLN,1419,servilletas,servilletas,Día de la Madre,346
Lincoln,MEX,,30 LINCOLN,1669,Bowl Sopa,Bowl Sopa,Día de la Madre,18
Lincoln,MEX,,30 LINCOLN,1670,Tapa Bowl Sopa,Tapa Bowl Sopa,Día de la Madre,18
Lincoln,MEX,,30 LINCOLN,1311,Espinaca,Espinaca,Día de la Madre,310
Lincoln,MEX,,30 LINCOLN,2381,Jitomate Saladed,Jitomate Saladed,Día de la Madre,2835
Lincoln,MEX,,30 LINCOLN,1289,Cilantro Insumo,Cilantro Insumo,Día de la Madre,127
Lincoln,MEX,,30 LINCOLN,1276,Cebolla Blanca Insumo,Cebolla Blanca Insumo,Día de la Madre,3040
Lincoln,MEX,,30 LINCOLN,1249,Arandano fresco Insumo,Arandano fresco Insumo,Día de la Madre,480
Lincoln,MEX,,30 LINCOLN,1257,Banano Criollo Insumo,Banano Criollo Insumo,Día de la Madre,1188
Lincoln,MEX,,30 LINCOLN,1312,Fresa Insumo,Fresa Insumo,Día de la Madre,1073
Lincoln,MEX,,30 LINCOLN,1391,Pina Miel Insumo,Pina Miel Insumo,Día de la Madre,490
Lincoln,MEX,,30 LINCOLN,1374,Papaya Maradol Insumo,Papaya Maradol Insumo,Día de la Madre,490
Lincoln,MEX,,30 LINCOLN,5319,Frosting Queso Crema y Yogurt,Frosting Queso Crema y Yogurt,Día de la Madre,480
Lincoln,MEX,,30 LINCOLN,1303,Crema acida,Crema acida,Día de la Madre,3000
Lincoln,MEX,,30 LINCOLN,5392,"Salsa ""Del Barça""","Salsa ""Del Barça""",Día de la Madre,420
Lincoln,MEX,,30 LINCOLN,3055,Salsa Burger con Jalapeño,Salsa Burger con Jalapeño,Día de la Madre,460
Lincoln,MEX,,30 LINCOLN,1362,Miel de maple,Miel de maple,Día de la Madre,4530
Lincoln,MEX,,30 LINCOLN,1836,Arrachera insumo,Arrachera insumo,Día de la Madre,3850
Lincoln,MEX,,30 LINCOLN,1491,Totopos,Totopos,Día de la Madre,16000
Lincoln,MEX,,30 LINCOLN,1511,Salsa Frutos Rojos,Salsa Frutos Rojos,Día de la Madre,120
Lincoln,MEX,,30 LINCOLN,1039,Jugo de Naranja,Jugo de Naranja,Día de la Madre,47
Lincoln,MEX,,30 LINCOLN,1117,Porcion de Fruta,Porcion de Fruta,Día de la Madre,5
Lincoln,MEX,,30 LINCOLN,1493,Guacamole,Guacamole,Día de la Madre,2350
Lincoln,MEX,,30 LINCOLN,3058,Mezcla mantequilla y aceite,Mezcla mantequilla y aceite,Día de la Madre,420
Lincoln,MEX,,30 LINCOLN,1503,Avena Preparada,Avena Preparada,Día de la Madre,900
Lincoln,MEX,,30 LINCOLN,1516,Pico de Gallo Produccion,Pico de Gallo Produccion,Día de la Madre,640
Lincoln,MEX,,30 LINCOLN,1515,Yogurt Griego Preparado,Yogurt Griego Preparado,Día de la Madre,720
Lincoln,MEX,,30 LINCOLN,1504,Granola Produccion,Granola Produccion,Día de la Madre,140
Lincoln,MEX,,30 LINCOLN,1401,Queso Mozzarella,Queso Mozzarella,Día de la Madre,3990
Lincoln,MEX,,30 LINCOLN,2738,Queso Panela,Queso Panela,Día de la Madre,1311
Lincoln,MEX,,30 LINCOLN,2540,Pan de Papa Fasfu 100 gr,Pan de Papa Fasfu 100 gr,Día de la Madre,12
Lincoln,MEX,,30 LINCOLN,1272,Cajeta Insumo,Cajeta Insumo,Día de la Madre,560
Lincoln,MEX,,30 LINCOLN,1327,Jamon De Cerdo Insumo,Jamon De Cerdo Insumo,Día de la Madre,660
Lincoln,MEX,,30 LINCOLN,1321,Hashbrown McCain,Hashbrown McCain,Día de la Madre,520
Lincoln,MEX,,30 LINCOLN,2187,Tarjeta Especial Insumo,Tarjeta Especial Insumo,Día de la Madre,16
Lincoln,MEX,,30 LINCOLN,1418,Semillas de chia Insumo,Semillas de chia Insumo,Día de la Madre,14
Cumbres,MEX,,17 CUMBRES,1507,Mezcla Pancakes Tradicionales Liquida,Mezcla Pancakes Tradicionales Liquida,Día de la Madre,25740
Cumbres,MEX,,17 CUMBRES,1505,Mezcla Pancakes Avena Liquida,Mezcla Pancakes Avena Liquida,Día de la Madre,8370
Cumbres,MEX,,17 CUMBRES,5444,Chilaquiles verdes toppings default,Chilaquiles verdes toppings default,Día de la Madre,18
Cumbres,MEX,,17 CUMBRES,5809,Pancakes Tradicionales Nuevos,Pancakes Tradicionales Nuevos,Día de la Madre,28
Cumbres,MEX,,17 CUMBRES,2189,Tarjeta Dia de las Madres.🌷,Tarjeta Dia de las Madres.🌷,Día de la Madre,30
Cumbres,MEX,,17 CUMBRES,6403,Pancakes de Cajeta y Plátano. 🆕,Pancakes de Cajeta y Plátano. 🆕,Día de la Madre,22
Cumbres,MEX,,17 CUMBRES,6218,Croissant de Frutos Rojos,Croissant de Frutos Rojos,Día de la Madre,5
Cumbres,MEX,,17 CUMBRES,1288,Chorizo Insumo,Chorizo Insumo,Día de la Madre,1200
Cumbres,MEX,,17 CUMBRES,1471,Frijol Refrito,Frijol Refrito,Día de la Madre,2820
Cumbres,MEX,,17 CUMBRES,1532,Arroz Blanco Cocido,Arroz Blanco Cocido,Día de la Madre,2280
Cumbres,MEX,,17 CUMBRES,6204,Salsa Verde UND 🆕,Salsa Verde UND 🆕,Día de la Madre,165
Cumbres,MEX,,17 CUMBRES,6205,Salsa Roja UND 🆕,Salsa Roja UND 🆕,Día de la Madre,74
Cumbres,MEX,,17 CUMBRES,1434,Tocineta,Tocineta,Día de la Madre,504
Cumbres,MEX,,17 CUMBRES,1245,Almendra Fileteada Insumo,Almendra Fileteada Insumo,Día de la Madre,660
Cumbres,MEX,,17 CUMBRES,1304,Croissant Grande,Croissant Grande,Día de la Madre,8
Cumbres,MEX,,17 CUMBRES,1430,Tapa Bowl Kraft Chico,Tapa Bowl Kraft Chico,Día de la Madre,51
Cumbres,MEX,,17 CUMBRES,1266,Bowl Kraft Chico,Bowl Kraft Chico,Día de la Madre,51
Cumbres,MEX,,17 CUMBRES,1431,Tapa Bowl Kraft Grande,Tapa Bowl Kraft Grande,Día de la Madre,207
Cumbres,MEX,,17 CUMBRES,1267,Bowl Kraft Grande,Bowl Kraft Grande,Día de la Madre,208
Cumbres,MEX,,17 CUMBRES,1395,Porta Hamburguesa,Porta Hamburguesa,Día de la Madre,20
Cumbres,MEX,,17 CUMBRES,1271,Caja Lounch,Caja Lounch,Día de la Madre,15
Cumbres,MEX,,17 CUMBRES,1419,servilletas,servilletas,Día de la Madre,387
Cumbres,MEX,,17 CUMBRES,1669,Bowl Sopa,Bowl Sopa,Día de la Madre,18
Cumbres,MEX,,17 CUMBRES,1670,Tapa Bowl Sopa,Tapa Bowl Sopa,Día de la Madre,18
Cumbres,MEX,,17 CUMBRES,1311,Espinaca,Espinaca,Día de la Madre,270
Cumbres,MEX,,17 CUMBRES,2381,Jitomate Saladed,Jitomate Saladed,Día de la Madre,1995
Cumbres,MEX,,17 CUMBRES,1289,Cilantro Insumo,Cilantro Insumo,Día de la Madre,116
Cumbres,MEX,,17 CUMBRES,1276,Cebolla Blanca Insumo,Cebolla Blanca Insumo,Día de la Madre,2880
Cumbres,MEX,,17 CUMBRES,1249,Arandano fresco Insumo,Arandano fresco Insumo,Día de la Madre,840
Cumbres,MEX,,17 CUMBRES,1257,Banano Criollo Insumo,Banano Criollo Insumo,Día de la Madre,1620
Cumbres,MEX,,17 CUMBRES,1312,Fresa Insumo,Fresa Insumo,Día de la Madre,1295
Cumbres,MEX,,17 CUMBRES,1391,Pina Miel Insumo,Pina Miel Insumo,Día de la Madre,420
Cumbres,MEX,,17 CUMBRES,1374,Papaya Maradol Insumo,Papaya Maradol Insumo,Día de la Madre,420
Cumbres,MEX,,17 CUMBRES,5319,Frosting Queso Crema y Yogurt,Frosting Queso Crema y Yogurt,Día de la Madre,880
Cumbres,MEX,,17 CUMBRES,1303,Crema acida,Crema acida,Día de la Madre,2970
Cumbres,MEX,,17 CUMBRES,5392,"Salsa ""Del Barça""","Salsa ""Del Barça""",Día de la Madre,450
Cumbres,MEX,,17 CUMBRES,3055,Salsa Burger con Jalapeño,Salsa Burger con Jalapeño,Día de la Madre,620
Cumbres,MEX,,17 CUMBRES,1362,Miel de maple,Miel de maple,Día de la Madre,7710
Cumbres,MEX,,17 CUMBRES,1836,Arrachera insumo,Arrachera insumo,Día de la Madre,3190
Cumbres,MEX,,17 CUMBRES,1491,Totopos,Totopos,Día de la Madre,18900
Cumbres,MEX,,17 CUMBRES,1511,Salsa Frutos Rojos,Salsa Frutos Rojos,Día de la Madre,200
Cumbres,MEX,,17 CUMBRES,1039,Jugo de Naranja,Jugo de Naranja,Día de la Madre,72
Cumbres,MEX,,17 CUMBRES,1117,Porcion de Fruta,Porcion de Fruta,Día de la Madre,6
Cumbres,MEX,,17 CUMBRES,1493,Guacamole,Guacamole,Día de la Madre,2200
Cumbres,MEX,,17 CUMBRES,3058,Mezcla mantequilla y aceite,Mezcla mantequilla y aceite,Día de la Madre,510
Cumbres,MEX,,17 CUMBRES,1503,Avena Preparada,Avena Preparada,Día de la Madre,1260
Cumbres,MEX,,17 CUMBRES,1516,Pico de Gallo Produccion,Pico de Gallo Produccion,Día de la Madre,520
Cumbres,MEX,,17 CUMBRES,1515,Yogurt Griego Preparado,Yogurt Griego Preparado,Día de la Madre,1080
Cumbres,MEX,,17 CUMBRES,1504,Granola Produccion,Granola Produccion,Día de la Madre,245
Cumbres,MEX,,17 CUMBRES,1401,Queso Mozzarella,Queso Mozzarella,Día de la Madre,3660
Cumbres,MEX,,17 CUMBRES,2738,Queso Panela,Queso Panela,Día de la Madre,1265
Cumbres,MEX,,17 CUMBRES,2540,Pan de Papa Fasfu 100 gr,Pan de Papa Fasfu 100 gr,Día de la Madre,17
Cumbres,MEX,,17 CUMBRES,1272,Cajeta Insumo,Cajeta Insumo,Día de la Madre,1000
Cumbres,MEX,,17 CUMBRES,1327,Jamon De Cerdo Insumo,Jamon De Cerdo Insumo,Día de la Madre,560
Cumbres,MEX,,17 CUMBRES,1321,Hashbrown McCain,Hashbrown McCain,Día de la Madre,1040
Cumbres,MEX,,17 CUMBRES,2187,Tarjeta Especial Insumo,Tarjeta Especial Insumo,Día de la Madre,30
Cumbres,MEX,,17 CUMBRES,1418,Semillas de chia Insumo,Semillas de chia Insumo,Día de la Madre,22
Saltillo Centro,MEX,,38 SALTILLO CENTRO,1507,Mezcla Pancakes Tradicionales Liquida,Mezcla Pancakes Tradicionales Liquida,Día de la Madre,6500
Saltillo Centro,MEX,,38 SALTILLO CENTRO,1505,Mezcla Pancakes Avena Liquida,Mezcla Pancakes Avena Liquida,Día de la Madre,2700
Saltillo Centro,MEX,,38 SALTILLO CENTRO,5444,Chilaquiles verdes toppings default,Chilaquiles verdes toppings default,Día de la Madre,4
Saltillo Centro,MEX,,38 SALTILLO CENTRO,5809,Pancakes Tradicionales Nuevos,Pancakes Tradicionales Nuevos,Día de la Madre,5
Saltillo Centro,MEX,,38 SALTILLO CENTRO,2189,Tarjeta Dia de las Madres.🌷,Tarjeta Dia de las Madres.🌷,Día de la Madre,5
Saltillo Centro,MEX,,38 SALTILLO CENTRO,6403,Pancakes de Cajeta y Plátano. 🆕,Pancakes de Cajeta y Plátano. 🆕,Día de la Madre,7
Saltillo Centro,MEX,,38 SALTILLO CENTRO,6218,Croissant de Frutos Rojos,Croissant de Frutos Rojos,Día de la Madre,1
Saltillo Centro,MEX,,38 SALTILLO CENTRO,1288,Chorizo Insumo,Chorizo Insumo,Día de la Madre,960
Saltillo Centro,MEX,,38 SALTILLO CENTRO,1471,Frijol Refrito,Frijol Refrito,Día de la Madre,3000
Saltillo Centro,MEX,,38 SALTILLO CENTRO,1532,Arroz Blanco Cocido,Arroz Blanco Cocido,Día de la Madre,3120
Saltillo Centro,MEX,,38 SALTILLO CENTRO,6204,Salsa Verde UND 🆕,Salsa Verde UND 🆕,Día de la Madre,76
Saltillo Centro,MEX,,38 SALTILLO CENTRO,6205,Salsa Roja UND 🆕,Salsa Roja UND 🆕,Día de la Madre,50
Saltillo Centro,MEX,,38 SALTILLO CENTRO,1434,Tocineta,Tocineta,Día de la Madre,294
Saltillo Centro,MEX,,38 SALTILLO CENTRO,1245,Almendra Fileteada Insumo,Almendra Fileteada Insumo,Día de la Madre,285
Saltillo Centro,MEX,,38 SALTILLO CENTRO,1304,Croissant Grande,Croissant Grande,Día de la Madre,3
Saltillo Centro,MEX,,38 SALTILLO CENTRO,1430,Tapa Bowl Kraft Chico,Tapa Bowl Kraft Chico,Día de la Madre,54
Saltillo Centro,MEX,,38 SALTILLO CENTRO,1266,Bowl Kraft Chico,Bowl Kraft Chico,Día de la Madre,54
Saltillo Centro,MEX,,38 SALTILLO CENTRO,1431,Tapa Bowl Kraft Grande,Tapa Bowl Kraft Grande,Día de la Madre,76
Saltillo Centro,MEX,,38 SALTILLO CENTRO,1267,Bowl Kraft Grande,Bowl Kraft Grande,Día de la Madre,76
Saltillo Centro,MEX,,38 SALTILLO CENTRO,1395,Porta Hamburguesa,Porta Hamburguesa,Día de la Madre,11
Saltillo Centro,MEX,,38 SALTILLO CENTRO,1271,Caja Lounch,Caja Lounch,Día de la Madre,8
Saltillo Centro,MEX,,38 SALTILLO CENTRO,1419,servilletas,servilletas,Día de la Madre,237
Saltillo Centro,MEX,,38 SALTILLO CENTRO,1669,Bowl Sopa,Bowl Sopa,Día de la Madre,17
Saltillo Centro,MEX,,38 SALTILLO CENTRO,1670,Tapa Bowl Sopa,Tapa Bowl Sopa,Día de la Madre,17
Saltillo Centro,MEX,,38 SALTILLO CENTRO,1311,Espinaca,Espinaca,Día de la Madre,110
Saltillo Centro,MEX,,38 SALTILLO CENTRO,2381,Jitomate Saladed,Jitomate Saladed,Día de la Madre,1960
Saltillo Centro,MEX,,38 SALTILLO CENTRO,1289,Cilantro Insumo,Cilantro Insumo,Día de la Madre,98
Saltillo Centro,MEX,,38 SALTILLO CENTRO,1276,Cebolla Blanca Insumo,Cebolla Blanca Insumo,Día de la Madre,2460
Saltillo Centro,MEX,,38 SALTILLO CENTRO,1249,Arandano fresco Insumo,Arandano fresco Insumo,Día de la Madre,220
Saltillo Centro,MEX,,38 SALTILLO CENTRO,1257,Banano Criollo Insumo,Banano Criollo Insumo,Día de la Madre,828
Saltillo Centro,MEX,,38 SALTILLO CENTRO,1312,Fresa Insumo,Fresa Insumo,Día de la Madre,740
Saltillo Centro,MEX,,38 SALTILLO CENTRO,1391,Pina Miel Insumo,Pina Miel Insumo,Día de la Madre,420
Saltillo Centro,MEX,,38 SALTILLO CENTRO,1374,Papaya Maradol Insumo,Papaya Maradol Insumo,Día de la Madre,420
Saltillo Centro,MEX,,38 SALTILLO CENTRO,5319,Frosting Queso Crema y Yogurt,Frosting Queso Crema y Yogurt,Día de la Madre,240
Saltillo Centro,MEX,,38 SALTILLO CENTRO,1303,Crema acida,Crema acida,Día de la Madre,2280
Saltillo Centro,MEX,,38 SALTILLO CENTRO,5392,"Salsa ""Del Barça""","Salsa ""Del Barça""",Día de la Madre,600
Saltillo Centro,MEX,,38 SALTILLO CENTRO,3055,Salsa Burger con Jalapeño,Salsa Burger con Jalapeño,Día de la Madre,360
Saltillo Centro,MEX,,38 SALTILLO CENTRO,1362,Miel de maple,Miel de maple,Día de la Madre,1890
Saltillo Centro,MEX,,38 SALTILLO CENTRO,1836,Arrachera insumo,Arrachera insumo,Día de la Madre,4400
Saltillo Centro,MEX,,38 SALTILLO CENTRO,1491,Totopos,Totopos,Día de la Madre,9300
Saltillo Centro,MEX,,38 SALTILLO CENTRO,1511,Salsa Frutos Rojos,Salsa Frutos Rojos,Día de la Madre,120
Saltillo Centro,MEX,,38 SALTILLO CENTRO,1039,Jugo de Naranja,Jugo de Naranja,Día de la Madre,19
Saltillo Centro,MEX,,38 SALTILLO CENTRO,1117,Porcion de Fruta,Porcion de Fruta,Día de la Madre,6
Saltillo Centro,MEX,,38 SALTILLO CENTRO,1493,Guacamole,Guacamole,Día de la Madre,2150
Saltillo Centro,MEX,,38 SALTILLO CENTRO,3058,Mezcla mantequilla y aceite,Mezcla mantequilla y aceite,Día de la Madre,300
Saltillo Centro,MEX,,38 SALTILLO CENTRO,1503,Avena Preparada,Avena Preparada,Día de la Madre,900
Saltillo Centro,MEX,,38 SALTILLO CENTRO,1516,Pico de Gallo Produccion,Pico de Gallo Produccion,Día de la Madre,560
Saltillo Centro,MEX,,38 SALTILLO CENTRO,1515,Yogurt Griego Preparado,Yogurt Griego Preparado,Día de la Madre,360
Saltillo Centro,MEX,,38 SALTILLO CENTRO,1504,Granola Produccion,Granola Produccion,Día de la Madre,70
Saltillo Centro,MEX,,38 SALTILLO CENTRO,1401,Queso Mozzarella,Queso Mozzarella,Día de la Madre,3420
Saltillo Centro,MEX,,38 SALTILLO CENTRO,2738,Queso Panela,Queso Panela,Día de la Madre,989
Saltillo Centro,MEX,,38 SALTILLO CENTRO,2540,Pan de Papa Fasfu 100 gr,Pan de Papa Fasfu 100 gr,Día de la Madre,8
Saltillo Centro,MEX,,38 SALTILLO CENTRO,1272,Cajeta Insumo,Cajeta Insumo,Día de la Madre,320
Saltillo Centro,MEX,,38 SALTILLO CENTRO,1327,Jamon De Cerdo Insumo,Jamon De Cerdo Insumo,Día de la Madre,360
Saltillo Centro,MEX,,38 SALTILLO CENTRO,1321,Hashbrown McCain,Hashbrown McCain,Día de la Madre,390
Saltillo Centro,MEX,,38 SALTILLO CENTRO,2187,Tarjeta Especial Insumo,Tarjeta Especial Insumo,Día de la Madre,5
Saltillo Centro,MEX,,38 SALTILLO CENTRO,1418,Semillas de chia Insumo,Semillas de chia Insumo,Día de la Madre,9
San Nicolas,MEX,,22 SAN NICOLAS,1507,Mezcla Pancakes Tradicionales Liquida,Mezcla Pancakes Tradicionales Liquida,Día de la Madre,2860
San Nicolas,MEX,,22 SAN NICOLAS,1505,Mezcla Pancakes Avena Liquida,Mezcla Pancakes Avena Liquida,Día de la Madre,2160
San Nicolas,MEX,,22 SAN NICOLAS,5444,Chilaquiles verdes toppings default,Chilaquiles verdes toppings default,Día de la Madre,1
San Nicolas,MEX,,22 SAN NICOLAS,5809,Pancakes Tradicionales Nuevos,Pancakes Tradicionales Nuevos,Día de la Madre,2
San Nicolas,MEX,,22 SAN NICOLAS,2189,Tarjeta Dia de las Madres.🌷,Tarjeta Dia de las Madres.🌷,Día de la Madre,0
San Nicolas,MEX,,22 SAN NICOLAS,6403,Pancakes de Cajeta y Plátano. 🆕,Pancakes de Cajeta y Plátano. 🆕,Día de la Madre,1
San Nicolas,MEX,,22 SAN NICOLAS,6218,Croissant de Frutos Rojos,Croissant de Frutos Rojos,Día de la Madre,0
San Nicolas,MEX,,22 SAN NICOLAS,1288,Chorizo Insumo,Chorizo Insumo,Día de la Madre,560
San Nicolas,MEX,,22 SAN NICOLAS,1471,Frijol Refrito,Frijol Refrito,Día de la Madre,1680
San Nicolas,MEX,,22 SAN NICOLAS,1532,Arroz Blanco Cocido,Arroz Blanco Cocido,Día de la Madre,1800
San Nicolas,MEX,,22 SAN NICOLAS,6204,Salsa Verde UND 🆕,Salsa Verde UND 🆕,Día de la Madre,59
San Nicolas,MEX,,22 SAN NICOLAS,6205,Salsa Roja UND 🆕,Salsa Roja UND 🆕,Día de la Madre,41
San Nicolas,MEX,,22 SAN NICOLAS,1434,Tocineta,Tocineta,Día de la Madre,336
San Nicolas,MEX,,22 SAN NICOLAS,1245,Almendra Fileteada Insumo,Almendra Fileteada Insumo,Día de la Madre,405
San Nicolas,MEX,,22 SAN NICOLAS,1304,Croissant Grande,Croissant Grande,Día de la Madre,4
San Nicolas,MEX,,22 SAN NICOLAS,1430,Tapa Bowl Kraft Chico,Tapa Bowl Kraft Chico,Día de la Madre,54
San Nicolas,MEX,,22 SAN NICOLAS,1266,Bowl Kraft Chico,Bowl Kraft Chico,Día de la Madre,54
San Nicolas,MEX,,22 SAN NICOLAS,1431,Tapa Bowl Kraft Grande,Tapa Bowl Kraft Grande,Día de la Madre,51
San Nicolas,MEX,,22 SAN NICOLAS,1267,Bowl Kraft Grande,Bowl Kraft Grande,Día de la Madre,51
San Nicolas,MEX,,22 SAN NICOLAS,1395,Porta Hamburguesa,Porta Hamburguesa,Día de la Madre,11
San Nicolas,MEX,,22 SAN NICOLAS,1271,Caja Lounch,Caja Lounch,Día de la Madre,9
San Nicolas,MEX,,22 SAN NICOLAS,1419,servilletas,servilletas,Día de la Madre,190
San Nicolas,MEX,,22 SAN NICOLAS,1669,Bowl Sopa,Bowl Sopa,Día de la Madre,16
San Nicolas,MEX,,22 SAN NICOLAS,1670,Tapa Bowl Sopa,Tapa Bowl Sopa,Día de la Madre,16
San Nicolas,MEX,,22 SAN NICOLAS,1311,Espinaca,Espinaca,Día de la Madre,320
San Nicolas,MEX,,22 SAN NICOLAS,2381,Jitomate Saladed,Jitomate Saladed,Día de la Madre,2380
San Nicolas,MEX,,22 SAN NICOLAS,1289,Cilantro Insumo,Cilantro Insumo,Día de la Madre,88
San Nicolas,MEX,,22 SAN NICOLAS,1276,Cebolla Blanca Insumo,Cebolla Blanca Insumo,Día de la Madre,2300
San Nicolas,MEX,,22 SAN NICOLAS,1249,Arandano fresco Insumo,Arandano fresco Insumo,Día de la Madre,160
San Nicolas,MEX,,22 SAN NICOLAS,1257,Banano Criollo Insumo,Banano Criollo Insumo,Día de la Madre,828
San Nicolas,MEX,,22 SAN NICOLAS,1312,Fresa Insumo,Fresa Insumo,Día de la Madre,999
San Nicolas,MEX,,22 SAN NICOLAS,1391,Pina Miel Insumo,Pina Miel Insumo,Día de la Madre,280
San Nicolas,MEX,,22 SAN NICOLAS,1374,Papaya Maradol Insumo,Papaya Maradol Insumo,Día de la Madre,280
San Nicolas,MEX,,22 SAN NICOLAS,5319,Frosting Queso Crema y Yogurt,Frosting Queso Crema y Yogurt,Día de la Madre,80
San Nicolas,MEX,,22 SAN NICOLAS,1303,Crema acida,Crema acida,Día de la Madre,2040
San Nicolas,MEX,,22 SAN NICOLAS,5392,"Salsa ""Del Barça""","Salsa ""Del Barça""",Día de la Madre,240
San Nicolas,MEX,,22 SAN NICOLAS,3055,Salsa Burger con Jalapeño,Salsa Burger con Jalapeño,Día de la Madre,280
San Nicolas,MEX,,22 SAN NICOLAS,1362,Miel de maple,Miel de maple,Día de la Madre,1050
San Nicolas,MEX,,22 SAN NICOLAS,1836,Arrachera insumo,Arrachera insumo,Día de la Madre,2310
San Nicolas,MEX,,22 SAN NICOLAS,1491,Totopos,Totopos,Día de la Madre,6500
San Nicolas,MEX,,22 SAN NICOLAS,1511,Salsa Frutos Rojos,Salsa Frutos Rojos,Día de la Madre,160
San Nicolas,MEX,,22 SAN NICOLAS,1039,Jugo de Naranja,Jugo de Naranja,Día de la Madre,13
San Nicolas,MEX,,22 SAN NICOLAS,1117,Porcion de Fruta,Porcion de Fruta,Día de la Madre,7
San Nicolas,MEX,,22 SAN NICOLAS,1493,Guacamole,Guacamole,Día de la Madre,1150
San Nicolas,MEX,,22 SAN NICOLAS,3058,Mezcla mantequilla y aceite,Mezcla mantequilla y aceite,Día de la Madre,300
San Nicolas,MEX,,22 SAN NICOLAS,1503,Avena Preparada,Avena Preparada,Día de la Madre,900
San Nicolas,MEX,,22 SAN NICOLAS,1516,Pico de Gallo Produccion,Pico de Gallo Produccion,Día de la Madre,440
San Nicolas,MEX,,22 SAN NICOLAS,1515,Yogurt Griego Preparado,Yogurt Griego Preparado,Día de la Madre,720
San Nicolas,MEX,,22 SAN NICOLAS,1504,Granola Produccion,Granola Produccion,Día de la Madre,140
San Nicolas,MEX,,22 SAN NICOLAS,1401,Queso Mozzarella,Queso Mozzarella,Día de la Madre,2220
San Nicolas,MEX,,22 SAN NICOLAS,2738,Queso Panela,Queso Panela,Día de la Madre,851
San Nicolas,MEX,,22 SAN NICOLAS,2540,Pan de Papa Fasfu 100 gr,Pan de Papa Fasfu 100 gr,Día de la Madre,8
San Nicolas,MEX,,22 SAN NICOLAS,1272,Cajeta Insumo,Cajeta Insumo,Día de la Madre,120
San Nicolas,MEX,,22 SAN NICOLAS,1327,Jamon De Cerdo Insumo,Jamon De Cerdo Insumo,Día de la Madre,260
San Nicolas,MEX,,22 SAN NICOLAS,1321,Hashbrown McCain,Hashbrown McCain,Día de la Madre,390
San Nicolas,MEX,,22 SAN NICOLAS,2187,Tarjeta Especial Insumo,Tarjeta Especial Insumo,Día de la Madre,0
San Nicolas,MEX,,22 SAN NICOLAS,1418,Semillas de chia Insumo,Semillas de chia Insumo,Día de la Madre,12
San Jeronimo,MEX,,10 SAN JERONIMO,1507,Mezcla Pancakes Tradicionales Liquida,Mezcla Pancakes Tradicionales Liquida,Día de la Madre,18200
San Jeronimo,MEX,,10 SAN JERONIMO,1505,Mezcla Pancakes Avena Liquida,Mezcla Pancakes Avena Liquida,Día de la Madre,7830
San Jeronimo,MEX,,10 SAN JERONIMO,5444,Chilaquiles verdes toppings default,Chilaquiles verdes toppings default,Día de la Madre,14
San Jeronimo,MEX,,10 SAN JERONIMO,5809,Pancakes Tradicionales Nuevos,Pancakes Tradicionales Nuevos,Día de la Madre,19
San Jeronimo,MEX,,10 SAN JERONIMO,2189,Tarjeta Dia de las Madres.🌷,Tarjeta Dia de las Madres.🌷,Día de la Madre,21
San Jeronimo,MEX,,10 SAN JERONIMO,6403,Pancakes de Cajeta y Plátano. 🆕,Pancakes de Cajeta y Plátano. 🆕,Día de la Madre,15
San Jeronimo,MEX,,10 SAN JERONIMO,6218,Croissant de Frutos Rojos,Croissant de Frutos Rojos,Día de la Madre,5
San Jeronimo,MEX,,10 SAN JERONIMO,1288,Chorizo Insumo,Chorizo Insumo,Día de la Madre,1760
San Jeronimo,MEX,,10 SAN JERONIMO,1471,Frijol Refrito,Frijol Refrito,Día de la Madre,4080
San Jeronimo,MEX,,10 SAN JERONIMO,1532,Arroz Blanco Cocido,Arroz Blanco Cocido,Día de la Madre,2840
San Jeronimo,MEX,,10 SAN JERONIMO,6204,Salsa Verde UND 🆕,Salsa Verde UND 🆕,Día de la Madre,153
San Jeronimo,MEX,,10 SAN JERONIMO,6205,Salsa Roja UND 🆕,Salsa Roja UND 🆕,Día de la Madre,125
San Jeronimo,MEX,,10 SAN JERONIMO,1434,Tocineta,Tocineta,Día de la Madre,546
San Jeronimo,MEX,,10 SAN JERONIMO,1245,Almendra Fileteada Insumo,Almendra Fileteada Insumo,Día de la Madre,990
San Jeronimo,MEX,,10 SAN JERONIMO,1304,Croissant Grande,Croissant Grande,Día de la Madre,8
San Jeronimo,MEX,,10 SAN JERONIMO,1430,Tapa Bowl Kraft Chico,Tapa Bowl Kraft Chico,Día de la Madre,91
San Jeronimo,MEX,,10 SAN JERONIMO,1266,Bowl Kraft Chico,Bowl Kraft Chico,Día de la Madre,91
San Jeronimo,MEX,,10 SAN JERONIMO,1431,Tapa Bowl Kraft Grande,Tapa Bowl Kraft Grande,Día de la Madre,187
San Jeronimo,MEX,,10 SAN JERONIMO,1267,Bowl Kraft Grande,Bowl Kraft Grande,Día de la Madre,187
San Jeronimo,MEX,,10 SAN JERONIMO,1395,Porta Hamburguesa,Porta Hamburguesa,Día de la Madre,20
San Jeronimo,MEX,,10 SAN JERONIMO,1271,Caja Lounch,Caja Lounch,Día de la Madre,18
San Jeronimo,MEX,,10 SAN JERONIMO,1419,servilletas,servilletas,Día de la Madre,424
San Jeronimo,MEX,,10 SAN JERONIMO,1669,Bowl Sopa,Bowl Sopa,Día de la Madre,26
San Jeronimo,MEX,,10 SAN JERONIMO,1670,Tapa Bowl Sopa,Tapa Bowl Sopa,Día de la Madre,26
San Jeronimo,MEX,,10 SAN JERONIMO,1311,Espinaca,Espinaca,Día de la Madre,600
San Jeronimo,MEX,,10 SAN JERONIMO,2381,Jitomate Saladed,Jitomate Saladed,Día de la Madre,3605
San Jeronimo,MEX,,10 SAN JERONIMO,1289,Cilantro Insumo,Cilantro Insumo,Día de la Madre,141
San Jeronimo,MEX,,10 SAN JERONIMO,1276,Cebolla Blanca Insumo,Cebolla Blanca Insumo,Día de la Madre,2700
San Jeronimo,MEX,,10 SAN JERONIMO,1249,Arandano fresco Insumo,Arandano fresco Insumo,Día de la Madre,640
San Jeronimo,MEX,,10 SAN JERONIMO,1257,Banano Criollo Insumo,Banano Criollo Insumo,Día de la Madre,2016
San Jeronimo,MEX,,10 SAN JERONIMO,1312,Fresa Insumo,Fresa Insumo,Día de la Madre,2257
San Jeronimo,MEX,,10 SAN JERONIMO,1391,Pina Miel Insumo,Pina Miel Insumo,Día de la Madre,770
San Jeronimo,MEX,,10 SAN JERONIMO,1374,Papaya Maradol Insumo,Papaya Maradol Insumo,Día de la Madre,770
San Jeronimo,MEX,,10 SAN JERONIMO,5319,Frosting Queso Crema y Yogurt,Frosting Queso Crema y Yogurt,Día de la Madre,640
San Jeronimo,MEX,,10 SAN JERONIMO,1303,Crema acida,Crema acida,Día de la Madre,3540
San Jeronimo,MEX,,10 SAN JERONIMO,5392,"Salsa ""Del Barça""","Salsa ""Del Barça""",Día de la Madre,420
San Jeronimo,MEX,,10 SAN JERONIMO,3055,Salsa Burger con Jalapeño,Salsa Burger con Jalapeño,Día de la Madre,540
San Jeronimo,MEX,,10 SAN JERONIMO,1362,Miel de maple,Miel de maple,Día de la Madre,5940
San Jeronimo,MEX,,10 SAN JERONIMO,1836,Arrachera insumo,Arrachera insumo,Día de la Madre,3410
San Jeronimo,MEX,,10 SAN JERONIMO,1491,Totopos,Totopos,Día de la Madre,19900
San Jeronimo,MEX,,10 SAN JERONIMO,1511,Salsa Frutos Rojos,Salsa Frutos Rojos,Día de la Madre,200
San Jeronimo,MEX,,10 SAN JERONIMO,1039,Jugo de Naranja,Jugo de Naranja,Día de la Madre,62
San Jeronimo,MEX,,10 SAN JERONIMO,1117,Porcion de Fruta,Porcion de Fruta,Día de la Madre,11
San Jeronimo,MEX,,10 SAN JERONIMO,1493,Guacamole,Guacamole,Día de la Madre,2750
San Jeronimo,MEX,,10 SAN JERONIMO,3058,Mezcla mantequilla y aceite,Mezcla mantequilla y aceite,Día de la Madre,440
San Jeronimo,MEX,,10 SAN JERONIMO,1503,Avena Preparada,Avena Preparada,Día de la Madre,2340
San Jeronimo,MEX,,10 SAN JERONIMO,1516,Pico de Gallo Produccion,Pico de Gallo Produccion,Día de la Madre,680
San Jeronimo,MEX,,10 SAN JERONIMO,1515,Yogurt Griego Preparado,Yogurt Griego Preparado,Día de la Madre,720
San Jeronimo,MEX,,10 SAN JERONIMO,1504,Granola Produccion,Granola Produccion,Día de la Madre,140
San Jeronimo,MEX,,10 SAN JERONIMO,1401,Queso Mozzarella,Queso Mozzarella,Día de la Madre,5160
San Jeronimo,MEX,,10 SAN JERONIMO,2738,Queso Panela,Queso Panela,Día de la Madre,1380
San Jeronimo,MEX,,10 SAN JERONIMO,2540,Pan de Papa Fasfu 100 gr,Pan de Papa Fasfu 100 gr,Día de la Madre,18
San Jeronimo,MEX,,10 SAN JERONIMO,1272,Cajeta Insumo,Cajeta Insumo,Día de la Madre,680
San Jeronimo,MEX,,10 SAN JERONIMO,1327,Jamon De Cerdo Insumo,Jamon De Cerdo Insumo,Día de la Madre,740
San Jeronimo,MEX,,10 SAN JERONIMO,1321,Hashbrown McCain,Hashbrown McCain,Día de la Madre,1040
San Jeronimo,MEX,,10 SAN JERONIMO,2187,Tarjeta Especial Insumo,Tarjeta Especial Insumo,Día de la Madre,21
San Jeronimo,MEX,,10 SAN JERONIMO,1418,Semillas de chia Insumo,Semillas de chia Insumo,Día de la Madre,24
Santa Catarina,MEX,,23 SANTA CATARINA,1507,Mezcla Pancakes Tradicionales Liquida,Mezcla Pancakes Tradicionales Liquida,Día de la Madre,6760
Santa Catarina,MEX,,23 SANTA CATARINA,1505,Mezcla Pancakes Avena Liquida,Mezcla Pancakes Avena Liquida,Día de la Madre,2700
Santa Catarina,MEX,,23 SANTA CATARINA,5444,Chilaquiles verdes toppings default,Chilaquiles verdes toppings default,Día de la Madre,6
Santa Catarina,MEX,,23 SANTA CATARINA,5809,Pancakes Tradicionales Nuevos,Pancakes Tradicionales Nuevos,Día de la Madre,7
Santa Catarina,MEX,,23 SANTA CATARINA,2189,Tarjeta Dia de las Madres.🌷,Tarjeta Dia de las Madres.🌷,Día de la Madre,7
Santa Catarina,MEX,,23 SANTA CATARINA,6403,Pancakes de Cajeta y Plátano. 🆕,Pancakes de Cajeta y Plátano. 🆕,Día de la Madre,5
Santa Catarina,MEX,,23 SANTA CATARINA,6218,Croissant de Frutos Rojos,Croissant de Frutos Rojos,Día de la Madre,1
Santa Catarina,MEX,,23 SANTA CATARINA,1288,Chorizo Insumo,Chorizo Insumo,Día de la Madre,1120
Santa Catarina,MEX,,23 SANTA CATARINA,1471,Frijol Refrito,Frijol Refrito,Día de la Madre,2580
Santa Catarina,MEX,,23 SANTA CATARINA,1532,Arroz Blanco Cocido,Arroz Blanco Cocido,Día de la Madre,2600
Santa Catarina,MEX,,23 SANTA CATARINA,6204,Salsa Verde UND 🆕,Salsa Verde UND 🆕,Día de la Madre,121
Santa Catarina,MEX,,23 SANTA CATARINA,6205,Salsa Roja UND 🆕,Salsa Roja UND 🆕,Día de la Madre,80
Santa Catarina,MEX,,23 SANTA CATARINA,1434,Tocineta,Tocineta,Día de la Madre,336
Santa Catarina,MEX,,23 SANTA CATARINA,1245,Almendra Fileteada Insumo,Almendra Fileteada Insumo,Día de la Madre,465
Santa Catarina,MEX,,23 SANTA CATARINA,1304,Croissant Grande,Croissant Grande,Día de la Madre,4
Santa Catarina,MEX,,23 SANTA CATARINA,1430,Tapa Bowl Kraft Chico,Tapa Bowl Kraft Chico,Día de la Madre,50
Santa Catarina,MEX,,23 SANTA CATARINA,1266,Bowl Kraft Chico,Bowl Kraft Chico,Día de la Madre,50
Santa Catarina,MEX,,23 SANTA CATARINA,1431,Tapa Bowl Kraft Grande,Tapa Bowl Kraft Grande,Día de la Madre,112
Santa Catarina,MEX,,23 SANTA CATARINA,1267,Bowl Kraft Grande,Bowl Kraft Grande,Día de la Madre,112
Santa Catarina,MEX,,23 SANTA CATARINA,1395,Porta Hamburguesa,Porta Hamburguesa,Día de la Madre,14
Santa Catarina,MEX,,23 SANTA CATARINA,1271,Caja Lounch,Caja Lounch,Día de la Madre,9
Santa Catarina,MEX,,23 SANTA CATARINA,1419,servilletas,servilletas,Día de la Madre,256
Santa Catarina,MEX,,23 SANTA CATARINA,1669,Bowl Sopa,Bowl Sopa,Día de la Madre,16
Santa Catarina,MEX,,23 SANTA CATARINA,1670,Tapa Bowl Sopa,Tapa Bowl Sopa,Día de la Madre,16
Santa Catarina,MEX,,23 SANTA CATARINA,1311,Espinaca,Espinaca,Día de la Madre,250
Santa Catarina,MEX,,23 SANTA CATARINA,2381,Jitomate Saladed,Jitomate Saladed,Día de la Madre,2030
Santa Catarina,MEX,,23 SANTA CATARINA,1289,Cilantro Insumo,Cilantro Insumo,Día de la Madre,88
Santa Catarina,MEX,,23 SANTA CATARINA,1276,Cebolla Blanca Insumo,Cebolla Blanca Insumo,Día de la Madre,1760
Santa Catarina,MEX,,23 SANTA CATARINA,1249,Arandano fresco Insumo,Arandano fresco Insumo,Día de la Madre,220
Santa Catarina,MEX,,23 SANTA CATARINA,1257,Banano Criollo Insumo,Banano Criollo Insumo,Día de la Madre,756
Santa Catarina,MEX,,23 SANTA CATARINA,1312,Fresa Insumo,Fresa Insumo,Día de la Madre,925
Santa Catarina,MEX,,23 SANTA CATARINA,1391,Pina Miel Insumo,Pina Miel Insumo,Día de la Madre,Definir rango de tiempo
Santa Catarina,MEX,,23 SANTA CATARINA,1374,Papaya Maradol Insumo,Papaya Maradol Insumo,Día de la Madre,420
Santa Catarina,MEX,,23 SANTA CATARINA,5319,Frosting Queso Crema y Yogurt,Frosting Queso Crema y Yogurt,Día de la Madre,200
Santa Catarina,MEX,,23 SANTA CATARINA,1303,Crema acida,Crema acida,Día de la Madre,1980
Santa Catarina,MEX,,23 SANTA CATARINA,5392,"Salsa ""Del Barça""","Salsa ""Del Barça""",Día de la Madre,480
Santa Catarina,MEX,,23 SANTA CATARINA,3055,Salsa Burger con Jalapeño,Salsa Burger con Jalapeño,Día de la Madre,460
Santa Catarina,MEX,,23 SANTA CATARINA,1362,Miel de maple,Miel de maple,Día de la Madre,2100
Santa Catarina,MEX,,23 SANTA CATARINA,1836,Arrachera insumo,Arrachera insumo,Día de la Madre,3190
Santa Catarina,MEX,,23 SANTA CATARINA,1491,Totopos,Totopos,Día de la Madre,15800
Santa Catarina,MEX,,23 SANTA CATARINA,1511,Salsa Frutos Rojos,Salsa Frutos Rojos,Día de la Madre,80
Santa Catarina,MEX,,23 SANTA CATARINA,1039,Jugo de Naranja,Jugo de Naranja,Día de la Madre,27
Santa Catarina,MEX,,23 SANTA CATARINA,1117,Porcion de Fruta,Porcion de Fruta,Día de la Madre,8
Santa Catarina,MEX,,23 SANTA CATARINA,1493,Guacamole,Guacamole,Día de la Madre,2100
Santa Catarina,MEX,,23 SANTA CATARINA,3058,Mezcla mantequilla y aceite,Mezcla mantequilla y aceite,Día de la Madre,330
Santa Catarina,MEX,,23 SANTA CATARINA,1503,Avena Preparada,Avena Preparada,Día de la Madre,1080
Santa Catarina,MEX,,23 SANTA CATARINA,1516,Pico de Gallo Produccion,Pico de Gallo Produccion,Día de la Madre,480
Santa Catarina,MEX,,23 SANTA CATARINA,1515,Yogurt Griego Preparado,Yogurt Griego Preparado,Día de la Madre,720
Santa Catarina,MEX,,23 SANTA CATARINA,1504,Granola Produccion,Granola Produccion,Día de la Madre,105
Santa Catarina,MEX,,23 SANTA CATARINA,1401,Queso Mozzarella,Queso Mozzarella,Día de la Madre,3360
Santa Catarina,MEX,,23 SANTA CATARINA,2738,Queso Panela,Queso Panela,Día de la Madre,874
Santa Catarina,MEX,,23 SANTA CATARINA,2540,Pan de Papa Fasfu 100 gr,Pan de Papa Fasfu 100 gr,Día de la Madre,13
Santa Catarina,MEX,,23 SANTA CATARINA,1272,Cajeta Insumo,Cajeta Insumo,Día de la Madre,240
Santa Catarina,MEX,,23 SANTA CATARINA,1327,Jamon De Cerdo Insumo,Jamon De Cerdo Insumo,Día de la Madre,360
Santa Catarina,MEX,,23 SANTA CATARINA,1321,Hashbrown McCain,Hashbrown McCain,Día de la Madre,260
Santa Catarina,MEX,,23 SANTA CATARINA,2187,Tarjeta Especial Insumo,Tarjeta Especial Insumo,Día de la Madre,7
Santa Catarina,MEX,,23 SANTA CATARINA,1418,Semillas de chia Insumo,Semillas de chia Insumo,Día de la Madre,11
Tec,MEX,,13 TEC,1507,Mezcla Pancakes Tradicionales Liquida,Mezcla Pancakes Tradicionales Liquida,Día de la Madre,20540
Tec,MEX,,13 TEC,1505,Mezcla Pancakes Avena Liquida,Mezcla Pancakes Avena Liquida,Día de la Madre,8370
Tec,MEX,,13 TEC,5444,Chilaquiles verdes toppings default,Chilaquiles verdes toppings default,Día de la Madre,16
Tec,MEX,,13 TEC,5809,Pancakes Tradicionales Nuevos,Pancakes Tradicionales Nuevos,Día de la Madre,22
Tec,MEX,,13 TEC,2189,Tarjeta Dia de las Madres.🌷,Tarjeta Dia de las Madres.🌷,Día de la Madre,23
Tec,MEX,,13 TEC,6403,Pancakes de Cajeta y Plátano. 🆕,Pancakes de Cajeta y Plátano. 🆕,Día de la Madre,17
Tec,MEX,,13 TEC,6218,Croissant de Frutos Rojos,Croissant de Frutos Rojos,Día de la Madre,4
Tec,MEX,,13 TEC,1288,Chorizo Insumo,Chorizo Insumo,Día de la Madre,2480
Tec,MEX,,13 TEC,1471,Frijol Refrito,Frijol Refrito,Día de la Madre,6480
Tec,MEX,,13 TEC,1532,Arroz Blanco Cocido,Arroz Blanco Cocido,Día de la Madre,5680
Tec,MEX,,13 TEC,6204,Salsa Verde UND 🆕,Salsa Verde UND 🆕,Día de la Madre,226
Tec,MEX,,13 TEC,6205,Salsa Roja UND 🆕,Salsa Roja UND 🆕,Día de la Madre,145
Tec,MEX,,13 TEC,1434,Tocineta,Tocineta,Día de la Madre,504
Tec,MEX,,13 TEC,1245,Almendra Fileteada Insumo,Almendra Fileteada Insumo,Día de la Madre,1170
Tec,MEX,,13 TEC,1304,Croissant Grande,Croissant Grande,Día de la Madre,7
Tec,MEX,,13 TEC,1430,Tapa Bowl Kraft Chico,Tapa Bowl Kraft Chico,Día de la Madre,128
Tec,MEX,,13 TEC,1266,Bowl Kraft Chico,Bowl Kraft Chico,Día de la Madre,128
Tec,MEX,,13 TEC,1431,Tapa Bowl Kraft Grande,Tapa Bowl Kraft Grande,Día de la Madre,229
Tec,MEX,,13 TEC,1267,Bowl Kraft Grande,Bowl Kraft Grande,Día de la Madre,229
Tec,MEX,,13 TEC,1395,Porta Hamburguesa,Porta Hamburguesa,Día de la Madre,21
Tec,MEX,,13 TEC,1271,Caja Lounch,Caja Lounch,Día de la Madre,17
Tec,MEX,,13 TEC,1419,servilletas,servilletas,Día de la Madre,557
Tec,MEX,,13 TEC,1669,Bowl Sopa,Bowl Sopa,Día de la Madre,34
Tec,MEX,,13 TEC,1670,Tapa Bowl Sopa,Tapa Bowl Sopa,Día de la Madre,34
Tec,MEX,,13 TEC,1311,Espinaca,Espinaca,Día de la Madre,610
Tec,MEX,,13 TEC,2381,Jitomate Saladed,Jitomate Saladed,Día de la Madre,4760
Tec,MEX,,13 TEC,1289,Cilantro Insumo,Cilantro Insumo,Día de la Madre,185
Tec,MEX,,13 TEC,1276,Cebolla Blanca Insumo,Cebolla Blanca Insumo,Día de la Madre,3740
Tec,MEX,,13 TEC,1249,Arandano fresco Insumo,Arandano fresco Insumo,Día de la Madre,760
Tec,MEX,,13 TEC,1257,Banano Criollo Insumo,Banano Criollo Insumo,Día de la Madre,2304
Tec,MEX,,13 TEC,1312,Fresa Insumo,Fresa Insumo,Día de la Madre,2812
Tec,MEX,,13 TEC,1391,Pina Miel Insumo,Pina Miel Insumo,Día de la Madre,1190
Tec,MEX,,13 TEC,1374,Papaya Maradol Insumo,Papaya Maradol Insumo,Día de la Madre,1190
Tec,MEX,,13 TEC,5319,Frosting Queso Crema y Yogurt,Frosting Queso Crema y Yogurt,Día de la Madre,680
Tec,MEX,,13 TEC,1303,Crema acida,Crema acida,Día de la Madre,4080
Tec,MEX,,13 TEC,5392,"Salsa ""Del Barça""","Salsa ""Del Barça""",Día de la Madre,1080
Tec,MEX,,13 TEC,3055,Salsa Burger con Jalapeño,Salsa Burger con Jalapeño,Día de la Madre,660
Tec,MEX,,13 TEC,1362,Miel de maple,Miel de maple,Día de la Madre,6540
Tec,MEX,,13 TEC,1836,Arrachera insumo,Arrachera insumo,Día de la Madre,7480
Tec,MEX,,13 TEC,1491,Totopos,Totopos,Día de la Madre,26300
Tec,MEX,,13 TEC,1511,Salsa Frutos Rojos,Salsa Frutos Rojos,Día de la Madre,160
Tec,MEX,,13 TEC,1039,Jugo de Naranja,Jugo de Naranja,Día de la Madre,73
Tec,MEX,,13 TEC,1117,Porcion de Fruta,Porcion de Fruta,Día de la Madre,12
Tec,MEX,,13 TEC,1493,Guacamole,Guacamole,Día de la Madre,5000
Tec,MEX,,13 TEC,3058,Mezcla mantequilla y aceite,Mezcla mantequilla y aceite,Día de la Madre,530
Tec,MEX,,13 TEC,1503,Avena Preparada,Avena Preparada,Día de la Madre,2880
Tec,MEX,,13 TEC,1516,Pico de Gallo Produccion,Pico de Gallo Produccion,Día de la Madre,1000
Tec,MEX,,13 TEC,1515,Yogurt Griego Preparado,Yogurt Griego Preparado,Día de la Madre,1440
Tec,MEX,,13 TEC,1504,Granola Produccion,Granola Produccion,Día de la Madre,280
Tec,MEX,,13 TEC,1401,Queso Mozzarella,Queso Mozzarella,Día de la Madre,7740
Tec,MEX,,13 TEC,2738,Queso Panela,Queso Panela,Día de la Madre,1725
Tec,MEX,,13 TEC,2540,Pan de Papa Fasfu 100 gr,Pan de Papa Fasfu 100 gr,Día de la Madre,19
Tec,MEX,,13 TEC,1272,Cajeta Insumo,Cajeta Insumo,Día de la Madre,800
Tec,MEX,,13 TEC,1327,Jamon De Cerdo Insumo,Jamon De Cerdo Insumo,Día de la Madre,920
Tec,MEX,,13 TEC,1321,Hashbrown McCain,Hashbrown McCain,Día de la Madre,910
Tec,MEX,,13 TEC,2187,Tarjeta Especial Insumo,Tarjeta Especial Insumo,Día de la Madre,23
Tec,MEX,,13 TEC,1418,Semillas de chia Insumo,Semillas de chia Insumo,Día de la Madre,32
Samara,MEX,,51 SAMARA,1507,Mezcla Pancakes Tradicionales Liquida,Mezcla Pancakes Tradicionales Liquida,Día de la Madre,5200
Samara,MEX,,51 SAMARA,1505,Mezcla Pancakes Avena Liquida,Mezcla Pancakes Avena Liquida,Día de la Madre,2700
Samara,MEX,,51 SAMARA,5444,Chilaquiles verdes toppings default,Chilaquiles verdes toppings default,Día de la Madre,3
Samara,MEX,,51 SAMARA,5809,Pancakes Tradicionales Nuevos,Pancakes Tradicionales Nuevos,Día de la Madre,5
Samara,MEX,,51 SAMARA,2189,Tarjeta Dia de las Madres.🌷,Tarjeta Dia de las Madres.🌷,Día de la Madre,5
Samara,MEX,,51 SAMARA,6403,Pancakes de Cajeta y Plátano. 🆕,Pancakes de Cajeta y Plátano. 🆕,Día de la Madre,3
Samara,MEX,,51 SAMARA,6218,Croissant de Frutos Rojos,Croissant de Frutos Rojos,Día de la Madre,1
Samara,MEX,,51 SAMARA,1288,Chorizo Insumo,Chorizo Insumo,Día de la Madre,640
Samara,MEX,,51 SAMARA,1471,Frijol Refrito,Frijol Refrito,Día de la Madre,960
Samara,MEX,,51 SAMARA,1532,Arroz Blanco Cocido,Arroz Blanco Cocido,Día de la Madre,0
Samara,MEX,,51 SAMARA,6204,Salsa Verde UND 🆕,Salsa Verde UND 🆕,Día de la Madre,92
Samara,MEX,,51 SAMARA,6205,Salsa Roja UND 🆕,Salsa Roja UND 🆕,Día de la Madre,40
Samara,MEX,,51 SAMARA,1434,Tocineta,Tocineta,Día de la Madre,336
Samara,MEX,,51 SAMARA,1245,Almendra Fileteada Insumo,Almendra Fileteada Insumo,Día de la Madre,390
Samara,MEX,,51 SAMARA,1304,Croissant Grande,Croissant Grande,Día de la Madre,5
Samara,MEX,,51 SAMARA,1430,Tapa Bowl Kraft Chico,Tapa Bowl Kraft Chico,Día de la Madre,17
Samara,MEX,,51 SAMARA,1266,Bowl Kraft Chico,Bowl Kraft Chico,Día de la Madre,16
Samara,MEX,,51 SAMARA,1431,Tapa Bowl Kraft Grande,Tapa Bowl Kraft Grande,Día de la Madre,110
Samara,MEX,,51 SAMARA,1267,Bowl Kraft Grande,Bowl Kraft Grande,Día de la Madre,111
Samara,MEX,,51 SAMARA,1395,Porta Hamburguesa,Porta Hamburguesa,Día de la Madre,12
Samara,MEX,,51 SAMARA,1271,Caja Lounch,Caja Lounch,Día de la Madre,7
Samara,MEX,,51 SAMARA,1419,servilletas,servilletas,Día de la Madre,185
Samara,MEX,,51 SAMARA,1669,Bowl Sopa,Bowl Sopa,Día de la Madre,3
Samara,MEX,,51 SAMARA,1670,Tapa Bowl Sopa,Tapa Bowl Sopa,Día de la Madre,3
Samara,MEX,,51 SAMARA,1311,Espinaca,Espinaca,Día de la Madre,530
Samara,MEX,,51 SAMARA,2381,Jitomate Saladed,Jitomate Saladed,Día de la Madre,2765
Samara,MEX,,51 SAMARA,1289,Cilantro Insumo,Cilantro Insumo,Día de la Madre,411
Samara,MEX,,51 SAMARA,1276,Cebolla Blanca Insumo,Cebolla Blanca Insumo,Día de la Madre,1040
Samara,MEX,,51 SAMARA,1249,Arandano fresco Insumo,Arandano fresco Insumo,Día de la Madre,260
Samara,MEX,,51 SAMARA,1257,Banano Criollo Insumo,Banano Criollo Insumo,Día de la Madre,792
Samara,MEX,,51 SAMARA,1312,Fresa Insumo,Fresa Insumo,Día de la Madre,888
Samara,MEX,,51 SAMARA,1391,Pina Miel Insumo,Pina Miel Insumo,Día de la Madre,350
Samara,MEX,,51 SAMARA,1374,Papaya Maradol Insumo,Papaya Maradol Insumo,Día de la Madre,350
Samara,MEX,,51 SAMARA,5319,Frosting Queso Crema y Yogurt,Frosting Queso Crema y Yogurt,Día de la Madre,240
Samara,MEX,,51 SAMARA,1303,Crema acida,Crema acida,Día de la Madre,630
Samara,MEX,,51 SAMARA,5392,"Salsa ""Del Barça""","Salsa ""Del Barça""",Día de la Madre,0
Samara,MEX,,51 SAMARA,3055,Salsa Burger con Jalapeño,Salsa Burger con Jalapeño,Día de la Madre,380
Samara,MEX,,51 SAMARA,1362,Miel de maple,Miel de maple,Día de la Madre,1800
Samara,MEX,,51 SAMARA,1836,Arrachera insumo,Arrachera insumo,Día de la Madre,330
Samara,MEX,,51 SAMARA,1491,Totopos,Totopos,Día de la Madre,12400
Samara,MEX,,51 SAMARA,1511,Salsa Frutos Rojos,Salsa Frutos Rojos,Día de la Madre,120
Samara,MEX,,51 SAMARA,1039,Jugo de Naranja,Jugo de Naranja,Día de la Madre,11
Samara,MEX,,51 SAMARA,1117,Porcion de Fruta,Porcion de Fruta,Día de la Madre,2
Samara,MEX,,51 SAMARA,1493,Guacamole,Guacamole,Día de la Madre,1050
Samara,MEX,,51 SAMARA,3058,Mezcla mantequilla y aceite,Mezcla mantequilla y aceite,Día de la Madre,250
Samara,MEX,,51 SAMARA,1503,Avena Preparada,Avena Preparada,Día de la Madre,900
Samara,MEX,,51 SAMARA,1516,Pico de Gallo Produccion,Pico de Gallo Produccion,Día de la Madre,520
Samara,MEX,,51 SAMARA,1515,Yogurt Griego Preparado,Yogurt Griego Preparado,Día de la Madre,720
Samara,MEX,,51 SAMARA,1504,Granola Produccion,Granola Produccion,Día de la Madre,105
Samara,MEX,,51 SAMARA,1401,Queso Mozzarella,Queso Mozzarella,Día de la Madre,720
Samara,MEX,,51 SAMARA,2738,Queso Panela,Queso Panela,Día de la Madre,460
Samara,MEX,,51 SAMARA,2540,Pan de Papa Fasfu 100 gr,Pan de Papa Fasfu 100 gr,Día de la Madre,12
Samara,MEX,,51 SAMARA,1272,Cajeta Insumo,Cajeta Insumo,Día de la Madre,200
Samara,MEX,,51 SAMARA,1327,Jamon De Cerdo Insumo,Jamon De Cerdo Insumo,Día de la Madre,180
Samara,MEX,,51 SAMARA,1321,Hashbrown McCain,Hashbrown McCain,Día de la Madre,0
Samara,MEX,,51 SAMARA,2187,Tarjeta Especial Insumo,Tarjeta Especial Insumo,Día de la Madre,5
Samara,MEX,,51 SAMARA,1418,Semillas de chia Insumo,Semillas de chia Insumo,Día de la Madre,12
Manacar,MEX,,52 MANACAR,1507,Mezcla Pancakes Tradicionales Liquida,Mezcla Pancakes Tradicionales Liquida,Día de la Madre,16380
Manacar,MEX,,52 MANACAR,1505,Mezcla Pancakes Avena Liquida,Mezcla Pancakes Avena Liquida,Día de la Madre,6210
Manacar,MEX,,52 MANACAR,5444,Chilaquiles verdes toppings default,Chilaquiles verdes toppings default,Día de la Madre,13
Manacar,MEX,,52 MANACAR,5809,Pancakes Tradicionales Nuevos,Pancakes Tradicionales Nuevos,Día de la Madre,19
Manacar,MEX,,52 MANACAR,2189,Tarjeta Dia de las Madres.🌷,Tarjeta Dia de las Madres.🌷,Día de la Madre,21
Manacar,MEX,,52 MANACAR,6403,Pancakes de Cajeta y Plátano. 🆕,Pancakes de Cajeta y Plátano. 🆕,Día de la Madre,15
Manacar,MEX,,52 MANACAR,6218,Croissant de Frutos Rojos,Croissant de Frutos Rojos,Día de la Madre,3
Manacar,MEX,,52 MANACAR,1288,Chorizo Insumo,Chorizo Insumo,Día de la Madre,480
Manacar,MEX,,52 MANACAR,1471,Frijol Refrito,Frijol Refrito,Día de la Madre,1800
Manacar,MEX,,52 MANACAR,1532,Arroz Blanco Cocido,Arroz Blanco Cocido,Día de la Madre,2360
Manacar,MEX,,52 MANACAR,6204,Salsa Verde UND 🆕,Salsa Verde UND 🆕,Día de la Madre,53
Manacar,MEX,,52 MANACAR,6205,Salsa Roja UND 🆕,Salsa Roja UND 🆕,Día de la Madre,13
Manacar,MEX,,52 MANACAR,1434,Tocineta,Tocineta,Día de la Madre,84
Manacar,MEX,,52 MANACAR,1245,Almendra Fileteada Insumo,Almendra Fileteada Insumo,Día de la Madre,465
Manacar,MEX,,52 MANACAR,1304,Croissant Grande,Croissant Grande,Día de la Madre,6
Manacar,MEX,,52 MANACAR,1430,Tapa Bowl Kraft Chico,Tapa Bowl Kraft Chico,Día de la Madre,23
Manacar,MEX,,52 MANACAR,1266,Bowl Kraft Chico,Bowl Kraft Chico,Día de la Madre,38
Manacar,MEX,,52 MANACAR,1431,Tapa Bowl Kraft Grande,Tapa Bowl Kraft Grande,Día de la Madre,110
Manacar,MEX,,52 MANACAR,1267,Bowl Kraft Grande,Bowl Kraft Grande,Día de la Madre,123
Manacar,MEX,,52 MANACAR,1395,Porta Hamburguesa,Porta Hamburguesa,Día de la Madre,3
Manacar,MEX,,52 MANACAR,1271,Caja Lounch,Caja Lounch,Día de la Madre,9
Manacar,MEX,,52 MANACAR,1419,servilletas,servilletas,Día de la Madre,291
Manacar,MEX,,52 MANACAR,1669,Bowl Sopa,Bowl Sopa,Día de la Madre,33
Manacar,MEX,,52 MANACAR,1670,Tapa Bowl Sopa,Tapa Bowl Sopa,Día de la Madre,33
Manacar,MEX,,52 MANACAR,1311,Espinaca,Espinaca,Día de la Madre,710
Manacar,MEX,,52 MANACAR,2381,Jitomate Saladed,Jitomate Saladed,Día de la Madre,4305
Manacar,MEX,,52 MANACAR,1289,Cilantro Insumo,Cilantro Insumo,Día de la Madre,96
Manacar,MEX,,52 MANACAR,1276,Cebolla Blanca Insumo,Cebolla Blanca Insumo,Día de la Madre,1180
Manacar,MEX,,52 MANACAR,1249,Arandano fresco Insumo,Arandano fresco Insumo,Día de la Madre,540
Manacar,MEX,,52 MANACAR,1257,Banano Criollo Insumo,Banano Criollo Insumo,Día de la Madre,1188
Manacar,MEX,,52 MANACAR,1312,Fresa Insumo,Fresa Insumo,Día de la Madre,1036
Manacar,MEX,,52 MANACAR,1391,Pina Miel Insumo,Pina Miel Insumo,Día de la Madre,350
Manacar,MEX,,52 MANACAR,1374,Papaya Maradol Insumo,Papaya Maradol Insumo,Día de la Madre,350
Manacar,MEX,,52 MANACAR,5319,Frosting Queso Crema y Yogurt,Frosting Queso Crema y Yogurt,Día de la Madre,560
Manacar,MEX,,52 MANACAR,1303,Crema acida,Crema acida,Día de la Madre,1020
Manacar,MEX,,52 MANACAR,5392,"Salsa ""Del Barça""","Salsa ""Del Barça""",Día de la Madre,630
Manacar,MEX,,52 MANACAR,3055,Salsa Burger con Jalapeño,Salsa Burger con Jalapeño,Día de la Madre,0
Manacar,MEX,,52 MANACAR,1362,Miel de maple,Miel de maple,Día de la Madre,2580
Manacar,MEX,,52 MANACAR,1836,Arrachera insumo,Arrachera insumo,Día de la Madre,3630
Manacar,MEX,,52 MANACAR,1491,Totopos,Totopos,Día de la Madre,5900
Manacar,MEX,,52 MANACAR,1511,Salsa Frutos Rojos,Salsa Frutos Rojos,Día de la Madre,120
Manacar,MEX,,52 MANACAR,1039,Jugo de Naranja,Jugo de Naranja,Día de la Madre,34
Manacar,MEX,,52 MANACAR,1117,Porcion de Fruta,Porcion de Fruta,Día de la Madre,2
Manacar,MEX,,52 MANACAR,1493,Guacamole,Guacamole,Día de la Madre,2000
Manacar,MEX,,52 MANACAR,3058,Mezcla mantequilla y aceite,Mezcla mantequilla y aceite,Día de la Madre,40
Manacar,MEX,,52 MANACAR,1503,Avena Preparada,Avena Preparada,Día de la Madre,1080
Manacar,MEX,,52 MANACAR,1516,Pico de Gallo Produccion,Pico de Gallo Produccion,Día de la Madre,280
Manacar,MEX,,52 MANACAR,1515,Yogurt Griego Preparado,Yogurt Griego Preparado,Día de la Madre,720
Manacar,MEX,,52 MANACAR,1504,Granola Produccion,Granola Produccion,Día de la Madre,105
Manacar,MEX,,52 MANACAR,1401,Queso Mozzarella,Queso Mozzarella,Día de la Madre,2310
Manacar,MEX,,52 MANACAR,2738,Queso Panela,Queso Panela,Día de la Madre,667
Manacar,MEX,,52 MANACAR,2540,Pan de Papa Fasfu 100 gr,Pan de Papa Fasfu 100 gr,Día de la Madre,0
Manacar,MEX,,52 MANACAR,1272,Cajeta Insumo,Cajeta Insumo,Día de la Madre,640
Manacar,MEX,,52 MANACAR,1327,Jamon De Cerdo Insumo,Jamon De Cerdo Insumo,Día de la Madre,120
Manacar,MEX,,52 MANACAR,1321,Hashbrown McCain,Hashbrown McCain,Día de la Madre,0
Manacar,MEX,,52 MANACAR,2187,Tarjeta Especial Insumo,Tarjeta Especial Insumo,Día de la Madre,21
Manacar,MEX,,52 MANACAR,1418,Semillas de chia Insumo,Semillas de chia Insumo,Día de la Madre,16
Azcapotzalco,MEX,,11 AZCAPOTZALCO,1507,Mezcla Pancakes Tradicionales Liquida,Mezcla Pancakes Tradicionales Liquida,Día de la Madre,14820
Azcapotzalco,MEX,,11 AZCAPOTZALCO,1505,Mezcla Pancakes Avena Liquida,Mezcla Pancakes Avena Liquida,Día de la Madre,5130
Azcapotzalco,MEX,,11 AZCAPOTZALCO,5444,Chilaquiles verdes toppings default,Chilaquiles verdes toppings default,Día de la Madre,10
Azcapotzalco,MEX,,11 AZCAPOTZALCO,5809,Pancakes Tradicionales Nuevos,Pancakes Tradicionales Nuevos,Día de la Madre,15
Azcapotzalco,MEX,,11 AZCAPOTZALCO,2189,Tarjeta Dia de las Madres.🌷,Tarjeta Dia de las Madres.🌷,Día de la Madre,16
Azcapotzalco,MEX,,11 AZCAPOTZALCO,6403,Pancakes de Cajeta y Plátano. 🆕,Pancakes de Cajeta y Plátano. 🆕,Día de la Madre,13
Azcapotzalco,MEX,,11 AZCAPOTZALCO,6218,Croissant de Frutos Rojos,Croissant de Frutos Rojos,Día de la Madre,3
Azcapotzalco,MEX,,11 AZCAPOTZALCO,1288,Chorizo Insumo,Chorizo Insumo,Día de la Madre,1040
Azcapotzalco,MEX,,11 AZCAPOTZALCO,1471,Frijol Refrito,Frijol Refrito,Día de la Madre,2880
Azcapotzalco,MEX,,11 AZCAPOTZALCO,1532,Arroz Blanco Cocido,Arroz Blanco Cocido,Día de la Madre,3520
Azcapotzalco,MEX,,11 AZCAPOTZALCO,6204,Salsa Verde UND 🆕,Salsa Verde UND 🆕,Día de la Madre,133
Azcapotzalco,MEX,,11 AZCAPOTZALCO,6205,Salsa Roja UND 🆕,Salsa Roja UND 🆕,Día de la Madre,83
Azcapotzalco,MEX,,11 AZCAPOTZALCO,1434,Tocineta,Tocineta,Día de la Madre,714
Azcapotzalco,MEX,,11 AZCAPOTZALCO,1245,Almendra Fileteada Insumo,Almendra Fileteada Insumo,Día de la Madre,675
Azcapotzalco,MEX,,11 AZCAPOTZALCO,1304,Croissant Grande,Croissant Grande,Día de la Madre,5
Azcapotzalco,MEX,,11 AZCAPOTZALCO,1430,Tapa Bowl Kraft Chico,Tapa Bowl Kraft Chico,Día de la Madre,73
Azcapotzalco,MEX,,11 AZCAPOTZALCO,1266,Bowl Kraft Chico,Bowl Kraft Chico,Día de la Madre,73
Azcapotzalco,MEX,,11 AZCAPOTZALCO,1431,Tapa Bowl Kraft Grande,Tapa Bowl Kraft Grande,Día de la Madre,145
Azcapotzalco,MEX,,11 AZCAPOTZALCO,1267,Bowl Kraft Grande,Bowl Kraft Grande,Día de la Madre,145
Azcapotzalco,MEX,,11 AZCAPOTZALCO,1395,Porta Hamburguesa,Porta Hamburguesa,Día de la Madre,15
Azcapotzalco,MEX,,11 AZCAPOTZALCO,1271,Caja Lounch,Caja Lounch,Día de la Madre,19
Azcapotzalco,MEX,,11 AZCAPOTZALCO,1419,servilletas,servilletas,Día de la Madre,359
Azcapotzalco,MEX,,11 AZCAPOTZALCO,1669,Bowl Sopa,Bowl Sopa,Día de la Madre,27
Azcapotzalco,MEX,,11 AZCAPOTZALCO,1670,Tapa Bowl Sopa,Tapa Bowl Sopa,Día de la Madre,27
Azcapotzalco,MEX,,11 AZCAPOTZALCO,1311,Espinaca,Espinaca,Día de la Madre,480
Azcapotzalco,MEX,,11 AZCAPOTZALCO,2381,Jitomate Saladed,Jitomate Saladed,Día de la Madre,2975
Azcapotzalco,MEX,,11 AZCAPOTZALCO,1289,Cilantro Insumo,Cilantro Insumo,Día de la Madre,101
Azcapotzalco,MEX,,11 AZCAPOTZALCO,1276,Cebolla Blanca Insumo,Cebolla Blanca Insumo,Día de la Madre,2780
Azcapotzalco,MEX,,11 AZCAPOTZALCO,1249,Arandano fresco Insumo,Arandano fresco Insumo,Día de la Madre,580
Azcapotzalco,MEX,,11 AZCAPOTZALCO,1257,Banano Criollo Insumo,Banano Criollo Insumo,Día de la Madre,1296
Azcapotzalco,MEX,,11 AZCAPOTZALCO,1312,Fresa Insumo,Fresa Insumo,Día de la Madre,2035
Azcapotzalco,MEX,,11 AZCAPOTZALCO,1391,Pina Miel Insumo,Pina Miel Insumo,Día de la Madre,980
Azcapotzalco,MEX,,11 AZCAPOTZALCO,1374,Papaya Maradol Insumo,Papaya Maradol Insumo,Día de la Madre,980
Azcapotzalco,MEX,,11 AZCAPOTZALCO,5319,Frosting Queso Crema y Yogurt,Frosting Queso Crema y Yogurt,Día de la Madre,520
Azcapotzalco,MEX,,11 AZCAPOTZALCO,1303,Crema acida,Crema acida,Día de la Madre,1950
Azcapotzalco,MEX,,11 AZCAPOTZALCO,5392,"Salsa ""Del Barça""","Salsa ""Del Barça""",Día de la Madre,600
Azcapotzalco,MEX,,11 AZCAPOTZALCO,3055,Salsa Burger con Jalapeño,Salsa Burger con Jalapeño,Día de la Madre,480
Azcapotzalco,MEX,,11 AZCAPOTZALCO,1362,Miel de maple,Miel de maple,Día de la Madre,4500
Azcapotzalco,MEX,,11 AZCAPOTZALCO,1836,Arrachera insumo,Arrachera insumo,Día de la Madre,3850
Azcapotzalco,MEX,,11 AZCAPOTZALCO,1491,Totopos,Totopos,Día de la Madre,14400
Azcapotzalco,MEX,,11 AZCAPOTZALCO,1511,Salsa Frutos Rojos,Salsa Frutos Rojos,Día de la Madre,160
Azcapotzalco,MEX,,11 AZCAPOTZALCO,1039,Jugo de Naranja,Jugo de Naranja,Día de la Madre,48
Azcapotzalco,MEX,,11 AZCAPOTZALCO,1117,Porcion de Fruta,Porcion de Fruta,Día de la Madre,9
Azcapotzalco,MEX,,11 AZCAPOTZALCO,1493,Guacamole,Guacamole,Día de la Madre,2400
Azcapotzalco,MEX,,11 AZCAPOTZALCO,3058,Mezcla mantequilla y aceite,Mezcla mantequilla y aceite,Día de la Madre,460
Azcapotzalco,MEX,,11 AZCAPOTZALCO,1503,Avena Preparada,Avena Preparada,Día de la Madre,1620
Azcapotzalco,MEX,,11 AZCAPOTZALCO,1516,Pico de Gallo Produccion,Pico de Gallo Produccion,Día de la Madre,920
Azcapotzalco,MEX,,11 AZCAPOTZALCO,1515,Yogurt Griego Preparado,Yogurt Griego Preparado,Día de la Madre,1080
Azcapotzalco,MEX,,11 AZCAPOTZALCO,1504,Granola Produccion,Granola Produccion,Día de la Madre,175
Azcapotzalco,MEX,,11 AZCAPOTZALCO,1401,Queso Mozzarella,Queso Mozzarella,Día de la Madre,5070
Azcapotzalco,MEX,,11 AZCAPOTZALCO,2738,Queso Panela,Queso Panela,Día de la Madre,713
Azcapotzalco,MEX,,11 AZCAPOTZALCO,2540,Pan de Papa Fasfu 100 gr,Pan de Papa Fasfu 100 gr,Día de la Madre,13
Azcapotzalco,MEX,,11 AZCAPOTZALCO,1272,Cajeta Insumo,Cajeta Insumo,Día de la Madre,600
Azcapotzalco,MEX,,11 AZCAPOTZALCO,1327,Jamon De Cerdo Insumo,Jamon De Cerdo Insumo,Día de la Madre,1000
Azcapotzalco,MEX,,11 AZCAPOTZALCO,1321,Hashbrown McCain,Hashbrown McCain,Día de la Madre,650
Azcapotzalco,MEX,,11 AZCAPOTZALCO,2187,Tarjeta Especial Insumo,Tarjeta Especial Insumo,Día de la Madre,16
Azcapotzalco,MEX,,11 AZCAPOTZALCO,1418,Semillas de chia Insumo,Semillas de chia Insumo,Día de la Madre,20
Coapa,MEX,,05 COAPA,1507,Mezcla Pancakes Tradicionales Liquida,Mezcla Pancakes Tradicionales Liquida,Día de la Madre,28080
Coapa,MEX,,05 COAPA,1505,Mezcla Pancakes Avena Liquida,Mezcla Pancakes Avena Liquida,Día de la Madre,10530
Coapa,MEX,,05 COAPA,5444,Chilaquiles verdes toppings default,Chilaquiles verdes toppings default,Día de la Madre,21
Coapa,MEX,,05 COAPA,5809,Pancakes Tradicionales Nuevos,Pancakes Tradicionales Nuevos,Día de la Madre,30
Coapa,MEX,,05 COAPA,2189,Tarjeta Dia de las Madres.🌷,Tarjeta Dia de las Madres.🌷,Día de la Madre,32
Coapa,MEX,,05 COAPA,6403,Pancakes de Cajeta y Plátano. 🆕,Pancakes de Cajeta y Plátano. 🆕,Día de la Madre,25
Coapa,MEX,,05 COAPA,6218,Croissant de Frutos Rojos,Croissant de Frutos Rojos,Día de la Madre,5
Coapa,MEX,,05 COAPA,1288,Chorizo Insumo,Chorizo Insumo,Día de la Madre,1680
Coapa,MEX,,05 COAPA,1471,Frijol Refrito,Frijol Refrito,Día de la Madre,4740
Coapa,MEX,,05 COAPA,1532,Arroz Blanco Cocido,Arroz Blanco Cocido,Día de la Madre,6400
Coapa,MEX,,05 COAPA,6204,Salsa Verde UND 🆕,Salsa Verde UND 🆕,Día de la Madre,187
Coapa,MEX,,05 COAPA,6205,Salsa Roja UND 🆕,Salsa Roja UND 🆕,Día de la Madre,99
Coapa,MEX,,05 COAPA,1434,Tocineta,Tocineta,Día de la Madre,924
Coapa,MEX,,05 COAPA,1245,Almendra Fileteada Insumo,Almendra Fileteada Insumo,Día de la Madre,1245
Coapa,MEX,,05 COAPA,1304,Croissant Grande,Croissant Grande,Día de la Madre,8
Coapa,MEX,,05 COAPA,1430,Tapa Bowl Kraft Chico,Tapa Bowl Kraft Chico,Día de la Madre,133
Coapa,MEX,,05 COAPA,1266,Bowl Kraft Chico,Bowl Kraft Chico,Día de la Madre,132
Coapa,MEX,,05 COAPA,1431,Tapa Bowl Kraft Grande,Tapa Bowl Kraft Grande,Día de la Madre,229
Coapa,MEX,,05 COAPA,1267,Bowl Kraft Grande,Bowl Kraft Grande,Día de la Madre,229
Coapa,MEX,,05 COAPA,1395,Porta Hamburguesa,Porta Hamburguesa,Día de la Madre,20
Coapa,MEX,,05 COAPA,1271,Caja Lounch,Caja Lounch,Día de la Madre,24
Coapa,MEX,,05 COAPA,1419,servilletas,servilletas,Día de la Madre,611
Coapa,MEX,,05 COAPA,1669,Bowl Sopa,Bowl Sopa,Día de la Madre,39
Coapa,MEX,,05 COAPA,1670,Tapa Bowl Sopa,Tapa Bowl Sopa,Día de la Madre,39
Coapa,MEX,,05 COAPA,1311,Espinaca,Espinaca,Día de la Madre,700
Coapa,MEX,,05 COAPA,2381,Jitomate Saladed,Jitomate Saladed,Día de la Madre,5705
Coapa,MEX,,05 COAPA,1289,Cilantro Insumo,Cilantro Insumo,Día de la Madre,172
Coapa,MEX,,05 COAPA,1276,Cebolla Blanca Insumo,Cebolla Blanca Insumo,Día de la Madre,4840
Coapa,MEX,,05 COAPA,1249,Arandano fresco Insumo,Arandano fresco Insumo,Día de la Madre,980
Coapa,MEX,,05 COAPA,1257,Banano Criollo Insumo,Banano Criollo Insumo,Día de la Madre,2484
Coapa,MEX,,05 COAPA,1312,Fresa Insumo,Fresa Insumo,Día de la Madre,2849
Coapa,MEX,,05 COAPA,1391,Pina Miel Insumo,Pina Miel Insumo,Día de la Madre,1190
Coapa,MEX,,05 COAPA,1374,Papaya Maradol Insumo,Papaya Maradol Insumo,Día de la Madre,1190
Coapa,MEX,,05 COAPA,5319,Frosting Queso Crema y Yogurt,Frosting Queso Crema y Yogurt,Día de la Madre,920
Coapa,MEX,,05 COAPA,1303,Crema acida,Crema acida,Día de la Madre,3570
Coapa,MEX,,05 COAPA,5392,"Salsa ""Del Barça""","Salsa ""Del Barça""",Día de la Madre,1050
Coapa,MEX,,05 COAPA,3055,Salsa Burger con Jalapeño,Salsa Burger con Jalapeño,Día de la Madre,800
Coapa,MEX,,05 COAPA,1362,Miel de maple,Miel de maple,Día de la Madre,8850
Coapa,MEX,,05 COAPA,1836,Arrachera insumo,Arrachera insumo,Día de la Madre,7370
Coapa,MEX,,05 COAPA,1491,Totopos,Totopos,Día de la Madre,18900
Coapa,MEX,,05 COAPA,1511,Salsa Frutos Rojos,Salsa Frutos Rojos,Día de la Madre,240
Coapa,MEX,,05 COAPA,1039,Jugo de Naranja,Jugo de Naranja,Día de la Madre,96
Coapa,MEX,,05 COAPA,1117,Porcion de Fruta,Porcion de Fruta,Día de la Madre,11
Coapa,MEX,,05 COAPA,1493,Guacamole,Guacamole,Día de la Madre,4350
Coapa,MEX,,05 COAPA,3058,Mezcla mantequilla y aceite,Mezcla mantequilla y aceite,Día de la Madre,760
Coapa,MEX,,05 COAPA,1503,Avena Preparada,Avena Preparada,Día de la Madre,2340
Coapa,MEX,,05 COAPA,1516,Pico de Gallo Produccion,Pico de Gallo Produccion,Día de la Madre,1200
Coapa,MEX,,05 COAPA,1515,Yogurt Griego Preparado,Yogurt Griego Preparado,Día de la Madre,1260
Coapa,MEX,,05 COAPA,1504,Granola Produccion,Granola Produccion,Día de la Madre,245
Coapa,MEX,,05 COAPA,1401,Queso Mozzarella,Queso Mozzarella,Día de la Madre,8340
Coapa,MEX,,05 COAPA,2738,Queso Panela,Queso Panela,Día de la Madre,1311
Coapa,MEX,,05 COAPA,2540,Pan de Papa Fasfu 100 gr,Pan de Papa Fasfu 100 gr,Día de la Madre,21
Coapa,MEX,,05 COAPA,1272,Cajeta Insumo,Cajeta Insumo,Día de la Madre,1080
Coapa,MEX,,05 COAPA,1327,Jamon De Cerdo Insumo,Jamon De Cerdo Insumo,Día de la Madre,1120
Coapa,MEX,,05 COAPA,1321,Hashbrown McCain,Hashbrown McCain,Día de la Madre,650
Coapa,MEX,,05 COAPA,2187,Tarjeta Especial Insumo,Tarjeta Especial Insumo,Día de la Madre,32
Coapa,MEX,,05 COAPA,1418,Semillas de chia Insumo,Semillas de chia Insumo,Día de la Madre,32
Doctores,MEX,,01 DOCTORES,1507,Mezcla Pancakes Tradicionales Liquida,Mezcla Pancakes Tradicionales Liquida,Día de la Madre,68900
Doctores,MEX,,01 DOCTORES,1505,Mezcla Pancakes Avena Liquida,Mezcla Pancakes Avena Liquida,Día de la Madre,25920
Doctores,MEX,,01 DOCTORES,5444,Chilaquiles verdes toppings default,Chilaquiles verdes toppings default,Día de la Madre,51
Doctores,MEX,,01 DOCTORES,5809,Pancakes Tradicionales Nuevos,Pancakes Tradicionales Nuevos,Día de la Madre,74
Doctores,MEX,,01 DOCTORES,2189,Tarjeta Dia de las Madres.🌷,Tarjeta Dia de las Madres.🌷,Día de la Madre,81
Doctores,MEX,,01 DOCTORES,6403,Pancakes de Cajeta y Plátano. 🆕,Pancakes de Cajeta y Plátano. 🆕,Día de la Madre,61
Doctores,MEX,,01 DOCTORES,6218,Croissant de Frutos Rojos,Croissant de Frutos Rojos,Día de la Madre,12
Doctores,MEX,,01 DOCTORES,1288,Chorizo Insumo,Chorizo Insumo,Día de la Madre,2000
Doctores,MEX,,01 DOCTORES,1471,Frijol Refrito,Frijol Refrito,Día de la Madre,8400
Doctores,MEX,,01 DOCTORES,1532,Arroz Blanco Cocido,Arroz Blanco Cocido,Día de la Madre,10160
Doctores,MEX,,01 DOCTORES,6204,Salsa Verde UND 🆕,Salsa Verde UND 🆕,Día de la Madre,281
Doctores,MEX,,01 DOCTORES,6205,Salsa Roja UND 🆕,Salsa Roja UND 🆕,Día de la Madre,154
Doctores,MEX,,01 DOCTORES,1434,Tocineta,Tocineta,Día de la Madre,2520
Doctores,MEX,,01 DOCTORES,1245,Almendra Fileteada Insumo,Almendra Fileteada Insumo,Día de la Madre,3060
Doctores,MEX,,01 DOCTORES,1304,Croissant Grande,Croissant Grande,Día de la Madre,23
Doctores,MEX,,01 DOCTORES,1430,Tapa Bowl Kraft Chico,Tapa Bowl Kraft Chico,Día de la Madre,296
Doctores,MEX,,01 DOCTORES,1266,Bowl Kraft Chico,Bowl Kraft Chico,Día de la Madre,294
Doctores,MEX,,01 DOCTORES,1431,Tapa Bowl Kraft Grande,Tapa Bowl Kraft Grande,Día de la Madre,505
Doctores,MEX,,01 DOCTORES,1267,Bowl Kraft Grande,Bowl Kraft Grande,Día de la Madre,506
Doctores,MEX,,01 DOCTORES,1395,Porta Hamburguesa,Porta Hamburguesa,Día de la Madre,54
Doctores,MEX,,01 DOCTORES,1271,Caja Lounch,Caja Lounch,Día de la Madre,55
Doctores,MEX,,01 DOCTORES,1419,servilletas,servilletas,Día de la Madre,1225
Doctores,MEX,,01 DOCTORES,1669,Bowl Sopa,Bowl Sopa,Día de la Madre,81
Doctores,MEX,,01 DOCTORES,1670,Tapa Bowl Sopa,Tapa Bowl Sopa,Día de la Madre,81
Doctores,MEX,,01 DOCTORES,1311,Espinaca,Espinaca,Día de la Madre,2430
Doctores,MEX,,01 DOCTORES,2381,Jitomate Saladed,Jitomate Saladed,Día de la Madre,12040
Doctores,MEX,,01 DOCTORES,1289,Cilantro Insumo,Cilantro Insumo,Día de la Madre,368
Doctores,MEX,,01 DOCTORES,1276,Cebolla Blanca Insumo,Cebolla Blanca Insumo,Día de la Madre,8320
Doctores,MEX,,01 DOCTORES,1249,Arandano fresco Insumo,Arandano fresco Insumo,Día de la Madre,2320
Doctores,MEX,,01 DOCTORES,1257,Banano Criollo Insumo,Banano Criollo Insumo,Día de la Madre,5940
Doctores,MEX,,01 DOCTORES,1312,Fresa Insumo,Fresa Insumo,Día de la Madre,6660
Doctores,MEX,,01 DOCTORES,1391,Pina Miel Insumo,Pina Miel Insumo,Día de la Madre,2590
Doctores,MEX,,01 DOCTORES,1374,Papaya Maradol Insumo,Papaya Maradol Insumo,Día de la Madre,2590
Doctores,MEX,,01 DOCTORES,5319,Frosting Queso Crema y Yogurt,Frosting Queso Crema y Yogurt,Día de la Madre,2240
Doctores,MEX,,01 DOCTORES,1303,Crema acida,Crema acida,Día de la Madre,6810
Doctores,MEX,,01 DOCTORES,5392,"Salsa ""Del Barça""","Salsa ""Del Barça""",Día de la Madre,1470
Doctores,MEX,,01 DOCTORES,3055,Salsa Burger con Jalapeño,Salsa Burger con Jalapeño,Día de la Madre,1740
Doctores,MEX,,01 DOCTORES,1362,Miel de maple,Miel de maple,Día de la Madre,21960
Doctores,MEX,,01 DOCTORES,1836,Arrachera insumo,Arrachera insumo,Día de la Madre,10450
Doctores,MEX,,01 DOCTORES,1491,Totopos,Totopos,Día de la Madre,33000
Doctores,MEX,,01 DOCTORES,1511,Salsa Frutos Rojos,Salsa Frutos Rojos,Día de la Madre,480
Doctores,MEX,,01 DOCTORES,1039,Jugo de Naranja,Jugo de Naranja,Día de la Madre,229
Doctores,MEX,,01 DOCTORES,1117,Porcion de Fruta,Porcion de Fruta,Día de la Madre,33
Doctores,MEX,,01 DOCTORES,1493,Guacamole,Guacamole,Día de la Madre,6150
Doctores,MEX,,01 DOCTORES,3058,Mezcla mantequilla y aceite,Mezcla mantequilla y aceite,Día de la Madre,1580
Doctores,MEX,,01 DOCTORES,1503,Avena Preparada,Avena Preparada,Día de la Madre,5220
Doctores,MEX,,01 DOCTORES,1516,Pico de Gallo Produccion,Pico de Gallo Produccion,Día de la Madre,2440
Doctores,MEX,,01 DOCTORES,1515,Yogurt Griego Preparado,Yogurt Griego Preparado,Día de la Madre,2340
Doctores,MEX,,01 DOCTORES,1504,Granola Produccion,Granola Produccion,Día de la Madre,455
Doctores,MEX,,01 DOCTORES,1401,Queso Mozzarella,Queso Mozzarella,Día de la Madre,14430
Doctores,MEX,,01 DOCTORES,2738,Queso Panela,Queso Panela,Día de la Madre,2576
Doctores,MEX,,01 DOCTORES,2540,Pan de Papa Fasfu 100 gr,Pan de Papa Fasfu 100 gr,Día de la Madre,55
Doctores,MEX,,01 DOCTORES,1272,Cajeta Insumo,Cajeta Insumo,Día de la Madre,2640
Doctores,MEX,,01 DOCTORES,1327,Jamon De Cerdo Insumo,Jamon De Cerdo Insumo,Día de la Madre,2580
Doctores,MEX,,01 DOCTORES,1321,Hashbrown McCain,Hashbrown McCain,Día de la Madre,2860
Doctores,MEX,,01 DOCTORES,2187,Tarjeta Especial Insumo,Tarjeta Especial Insumo,Día de la Madre,81
Doctores,MEX,,01 DOCTORES,1418,Semillas de chia Insumo,Semillas de chia Insumo,Día de la Madre,57
Esmeralda,MEX,,20 ESMERALDA,1507,Mezcla Pancakes Tradicionales Liquida,Mezcla Pancakes Tradicionales Liquida,Día de la Madre,16900
Esmeralda,MEX,,20 ESMERALDA,1505,Mezcla Pancakes Avena Liquida,Mezcla Pancakes Avena Liquida,Día de la Madre,5940
Esmeralda,MEX,,20 ESMERALDA,5444,Chilaquiles verdes toppings default,Chilaquiles verdes toppings default,Día de la Madre,13
Esmeralda,MEX,,20 ESMERALDA,5809,Pancakes Tradicionales Nuevos,Pancakes Tradicionales Nuevos,Día de la Madre,19
Esmeralda,MEX,,20 ESMERALDA,2189,Tarjeta Dia de las Madres.🌷,Tarjeta Dia de las Madres.🌷,Día de la Madre,21
Esmeralda,MEX,,20 ESMERALDA,6403,Pancakes de Cajeta y Plátano. 🆕,Pancakes de Cajeta y Plátano. 🆕,Día de la Madre,16
Esmeralda,MEX,,20 ESMERALDA,6218,Croissant de Frutos Rojos,Croissant de Frutos Rojos,Día de la Madre,3
Esmeralda,MEX,,20 ESMERALDA,1288,Chorizo Insumo,Chorizo Insumo,Día de la Madre,1280
Esmeralda,MEX,,20 ESMERALDA,1471,Frijol Refrito,Frijol Refrito,Día de la Madre,3120
Esmeralda,MEX,,20 ESMERALDA,1532,Arroz Blanco Cocido,Arroz Blanco Cocido,Día de la Madre,2640
Esmeralda,MEX,,20 ESMERALDA,6204,Salsa Verde UND 🆕,Salsa Verde UND 🆕,Día de la Madre,105
Esmeralda,MEX,,20 ESMERALDA,6205,Salsa Roja UND 🆕,Salsa Roja UND 🆕,Día de la Madre,61
Esmeralda,MEX,,20 ESMERALDA,1434,Tocineta,Tocineta,Día de la Madre,588
Esmeralda,MEX,,20 ESMERALDA,1245,Almendra Fileteada Insumo,Almendra Fileteada Insumo,Día de la Madre,555
Esmeralda,MEX,,20 ESMERALDA,1304,Croissant Grande,Croissant Grande,Día de la Madre,6
Esmeralda,MEX,,20 ESMERALDA,1430,Tapa Bowl Kraft Chico,Tapa Bowl Kraft Chico,Día de la Madre,51
Esmeralda,MEX,,20 ESMERALDA,1266,Bowl Kraft Chico,Bowl Kraft Chico,Día de la Madre,51
Esmeralda,MEX,,20 ESMERALDA,1431,Tapa Bowl Kraft Grande,Tapa Bowl Kraft Grande,Día de la Madre,138
Esmeralda,MEX,,20 ESMERALDA,1267,Bowl Kraft Grande,Bowl Kraft Grande,Día de la Madre,138
Esmeralda,MEX,,20 ESMERALDA,1395,Porta Hamburguesa,Porta Hamburguesa,Día de la Madre,13
Esmeralda,MEX,,20 ESMERALDA,1271,Caja Lounch,Caja Lounch,Día de la Madre,12
Esmeralda,MEX,,20 ESMERALDA,1419,servilletas,servilletas,Día de la Madre,310
Esmeralda,MEX,,20 ESMERALDA,1669,Bowl Sopa,Bowl Sopa,Día de la Madre,19
Esmeralda,MEX,,20 ESMERALDA,1670,Tapa Bowl Sopa,Tapa Bowl Sopa,Día de la Madre,19
Esmeralda,MEX,,20 ESMERALDA,1311,Espinaca,Espinaca,Día de la Madre,340
Esmeralda,MEX,,20 ESMERALDA,2381,Jitomate Saladed,Jitomate Saladed,Día de la Madre,1995
Esmeralda,MEX,,20 ESMERALDA,1289,Cilantro Insumo,Cilantro Insumo,Día de la Madre,80
Esmeralda,MEX,,20 ESMERALDA,1276,Cebolla Blanca Insumo,Cebolla Blanca Insumo,Día de la Madre,2060
Esmeralda,MEX,,20 ESMERALDA,1249,Arandano fresco Insumo,Arandano fresco Insumo,Día de la Madre,560
Esmeralda,MEX,,20 ESMERALDA,1257,Banano Criollo Insumo,Banano Criollo Insumo,Día de la Madre,1152
Esmeralda,MEX,,20 ESMERALDA,1312,Fresa Insumo,Fresa Insumo,Día de la Madre,1332
Esmeralda,MEX,,20 ESMERALDA,1391,Pina Miel Insumo,Pina Miel Insumo,Día de la Madre,700
Esmeralda,MEX,,20 ESMERALDA,1374,Papaya Maradol Insumo,Papaya Maradol Insumo,Día de la Madre,700
Esmeralda,MEX,,20 ESMERALDA,5319,Frosting Queso Crema y Yogurt,Frosting Queso Crema y Yogurt,Día de la Madre,680
Esmeralda,MEX,,20 ESMERALDA,1303,Crema acida,Crema acida,Día de la Madre,1470
Esmeralda,MEX,,20 ESMERALDA,5392,"Salsa ""Del Barça""","Salsa ""Del Barça""",Día de la Madre,660
Esmeralda,MEX,,20 ESMERALDA,3055,Salsa Burger con Jalapeño,Salsa Burger con Jalapeño,Día de la Madre,460
Esmeralda,MEX,,20 ESMERALDA,1362,Miel de maple,Miel de maple,Día de la Madre,5160
Esmeralda,MEX,,20 ESMERALDA,1836,Arrachera insumo,Arrachera insumo,Día de la Madre,3300
Esmeralda,MEX,,20 ESMERALDA,1491,Totopos,Totopos,Día de la Madre,12200
Esmeralda,MEX,,20 ESMERALDA,1511,Salsa Frutos Rojos,Salsa Frutos Rojos,Día de la Madre,160
Esmeralda,MEX,,20 ESMERALDA,1039,Jugo de Naranja,Jugo de Naranja,Día de la Madre,52
Esmeralda,MEX,,20 ESMERALDA,1117,Porcion de Fruta,Porcion de Fruta,Día de la Madre,6
Esmeralda,MEX,,20 ESMERALDA,1493,Guacamole,Guacamole,Día de la Madre,2450
Esmeralda,MEX,,20 ESMERALDA,3058,Mezcla mantequilla y aceite,Mezcla mantequilla y aceite,Día de la Madre,410
Esmeralda,MEX,,20 ESMERALDA,1503,Avena Preparada,Avena Preparada,Día de la Madre,1080
Esmeralda,MEX,,20 ESMERALDA,1516,Pico de Gallo Produccion,Pico de Gallo Produccion,Día de la Madre,640
Esmeralda,MEX,,20 ESMERALDA,1515,Yogurt Griego Preparado,Yogurt Griego Preparado,Día de la Madre,720
Esmeralda,MEX,,20 ESMERALDA,1504,Granola Produccion,Granola Produccion,Día de la Madre,140
Esmeralda,MEX,,20 ESMERALDA,1401,Queso Mozzarella,Queso Mozzarella,Día de la Madre,4320
Esmeralda,MEX,,20 ESMERALDA,2738,Queso Panela,Queso Panela,Día de la Madre,575
Esmeralda,MEX,,20 ESMERALDA,2540,Pan de Papa Fasfu 100 gr,Pan de Papa Fasfu 100 gr,Día de la Madre,14
Esmeralda,MEX,,20 ESMERALDA,1272,Cajeta Insumo,Cajeta Insumo,Día de la Madre,720
Esmeralda,MEX,,20 ESMERALDA,1327,Jamon De Cerdo Insumo,Jamon De Cerdo Insumo,Día de la Madre,440
Esmeralda,MEX,,20 ESMERALDA,1321,Hashbrown McCain,Hashbrown McCain,Día de la Madre,520
Esmeralda,MEX,,20 ESMERALDA,2187,Tarjeta Especial Insumo,Tarjeta Especial Insumo,Día de la Madre,21
Esmeralda,MEX,,20 ESMERALDA,1418,Semillas de chia Insumo,Semillas de chia Insumo,Día de la Madre,12
Izatapalapa,MEX,,27 IZTAPALAPA,1507,Mezcla Pancakes Tradicionales Liquida,Mezcla Pancakes Tradicionales Liquida,Día de la Madre,14560
Izatapalapa,MEX,,27 IZTAPALAPA,1505,Mezcla Pancakes Avena Liquida,Mezcla Pancakes Avena Liquida,Día de la Madre,5130
Izatapalapa,MEX,,27 IZTAPALAPA,5444,Chilaquiles verdes toppings default,Chilaquiles verdes toppings default,Día de la Madre,11
Izatapalapa,MEX,,27 IZTAPALAPA,5809,Pancakes Tradicionales Nuevos,Pancakes Tradicionales Nuevos,Día de la Madre,15
Izatapalapa,MEX,,27 IZTAPALAPA,2189,Tarjeta Dia de las Madres.🌷,Tarjeta Dia de las Madres.🌷,Día de la Madre,16
Izatapalapa,MEX,,27 IZTAPALAPA,6403,Pancakes de Cajeta y Plátano. 🆕,Pancakes de Cajeta y Plátano. 🆕,Día de la Madre,12
Izatapalapa,MEX,,27 IZTAPALAPA,6218,Croissant de Frutos Rojos,Croissant de Frutos Rojos,Día de la Madre,2
Izatapalapa,MEX,,27 IZTAPALAPA,1288,Chorizo Insumo,Chorizo Insumo,Día de la Madre,720
Izatapalapa,MEX,,27 IZTAPALAPA,1471,Frijol Refrito,Frijol Refrito,Día de la Madre,2700
Izatapalapa,MEX,,27 IZTAPALAPA,1532,Arroz Blanco Cocido,Arroz Blanco Cocido,Día de la Madre,3320
Izatapalapa,MEX,,27 IZTAPALAPA,6204,Salsa Verde UND 🆕,Salsa Verde UND 🆕,Día de la Madre,101
Izatapalapa,MEX,,27 IZTAPALAPA,6205,Salsa Roja UND 🆕,Salsa Roja UND 🆕,Día de la Madre,34
Izatapalapa,MEX,,27 IZTAPALAPA,1434,Tocineta,Tocineta,Día de la Madre,504
Izatapalapa,MEX,,27 IZTAPALAPA,1245,Almendra Fileteada Insumo,Almendra Fileteada Insumo,Día de la Madre,525
Izatapalapa,MEX,,27 IZTAPALAPA,1304,Croissant Grande,Croissant Grande,Día de la Madre,5
Izatapalapa,MEX,,27 IZTAPALAPA,1430,Tapa Bowl Kraft Chico,Tapa Bowl Kraft Chico,Día de la Madre,50
Izatapalapa,MEX,,27 IZTAPALAPA,1266,Bowl Kraft Chico,Bowl Kraft Chico,Día de la Madre,50
Izatapalapa,MEX,,27 IZTAPALAPA,1431,Tapa Bowl Kraft Grande,Tapa Bowl Kraft Grande,Día de la Madre,115
Izatapalapa,MEX,,27 IZTAPALAPA,1267,Bowl Kraft Grande,Bowl Kraft Grande,Día de la Madre,116
Izatapalapa,MEX,,27 IZTAPALAPA,1395,Porta Hamburguesa,Porta Hamburguesa,Día de la Madre,10
Izatapalapa,MEX,,27 IZTAPALAPA,1271,Caja Lounch,Caja Lounch,Día de la Madre,16
Izatapalapa,MEX,,27 IZTAPALAPA,1419,servilletas,servilletas,Día de la Madre,273
Izatapalapa,MEX,,27 IZTAPALAPA,1669,Bowl Sopa,Bowl Sopa,Día de la Madre,19
Izatapalapa,MEX,,27 IZTAPALAPA,1670,Tapa Bowl Sopa,Tapa Bowl Sopa,Día de la Madre,19
Izatapalapa,MEX,,27 IZTAPALAPA,1311,Espinaca,Espinaca,Día de la Madre,210
Izatapalapa,MEX,,27 IZTAPALAPA,2381,Jitomate Saladed,Jitomate Saladed,Día de la Madre,1890
Izatapalapa,MEX,,27 IZTAPALAPA,1289,Cilantro Insumo,Cilantro Insumo,Día de la Madre,87
Izatapalapa,MEX,,27 IZTAPALAPA,1276,Cebolla Blanca Insumo,Cebolla Blanca Insumo,Día de la Madre,2300
Izatapalapa,MEX,,27 IZTAPALAPA,1249,Arandano fresco Insumo,Arandano fresco Insumo,Día de la Madre,520
Izatapalapa,MEX,,27 IZTAPALAPA,1257,Banano Criollo Insumo,Banano Criollo Insumo,Día de la Madre,1188
Izatapalapa,MEX,,27 IZTAPALAPA,1312,Fresa Insumo,Fresa Insumo,Día de la Madre,1591
Izatapalapa,MEX,,27 IZTAPALAPA,1391,Pina Miel Insumo,Pina Miel Insumo,Día de la Madre,700
Izatapalapa,MEX,,27 IZTAPALAPA,1374,Papaya Maradol Insumo,Papaya Maradol Insumo,Día de la Madre,700
Izatapalapa,MEX,,27 IZTAPALAPA,5319,Frosting Queso Crema y Yogurt,Frosting Queso Crema y Yogurt,Día de la Madre,520
Izatapalapa,MEX,,27 IZTAPALAPA,1303,Crema acida,Crema acida,Día de la Madre,1770
Izatapalapa,MEX,,27 IZTAPALAPA,5392,"Salsa ""Del Barça""","Salsa ""Del Barça""",Día de la Madre,810
Izatapalapa,MEX,,27 IZTAPALAPA,3055,Salsa Burger con Jalapeño,Salsa Burger con Jalapeño,Día de la Madre,260
Izatapalapa,MEX,,27 IZTAPALAPA,1362,Miel de maple,Miel de maple,Día de la Madre,4470
Izatapalapa,MEX,,27 IZTAPALAPA,1836,Arrachera insumo,Arrachera insumo,Día de la Madre,4400
Izatapalapa,MEX,,27 IZTAPALAPA,1491,Totopos,Totopos,Día de la Madre,9800
Izatapalapa,MEX,,27 IZTAPALAPA,1511,Salsa Frutos Rojos,Salsa Frutos Rojos,Día de la Madre,160
Izatapalapa,MEX,,27 IZTAPALAPA,1039,Jugo de Naranja,Jugo de Naranja,Día de la Madre,44
Izatapalapa,MEX,,27 IZTAPALAPA,1117,Porcion de Fruta,Porcion de Fruta,Día de la Madre,7
Izatapalapa,MEX,,27 IZTAPALAPA,1493,Guacamole,Guacamole,Día de la Madre,2300
Izatapalapa,MEX,,27 IZTAPALAPA,3058,Mezcla mantequilla y aceite,Mezcla mantequilla y aceite,Día de la Madre,260
Izatapalapa,MEX,,27 IZTAPALAPA,1503,Avena Preparada,Avena Preparada,Día de la Madre,1080
Izatapalapa,MEX,,27 IZTAPALAPA,1516,Pico de Gallo Produccion,Pico de Gallo Produccion,Día de la Madre,680
Izatapalapa,MEX,,27 IZTAPALAPA,1515,Yogurt Griego Preparado,Yogurt Griego Preparado,Día de la Madre,1260
Izatapalapa,MEX,,27 IZTAPALAPA,1504,Granola Produccion,Granola Produccion,Día de la Madre,245
Izatapalapa,MEX,,27 IZTAPALAPA,1401,Queso Mozzarella,Queso Mozzarella,Día de la Madre,4020
Izatapalapa,MEX,,27 IZTAPALAPA,2738,Queso Panela,Queso Panela,Día de la Madre,736
Izatapalapa,MEX,,27 IZTAPALAPA,2540,Pan de Papa Fasfu 100 gr,Pan de Papa Fasfu 100 gr,Día de la Madre,7
Izatapalapa,MEX,,27 IZTAPALAPA,1272,Cajeta Insumo,Cajeta Insumo,Día de la Madre,560
Izatapalapa,MEX,,27 IZTAPALAPA,1327,Jamon De Cerdo Insumo,Jamon De Cerdo Insumo,Día de la Madre,800
Izatapalapa,MEX,,27 IZTAPALAPA,1321,Hashbrown McCain,Hashbrown McCain,Día de la Madre,520
Izatapalapa,MEX,,27 IZTAPALAPA,2187,Tarjeta Especial Insumo,Tarjeta Especial Insumo,Día de la Madre,16
Izatapalapa,MEX,,27 IZTAPALAPA,1418,Semillas de chia Insumo,Semillas de chia Insumo,Día de la Madre,18
Lindavista,MEX,,15 LINDAVISTA,1507,Mezcla Pancakes Tradicionales Liquida,Mezcla Pancakes Tradicionales Liquida,Día de la Madre,39260
Lindavista,MEX,,15 LINDAVISTA,1505,Mezcla Pancakes Avena Liquida,Mezcla Pancakes Avena Liquida,Día de la Madre,13770
Lindavista,MEX,,15 LINDAVISTA,5444,Chilaquiles verdes toppings default,Chilaquiles verdes toppings default,Día de la Madre,29
Lindavista,MEX,,15 LINDAVISTA,5809,Pancakes Tradicionales Nuevos,Pancakes Tradicionales Nuevos,Día de la Madre,44
Lindavista,MEX,,15 LINDAVISTA,2189,Tarjeta Dia de las Madres.🌷,Tarjeta Dia de las Madres.🌷,Día de la Madre,49
Lindavista,MEX,,15 LINDAVISTA,6403,Pancakes de Cajeta y Plátano. 🆕,Pancakes de Cajeta y Plátano. 🆕,Día de la Madre,37
Lindavista,MEX,,15 LINDAVISTA,6218,Croissant de Frutos Rojos,Croissant de Frutos Rojos,Día de la Madre,7
Lindavista,MEX,,15 LINDAVISTA,1288,Chorizo Insumo,Chorizo Insumo,Día de la Madre,1840
Lindavista,MEX,,15 LINDAVISTA,1471,Frijol Refrito,Frijol Refrito,Día de la Madre,4500
Lindavista,MEX,,15 LINDAVISTA,1532,Arroz Blanco Cocido,Arroz Blanco Cocido,Día de la Madre,5040
Lindavista,MEX,,15 LINDAVISTA,6204,Salsa Verde UND 🆕,Salsa Verde UND 🆕,Día de la Madre,173
Lindavista,MEX,,15 LINDAVISTA,6205,Salsa Roja UND 🆕,Salsa Roja UND 🆕,Día de la Madre,64
Lindavista,MEX,,15 LINDAVISTA,1434,Tocineta,Tocineta,Día de la Madre,1050
Lindavista,MEX,,15 LINDAVISTA,1245,Almendra Fileteada Insumo,Almendra Fileteada Insumo,Día de la Madre,1080
Lindavista,MEX,,15 LINDAVISTA,1304,Croissant Grande,Croissant Grande,Día de la Madre,11
Lindavista,MEX,,15 LINDAVISTA,1430,Tapa Bowl Kraft Chico,Tapa Bowl Kraft Chico,Día de la Madre,78
Lindavista,MEX,,15 LINDAVISTA,1266,Bowl Kraft Chico,Bowl Kraft Chico,Día de la Madre,78
Lindavista,MEX,,15 LINDAVISTA,1431,Tapa Bowl Kraft Grande,Tapa Bowl Kraft Grande,Día de la Madre,264
Lindavista,MEX,,15 LINDAVISTA,1267,Bowl Kraft Grande,Bowl Kraft Grande,Día de la Madre,265
Lindavista,MEX,,15 LINDAVISTA,1395,Porta Hamburguesa,Porta Hamburguesa,Día de la Madre,23
Lindavista,MEX,,15 LINDAVISTA,1271,Caja Lounch,Caja Lounch,Día de la Madre,20
Lindavista,MEX,,15 LINDAVISTA,1419,servilletas,servilletas,Día de la Madre,515
Lindavista,MEX,,15 LINDAVISTA,1669,Bowl Sopa,Bowl Sopa,Día de la Madre,29
Lindavista,MEX,,15 LINDAVISTA,1670,Tapa Bowl Sopa,Tapa Bowl Sopa,Día de la Madre,29
Lindavista,MEX,,15 LINDAVISTA,1311,Espinaca,Espinaca,Día de la Madre,370
Lindavista,MEX,,15 LINDAVISTA,2381,Jitomate Saladed,Jitomate Saladed,Día de la Madre,2870
Lindavista,MEX,,15 LINDAVISTA,1289,Cilantro Insumo,Cilantro Insumo,Día de la Madre,153
Lindavista,MEX,,15 LINDAVISTA,1276,Cebolla Blanca Insumo,Cebolla Blanca Insumo,Día de la Madre,3560
Lindavista,MEX,,15 LINDAVISTA,1249,Arandano fresco Insumo,Arandano fresco Insumo,Día de la Madre,1320
Lindavista,MEX,,15 LINDAVISTA,1257,Banano Criollo Insumo,Banano Criollo Insumo,Día de la Madre,2736
Lindavista,MEX,,15 LINDAVISTA,1312,Fresa Insumo,Fresa Insumo,Día de la Madre,2516
Lindavista,MEX,,15 LINDAVISTA,1391,Pina Miel Insumo,Pina Miel Insumo,Día de la Madre,1050
Lindavista,MEX,,15 LINDAVISTA,1374,Papaya Maradol Insumo,Papaya Maradol Insumo,Día de la Madre,1050
Lindavista,MEX,,15 LINDAVISTA,5319,Frosting Queso Crema y Yogurt,Frosting Queso Crema y Yogurt,Día de la Madre,1360
Lindavista,MEX,,15 LINDAVISTA,1303,Crema acida,Crema acida,Día de la Madre,3360
Lindavista,MEX,,15 LINDAVISTA,5392,"Salsa ""Del Barça""","Salsa ""Del Barça""",Día de la Madre,990
Lindavista,MEX,,15 LINDAVISTA,3055,Salsa Burger con Jalapeño,Salsa Burger con Jalapeño,Día de la Madre,600
Lindavista,MEX,,15 LINDAVISTA,1362,Miel de maple,Miel de maple,Día de la Madre,12120
Lindavista,MEX,,15 LINDAVISTA,1836,Arrachera insumo,Arrachera insumo,Día de la Madre,5610
Lindavista,MEX,,15 LINDAVISTA,1491,Totopos,Totopos,Día de la Madre,17500
Lindavista,MEX,,15 LINDAVISTA,1511,Salsa Frutos Rojos,Salsa Frutos Rojos,Día de la Madre,240
Lindavista,MEX,,15 LINDAVISTA,1039,Jugo de Naranja,Jugo de Naranja,Día de la Madre,128
Lindavista,MEX,,15 LINDAVISTA,1117,Porcion de Fruta,Porcion de Fruta,Día de la Madre,13
Lindavista,MEX,,15 LINDAVISTA,1493,Guacamole,Guacamole,Día de la Madre,3950
Lindavista,MEX,,15 LINDAVISTA,3058,Mezcla mantequilla y aceite,Mezcla mantequilla y aceite,Día de la Madre,540
Lindavista,MEX,,15 LINDAVISTA,1503,Avena Preparada,Avena Preparada,Día de la Madre,1980
Lindavista,MEX,,15 LINDAVISTA,1516,Pico de Gallo Produccion,Pico de Gallo Produccion,Día de la Madre,720
Lindavista,MEX,,15 LINDAVISTA,1515,Yogurt Griego Preparado,Yogurt Griego Preparado,Día de la Madre,1620
Lindavista,MEX,,15 LINDAVISTA,1504,Granola Produccion,Granola Produccion,Día de la Madre,315
Lindavista,MEX,,15 LINDAVISTA,1401,Queso Mozzarella,Queso Mozzarella,Día de la Madre,6060
Lindavista,MEX,,15 LINDAVISTA,2738,Queso Panela,Queso Panela,Día de la Madre,1380
Lindavista,MEX,,15 LINDAVISTA,2540,Pan de Papa Fasfu 100 gr,Pan de Papa Fasfu 100 gr,Día de la Madre,19
Lindavista,MEX,,15 LINDAVISTA,1272,Cajeta Insumo,Cajeta Insumo,Día de la Madre,1520
Lindavista,MEX,,15 LINDAVISTA,1327,Jamon De Cerdo Insumo,Jamon De Cerdo Insumo,Día de la Madre,600
Lindavista,MEX,,15 LINDAVISTA,1321,Hashbrown McCain,Hashbrown McCain,Día de la Madre,390
Lindavista,MEX,,15 LINDAVISTA,2187,Tarjeta Especial Insumo,Tarjeta Especial Insumo,Día de la Madre,49
Lindavista,MEX,,15 LINDAVISTA,1418,Semillas de chia Insumo,Semillas de chia Insumo,Día de la Madre,36
Metepec,MEX,,24 METEPEC,1507,Mezcla Pancakes Tradicionales Liquida,Mezcla Pancakes Tradicionales Liquida,Día de la Madre,13260
Metepec,MEX,,24 METEPEC,1505,Mezcla Pancakes Avena Liquida,Mezcla Pancakes Avena Liquida,Día de la Madre,5400
Metepec,MEX,,24 METEPEC,5444,Chilaquiles verdes toppings default,Chilaquiles verdes toppings default,Día de la Madre,10
Metepec,MEX,,24 METEPEC,5809,Pancakes Tradicionales Nuevos,Pancakes Tradicionales Nuevos,Día de la Madre,14
Metepec,MEX,,24 METEPEC,2189,Tarjeta Dia de las Madres.🌷,Tarjeta Dia de las Madres.🌷,Día de la Madre,14
Metepec,MEX,,24 METEPEC,6403,Pancakes de Cajeta y Plátano. 🆕,Pancakes de Cajeta y Plátano. 🆕,Día de la Madre,10
Metepec,MEX,,24 METEPEC,6218,Croissant de Frutos Rojos,Croissant de Frutos Rojos,Día de la Madre,3
Metepec,MEX,,24 METEPEC,1288,Chorizo Insumo,Chorizo Insumo,Día de la Madre,1200
Metepec,MEX,,24 METEPEC,1471,Frijol Refrito,Frijol Refrito,Día de la Madre,4020
Metepec,MEX,,24 METEPEC,1532,Arroz Blanco Cocido,Arroz Blanco Cocido,Día de la Madre,5080
Metepec,MEX,,24 METEPEC,6204,Salsa Verde UND 🆕,Salsa Verde UND 🆕,Día de la Madre,110
Metepec,MEX,,24 METEPEC,6205,Salsa Roja UND 🆕,Salsa Roja UND 🆕,Día de la Madre,58
Metepec,MEX,,24 METEPEC,1434,Tocineta,Tocineta,Día de la Madre,1218
Metepec,MEX,,24 METEPEC,1245,Almendra Fileteada Insumo,Almendra Fileteada Insumo,Día de la Madre,645
Metepec,MEX,,24 METEPEC,1304,Croissant Grande,Croissant Grande,Día de la Madre,7
Metepec,MEX,,24 METEPEC,1430,Tapa Bowl Kraft Chico,Tapa Bowl Kraft Chico,Día de la Madre,95
Metepec,MEX,,24 METEPEC,1266,Bowl Kraft Chico,Bowl Kraft Chico,Día de la Madre,95
Metepec,MEX,,24 METEPEC,1431,Tapa Bowl Kraft Grande,Tapa Bowl Kraft Grande,Día de la Madre,134
Metepec,MEX,,24 METEPEC,1267,Bowl Kraft Grande,Bowl Kraft Grande,Día de la Madre,134
Metepec,MEX,,24 METEPEC,1395,Porta Hamburguesa,Porta Hamburguesa,Día de la Madre,22
Metepec,MEX,,24 METEPEC,1271,Caja Lounch,Caja Lounch,Día de la Madre,15
Metepec,MEX,,24 METEPEC,1419,servilletas,servilletas,Día de la Madre,417
Metepec,MEX,,24 METEPEC,1669,Bowl Sopa,Bowl Sopa,Día de la Madre,40
Metepec,MEX,,24 METEPEC,1670,Tapa Bowl Sopa,Tapa Bowl Sopa,Día de la Madre,40
Metepec,MEX,,24 METEPEC,1311,Espinaca,Espinaca,Día de la Madre,600
Metepec,MEX,,24 METEPEC,2381,Jitomate Saladed,Jitomate Saladed,Día de la Madre,4200
Metepec,MEX,,24 METEPEC,1289,Cilantro Insumo,Cilantro Insumo,Día de la Madre,149
Metepec,MEX,,24 METEPEC,1276,Cebolla Blanca Insumo,Cebolla Blanca Insumo,Día de la Madre,2700
Metepec,MEX,,24 METEPEC,1249,Arandano fresco Insumo,Arandano fresco Insumo,Día de la Madre,580
Metepec,MEX,,24 METEPEC,1257,Banano Criollo Insumo,Banano Criollo Insumo,Día de la Madre,1476
Metepec,MEX,,24 METEPEC,1312,Fresa Insumo,Fresa Insumo,Día de la Madre,2331
Metepec,MEX,,24 METEPEC,1391,Pina Miel Insumo,Pina Miel Insumo,Día de la Madre,1260
Metepec,MEX,,24 METEPEC,1374,Papaya Maradol Insumo,Papaya Maradol Insumo,Día de la Madre,1260
Metepec,MEX,,24 METEPEC,5319,Frosting Queso Crema y Yogurt,Frosting Queso Crema y Yogurt,Día de la Madre,480
Metepec,MEX,,24 METEPEC,1303,Crema acida,Crema acida,Día de la Madre,2070
Metepec,MEX,,24 METEPEC,5392,"Salsa ""Del Barça""","Salsa ""Del Barça""",Día de la Madre,1110
Metepec,MEX,,24 METEPEC,3055,Salsa Burger con Jalapeño,Salsa Burger con Jalapeño,Día de la Madre,600
Metepec,MEX,,24 METEPEC,1362,Miel de maple,Miel de maple,Día de la Madre,4260
Metepec,MEX,,24 METEPEC,1836,Arrachera insumo,Arrachera insumo,Día de la Madre,6380
Metepec,MEX,,24 METEPEC,1491,Totopos,Totopos,Día de la Madre,12100
Metepec,MEX,,24 METEPEC,1511,Salsa Frutos Rojos,Salsa Frutos Rojos,Día de la Madre,200
Metepec,MEX,,24 METEPEC,1039,Jugo de Naranja,Jugo de Naranja,Día de la Madre,50
Metepec,MEX,,24 METEPEC,1117,Porcion de Fruta,Porcion de Fruta,Día de la Madre,10
Metepec,MEX,,24 METEPEC,1493,Guacamole,Guacamole,Día de la Madre,3850
Metepec,MEX,,24 METEPEC,3058,Mezcla mantequilla y aceite,Mezcla mantequilla y aceite,Día de la Madre,460
Metepec,MEX,,24 METEPEC,1503,Avena Preparada,Avena Preparada,Día de la Madre,1260
Metepec,MEX,,24 METEPEC,1516,Pico de Gallo Produccion,Pico de Gallo Produccion,Día de la Madre,1000
Metepec,MEX,,24 METEPEC,1515,Yogurt Griego Preparado,Yogurt Griego Preparado,Día de la Madre,1440
Metepec,MEX,,24 METEPEC,1504,Granola Produccion,Granola Produccion,Día de la Madre,315
Metepec,MEX,,24 METEPEC,1401,Queso Mozzarella,Queso Mozzarella,Día de la Madre,6060
Metepec,MEX,,24 METEPEC,2738,Queso Panela,Queso Panela,Día de la Madre,805
Metepec,MEX,,24 METEPEC,2540,Pan de Papa Fasfu 100 gr,Pan de Papa Fasfu 100 gr,Día de la Madre,16
Metepec,MEX,,24 METEPEC,1272,Cajeta Insumo,Cajeta Insumo,Día de la Madre,520
Metepec,MEX,,24 METEPEC,1327,Jamon De Cerdo Insumo,Jamon De Cerdo Insumo,Día de la Madre,460
Metepec,MEX,,24 METEPEC,1321,Hashbrown McCain,Hashbrown McCain,Día de la Madre,910
Metepec,MEX,,24 METEPEC,2187,Tarjeta Especial Insumo,Tarjeta Especial Insumo,Día de la Madre,14
Metepec,MEX,,24 METEPEC,1418,Semillas de chia Insumo,Semillas de chia Insumo,Día de la Madre,27
Churubusco,MEX,,09 CHURUBUSCO,1507,Mezcla Pancakes Tradicionales Liquida,Mezcla Pancakes Tradicionales Liquida,Día de la Madre,21840
Churubusco,MEX,,09 CHURUBUSCO,1505,Mezcla Pancakes Avena Liquida,Mezcla Pancakes Avena Liquida,Día de la Madre,8640
Churubusco,MEX,,09 CHURUBUSCO,5444,Chilaquiles verdes toppings default,Chilaquiles verdes toppings default,Día de la Madre,15
Churubusco,MEX,,09 CHURUBUSCO,5809,Pancakes Tradicionales Nuevos,Pancakes Tradicionales Nuevos,Día de la Madre,23
Churubusco,MEX,,09 CHURUBUSCO,2189,Tarjeta Dia de las Madres.🌷,Tarjeta Dia de las Madres.🌷,Día de la Madre,26
Churubusco,MEX,,09 CHURUBUSCO,6403,Pancakes de Cajeta y Plátano. 🆕,Pancakes de Cajeta y Plátano. 🆕,Día de la Madre,19
Churubusco,MEX,,09 CHURUBUSCO,6218,Croissant de Frutos Rojos,Croissant de Frutos Rojos,Día de la Madre,4
Churubusco,MEX,,09 CHURUBUSCO,1288,Chorizo Insumo,Chorizo Insumo,Día de la Madre,1440
Churubusco,MEX,,09 CHURUBUSCO,1471,Frijol Refrito,Frijol Refrito,Día de la Madre,4800
Churubusco,MEX,,09 CHURUBUSCO,1532,Arroz Blanco Cocido,Arroz Blanco Cocido,Día de la Madre,5200
Churubusco,MEX,,09 CHURUBUSCO,6204,Salsa Verde UND 🆕,Salsa Verde UND 🆕,Día de la Madre,154
Churubusco,MEX,,09 CHURUBUSCO,6205,Salsa Roja UND 🆕,Salsa Roja UND 🆕,Día de la Madre,91
Churubusco,MEX,,09 CHURUBUSCO,1434,Tocineta,Tocineta,Día de la Madre,1512
Churubusco,MEX,,09 CHURUBUSCO,1245,Almendra Fileteada Insumo,Almendra Fileteada Insumo,Día de la Madre,1125
Churubusco,MEX,,09 CHURUBUSCO,1304,Croissant Grande,Croissant Grande,Día de la Madre,9
Churubusco,MEX,,09 CHURUBUSCO,1430,Tapa Bowl Kraft Chico,Tapa Bowl Kraft Chico,Día de la Madre,133
Churubusco,MEX,,09 CHURUBUSCO,1266,Bowl Kraft Chico,Bowl Kraft Chico,Día de la Madre,133
Churubusco,MEX,,09 CHURUBUSCO,1431,Tapa Bowl Kraft Grande,Tapa Bowl Kraft Grande,Día de la Madre,186
Churubusco,MEX,,09 CHURUBUSCO,1267,Bowl Kraft Grande,Bowl Kraft Grande,Día de la Madre,187
Churubusco,MEX,,09 CHURUBUSCO,1395,Porta Hamburguesa,Porta Hamburguesa,Día de la Madre,34
Churubusco,MEX,,09 CHURUBUSCO,1271,Caja Lounch,Caja Lounch,Día de la Madre,23
Churubusco,MEX,,09 CHURUBUSCO,1419,servilletas,servilletas,Día de la Madre,558
Churubusco,MEX,,09 CHURUBUSCO,1669,Bowl Sopa,Bowl Sopa,Día de la Madre,49
Churubusco,MEX,,09 CHURUBUSCO,1670,Tapa Bowl Sopa,Tapa Bowl Sopa,Día de la Madre,49
Churubusco,MEX,,09 CHURUBUSCO,1311,Espinaca,Espinaca,Día de la Madre,690
Churubusco,MEX,,09 CHURUBUSCO,2381,Jitomate Saladed,Jitomate Saladed,Día de la Madre,5775
Churubusco,MEX,,09 CHURUBUSCO,1289,Cilantro Insumo,Cilantro Insumo,Día de la Madre,169
Churubusco,MEX,,09 CHURUBUSCO,1276,Cebolla Blanca Insumo,Cebolla Blanca Insumo,Día de la Madre,3760
Churubusco,MEX,,09 CHURUBUSCO,1249,Arandano fresco Insumo,Arandano fresco Insumo,Día de la Madre,840
Churubusco,MEX,,09 CHURUBUSCO,1257,Banano Criollo Insumo,Banano Criollo Insumo,Día de la Madre,2016
Churubusco,MEX,,09 CHURUBUSCO,1312,Fresa Insumo,Fresa Insumo,Día de la Madre,2775
Churubusco,MEX,,09 CHURUBUSCO,1391,Pina Miel Insumo,Pina Miel Insumo,Día de la Madre,1400
Churubusco,MEX,,09 CHURUBUSCO,1374,Papaya Maradol Insumo,Papaya Maradol Insumo,Día de la Madre,1400
Churubusco,MEX,,09 CHURUBUSCO,5319,Frosting Queso Crema y Yogurt,Frosting Queso Crema y Yogurt,Día de la Madre,760
Churubusco,MEX,,09 CHURUBUSCO,1303,Crema acida,Crema acida,Día de la Madre,3030
Churubusco,MEX,,09 CHURUBUSCO,5392,"Salsa ""Del Barça""","Salsa ""Del Barça""",Día de la Madre,810
Churubusco,MEX,,09 CHURUBUSCO,3055,Salsa Burger con Jalapeño,Salsa Burger con Jalapeño,Día de la Madre,1080
Churubusco,MEX,,09 CHURUBUSCO,1362,Miel de maple,Miel de maple,Día de la Madre,7050
Churubusco,MEX,,09 CHURUBUSCO,1836,Arrachera insumo,Arrachera insumo,Día de la Madre,5720
Churubusco,MEX,,09 CHURUBUSCO,1491,Totopos,Totopos,Día de la Madre,15500
Churubusco,MEX,,09 CHURUBUSCO,1511,Salsa Frutos Rojos,Salsa Frutos Rojos,Día de la Madre,240
Churubusco,MEX,,09 CHURUBUSCO,1039,Jugo de Naranja,Jugo de Naranja,Día de la Madre,73
Churubusco,MEX,,09 CHURUBUSCO,1117,Porcion de Fruta,Porcion de Fruta,Día de la Madre,14
Churubusco,MEX,,09 CHURUBUSCO,1493,Guacamole,Guacamole,Día de la Madre,3600
Churubusco,MEX,,09 CHURUBUSCO,3058,Mezcla mantequilla y aceite,Mezcla mantequilla y aceite,Día de la Madre,900
Churubusco,MEX,,09 CHURUBUSCO,1503,Avena Preparada,Avena Preparada,Día de la Madre,1440
Churubusco,MEX,,09 CHURUBUSCO,1516,Pico de Gallo Produccion,Pico de Gallo Produccion,Día de la Madre,1120
Churubusco,MEX,,09 CHURUBUSCO,1515,Yogurt Griego Preparado,Yogurt Griego Preparado,Día de la Madre,1620
Churubusco,MEX,,09 CHURUBUSCO,1504,Granola Produccion,Granola Produccion,Día de la Madre,315
Churubusco,MEX,,09 CHURUBUSCO,1401,Queso Mozzarella,Queso Mozzarella,Día de la Madre,7500
Churubusco,MEX,,09 CHURUBUSCO,2738,Queso Panela,Queso Panela,Día de la Madre,1173
Churubusco,MEX,,09 CHURUBUSCO,2540,Pan de Papa Fasfu 100 gr,Pan de Papa Fasfu 100 gr,Día de la Madre,34
Churubusco,MEX,,09 CHURUBUSCO,1272,Cajeta Insumo,Cajeta Insumo,Día de la Madre,840
Churubusco,MEX,,09 CHURUBUSCO,1327,Jamon De Cerdo Insumo,Jamon De Cerdo Insumo,Día de la Madre,1080
Churubusco,MEX,,09 CHURUBUSCO,1321,Hashbrown McCain,Hashbrown McCain,Día de la Madre,1170
Churubusco,MEX,,09 CHURUBUSCO,2187,Tarjeta Especial Insumo,Tarjeta Especial Insumo,Día de la Madre,26
Churubusco,MEX,,09 CHURUBUSCO,1418,Semillas de chia Insumo,Semillas de chia Insumo,Día de la Madre,29
Pedregal,MEX,,16 PEDREGAL,1507,Mezcla Pancakes Tradicionales Liquida,Mezcla Pancakes Tradicionales Liquida,Día de la Madre,16900
Pedregal,MEX,,16 PEDREGAL,1505,Mezcla Pancakes Avena Liquida,Mezcla Pancakes Avena Liquida,Día de la Madre,5940
Pedregal,MEX,,16 PEDREGAL,5444,Chilaquiles verdes toppings default,Chilaquiles verdes toppings default,Día de la Madre,12
Pedregal,MEX,,16 PEDREGAL,5809,Pancakes Tradicionales Nuevos,Pancakes Tradicionales Nuevos,Día de la Madre,17
Pedregal,MEX,,16 PEDREGAL,2189,Tarjeta Dia de las Madres.🌷,Tarjeta Dia de las Madres.🌷,Día de la Madre,19
Pedregal,MEX,,16 PEDREGAL,6403,Pancakes de Cajeta y Plátano. 🆕,Pancakes de Cajeta y Plátano. 🆕,Día de la Madre,15
Pedregal,MEX,,16 PEDREGAL,6218,Croissant de Frutos Rojos,Croissant de Frutos Rojos,Día de la Madre,2
Pedregal,MEX,,16 PEDREGAL,1288,Chorizo Insumo,Chorizo Insumo,Día de la Madre,1440
Pedregal,MEX,,16 PEDREGAL,1471,Frijol Refrito,Frijol Refrito,Día de la Madre,3300
Pedregal,MEX,,16 PEDREGAL,1532,Arroz Blanco Cocido,Arroz Blanco Cocido,Día de la Madre,4040
Pedregal,MEX,,16 PEDREGAL,6204,Salsa Verde UND 🆕,Salsa Verde UND 🆕,Día de la Madre,142
Pedregal,MEX,,16 PEDREGAL,6205,Salsa Roja UND 🆕,Salsa Roja UND 🆕,Día de la Madre,92
Pedregal,MEX,,16 PEDREGAL,1434,Tocineta,Tocineta,Día de la Madre,966
Pedregal,MEX,,16 PEDREGAL,1245,Almendra Fileteada Insumo,Almendra Fileteada Insumo,Día de la Madre,780
Pedregal,MEX,,16 PEDREGAL,1304,Croissant Grande,Croissant Grande,Día de la Madre,5
Pedregal,MEX,,16 PEDREGAL,1430,Tapa Bowl Kraft Chico,Tapa Bowl Kraft Chico,Día de la Madre,85
Pedregal,MEX,,16 PEDREGAL,1266,Bowl Kraft Chico,Bowl Kraft Chico,Día de la Madre,85
Pedregal,MEX,,16 PEDREGAL,1431,Tapa Bowl Kraft Grande,Tapa Bowl Kraft Grande,Día de la Madre,159
Pedregal,MEX,,16 PEDREGAL,1267,Bowl Kraft Grande,Bowl Kraft Grande,Día de la Madre,161
Pedregal,MEX,,16 PEDREGAL,1395,Porta Hamburguesa,Porta Hamburguesa,Día de la Madre,26
Pedregal,MEX,,16 PEDREGAL,1271,Caja Lounch,Caja Lounch,Día de la Madre,17
Pedregal,MEX,,16 PEDREGAL,1419,servilletas,servilletas,Día de la Madre,410
Pedregal,MEX,,16 PEDREGAL,1669,Bowl Sopa,Bowl Sopa,Día de la Madre,41
Pedregal,MEX,,16 PEDREGAL,1670,Tapa Bowl Sopa,Tapa Bowl Sopa,Día de la Madre,41
Pedregal,MEX,,16 PEDREGAL,1311,Espinaca,Espinaca,Día de la Madre,560
Pedregal,MEX,,16 PEDREGAL,2381,Jitomate Saladed,Jitomate Saladed,Día de la Madre,3500
Pedregal,MEX,,16 PEDREGAL,1289,Cilantro Insumo,Cilantro Insumo,Día de la Madre,112
Pedregal,MEX,,16 PEDREGAL,1276,Cebolla Blanca Insumo,Cebolla Blanca Insumo,Día de la Madre,2660
Pedregal,MEX,,16 PEDREGAL,1249,Arandano fresco Insumo,Arandano fresco Insumo,Día de la Madre,560
Pedregal,MEX,,16 PEDREGAL,1257,Banano Criollo Insumo,Banano Criollo Insumo,Día de la Madre,1440
Pedregal,MEX,,16 PEDREGAL,1312,Fresa Insumo,Fresa Insumo,Día de la Madre,2812
Pedregal,MEX,,16 PEDREGAL,1391,Pina Miel Insumo,Pina Miel Insumo,Día de la Madre,1750
Pedregal,MEX,,16 PEDREGAL,1374,Papaya Maradol Insumo,Papaya Maradol Insumo,Día de la Madre,1750
Pedregal,MEX,,16 PEDREGAL,5319,Frosting Queso Crema y Yogurt,Frosting Queso Crema y Yogurt,Día de la Madre,600
Pedregal,MEX,,16 PEDREGAL,1303,Crema acida,Crema acida,Día de la Madre,2250
Pedregal,MEX,,16 PEDREGAL,5392,"Salsa ""Del Barça""","Salsa ""Del Barça""",Día de la Madre,630
Pedregal,MEX,,16 PEDREGAL,3055,Salsa Burger con Jalapeño,Salsa Burger con Jalapeño,Día de la Madre,820
Pedregal,MEX,,16 PEDREGAL,1362,Miel de maple,Miel de maple,Día de la Madre,5220
Pedregal,MEX,,16 PEDREGAL,1836,Arrachera insumo,Arrachera insumo,Día de la Madre,4510
Pedregal,MEX,,16 PEDREGAL,1491,Totopos,Totopos,Día de la Madre,16200
Pedregal,MEX,,16 PEDREGAL,1511,Salsa Frutos Rojos,Salsa Frutos Rojos,Día de la Madre,160
Pedregal,MEX,,16 PEDREGAL,1039,Jugo de Naranja,Jugo de Naranja,Día de la Madre,58
Pedregal,MEX,,16 PEDREGAL,1117,Porcion de Fruta,Porcion de Fruta,Día de la Madre,10
Pedregal,MEX,,16 PEDREGAL,1493,Guacamole,Guacamole,Día de la Madre,2950
Pedregal,MEX,,16 PEDREGAL,3058,Mezcla mantequilla y aceite,Mezcla mantequilla y aceite,Día de la Madre,640
Pedregal,MEX,,16 PEDREGAL,1503,Avena Preparada,Avena Preparada,Día de la Madre,1620
Pedregal,MEX,,16 PEDREGAL,1516,Pico de Gallo Produccion,Pico de Gallo Produccion,Día de la Madre,680
Pedregal,MEX,,16 PEDREGAL,1515,Yogurt Griego Preparado,Yogurt Griego Preparado,Día de la Madre,720
Pedregal,MEX,,16 PEDREGAL,1504,Granola Produccion,Granola Produccion,Día de la Madre,140
Pedregal,MEX,,16 PEDREGAL,1401,Queso Mozzarella,Queso Mozzarella,Día de la Madre,5640
Pedregal,MEX,,16 PEDREGAL,2738,Queso Panela,Queso Panela,Día de la Madre,851
Pedregal,MEX,,16 PEDREGAL,2540,Pan de Papa Fasfu 100 gr,Pan de Papa Fasfu 100 gr,Día de la Madre,24
Pedregal,MEX,,16 PEDREGAL,1272,Cajeta Insumo,Cajeta Insumo,Día de la Madre,640
Pedregal,MEX,,16 PEDREGAL,1327,Jamon De Cerdo Insumo,Jamon De Cerdo Insumo,Día de la Madre,760
Pedregal,MEX,,16 PEDREGAL,1321,Hashbrown McCain,Hashbrown McCain,Día de la Madre,910
Pedregal,MEX,,16 PEDREGAL,2187,Tarjeta Especial Insumo,Tarjeta Especial Insumo,Día de la Madre,19
Pedregal,MEX,,16 PEDREGAL,1418,Semillas de chia Insumo,Semillas de chia Insumo,Día de la Madre,16
Del Valle,MEX,,12 DEL VALLE,1507,Mezcla Pancakes Tradicionales Liquida,Mezcla Pancakes Tradicionales Liquida,Día de la Madre,39780
Del Valle,MEX,,12 DEL VALLE,1505,Mezcla Pancakes Avena Liquida,Mezcla Pancakes Avena Liquida,Día de la Madre,14040
Del Valle,MEX,,12 DEL VALLE,5444,Chilaquiles verdes toppings default,Chilaquiles verdes toppings default,Día de la Madre,28
Del Valle,MEX,,12 DEL VALLE,5809,Pancakes Tradicionales Nuevos,Pancakes Tradicionales Nuevos,Día de la Madre,42
Del Valle,MEX,,12 DEL VALLE,2189,Tarjeta Dia de las Madres.🌷,Tarjeta Dia de las Madres.🌷,Día de la Madre,46
Del Valle,MEX,,12 DEL VALLE,6403,Pancakes de Cajeta y Plátano. 🆕,Pancakes de Cajeta y Plátano. 🆕,Día de la Madre,35
Del Valle,MEX,,12 DEL VALLE,6218,Croissant de Frutos Rojos,Croissant de Frutos Rojos,Día de la Madre,7
Del Valle,MEX,,12 DEL VALLE,1288,Chorizo Insumo,Chorizo Insumo,Día de la Madre,1680
Del Valle,MEX,,12 DEL VALLE,1471,Frijol Refrito,Frijol Refrito,Día de la Madre,5340
Del Valle,MEX,,12 DEL VALLE,1532,Arroz Blanco Cocido,Arroz Blanco Cocido,Día de la Madre,7680
Del Valle,MEX,,12 DEL VALLE,6204,Salsa Verde UND 🆕,Salsa Verde UND 🆕,Día de la Madre,149
Del Valle,MEX,,12 DEL VALLE,6205,Salsa Roja UND 🆕,Salsa Roja UND 🆕,Día de la Madre,62
Del Valle,MEX,,12 DEL VALLE,1434,Tocineta,Tocineta,Día de la Madre,1134
Del Valle,MEX,,12 DEL VALLE,1245,Almendra Fileteada Insumo,Almendra Fileteada Insumo,Día de la Madre,1455
Del Valle,MEX,,12 DEL VALLE,1304,Croissant Grande,Croissant Grande,Día de la Madre,11
Del Valle,MEX,,12 DEL VALLE,1430,Tapa Bowl Kraft Chico,Tapa Bowl Kraft Chico,Día de la Madre,158
Del Valle,MEX,,12 DEL VALLE,1266,Bowl Kraft Chico,Bowl Kraft Chico,Día de la Madre,156
Del Valle,MEX,,12 DEL VALLE,1431,Tapa Bowl Kraft Grande,Tapa Bowl Kraft Grande,Día de la Madre,262
Del Valle,MEX,,12 DEL VALLE,1267,Bowl Kraft Grande,Bowl Kraft Grande,Día de la Madre,262
Del Valle,MEX,,12 DEL VALLE,1395,Porta Hamburguesa,Porta Hamburguesa,Día de la Madre,28
Del Valle,MEX,,12 DEL VALLE,1271,Caja Lounch,Caja Lounch,Día de la Madre,30
Del Valle,MEX,,12 DEL VALLE,1419,servilletas,servilletas,Día de la Madre,670
Del Valle,MEX,,12 DEL VALLE,1669,Bowl Sopa,Bowl Sopa,Día de la Madre,38
Del Valle,MEX,,12 DEL VALLE,1670,Tapa Bowl Sopa,Tapa Bowl Sopa,Día de la Madre,38
Del Valle,MEX,,12 DEL VALLE,1311,Espinaca,Espinaca,Día de la Madre,1030
Del Valle,MEX,,12 DEL VALLE,2381,Jitomate Saladed,Jitomate Saladed,Día de la Madre,5880
Del Valle,MEX,,12 DEL VALLE,1289,Cilantro Insumo,Cilantro Insumo,Día de la Madre,207
Del Valle,MEX,,12 DEL VALLE,1276,Cebolla Blanca Insumo,Cebolla Blanca Insumo,Día de la Madre,4300
Del Valle,MEX,,12 DEL VALLE,1249,Arandano fresco Insumo,Arandano fresco Insumo,Día de la Madre,1320
Del Valle,MEX,,12 DEL VALLE,1257,Banano Criollo Insumo,Banano Criollo Insumo,Día de la Madre,2952
Del Valle,MEX,,12 DEL VALLE,1312,Fresa Insumo,Fresa Insumo,Día de la Madre,3219
Del Valle,MEX,,12 DEL VALLE,1391,Pina Miel Insumo,Pina Miel Insumo,Día de la Madre,1050
Del Valle,MEX,,12 DEL VALLE,1374,Papaya Maradol Insumo,Papaya Maradol Insumo,Día de la Madre,1050
Del Valle,MEX,,12 DEL VALLE,5319,Frosting Queso Crema y Yogurt,Frosting Queso Crema y Yogurt,Día de la Madre,1320
Del Valle,MEX,,12 DEL VALLE,1303,Crema acida,Crema acida,Día de la Madre,3420
Del Valle,MEX,,12 DEL VALLE,5392,"Salsa ""Del Barça""","Salsa ""Del Barça""",Día de la Madre,1110
Del Valle,MEX,,12 DEL VALLE,3055,Salsa Burger con Jalapeño,Salsa Burger con Jalapeño,Día de la Madre,1100
Del Valle,MEX,,12 DEL VALLE,1362,Miel de maple,Miel de maple,Día de la Madre,12360
Del Valle,MEX,,12 DEL VALLE,1836,Arrachera insumo,Arrachera insumo,Día de la Madre,7810
Del Valle,MEX,,12 DEL VALLE,1491,Totopos,Totopos,Día de la Madre,15000
Del Valle,MEX,,12 DEL VALLE,1511,Salsa Frutos Rojos,Salsa Frutos Rojos,Día de la Madre,320
Del Valle,MEX,,12 DEL VALLE,1039,Jugo de Naranja,Jugo de Naranja,Día de la Madre,123
Del Valle,MEX,,12 DEL VALLE,1117,Porcion de Fruta,Porcion de Fruta,Día de la Madre,14
Del Valle,MEX,,12 DEL VALLE,1493,Guacamole,Guacamole,Día de la Madre,4800
Del Valle,MEX,,12 DEL VALLE,3058,Mezcla mantequilla y aceite,Mezcla mantequilla y aceite,Día de la Madre,890
Del Valle,MEX,,12 DEL VALLE,1503,Avena Preparada,Avena Preparada,Día de la Madre,1980
Del Valle,MEX,,12 DEL VALLE,1516,Pico de Gallo Produccion,Pico de Gallo Produccion,Día de la Madre,1440
Del Valle,MEX,,12 DEL VALLE,1515,Yogurt Griego Preparado,Yogurt Griego Preparado,Día de la Madre,1260
Del Valle,MEX,,12 DEL VALLE,1504,Granola Produccion,Granola Produccion,Día de la Madre,245
Del Valle,MEX,,12 DEL VALLE,1401,Queso Mozzarella,Queso Mozzarella,Día de la Madre,8760
Del Valle,MEX,,12 DEL VALLE,2738,Queso Panela,Queso Panela,Día de la Madre,1334
Del Valle,MEX,,12 DEL VALLE,2540,Pan de Papa Fasfu 100 gr,Pan de Papa Fasfu 100 gr,Día de la Madre,33
Del Valle,MEX,,12 DEL VALLE,1272,Cajeta Insumo,Cajeta Insumo,Día de la Madre,1520
Del Valle,MEX,,12 DEL VALLE,1327,Jamon De Cerdo Insumo,Jamon De Cerdo Insumo,Día de la Madre,1260
Del Valle,MEX,,12 DEL VALLE,1321,Hashbrown McCain,Hashbrown McCain,Día de la Madre,1950
Del Valle,MEX,,12 DEL VALLE,2187,Tarjeta Especial Insumo,Tarjeta Especial Insumo,Día de la Madre,46
Del Valle,MEX,,12 DEL VALLE,1418,Semillas de chia Insumo,Semillas de chia Insumo,Día de la Madre,27
Polanco,MEX,,03 POLANCO,1507,Mezcla Pancakes Tradicionales Liquida,Mezcla Pancakes Tradicionales Liquida,Día de la Madre,69940
Polanco,MEX,,03 POLANCO,1505,Mezcla Pancakes Avena Liquida,Mezcla Pancakes Avena Liquida,Día de la Madre,27540
Polanco,MEX,,03 POLANCO,5444,Chilaquiles verdes toppings default,Chilaquiles verdes toppings default,Día de la Madre,49
Polanco,MEX,,03 POLANCO,5809,Pancakes Tradicionales Nuevos,Pancakes Tradicionales Nuevos,Día de la Madre,77
Polanco,MEX,,03 POLANCO,2189,Tarjeta Dia de las Madres.🌷,Tarjeta Dia de las Madres.🌷,Día de la Madre,84
Polanco,MEX,,03 POLANCO,6403,Pancakes de Cajeta y Plátano. 🆕,Pancakes de Cajeta y Plátano. 🆕,Día de la Madre,63
Polanco,MEX,,03 POLANCO,6218,Croissant de Frutos Rojos,Croissant de Frutos Rojos,Día de la Madre,12
Polanco,MEX,,03 POLANCO,1288,Chorizo Insumo,Chorizo Insumo,Día de la Madre,3600
Polanco,MEX,,03 POLANCO,1471,Frijol Refrito,Frijol Refrito,Día de la Madre,10740
Polanco,MEX,,03 POLANCO,1532,Arroz Blanco Cocido,Arroz Blanco Cocido,Día de la Madre,14160
Polanco,MEX,,03 POLANCO,6204,Salsa Verde UND 🆕,Salsa Verde UND 🆕,Día de la Madre,372
Polanco,MEX,,03 POLANCO,6205,Salsa Roja UND 🆕,Salsa Roja UND 🆕,Día de la Madre,213
Polanco,MEX,,03 POLANCO,1434,Tocineta,Tocineta,Día de la Madre,2814
Polanco,MEX,,03 POLANCO,1245,Almendra Fileteada Insumo,Almendra Fileteada Insumo,Día de la Madre,3135
Polanco,MEX,,03 POLANCO,1304,Croissant Grande,Croissant Grande,Día de la Madre,23
Polanco,MEX,,03 POLANCO,1430,Tapa Bowl Kraft Chico,Tapa Bowl Kraft Chico,Día de la Madre,335
Polanco,MEX,,03 POLANCO,1266,Bowl Kraft Chico,Bowl Kraft Chico,Día de la Madre,332
Polanco,MEX,,03 POLANCO,1431,Tapa Bowl Kraft Grande,Tapa Bowl Kraft Grande,Día de la Madre,566
Polanco,MEX,,03 POLANCO,1267,Bowl Kraft Grande,Bowl Kraft Grande,Día de la Madre,568
Polanco,MEX,,03 POLANCO,1395,Porta Hamburguesa,Porta Hamburguesa,Día de la Madre,64
Polanco,MEX,,03 POLANCO,1271,Caja Lounch,Caja Lounch,Día de la Madre,73
Polanco,MEX,,03 POLANCO,1419,servilletas,servilletas,Día de la Madre,1401
Polanco,MEX,,03 POLANCO,1669,Bowl Sopa,Bowl Sopa,Día de la Madre,101
Polanco,MEX,,03 POLANCO,1670,Tapa Bowl Sopa,Tapa Bowl Sopa,Día de la Madre,101
Polanco,MEX,,03 POLANCO,1311,Espinaca,Espinaca,Día de la Madre,2230
Polanco,MEX,,03 POLANCO,2381,Jitomate Saladed,Jitomate Saladed,Día de la Madre,13860
Polanco,MEX,,03 POLANCO,1289,Cilantro Insumo,Cilantro Insumo,Día de la Madre,450
Polanco,MEX,,03 POLANCO,1276,Cebolla Blanca Insumo,Cebolla Blanca Insumo,Día de la Madre,8440
Polanco,MEX,,03 POLANCO,1249,Arandano fresco Insumo,Arandano fresco Insumo,Día de la Madre,2460
Polanco,MEX,,03 POLANCO,1257,Banano Criollo Insumo,Banano Criollo Insumo,Día de la Madre,6696
Polanco,MEX,,03 POLANCO,1312,Fresa Insumo,Fresa Insumo,Día de la Madre,8029
Polanco,MEX,,03 POLANCO,1391,Pina Miel Insumo,Pina Miel Insumo,Día de la Madre,3570
Polanco,MEX,,03 POLANCO,1374,Papaya Maradol Insumo,Papaya Maradol Insumo,Día de la Madre,3570
Polanco,MEX,,03 POLANCO,5319,Frosting Queso Crema y Yogurt,Frosting Queso Crema y Yogurt,Día de la Madre,2320
Polanco,MEX,,03 POLANCO,1303,Crema acida,Crema acida,Día de la Madre,7830
Polanco,MEX,,03 POLANCO,5392,"Salsa ""Del Barça""","Salsa ""Del Barça""",Día de la Madre,1830
Polanco,MEX,,03 POLANCO,3055,Salsa Burger con Jalapeño,Salsa Burger con Jalapeño,Día de la Madre,2180
Polanco,MEX,,03 POLANCO,1362,Miel de maple,Miel de maple,Día de la Madre,22530
Polanco,MEX,,03 POLANCO,1836,Arrachera insumo,Arrachera insumo,Día de la Madre,14960
Polanco,MEX,,03 POLANCO,1491,Totopos,Totopos,Día de la Madre,41200
Polanco,MEX,,03 POLANCO,1511,Salsa Frutos Rojos,Salsa Frutos Rojos,Día de la Madre,400
Polanco,MEX,,03 POLANCO,1039,Jugo de Naranja,Jugo de Naranja,Día de la Madre,246
Polanco,MEX,,03 POLANCO,1117,Porcion de Fruta,Porcion de Fruta,Día de la Madre,38
Polanco,MEX,,03 POLANCO,1493,Guacamole,Guacamole,Día de la Madre,9650
Polanco,MEX,,03 POLANCO,3058,Mezcla mantequilla y aceite,Mezcla mantequilla y aceite,Día de la Madre,1700
Polanco,MEX,,03 POLANCO,1503,Avena Preparada,Avena Preparada,Día de la Madre,6300
Polanco,MEX,,03 POLANCO,1516,Pico de Gallo Produccion,Pico de Gallo Produccion,Día de la Madre,3320
Polanco,MEX,,03 POLANCO,1515,Yogurt Griego Preparado,Yogurt Griego Preparado,Día de la Madre,2700
Polanco,MEX,,03 POLANCO,1504,Granola Produccion,Granola Produccion,Día de la Madre,595
Polanco,MEX,,03 POLANCO,1401,Queso Mozzarella,Queso Mozzarella,Día de la Madre,19800
Polanco,MEX,,03 POLANCO,2738,Queso Panela,Queso Panela,Día de la Madre,3013
Polanco,MEX,,03 POLANCO,2540,Pan de Papa Fasfu 100 gr,Pan de Papa Fasfu 100 gr,Día de la Madre,66
Polanco,MEX,,03 POLANCO,1272,Cajeta Insumo,Cajeta Insumo,Día de la Madre,2760
Polanco,MEX,,03 POLANCO,1327,Jamon De Cerdo Insumo,Jamon De Cerdo Insumo,Día de la Madre,3780
Polanco,MEX,,03 POLANCO,1321,Hashbrown McCain,Hashbrown McCain,Día de la Madre,3900
Polanco,MEX,,03 POLANCO,2187,Tarjeta Especial Insumo,Tarjeta Especial Insumo,Día de la Madre,84
Polanco,MEX,,03 POLANCO,1418,Semillas de chia Insumo,Semillas de chia Insumo,Día de la Madre,70
San Angel,MEX,,02 SAN ANGEL,1507,Mezcla Pancakes Tradicionales Liquida,Mezcla Pancakes Tradicionales Liquida,Día de la Madre,19500
San Angel,MEX,,02 SAN ANGEL,1505,Mezcla Pancakes Avena Liquida,Mezcla Pancakes Avena Liquida,Día de la Madre,8370
San Angel,MEX,,02 SAN ANGEL,5444,Chilaquiles verdes toppings default,Chilaquiles verdes toppings default,Día de la Madre,13
San Angel,MEX,,02 SAN ANGEL,5809,Pancakes Tradicionales Nuevos,Pancakes Tradicionales Nuevos,Día de la Madre,20
San Angel,MEX,,02 SAN ANGEL,2189,Tarjeta Dia de las Madres.🌷,Tarjeta Dia de las Madres.🌷,Día de la Madre,21
San Angel,MEX,,02 SAN ANGEL,6403,Pancakes de Cajeta y Plátano. 🆕,Pancakes de Cajeta y Plátano. 🆕,Día de la Madre,16
San Angel,MEX,,02 SAN ANGEL,6218,Croissant de Frutos Rojos,Croissant de Frutos Rojos,Día de la Madre,3
San Angel,MEX,,02 SAN ANGEL,1288,Chorizo Insumo,Chorizo Insumo,Día de la Madre,1360
San Angel,MEX,,02 SAN ANGEL,1471,Frijol Refrito,Frijol Refrito,Día de la Madre,4080
San Angel,MEX,,02 SAN ANGEL,1532,Arroz Blanco Cocido,Arroz Blanco Cocido,Día de la Madre,5480
San Angel,MEX,,02 SAN ANGEL,6204,Salsa Verde UND 🆕,Salsa Verde UND 🆕,Día de la Madre,144
San Angel,MEX,,02 SAN ANGEL,6205,Salsa Roja UND 🆕,Salsa Roja UND 🆕,Día de la Madre,63
San Angel,MEX,,02 SAN ANGEL,1434,Tocineta,Tocineta,Día de la Madre,1092
San Angel,MEX,,02 SAN ANGEL,1245,Almendra Fileteada Insumo,Almendra Fileteada Insumo,Día de la Madre,1275
San Angel,MEX,,02 SAN ANGEL,1304,Croissant Grande,Croissant Grande,Día de la Madre,9
San Angel,MEX,,02 SAN ANGEL,1430,Tapa Bowl Kraft Chico,Tapa Bowl Kraft Chico,Día de la Madre,131
San Angel,MEX,,02 SAN ANGEL,1266,Bowl Kraft Chico,Bowl Kraft Chico,Día de la Madre,130
San Angel,MEX,,02 SAN ANGEL,1431,Tapa Bowl Kraft Grande,Tapa Bowl Kraft Grande,Día de la Madre,185
San Angel,MEX,,02 SAN ANGEL,1267,Bowl Kraft Grande,Bowl Kraft Grande,Día de la Madre,185
San Angel,MEX,,02 SAN ANGEL,1395,Porta Hamburguesa,Porta Hamburguesa,Día de la Madre,24
San Angel,MEX,,02 SAN ANGEL,1271,Caja Lounch,Caja Lounch,Día de la Madre,24
San Angel,MEX,,02 SAN ANGEL,1419,servilletas,servilletas,Día de la Madre,523
San Angel,MEX,,02 SAN ANGEL,1669,Bowl Sopa,Bowl Sopa,Día de la Madre,39
San Angel,MEX,,02 SAN ANGEL,1670,Tapa Bowl Sopa,Tapa Bowl Sopa,Día de la Madre,39
San Angel,MEX,,02 SAN ANGEL,1311,Espinaca,Espinaca,Día de la Madre,820
San Angel,MEX,,02 SAN ANGEL,2381,Jitomate Saladed,Jitomate Saladed,Día de la Madre,5285
San Angel,MEX,,02 SAN ANGEL,1289,Cilantro Insumo,Cilantro Insumo,Día de la Madre,146
San Angel,MEX,,02 SAN ANGEL,1276,Cebolla Blanca Insumo,Cebolla Blanca Insumo,Día de la Madre,3580
San Angel,MEX,,02 SAN ANGEL,1249,Arandano fresco Insumo,Arandano fresco Insumo,Día de la Madre,760
San Angel,MEX,,02 SAN ANGEL,1257,Banano Criollo Insumo,Banano Criollo Insumo,Día de la Madre,2448
San Angel,MEX,,02 SAN ANGEL,1312,Fresa Insumo,Fresa Insumo,Día de la Madre,3256
San Angel,MEX,,02 SAN ANGEL,1391,Pina Miel Insumo,Pina Miel Insumo,Día de la Madre,1330
San Angel,MEX,,02 SAN ANGEL,1374,Papaya Maradol Insumo,Papaya Maradol Insumo,Día de la Madre,1330
San Angel,MEX,,02 SAN ANGEL,5319,Frosting Queso Crema y Yogurt,Frosting Queso Crema y Yogurt,Día de la Madre,640
San Angel,MEX,,02 SAN ANGEL,1303,Crema acida,Crema acida,Día de la Madre,2550
San Angel,MEX,,02 SAN ANGEL,5392,"Salsa ""Del Barça""","Salsa ""Del Barça""",Día de la Madre,840
San Angel,MEX,,02 SAN ANGEL,3055,Salsa Burger con Jalapeño,Salsa Burger con Jalapeño,Día de la Madre,920
San Angel,MEX,,02 SAN ANGEL,1362,Miel de maple,Miel de maple,Día de la Madre,6270
San Angel,MEX,,02 SAN ANGEL,1836,Arrachera insumo,Arrachera insumo,Día de la Madre,6490
San Angel,MEX,,02 SAN ANGEL,1491,Totopos,Totopos,Día de la Madre,15300
San Angel,MEX,,02 SAN ANGEL,1511,Salsa Frutos Rojos,Salsa Frutos Rojos,Día de la Madre,160
San Angel,MEX,,02 SAN ANGEL,1039,Jugo de Naranja,Jugo de Naranja,Día de la Madre,80
San Angel,MEX,,02 SAN ANGEL,1117,Porcion de Fruta,Porcion de Fruta,Día de la Madre,14
San Angel,MEX,,02 SAN ANGEL,1493,Guacamole,Guacamole,Día de la Madre,3700
San Angel,MEX,,02 SAN ANGEL,3058,Mezcla mantequilla y aceite,Mezcla mantequilla y aceite,Día de la Madre,790
San Angel,MEX,,02 SAN ANGEL,1503,Avena Preparada,Avena Preparada,Día de la Madre,2700
San Angel,MEX,,02 SAN ANGEL,1516,Pico de Gallo Produccion,Pico de Gallo Produccion,Día de la Madre,1040
San Angel,MEX,,02 SAN ANGEL,1515,Yogurt Griego Preparado,Yogurt Griego Preparado,Día de la Madre,1620
San Angel,MEX,,02 SAN ANGEL,1504,Granola Produccion,Granola Produccion,Día de la Madre,315
San Angel,MEX,,02 SAN ANGEL,1401,Queso Mozzarella,Queso Mozzarella,Día de la Madre,6660
San Angel,MEX,,02 SAN ANGEL,2738,Queso Panela,Queso Panela,Día de la Madre,989
San Angel,MEX,,02 SAN ANGEL,2540,Pan de Papa Fasfu 100 gr,Pan de Papa Fasfu 100 gr,Día de la Madre,27
San Angel,MEX,,02 SAN ANGEL,1272,Cajeta Insumo,Cajeta Insumo,Día de la Madre,800
San Angel,MEX,,02 SAN ANGEL,1327,Jamon De Cerdo Insumo,Jamon De Cerdo Insumo,Día de la Madre,980
San Angel,MEX,,02 SAN ANGEL,1321,Hashbrown McCain,Hashbrown McCain,Día de la Madre,1560
San Angel,MEX,,02 SAN ANGEL,2187,Tarjeta Especial Insumo,Tarjeta Especial Insumo,Día de la Madre,21
San Angel,MEX,,02 SAN ANGEL,1418,Semillas de chia Insumo,Semillas de chia Insumo,Día de la Madre,31
SantaFe,MEX,,04 SANTA FE,1507,Mezcla Pancakes Tradicionales Liquida,Mezcla Pancakes Tradicionales Liquida,Día de la Madre,26260
SantaFe,MEX,,04 SANTA FE,1505,Mezcla Pancakes Avena Liquida,Mezcla Pancakes Avena Liquida,Día de la Madre,10260
SantaFe,MEX,,04 SANTA FE,5444,Chilaquiles verdes toppings default,Chilaquiles verdes toppings default,Día de la Madre,19
SantaFe,MEX,,04 SANTA FE,5809,Pancakes Tradicionales Nuevos,Pancakes Tradicionales Nuevos,Día de la Madre,30
SantaFe,MEX,,04 SANTA FE,2189,Tarjeta Dia de las Madres.🌷,Tarjeta Dia de las Madres.🌷,Día de la Madre,32
SantaFe,MEX,,04 SANTA FE,6403,Pancakes de Cajeta y Plátano. 🆕,Pancakes de Cajeta y Plátano. 🆕,Día de la Madre,24
SantaFe,MEX,,04 SANTA FE,6218,Croissant de Frutos Rojos,Croissant de Frutos Rojos,Día de la Madre,5
SantaFe,MEX,,04 SANTA FE,1288,Chorizo Insumo,Chorizo Insumo,Día de la Madre,1520
SantaFe,MEX,,04 SANTA FE,1471,Frijol Refrito,Frijol Refrito,Día de la Madre,4440
SantaFe,MEX,,04 SANTA FE,1532,Arroz Blanco Cocido,Arroz Blanco Cocido,Día de la Madre,5600
SantaFe,MEX,,04 SANTA FE,6204,Salsa Verde UND 🆕,Salsa Verde UND 🆕,Día de la Madre,122
SantaFe,MEX,,04 SANTA FE,6205,Salsa Roja UND 🆕,Salsa Roja UND 🆕,Día de la Madre,66
SantaFe,MEX,,04 SANTA FE,1434,Tocineta,Tocineta,Día de la Madre,924
SantaFe,MEX,,04 SANTA FE,1245,Almendra Fileteada Insumo,Almendra Fileteada Insumo,Día de la Madre,900
SantaFe,MEX,,04 SANTA FE,1304,Croissant Grande,Croissant Grande,Día de la Madre,9
SantaFe,MEX,,04 SANTA FE,1430,Tapa Bowl Kraft Chico,Tapa Bowl Kraft Chico,Día de la Madre,122
SantaFe,MEX,,04 SANTA FE,1266,Bowl Kraft Chico,Bowl Kraft Chico,Día de la Madre,122
SantaFe,MEX,,04 SANTA FE,1431,Tapa Bowl Kraft Grande,Tapa Bowl Kraft Grande,Día de la Madre,205
SantaFe,MEX,,04 SANTA FE,1267,Bowl Kraft Grande,Bowl Kraft Grande,Día de la Madre,205
SantaFe,MEX,,04 SANTA FE,1395,Porta Hamburguesa,Porta Hamburguesa,Día de la Madre,20
SantaFe,MEX,,04 SANTA FE,1271,Caja Lounch,Caja Lounch,Día de la Madre,23
SantaFe,MEX,,04 SANTA FE,1419,servilletas,servilletas,Día de la Madre,526
SantaFe,MEX,,04 SANTA FE,1669,Bowl Sopa,Bowl Sopa,Día de la Madre,40
SantaFe,MEX,,04 SANTA FE,1670,Tapa Bowl Sopa,Tapa Bowl Sopa,Día de la Madre,40
SantaFe,MEX,,04 SANTA FE,1311,Espinaca,Espinaca,Día de la Madre,660
SantaFe,MEX,,04 SANTA FE,2381,Jitomate Saladed,Jitomate Saladed,Día de la Madre,4165
SantaFe,MEX,,04 SANTA FE,1289,Cilantro Insumo,Cilantro Insumo,Día de la Madre,156
SantaFe,MEX,,04 SANTA FE,1276,Cebolla Blanca Insumo,Cebolla Blanca Insumo,Día de la Madre,3200
SantaFe,MEX,,04 SANTA FE,1249,Arandano fresco Insumo,Arandano fresco Insumo,Día de la Madre,900
SantaFe,MEX,,04 SANTA FE,1257,Banano Criollo Insumo,Banano Criollo Insumo,Día de la Madre,1980
SantaFe,MEX,,04 SANTA FE,1312,Fresa Insumo,Fresa Insumo,Día de la Madre,2368
SantaFe,MEX,,04 SANTA FE,1391,Pina Miel Insumo,Pina Miel Insumo,Día de la Madre,1260
SantaFe,MEX,,04 SANTA FE,1374,Papaya Maradol Insumo,Papaya Maradol Insumo,Día de la Madre,1260
SantaFe,MEX,,04 SANTA FE,5319,Frosting Queso Crema y Yogurt,Frosting Queso Crema y Yogurt,Día de la Madre,960
SantaFe,MEX,,04 SANTA FE,1303,Crema acida,Crema acida,Día de la Madre,2820
SantaFe,MEX,,04 SANTA FE,5392,"Salsa ""Del Barça""","Salsa ""Del Barça""",Día de la Madre,840
SantaFe,MEX,,04 SANTA FE,3055,Salsa Burger con Jalapeño,Salsa Burger con Jalapeño,Día de la Madre,920
SantaFe,MEX,,04 SANTA FE,1362,Miel de maple,Miel de maple,Día de la Madre,8340
SantaFe,MEX,,04 SANTA FE,1836,Arrachera insumo,Arrachera insumo,Día de la Madre,5940
SantaFe,MEX,,04 SANTA FE,1491,Totopos,Totopos,Día de la Madre,14100
SantaFe,MEX,,04 SANTA FE,1511,Salsa Frutos Rojos,Salsa Frutos Rojos,Día de la Madre,200
SantaFe,MEX,,04 SANTA FE,1039,Jugo de Naranja,Jugo de Naranja,Día de la Madre,95
SantaFe,MEX,,04 SANTA FE,1117,Porcion de Fruta,Porcion de Fruta,Día de la Madre,12
SantaFe,MEX,,04 SANTA FE,1493,Guacamole,Guacamole,Día de la Madre,3700
SantaFe,MEX,,04 SANTA FE,3058,Mezcla mantequilla y aceite,Mezcla mantequilla y aceite,Día de la Madre,660
SantaFe,MEX,,04 SANTA FE,1503,Avena Preparada,Avena Preparada,Día de la Madre,1080
SantaFe,MEX,,04 SANTA FE,1516,Pico de Gallo Produccion,Pico de Gallo Produccion,Día de la Madre,960
SantaFe,MEX,,04 SANTA FE,1515,Yogurt Griego Preparado,Yogurt Griego Preparado,Día de la Madre,1440
SantaFe,MEX,,04 SANTA FE,1504,Granola Produccion,Granola Produccion,Día de la Madre,280
SantaFe,MEX,,04 SANTA FE,1401,Queso Mozzarella,Queso Mozzarella,Día de la Madre,7020
SantaFe,MEX,,04 SANTA FE,2738,Queso Panela,Queso Panela,Día de la Madre,1150
SantaFe,MEX,,04 SANTA FE,2540,Pan de Papa Fasfu 100 gr,Pan de Papa Fasfu 100 gr,Día de la Madre,25
SantaFe,MEX,,04 SANTA FE,1272,Cajeta Insumo,Cajeta Insumo,Día de la Madre,1080
SantaFe,MEX,,04 SANTA FE,1327,Jamon De Cerdo Insumo,Jamon De Cerdo Insumo,Día de la Madre,980
SantaFe,MEX,,04 SANTA FE,1321,Hashbrown McCain,Hashbrown McCain,Día de la Madre,3510
SantaFe,MEX,,04 SANTA FE,2187,Tarjeta Especial Insumo,Tarjeta Especial Insumo,Día de la Madre,32
SantaFe,MEX,,04 SANTA FE,1418,Semillas de chia Insumo,Semillas de chia Insumo,Día de la Madre,23
Satelite,MEX,,06 SATELITE,1507,Mezcla Pancakes Tradicionales Liquida,Mezcla Pancakes Tradicionales Liquida,Día de la Madre,19760
Satelite,MEX,,06 SATELITE,1505,Mezcla Pancakes Avena Liquida,Mezcla Pancakes Avena Liquida,Día de la Madre,7560
Satelite,MEX,,06 SATELITE,5444,Chilaquiles verdes toppings default,Chilaquiles verdes toppings default,Día de la Madre,14
Satelite,MEX,,06 SATELITE,5809,Pancakes Tradicionales Nuevos,Pancakes Tradicionales Nuevos,Día de la Madre,21
Satelite,MEX,,06 SATELITE,2189,Tarjeta Dia de las Madres.🌷,Tarjeta Dia de las Madres.🌷,Día de la Madre,23
Satelite,MEX,,06 SATELITE,6403,Pancakes de Cajeta y Plátano. 🆕,Pancakes de Cajeta y Plátano. 🆕,Día de la Madre,18
Satelite,MEX,,06 SATELITE,6218,Croissant de Frutos Rojos,Croissant de Frutos Rojos,Día de la Madre,4
Satelite,MEX,,06 SATELITE,1288,Chorizo Insumo,Chorizo Insumo,Día de la Madre,1760
Satelite,MEX,,06 SATELITE,1471,Frijol Refrito,Frijol Refrito,Día de la Madre,4380
Satelite,MEX,,06 SATELITE,1532,Arroz Blanco Cocido,Arroz Blanco Cocido,Día de la Madre,5160
Satelite,MEX,,06 SATELITE,6204,Salsa Verde UND 🆕,Salsa Verde UND 🆕,Día de la Madre,136
Satelite,MEX,,06 SATELITE,6205,Salsa Roja UND 🆕,Salsa Roja UND 🆕,Día de la Madre,87
Satelite,MEX,,06 SATELITE,1434,Tocineta,Tocineta,Día de la Madre,924
Satelite,MEX,,06 SATELITE,1245,Almendra Fileteada Insumo,Almendra Fileteada Insumo,Día de la Madre,630
Satelite,MEX,,06 SATELITE,1304,Croissant Grande,Croissant Grande,Día de la Madre,8
Satelite,MEX,,06 SATELITE,1430,Tapa Bowl Kraft Chico,Tapa Bowl Kraft Chico,Día de la Madre,89
Satelite,MEX,,06 SATELITE,1266,Bowl Kraft Chico,Bowl Kraft Chico,Día de la Madre,88
Satelite,MEX,,06 SATELITE,1431,Tapa Bowl Kraft Grande,Tapa Bowl Kraft Grande,Día de la Madre,168
Satelite,MEX,,06 SATELITE,1267,Bowl Kraft Grande,Bowl Kraft Grande,Día de la Madre,169
Satelite,MEX,,06 SATELITE,1395,Porta Hamburguesa,Porta Hamburguesa,Día de la Madre,23
Satelite,MEX,,06 SATELITE,1271,Caja Lounch,Caja Lounch,Día de la Madre,20
Satelite,MEX,,06 SATELITE,1419,servilletas,servilletas,Día de la Madre,435
Satelite,MEX,,06 SATELITE,1669,Bowl Sopa,Bowl Sopa,Día de la Madre,34
Satelite,MEX,,06 SATELITE,1670,Tapa Bowl Sopa,Tapa Bowl Sopa,Día de la Madre,34
Satelite,MEX,,06 SATELITE,1311,Espinaca,Espinaca,Día de la Madre,600
Satelite,MEX,,06 SATELITE,2381,Jitomate Saladed,Jitomate Saladed,Día de la Madre,3535
Satelite,MEX,,06 SATELITE,1289,Cilantro Insumo,Cilantro Insumo,Día de la Madre,116
Satelite,MEX,,06 SATELITE,1276,Cebolla Blanca Insumo,Cebolla Blanca Insumo,Día de la Madre,2160
Satelite,MEX,,06 SATELITE,1249,Arandano fresco Insumo,Arandano fresco Insumo,Día de la Madre,700
Satelite,MEX,,06 SATELITE,1257,Banano Criollo Insumo,Banano Criollo Insumo,Día de la Madre,1584
Satelite,MEX,,06 SATELITE,1312,Fresa Insumo,Fresa Insumo,Día de la Madre,2035
Satelite,MEX,,06 SATELITE,1391,Pina Miel Insumo,Pina Miel Insumo,Día de la Madre,1260
Satelite,MEX,,06 SATELITE,1374,Papaya Maradol Insumo,Papaya Maradol Insumo,Día de la Madre,1260
Satelite,MEX,,06 SATELITE,5319,Frosting Queso Crema y Yogurt,Frosting Queso Crema y Yogurt,Día de la Madre,680
Satelite,MEX,,06 SATELITE,1303,Crema acida,Crema acida,Día de la Madre,2400
Satelite,MEX,,06 SATELITE,5392,"Salsa ""Del Barça""","Salsa ""Del Barça""",Día de la Madre,900
Satelite,MEX,,06 SATELITE,3055,Salsa Burger con Jalapeño,Salsa Burger con Jalapeño,Día de la Madre,700
Satelite,MEX,,06 SATELITE,1362,Miel de maple,Miel de maple,Día de la Madre,6180
Satelite,MEX,,06 SATELITE,1836,Arrachera insumo,Arrachera insumo,Día de la Madre,5610
Satelite,MEX,,06 SATELITE,1491,Totopos,Totopos,Día de la Madre,14800
Satelite,MEX,,06 SATELITE,1511,Salsa Frutos Rojos,Salsa Frutos Rojos,Día de la Madre,200
Satelite,MEX,,06 SATELITE,1039,Jugo de Naranja,Jugo de Naranja,Día de la Madre,66
Satelite,MEX,,06 SATELITE,1117,Porcion de Fruta,Porcion de Fruta,Día de la Madre,10
Satelite,MEX,,06 SATELITE,1493,Guacamole,Guacamole,Día de la Madre,3900
Satelite,MEX,,06 SATELITE,3058,Mezcla mantequilla y aceite,Mezcla mantequilla y aceite,Día de la Madre,500
Satelite,MEX,,06 SATELITE,1503,Avena Preparada,Avena Preparada,Día de la Madre,720
Satelite,MEX,,06 SATELITE,1516,Pico de Gallo Produccion,Pico de Gallo Produccion,Día de la Madre,800
Satelite,MEX,,06 SATELITE,1515,Yogurt Griego Preparado,Yogurt Griego Preparado,Día de la Madre,1260
Satelite,MEX,,06 SATELITE,1504,Granola Produccion,Granola Produccion,Día de la Madre,245
Satelite,MEX,,06 SATELITE,1401,Queso Mozzarella,Queso Mozzarella,Día de la Madre,6780
Satelite,MEX,,06 SATELITE,2738,Queso Panela,Queso Panela,Día de la Madre,920
Satelite,MEX,,06 SATELITE,2540,Pan de Papa Fasfu 100 gr,Pan de Papa Fasfu 100 gr,Día de la Madre,21
Satelite,MEX,,06 SATELITE,1272,Cajeta Insumo,Cajeta Insumo,Día de la Madre,800
Satelite,MEX,,06 SATELITE,1327,Jamon De Cerdo Insumo,Jamon De Cerdo Insumo,Día de la Madre,880
Satelite,MEX,,06 SATELITE,1321,Hashbrown McCain,Hashbrown McCain,Día de la Madre,910
Satelite,MEX,,06 SATELITE,2187,Tarjeta Especial Insumo,Tarjeta Especial Insumo,Día de la Madre,23
Satelite,MEX,,06 SATELITE,1418,Semillas de chia Insumo,Semillas de chia Insumo,Día de la Madre,21
Ciudad Judicial,MEX,,26 CIUDAD JUDICIAL,1507,Mezcla Pancakes Tradicionales Liquida,Mezcla Pancakes Tradicionales Liquida,Día de la Madre,19240
Ciudad Judicial,MEX,,26 CIUDAD JUDICIAL,1505,Mezcla Pancakes Avena Liquida,Mezcla Pancakes Avena Liquida,Día de la Madre,7020
Ciudad Judicial,MEX,,26 CIUDAD JUDICIAL,5444,Chilaquiles verdes toppings default,Chilaquiles verdes toppings default,Día de la Madre,14
Ciudad Judicial,MEX,,26 CIUDAD JUDICIAL,5809,Pancakes Tradicionales Nuevos,Pancakes Tradicionales Nuevos,Día de la Madre,21
Ciudad Judicial,MEX,,26 CIUDAD JUDICIAL,2189,Tarjeta Dia de las Madres.🌷,Tarjeta Dia de las Madres.🌷,Día de la Madre,23
Ciudad Judicial,MEX,,26 CIUDAD JUDICIAL,6403,Pancakes de Cajeta y Plátano. 🆕,Pancakes de Cajeta y Plátano. 🆕,Día de la Madre,17
Ciudad Judicial,MEX,,26 CIUDAD JUDICIAL,6218,Croissant de Frutos Rojos,Croissant de Frutos Rojos,Día de la Madre,3
Ciudad Judicial,MEX,,26 CIUDAD JUDICIAL,1288,Chorizo Insumo,Chorizo Insumo,Día de la Madre,960
Ciudad Judicial,MEX,,26 CIUDAD JUDICIAL,1471,Frijol Refrito,Frijol Refrito,Día de la Madre,3120
Ciudad Judicial,MEX,,26 CIUDAD JUDICIAL,1532,Arroz Blanco Cocido,Arroz Blanco Cocido,Día de la Madre,4200
Ciudad Judicial,MEX,,26 CIUDAD JUDICIAL,6204,Salsa Verde UND 🆕,Salsa Verde UND 🆕,Día de la Madre,93
Ciudad Judicial,MEX,,26 CIUDAD JUDICIAL,6205,Salsa Roja UND 🆕,Salsa Roja UND 🆕,Día de la Madre,62
Ciudad Judicial,MEX,,26 CIUDAD JUDICIAL,1434,Tocineta,Tocineta,Día de la Madre,588
Ciudad Judicial,MEX,,26 CIUDAD JUDICIAL,1245,Almendra Fileteada Insumo,Almendra Fileteada Insumo,Día de la Madre,780
Ciudad Judicial,MEX,,26 CIUDAD JUDICIAL,1304,Croissant Grande,Croissant Grande,Día de la Madre,7
Ciudad Judicial,MEX,,26 CIUDAD JUDICIAL,1430,Tapa Bowl Kraft Chico,Tapa Bowl Kraft Chico,Día de la Madre,77
Ciudad Judicial,MEX,,26 CIUDAD JUDICIAL,1266,Bowl Kraft Chico,Bowl Kraft Chico,Día de la Madre,76
Ciudad Judicial,MEX,,26 CIUDAD JUDICIAL,1431,Tapa Bowl Kraft Grande,Tapa Bowl Kraft Grande,Día de la Madre,147
Ciudad Judicial,MEX,,26 CIUDAD JUDICIAL,1267,Bowl Kraft Grande,Bowl Kraft Grande,Día de la Madre,147
Ciudad Judicial,MEX,,26 CIUDAD JUDICIAL,1395,Porta Hamburguesa,Porta Hamburguesa,Día de la Madre,9
Ciudad Judicial,MEX,,26 CIUDAD JUDICIAL,1271,Caja Lounch,Caja Lounch,Día de la Madre,14
Ciudad Judicial,MEX,,26 CIUDAD JUDICIAL,1419,servilletas,servilletas,Día de la Madre,365
Ciudad Judicial,MEX,,26 CIUDAD JUDICIAL,1669,Bowl Sopa,Bowl Sopa,Día de la Madre,27
Ciudad Judicial,MEX,,26 CIUDAD JUDICIAL,1670,Tapa Bowl Sopa,Tapa Bowl Sopa,Día de la Madre,27
Ciudad Judicial,MEX,,26 CIUDAD JUDICIAL,1311,Espinaca,Espinaca,Día de la Madre,390
Ciudad Judicial,MEX,,26 CIUDAD JUDICIAL,2381,Jitomate Saladed,Jitomate Saladed,Día de la Madre,3115
Ciudad Judicial,MEX,,26 CIUDAD JUDICIAL,1289,Cilantro Insumo,Cilantro Insumo,Día de la Madre,115
Ciudad Judicial,MEX,,26 CIUDAD JUDICIAL,1276,Cebolla Blanca Insumo,Cebolla Blanca Insumo,Día de la Madre,2220
Ciudad Judicial,MEX,,26 CIUDAD JUDICIAL,1249,Arandano fresco Insumo,Arandano fresco Insumo,Día de la Madre,680
Ciudad Judicial,MEX,,26 CIUDAD JUDICIAL,1257,Banano Criollo Insumo,Banano Criollo Insumo,Día de la Madre,1512
Ciudad Judicial,MEX,,26 CIUDAD JUDICIAL,1312,Fresa Insumo,Fresa Insumo,Día de la Madre,1517
Ciudad Judicial,MEX,,26 CIUDAD JUDICIAL,1391,Pina Miel Insumo,Pina Miel Insumo,Día de la Madre,630
Ciudad Judicial,MEX,,26 CIUDAD JUDICIAL,1374,Papaya Maradol Insumo,Papaya Maradol Insumo,Día de la Madre,630
Ciudad Judicial,MEX,,26 CIUDAD JUDICIAL,5319,Frosting Queso Crema y Yogurt,Frosting Queso Crema y Yogurt,Día de la Madre,640
Ciudad Judicial,MEX,,26 CIUDAD JUDICIAL,1303,Crema acida,Crema acida,Día de la Madre,2010
Ciudad Judicial,MEX,,26 CIUDAD JUDICIAL,5392,"Salsa ""Del Barça""","Salsa ""Del Barça""",Día de la Madre,810
Ciudad Judicial,MEX,,26 CIUDAD JUDICIAL,3055,Salsa Burger con Jalapeño,Salsa Burger con Jalapeño,Día de la Madre,340
Ciudad Judicial,MEX,,26 CIUDAD JUDICIAL,1362,Miel de maple,Miel de maple,Día de la Madre,5940
Ciudad Judicial,MEX,,26 CIUDAD JUDICIAL,1836,Arrachera insumo,Arrachera insumo,Día de la Madre,5060
Ciudad Judicial,MEX,,26 CIUDAD JUDICIAL,1491,Totopos,Totopos,Día de la Madre,11900
Ciudad Judicial,MEX,,26 CIUDAD JUDICIAL,1511,Salsa Frutos Rojos,Salsa Frutos Rojos,Día de la Madre,160
Ciudad Judicial,MEX,,26 CIUDAD JUDICIAL,1039,Jugo de Naranja,Jugo de Naranja,Día de la Madre,62
Ciudad Judicial,MEX,,26 CIUDAD JUDICIAL,1117,Porcion de Fruta,Porcion de Fruta,Día de la Madre,7
Ciudad Judicial,MEX,,26 CIUDAD JUDICIAL,1493,Guacamole,Guacamole,Día de la Madre,2850
Ciudad Judicial,MEX,,26 CIUDAD JUDICIAL,3058,Mezcla mantequilla y aceite,Mezcla mantequilla y aceite,Día de la Madre,330
Ciudad Judicial,MEX,,26 CIUDAD JUDICIAL,1503,Avena Preparada,Avena Preparada,Día de la Madre,1440
Ciudad Judicial,MEX,,26 CIUDAD JUDICIAL,1516,Pico de Gallo Produccion,Pico de Gallo Produccion,Día de la Madre,560
Ciudad Judicial,MEX,,26 CIUDAD JUDICIAL,1515,Yogurt Griego Preparado,Yogurt Griego Preparado,Día de la Madre,1260
Ciudad Judicial,MEX,,26 CIUDAD JUDICIAL,1504,Granola Produccion,Granola Produccion,Día de la Madre,245
Ciudad Judicial,MEX,,26 CIUDAD JUDICIAL,1401,Queso Mozzarella,Queso Mozzarella,Día de la Madre,4380
Ciudad Judicial,MEX,,26 CIUDAD JUDICIAL,2738,Queso Panela,Queso Panela,Día de la Madre,828
Ciudad Judicial,MEX,,26 CIUDAD JUDICIAL,2540,Pan de Papa Fasfu 100 gr,Pan de Papa Fasfu 100 gr,Día de la Madre,11
Ciudad Judicial,MEX,,26 CIUDAD JUDICIAL,1272,Cajeta Insumo,Cajeta Insumo,Día de la Madre,800
Ciudad Judicial,MEX,,26 CIUDAD JUDICIAL,1327,Jamon De Cerdo Insumo,Jamon De Cerdo Insumo,Día de la Madre,400
Ciudad Judicial,MEX,,26 CIUDAD JUDICIAL,1321,Hashbrown McCain,Hashbrown McCain,Día de la Madre,650
Ciudad Judicial,MEX,,26 CIUDAD JUDICIAL,2187,Tarjeta Especial Insumo,Tarjeta Especial Insumo,Día de la Madre,23
Ciudad Judicial,MEX,,26 CIUDAD JUDICIAL,1418,Semillas de chia Insumo,Semillas de chia Insumo,Día de la Madre,21
Volcanes,MEX,,41 VOLCANES,1507,Mezcla Pancakes Tradicionales Liquida,Mezcla Pancakes Tradicionales Liquida,Día de la Madre,7800
Volcanes,MEX,,41 VOLCANES,1505,Mezcla Pancakes Avena Liquida,Mezcla Pancakes Avena Liquida,Día de la Madre,3780
Volcanes,MEX,,41 VOLCANES,5444,Chilaquiles verdes toppings default,Chilaquiles verdes toppings default,Día de la Madre,6
Volcanes,MEX,,41 VOLCANES,5809,Pancakes Tradicionales Nuevos,Pancakes Tradicionales Nuevos,Día de la Madre,7
Volcanes,MEX,,41 VOLCANES,2189,Tarjeta Dia de las Madres.🌷,Tarjeta Dia de las Madres.🌷,Día de la Madre,7
Volcanes,MEX,,41 VOLCANES,6403,Pancakes de Cajeta y Plátano. 🆕,Pancakes de Cajeta y Plátano. 🆕,Día de la Madre,5
Volcanes,MEX,,41 VOLCANES,6218,Croissant de Frutos Rojos,Croissant de Frutos Rojos,Día de la Madre,1
Volcanes,MEX,,41 VOLCANES,1288,Chorizo Insumo,Chorizo Insumo,Día de la Madre,1200
Volcanes,MEX,,41 VOLCANES,1471,Frijol Refrito,Frijol Refrito,Día de la Madre,4020
Volcanes,MEX,,41 VOLCANES,1532,Arroz Blanco Cocido,Arroz Blanco Cocido,Día de la Madre,5880
Volcanes,MEX,,41 VOLCANES,6204,Salsa Verde UND 🆕,Salsa Verde UND 🆕,Día de la Madre,83
Volcanes,MEX,,41 VOLCANES,6205,Salsa Roja UND 🆕,Salsa Roja UND 🆕,Día de la Madre,65
Volcanes,MEX,,41 VOLCANES,1434,Tocineta,Tocineta,Día de la Madre,924
Volcanes,MEX,,41 VOLCANES,1245,Almendra Fileteada Insumo,Almendra Fileteada Insumo,Día de la Madre,915
Volcanes,MEX,,41 VOLCANES,1304,Croissant Grande,Croissant Grande,Día de la Madre,6
Volcanes,MEX,,41 VOLCANES,1430,Tapa Bowl Kraft Chico,Tapa Bowl Kraft Chico,Día de la Madre,116
Volcanes,MEX,,41 VOLCANES,1266,Bowl Kraft Chico,Bowl Kraft Chico,Día de la Madre,115
Volcanes,MEX,,41 VOLCANES,1431,Tapa Bowl Kraft Grande,Tapa Bowl Kraft Grande,Día de la Madre,100
Volcanes,MEX,,41 VOLCANES,1267,Bowl Kraft Grande,Bowl Kraft Grande,Día de la Madre,101
Volcanes,MEX,,41 VOLCANES,1395,Porta Hamburguesa,Porta Hamburguesa,Día de la Madre,26
Volcanes,MEX,,41 VOLCANES,1271,Caja Lounch,Caja Lounch,Día de la Madre,15
Volcanes,MEX,,41 VOLCANES,1419,servilletas,servilletas,Día de la Madre,412
Volcanes,MEX,,41 VOLCANES,1669,Bowl Sopa,Bowl Sopa,Día de la Madre,33
Volcanes,MEX,,41 VOLCANES,1670,Tapa Bowl Sopa,Tapa Bowl Sopa,Día de la Madre,33
Volcanes,MEX,,41 VOLCANES,1311,Espinaca,Espinaca,Día de la Madre,640
Volcanes,MEX,,41 VOLCANES,2381,Jitomate Saladed,Jitomate Saladed,Día de la Madre,4725
Volcanes,MEX,,41 VOLCANES,1289,Cilantro Insumo,Cilantro Insumo,Día de la Madre,140
Volcanes,MEX,,41 VOLCANES,1276,Cebolla Blanca Insumo,Cebolla Blanca Insumo,Día de la Madre,3320
Volcanes,MEX,,41 VOLCANES,1249,Arandano fresco Insumo,Arandano fresco Insumo,Día de la Madre,360
Volcanes,MEX,,41 VOLCANES,1257,Banano Criollo Insumo,Banano Criollo Insumo,Día de la Madre,1188
Volcanes,MEX,,41 VOLCANES,1312,Fresa Insumo,Fresa Insumo,Día de la Madre,1443
Volcanes,MEX,,41 VOLCANES,1391,Pina Miel Insumo,Pina Miel Insumo,Día de la Madre,490
Volcanes,MEX,,41 VOLCANES,1374,Papaya Maradol Insumo,Papaya Maradol Insumo,Día de la Madre,490
Volcanes,MEX,,41 VOLCANES,5319,Frosting Queso Crema y Yogurt,Frosting Queso Crema y Yogurt,Día de la Madre,280
Volcanes,MEX,,41 VOLCANES,1303,Crema acida,Crema acida,Día de la Madre,2460
Volcanes,MEX,,41 VOLCANES,5392,"Salsa ""Del Barça""","Salsa ""Del Barça""",Día de la Madre,810
Volcanes,MEX,,41 VOLCANES,3055,Salsa Burger con Jalapeño,Salsa Burger con Jalapeño,Día de la Madre,800
Volcanes,MEX,,41 VOLCANES,1362,Miel de maple,Miel de maple,Día de la Madre,2640
Volcanes,MEX,,41 VOLCANES,1836,Arrachera insumo,Arrachera insumo,Día de la Madre,6270
Volcanes,MEX,,41 VOLCANES,1491,Totopos,Totopos,Día de la Madre,11200
Volcanes,MEX,,41 VOLCANES,1511,Salsa Frutos Rojos,Salsa Frutos Rojos,Día de la Madre,160
Volcanes,MEX,,41 VOLCANES,1039,Jugo de Naranja,Jugo de Naranja,Día de la Madre,36
Volcanes,MEX,,41 VOLCANES,1117,Porcion de Fruta,Porcion de Fruta,Día de la Madre,7
Volcanes,MEX,,41 VOLCANES,1493,Guacamole,Guacamole,Día de la Madre,3500
Volcanes,MEX,,41 VOLCANES,3058,Mezcla mantequilla y aceite,Mezcla mantequilla y aceite,Día de la Madre,630
Volcanes,MEX,,41 VOLCANES,1503,Avena Preparada,Avena Preparada,Día de la Madre,1080
Volcanes,MEX,,41 VOLCANES,1516,Pico de Gallo Produccion,Pico de Gallo Produccion,Día de la Madre,960
Volcanes,MEX,,41 VOLCANES,1515,Yogurt Griego Preparado,Yogurt Griego Preparado,Día de la Madre,1080
Volcanes,MEX,,41 VOLCANES,1504,Granola Produccion,Granola Produccion,Día de la Madre,175
Volcanes,MEX,,41 VOLCANES,1401,Queso Mozzarella,Queso Mozzarella,Día de la Madre,5700
Volcanes,MEX,,41 VOLCANES,2738,Queso Panela,Queso Panela,Día de la Madre,943
Volcanes,MEX,,41 VOLCANES,2540,Pan de Papa Fasfu 100 gr,Pan de Papa Fasfu 100 gr,Día de la Madre,19
Volcanes,MEX,,41 VOLCANES,1272,Cajeta Insumo,Cajeta Insumo,Día de la Madre,360
Volcanes,MEX,,41 VOLCANES,1327,Jamon De Cerdo Insumo,Jamon De Cerdo Insumo,Día de la Madre,640
Volcanes,MEX,,41 VOLCANES,1321,Hashbrown McCain,Hashbrown McCain,Día de la Madre,910
Volcanes,MEX,,41 VOLCANES,2187,Tarjeta Especial Insumo,Tarjeta Especial Insumo,Día de la Madre,7
Volcanes,MEX,,41 VOLCANES,1418,Semillas de chia Insumo,Semillas de chia Insumo,Día de la Madre,23
Montejo,MEX,,31 MONTEJO,1507,Mezcla Pancakes Tradicionales Liquida,Mezcla Pancakes Tradicionales Liquida,Día de la Madre,13520
Montejo,MEX,,31 MONTEJO,1505,Mezcla Pancakes Avena Liquida,Mezcla Pancakes Avena Liquida,Día de la Madre,5670
Montejo,MEX,,31 MONTEJO,5444,Chilaquiles verdes toppings default,Chilaquiles verdes toppings default,Día de la Madre,9
Montejo,MEX,,31 MONTEJO,5809,Pancakes Tradicionales Nuevos,Pancakes Tradicionales Nuevos,Día de la Madre,14
Montejo,MEX,,31 MONTEJO,2189,Tarjeta Dia de las Madres.🌷,Tarjeta Dia de las Madres.🌷,Día de la Madre,14
Montejo,MEX,,31 MONTEJO,6403,Pancakes de Cajeta y Plátano. 🆕,Pancakes de Cajeta y Plátano. 🆕,Día de la Madre,11
Montejo,MEX,,31 MONTEJO,6218,Croissant de Frutos Rojos,Croissant de Frutos Rojos,Día de la Madre,2
Montejo,MEX,,31 MONTEJO,1288,Chorizo Insumo,Chorizo Insumo,Día de la Madre,2160
Montejo,MEX,,31 MONTEJO,1471,Frijol Refrito,Frijol Refrito,Día de la Madre,6000
Montejo,MEX,,31 MONTEJO,1532,Arroz Blanco Cocido,Arroz Blanco Cocido,Día de la Madre,7800
Montejo,MEX,,31 MONTEJO,6204,Salsa Verde UND 🆕,Salsa Verde UND 🆕,Día de la Madre,135
Montejo,MEX,,31 MONTEJO,6205,Salsa Roja UND 🆕,Salsa Roja UND 🆕,Día de la Madre,79
Montejo,MEX,,31 MONTEJO,1434,Tocineta,Tocineta,Día de la Madre,966
Montejo,MEX,,31 MONTEJO,1245,Almendra Fileteada Insumo,Almendra Fileteada Insumo,Día de la Madre,765
Montejo,MEX,,31 MONTEJO,1304,Croissant Grande,Croissant Grande,Día de la Madre,6
Montejo,MEX,,31 MONTEJO,1430,Tapa Bowl Kraft Chico,Tapa Bowl Kraft Chico,Día de la Madre,102
Montejo,MEX,,31 MONTEJO,1266,Bowl Kraft Chico,Bowl Kraft Chico,Día de la Madre,101
Montejo,MEX,,31 MONTEJO,1431,Tapa Bowl Kraft Grande,Tapa Bowl Kraft Grande,Día de la Madre,132
Montejo,MEX,,31 MONTEJO,1267,Bowl Kraft Grande,Bowl Kraft Grande,Día de la Madre,132
Montejo,MEX,,31 MONTEJO,1395,Porta Hamburguesa,Porta Hamburguesa,Día de la Madre,27
Montejo,MEX,,31 MONTEJO,1271,Caja Lounch,Caja Lounch,Día de la Madre,17
Montejo,MEX,,31 MONTEJO,1419,servilletas,servilletas,Día de la Madre,493
Montejo,MEX,,31 MONTEJO,1669,Bowl Sopa,Bowl Sopa,Día de la Madre,36
Montejo,MEX,,31 MONTEJO,1670,Tapa Bowl Sopa,Tapa Bowl Sopa,Día de la Madre,36
Montejo,MEX,,31 MONTEJO,1311,Espinaca,Espinaca,Día de la Madre,580
Montejo,MEX,,31 MONTEJO,2381,Jitomate Saladed,Jitomate Saladed,Día de la Madre,5075
Montejo,MEX,,31 MONTEJO,1289,Cilantro Insumo,Cilantro Insumo,Día de la Madre,169
Montejo,MEX,,31 MONTEJO,1276,Cebolla Blanca Insumo,Cebolla Blanca Insumo,Día de la Madre,3580
Montejo,MEX,,31 MONTEJO,1249,Arandano fresco Insumo,Arandano fresco Insumo,Día de la Madre,480
Montejo,MEX,,31 MONTEJO,1257,Banano Criollo Insumo,Banano Criollo Insumo,Día de la Madre,1368
Montejo,MEX,,31 MONTEJO,1312,Fresa Insumo,Fresa Insumo,Día de la Madre,1332
Montejo,MEX,,31 MONTEJO,1391,Pina Miel Insumo,Pina Miel Insumo,Día de la Madre,560
Montejo,MEX,,31 MONTEJO,1374,Papaya Maradol Insumo,Papaya Maradol Insumo,Día de la Madre,560
Montejo,MEX,,31 MONTEJO,5319,Frosting Queso Crema y Yogurt,Frosting Queso Crema y Yogurt,Día de la Madre,440
Montejo,MEX,,31 MONTEJO,1303,Crema acida,Crema acida,Día de la Madre,2700
Montejo,MEX,,31 MONTEJO,5392,"Salsa ""Del Barça""","Salsa ""Del Barça""",Día de la Madre,1530
Montejo,MEX,,31 MONTEJO,3055,Salsa Burger con Jalapeño,Salsa Burger con Jalapeño,Día de la Madre,720
Montejo,MEX,,31 MONTEJO,1362,Miel de maple,Miel de maple,Día de la Madre,4380
Montejo,MEX,,31 MONTEJO,1836,Arrachera insumo,Arrachera insumo,Día de la Madre,9020
Montejo,MEX,,31 MONTEJO,1491,Totopos,Totopos,Día de la Madre,13800
Montejo,MEX,,31 MONTEJO,1511,Salsa Frutos Rojos,Salsa Frutos Rojos,Día de la Madre,120
Montejo,MEX,,31 MONTEJO,1039,Jugo de Naranja,Jugo de Naranja,Día de la Madre,52
Montejo,MEX,,31 MONTEJO,1117,Porcion de Fruta,Porcion de Fruta,Día de la Madre,12
Montejo,MEX,,31 MONTEJO,1493,Guacamole,Guacamole,Día de la Madre,5650
Montejo,MEX,,31 MONTEJO,3058,Mezcla mantequilla y aceite,Mezcla mantequilla y aceite,Día de la Madre,570
Montejo,MEX,,31 MONTEJO,1503,Avena Preparada,Avena Preparada,Día de la Madre,1080
Montejo,MEX,,31 MONTEJO,1516,Pico de Gallo Produccion,Pico de Gallo Produccion,Día de la Madre,920
Montejo,MEX,,31 MONTEJO,1515,Yogurt Griego Preparado,Yogurt Griego Preparado,Día de la Madre,540
Montejo,MEX,,31 MONTEJO,1504,Granola Produccion,Granola Produccion,Día de la Madre,140
Montejo,MEX,,31 MONTEJO,1401,Queso Mozzarella,Queso Mozzarella,Día de la Madre,8910
Montejo,MEX,,31 MONTEJO,2738,Queso Panela,Queso Panela,Día de la Madre,1058
Montejo,MEX,,31 MONTEJO,2540,Pan de Papa Fasfu 100 gr,Pan de Papa Fasfu 100 gr,Día de la Madre,19
Montejo,MEX,,31 MONTEJO,1272,Cajeta Insumo,Cajeta Insumo,Día de la Madre,560
Montejo,MEX,,31 MONTEJO,1327,Jamon De Cerdo Insumo,Jamon De Cerdo Insumo,Día de la Madre,680
Montejo,MEX,,31 MONTEJO,1321,Hashbrown McCain,Hashbrown McCain,Día de la Madre,1560
Montejo,MEX,,31 MONTEJO,2187,Tarjeta Especial Insumo,Tarjeta Especial Insumo,Día de la Madre,14
Montejo,MEX,,31 MONTEJO,1418,Semillas de chia Insumo,Semillas de chia Insumo,Día de la Madre,11
Canek,MEX,,37 CANEK,1507,Mezcla Pancakes Tradicionales Liquida,Mezcla Pancakes Tradicionales Liquida,Día de la Madre,5980
Canek,MEX,,37 CANEK,1505,Mezcla Pancakes Avena Liquida,Mezcla Pancakes Avena Liquida,Día de la Madre,2160
Canek,MEX,,37 CANEK,5444,Chilaquiles verdes toppings default,Chilaquiles verdes toppings default,Día de la Madre,3
Canek,MEX,,37 CANEK,5809,Pancakes Tradicionales Nuevos,Pancakes Tradicionales Nuevos,Día de la Madre,5
Canek,MEX,,37 CANEK,2189,Tarjeta Dia de las Madres.🌷,Tarjeta Dia de las Madres.🌷,Día de la Madre,3
Canek,MEX,,37 CANEK,6403,Pancakes de Cajeta y Plátano. 🆕,Pancakes de Cajeta y Plátano. 🆕,Día de la Madre,3
Canek,MEX,,37 CANEK,6218,Croissant de Frutos Rojos,Croissant de Frutos Rojos,Día de la Madre,1
Canek,MEX,,37 CANEK,1288,Chorizo Insumo,Chorizo Insumo,Día de la Madre,880
Canek,MEX,,37 CANEK,1471,Frijol Refrito,Frijol Refrito,Día de la Madre,3900
Canek,MEX,,37 CANEK,1532,Arroz Blanco Cocido,Arroz Blanco Cocido,Día de la Madre,5360
Canek,MEX,,37 CANEK,6204,Salsa Verde UND 🆕,Salsa Verde UND 🆕,Día de la Madre,101
Canek,MEX,,37 CANEK,6205,Salsa Roja UND 🆕,Salsa Roja UND 🆕,Día de la Madre,74
Canek,MEX,,37 CANEK,1434,Tocineta,Tocineta,Día de la Madre,798
Canek,MEX,,37 CANEK,1245,Almendra Fileteada Insumo,Almendra Fileteada Insumo,Día de la Madre,435
Canek,MEX,,37 CANEK,1304,Croissant Grande,Croissant Grande,Día de la Madre,3
Canek,MEX,,37 CANEK,1430,Tapa Bowl Kraft Chico,Tapa Bowl Kraft Chico,Día de la Madre,73
Canek,MEX,,37 CANEK,1266,Bowl Kraft Chico,Bowl Kraft Chico,Día de la Madre,73
Canek,MEX,,37 CANEK,1431,Tapa Bowl Kraft Grande,Tapa Bowl Kraft Grande,Día de la Madre,90
Canek,MEX,,37 CANEK,1267,Bowl Kraft Grande,Bowl Kraft Grande,Día de la Madre,90
Canek,MEX,,37 CANEK,1395,Porta Hamburguesa,Porta Hamburguesa,Día de la Madre,22
Canek,MEX,,37 CANEK,1271,Caja Lounch,Caja Lounch,Día de la Madre,11
Canek,MEX,,37 CANEK,1419,servilletas,servilletas,Día de la Madre,344
Canek,MEX,,37 CANEK,1669,Bowl Sopa,Bowl Sopa,Día de la Madre,25
Canek,MEX,,37 CANEK,1670,Tapa Bowl Sopa,Tapa Bowl Sopa,Día de la Madre,25
Canek,MEX,,37 CANEK,1311,Espinaca,Espinaca,Día de la Madre,350
Canek,MEX,,37 CANEK,2381,Jitomate Saladed,Jitomate Saladed,Día de la Madre,3605
Canek,MEX,,37 CANEK,1289,Cilantro Insumo,Cilantro Insumo,Día de la Madre,123
Canek,MEX,,37 CANEK,1276,Cebolla Blanca Insumo,Cebolla Blanca Insumo,Día de la Madre,3300
Canek,MEX,,37 CANEK,1249,Arandano fresco Insumo,Arandano fresco Insumo,Día de la Madre,260
Canek,MEX,,37 CANEK,1257,Banano Criollo Insumo,Banano Criollo Insumo,Día de la Madre,720
Canek,MEX,,37 CANEK,1312,Fresa Insumo,Fresa Insumo,Día de la Madre,1110
Canek,MEX,,37 CANEK,1391,Pina Miel Insumo,Pina Miel Insumo,Día de la Madre,560
Canek,MEX,,37 CANEK,1374,Papaya Maradol Insumo,Papaya Maradol Insumo,Día de la Madre,560
Canek,MEX,,37 CANEK,5319,Frosting Queso Crema y Yogurt,Frosting Queso Crema y Yogurt,Día de la Madre,280
Canek,MEX,,37 CANEK,1303,Crema acida,Crema acida,Día de la Madre,1770
Canek,MEX,,37 CANEK,5392,"Salsa ""Del Barça""","Salsa ""Del Barça""",Día de la Madre,1230
Canek,MEX,,37 CANEK,3055,Salsa Burger con Jalapeño,Salsa Burger con Jalapeño,Día de la Madre,600
Canek,MEX,,37 CANEK,1362,Miel de maple,Miel de maple,Día de la Madre,1800
Canek,MEX,,37 CANEK,1836,Arrachera insumo,Arrachera insumo,Día de la Madre,6380
Canek,MEX,,37 CANEK,1491,Totopos,Totopos,Día de la Madre,11900
Canek,MEX,,37 CANEK,1511,Salsa Frutos Rojos,Salsa Frutos Rojos,Día de la Madre,120
Canek,MEX,,37 CANEK,1039,Jugo de Naranja,Jugo de Naranja,Día de la Madre,20
Canek,MEX,,37 CANEK,1117,Porcion de Fruta,Porcion de Fruta,Día de la Madre,7
Canek,MEX,,37 CANEK,1493,Guacamole,Guacamole,Día de la Madre,3550
Canek,MEX,,37 CANEK,3058,Mezcla mantequilla y aceite,Mezcla mantequilla y aceite,Día de la Madre,480
Canek,MEX,,37 CANEK,1503,Avena Preparada,Avena Preparada,Día de la Madre,720
Canek,MEX,,37 CANEK,1516,Pico de Gallo Produccion,Pico de Gallo Produccion,Día de la Madre,920
Canek,MEX,,37 CANEK,1515,Yogurt Griego Preparado,Yogurt Griego Preparado,Día de la Madre,540
Canek,MEX,,37 CANEK,1504,Granola Produccion,Granola Produccion,Día de la Madre,105
Canek,MEX,,37 CANEK,1401,Queso Mozzarella,Queso Mozzarella,Día de la Madre,4500
Canek,MEX,,37 CANEK,2738,Queso Panela,Queso Panela,Día de la Madre,736
Canek,MEX,,37 CANEK,2540,Pan de Papa Fasfu 100 gr,Pan de Papa Fasfu 100 gr,Día de la Madre,12
Canek,MEX,,37 CANEK,1272,Cajeta Insumo,Cajeta Insumo,Día de la Madre,240
Canek,MEX,,37 CANEK,1327,Jamon De Cerdo Insumo,Jamon De Cerdo Insumo,Día de la Madre,560
Canek,MEX,,37 CANEK,1321,Hashbrown McCain,Hashbrown McCain,Día de la Madre,390
Canek,MEX,,37 CANEK,2187,Tarjeta Especial Insumo,Tarjeta Especial Insumo,Día de la Madre,3
Canek,MEX,,37 CANEK,1418,Semillas de chia Insumo,Semillas de chia Insumo,Día de la Madre,9